D1_mission_effectiveness,D2_resource_efficiency,D3_safety_reliability,D5_online_deployability,constraint_free_rate,distance_efficiency,domain,energy_efficiency,high_priority_coverage,map_id,mean_safe_distance_m,mean_safe_energy_wh,mean_safe_time_s,model,online_planning_efficiency,oracle_attainment,planning_scaling_ratio_24_to_16,planning_time_median_16_s,planning_time_median_24_s,planning_time_p95_s,return_rate,safe_rate,scaling_efficiency,soc_utility,task_count,time_efficiency,weighted_coverage
0.5883452881137368,0.36778196667879975,0.9229023072139944,0.5008990086443253,1.0,0.19318412745481162,real,0.3096133178300916,0.5286111111111113,cn_guizhou_karst,6336.61018409251,34.25404538524066,738.3900214804063,a2c_pointer,0.5423582540198757,0.8404162998472369,2.4742629063149324,0.7651961500000013,1.8932964500000002,1.9962963600000003,1.0,1.0,0.404160769434708,0.44828820999652336,18,0.5278031839364119,0.49217687074829936
0.5953566759395813,0.36055102401135447,0.9252711630615457,0.4925125912905175,1.0,0.11565681567722816,real,0.34217782032595717,0.5553703703703703,cn_hengduan,6305.522773240811,35.848915434178984,761.6700643674939,a2c_pointer,0.5254901064515967,0.8433692585580231,2.4063620984661043,0.7132819500000025,1.7164146500000008,2.119975129999998,1.0,1.0,0.41556505591466614,0.45992844693552215,18,0.5296864574449061,0.491343537414966
0.632649855972703,0.3513160966981134,0.916867380668422,0.5561513469554293,1.0,0.2430841667102969,real,0.3077863936325062,0.62,cn_qinling,3869.232475130298,23.329255664221108,501.3520289110807,a2c_pointer,0.5961996268056065,0.8665858184486347,2.1612025385234293,0.6363305499999967,1.3752392000000029,1.6333874099999988,1.0,1.0,0.4627053606383496,0.41982202719301887,18,0.45704954312290497,0.5220068027210885
0.5935880321773459,0.35921454678707215,0.919500920999538,0.5346900922256966,1.0,0.23199715143633615,real,0.30441985244471015,0.5441666666666667,cn_taihang,4533.477927967138,25.376494758254296,550.5584694643512,a2c_pointer,0.5561891244177719,0.8356134665778642,2.0638740803246427,0.7753958999999995,1.6003194999999977,1.8985540250000048,1.0,1.0,0.4845256837775211,0.43203774015909124,18,0.48667077643084894,0.4972859977324263
0.6165621478383427,0.36065894051491476,0.9215262735600465,0.5352621987942497,1.0,0.17658122219049732,real,0.3192730765666641,0.5900925925925925,global_alps,5747.687873122037,32.427735052394276,693.0227180321422,a2c_pointer,0.5548557113503063,0.8641010100986473,2.042717292457612,0.7718911500000019,1.5767553999999961,1.9078366499999924,1.0,1.0,0.4895440028301179,0.44164896667850206,18,0.5119201454223951,0.5060274943310658
0.6086107688920964,0.4062169005799046,0.9245027817943695,0.4412114555909687,1.0,0.29660631408115484,real,0.36570390253289004,0.5122222222222221,global_colorado_rockies,4036.7386863226307,25.56478280999315,544.8060183585853,a2c_pointer,0.45543711909054885,0.8698852524391342,2.450870819257326,0.7041242999999966,1.7257176999999828,2.6906579849999996,1.0,1.0,0.40801824075861515,0.4561232632380545,18,0.5101723904327611,0.5261678004535147
0.5648420788641522,0.38062968499351885,0.9250870024390112,0.477608381708169,1.0,0.3578986563392037,real,0.33217342679030026,0.43296296296296294,global_peruvian_andes,4836.893820028292,29.42318536641295,624.1457750327572,a2c_pointer,0.4859730793887982,0.8310368717680223,2.1829735521481983,0.8720462499999968,1.903653900000009,2.430077044999998,1.0,1.0,0.45809075378670083,0.4590138514070918,18,0.437235803830282,0.4976842403628118
0.6002430034349002,0.3514244673824215,0.9247968928677937,0.534583120693277,1.0,0.18146676879215395,real,0.33237214228112605,0.5731481481481482,global_southern_alps_nz,5302.87325187397,29.757950378789133,639.9420417865763,a2c_pointer,0.5402037134603489,0.8539009630971215,1.9176617257638182,0.7948648499999962,1.5242818999999912,2.011816369999988,1.0,1.0,0.5214684042367759,0.45757640233068486,18,0.4743188134649723,0.48696145124716556
0.6402385975469271,0.36050425548796927,0.9214056776769534,0.16732206575637856,1.0,0.19893907660192506,real,0.29753776215234073,0.515462962962963,cn_guizhou_karst,6228.44423581694,35.08542865497842,752.6991309206969,aco,0.0,0.9473054861816621,1.7929494155110475,33.671239650000004,60.37082944999992,75.89975684000004,1.0,1.0,0.5577402191879286,0.4410713413356052,18,0.5165781739604218,0.5490929705215418
0.6828657960927453,0.3348013316961515,0.9222460837587453,0.16883580452197516,1.0,0.095496017031514,real,0.31111995176735735,0.6477777777777778,cn_hengduan,6413.660182220637,37.5559006740894,795.8718827724765,aco,0.0,0.9622908487700743,1.7768742883027093,36.0742381,64.09938614999999,85.17910270499996,1.0,1.0,0.5627860150732505,0.4451108667279665,18,0.5050883607992449,0.5606972789115646
0.7014795116035336,0.35178117473751364,0.915773059566283,0.16172718060811056,1.0,0.26059017645577076,real,0.29762966433973853,0.6982407407407407,cn_qinling,3743.5644414750277,23.9034045708426,510.5177619655377,aco,0.0,0.9533802535191988,1.8549757614766402,31.92565565000018,59.22131740000009,86.37566393500006,1.0,1.0,0.5390906020270352,0.4148380957119296,18,0.45615812026165614,0.5771485260770974
0.6594971185653766,0.34886787243062695,0.917667388532354,0.15836547742932477,1.0,0.22766113975365357,real,0.2917682806035162,0.5679629629629629,cn_taihang,4506.598803455283,26.360090912813433,569.1461046709738,aco,0.0,0.9501842414572739,1.894352259531335,34.01880469999992,64.44359955000004,76.36967954999984,1.0,1.0,0.527884924764416,0.4234995790952098,18,0.47458422320245724,0.5599206349206349
0.6738284984326015,0.34918372667499914,0.9191886266175691,0.14921323591647154,1.0,0.18242560073055072,real,0.2971036777706922,0.6162037037037037,global_alps,5710.769485918995,33.703728939193006,717.2957928675132,aco,0.0,0.9575399952421216,2.010545499917566,34.06417929999998,68.48758240000006,83.44966672500001,1.0,1.0,0.49737745305490516,0.43057263085559644,18,0.49897759818154797,0.5607851473922902
0.6870080951560236,0.40395822233225276,0.9238798853380182,0.1238790033648079,1.0,0.30831759105773265,real,0.3583399976026445,0.6236111111111111,global_colorado_rockies,3889.834808665423,25.91774318834227,549.3432235794207,aco,0.0,0.9618050563610557,2.421717900946766,24.830064900000252,60.131412650000584,89.65773219999996,1.0,1.0,0.41293001121602635,0.45305937106488514,18,0.503649563517235,0.5813081065759637
0.6229401782745618,0.38004276544347587,0.924683421491099,0.18008083287309665,1.0,0.36158098240485814,real,0.3348784284260597,0.4939814814814814,global_peruvian_andes,4769.782119141439,29.653421722494542,627.4096406236044,aco,0.0,0.9079266239070155,1.6659185500958376,28.576740799999698,47.60652260000006,83.39815027499989,1.0,1.0,0.6002694429103221,0.4570152719272168,18,0.43110017473285117,0.5449263038548753
0.6605606175518768,0.34493204144812817,0.9230821173286622,0.14691575088419404,1.0,0.1894890693026291,real,0.31760085503292296,0.6048148148148148,global_southern_alps_nz,5238.089030164341,30.727245612677912,657.7294131852826,aco,0.0,0.9463023719459804,2.041986636521187,34.07311870000012,69.57685305000041,80.27780867999982,1.0,1.0,0.48971916961398015,0.44916238120317814,18,0.4659986871523696,0.545562641723356
0.5835363805107344,0.37117940716215536,0.9233166705611323,0.4876940179984999,1.0,0.19908713814339285,real,0.3140267026858248,0.49731481481481477,cn_guizhou_karst,6282.647450551965,34.021711256012495,733.8210961679493,full,0.5262551634055057,0.8493278727610027,2.51434425825615,0.761039700000012,1.9135158000000132,2.1142567000000154,1.0,1.0,0.3977180120488196,0.45030499931274004,18,0.5287456917156713,0.4937514172335601
0.6025662700221267,0.35599962290035814,0.924832204310212,0.4842091186716789,1.0,0.11314044130528125,real,0.3366844420829281,0.5460185185185185,cn_hengduan,6309.002385213948,36.099740229040336,766.8739942622129,full,0.5157510222914888,0.8605787611164737,2.4353930199125773,0.7142761499999892,1.739543150000003,2.1936943000000015,1.0,1.0,0.41061134355878903,0.4577511483690173,18,0.5246873946125326,0.5018339002267573
0.6191692460444067,0.353808287807182,0.9171037706378293,0.548475861141117,1.0,0.24775301233870384,real,0.3102140945723083,0.5878703703703703,cn_qinling,3839.515080639526,23.204418427242985,498.41356262809364,full,0.575165223766835,0.8584466364829932,2.0567638789447122,0.6542743499999943,1.3456878500000187,1.7696177150000152,1.0,1.0,0.48620068168110847,0.42090568376400955,18,0.45823775405549516,0.5151799886621315
0.590745984242675,0.357896100342584,0.9193213860793908,0.5079969381393904,1.0,0.2328235816469254,real,0.30414560650967004,0.5220370370370371,cn_taihang,4508.403349915035,25.47358808308707,551.9505827465067,full,0.547821146500393,0.8420608455118945,2.40921020652832,0.7344514999999774,1.7694480499999798,1.9573025000000086,1.0,1.0,0.4150737852970511,0.4311949161588067,18,0.4830981066311703,0.4994430272108843
0.6111682890574348,0.36106753735598485,0.9212271017306141,0.5386500983293039,1.0,0.18035999410033743,real,0.31831426359450504,0.5679629629629629,global_alps,5729.308468659275,32.592668330488685,696.0765212157469,full,0.551337385223696,0.8639324154889987,1.964457352432692,0.815825550000028,1.6026544999999999,1.9324726149999663,1.0,1.0,0.5090464289090556,0.4402172541950436,18,0.5114188664320594,0.5063888888888889
0.5880930951858728,0.413668787372999,0.9250058545973429,0.4520082636629713,1.0,0.3086518512043701,real,0.3718814538096079,0.46499999999999997,global_colorado_rockies,3969.4815662518813,25.278153224590845,538.2274266141981,full,0.4594591325868962,0.8551926755280724,2.3008451544189112,0.7213592999999889,1.6597360499999922,2.655235014999991,1.0,1.0,0.43462290284048016,0.45861136727800517,18,0.5158682893463592,0.5160898526077096
0.5608485967004266,0.3805120290892151,0.9249110577348953,0.4718898049668536,1.0,0.35874294206002993,real,0.33204628318194895,0.41685185185185186,global_peruvian_andes,4809.004252241975,29.523670131527,625.2526321284605,full,0.4804477495332353,0.8329682719113057,2.2127748163091074,0.9114565499999969,2.016848099999976,2.4758250849999937,1.0,1.0,0.45192126764529655,0.4581415878210323,18,0.4365252361513137,0.4967871315192744
0.5967925797401826,0.35091797080125225,0.9245947680574722,0.5248132797917515,1.0,0.18285154047771904,real,0.33170773048721486,0.5487037037037036,global_southern_alps_nz,5283.612992013794,29.873046916868855,641.7962490213537,full,0.5518362904073154,0.858310719565417,2.165629096217614,0.7999376500000039,1.7323682499999506,1.9289665300000052,1.0,1.0,0.46175958835543585,0.45657730043763173,18,0.4727684500282432,0.49007794784580505
0.6653415532879818,0.342116744880341,0.9182532769680141,0.10745476448517897,1.0,0.19648998447369975,real,0.2670178224441315,0.5013888888888889,cn_guizhou_karst,6264.286206894571,36.7973157027794,783.4718945742239,milp,0.0,1.0,2.7918724817583906,5.026386750000003,14.03303085,26.30390134499999,1.0,1.0,0.3581825482839299,0.42621121071233287,18,0.498845027266175,0.5799886621315192
0.7027140022675735,0.3289783457155348,0.920873614078501,0.134537816181915,1.0,0.09655187747437004,real,0.29911978449270854,0.6402777777777778,cn_hengduan,6394.09051960798,38.31390211618736,810.2020402993784,milp,0.0,0.9999999999999998,2.2298563222875245,4.6327923000000055,10.330461199999974,36.937372604999965,1.0,1.0,0.44845938727305,0.43853099309864396,18,0.5003711294362357,0.5852891156462584
0.7299237055933483,0.33845663226457934,0.9143773221202874,0.06711359710895169,1.0,0.26591837051782663,real,0.279939903291041,0.7101851851851851,cn_qinling,3700.6036771971612,24.62679085538923,523.3660391884429,milp,0.0,0.9999999999999998,4.470033091997473,2.4864168499999835,11.114365600000042,19.073357810000033,1.0,1.0,0.22371199036317233,0.4085587008807956,18,0.4349951837081459,0.6047548185941043
0.6805945294784556,0.33395278412864776,0.9160738005709865,0.05580433996121808,1.0,0.2246026750967305,real,0.27049824030187986,0.5620370370370371,cn_taihang,4515.416955476565,27.200720855749918,585.3906024730172,milp,0.0,0.9907407407407308,5.375925962183026,5.35272939999993,28.775876949999997,42.57097242499999,1.0,1.0,0.1860144665373936,0.4162024441738861,18,0.4578193281220179,0.5848001700680272
0.7018105158730159,0.3386326086931517,0.9173091578251424,0.08837308704272742,1.0,0.18340845507277626,real,0.278400227694948,0.6291666666666667,global_alps,5712.240996580838,34.70866116666077,735.6548212599794,milp,0.0,1.0,3.3946986581441165,4.08403770000001,13.86407730000002,28.919457060000024,1.0,1.0,0.2945769568090914,0.42184926082549423,18,0.48835103807931446,0.5890376984126984
0.6815385429784785,0.40422318070202584,0.9236992504027305,0.08591239484584906,1.0,0.31293647200190233,real,0.35675980453481243,0.5773148148148147,global_colorado_rockies,3831.5334104480953,26.019698946566386,550.3794568423159,milp,0.0,0.9714584047181467,3.4919291976237443,3.1161213999999404,10.88127529999997,60.546769654999956,1.0,1.0,0.28637464948616353,0.4521743384414118,18,0.5028078277859147,0.5886904761904762
0.6363186561463441,0.37134061787887546,0.9239485073931373,0.06721052425681213,1.0,0.3545697593642596,real,0.32552052522578034,0.4972222222222222,global_peruvian_andes,4787.105730689749,30.070362112200193,635.8038286700873,milp,0.0,0.9324628332021566,4.463586667672711,13.607415699999933,60.73787930000003,60.85192979500009,1.0,1.0,0.22403508085604046,0.453395997711022,18,0.42191498552196866,0.5577947845804988
0.6823753672615996,0.3295392956362655,0.9212398086630982,0.0955069445099744,1.0,0.18816178968559302,real,0.29753559291767,0.5939814814814814,global_southern_alps_nz,5238.60728289138,31.750728715790988,676.6500588415381,milp,0.0,0.9892473118279557,3.141132841587965,7.165767999999957,22.508629199999973,44.38633361999995,1.0,1.0,0.3183564816999147,0.44027797926643264,18,0.44590347673420677,0.5731363378684807
0.4820263921758827,0.36390271193595564,0.9210540274963693,0.2558905822935426,1.0,0.21005538784410596,real,0.2978992693324159,0.31712962962962965,cn_guizhou_karst,6213.547524870931,35.279015365288636,751.7912790390677,nearest_feasible,0.2204267340923206,0.7495246919083685,2.9529922486847853,1.7575920499999995,5.1901557,5.483983434999996,1.0,1.0,0.33863956142972734,0.43939090114194024,18,0.5178103017714588,0.4307256235827664
0.572771126672478,0.33991349478884636,0.922315856813567,0.28817031078912286,1.0,0.10754827040431436,real,0.3120726456932855,0.42592592592592593,cn_hengduan,6321.445252795747,37.51709372914501,793.5790411648175,nearest_feasible,0.24145207376049815,0.853636471920449,2.5177531145280097,1.8247347500000046,4.5942316000000005,5.165187110000003,1.0,1.0,0.3971795305225806,0.4454477325694977,18,0.5095025029877944,0.5057610544217687
0.5675281939423144,0.3616542888978328,0.9169452534988576,0.4062475272572569,1.0,0.2775137154549555,real,0.3059515962745704,0.44583333333333336,cn_qinling,3704.2616053105844,23.28816311043508,498.2067181159952,nearest_feasible,0.3834589005945733,0.8230747939098471,2.176652836765735,1.4608203000000088,3.1796986499999917,3.385926920000018,1.0,1.0,0.4594209894701854,0.4201787333890782,18,0.46298200334498574,0.5006023242630385
0.541943022705951,0.35784047571406735,0.9187480093730371,0.3299560237309055,1.0,0.23840151881476487,real,0.29901262483823987,0.45694444444444443,cn_taihang,4521.0023391053855,25.782532396900862,557.6283836733855,nearest_feasible,0.29430072240358496,0.7799319547693819,2.420418299295513,1.7209974000000017,4.165533600000003,4.431378459999996,1.0,1.0,0.41315172682798673,0.42851310787917307,18,0.48396419329248047,0.4654478458049886
0.5561921048852395,0.3551974143782601,0.9198737318751767,0.33349447223768247,1.0,0.19200745068419103,real,0.3013896156556746,0.4134259259259259,global_alps,5630.215031012671,33.33278469154878,708.4057622816212,nearest_feasible,0.28956882588103827,0.8334229924812452,2.293642966081063,1.780235900000008,4.083225550000009,4.493357054999995,1.0,1.0,0.43598764706985244,0.4337926330052857,18,0.5042729655693154,0.48895975056689345
0.5715969141297546,0.41515586400137966,0.9245371065778751,0.2637331518025319,1.0,0.3214530884245541,real,0.36866381906988926,0.3787037037037037,global_colorado_rockies,3817.3272238617096,25.545270582658745,541.0891356216546,nearest_feasible,0.21771926803330366,0.8676896217495549,2.6946995862401755,1.8041383999999994,4.861611000000011,5.526215824999996,1.0,1.0,0.37109888059739776,0.45629264021144356,18,0.5144006380519497,0.5199971655328798
0.5383309150514527,0.3825303168182835,0.9250495533425639,0.28638521328410005,1.0,0.3662937602514102,real,0.3351191941944116,0.37916666666666665,global_peruvian_andes,4728.4582025847785,29.444587541953563,623.1762757894917,nearest_feasible,0.2314901037849071,0.8112743404779196,2.412697726360066,2.0051196000000004,4.837747500000006,5.314232719999994,1.0,1.0,0.41447380211555024,0.4588280686333018,18,0.4341628969684672,0.4814413265306123
0.5569664462615195,0.33797171484251054,0.9228522157415432,0.3108815038606395,1.0,0.17931714534945786,real,0.3135894842098994,0.45231481481481484,global_southern_alps_nz,5263.403458807674,30.855972952761686,659.8931331442654,nearest_feasible,0.26692312379926564,0.8118888387119887,2.4186659636099983,1.8390173000000232,4.447968550000013,4.799905219999976,1.0,1.0,0.4134510573371787,0.448044956376062,18,0.4584652725792031,0.4818310657596372
0.5788448998565594,0.3659843175426177,0.9226147171704044,0.4643800949698542,1.0,0.19398595675415775,real,0.3077455040934652,0.4910185185185184,cn_guizhou_karst,6324.2307861330955,34.41474653850464,741.1003052738355,no_domain_randomization,0.5059054592842169,0.8430175434927533,2.721180413224397,0.7479617999999846,2.0353390000000218,2.269990119999963,1.0,1.0,0.36748757823634126,0.44689323470777353,18,0.5244422548034136,0.490671768707483
0.6078311384844546,0.347718738629621,0.9241892967230148,0.4809997182524698,1.0,0.10766323618448624,real,0.32680274633629336,0.5480555555555555,cn_hengduan,6331.774714629594,36.46517456505238,774.1497803446568,no_domain_randomization,0.4880163357037751,0.8708625357972286,2.1522612445178337,0.8812127500000031,1.8966000499999893,2.413312434999966,1.0,1.0,0.4646276108660906,0.4545789753133573,18,0.5160549209144918,0.506203231292517
0.6150521904045798,0.34876500379176445,0.9167879463808722,0.547089545192985,1.0,0.24144241879622655,real,0.3044868241903174,0.5723148148148147,cn_qinling,3878.5472154144963,23.371139830302017,502.3028323490197,no_domain_randomization,0.5723750130175311,0.8581802279826429,2.048801970113186,0.6492012500000044,1.3300847999999519,1.788210339999975,1.0,1.0,0.4880901202690444,0.41945844936245547,18,0.45458502656524186,0.5148568594104308
0.569712806785353,0.3584815392826104,0.9192307818035705,0.5077540556214745,1.0,0.23337980980481998,real,0.30419554584950187,0.49574074074074065,cn_taihang,4518.741543377389,25.522522547511613,552.7893802553732,no_domain_randomization,0.5396419770808296,0.8151087857203991,2.3076093817097143,0.7425064500000076,1.7134148499999924,2.015875975,1.0,1.0,0.433348905549646,0.43077013782178813,18,0.48417036446019934,0.4840008503401362
0.6128132832397679,0.3545228128865192,0.9206611141767219,0.5162311479776722,1.0,0.1723991845404066,real,0.3110998545878014,0.556388888888889,global_alps,5792.8175915761885,32.90338125273412,703.4786801030114,no_domain_randomization,0.532396266969317,0.8730700263831077,2.0898094045254214,0.8299514999999928,1.7344404499999655,2.0687330249999376,1.0,1.0,0.47851253699716784,0.43752009341166315,18,0.5063451691142178,0.5108971088435373
0.588253423063557,0.41500290515308813,0.9249622500763469,0.4476722700890518,1.0,0.31117130623173905,real,0.37296194016006434,0.46768518518518515,global_colorado_rockies,3943.001350359304,25.303052815287977,538.1089063858907,no_domain_randomization,0.4656177976408642,0.8530552644386573,2.464271923137267,0.6664471500000673,1.6423070000000166,2.6016517400000194,1.0,1.0,0.4057993724681564,0.4583952249976481,18,0.5166834988478273,0.5161366213151928
0.5501747770265148,0.38045894505719385,0.9252059729238558,0.4827219239039525,1.0,0.35990191052320825,real,0.3332056361514019,0.3958333333333333,global_peruvian_andes,4806.995752005313,29.355141924885565,622.8546555633734,no_domain_randomization,0.4815493596854452,0.8251322146820228,2.0599108293733885,0.9574228999999832,1.9722058000000402,2.466655650000024,1.0,1.0,0.4854579070804698,0.4596045062814615,18,0.43465373693350284,0.4898667800453515
0.6071372894332953,0.35202081912729805,0.924406892589247,0.4966251833478731,1.0,0.1896984585168771,real,0.33101110943998824,0.5597222222222222,global_southern_alps_nz,5226.279433180727,29.979826533868284,643.0404035411083,no_domain_randomization,0.5288323988922661,0.8698615160098249,2.3726198882259344,0.8059653000000253,1.9122493000000418,2.0950701249999555,1.0,1.0,0.42147501374428936,0.4556503940400673,18,0.47185579048520715,0.4994827097505669
0.5790138017423849,0.37531588763991663,0.9237987115369327,0.48612533458357543,1.0,0.2019813983891375,real,0.3189332159949425,0.49296296296296294,cn_guizhou_karst,6256.5659734624505,33.75024674932385,728.8596948419233,no_priority_bias,0.5210021706049481,0.8460230830088445,2.4706850102215476,0.766423599999996,1.8935913000000255,2.1537323700000055,1.0,1.0,0.4047460505337058,0.4526614620444124,18,0.532984781111006,0.4885345804988661
0.6018876192390874,0.3548790037151634,0.9243274311991315,0.4869563459364801,1.0,0.10948587595179594,real,0.3350311121942741,0.5481481481481482,cn_hengduan,6344.541928773604,36.38685052202184,772.0104787929089,no_priority_bias,0.5186419581260221,0.8557373628218066,2.421171200401824,0.7705052000000592,1.865524999999991,2.171631654999959,1.0,1.0,0.41302325082754876,0.45525887152021954,18,0.525616613648046,0.5018324829931973
0.6086935144408095,0.3503345585012554,0.9168457467476959,0.5533351099796511,1.0,0.23967045548027097,real,0.3081285785403907,0.5702777777777778,cn_qinling,3884.0905165455956,23.340666049253834,501.5138505574332,no_priority_bias,0.5808811128695677,0.8478551235228755,2.0447342742700085,0.6551698999999758,1.3396483500000045,1.7319160099999975,1.0,1.0,0.4890611032365125,0.41972297871183206,18,0.45642985535512726,0.5083205782312925
0.5936343260091905,0.36218405563943556,0.9196137565392463,0.5247863994137286,1.0,0.23761971471602017,real,0.30780872039694984,0.5306481481481481,cn_taihang,4486.991474522126,25.315385397331017,548.6694925238395,no_priority_bias,0.5512417800377816,0.8409214688137839,2.159560519957115,0.7514926000000628,1.6228937500000598,1.933144965000008,1.0,1.0,0.4630571779576051,0.43256820336155016,18,0.48761518705374507,0.5014838435374149
0.5932781191005028,0.3614783196526925,0.9211597021534088,0.5190249609916397,1.0,0.18425509032591236,real,0.3187942468674095,0.5156481481481481,global_alps,5704.718580035753,32.62975920100573,696.4168781864935,no_priority_bias,0.5480314698092883,0.8555198838094183,2.2156093320249752,0.7418197000000077,1.6435826499999848,1.955811410000001,1.0,1.0,0.4513431070837932,0.4398952848329164,18,0.5095914016690527,0.5009722222222223
0.5967912829279809,0.4117701255676951,0.9247979598035483,0.45468443958614163,1.0,0.30646645600474764,real,0.3697984970276793,0.4783333333333333,global_colorado_rockies,3979.288934051692,25.396773037153153,540.8441185007626,no_priority_bias,0.4441668948833861,0.8617994854534206,2.086700845828965,0.781109449999974,1.6299417499999436,2.7917572849999592,1.0,1.0,0.4792253772259046,0.4575816814050684,18,0.514310094017051,0.523516156462585
0.5740132290721291,0.38093366671290163,0.924988512926817,0.4521946708646052,1.0,0.3585739773023185,real,0.3324608158420228,0.45222222222222225,global_peruvian_andes,4819.658832007897,29.479455457653994,624.6369803256052,no_priority_bias,0.4644238482189862,0.8383346623202629,2.360383751326382,0.851660900000013,2.0102465500000335,2.6119779199999695,1.0,1.0,0.4236599237043828,0.4585253957539577,18,0.4373222171065351,0.5027480158730158
0.6030212601548017,0.35600862225183905,0.9249262407460975,0.5113125919321144,1.0,0.19106365923893173,real,0.3363912162821897,0.548888888888889,global_southern_alps_nz,5244.926761742419,29.68417653599344,638.1009898102548,no_priority_bias,0.5436146903698429,0.8689019340432428,2.293888241027972,0.8125459500000147,1.8638895999999363,1.9872826950000044,1.0,1.0,0.435941028910748,0.4582168002716196,18,0.4762644543583494,0.49714710884353747
0.5804010860597015,0.3705582152383106,0.9231995563971999,0.47749768702558304,1.0,0.1970668397488882,real,0.3126183051044885,0.5119444444444444,cn_guizhou_karst,6307.304241941668,34.08747251486539,734.8060002636281,no_resource_shaping,0.5246958768659854,0.8325198771186249,2.722061878789052,0.7206233499998689,1.9615813499999035,2.1259227199999655,1.0,1.0,0.36736857739797757,0.4497341550518642,18,0.529687746286294,0.48857001133786837
0.6001280048162099,0.3544649858974952,0.9248378105617282,0.4800003929608052,1.0,0.10850129696589048,real,0.33716428856418024,0.551574074074074,cn_hengduan,6341.66911970814,36.09654351784393,767.0339616466258,no_resource_shaping,0.5038527022416477,0.8551596005195635,2.3565730456780107,0.7415360000000533,1.7474837500000149,2.286125660000039,1.0,1.0,0.4243450046388397,0.4577788975981529,18,0.5233304016463987,0.496889172335601
0.6251947098274568,0.35150014900574916,0.9169814907539401,0.5634815456661291,1.0,0.24354585763083555,real,0.3078206992603605,0.6035185185185186,cn_qinling,3879.1843861021885,23.269030436583087,500.4514226461122,no_resource_shaping,0.5858730496840634,0.8622064659160253,1.956048746719969,0.6662438000000179,1.3032053499999847,1.699409530000031,1.0,1.0,0.5112347029576157,0.42034481562737674,18,0.45719109964228516,0.5175269274376416
0.5938168764921012,0.3559714331271547,0.9191823915712125,0.5092926301680472,1.0,0.22921096040114383,real,0.3024423025857886,0.5339814814814815,cn_taihang,4544.813797352406,25.54863985121933,553.9904362804618,no_resource_shaping,0.5369109868733604,0.8417990630356763,2.2479497682597396,0.7469460499999627,1.6790971999999442,2.0356906349999915,1.0,1.0,0.4448497978556498,0.430543425115992,18,0.48203471780460677,0.49974348072562363
0.6188108262530421,0.35794217325736477,0.9211840352954214,0.5442957493189092,1.0,0.17536255956459598,real,0.31618449812632093,0.5862037037037038,global_alps,5760.0267813170485,32.61637117116815,697.1044494601279,no_resource_shaping,0.5549472779183271,0.8705673790862419,1.925142072636042,0.8086972499999661,1.556857100000002,1.9071982550000084,1.0,1.0,0.5194421825869343,0.440011500369701,18,0.5085923975550086,0.5092361111111112
0.5930347251268413,0.41465383048821797,0.9251126311072034,0.43029406582607554,1.0,0.31019748250469353,real,0.3733570208313013,0.48796296296296293,global_colorado_rockies,3976.228392268002,25.217135762639327,537.2328038483528,no_resource_shaping,0.4478403669329484,0.8515597243924746,2.5683654146799832,0.6733949499999312,1.72952429999998,2.7585038799999486,1.0,1.0,0.3893526965767055,0.4591410327463342,18,0.5160737564277228,0.5163081065759637
0.5671537310933163,0.3797377551432864,0.9249923848931237,0.47558285532662103,1.0,0.35823740762213524,real,0.3308302727770678,0.4349074074074074,global_peruvian_andes,4828.622859006602,29.47724430216036,624.9611569796159,no_resource_shaping,0.48484215900531624,0.8330442516597353,2.2027508183480515,0.9200243999998747,2.026584499999899,2.439391449999993,1.0,1.0,0.45397781340966564,0.45854458981206214,18,0.4359695194144471,0.5003316326530612
0.6022866093894585,0.35134127505103263,0.924693090318633,0.5411018521784757,1.0,0.1819163781471559,real,0.33243749172748904,0.570925925925926,global_southern_alps_nz,5290.003203109937,29.817087258425747,640.7800551835965,no_resource_shaping,0.5492963128692417,0.8578435275049242,1.9157769144596943,0.813283550000051,1.5580698499999244,1.9468601300000499,1.0,1.0,0.5219814439000219,0.457063061361617,18,0.4737726460240563,0.490188492063492
0.1458482518636039,0.8614127794892389,0.9617698074143162,0.5825704544186662,1.0,0.820318249130787,real,0.8476893220558043,0.14148148148148149,cn_guizhou_karst,1461.1896352269316,7.884405359865759,170.2286483545398,no_return_reserve,0.6796105630587281,0.20150336270762792,2.807856675208115,0.22559669999998277,0.6334431999998742,1.1560122099999715,1.0,1.0,0.3561435342585217,0.6771913352167916,18,0.8991048862175267,0.12020408163265309
0.11655540540929205,0.8728327641939438,0.9656635404637498,0.6400474593612946,1.0,0.8224123001360478,real,0.8687534385012899,0.09407407407407407,cn_hengduan,1265.5948134261087,7.603725351179441,159.2733067113687,no_return_reserve,0.7208561740990749,0.17129153849279932,2.2148698797563533,0.23020629999996345,0.5098770000000741,0.9529824400000052,1.0,1.0,0.4514937916398073,0.7051123886282267,18,0.9079149642112009,0.10042800453514739
0.12161133476645686,0.8702376106439567,0.9391983560776411,0.6452625991888015,1.0,0.8526168141866142,real,0.859133469871261,0.10185185185185185,cn_qinling,854.4797322871932,5.094974853568532,109.23380317406959,no_return_reserve,0.732205167672807,0.17954530127293253,2.2604151711453366,0.1894543999999314,0.42824560000008205,0.9005512249999469,0.9888888888888889,0.9888888888888889,0.4423966060594554,0.5774850650281235,18,0.8909667316059041,0.10252409297052154
0.1278684472747661,0.8722371002629015,0.9511999622716265,0.6744464947341059,1.0,0.8452238798467471,real,0.8652355367701651,0.1307407407407407,cn_taihang,959.4134324439304,5.2965488201788915,114.9093470767417,no_return_reserve,0.7402866035972451,0.17226366060322168,1.9200507235493744,0.24797160000014173,0.4761180499999682,0.8640760700000896,1.0,1.0,0.520819574053448,0.6063428264271068,18,0.8952467310791423,0.10423469387755104
0.12002487379921298,0.8730039217127781,0.96010039382863,0.6631101211558318,1.0,0.8447508055175659,real,0.855551837736891,0.09046296296296295,global_alps,1130.295528349613,6.6368445325785315,140.96734290698893,no_return_reserve,0.717361882749614,0.17972440071461457,1.8638541147543755,0.23908655000002454,0.44562244999997347,0.9694151200000418,1.0,1.0,0.536522677437007,0.6655282246630138,18,0.905932692813687,0.10495606575963719
0.14186334415013938,0.8574888170189886,0.9458738424987458,0.5487000207470207,1.0,0.8357543945520485,real,0.8406108158449621,0.07694444444444445,global_colorado_rockies,1018.5280337070445,6.674623109679122,141.16026694943906,no_return_reserve,0.6373446691769553,0.22304861469579565,2.9251525901439512,0.19826804999991055,0.5799643000000287,1.385978955000132,0.9888888888888889,0.9888888888888889,0.34186250774383997,0.6198686533295368,18,0.8858410820880993,0.13373015873015873
0.16297939316280857,0.8363053961089592,0.9567106320864678,0.5240240016162555,1.0,0.8347284271693733,real,0.8224609944762453,0.12814814814814818,global_peruvian_andes,1330.2036426897298,8.297020703872453,175.0245291835967,no_return_reserve,0.597753298049037,0.2385228258636303,2.8409980609083836,0.29181184999993093,0.8290368999998918,1.623594869999931,1.0,1.0,0.3519889766064321,0.6424006974360892,18,0.849404853124825,0.14262329931972792
0.11071397647687486,0.8825034177969507,0.9603774075673561,0.663385863657065,1.0,0.8524456216605292,real,0.8768534797167857,0.09027777777777778,global_southern_alps_nz,990.2819224056535,5.580403593501652,120.01228698689842,no_return_reserve,0.7203060728565398,0.16542109865126364,1.8847581864082374,0.22567589999994198,0.4253444999999374,0.9555602900000619,1.0,1.0,0.5305720421916239,0.6674509403974164,18,0.9062332362023587,0.09357851473922903
0.5371126233701548,0.37760842776514825,0.9235458909239614,0.24080602430265086,1.0,0.2057618545844115,real,0.3203576004094559,0.38981481481481484,cn_guizhou_karst,6281.02113598746,33.89278333114497,731.1953191964625,priority_resource_greedy,0.20400915973379308,0.8144605085977766,3.0612365945190514,1.671214749999998,5.115983750000002,5.744333514999998,1.0,1.0,0.3266653749633191,0.4514241653272151,18,0.5351070099393396,0.47208758503401366
0.5328555752497139,0.38460981841451714,0.9278846332938461,0.31032024298058797,1.0,0.15262683116123588,real,0.37123530800969806,0.42453703703703705,cn_hengduan,5977.11329904271,34.33319944424214,728.4828478191384,priority_resource_greedy,0.27598147364583214,0.7846488694039957,2.5611865016021595,1.7690781000000015,4.5309389499999995,4.6752839749999975,1.0,1.0,0.3904440380950182,0.47308570379261283,18,0.5413018820520346,0.46111819727891157
0.4886691981893866,0.3785658491738133,0.9189171142538056,0.41515460388648706,1.0,0.2698650998549108,real,0.3364898847241886,0.3490740740740741,cn_qinling,3733.8544629849266,22.237107124021655,478.1803293385457,priority_resource_greedy,0.3922204481445518,0.7313680248059212,2.1337082562533984,1.4590643500000056,3.11321765000001,3.294742989999987,1.0,1.0,0.4686676339510027,0.42930248327113923,18,0.48332028639154895,0.43711734693877546
0.5591532620980428,0.37390401062869627,0.9205635929227338,0.3396630417313301,1.0,0.2447103169453504,real,0.323021816744421,0.462962962962963,cn_taihang,4468.8005966305645,24.798290997604376,538.8743505545783,priority_resource_greedy,0.29358446144150463,0.8148348926854441,2.2362373224523893,1.8080783999999994,4.043292399999999,4.44071497,1.0,1.0,0.4471797290742564,0.437056870025844,18,0.49917198882952835,0.47940759637188207
0.5399558723280153,0.37893948112695375,0.9229807184545399,0.3588417208360569,1.0,0.19996199826432767,real,0.3314873356338393,0.41944444444444445,global_alps,5590.040973714444,31.619000901497927,676.3556162967838,priority_resource_greedy,0.3169556776895781,0.7964731491760071,2.1902167238952797,1.6962088999999878,3.7150650999999897,4.14419426500002,1.0,1.0,0.45657582151117426,0.4486692284050327,18,0.5323210352225701,0.47195294784580505
0.5336864226173327,0.4332333476325307,0.9260097220354645,0.2597616314062029,1.0,0.3281290964038612,real,0.3826432727060891,0.3592592592592593,global_colorado_rockies,3830.7365572930003,24.70198264394675,525.4919814049575,priority_resource_greedy,0.21933634549180536,0.8050640956091645,2.824162301567579,1.7211712999999804,4.860867100000007,5.50095888499998,1.0,1.0,0.35408729853979715,0.46361284801276287,18,0.5431898202110854,0.48521116780045354
0.5506326698379512,0.38994477972646246,0.925691790608315,0.2909154193537242,1.0,0.3644516019361072,real,0.34377080163582086,0.38148148148148153,global_peruvian_andes,4756.901100197784,29.076466884465347,616.3996416877142,priority_resource_greedy,0.24057024732614585,0.8269165448090988,2.448654845725675,1.9253628000000163,4.714548949999994,5.1782373600000335,1.0,1.0,0.40838748741807396,0.4620235604517757,18,0.4462802466747459,0.4970663265306123
0.5089547141518161,0.41194138061971863,0.9282028347142657,0.3269354024728354,1.0,0.24961274551926238,real,0.41154731917896553,0.413425925925926,global_southern_alps_nz,4953.394367013112,27.784093984993806,597.9863638229228,priority_resource_greedy,0.2860332144875931,0.7437081234251027,2.3675708641985835,1.8213516499999969,4.312179100000009,4.5401278599999975,1.0,1.0,0.42237384110506754,0.4747105724157137,18,0.5137415813181628,0.43934240362811794
0.28893137486023235,0.3710490859278666,0.9252997435559872,0.6101468225002968,1.0,0.14864464394488294,real,0.3347474569160683,0.22277777777777777,cn_guizhou_karst,6744.2017262956415,32.89672178033962,715.4933612357652,traditional_ppo,0.6549328807543702,0.4354448871960314,1.9776680931514399,0.5075764499999877,1.003817750000053,1.2874434899999756,1.0,1.0,0.5056460199074593,0.46007053295573375,18,0.5418157875525549,0.2487514172335601
0.31965214963748334,0.356026892604146,0.9273937901381855,0.6105573441332861,1.0,0.06509548580675485,real,0.3590099504332319,0.24166666666666664,cn_hengduan,6665.790786852448,34.62081175209885,741.6686816925884,traditional_ppo,0.6493914163327675,0.4829708434478929,1.9232821631697696,0.5266252500000519,1.0128489499999205,1.3180415399999446,1.0,1.0,0.5199445090011627,0.47058906917580107,18,0.5352488462520651,0.276985544217687
0.3063804069996197,0.3644402098652125,0.9207548662368408,0.6591758749361107,1.0,0.18144624953443367,real,0.3574470764912261,0.23453703703703704,cn_qinling,4307.733259978077,21.239089609510405,468.90850899721784,traditional_ppo,0.7013152524509245,0.4482549991247071,1.7830058338341033,0.42309224999996786,0.7543759499999396,1.0466713549999438,1.0,1.0,0.5608506607348787,0.4379658297512716,18,0.48493042677418746,0.2713647959183674
0.2924680639142199,0.37690624479796636,0.923145520632415,0.6358070875705274,1.0,0.173678590166397,real,0.3583477954745801,0.21472222222222223,cn_taihang,4967.916883654862,23.368184305812147,518.6914676188203,traditional_ppo,0.6739234088209147,0.4452237295797821,1.8285914752740462,0.48643554999989647,0.8894919000000527,1.1856155749999744,1.0,1.0,0.5468690046529571,0.44947099061431817,18,0.5201621721006602,0.2549631519274376
0.30275554896141743,0.35628900169264943,0.9231720236191456,0.6365530209433763,1.0,0.12908066082740077,real,0.32814482101273224,0.20694444444444446,global_alps,6131.144986077242,31.511770499069364,678.7179088956667,traditional_ppo,0.660991365163674,0.4645511074102957,1.7255355619946307,0.5542729000000008,0.9564175999998952,1.2544526199999382,1.0,1.0,0.5795302177626819,0.4496000478705585,18,0.5229203728283575,0.2697633219954648
0.2991684805671238,0.4264873745481462,0.9292782730663572,0.5761848519026362,1.0,0.2523095689529614,real,0.41534435739195646,0.19064814814814815,global_colorado_rockies,4523.804199827839,22.78659812498818,499.66461531097804,traditional_ppo,0.6287869460725073,0.4622502639162655,2.2053311879458746,0.4682914999999639,1.0327378499998758,1.435446304999982,1.0,1.0,0.45344663217293735,0.4802394497398337,18,0.5450986430568028,0.27188775510204083
0.2888564152627959,0.37174300287919027,0.9275356772083732,0.6375350699189067,1.0,0.29589610960581747,real,0.355060250010889,0.18222222222222217,global_peruvian_andes,5413.475011276515,28.00672144878956,602.9252224624377,traditional_ppo,0.6626734076841767,0.4602811032280541,1.7274768803545109,0.5344696999999314,0.9232840499998929,1.245377909999877,1.0,1.0,0.5788789484666105,0.47130954513646134,18,0.4337447199348119,0.2564611678004536
0.3221575647424917,0.3751938329459282,0.9287680633528672,0.6536127416421784,1.0,0.15074291056377764,real,0.38059385274662866,0.25490740740740736,global_southern_alps_nz,5546.981200438987,27.45016582989875,600.1784560502424,traditional_ppo,0.6912396825215106,0.48111230734487226,1.7673572938350677,0.49787354999989475,0.8799204499998723,1.0967214400000442,1.0,1.0,0.5658165462570702,0.4776092543175805,18,0.5107506421091593,0.27630527210884354
0.5899502979991486,0.3293754208766448,0.9189705953686337,0.5802354754727106,1.0,0.1391015734506058,synthetic,0.2733799759248598,0.48888888888888893,synthetic_test__map_000,7271.1435623515235,42.324369225592605,888.0585480243541,a2c_pointer,0.5900249135720537,0.8742456364410387,1.7940648462689988,0.8014586000000001,1.4378686999999672,1.6726682600000131,1.0,1.0,0.5573934532409103,0.42955240341202394,9,0.49729258985073105,0.49833333333333335
0.5242916487590349,0.32298686293907675,0.9280776150059676,0.5783866224041743,1.0,0.17960957571875935,synthetic,0.3215084008160407,0.4662962962962964,synthetic_test__map_001,6799.894445594447,44.85222456680513,906.816050753969,a2c_pointer,0.5926351242257488,0.7598782352477799,1.8343907679856521,0.7223298999999983,1.3250352999999961,1.6559922400000004,1.0,1.0,0.5451401181538336,0.47407055017345784,9,0.41389132180943167,0.43549603174603174
0.6328665530595737,0.3445162822189384,0.9394120818647002,0.4959139291049365,1.0,0.22385939583809902,synthetic,0.4284329326065925,0.6198148148148148,synthetic_test__map_002,5587.280249337538,33.15858706628666,699.8888790490165,a2c_pointer,0.5428004711737747,0.8713906264484232,2.5872418092606972,0.6994392999999945,1.8096186000000216,1.9931207999999956,1.0,1.0,0.3865119976109807,0.535255839267611,9,0.34649976711776564,0.5201303854875284
0.557161580347129,0.3413071387934594,0.9203043255350484,0.4509433936068532,1.0,0.2642020000290316,synthetic,0.2896965177234064,0.48907407407407416,synthetic_test__map_003,6471.072907083638,45.26679014791917,909.1972161472372,a2c_pointer,0.4790636278853081,0.8028375534368911,2.5951814347040347,0.7322221000000013,1.9002492000000046,2.4873804400000026,1.0,1.0,0.38532951362379186,0.4358275026136692,9,0.4346571439575232,0.4683673469387755
0.6127257366070613,0.3298403196300397,0.9193914351804521,0.5208553815629967,1.0,0.22273679427862256,synthetic,0.27233440236033096,0.585185185185185,synthetic_test__map_004,7107.798103894034,43.48395981619779,904.3282008068916,a2c_pointer,0.5451832901717344,0.8570726365265071,2.1547532517051935,0.7049532000000056,1.5190001999999936,1.9760676200000087,1.0,1.0,0.46409026147594223,0.43152358440890254,9,0.44709770058567055,0.5043225623582767
0.6237306836314773,0.4093560350021283,0.9452987791290366,0.5490874740102148,1.0,0.23695150568792187,synthetic,0.47229251115140475,0.6444444444444445,synthetic_test__map_005,5092.652950467062,30.271925617062706,642.0444392988012,a2c_pointer,0.5841939324978546,0.8322810111699002,2.1405373926145774,0.7514170999999976,1.6084364000000022,1.710300200000009,1.0,1.0,0.4671724042057222,0.5697587059437241,9,0.46203944919289036,0.5090986394557824
0.6019175908330043,0.34300178842223217,0.9375177243381675,0.5664085247912645,1.0,0.23737463067484976,synthetic,0.4190660166849369,0.5672222222222223,synthetic_test__map_006,5788.261743771197,36.96290451580826,763.9473201534735,a2c_pointer,0.6099917808250462,0.8375286399760085,2.1518599374741103,0.6601109000000065,1.4204661999999928,1.5477200599999945,1.0,1.0,0.4647142607124407,0.5245596377762473,9,0.3424625622844794,0.5014597505668934
0.5179328485422956,0.32658765226741826,0.9093445854911876,0.5043710137178768,1.0,0.21094583779587128,synthetic,0.21791663627830016,0.4066666666666667,synthetic_test__map_007,7112.455932464303,48.82981144326413,986.37931696832,a2c_pointer,0.5207125334000426,0.7614082649174815,2.144814434053397,0.9158065000000306,1.964234999999988,2.1559234600000137,1.0,1.0,0.4662408011261566,0.38662047693199464,9,0.4939509253026135,0.4518282312925171
0.5885197905720554,0.35243214541493895,0.9336463326764414,0.5205537848747451,1.0,0.2048356487905085,synthetic,0.36717951874319577,0.5240740740740741,synthetic_test__map_008,6961.96304708692,40.023898007783906,842.355997002716,a2c_pointer,0.5330754940870137,0.8703565621370499,2.0352651889947664,0.6895667000000003,1.403451099999998,2.063739000000006,1.0,1.0,0.49133646337945175,0.5032965536785037,9,0.4317760041429833,0.47982426303854875
0.5084463075569512,0.3573055566554613,0.9305343036496142,0.4911224177700408,1.0,0.16977808835346478,synthetic,0.3575907663673954,0.37129629629629624,synthetic_test__map_009,6434.061174174276,41.42485805926593,855.3764870708887,a2c_pointer,0.5327606722220685,0.736162403319264,2.5382869446189167,0.723613499999999,1.836738699999998,2.066052720000002,1.0,1.0,0.3939664907153096,0.48677008234679886,9,0.4742606658462669,0.4631632653061224
0.5650229217788525,0.36990700379379826,0.9392146265870633,0.5596938621353914,1.0,0.310882255329236,synthetic,0.4182796630251722,0.44814814814814813,synthetic_test__map_010,5181.165267677301,30.318749052694457,644.049684148576,a2c_pointer,0.6090970903225653,0.8516374165182825,2.250125462896154,0.6456091999999956,1.4527017000000058,1.5531917399999995,1.0,1.0,0.4444196630319859,0.5341318471270269,9,0.36447139475669743,0.48015306122448975
0.5572366595597467,0.38213583560883,0.9184937504802726,0.47998468223987256,1.0,0.3255410467433681,synthetic,0.2603511897181232,0.5157407407407407,synthetic_test__map_011,5899.232719925006,37.28966743879011,773.0513748385212,a2c_pointer,0.49672553374295325,0.7720494349132121,2.2679712576243856,0.7424856000000091,1.683936000000017,2.3427688599999894,1.0,1.0,0.44092269539935103,0.4273286951554669,9,0.5240691438041122,0.470578231292517
0.5870612631667351,0.36144589600587246,0.9321601500230413,0.5314369340665911,1.0,0.21300445015544037,synthetic,0.3624924322945138,0.462962962962963,synthetic_test__map_012,6170.161710290799,34.27594725297604,734.8638731430174,a2c_pointer,0.5584732281960317,0.9073229060305084,2.135145085292069,0.7553867000000025,1.6128602,1.8827219199999945,1.0,1.0,0.46835224776456297,0.49534219971823595,9,0.4533060804098312,0.4889795918367347
0.5941446541962618,0.36775220491026517,0.9339476225693661,0.48762445709317953,1.0,0.18244040266057343,synthetic,0.3974148967447295,0.5168518518518518,synthetic_test__map_013,5684.364735109661,37.38176142225487,767.5541467628872,a2c_pointer,0.5518647891574162,0.8813367422574585,2.960942074435552,0.6141468000000145,1.8184530999999993,1.9287663799999961,1.0,1.0,0.33773034894329407,0.504923064189361,9,0.45761722596116616,0.4891950113378684
0.5733019171428029,0.3662986641217102,0.9277155251322518,0.5532666614814896,1.0,0.2870678080889657,synthetic,0.3395322484028007,0.5359259259259259,synthetic_test__map_014,5273.895491063918,34.51620958547888,711.0190533749847,a2c_pointer,0.5812306018036267,0.8228032845953993,2.049106982450534,0.612283600000012,1.2546345999999744,1.7296275199999909,1.0,1.0,0.488017467396503,0.47222420582166286,9,0.43923856289622126,0.4672392290249432
0.565081363545117,0.3248560203460311,0.9247022240378567,0.5327880156288876,1.0,0.2033825578674432,synthetic,0.29279846396358683,0.5222222222222221,synthetic_test__map_015,6133.500515782381,40.00002763892281,820.7204713080748,a2c_pointer,0.5597744684910431,0.7929841843391978,2.128476431111882,0.7649978999999689,1.628280000000018,1.87374116000002,1.0,1.0,0.4698196256171914,0.45710821008479285,9,0.4288272962297872,0.4725595238095239
0.5858379649433193,0.3432425113213123,0.9257166081589034,0.552238935322575,1.0,0.17329580538808087,synthetic,0.31219960072662367,0.5135185185185186,synthetic_test__map_016,7051.413071342442,40.576618151170685,857.9074553933428,a2c_pointer,0.5616256977646114,0.838574837853398,1.885595314604997,0.8070867000000135,1.5218389000000343,1.8610127399999952,1.0,1.0,0.53033648962449,0.4621474426838208,9,0.4766217492999345,0.4956292517006802
0.5266749993429045,0.37508851543661714,0.9427682995509712,0.48806373383701385,1.0,0.18585233598565887,synthetic,0.44192334842338227,0.3774074074074074,synthetic_test__map_017,6132.913830534841,35.99342328984413,763.6741931461928,a2c_pointer,0.5128147792330113,0.7854377146807641,2.3238990298331954,0.8634906999999998,2.0066651999999863,2.216259819999993,1.0,1.0,0.4303112945796866,0.5546891999878518,9,0.43488064873004656,0.47192743764172335
0.5855147055249518,0.33795687044250233,0.9342947325885232,0.5091540257229425,1.0,0.2273409444462557,synthetic,0.3964592854411725,0.5157407407407407,synthetic_test__map_018,5694.0175998383675,36.80656196237909,761.6987061287923,a2c_pointer,0.5470140199728264,0.8300765847604271,2.376346573521982,0.6561840000000245,1.5593206000000066,1.9630316200000149,1.0,1.0,0.42081403913988036,0.5068027977383767,9,0.35590221106632014,0.4981207482993196
0.514691511353111,0.35891242306201787,0.923891845537851,0.4735764396038859,1.0,0.299977578692662,synthetic,0.3014986412197684,0.4325925925925926,synthetic_test__map_019,5781.24292311048,37.70999608480467,776.6651411377419,a2c_pointer,0.5354150793850032,0.7255668768561324,3.036871137333562,0.60677000000004,1.842682300000007,2.046599299999991,1.0,1.0,0.32928628011461214,0.4531180258356817,9,0.4459837599048335,0.45030328798185937
0.6178735257798185,0.374458710737189,0.9274420940706819,0.49241173238449093,1.0,0.24314844627311707,synthetic,0.324180445507088,0.6014814814814815,synthetic_test__map_020,6735.371057382763,38.08775695886758,809.2899992816003,a2c_pointer,0.5226205266271653,0.8306475422727129,2.3700920221663573,0.6397263000000066,1.5162102000000175,2.141517559999994,1.0,1.0,0.42192454581825084,0.470834236131862,9,0.5005211081035723,0.5196825396825396
0.5752269884871339,0.3489638533062299,0.9350876617206355,0.48691810599187146,1.0,0.19091357358428318,synthetic,0.3896922255412214,0.5016666666666666,synthetic_test__map_021,6219.917379034896,39.80573339725313,820.2960297052822,a2c_pointer,0.5468590601840913,0.8171834641526178,2.881380374007082,0.6234802999999829,1.7964838999999984,1.9641328199999917,1.0,1.0,0.3470558795433588,0.5111204601691941,9,0.4121079524268291,0.4910289115646258
0.5798649253119299,0.39380202725441127,0.9454862900249283,0.5560589211258362,1.0,0.3000317498769255,synthetic,0.4854162078874794,0.5948148148148148,synthetic_test__map_022,5016.074852958951,29.93591896178492,632.9248832332219,a2c_pointer,0.5991108424844488,0.7756879703331314,2.1948864336943643,0.6390804000000117,1.4027088999999933,1.6150683000000354,1.0,1.0,0.45560443795574024,0.5708898972967996,9,0.37224604256140514,0.47447845804988664
0.630004549739155,0.3824057965825287,0.9339877882997075,0.4978347804653668,1.0,0.2942648189951973,synthetic,0.37610361622490435,0.5722222222222223,synthetic_test__map_023,5480.669610678108,33.64591455380255,712.3407504866749,a2c_pointer,0.4693897044319776,0.8709875867117218,1.7724003166561535,0.8554388000000017,1.516179999999963,2.5692229800000064,1.0,1.0,0.564206624543275,0.5051402554801866,9,0.4430083153875322,0.5384041950113378
0.6299908211049426,0.33036635726916497,0.9184103927234412,0.15064614796381862,1.0,0.14231135449954946,synthetic,0.2735144577291246,0.5038888888888889,synthetic_test__map_000,7207.710172233023,42.62519921081662,893.508560582753,aco,0.0,0.9436594295444869,1.9914216463872172,80.98724200000001,161.2797468,179.81160308000003,1.0,1.0,0.5021538265460621,0.42694103201250994,9,0.49764614609771,0.5362074829931973
0.6341053277873046,0.29484404128386643,0.9233089823435424,0.13385670364971536,1.0,0.15689627441980822,synthetic,0.2816921499035827,0.5794444444444444,synthetic_test__map_001,6946.845104505882,47.59433537165475,959.8639735049686,aco,0.0,0.9105029438022796,2.2412026579188655,72.57946140000013,162.6652818,181.32638928,1.0,1.0,0.4461890121657179,0.45026750499247153,9,0.3925693005316511,0.5232369614512471
0.7056661511986657,0.3388740719701837,0.9381099186856586,0.13672642396873216,1.0,0.24680580251692552,synthetic,0.41192079570933876,0.6992592592592592,synthetic_test__map_002,5407.59975875988,34.00799389490069,712.7014711724287,aco,0.0,0.9691536448551314,2.194162556819351,66.88462190000018,146.75573299999996,202.56317135999998,1.0,1.0,0.4557547465624406,0.5278825161025587,9,0.3325008571067094,0.5771258503401361
0.6201456331403383,0.349334186388951,0.9205421088035151,0.15432979588058,1.0,0.28429311261088136,synthetic,0.28293911550627737,0.5066666666666667,synthetic_test__map_003,6352.867547991174,45.13691622968324,906.7048493785735,aco,0.0,0.9075779974139611,1.9438890480496667,72.2490985999998,140.44423150000011,183.40442410000006,1.0,1.0,0.5144326529352666,0.43695488037613367,9,0.4480805445225838,0.5331689342403627
0.659833598882354,0.3183960908982457,0.918156386849459,0.17734191590583695,1.0,0.20551491534727218,synthetic,0.2658636189265754,0.605,synthetic_test__map_004,7173.10234081766,44.14772837791031,920.0506144082424,aco,0.0,0.9335180689988041,1.691647451013728,81.43239640000002,137.7549057999995,191.27329964000037,1.0,1.0,0.5911397196861232,0.4257617045329257,9,0.43491273859281576,0.5504081632653061
0.6662694213487863,0.4047310279387249,0.9446328736432513,0.15378835678348043,1.0,0.24465066723337278,synthetic,0.46823442046079605,0.6027777777777777,synthetic_test__map_005,5024.056669984764,30.732829796183736,651.330599425926,aco,0.0,0.9396355085243974,1.9507328530882986,70.38680169999952,137.30584650000037,172.1622519800001,1.0,1.0,0.5126278559449348,0.5657578016110764,9,0.4492157849227576,0.5613321995464852
0.6779326596023025,0.3252866292820582,0.9345945507482711,0.15625339055366408,1.0,0.22673018594896494,synthetic,0.39091146962733164,0.6357407407407407,synthetic_test__map_006,5871.7398786394,38.820866604972025,799.6168516446197,aco,0.0,0.9399524827024829,1.919958337780627,66.95841079999991,128.5573591000002,166.0489570799993,1.0,1.0,0.5208446351788802,0.5084314946411452,9,0.3294626710631273,0.5680187074829932
0.6748882750048293,0.30348547625583844,0.9056923447126517,0.19692070883751525,1.0,0.19811629258870112,synthetic,0.17591045276565367,0.6120370370370369,synthetic_test__map_007,7271.247558587431,50.58665145636042,1023.6427115639993,aco,0.0,0.9561611876988335,1.5234558202181687,90.59991210000044,138.02496340000016,169.55677685999999,1.0,1.0,0.6564023627917175,0.3713701295960894,9,0.48096936160171094,0.5656774376417233
0.6341979472005604,0.35189165798679223,0.9330127574999387,0.15327656984719518,1.0,0.2073868623164779,synthetic,0.3641200557721002,0.5362962962962964,synthetic_test__map_008,6875.152320462392,40.41615108357476,850.162079083533,aco,0.0,0.9525249709639952,1.957246305153336,58.33646679999947,114.17883409999922,210.81218008000067,1.0,1.0,0.5109218994906506,0.4998915790622635,9,0.43150730721859415,0.523985260770975
0.6574834719781026,0.3232675586744375,0.9274094826894055,0.24657070228984856,1.0,0.13155002454594497,synthetic,0.3211984660025544,0.5527777777777778,synthetic_test__map_009,6652.081248985374,43.27973681840218,894.9079450537075,aco,0.0,0.925274023966832,1.2166895629284629,88.59371970000029,107.79105410000011,148.39749974000043,1.0,1.0,0.8219023409661619,0.47066870422929674,9,0.4449014735926432,0.5759410430839003
0.6523576267746392,0.356638241482542,0.936539315767737,0.13426426723095192,1.0,0.3182386678574192,synthetic,0.3971206776997374,0.548148148148148,synthetic_test__map_010,5051.634129113122,32.049163675340914,672.300969540246,aco,0.0,0.9555737421703632,2.234399413836305,47.8952917000006,107.01721170000019,133.31448307999997,1.0,1.0,0.4475475574365064,0.5191108868609986,9,0.3452158433081977,0.5528543083900226
0.6658924156195829,0.36217408721910727,0.9159801046869809,0.1493735559108361,1.0,0.30690430717733286,synthetic,0.24036902249778624,0.6444444444444445,synthetic_test__map_011,6062.466833926593,38.62042861380586,803.3209839411174,aco,0.0,0.9063871227957916,2.008387617009504,36.88492210000004,74.07922080000026,128.3267033600008,1.0,1.0,0.49791185303612034,0.41577694884456634,9,0.5032971313763723,0.5563690476190476
0.618862282469843,0.36787266626215365,0.9322320686726625,0.17869058565693818,1.0,0.22599117722546935,synthetic,0.36920634310894385,0.4694444444444444,synthetic_test__map_012,6050.236707178326,34.23190600820955,733.1498201147468,aco,0.0,0.965477474550574,1.6788797176811516,52.2692459000009,87.7537768000002,114.6412546200001,1.0,1.0,0.5956352855231273,0.49572450219016734,9,0.45538162966914,0.5202636054421769
0.6521111423945275,0.37545341534668003,0.9343231211935962,0.17113423328372615,1.0,0.19646551661292094,synthetic,0.4021141501070176,0.5666666666666667,synthetic_test__map_013,5616.383589951226,37.14747377245809,766.5680740598224,aco,0.0,0.9627132770611032,1.753009869758935,55.55638229999931,97.3908864999994,117.76099006000004,1.0,1.0,0.5704474442790872,0.5069568111494023,9,0.46399270913998397,0.5395323129251701
0.6564088876291257,0.357358707678016,0.9257432455268276,0.11509619838616289,1.0,0.29667294855484344,synthetic,0.3223355331378245,0.5953703703703703,synthetic_test__map_014,5233.291139138544,35.661731155289175,732.551800385756,aco,0.0,0.955679012345679,2.6065152820552813,33.5779967999988,87.5215618000002,118.76510738000033,1.0,1.0,0.383653994620543,0.4622804421948374,9,0.42593258485266644,0.5372930839002268
0.6262371693633793,0.3246804344148272,0.9240294303566271,0.17686319246237633,1.0,0.21081574056568242,synthetic,0.29181977078183174,0.5564814814814815,synthetic_test__map_015,6064.702084713168,40.38191036018733,827.890632445376,aco,0.0,0.89385268350038,1.6962263081608586,52.471359200000734,89.00329989999955,103.19249691999974,1.0,1.0,0.5895439748745878,0.45379325590714953,9,0.42459894874941373,0.5273072562358276
0.6611859627631365,0.3201708599670655,0.9230662430088146,0.13460278771745507,1.0,0.1474198433441104,synthetic,0.2935355717899499,0.5948148148148148,synthetic_test__map_016,7200.401778035705,42.08139491891671,889.1153557607058,aco,0.0,0.9456659976889783,2.2287799910186887,33.190990899998724,73.97541640000054,104.8218815600001,1.0,1.0,0.4486759590581836,0.44908514435269214,9,0.4514461225113886,0.5521315192743764
0.695578036920711,0.36767217029816646,0.9405494148305454,0.16571640254745726,1.0,0.1893215161271143,synthetic,0.4249630590019655,0.6538888888888889,synthetic_test__map_017,6037.468447914235,37.481539385632324,787.7711643026886,aco,0.0,0.9682588597009845,1.81032170254895,41.491228599999886,75.11247159999948,90.2790769399995,1.0,1.0,0.5523880084915243,0.5417715255452459,9,0.42901180153924995,0.5800821995464853
0.6835521651419428,0.32830488809450836,0.9329499046157446,0.15462937313837968,1.0,0.2220684175579423,synthetic,0.38650796821548516,0.6744444444444445,synthetic_test__map_018,5718.333978204911,37.64151671792573,778.256432231095,aco,0.0,0.94840934083988,1.9401229786499,30.97456349999993,60.09446240000034,87.00630790000068,1.0,1.0,0.5154312437945989,0.4995549265964787,9,0.34377498707400733,0.5556774376417234
0.685037502627998,0.3213168024542684,0.9206187763069431,0.12687483590317247,1.0,0.24733338934603527,synthetic,0.2680233364575953,0.6907407407407408,synthetic_test__map_019,6246.36933381499,39.53005130303557,822.8374501945038,aco,0.0,0.9202199273676237,2.364535077932649,28.65788900000007,67.76258380000036,85.63279637999949,1.0,1.0,0.42291611967724163,0.4373189353996497,9,0.41418821839400305,0.564594671201814
0.6636947367723051,0.3650834737340426,0.9258023389617183,0.1838932613495112,1.0,0.24155109632477925,synthetic,0.31265907307450774,0.6318518518518519,synthetic_test__map_020,6703.856543545806,39.03914990852192,825.9564997984318,aco,0.0,0.8988851451239898,1.6313811490341343,33.35265699999945,54.41089590000047,88.37170287999942,1.0,1.0,0.6129775378317041,0.46257561677722353,9,0.4881625601919251,0.5620209750566894
0.6418225458451428,0.347310428809768,0.934704911255788,0.1323178252096849,1.0,0.188708081304968,synthetic,0.3876685863567633,0.5672222222222223,synthetic_test__map_021,6195.367464907229,40.04630221657729,826.9562399167958,aco,0.0,0.9120917706821581,2.2672682197170944,33.15048160000151,75.16103339999972,79.5520686200005,1.0,1.0,0.4410594173656164,0.5090321891681163,9,0.411123508146647,0.5439880952380952
0.6982473270670275,0.38068817451066184,0.9429098105886058,0.1774562385932243,1.0,0.31391171604265455,synthetic,0.46160065485789503,0.7083333333333334,synthetic_test__map_022,4885.480302770419,31.706259257804877,664.5154588620353,aco,0.0,0.9294348864994024,1.6905576404539813,41.45901330000015,70.08885169999849,81.53409802000024,1.0,1.0,0.5915207953107476,0.5555223600049597,9,0.35162504074933726,0.5776105442176871
0.6652351185766504,0.37479123200029074,0.9327790681741552,0.17725973853248314,1.0,0.28673898739631454,synthetic,0.3693381294475696,0.5750000000000001,synthetic_test__map_023,5520.209146433104,34.394637581896916,726.9635674131691,aco,0.0,0.9353622430140843,1.6924316964679742,35.845075299999735,60.66534160000083,84.33894593999939,1.0,1.0,0.5908657951082772,0.4986409236390894,9,0.43459534961140683,0.5752891156462585
0.593592439466208,0.3269937652950887,0.9186719298774494,0.5429334379112744,1.0,0.13663448230031033,synthetic,0.2726707281686733,0.4861111111111111,synthetic_test__map_000,7295.387168275406,42.4849586690498,891.854948648406,full,0.5696994920455976,0.8817790549169859,2.08125506314613,0.8139701999999716,1.6940796000000091,1.8061559400000078,1.0,1.0,0.4804793115978536,0.428158397826458,9,0.4935009746524388,0.5032397959183673
0.5164461792138049,0.31229648117393755,0.9267230592454765,0.5773919398603798,1.0,0.1674909616946693,synthetic,0.3075593956704629,0.42407407407407405,synthetic_test__map_001,6914.490816891103,45.64410095032738,923.2391674894848,full,0.6003211492824564,0.7637571280419162,1.9087960043793837,0.718907100000024,1.3722470000000158,1.6074898800000026,1.0,1.0,0.5238904512088681,0.4671966232331606,9,0.4069448806640204,0.43897675736961456
0.62001859575696,0.3485008609911756,0.9395845446367984,0.5091777427201554,1.0,0.2371907281035003,synthetic,0.4309088203542084,0.5666666666666667,synthetic_test__map_002,5477.787420619511,33.04529175736515,696.0484486916715,full,0.5492039305471648,0.8743147458396314,2.4050989765104878,0.7227725000000191,1.7383393999999726,1.9475129999999692,1.0,1.0,0.41578330445713335,0.5362393054908879,9,0.3459627296033189,0.5195464852607709
0.5386494735614369,0.3356974587987573,0.9195814575213597,0.43930824024104287,1.0,0.2610427679925127,synthetic,0.28215542158888623,0.435,synthetic_test__map_003,6488.192830079741,45.659760786774825,916.5613443967015,full,0.47875204809965477,0.7966953999146819,2.8795814727471667,0.691739900000016,1.9919214000000238,2.4899869599999986,1.0,1.0,0.3472726885709485,0.4324162991513804,9,0.4292059231112974,0.4614512471655329
0.6106764560251878,0.32904099033682566,0.9190475519717208,0.5200382880838357,1.0,0.2257220337913404,synthetic,0.27248931236562296,0.5614814814814815,synthetic_test__map_004,7064.277220543233,43.66958490023865,906.9143999097297,full,0.5270832453268972,0.8641211680160956,1.9857027238801737,0.7375251000000276,1.4645056000000523,2.108078999999998,1.0,1.0,0.5036000545166923,0.4299122555543813,9,0.4430980564025563,0.5085515873015872
0.6124682959603595,0.40276087112196723,0.9449116583721309,0.5335482984232567,1.0,0.2325275446120244,synthetic,0.466083755163852,0.5992592592592592,synthetic_test__map_005,5117.53147403261,30.540225576828202,647.5600683620676,full,0.5454944245877247,0.8319517930629043,1.9775586484803567,0.8232481000000007,1.6280214000000228,1.9738480999999637,1.0,1.0,0.5056740040394979,0.5674297132374266,9,0.4537491766540324,0.5093310657596372
0.6083965109660598,0.33888493443170076,0.9368532535663562,0.5750613927687591,1.0,0.23465181541922206,synthetic,0.4119635762588821,0.5744444444444444,synthetic_test__map_006,5810.087664598319,37.389836818702975,771.5387103770793,full,0.5849260423916044,0.8452016901227429,1.8114502156363703,0.7659191999999848,1.3874245000000087,1.7055463800000663,1.0,1.0,0.5520438769821204,0.5208536282025084,9,0.3400868222157163,0.5069699546485261
0.5171891665322808,0.3237901809929046,0.9087735591284255,0.49283713186220673,1.0,0.20903558718932164,synthetic,0.21398420802321683,0.4011111111111111,synthetic_test__map_007,7132.546179235167,49.10870475574646,991.5549764058794,full,0.5041954742383601,0.7621183441336582,2.1443842523883063,0.891553599999952,1.9118335000000002,2.283425799999975,1.0,1.0,0.4663343329845156,0.3841995280389188,9,0.49159202846862066,0.4527636054421769
0.5826969608981805,0.3467354852683186,0.9325471845105152,0.5049556453130595,1.0,0.20250944811795205,synthetic,0.35972640362878994,0.495925925925926,synthetic_test__map_008,6948.542772126672,40.70286811388177,853.6596196047244,full,0.514860473277437,0.8696238224287005,2.075358853141701,0.6522724000000153,1.3536993000000166,2.200521539999977,1.0,1.0,0.4818443800628451,0.49740271595195956,9,0.4255097049218852,0.48261904761904756
0.5127215881820218,0.3513579113411263,0.9295377180110814,0.4841907962606732,1.0,0.1642481536800791,synthetic,0.3480369464771937,0.3601851851851852,synthetic_test__map_009,6453.84071021931,42.022534974184694,865.8392447284672,full,0.5336933563690348,0.753416587044036,2.712343819161979,0.71232329999998,1.9320657000000097,2.0592032200000405,1.0,1.0,0.3686848226744962,0.4815819146825735,9,0.4712073541352219,0.4686422902494331
0.5563694295055975,0.36823124873135027,0.938795692047586,0.5339830089956163,1.0,0.31053423941846137,synthetic,0.41464971243359994,0.40555555555555556,synthetic_test__map_010,5171.947855591392,30.59266083413301,648.9846420720321,full,0.5899097593207903,0.8535049289067441,2.4783930089136184,0.6450042000000167,1.5985738999999626,1.673406359999933,1.0,1.0,0.4034872582368771,0.5317541406909283,9,0.3636757238124374,0.48320861678004534
0.5364764067406703,0.38738383133580434,0.919002099964712,0.4826868685660236,1.0,0.3320964815944791,synthetic,0.2647799611529126,0.46740740740740744,synthetic_test__map_011,5830.504472481112,37.01652913538437,766.9354441898136,full,0.4710184625356969,0.7559131855416686,1.9611182833116019,0.8621249999999918,1.6907290999999987,2.555310240000085,1.0,1.0,0.5099131493034529,0.42969968737253067,9,0.5292168113341629,0.4612925170068027
0.578059413303983,0.3645343299187678,0.9324290459297571,0.5192387894789128,1.0,0.2155382776654454,synthetic,0.3664592897566732,0.44370370370370366,synthetic_test__map_012,6147.410194076622,34.11112521160365,731.5702333977788,full,0.5446225221118884,0.900869550419258,2.173865407461763,0.7728897999999731,1.680158399999982,1.9800721199999998,1.0,1.0,0.46001008000196963,0.49677294660514904,9,0.4559725227189271,0.4838321995464853
0.5962537489489901,0.36696569753614605,0.9339867209063882,0.494066330897948,1.0,0.1802392332908321,synthetic,0.39887184274258847,0.5168518518518519,synthetic_test__map_013,5691.50092000033,37.35740602209098,768.1483087177995,full,0.5451372128061696,0.8848808310189384,2.6673712810379113,0.6681668999999602,1.7822492000000238,1.976396459999955,1.0,1.0,0.37490093977876454,0.5051344825935614,9,0.4557518606338302,0.49164115646258505
0.558806504780327,0.36798900270586477,0.9276821862088425,0.532330084343452,1.0,0.2922713192718003,synthetic,0.34019687917660807,0.4925925925925925,synthetic_test__map_014,5239.810454966671,34.535756006098524,711.0612312969358,full,0.5530191639683771,0.8140790047600084,2.0658785310077863,0.6197664000000032,1.2803620999999907,1.9206705599999847,1.0,1.0,0.4840555652186266,0.4720545320315619,9,0.43963066294025466,0.4642772108843537
0.5688914288991718,0.32496974273450446,0.924598938230029,0.498518449786315,1.0,0.20484982670815974,synthetic,0.2923893957261692,0.5194444444444444,synthetic_test__map_015,6126.089920328748,40.05881608332535,821.9465933607403,full,0.5264819010831091,0.8020963278415852,2.308027521559153,0.7497395000000324,1.7304194000000734,2.112563960000011,1.0,1.0,0.43327039676046203,0.456597893727132,9,0.42855249388326333,0.47701247165532884
0.5821339055417809,0.34832627670375005,0.9261915638628068,0.5180562266433673,1.0,0.17987981687188068,synthetic,0.3177018309957767,0.49,synthetic_test__map_016,6967.293581225306,40.3028322993887,852.2096726554014,full,0.5580867262073037,0.8407975269290282,2.3548709091763245,0.7531673999999953,1.7736119999999573,1.8853948400000033,1.0,1.0,0.4246517276608488,0.46452405598053964,9,0.4804017040931451,0.49886904761904766
0.5329280450098659,0.36968122573102663,0.9421426844647899,0.5061497687762937,1.0,0.17574321020304784,synthetic,0.4374359010156722,0.37500000000000006,synthetic_test__map_017,6192.057305229808,36.416196940468915,772.421371905677,full,0.5189399769242138,0.7977439260712095,2.0994908849962326,0.9224242000000231,1.9366211999999905,2.1693659600000044,1.0,1.0,0.4763059497644804,0.5510192898261784,9,0.43160714456194854,0.47948412698412696
0.5728534342535359,0.34500076198742685,0.9344850725192883,0.4856421457708508,1.0,0.24047152137674369,synthetic,0.4002504507838618,0.47203703703703703,synthetic_test__map_018,5609.009747558261,36.68751024364778,757.9999759553589,full,0.5442922397306744,0.8253971081403717,2.8670388387283086,0.5912140000000363,1.6950335000000223,1.9824332199999728,1.0,1.0,0.3487919265312624,0.5078362327968082,9,0.3619880596722233,0.4969897959183673
0.5340175353079011,0.3457805361421546,0.9228323504638261,0.45104945450963496,1.0,0.28175428927319174,synthetic,0.2930887357960687,0.45370370370370366,synthetic_test__map_019,5917.97956699384,38.30552318583404,790.8372959762688,full,0.4960205566658259,0.7474344647387848,2.8891974060207417,0.7117559000000142,2.0564032999999995,2.3484244600000124,1.0,1.0,0.3461168828118562,0.4479485197503574,9,0.4319022657380816,0.46746598639455783
0.6083803927734454,0.3684907691237385,0.9265543202580193,0.5046169034845596,1.0,0.2385918572209466,synthetic,0.3177967091716895,0.5607407407407408,synthetic_test__map_020,6755.641547176516,38.60472780471326,818.8778114057603,full,0.4913287162154635,0.8303772022351267,1.8669859379634577,0.7130404000000681,1.3312363999999661,2.3863087599999857,1.0,1.0,0.5356226737791171,0.46634664198389597,9,0.49403489152102625,0.5212018140589569
0.5540085086591158,0.35624966602107117,0.935617213567374,0.47473655481761967,1.0,0.19863437425550529,synthetic,0.3942335161140506,0.45092592592592595,synthetic_test__map_021,6140.23432042098,39.47143143539225,813.8421473466879,full,0.5283817140489643,0.8033053876221021,2.8607022523180947,0.6092567999999687,1.7429023000000257,2.098416760000009,1.0,1.0,0.349564516611149,0.5140223869214586,9,0.4215233545431929,0.4809013605442176
0.565829956509232,0.3885332844891337,0.9448255553528804,0.549246022797389,1.0,0.29630714467610464,synthetic,0.4813003699785935,0.5481481481481482,synthetic_test__map_022,5034.408632345817,30.39407282605999,641.6366488421094,full,0.5768929353638339,0.7691739454624759,2.0629762271414673,0.6295708999999761,1.2987898000000087,1.7581672799999977,1.0,1.0,0.4847365601423509,0.5669128672249674,9,0.36500342206899955,0.47299886621315196
0.6100996205162588,0.38286848275169805,0.9341336674619543,0.4974026287140276,1.0,0.2941886794712229,synthetic,0.3774002058844269,0.5257407407407407,synthetic_test__map_023,5464.170620932818,33.55496055735828,710.5453770616774,full,0.4715690118305641,0.8588867662676047,1.7931395867376836,0.9761306999999988,1.7503385999999637,2.5506197600000404,1.0,1.0,0.5576810681087757,0.5059297866993206,9,0.4430781020608572,0.5278854875283447
0.5820920778272995,0.3772261011217908,0.9234341839802191,0.31748729434828304,1.0,0.1976482215529734,synthetic,0.3210313412485257,0.44962962962962966,synthetic_test__map_000,6720.138654924464,39.86760923321144,834.4231441036688,ga,0.13861985836043067,0.8756661193212918,1.360831853130301,4.823606300000002,6.564117099999997,6.8892365600000005,1.0,1.0,0.7348446449866052,0.45087844501255486,9,0.5386326907414086,0.5015362811791383
0.5684195216938903,0.323009587120319,0.9287789744095827,0.32225055002466824,1.0,0.16638683505500695,synthetic,0.32262976893197026,0.5211111111111111,synthetic_test__map_001,6887.9693170273395,44.43810175468383,904.953785047349,ga,0.15054062027613502,0.8110703770249944,1.3833036988178846,4.554374000000003,6.300082400000008,6.666917400000011,1.0,1.0,0.7229070527712458,0.4776653662508996,9,0.4212311480759441,0.4707482993197279
0.6029762907521233,0.39402926735458743,0.942830116337823,0.31913077376642907,1.0,0.2860363834135486,synthetic,0.47845423648260915,0.6168518518518519,synthetic_test__map_002,5216.994611776037,30.877952547522675,651.714861533443,ga,0.1485767851501727,0.8151666898414487,1.3945249378574198,4.613503800000004,6.433646099999976,6.703106600000006,1.0,1.0,0.7170900805376941,0.5550530139096596,9,0.3876529718307176,0.4899433106575964
0.556640291814888,0.4123296743729261,0.9279521414444978,0.29808116370655857,1.0,0.35349937535365733,synthetic,0.34861315275732824,0.4440740740740741,synthetic_test__map_003,5851.612461046137,40.934981352611345,824.1381940721628,ga,0.1085821533963146,0.8169995648408068,1.3509031415926525,4.819377199999991,6.510511799999989,7.478441440000012,1.0,1.0,0.7402455210971278,0.4734300095173828,9,0.5048505676736172,0.48274376417233555
0.6064562855712554,0.34279631576684455,0.9211297974791177,0.32253612680666743,1.0,0.23575019762887686,synthetic,0.2898644742997017,0.5546296296296296,synthetic_test__map_004,7024.22436817171,42.53598904047096,886.8685628539339,ga,0.13554427901599797,0.8573859888458686,1.3177827270103555,4.7623544999999865,6.27574850000002,6.947634100000005,1.0,1.0,0.7588504383182295,0.4397524973926425,9,0.4560155008868243,0.5069047619047619
0.616635015117158,0.4338615240142114,0.947132761139865,0.3104685833567641,1.0,0.26687765867826757,synthetic,0.4938205375567805,0.5696296296296297,synthetic_test__map_005,4892.69105848204,28.98733696052371,616.7397311862239,ga,0.1361045853148959,0.8598412698412701,1.3940820145463542,4.809602900000016,6.70498090000001,6.936963180000009,1.0,1.0,0.7173179121211232,0.5809096491428475,9,0.48576230299942846,0.5185345804988662
0.5867502549490332,0.3781108495724232,0.9399469233302764,0.3334251403113949,1.0,0.2799706348302163,synthetic,0.4460146886709948,0.567037037037037,synthetic_test__map_006,5540.326815194308,35.37874012264841,730.7285603944802,ga,0.14736376324856915,0.8068347310584154,1.3028155674929522,4.691789500000027,6.11253640000001,6.72554524000003,1.0,1.0,0.7675683534579884,0.5383110648002042,9,0.38003262457505227,0.4865646258503402
0.5032596517162302,0.45148684599713595,0.9222495661138723,0.29958740574225284,1.0,0.3541151149706844,synthetic,0.36755160050452346,0.3938888888888889,synthetic_test__map_007,6119.507147661757,42.08978232058702,852.3627020048783,ga,0.1130643138408658,0.716899151082608,1.3608998041193046,4.9715975999999955,6.765846199999999,7.387805200000036,1.0,1.0,0.7348079535121559,0.4451276741774557,9,0.5857875176947043,0.45112528344671193
0.5823592399019228,0.4031636618811512,0.938086768624543,0.2924274595693974,1.0,0.2719534892969165,synthetic,0.42436771913691385,0.49444444444444446,synthetic_test__map_008,6408.434977487948,37.20660027281351,783.9541979241694,ga,0.11707293033148436,0.8688417215124532,1.42533789116712,4.457263600000033,6.353106700000012,7.307565840000017,1.0,1.0,0.7015880277911946,0.527752263183455,9,0.46661646964750564,0.4830753968253968
0.5542550458411798,0.43798449083406493,0.9370966851949275,0.3477027926838332,1.0,0.26931883764303616,synthetic,0.44070996846869853,0.48055555555555557,synthetic_test__map_009,5809.573617251161,37.34234127876658,772.3227955702592,ga,0.1560433756268368,0.7588682559270775,1.2580070590161392,4.784831100000019,6.0193512999999825,6.566416699999979,1.0,1.0,0.7949080991501581,0.5222085960664112,9,0.5410157311481535,0.48879818594104296
0.5256429172863655,0.49533341219236765,0.9450778363706144,0.3062913859835805,1.0,0.4161851908329355,synthetic,0.5538233394760346,0.46111111111111114,synthetic_test__map_010,4391.334442287585,26.367783824767102,557.7296931844447,ga,0.14735059533972938,0.7402984265150763,1.4767706251510908,4.228716899999995,6.2448448999999755,6.725789179999969,1.0,1.0,0.6771532308192333,0.5684284202861184,9,0.4936223641688043,0.4505810657596372
0.579759255560892,0.43792998257610094,0.9240062030673776,0.30086133696770545,1.0,0.3811391368982003,synthetic,0.33555085058994594,0.5948148148148148,synthetic_test__map_011,5583.77722149497,34.254089397284325,715.3736825846281,ga,0.10358515567216886,0.7657868332790935,1.3137627756585017,4.670747499999948,6.136254199999939,7.580643559999999,1.0,1.0,0.761172426657291,0.4536791989879826,9,0.5630060016126746,0.4792176870748299
0.5842092516343769,0.4041973996113356,0.9357571270335855,0.3081453376938643,1.0,0.26350457870032684,synthetic,0.40976856927620425,0.4272222222222223,synthetic_test__map_012,5727.227331358602,32.035378593611895,687.9392591723008,ga,0.1360011870723048,0.9222281630000927,1.408817745938441,4.811376999999993,6.778353300000049,6.938931299999967,1.0,1.0,0.7098150224775033,0.514791580441883,9,0.48725563922395587,0.4936933106575963
0.611051790078553,0.41132161139820544,0.9394295919915737,0.30415911750915936,1.0,0.22702593413153474,synthetic,0.4537456418878317,0.6061111111111112,synthetic_test__map_013,5391.906032745454,33.875931408248924,702.9342850984415,ga,0.13608913583752924,0.8723137362779307,1.4361163570229805,4.540202099999988,6.520258500000068,6.937257220000014,1.0,1.0,0.6963224080762964,0.5353556163942738,9,0.4893853830114517,0.4828911564625851
0.5335292637564784,0.4585329208096208,0.934141047223287,0.35224217405777397,1.0,0.38249028849652594,synthetic,0.4464717654039482,0.5609259259259259,synthetic_test__map_014,4751.86597061787,30.62872207313977,632.0271217145663,ga,0.17237730555732378,0.7293362538165407,1.2954595084820195,4.487729999999942,5.813672499999939,6.275791079999999,1.0,1.0,0.7719268672254912,0.5059697571440511,9,0.5166130769852687,0.42192743764172336
0.5401870837916618,0.4296010174112753,0.9327684602908255,0.3029298006870685,1.0,0.31694014896668193,synthetic,0.4078892667205324,0.4905555555555556,synthetic_test__map_015,5318.579670379192,35.221991367447785,721.4879232466274,ga,0.12146303823991966,0.755119083465967,1.3767424895569467,4.771549400000026,6.569194799999991,7.220570639999982,1.0,1.0,0.7263522463970824,0.4985842193857912,9,0.5190118420435463,0.45753684807256234
0.603434922819701,0.364405635210466,0.9277658020198478,0.3199771149679054,1.0,0.18287104911264676,synthetic,0.3354371362370039,0.5394444444444445,synthetic_test__map_016,6883.9462269263395,39.38628602720604,833.8249336950488,ga,0.1361209906340758,0.8641705302810716,1.3351585156506327,4.889703299999951,6.528528999999935,6.936650960000042,1.0,1.0,0.7489747384135078,0.47248018681545845,9,0.5032121881233822,0.505062358276644
0.6268377427889329,0.40406220973854257,0.9443294196789063,0.3029435039301007,1.0,0.22894273826217018,synthetic,0.46072549375763333,0.5685185185185184,synthetic_test__map_017,5765.59204000988,34.92738718064445,735.5403688673362,ga,0.12879586617266936,0.8837927700975307,1.4098645560555505,4.830891500000007,6.810902700000042,7.077288819999989,1.0,1.0,0.709287992030774,0.5639429856579878,9,0.46393150589457083,0.5275198412698412
0.6165092967447843,0.358389077587326,0.9364178905001681,0.2939164268302218,1.0,0.23714775496442028,synthetic,0.41858042647888927,0.6390740740740741,synthetic_test__map_018,5638.09849647649,35.46615949593486,736.9170610514002,ga,0.12776479819841935,0.8394234303653803,1.4671284867604941,4.394236400000068,6.446909399999981,7.09728376000005,1.0,1.0,0.6816035603044276,0.5184382358151495,9,0.3814974739465243,0.4937698412698413
0.6099199423822526,0.36778098027899486,0.9266506661007049,0.3041034503977003,1.0,0.2836580698866029,synthetic,0.3260014364199702,0.6174074074074074,synthetic_test__map_019,5970.887034138252,36.13017046418963,756.9983496697388,ga,0.1316654359145054,0.8209855140490403,1.415510678319749,4.607002899999998,6.5212618000000475,7.021900360000017,1.0,1.0,0.706458817525155,0.46683178990352076,9,0.4569149001508864,0.5006434240362811
0.6201751003911383,0.3895598678789077,0.9288903570850422,0.3118762968744473,1.0,0.2640333654361078,synthetic,0.34384834505896555,0.6037037037037037,synthetic_test__map_020,6588.858865586734,37.2347846327978,791.0973869158958,ga,0.1253310979775396,0.8352790107860195,1.3384221434646426,4.881252399999994,6.533176299999923,7.144675699999993,1.0,1.0,0.7471484276338987,0.47823850979566207,9,0.508011514373107,0.5208588435374151
0.5542166721379931,0.40181937509658033,0.9392947024549987,0.3009753050814995,1.0,0.261525167166859,synthetic,0.4331078177405973,0.4596296296296296,synthetic_test__map_021,5634.380377474448,37.102340343433305,760.097408684518,ga,0.13366844000691092,0.7983708457704153,1.446428643473666,4.486277100000052,6.4890797000000475,6.983463600000095,1.0,1.0,0.6913579902555396,0.5345874137613802,9,0.4621258677391413,0.47943310657596366
0.6037783943290215,0.40393040871416436,0.9463194082528277,0.3505468906698046,1.0,0.3181950465019708,synthetic,0.48966231769167773,0.6366666666666666,synthetic_test__map_022,4889.0999510992,29.354111979718652,620.1898531143688,ga,0.16266104318335728,0.7986056408081496,1.2675119426684536,4.801272000000154,6.0856695999998465,6.447296839999944,1.0,1.0,0.7889472014715152,0.575940305127236,9,0.38249958974146125,0.48992063492063487
0.5764708417800468,0.42430500488266093,0.9380989439711126,0.31071638802021406,1.0,0.34269162661122654,synthetic,0.4261435223340146,0.4679629629629629,synthetic_test__map_023,5139.685729178521,31.03312000788137,658.4895425327971,ga,0.12222119292997424,0.8302673429327343,1.3323766693019496,4.927051900000151,6.564689000000044,7.205639420000125,1.0,1.0,0.7505385098974404,0.5278207636913077,9,0.47370466353237295,0.503826530612245
0.6475150357077697,0.32634094078623954,0.9171871830600925,0.028683359922444276,1.0,0.14908475951800215,synthetic,0.2654224696250333,0.4972222222222222,synthetic_test__map_000,7152.263751212933,43.27635216448549,904.3065747584892,milp,0.0,0.9765964240102171,10.459025749115769,3.8057035,39.803950900000004,40.37327956,1.0,1.0,0.09561119974148093,0.4212886626230232,9,0.4904297163449434,0.5581207482993197
0.6538476754087352,0.29300688541675396,0.9226512743938365,0.06019617672467963,1.0,0.16068743887487358,synthetic,0.2773490837692585,0.574074074074074,synthetic_test__map_001,6905.44245070756,47.96264866111458,966.4873845980856,milp,0.0,0.9486862420733387,4.983705217228588,7.483536399999991,37.2957394,59.38226670000001,1.0,1.0,0.2006539224155988,0.447070341021466,9,0.38940711594698774,0.5463151927437642
0.7217191043083897,0.3403577748365184,0.9377586611273856,0.1887301592967293,1.0,0.2543961409662642,synthetic,0.41191336021244357,0.6888888888888889,synthetic_test__map_002,5333.457893104281,34.235309924273494,715.8671616566958,milp,0.0,0.9999999999999987,1.58957106335256,4.846839299999999,7.7043954999999755,13.635089420000007,1.0,1.0,0.6291005309890977,0.5259092866809196,9,0.33147265880149274,0.5989937641723357
0.6385368228140398,0.321436965919115,0.9180240606999419,0.049788574484790654,1.0,0.25410830244727634,synthetic,0.26336981671900106,0.5111111111111111,synthetic_test__map_003,6609.51319909561,46.49701264976923,935.7228248313835,milp,0.0,0.9437447969250934,6.025478799190035,10.09431010000003,60.82305150000002,60.95735477999999,1.0,1.0,0.16596191494930218,0.4251484878406651,9,0.4143261361391139,0.5496456916099773
0.6729986694490179,0.30625320271167256,0.9162582165535776,0.15728428465476932,1.0,0.20304569499751268,synthetic,0.24896692266083248,0.575,synthetic_test__map_004,7179.731491636667,45.152345932450196,938.6181729986032,milp,0.0,0.9725218886804252,1.9073742850945608,7.371778999999947,14.060741699999994,46.59949700000003,1.0,1.0,0.524280948849231,0.417041066038656,9,0.4208833900775076,0.5722363945578232
0.6807298227933147,0.3920271102380163,0.9435675313972163,0.2640911036610626,1.0,0.23497086030243436,synthetic,0.45393817301321426,0.5787037037037037,synthetic_test__map_005,5055.0558428724835,31.464147529473294,665.7039577649354,milp,0.0,0.9761316872427981,1.1359716243415123,10.580195000000003,12.01880129999995,56.45110747999999,1.0,1.0,0.8803036788702087,0.5594095573984934,9,0.4360150865194567,0.5840419501133787
0.6927154195011338,0.3131119321329077,0.9328362939709569,0.04829296874091446,1.0,0.22729889031532677,synthetic,0.37413276478039337,0.6074074074074074,synthetic_test__map_006,5849.504501102934,39.913489229137575,818.7322617832106,milp,0.0,0.9814814814814815,6.212084446691635,3.009662000000162,18.696274499999845,27.122742599999896,1.0,1.0,0.16097656246971487,0.4989469232508193,9,0.31335185470234594,0.5909863945578232
0.6792777409066608,0.30072313078480223,0.9047524311956959,0.05565750107565229,1.0,0.1994407212359985,synthetic,0.17105051647695427,0.6129629629629629,synthetic_test__map_007,7266.069288258116,51.02856708043599,1031.2549967385792,milp,0.0,0.9629065040650406,5.390109045539538,11.286706500000037,60.8365788000001,60.9931011000001,1.0,1.0,0.18552500358550764,0.3675340564704334,9,0.47748817427217144,0.5706207482993197
0.6611308141142636,0.34288150737271816,0.9318032447181084,0.17932146355493409,1.0,0.20472302522350116,synthetic,0.34281684825276915,0.5527777777777777,synthetic_test__map_008,6909.451057654553,41.158347850327196,864.6577426777253,milp,0.0,0.994579945799458,1.6729731848753104,4.883687900000041,8.170278900000085,46.00415161999998,1.0,1.0,0.5977382118497803,0.4934488987953153,9,0.4292871354459341,0.5485827664399093
0.6799837776991132,0.31294655472833666,0.9259629256835117,0.06078057498131546,1.0,0.11922467725143077,synthetic,0.3096327288507166,0.5694444444444444,synthetic_test__map_009,6741.679518452597,44.119555411396185,912.2726383626183,milp,0.0,0.9563013239483803,4.9357874632186824,10.411152299999912,51.38723499999992,56.99702937999991,1.0,1.0,0.2026019166043849,0.4633786122762238,9,0.43692232579432044,0.597094671201814
0.6779489359846502,0.35375216202706616,0.9356648681663151,0.1719419021517789,1.0,0.32751951620772607,synthetic,0.39028283802253794,0.5537037037037036,synthetic_test__map_010,4980.481291408776,32.605191274558216,681.6970493372211,milp,0.0,0.9971509971509972,1.7447753935813732,8.547184499999958,14.912917200000038,17.352303179999943,1.0,1.0,0.573139673839263,0.5142842583955706,9,0.33818322416811586,0.58047052154195
0.6733754154240111,0.36228530942942094,0.9159754905608377,0.06050948315797959,1.0,0.30614956161709084,synthetic,0.24072591049880668,0.6527777777777778,synthetic_test__map_011,6078.072128559288,38.62284133125352,804.0178061482334,milp,0.0,0.9146751310837998,4.957900552823314,12.226203299999952,60.61630009999999,61.03512744000009,1.0,1.0,0.2016982771932653,0.4157560051167221,9,0.5037346258764147,0.5630243764172336
0.6373700869236584,0.3640674340689983,0.9316318669091389,0.03585065803003744,1.0,0.22605256131865722,synthetic,0.36087912017671997,0.4703703703703704,synthetic_test__map_012,6065.687805290677,34.598519270724765,740.8579976468732,milp,0.0,1.0,8.368047240545636,3.053631100000075,25.55292929999996,46.69767737999981,1.0,1.0,0.11950219343345812,0.49254209539750055,9,0.45311650419370497,0.5395549886621316
0.6823011148904006,0.37033583468763465,0.9334338126178688,0.06616299662401716,1.0,0.19650123228028818,synthetic,0.3933212653144006,0.6018518518518517,synthetic_test__map_013,5606.443844756931,37.70097602932756,776.8185257542848,milp,0.0,1.0,4.534256537756333,8.937565499999891,40.52521479999996,52.81294257999997,1.0,1.0,0.2205433220800572,0.5021521040585216,9,0.458870209393806,0.5636763038548752
0.65921910430839,0.34936080890222926,0.9249259315913533,0.11137795935267623,1.0,0.29676392886169073,synthetic,0.30913127091453413,0.5555555555555556,synthetic_test__map_014,5201.996088080064,36.130039142649906,741.0559492220049,milp,0.0,0.9833333333333333,2.6935311236045867,4.776628600000095,12.86599780000006,13.201143340000089,1.0,1.0,0.3712598645089208,0.45821526869344215,9,0.417434704666799,0.5489937641723357
0.6383258490086791,0.3151444021036389,0.9232227775603156,0.11864879132526104,1.0,0.20326594264529074,synthetic,0.2798463770692443,0.5611111111111111,synthetic_test__map_015,6116.828041009379,40.83648573386217,837.658724187401,milp,0.0,0.9154916046514963,2.5284707635797736,12.429984500000046,31.42885239999987,51.32819827999992,1.0,1.0,0.3954959710842035,0.44984728912177757,9,0.41595421117020176,0.5383503401360544
0.697780778978256,0.31203136367068396,0.9219766900934234,0.027633426590358546,1.0,0.14119915527626567,synthetic,0.2811877053155111,0.6444444444444444,synthetic_test__map_016,7263.905511424083,42.68881752421455,902.0129451099555,milp,0.0,0.9869281045751556,10.856416920248018,4.770485500000177,51.790379499999744,57.208229139999816,1.0,1.0,0.09211142196786182,0.4438123786817041,9,0.4457896949779716,0.579875283446712
0.6985685941043083,0.36344963833282184,0.9403035757812711,0.06439880548248944,1.0,0.19456972807338682,synthetic,0.42140668511789825,0.6305555555555556,synthetic_test__map_017,5966.399109528006,37.6444791720347,789.5535601364409,milp,0.0,0.9861111111111107,4.658471500400305,13.040402500000255,60.74834340000007,60.795266640000136,1.0,1.0,0.2146626849416315,0.5403571176771698,9,0.4182871663080267,0.5888038548752834
0.7029903628117914,0.3242018698097422,0.9320405972246079,0.2452829316477383,1.0,0.22800286243854964,synthetic,0.3776696660716139,0.6805555555555556,synthetic_test__map_018,5655.6805229879055,38.19996646333011,786.3235383108095,milp,0.0,0.9791666666666666,1.2230773579909886,5.647446299999956,6.90726369999993,33.319977880000074,1.0,1.0,0.8176097721591277,0.4947072725565102,9,0.3375419276875997,0.5761196145124717
0.6943675534871363,0.32455718360107544,0.9208523308924641,0.05736148087043015,1.0,0.25313793814277946,synthetic,0.27055926390768076,0.699074074074074,synthetic_test__map_019,6204.847357675275,39.40209691541789,820.6347727359034,milp,0.0,0.9324494278563304,5.2299904996812945,11.623504900000171,60.79082019999987,60.89496070000014,1.0,1.0,0.19120493623476717,0.438429650569942,9,0.4164423917442308,0.5729733560090703
0.7087528030830917,0.3486447562012884,0.9238065737004356,0.04280368979306333,1.0,0.227064361494883,synthetic,0.29438517462359415,0.699074074074074,synthetic_test__map_020,6780.557516183585,40.176822328799794,848.7376479140163,milp,0.0,0.9491457550383381,7.008741569952629,3.8890496999997595,27.257344300000113,48.79437710000028,1.0,1.0,0.14267896597687776,0.4526999881289781,9,0.47210963677327417,0.5933956916099774
0.6579057488356268,0.3361578556245596,0.9338178965375912,0.036373562103386936,1.0,0.17636309936763803,synthetic,0.3793521124070726,0.5657407407407408,synthetic_test__map_021,6297.435425178194,40.60041752550691,841.3837046022187,milp,0.0,0.9432632069827191,8.247748712300723,7.341309599999931,60.54927680000037,60.63243896000031,1.0,1.0,0.1212452070112898,0.504222160444769,9,0.3982346036004366,0.5613095238095238
0.7210482804232804,0.3813133696522986,0.9419804095584698,0.1059409100306314,1.0,0.32780520645009026,synthetic,0.45661450265370956,0.7212962962962963,synthetic_test__map_022,4761.432953508465,32.334261919481555,673.5069485357874,milp,0.0,0.9611111111111109,2.8317672550977613,4.69500810000045,13.29517020000003,15.660644040000077,1.0,1.0,0.35313636676877136,0.5500709480112386,9,0.34886748027744424,0.6008928571428571
0.669398410386574,0.3743137313759667,0.9325299247773825,0.09395553080046472,1.0,0.2878269770899812,synthetic,0.3670473008284675,0.5703703703703704,synthetic_test__map_023,5517.0851552737695,34.547883547032114,730.1755446643515,milp,0.0,0.9441280330806872,3.1929998952069796,18.993652800000746,60.646731400000135,60.994263499999576,1.0,1.0,0.31318510266821575,0.49731066352506864,9,0.43472607953376935,0.5815476190476192
0.5242609805735832,0.3256348766089509,0.9175608527386827,0.30280242026378723,1.0,0.14203052879598457,synthetic,0.2670318183646829,0.3564814814814815,synthetic_test__map_000,7212.420621669169,43.07826402376667,897.9625536833313,nearest_feasible,0.2677909283569999,0.8115091528309919,2.6008079576709715,1.8214073000000006,4.7371306,4.787848719999998,1.0,1.0,0.3844959013796243,0.42300817773342964,9,0.4916652699557893,0.46452664399092974
0.5189356661238156,0.3222600520690009,0.9250533705444222,0.3906708841075579,1.0,0.21378279521794308,synthetic,0.29675990817052483,0.46481481481481485,synthetic_test__map_001,6456.912244981046,46.60597726453326,924.2529459567709,nearest_feasible,0.34123554885576624,0.7489947431044839,1.9762064752432729,1.8685630000000018,3.692666299999999,3.8532479599999974,1.0,1.0,0.5060199996950718,0.45884700245012344,9,0.41237096351207836,0.4309665532879819
0.5245621797093283,0.3369920010825358,0.9386728069632965,0.31107908595415995,1.0,0.22421645218385466,synthetic,0.4164491351501845,0.3888888888888889,synthetic_test__map_002,5563.388464505242,33.642120215166344,710.0712438323205,nearest_feasible,0.2679986515010204,0.7719732086332316,2.4295426575016448,1.960917699999996,4.764133200000003,4.784966520000006,1.0,1.0,0.4116000996781523,0.5310585029058081,9,0.33795172683501884,0.46869331065759634
0.4796434090760221,0.32160959634504593,0.9173010121565802,0.25065299861817114,1.0,0.26014543349621855,synthetic,0.26259260590663663,0.23425925925925928,synthetic_test__map_003,6433.172621920049,46.88139882669867,937.4422817603855,nearest_feasible,0.1983427690761973,0.7810263951854188,2.6830497196788983,2.0733721999999943,5.562960700000005,5.836596940000004,1.0,1.0,0.37271020088277673,0.4218118022770414,9,0.4116645647591711,0.4516439909297052
0.5438395424063631,0.3276657586553572,0.9185429423534655,0.324490373334419,1.0,0.21988743039994404,synthetic,0.2727921803259966,0.43703703703703706,synthetic_test__map_004,7011.154986931677,43.940839465409596,909.5563649784164,nearest_feasible,0.2683959659731626,0.7902769149013404,2.1959811076199642,1.9370560999999924,4.253738599999991,4.7794577,1.0,1.0,0.4553773238440172,0.4275576152317168,9,0.4430415948531809,0.47402210884353746
0.48404404971865295,0.41804505144519105,0.9456803610931631,0.3198167765201081,1.0,0.26057397298663815,synthetic,0.4774320977436806,0.3462962962962963,synthetic_test__map_005,4893.910367206518,30.006494880529715,633.6816916953171,nearest_feasible,0.2848067596880727,0.7087007642563199,2.490617744608679,1.8032710999999892,4.491258999999985,4.556444859999982,1.0,1.0,0.40150681579485736,0.5720627921983509,9,0.4645008099706083,0.4405895691609978
0.5049554001762648,0.32814349707571105,0.9349258269691881,0.344979629496999,1.0,0.2337398775698314,synthetic,0.39776796455836205,0.4083333333333333,synthetic_test__map_006,5765.795357764192,38.612923380147805,789.2487737933247,nearest_feasible,0.3075235644398743,0.719254707281023,2.312795858437289,1.7950519000000043,4.151588599999997,4.261867339999998,1.0,1.0,0.4323771146302901,0.5102365573566332,9,0.3262243502195662,0.44611678004535144
0.513313479010034,0.3394366507725296,0.9105771739987355,0.2736781186615767,1.0,0.2355845466581277,synthetic,0.2243731295121398,0.38611111111111107,synthetic_test__map_007,6821.753297409756,48.22240767637894,969.9827628709876,nearest_feasible,0.23029522009417602,0.7609636666070295,2.6673432330460964,1.9804412999999954,5.282516700000002,5.332350240000006,1.0,1.0,0.3749048819855117,0.3918930790750952,9,0.5050247969468719,0.45308956916099774
0.5624453270468079,0.3383665721671335,0.9313523833287873,0.28977264522073387,1.0,0.20041043802174136,synthetic,0.3501547922381822,0.4361111111111111,synthetic_test__map_008,6933.066657005845,41.43280090111298,866.1414703550026,nearest_feasible,0.2606721685858818,0.8597302877790682,2.7958439203274024,1.7330225999999982,4.845260699999983,4.887495599999999,1.0,1.0,0.35767375736872203,0.49106649384057754,9,0.41427446344583596,0.4769699546485261
0.3916553973743512,0.3445576757478581,0.9289068372565574,0.31940224089070945,1.0,0.16578078870702334,synthetic,0.33974009281533923,0.23796296296296296,synthetic_test__map_009,6495.127187907762,42.39791994247451,866.9518886171958,nearest_feasible,0.2835739903030251,0.5830237058995212,2.481380389901746,1.7570426999999995,4.359891300000015,4.572894300000018,1.0,1.0,0.40300149226197296,0.4783233646106132,9,0.46050861521433384,0.3728174603174603
0.5485058945323557,0.36345141069195674,0.937229637726459,0.3035320635081794,1.0,0.31892865621963346,synthetic,0.4064662614088468,0.41018518518518515,synthetic_test__map_010,5036.289771439967,31.606902044252056,663.892893832744,nearest_feasible,0.277721729213553,0.8129483702685005,2.7490942109239533,1.6591334999999958,4.561114299999986,4.651650640000002,1.0,1.0,0.36375617686230777,0.5229499635197561,9,0.3536401378598801,0.4854450113378685
0.5106439747002551,0.37093710963796955,0.9173125848279153,0.29428978681909057,1.0,0.31248425330872476,synthetic,0.24754467870375774,0.3851851851851852,synthetic_test__map_011,5992.303988356245,37.91908269189164,786.9754977781301,nearest_feasible,0.23185213311287511,0.7459394664503026,2.2728427462235015,2.112487900000019,4.801352799999961,5.308753660000002,1.0,1.0,0.4399776454669268,0.4218650210834051,9,0.515438521911183,0.4557256235827664
0.47235412439829727,0.37046787082266597,0.933120102531152,0.285494276921665,1.0,0.21385522454217076,synthetic,0.3726184218409957,0.30000000000000004,synthetic_test__map_012,6158.243733163973,33.685568828041234,724.0658634033174,nearest_feasible,0.23446021067993816,0.7732316903369535,2.4717371390784963,1.937176499999964,4.788191100000006,5.269422480000014,1.0,1.0,0.40457376481902774,0.5004670124346838,9,0.46646904260693695,0.4080924036281179
0.5036267906963469,0.37091645166010917,0.9336990612020926,0.2875668823474019,1.0,0.19517539901070777,synthetic,0.3959032495379846,0.38796296296296295,synthetic_test__map_013,5577.220005342211,37.53638251170256,764.1080695665969,nearest_feasible,0.2570799291415403,0.7720373971013358,2.7878208521051024,1.7529338000000507,4.8868653999999765,4.938428439999996,1.0,1.0,0.3587031064944124,0.5035808672323497,9,0.45889116142284414,0.42725340136054424
0.46070814775531876,0.35811381580579804,0.9261724271966854,0.35728575309383304,1.0,0.29639303064537037,synthetic,0.3193999988989156,0.30092592592592593,synthetic_test__map_014,5155.724268090408,35.41432253502293,724.4723807207841,nearest_feasible,0.3145891430371922,0.720903263734805,2.1886091899311495,1.8496155999999928,4.0480857000000015,4.173469020000004,1.0,1.0,0.45691117655932834,0.46442808646798195,9,0.4305638963245874,0.41050170068027214
0.5496876389068124,0.32327441453619243,0.9243222601330614,0.2642187967143215,1.0,0.20964444103959565,synthetic,0.29144681274908435,0.4972222222222222,synthetic_test__map_015,6106.039387685981,40.2160054016949,824.4476447791391,nearest_feasible,0.22654463740241582,0.772758492135186,2.8398992449880103,1.8906056999999805,5.369129699999974,5.389557119999961,1.0,1.0,0.3521251684421015,0.45523340311628513,9,0.422142299535285,0.4643849206349206
0.5794276545228547,0.31559427909895577,0.9222848696138269,0.3182645864848954,1.0,0.14787437037107132,synthetic,0.2876511870185112,0.43796296296296294,synthetic_test__map_016,7251.758567892725,42.517662730650756,897.140127234676,nearest_feasible,0.2601995529263261,0.8619188569425148,2.2038583774309224,2.215200600000003,4.8819884000000116,4.8941715799999885,1.0,1.0,0.45374966478822387,0.4452980973758341,9,0.4448694276242726,0.5089143990929705
0.514701092237717,0.3620216961553743,0.9411033480316512,0.30175664387781853,1.0,0.17570737824128424,synthetic,0.4310629047789908,0.3481481481481482,synthetic_test__map_017,6131.563871555306,37.112989985719274,783.8606966499399,nearest_feasible,0.24556152046480195,0.7778330915510192,2.310116516377232,2.2014416000000097,5.085586599999942,5.104733559999977,1.0,1.0,0.4328785985081907,0.5449707390861578,9,0.418057087306016,0.46641156462585026
0.4567829104255172,0.33506481322737863,0.9334963003004331,0.2997950210299975,1.0,0.2305453441514412,synthetic,0.385453562561233,0.3675925925925925,synthetic_test__map_018,5655.44945420452,37.30358456158482,765.0456990663693,nearest_feasible,0.2747630417463105,0.6622317928736486,2.7917132917264547,1.5546896999999262,4.3402479000000085,4.691889540000034,1.0,1.0,0.35820297269193385,0.5024883654536046,9,0.3562993257327171,0.3986536281179138
0.5066486229117033,0.3527478860268697,0.922970647474976,0.2803945763520027,1.0,0.3061960844339203,synthetic,0.29375221229204107,0.40648148148148144,synthetic_test__map_019,5738.457029081669,38.228136995898524,785.2953240992734,nearest_feasible,0.24266164862040063,0.7144157312537672,2.7141603148618754,1.8241140999999743,4.950938099999917,5.147331299999974,1.0,1.0,0.36843807439240756,0.44862027487132544,9,0.4334639765404381,0.4528486394557823
0.5471555639978909,0.35894025652160727,0.9253578681984824,0.28914108592493726,1.0,0.2303441452741417,synthetic,0.30256035636723316,0.4555555555555555,synthetic_test__map_020,6786.8022969500935,39.29443301251386,830.5312764468803,nearest_feasible,0.23041362092171747,0.7664283784405432,2.3464713333325906,2.1529760999999326,5.051896700000043,5.330552659999989,1.0,1.0,0.42617183759911687,0.4603596176106268,9,0.48864523868635057,0.4833191609977324
0.5265955156272717,0.34318725896424507,0.9328952207396307,0.285772495627172,1.0,0.19669411332721784,synthetic,0.3743495879373189,0.3990740740740741,synthetic_test__map_021,6135.417046161321,41.171805549655495,840.1831649102054,nearest_feasible,0.2569205015338831,0.7817977843533799,2.8321085134141377,1.646963200000073,4.664378499999998,4.940699079999967,1.0,1.0,0.3530938151781794,0.49926219495736807,9,0.4074784371359475,0.46275510204081627
0.53697119994227,0.3842678726102544,0.9441105903655731,0.35204663948950404,1.0,0.3080658125190711,synthetic,0.4689254793319674,0.4564814814814815,synthetic_test__map_022,4905.994987954015,30.88659244323397,648.0529403974128,nearest_feasible,0.3172929931856292,0.759203771802338,2.3087304503688024,1.7411197999999786,4.0197762999999895,4.1400350799999845,1.0,1.0,0.43313848086521206,0.5626375233258878,9,0.35781875428574517,0.4660997732426304
0.5889555591373616,0.3821734710775876,0.9337032584898316,0.2783682237119076,1.0,0.29351015541588754,synthetic,0.3744007486386581,0.45462962962962966,synthetic_test__map_023,5476.276353870892,33.82294817171439,716.6893618608989,nearest_feasible,0.21621607838187862,0.8527232191647145,2.3618891454342212,2.0771720000000187,4.9060499999999365,5.549781959999972,1.0,1.0,0.4233898961486421,0.5036035053247017,9,0.44438917550021345,0.5242346938775511
0.5739161812234472,0.3301563912123361,0.9186690715626704,0.5502972137172262,1.0,0.1423017843770374,synthetic,0.2738497257733632,0.46518518518518515,synthetic_test__map_000,7221.081625646594,42.48649328770505,889.1514270100706,no_domain_randomization,0.5717367513919228,0.8608480204342273,1.9989140866857638,0.8053129000001036,1.6097512999999708,1.7924809199999798,1.0,1.0,0.5002716258096006,0.4281450764839645,9,0.49683385274349906,0.48481575963718815
0.5364779119625058,0.3161119592325282,0.9265543341705074,0.5617992059976591,1.0,0.18041874530955387,synthetic,0.3062376481856474,0.45611111111111113,synthetic_test__map_001,6796.136614520985,45.7420107235543,921.8083999523697,no_domain_randomization,0.5856926271389726,0.785905978915783,1.9760975586668448,0.7606336000000056,1.5030861999999843,1.7005776400000054,1.0,1.0,0.506047890001261,0.4663467120072323,9,0.4095602401004079,0.4519472789115646
0.6449936203615902,0.33940887666905484,0.9387360063706439,0.5102872402114447,1.0,0.23106181327119563,synthetic,0.41824042354969637,0.6151851851851853,synthetic_test__map_002,5517.826358414762,33.6009175603059,706.75357178141,no_domain_randomization,0.5298918533244521,0.8968301125877063,2.1526525903589824,0.7801524999999856,1.679397300000005,2.0872171999999862,1.0,1.0,0.46454314294776067,0.5314161648403606,9,0.3381481877721556,0.5339795918367346
0.5192524367732196,0.33249241581589417,0.9191957493809669,0.4495558006885362,1.0,0.25771442404568967,synthetic,0.27940808719179233,0.3796296296296296,synthetic_test__map_003,6500.350835550223,45.86830759978345,920.340934345027,no_domain_randomization,0.45998822144770535,0.7872950834496435,2.351759842769388,0.8403961000000209,1.9764098000000558,2.650600560000043,1.0,1.0,0.4252134855838081,0.43060599695512497,9,0.4256774482183612,0.4550425170068027
0.6191071752412838,0.3264004066504111,0.9187718780663394,0.49679710267975097,1.0,0.22258276803080276,synthetic,0.2705644428277738,0.5774074074074075,synthetic_test__map_004,7085.223584903124,43.81794046550166,910.5915461424369,no_domain_randomization,0.5023082165003497,0.8716063275713328,2.0663810996798815,0.7561564999999746,1.562507500000038,2.2983184400000023,1.0,1.0,0.483937837098354,0.4286244468281398,9,0.44014289913247384,0.5137074829931972
0.5995723628957756,0.4116281566153408,0.9453437790338135,0.5193391448306135,1.0,0.2397454019834241,synthetic,0.4732254825115163,0.5985185185185186,synthetic_test__map_005,5080.876826296323,30.240673533119644,641.18140554199,no_domain_randomization,0.5382368234771382,0.8069194591416816,2.1041797873881123,0.8218552000000727,1.7293310999999676,2.0260548400000515,1.0,1.0,0.4752445613220558,0.5700299913946189,9,0.4651572181011352,0.4964257369614512
0.630809196946885,0.3374325050293663,0.9364712748660704,0.5755851416871889,1.0,0.23597532767921553,synthetic,0.4113796226643194,0.6029629629629629,synthetic_test__map_006,5797.033223814669,37.63403310665453,776.4222536821884,no_domain_randomization,0.554847535243298,0.8713169087248036,1.6026337296638382,0.8386434000000236,1.3440382,1.9078936600000813,1.0,1.0,0.6239728900562674,0.5187338687584844,9,0.3361395129426265,0.5244784580498867
0.5289986542162433,0.3269162567396292,0.9089760264325752,0.47412561997160296,1.0,0.21571042773178523,synthetic,0.21665475107794518,0.41944444444444445,synthetic_test__map_007,7057.450253823858,49.00999866052106,988.4172695007767,no_domain_randomization,0.49170231884073157,0.7757111701529549,2.3088645576016087,0.9259773999999652,2.1379564000000073,2.3832764600000016,1.0,1.0,0.433113322610303,0.3850563517821949,9,0.49289871732350526,0.4604195011337868
0.5829189135003595,0.3443449392859502,0.9321171373637276,0.4472992174418628,1.0,0.20623138802079183,synthetic,0.3543254820484513,0.49796296296296294,synthetic_test__map_008,6925.01117990868,40.96656488783478,857.4694419514547,no_domain_randomization,0.47281732908509333,0.8686049812879081,2.5789350315955226,0.6122022000000698,1.5788297000000284,2.540007459999924,1.0,1.0,0.38775695694099166,0.4951136814558397,9,0.4219329339094858,0.4825538548752834
0.4920591440841202,0.3456011487054801,0.9289775646994681,0.4958941114015805,1.0,0.1598544409593975,synthetic,0.3421216333079794,0.33944444444444444,synthetic_test__map_009,6536.245356272467,42.35594997044812,872.4056172285013,no_domain_randomization,0.5187678554602242,0.7230551704407894,2.259774441145224,0.8552535000000034,1.9326800000000048,2.170674319999966,1.0,1.0,0.44252204193141204,0.4786876872844535,9,0.46473741701959465,0.4528684807256236
0.5753583445140648,0.36587499342106533,0.9380973476761549,0.5011264958573273,1.0,0.3173959516155075,synthetic,0.40923109987676576,0.4488888888888889,synthetic_test__map_010,5099.002217148037,31.046820530348686,655.0890231076032,no_domain_randomization,0.544160641707041,0.8670172782830164,2.495548634532708,0.6853515000000243,1.710328000000004,1.9833744999999907,1.0,1.0,0.4007134888746619,0.5278117822168339,9,0.35823780140080114,0.49276360544217684
0.5393018247866767,0.37802817344703077,0.9182578077861524,0.4583661639398102,1.0,0.32206695917475425,synthetic,0.2543488858392537,0.4629629629629629,synthetic_test__map_011,5894.00919344859,37.41597893829816,775.3602062884349,no_domain_randomization,0.46687559319400795,0.7641989847098208,2.280445393446734,0.819527100000073,1.8688867999999275,2.5908053000000337,1.0,1.0,0.4385108290133489,0.4262322411666817,9,0.5212233090240085,0.4650226757369615
0.5727417192673041,0.3625372692896373,0.9321947505171239,0.4925765616558658,1.0,0.21387923192638053,synthetic,0.36458794846123843,0.4381481481481482,synthetic_test__map_012,6150.885882162341,34.25476256274251,734.0130361390344,no_domain_randomization,0.5251698778318661,0.8942076178099571,2.4008134498828704,0.7764707000000044,1.864161299999978,2.122371799999928,1.0,1.0,0.41652549057853183,0.49552609459873526,9,0.4536541983665219,0.47930555555555554
0.5775778416667163,0.3654538293284332,0.9334875852087287,0.4918639361391835,1.0,0.18703301848142206,synthetic,0.392950983609188,0.47500000000000003,synthetic_test__map_013,5651.904398531351,37.66764276967405,771.0822707270579,no_domain_randomization,0.5378742880174805,0.8724542238097226,2.6007366172945927,0.73769649999997,1.9185542999999825,2.028686599999946,1.0,1.0,0.38450644842315734,0.5024414552707916,9,0.45290682611215466,0.48142857142857143
0.5282576459496583,0.35911990536465804,0.926911584553069,0.5121900701007117,1.0,0.28442582147984585,synthetic,0.32798809402442974,0.4287037037037037,synthetic_test__map_014,5281.098151464487,34.98579746753753,719.7481553591219,no_domain_randomization,0.5488017858778298,0.7875978551516187,2.343222409081519,0.6071110000000317,1.4225960999999643,1.9503566599999886,1.0,1.0,0.42676273328743625,0.46814792212323714,9,0.4330440427153654,0.4483645124716553
0.5487492612974126,0.32341702352371615,0.9243596257451454,0.4902058394821376,1.0,0.20811024424362676,synthetic,0.2893282435604174,0.47777777777777786,synthetic_test__map_015,6100.87565632941,40.194801572668354,823.8867267717728,no_domain_randomization,0.5110627394149649,0.7846172265955462,2.264801806555122,0.8075923000000103,1.8290365000000293,2.229800420000025,1.0,1.0,0.44153973963887394,0.45541746413214057,9,0.42531144304165847,0.4663010204081632
0.582079351472388,0.3340901759091269,0.9244256654443281,0.49639114784174443,1.0,0.16836407449715665,synthetic,0.30385593364805263,0.4851851851851852,synthetic_test__map_016,7067.691696822016,41.31441732364094,871.7280352208367,no_domain_randomization,0.5264615843113963,0.8430415177565213,2.346168774931102,0.8110304000000497,1.9028141999999981,2.1127155999999783,1.0,1.0,0.4262267960792233,0.4557429359783499,9,0.46412395127004813,0.5000453514739228
0.5190579976927461,0.3686520266812161,0.9421505609109955,0.48378164050377825,1.0,0.1759956750266144,synthetic,0.4370589877952611,0.3396296296296296,synthetic_test__map_017,6196.2601793143,36.41088993846982,772.8898194299667,no_domain_randomization,0.5061944246836634,0.788132973386253,2.317576893922485,0.8870532000000004,2.0558140000000016,2.267725099999986,1.0,1.0,0.43148514408404637,0.551065357551865,9,0.42920615549055274,0.4742346938775509
0.5920208649895402,0.334892831778437,0.9335656703221962,0.4677703972134776,1.0,0.22923808747497304,synthetic,0.38970133053017597,0.5055555555555555,synthetic_test__map_018,5682.55554803375,37.26055341147503,770.3606238180905,no_domain_randomization,0.518193376718384,0.8457591969196123,2.8561898822995966,0.6044081000000006,1.7263042999999243,2.1750450600000018,1.0,1.0,0.3501167783686961,0.5028618997427522,9,0.3529696105603304,0.5083843537414966
0.524600549562575,0.3444487990655263,0.9225277144112741,0.4675702980663048,1.0,0.2849813788524849,synthetic,0.2874553541374016,0.4255555555555556,synthetic_test__map_019,5907.946648132634,38.47561915429425,793.511938268768,no_domain_randomization,0.5025232188383042,0.743651631356876,2.590583086386891,0.7054838000000245,1.8276144000000158,2.2966184199999815,1.0,1.0,0.38601348293163945,0.44647199224636264,9,0.43148520101078625,0.46459750566893415
0.5865277649392141,0.36695968604500595,0.9262230602563627,0.48880876419022906,1.0,0.239734350280071,synthetic,0.31455285961100493,0.5418518518518519,synthetic_test__map_020,6741.63957976153,38.79648905147978,820.8833922130073,no_domain_randomization,0.4868826439791464,0.7995709992882248,2.027151485843966,0.7122078000001011,1.4437530999998671,2.4226040600000145,1.0,1.0,0.49330304468275543,0.4646820478279366,9,0.4923314940278412,0.5023441043083899
0.5629627505151434,0.3501023863940325,0.934795383278662,0.448154405952934,1.0,0.19010169487011924,synthetic,0.3863178923449154,0.4529629629629629,synthetic_test__map_021,6201.202586386451,39.98951812630938,824.8008286498351,no_domain_randomization,0.5114798718379184,0.816954932521647,3.3289503756317393,0.5771216999999069,1.921209499999918,2.226571459999991,1.0,1.0,0.30039498555463706,0.5095251066183587,9,0.4184142508894558,0.4909665532879819
0.5801183561346772,0.3901451146043464,0.9447402474334587,0.538837483523842,1.0,0.30321431701346496,synthetic,0.47905936158921303,0.5625925925925926,synthetic_test__map_022,4966.052386323032,30.453015531166802,641.8619601720917,no_domain_randomization,0.5519781370616024,0.788895571175141,1.9678223321509067,0.7777164000000312,1.5304077000000689,1.9279704599998377,1.0,1.0,0.5081759586024013,0.566401211798693,9,0.366676896986889,0.48449263038548757
0.5937524645589112,0.38387952341046205,0.9342629273068689,0.5327533276987282,1.0,0.2947413292428734,synthetic,0.3822394172159995,0.5018518518518519,synthetic_test__map_023,5454.579829391412,33.47426162716019,708.9627009366545,no_domain_randomization,0.4858415014202916,0.8411625415311849,1.557112741040672,1.0351367999999184,1.6118246999999428,2.4311594400000214,1.0,1.0,0.642214255681747,0.5066302982461791,9,0.4410259876853597,0.5159977324263039
0.5901180767326087,0.32446446931321915,0.9183931999668837,0.5386902599897221,1.0,0.13193668582354656,synthetic,0.2705807262602435,0.4694444444444444,synthetic_test__map_000,7336.249575850439,42.63440566749575,895.713098176234,no_priority_bias,0.5547694565487187,0.8835108556832695,1.9953224267501117,0.825342500000005,1.646824400000014,1.9084381399999526,1.0,1.0,0.5011721346853969,0.426861114853837,9,0.49194260916561816,0.5037585034013605
0.5168576997244998,0.32650914150995736,0.9284744615086731,0.5416731002413449,1.0,0.18858228688809509,synthetic,0.32419846476061864,0.4462962962962963,synthetic_test__map_001,6723.62694014334,44.61824952405551,901.2527524381039,no_priority_bias,0.5650687225597086,0.7558850694951265,2.053036861558808,0.7887024000000338,1.619235099999969,1.8374894200000649,1.0,1.0,0.4870833148318295,0.47610158353065946,9,0.41473526780429265,0.43262471655328805
0.6363397489913936,0.3509678463915322,0.9396887442311435,0.5382874468519165,1.0,0.24042982896469878,synthetic,0.4291977227464834,0.5966666666666667,synthetic_test__map_002,5464.876752716355,32.97674955879333,694.7704811514251,no_priority_bias,0.5556038139556638,0.8920823519746445,2.00850565882337,0.7575779999999668,1.5215997000000243,1.9026250399999751,1.0,1.0,0.49788259027650617,0.5368342898534906,9,0.35160296547272074,0.5283049886621315
0.5466057704988234,0.33068634045380163,0.9190144543973288,0.4775600064439142,1.0,0.25551222750196845,synthetic,0.27785603580519225,0.42944444444444446,synthetic_test__map_003,6535.080519131395,45.96605943257609,923.0784392084435,no_priority_bias,0.4675546295188222,0.8117065287073117,1.9963830094186124,0.863673800000015,1.7242237000000387,2.5849633000001178,1.0,1.0,0.5009058859357957,0.42975745673991106,9,0.4238966776162306,0.4726360544217687
0.6097132711753919,0.3359687789681328,0.9197823068685409,0.5352684658593853,1.0,0.23483853944987398,synthetic,0.27772004290681396,0.5711111111111111,synthetic_test__map_004,6993.851265200274,43.272210611070086,898.0452383071765,no_priority_bias,0.5446940657648649,0.8571353976267374,1.948271826670666,0.7382939999999962,1.4383973999999853,1.9795609199999487,1.0,1.0,0.5132753994132663,0.43336168514785833,9,0.45014282272069855,0.5053032879818594
0.6154624905517764,0.40576701382304275,0.9450552608753642,0.5688074188243293,1.0,0.23322178152593262,synthetic,0.47013148603157895,0.6018518518518519,synthetic_test__map_005,5120.451902359201,30.440815048401994,645.9598924552431,no_priority_bias,0.56054904805677,0.8396296296296298,1.7004577359369486,0.871441300000015,1.4818490999999767,1.8684085400000185,1.0,1.0,0.5880769506153013,0.5682926518522373,9,0.4572888708262675,0.5101842403628118
0.5836524861069033,0.34610927003429026,0.9375660001070845,0.5575154418586247,1.0,0.2396400388318519,synthetic,0.4204877684186479,0.536111111111111,synthetic_test__map_006,5791.5028801881945,36.93178035151552,763.535836979093,no_priority_bias,0.568775255838823,0.8167414637019902,1.8823793651002996,0.7074694000000363,1.3317257999999583,1.8123818999999908,1.0,1.0,0.5312425425714952,0.5248298128135107,9,0.34757135344950135,0.4908786848072562
0.5261103145464165,0.32289644101144743,0.9088355867093386,0.47080891259841134,1.0,0.20953889881902316,synthetic,0.21045845660713006,0.4040740740740741,synthetic_test__map_007,7128.557732711687,49.07848632816983,991.5236953315388,no_priority_bias,0.4985603168265388,0.7767844176716829,2.462716709680591,0.8492986999999914,2.0915820999999823,2.328094259999943,1.0,1.0,0.40605563606611406,0.38446184077829926,9,0.4921281412354902,0.46179138321995467
0.5567335900484855,0.35569746814523034,0.9340303452633265,0.5157978605471285,1.0,0.21035137170168752,synthetic,0.3712615569223138,0.41870370370370374,synthetic_test__map_008,6906.411905673802,39.784982984681314,838.5124895428285,no_priority_bias,0.5398646955036032,0.8600447154471546,2.175606647711257,0.6107786999998552,1.3288142000001244,2.014265759999898,1.0,1.0,0.45964191231535456,0.5053704688096025,9,0.4329202007424965,0.47409297052154187
0.5004247314051231,0.3501162452518076,0.9294450736145197,0.4841753864124563,1.0,0.15937900182880627,synthetic,0.34715442266090873,0.34259259259259256,synthetic_test__map_009,6519.28618220784,42.07780377150092,868.1611208463311,no_priority_bias,0.5283824058694744,0.73942379334536,2.624495059857076,0.7230560000000423,1.897656900000129,2.0984116200000242,1.0,1.0,0.38102567434608076,0.4811021508169813,9,0.47191861715821987,0.4598412698412699
0.5533072406087066,0.3685571323657248,0.9388077004355678,0.5199713982729349,1.0,0.30884125776167864,synthetic,0.4156785261581881,0.39592592592592596,synthetic_test__map_010,5189.626266159953,30.584824697839608,649.4431681079834,no_priority_bias,0.5697498363893435,0.8506647145134354,2.4763403672567206,0.614986300000055,1.522915399999988,1.8058172000000468,1.0,1.0,0.40382170933464845,0.531822162707364,9,0.36464833442484834,0.48331916099773253
0.5665528055985819,0.3792885166621729,0.9181129066375429,0.45029979460307146,1.0,0.32440846391768524,synthetic,0.25683653751952595,0.5135185185185185,synthetic_test__map_011,5905.9802898286935,37.49340686007944,777.8205107661033,no_priority_bias,0.43105664509913244,0.7865135655538135,2.0193841623590094,0.7443293000001177,1.5030868000000055,2.912852239999983,1.0,1.0,0.4952004767789292,0.4255601237901082,9,0.5207340313772938,0.48308956916099777
0.5746016805682638,0.36902482096157685,0.9327208033179109,0.5297652164991903,1.0,0.22300106204851577,synthetic,0.3736356622891377,0.4244444444444444,synthetic_test__map_012,6083.874840674338,33.93180548275144,727.1750187244502,no_priority_bias,0.5288132209937862,0.9032253163773633,1.8797468094418028,0.8276137999999946,1.5557043999999962,2.0952124600000612,1.0,1.0,0.5319865393451331,0.4983295414736578,9,0.4562551841206244,0.4853684807256236
0.6031645005220088,0.3626246986595679,0.9333858429645742,0.4898696750150154,1.0,0.17570545025581552,synthetic,0.3924815958690951,0.5116666666666666,synthetic_test__map_013,5728.881991902212,37.730697506145425,775.8977924219506,no_priority_bias,0.522143339814029,0.899233965806856,2.4121701287976216,0.731683299999986,1.7649446000000353,2.145114280000007,1.0,1.0,0.4145644571506502,0.501894105127811,9,0.4533244438535769,0.5008786848072562
0.5497981381919553,0.3680713785537027,0.9280472244914176,0.5653071772986982,1.0,0.29149443606193054,synthetic,0.3412244495579222,0.4857407407407407,synthetic_test__map_014,5229.011934608825,34.32139144498993,706.9857475202732,no_priority_bias,0.5466862941628339,0.8028565739318428,1.6426945388419067,0.80884489999994,1.3286851000000297,1.965361040000016,1.0,1.0,0.6087559046157152,0.47391533551340737,9,0.4394230304823683,0.455297619047619
0.5341164489734467,0.33370174370098515,0.925203698274579,0.5009445859823775,1.0,0.21961257678838295,synthetic,0.30561445830451917,0.44166666666666665,synthetic_test__map_015,5987.603895494168,39.71375600826371,812.7640358944551,no_priority_bias,0.5167662441547515,0.7776392652815418,2.155045230918418,0.7758851999999479,1.6720677000000705,2.18592904000011,1.0,1.0,0.4640273835801715,0.4595932068787085,9,0.4295838477432692,0.4585799319727891
0.5918006668823325,0.34793171699690084,0.9260210600009912,0.5365578958833407,1.0,0.17793751155810705,synthetic,0.3148348550884084,0.5072222222222222,synthetic_test__map_016,6988.456089464147,40.40126385318897,854.1239692111735,no_priority_bias,0.5412528537968804,0.8521686539238877,1.9025766809808657,0.8158867999999302,1.5522871999999666,2.004248980000011,1.0,1.0,0.5256029940850815,0.4636696154093566,9,0.4831378495660778,0.5039058956916099
0.5453202269104424,0.3756410486232131,0.9425877663614125,0.4911644943196729,1.0,0.18471663872719868,synthetic,0.44111440608390584,0.4096296296296297,synthetic_test__map_017,6122.667220084778,36.11568207167698,765.6664515570362,no_priority_bias,0.5061920636902657,0.8018893732502347,2.1925008474216927,0.8384254000000055,1.838248399999884,2.2677435999999487,1.0,1.0,0.4561001657882898,0.5536279258399973,9,0.437679617030116,0.4848809523809524
0.5711459913567565,0.34957432944766365,0.9348209342804139,0.47945236284750126,1.0,0.2478333507723397,synthetic,0.4065358593222006,0.477037037037037,synthetic_test__map_018,5555.154925838873,36.47690612455841,752.9091153644406,no_priority_bias,0.5284775973163167,0.8184936404081296,2.739274616802586,0.6213763999999173,1.7021205999999438,2.097704459999954,1.0,1.0,0.3650601490869318,0.5096643935527924,9,0.3633211024795214,0.4945266439909297
0.5276106476575464,0.3526441518822148,0.9235817557110814,0.4670987166845781,1.0,0.2915656453556165,synthetic,0.2977929017127565,0.45351851851851843,synthetic_test__map_019,5864.104422283297,37.88493013696129,782.044570401827,no_priority_bias,0.5173286791982287,0.739526112927994,2.8579964114944842,0.6373684000000139,1.8215966000000208,2.1816351999999366,1.0,1.0,0.3498954708193936,0.4515995010773779,9,0.4388130623596147,0.45869897959183675
0.6041205738737855,0.37568258926576303,0.9273259040119398,0.48288856039976363,1.0,0.24528067044950508,synthetic,0.32392375795001693,0.5503703703703704,synthetic_test__map_020,6706.864020792536,38.15567073146323,810.5787849985768,no_priority_bias,0.49291875319167067,0.8299101110658146,2.1763506640050165,0.7199643999999807,1.5668949999999313,2.373422219999884,1.0,1.0,0.4594847772186472,0.470244706855858,9,0.502472765927202,0.5181009070294784
0.5531968422993735,0.3588148709415144,0.9359926517226596,0.48899209170958685,1.0,0.19987989250152277,synthetic,0.39933401846861294,0.46611111111111114,synthetic_test__map_021,6123.90423998818,39.23338643395157,808.5591917330477,no_priority_bias,0.5415985833232791,0.7971694553652947,2.730423055057553,0.6846011999999746,1.8692508999999973,2.0017594200000532,1.0,1.0,0.3662436112776383,0.5160887497811868,9,0.4226949783802978,0.47475340136054417
0.5676946101654883,0.3904853145403342,0.9451133778593391,0.561860187471692,1.0,0.2952456967671663,synthetic,0.4845682468427627,0.5637037037037037,synthetic_test__map_022,5037.023002476716,30.19485080801526,637.7794933615814,no_priority_bias,0.5996670750185413,0.7660033083868207,2.1112898167683265,0.7066244000000097,1.491888900000049,1.6115826799999922,1.0,1.0,0.4736441165290434,0.5686422250204946,9,0.3676875098839392,0.4705357142857143
0.604856345049164,0.3882010494482628,0.9346051515472255,0.4953489359780474,1.0,0.29992703023641165,synthetic,0.3825483157915209,0.5212962962962963,synthetic_test__map_023,5416.525650708726,33.260119912281965,704.5126514900644,no_priority_bias,0.47520652667826657,0.8512810113380016,1.8438349564448824,0.899137200000041,1.657860600000049,2.5197845799999294,1.0,1.0,0.5423478910108693,0.5084891672989414,9,0.44831845340531895,0.5234240362811792
0.5918622177478909,0.3287787631846786,0.9187025490224259,0.5402386410592499,1.0,0.1419836012481288,synthetic,0.27269903798506323,0.4855555555555556,synthetic_test__map_000,7251.13027327982,42.468516667065266,890.1255088194459,no_resource_shaping,0.5549416856272728,0.8776926351638994,1.976552016893112,0.8207400999999663,1.622235499999988,1.907237240000063,1.0,1.0,0.5059315370671967,0.4283011235381294,9,0.49459549894468563,0.5021003401360544
0.530280706062868,0.3177154737123567,0.9272533225274625,0.5718193554571502,1.0,0.17338444534528266,synthetic,0.3138754340670713,0.4759259259259259,synthetic_test__map_001,6848.48760669852,45.335347175964614,915.9365588597478,no_resource_shaping,0.5959229451729948,0.7679633382348436,1.9395720654787716,0.7248865999999907,1.4059697999998662,1.6351351199999384,1.0,1.0,0.5155776461201796,0.469876777524504,9,0.4112824011314027,0.43861678004535143
0.6250851307759999,0.357852733545635,0.9403089964670883,0.5086063723671426,1.0,0.2462083107715133,synthetic,0.4415482303061585,0.5907407407407407,synthetic_test__map_002,5407.152269256121,32.567331146258844,686.1400995431037,no_resource_shaping,0.5339659530302935,0.8711360635423977,2.2250207173740097,0.7392346000001453,1.6448123000000123,2.0572042000000237,1.0,1.0,0.4494340174864571,0.5403882691289636,9,0.3543969381140031,0.5192318594104308
0.5523479308132414,0.3379505435849019,0.9198009014135515,0.4517109395625724,1.0,0.26272238439914347,synthetic,0.28431460783432133,0.4553703703703704,synthetic_test__map_003,6455.163646358649,45.54075879168474,913.7584268905698,no_resource_shaping,0.4617986611400028,0.8111585410912121,2.3355049965509402,0.8190650000000232,1.9129304000000502,2.6347867600000883,1.0,1.0,0.4281729225485683,0.4334493025809819,9,0.43189958685775887,0.4714314058956916
0.6139953471241345,0.33088182475641215,0.9194606240344746,0.4972590006030624,1.0,0.2241702476250822,synthetic,0.2734291550733567,0.5924074074074075,synthetic_test__map_004,7099.13882273731,43.446536714753115,903.5688436740569,no_resource_shaping,0.5033943123139566,0.8557055003635067,2.0706365640278888,0.7782485000000179,1.6114697999998953,2.2897396599998494,1.0,1.0,0.4829432732776428,0.43184843772005427,9,0.4478476464361669,0.5039342403628119
0.6317255605946082,0.407482491260241,0.9451705739918664,0.5367721009535878,1.0,0.23602413727939217,synthetic,0.4715004845372912,0.6546296296296297,synthetic_test__map_005,5111.02716351888,30.360889707196787,644.1784732060627,no_resource_shaping,0.5553501021297635,0.8425220458553793,2.0266568956278768,0.8480844999999135,1.718776299999945,1.9043914600000789,1.0,1.0,0.4934234315425112,0.5689864482168658,9,0.4586282183808527,0.514875283446712
0.6102341985152137,0.34370815620865003,0.9373618519664356,0.5178507756544993,1.0,0.2351564150315978,synthetic,0.4187937321103515,0.5911111111111111,synthetic_test__map_006,5813.389367064414,37.06329951981709,766.35751984854,no_resource_shaping,0.5437307770021607,0.841259923312555,2.1859638542713618,0.6861612999999807,1.4999237999998059,1.9864512600000124,1.0,1.0,0.45746410584328984,0.5236881533664484,9,0.34585311553031883,0.5042828798185942
0.517791254589726,0.3280802290030324,0.909420175313732,0.47470635848674886,1.0,0.21416905229751165,synthetic,0.21937341748860936,0.40555555555555556,synthetic_test__map_007,7083.9202131878765,48.79277454300532,985.0715637846174,no_resource_shaping,0.49272377369270226,0.761119666884981,2.311253114880309,0.8977070000000822,2.0748281000000475,2.374999800000114,1.0,1.0,0.43266572300619105,0.3869419778022967,9,0.4943931745191029,0.45224489795918366
0.5789515743966964,0.35306692203926365,0.9333343397572333,0.495072208893679,1.0,0.21121961410886117,synthetic,0.3668893387364702,0.49796296296296305,synthetic_test__map_008,6911.8733228722,40.21735560947699,844.2608449468531,no_resource_shaping,0.507158138773494,0.8645100012904892,2.1419160499330867,0.7339339000000109,1.5720248000000083,2.260182480000059,1.0,1.0,0.4668717058407774,0.5016172342193621,9,0.4296268748857094,0.4766666666666667
0.5180495983682253,0.3601979135795506,0.9304795281053139,0.4711388693016533,1.0,0.17163846607165906,synthetic,0.35775720312100084,0.37592592592592594,synthetic_test__map_009,6395.87174753726,41.45785818793951,855.6096736891903,no_resource_shaping,0.5114853391229115,0.7530978643723719,2.6525402531279725,0.7440105000000585,1.9735178000000246,2.2265291600001547,1.0,1.0,0.37699710638538414,0.4864836228965074,9,0.4801831899232139,0.4715873015873016
0.5553642529617604,0.36723571956951934,0.9389329875449967,0.5183570257997813,1.0,0.3069818523368475,synthetic,0.41532358954295506,0.4155555555555555,synthetic_test__map_010,5212.243411053608,30.503014115678425,648.1851152936447,no_resource_shaping,0.5657248908237409,0.8472790073118941,2.451989990558428,0.665251899999987,1.6311909999999443,1.8330283599999802,1.0,1.0,0.40783200741054215,0.5325323240108466,9,0.362817500363183,0.4793112244897959
0.554771327272986,0.38359483906216557,0.9186906726974218,0.4402689082471504,1.0,0.3275871865907778,synthetic,0.2616043066058166,0.5074074074074074,synthetic_test__map_011,5866.6745399235415,37.184021675396124,770.8762690988411,no_resource_shaping,0.44957641837275597,0.7703400332038106,2.3891929085508363,0.70892710000021,1.6937636000000111,2.74289023999994,1.0,1.0,0.41855138462073765,0.4282457590738175,9,0.5253413377560883,0.47066893424036277
0.5814325474179275,0.3620216737245644,0.9321659711441868,0.4935438293986578,1.0,0.21452099216856496,synthetic,0.3627201998838429,0.4448148148148149,synthetic_test__map_012,6158.713742356207,34.272383676227186,734.9632367804426,no_resource_shaping,0.531819356313007,0.9062328351743556,2.473813040182494,0.7616749000001164,1.8842412999999851,2.072981159999926,1.0,1.0,0.40423426659850964,0.4953731335441808,9,0.4535983893076954,0.4873412698412698
0.5814755533644829,0.3673189730203405,0.9339374525705048,0.49358816789612076,1.0,0.1775063293612867,synthetic,0.39843128866604727,0.4951851851851851,synthetic_test__map_013,5725.819064894277,37.388095082902794,768.919452910493,no_resource_shaping,0.536883965114956,0.8673610192024515,2.5473511758974228,0.6779630999999426,1.7270100999999158,2.035887339999999,1.0,1.0,0.392564641052172,0.5048680844962365,9,0.45872859911725566,0.48167800453514736
0.5626902089987728,0.36209747843314755,0.9274718804054344,0.5503124118817332,1.0,0.28592511987327723,synthetic,0.3304779128770894,0.5133333333333333,synthetic_test__map_014,5297.281963485009,34.6589114705781,714.1108123291519,no_resource_shaping,0.5807284995018906,0.8161293167207146,2.0861951551241193,0.6283381000000645,1.3108359000000291,1.732915940000066,1.0,1.0,0.47934154076803254,0.47098547418017667,9,0.4373723223946174,0.46064909297052153
0.5609169257886835,0.3243846153639171,0.9246118148022394,0.4957464275050471,1.0,0.20450061742288841,synthetic,0.2923270988679216,0.5211111111111112,synthetic_test__map_015,6139.462345874085,40.0514901919054,821.7498882794812,no_resource_shaping,0.5356030642423277,0.7836790410232145,2.482944601074372,0.6988872000000015,1.7352981999999884,2.0452262999999675,1.0,1.0,0.40274760845139246,0.4566614865345968,9,0.42736244101105614,0.4694387755102041
0.5836751798420502,0.3435337141262991,0.9257681381684625,0.547883032281123,1.0,0.16907424954909997,synthetic,0.314787814800896,0.5198148148148148,synthetic_test__map_016,7051.546671741034,40.546975025792534,857.1232522075308,no_resource_shaping,0.5547065459203149,0.8328110746214131,1.8798352872193802,0.7418975000000501,1.3946450999999342,1.9088769199998747,1.0,1.0,0.5319615004563419,0.4624047614805062,9,0.4777235413967762,0.4910374149659864
0.530616426002275,0.36870907729676833,0.9421216997447445,0.48780569472725394,1.0,0.17856356096929024,synthetic,0.43679111616854277,0.3748148148148148,synthetic_test__map_017,6176.6873479981095,36.43033410303837,772.30701156553,no_resource_shaping,0.516960830456189,0.7951508891942851,2.3822169712285457,0.8259178000000702,1.967515399999911,2.1844428399999285,1.0,1.0,0.4197770446930721,0.5508965714010963,9,0.4279782409886395,0.47625
0.5789821404403397,0.34089222241482486,0.9340545473947054,0.4861668639110019,1.0,0.23792460470991383,synthetic,0.39485540855694234,0.48814814814814816,synthetic_test__map_018,5636.747877418213,36.956479160575995,763.1055849944561,no_resource_shaping,0.5490902166208023,0.828506037195977,2.9468473525343812,0.5567304999999578,1.6405998000000181,1.9483168200000818,1.0,1.0,0.33934570758813437,0.5055014331706952,9,0.3580291956060414,0.4996371882086168
0.5120432276617087,0.3557610130317543,0.9235626504926329,0.4738201282175608,1.0,0.295078741995499,synthetic,0.2971677698314037,0.42518518518518517,synthetic_test__map_019,5816.492296244509,37.89569087770412,780.6696005216509,no_resource_shaping,0.5375809704924601,0.7256407866861397,3.0764987134360458,0.6000480000000152,1.8460468999999193,2.030817560000105,1.0,1.0,0.3250448295761291,0.4515060918695409,9,0.4449565202297206,0.44867346938775504
0.6149059538905195,0.3700771015219282,0.926926234457564,0.5246959643252987,1.0,0.23559574807324996,synthetic,0.31882327991436454,0.5816666666666667,synthetic_test__map_020,6782.210248145103,38.388695949723974,815.7148560101331,no_resource_shaping,0.5269406879591072,0.8353891216845273,1.9250824300962122,0.717881000000034,1.3819800999999643,2.109141639999916,1.0,1.0,0.5194582758464124,0.4682219185029002,9,0.49897504133397014,0.5212840136054422
0.5507552631983869,0.3565694427547509,0.9358304336802156,0.5061753419966317,1.0,0.19807050164191528,synthetic,0.39801561090976306,0.4672222222222222,synthetic_test__map_021,6144.062476457391,39.33634557390014,810.6935296783413,no_resource_shaping,0.5459313621897671,0.7916208260361777,2.418898594175862,0.7031104999998661,1.7007529999999633,1.970733940000036,1.0,1.0,0.41341129487931594,0.5151950072469111,9,0.41936588381463746,0.4720890022675737
0.5793011461074057,0.3953616542493239,0.945621675766027,0.5664326722267625,1.0,0.3052130944762887,synthetic,0.48582940370250227,0.5798148148148149,synthetic_test__map_022,4961.781260155177,29.84168609853079,630.5520492454714,no_resource_shaping,0.5934570974229774,0.7783591573699099,1.9865878299818711,0.702667799999972,1.3959113000000798,1.6507624200000006,1.0,1.0,0.5033756801022614,0.5717078909014361,9,0.37254522333593987,0.4795153061224489
0.6113061439465985,0.3812495124362112,0.9341623973737834,0.5408171035688888,1.0,0.289743260726778,synthetic,0.37988190818244877,0.545925925925926,synthetic_test__map_023,5504.514251506178,33.537032711728095,710.8848520845918,no_resource_shaping,0.49233259669395457,0.8509879922640962,1.5291744629268067,0.9995711000001393,1.5285185999998703,2.3781670400001076,1.0,1.0,0.6539476196104019,0.5060854103593049,9,0.439637573476649,0.5241553287981859
0.15639397029565338,0.868928333212766,0.9681514176393228,0.6573773510096195,1.0,0.8343140821466991,synthetic,0.8539248764153886,0.1375925925925926,synthetic_test__map_000,1404.8881860428621,8.462695828012286,177.9203057283301,no_return_reserve,0.7637469268598623,0.22527920695736783,2.4439022162491666,0.24524320000000444,0.5993504000000485,0.7621067799998853,1.0,1.0,0.40918167402571953,0.7234905405437976,9,0.9036902648267628,0.13135204081632654
0.11853158327479507,0.8693280063735017,0.9758277182398354,0.6661416838170887,1.0,0.8457104845456912,synthetic,0.8681792979392231,0.09444444444444444,synthetic_test__map_001,1305.3226121732275,9.269837018570739,185.45454753113518,no_return_reserve,0.7765121065380157,0.17261272765700342,2.4473172293235916,0.17056619999993927,0.417429600000105,0.7089866000000711,1.0,1.0,0.408610697468259,0.7829454420852148,9,0.8850940773958772,0.10353458049886621
0.1022920113352414,0.871188853309094,0.9736091784993285,0.6296289543425381,1.0,0.8520189609897896,synthetic,0.890466358264772,0.05425925925925926,synthetic_test__map_002,1114.6307601561382,6.654478767848042,140.28036417416166,no_return_reserve,0.7583483986751705,0.16640538472116218,3.0368960005373764,0.20864050000000134,0.6336195000001226,0.7850657199999204,1.0,1.0,0.3292835842330626,0.7653262238026683,9,0.8663022191724409,0.0942517006802721
0.1447227999795514,0.8415755446436357,0.9698848016865272,0.6494520493215838,1.0,0.8289639612252389,synthetic,0.8226996763827698,0.08,synthetic_test__map_003,1534.5043906505427,10.623694220970252,215.32695992929058,no_return_reserve,0.683716370494287,0.23781410241253667,1.7559201875912427,0.36231960000009167,0.6362043000001449,1.1348897800000939,1.0,1.0,0.5695019665852763,0.7365488214239896,9,0.8659741690083913,0.13053854875283447
0.15291956957290176,0.8443105721834668,0.9680782827083083,0.6155691009448433,1.0,0.8207995677620423,synthetic,0.8297910711149622,0.14240740740740743,synthetic_test__map_004,1589.0228998530001,9.912305388535906,205.56713515706764,no_return_reserve,0.73838264357308,0.2233468346030205,3.039475170288356,0.23109210000006897,0.7023987000000034,0.8726059599999185,1.0,1.0,0.3290041681456242,0.7229441957601341,9,0.8717095133817988,0.12296201814058956
0.15693573108255648,0.8572000121627121,0.9739418060690879,0.6727960571098878,1.0,0.8235119506096933,synthetic,0.8734294946791619,0.13666666666666666,synthetic_test__map_005,1229.7061590036783,7.4408717860584765,157.60460262661684,no_return_reserve,0.7350854619143004,0.22362727807172256,1.895899522206078,0.23899409999989984,0.45310879999988174,0.8874700200001366,1.0,1.0,0.5274541125662583,0.7679449371156359,9,0.8640542534314554,0.13372448979591836
0.09571445268390757,0.8764951415925526,0.9756296561777164,0.6636284052062139,1.0,0.8517732580955021,synthetic,0.8908430783613616,0.05888888888888889,synthetic_test__map_006,1156.1046426153196,7.379760612313087,152.29986139371562,no_return_reserve,0.7789303807906844,0.14684874044084573,2.5342731156905622,0.18405680000000757,0.4664502000000539,0.6991052599999874,1.0,1.0,0.3945904621757828,0.7813577619385318,9,0.8793918741055011,0.08856009070294783
0.10727061557009893,0.874200225220487,0.9689860263677051,0.668472959000959,1.0,0.8644230673174117,synthetic,0.8407424893306935,0.065,synthetic_test__map_007,1284.0605593270063,9.301089417669822,186.49714110996106,no_return_reserve,0.7492336127489577,0.1623817820082869,2.0831969117594755,0.19754940000007082,0.41153430000008484,0.8245101400000747,1.0,1.0,0.4800314335889623,0.7297517445152786,9,0.9095864678134783,0.10085034013605441
0.1492222913555666,0.8592198717718083,0.9747534710548756,0.6247853970200138,1.0,0.8330923856084211,synthetic,0.8605731255795437,0.11018518518518519,synthetic_test__map_008,1466.388161490853,8.796363498699913,184.89222003880764,no_return_reserve,0.7147255137971622,0.23548515937540326,2.410073386393825,0.21922319999998763,0.528344000000061,0.9819046799999797,1.0,1.0,0.4149251245400011,0.7743689018476354,9,0.8743654535421567,0.125609410430839
0.09000063540913203,0.8909353895150094,0.9757383002895681,0.6710008671076814,1.0,0.8582543837385914,synthetic,0.8889289279621805,0.04925925925925926,synthetic_test__map_009,1129.1678755574637,7.388071152992367,152.21088847370004,no_return_reserve,0.7529496947368896,0.13725121888520536,2.0842585010621506,0.2030893000001015,0.423290599999973,0.8083245600001191,1.0,1.0,0.4797869359728623,0.7822283020193124,9,0.9131166719839958,0.08674603174603175
0.13742760485603206,0.8516862888485834,0.9694041764726787,0.6428401873445189,1.0,0.8390718509936949,synthetic,0.8717777094687212,0.1075925925925926,synthetic_test__map_010,1268.6865274255351,7.419852432538308,157.80116266033153,no_return_reserve,0.7307684505920333,0.20089900596985763,2.284804334229021,0.21536470000000918,0.4920661999999538,0.9071101000001361,1.0,1.0,0.4376742397669854,0.7329069913992156,9,0.8419903194652685,0.120609410430839
0.15233591126918197,0.8509127768613031,0.9607757427882487,0.6490537130830977,1.0,0.8569521761965251,synthetic,0.8205091823866043,0.1383333333333333,synthetic_test__map_011,1406.3921153352262,9.308071195835138,191.6516928367829,no_return_reserve,0.6937842303852912,0.21297743192480043,1.8359319216285472,0.28079989999991994,0.5155294999999569,1.0839671200000334,1.0,1.0,0.5446825060446462,0.6702244958755622,9,0.8737412974421507,0.12901643990929706
0.1643694482016328,0.848452054159307,0.9678371425885793,0.6858965763290226,1.0,0.815384199484974,synthetic,0.8500610915964383,0.13722222222222222,synthetic_test__map_012,1428.1501801719871,8.263416270857451,176.18667746034797,no_return_reserve,0.7264861123433147,0.25240409666140656,1.6915102756969087,0.3075411999998323,0.5202090999998745,0.9267943400000598,1.0,1.0,0.5911876589623413,0.7211454200491265,9,0.8677115555732753,0.13392573696145124
0.11538320532429047,0.8746220548630136,0.9731006549519862,0.6426850289539303,1.0,0.8386783321856961,synthetic,0.8788351319207539,0.08444444444444445,synthetic_test__map_013,1153.268229323815,7.842732196248134,159.61590790647654,no_return_reserve,0.7445024996578888,0.17789336551484888,2.4684596843847157,0.13927730000000338,0.3438003999999637,0.8453265400000871,1.0,1.0,0.40511093064469406,0.7613382484428917,9,0.893400439110814,0.09959750566893426
0.09055562497798803,0.8772005617541333,0.9668316601087517,0.7372930144828103,1.0,0.8665125242247456,synthetic,0.8687048989259195,0.05092592592592592,synthetic_test__map_014,994.6863369455027,6.6995350103405436,136.8596728435897,no_return_reserve,0.7910407447692389,0.1537285467751418,1.6343029899802008,0.2347807000001012,0.38370279999980994,0.6504738200000701,1.0,1.0,0.611881643814477,0.713688394841961,9,0.8913142901846878,0.07878401360544218
0.08936781525317143,0.8727942848223804,0.9699841872738109,0.689387498994716,1.0,0.8513350244331757,synthetic,0.8642125496957604,0.03555555555555556,synthetic_test__map_015,1144.2532548863462,7.721481573593869,157.2279224456748,no_return_reserve,0.7430641953660249,0.15210278028706212,1.772603747142735,0.2360571000001528,0.41843569999991814,0.8517018800001551,1.0,1.0,0.5641418741283284,0.7373039224574398,9,0.8937153408014259,0.08490646258503402
0.15016200311542163,0.8508104205649294,0.9697132763241482,0.6923554638664406,1.0,0.8250097546690739,synthetic,0.8439809942185366,0.125,synthetic_test__map_016,1477.5385674300624,9.115519010860725,190.18817264033072,no_return_reserve,0.724738208960013,0.22729200339139174,1.62128231269707,0.2688532999998188,0.43588709999994535,0.934887040000103,1.0,1.0,0.6167957253147719,0.7352472616101227,9,0.8729115848029328,0.1241780045351474
0.13318335668363512,0.8641107613616669,0.9776793358494041,0.7020243795977454,1.0,0.8321624863674484,synthetic,0.8767704447574959,0.08240740740740742,synthetic_test__map_017,1283.5175350038578,7.972174772026616,167.27840997180772,no_return_reserve,0.7515333170304473,0.21250855900967278,1.7050195887522834,0.27977789999999914,0.477026799999976,0.8144766599999911,1.0,1.0,0.5865035255881078,0.7979292044827955,9,0.873001210261703,0.11890873015873016
0.10068200985102299,0.8776447894419364,0.9732054413042481,0.6396912678360976,1.0,0.8511415600482675,synthetic,0.888300178408821,0.09462962962962963,synthetic_test__map_018,1163.1761924822597,7.389587672846015,152.46764468981303,no_return_reserve,0.7769831517972587,0.1358535118152787,3.1314239342517993,0.16241409999997813,0.5085873999998967,0.7070573600000897,1.0,1.0,0.31934353859338854,0.762158477335018,9,0.8848858424669555,0.08612244897959183
0.11598352404524265,0.8780312347934608,0.9666311142926682,0.7191959374433283,1.0,0.859943077058623,synthetic,0.8790349995390806,0.08851851851851851,synthetic_test__map_019,1173.9802887524736,7.862669536057526,161.77592850730298,no_return_reserve,0.7074134797070555,0.15713326473728198,1.3392468423568047,0.2737010000000737,0.36655319999999847,1.0169608200000309,1.0,1.0,0.746688338827965,0.7122094021268898,9,0.8884580392253172,0.10914115646258503
0.16795426151870263,0.8504162832828867,0.9679613369878174,0.6283047943000473,1.0,0.8233088280875838,synthetic,0.8308634589271092,0.15907407407407406,synthetic_test__map_020,1559.8270884187614,9.145242610629962,193.69355609309125,no_return_reserve,0.7173212532873303,0.230265647737698,2.377557436518024,0.23155999999994492,0.5505471999999827,0.9696070000000416,1.0,1.0,0.42059972332972034,0.7220713398492024,9,0.8844671640912563,0.14123866213151925
0.14566330565760519,0.864982343571022,0.9756619938800104,0.7044297631814727,1.0,0.8411847368422051,synthetic,0.8693424297686988,0.12944444444444442,synthetic_test__map_021,1274.0437725807033,8.644556746374572,176.473529432234,no_return_reserve,0.7686034654639294,0.20568610244901495,1.8028051212483478,0.23362270000006902,0.4211761999999908,0.7417052400000554,1.0,1.0,0.5546911245224068,0.7816167852636259,9,0.8760407723535653,0.1237613378684807
0.14529562242151844,0.8514382744083757,0.9734099860915473,0.6494969478076348,1.0,0.8418993565512817,synthetic,0.8613794068270643,0.13537037037037036,synthetic_test__map_022,1270.6566471753474,7.717067677125706,162.59424264571166,no_return_reserve,0.7589956345232918,0.20105021455379873,2.5380709878007153,0.23371339999994234,0.5931812000001173,0.7822974400000475,1.0,1.0,0.39400001213776853,0.7637618702539108,9,0.8487016072027073,0.12238095238095238
0.13575273752834616,0.8562342886972456,0.9689930307979853,0.6055083993099433,1.0,0.8456923083497839,synthetic,0.8542845322560363,0.05777777777777778,synthetic_test__map_023,1217.4384607195136,7.764593907614211,163.750923095577,no_return_reserve,0.6449317569296638,0.22603249206349796,1.9473416809801514,0.2832335000000512,0.5515523999999914,1.3429632200000916,1.0,1.0,0.5135205648639288,0.7298044972005713,9,0.8645290633004672,0.12960034013605443
0.5670869823024995,0.33829697357686384,0.9210687415465346,0.3033398518989935,1.0,0.13204347776666583,synthetic,0.29682554997513644,0.4148148148148148,synthetic_test__map_000,7330.071581395087,41.18288739058682,872.8162648708906,priority_resource_greedy,0.2718682055290097,0.8694061302681992,2.654113112035937,1.6925007,4.4920883000000025,4.73153732,1.0,1.0,0.3767736934289558,0.43946109989644916,9,0.503492904109749,0.492063492063492
0.44286308508331196,0.41683777651878434,0.9398520260507042,0.39993648414742844,1.0,0.3005589299214894,synthetic,0.4312688820661515,0.3592592592592593,synthetic_test__map_001,5887.215263389572,37.51429776569091,766.2933885545125,priority_resource_greedy,0.3607897069453029,0.6502316298268228,2.0355033956194655,1.6612579999999966,3.381496299999995,3.630937539999996,1.0,1.0,0.4912789642857214,0.5377678314331297,9,0.47688483828814743,0.3809807256235828
0.5170715434596458,0.3702894588205158,0.9409713363252982,0.3078423427830276,1.0,0.2670460046722277,synthetic,0.44888774086764843,0.37407407407407406,synthetic_test__map_002,5325.133645752374,32.127439522030244,675.4238898943883,priority_resource_greedy,0.2729924990496283,0.7719331881998832,2.5696461155139967,1.8293540000000021,4.700792399999997,4.716106259999998,1.0,1.0,0.3891586448276259,0.5442067728115034,9,0.36604312087195473,0.4611394557823129
0.4869435923389185,0.43218000545778457,0.9304874253041215,0.27489837195391115,1.0,0.35490368767740116,synthetic,0.3731460740541342,0.32685185185185184,synthetic_test__map_003,5721.057875587623,39.426448415677044,796.6265683168426,priority_resource_greedy,0.22516422343441422,0.752498481222643,2.557906406405448,1.9278221000000002,4.931188500000005,5.410742160000009,1.0,1.0,0.39094471849940404,0.4865249134838263,9,0.5321323940487183,0.4342120181405896
0.549893120602183,0.36612292073528074,0.9229902798261965,0.3391482449890032,1.0,0.266299475468647,synthetic,0.3035876508385605,0.44166666666666665,synthetic_test__map_004,6746.472772891018,41.503427033428714,862.5147090799638,priority_resource_greedy,0.29688927836070955,0.8083026411388906,2.2843958605845778,1.874303299999994,4.2816507,4.39776983999999,1.0,1.0,0.4377525004550217,0.4487157092593286,9,0.48323093518655713,0.4748015873015873
0.49968742126480226,0.431312452461008,0.9476320902562213,0.33964903325084606,1.0,0.25874756735111604,synthetic,0.4991999716104201,0.36574074074074076,synthetic_test__map_005,4969.381228258084,28.633691857110502,611.126413647158,priority_resource_greedy,0.29873313471821084,0.7432980599647268,2.29821941941386,1.7805315999999891,4.092052300000006,4.373956960000004,1.0,1.0,0.43511946316032823,0.5839794851099759,9,0.47976392639895504,0.4448554421768708
0.44972987547470633,0.4262794492359314,0.9423673420770148,0.3516262829248461,1.0,0.3218462051759742,synthetic,0.4867414891602404,0.32499999999999996,synthetic_test__map_006,5379.164589605364,33.763225677112665,699.2479397545764,priority_resource_greedy,0.31297895165219414,0.6495997740076688,2.2634502685641706,1.7838193999999987,4.037586499999975,4.1934827599999895,1.0,1.0,0.44180338922770074,0.5523346276954799,9,0.43864594183963435,0.41215986394557824
0.4951354985996991,0.42903223524746287,0.9185473376389702,0.2827823601477688,1.0,0.3354516340760163,synthetic,0.34627211078479586,0.32685185185185184,synthetic_test__map_007,6308.008616657485,44.111496195145314,892.4049900354282,priority_resource_greedy,0.23050781467998516,0.726479258193203,2.470622448757316,2.1348665000000153,5.274449099999998,5.329122960000001,1.0,1.0,0.4047562995725973,0.427578074571915,9,0.5599352198844506,0.4636054421768707
0.5490587379938425,0.36984933320655833,0.9352291878366865,0.3032508878673119,1.0,0.21844383184702262,synthetic,0.39337216508402745,0.42037037037037034,synthetic_test__map_008,6856.195034705033,39.03340637312098,825.6428026641679,priority_resource_greedy,0.2707290347805953,0.8432965543941154,2.637581445997383,1.7462797999999964,4.605955200000011,4.747215060000007,1.0,1.0,0.37913521173631737,0.5118945713405082,9,0.4438952936634827,0.46628401360544214
0.5237305670779056,0.3992933710150566,0.9328516423008437,0.2927760721523449,1.0,0.21426655458877505,synthetic,0.39774820245938236,0.4027777777777778,synthetic_test__map_009,6284.786846020794,40.01262808808444,828.8554686936479,priority_resource_greedy,0.25567913133422904,0.7398769168376994,2.6361881091070556,1.744562000000002,4.598993600000028,4.958408960000031,1.0,1.0,0.37933560072794864,0.4990290230688605,9,0.5162871537676975,0.47613378684807256
0.4723709036289929,0.48131626859457893,0.9438053386434384,0.31192196184341703,1.0,0.40465066217980944,synthetic,0.5358602121161046,0.30185185185185187,synthetic_test__map_010,4563.759088315997,27.244154389979318,578.1205862749193,priority_resource_greedy,0.2868536936236513,0.715352851099494,2.6996776942223173,1.5429136999999855,4.165369699999985,4.529238799999985,1.0,1.0,0.37041458768953717,0.5608210369075403,9,0.481506322022475,0.43613945578231295
0.5782227943522725,0.4518301133992567,0.9233722197669333,0.29214759661813916,1.0,0.41233276349692205,synthetic,0.3526692579739136,0.5657407407407408,synthetic_test__map_011,5452.677074433508,34.61157927685706,719.2902018041299,priority_resource_greedy,0.2305248979367045,0.7788397790719773,2.2939257874080217,2.01434009999997,4.620746699999984,5.328863699999965,1.0,1.0,0.43593389354148687,0.4505759882278024,9,0.5632817055853911,0.48415532879818596
0.5410530625505563,0.39669308128542397,0.934811379669423,0.30907122509935825,1.0,0.23347056406473074,synthetic,0.39696616032735077,0.36574074074074076,synthetic_test__map_012,5940.241303499372,32.63203121582133,701.6247643521626,priority_resource_greedy,0.26309620315966553,0.8668388564002599,2.401846868683705,1.8874649999999633,4.533401900000001,4.853373320000014,1.0,1.0,0.4163462762919747,0.5096123042074261,9,0.4984682103866713,0.4658163265306123
0.5166497327200195,0.45600222657187783,0.9385481418890234,0.28220565727709934,1.0,0.2930336261192429,synthetic,0.4657300303008274,0.3796296296296296,synthetic_test__map_013,5176.10332103538,34.45216072204949,708.5131312388928,priority_resource_greedy,0.2606068396421225,0.7807051289148476,3.0065883512568234,1.5997022000000243,4.8096459999999865,4.888417959999993,1.0,1.0,0.33260289842537866,0.5303536258230882,9,0.5493457735919439,0.4531320861678004
0.5263428160989605,0.4228895807626042,0.9311389479318483,0.3561729266366462,1.0,0.34431722766769424,synthetic,0.4012689986581635,0.4537037037037038,synthetic_test__map_014,5016.086342530548,32.47508623727287,671.4209004825449,priority_resource_greedy,0.31213238536642973,0.7692979461796666,2.1789616521500146,1.826516999999967,3.979910500000017,4.2040361200000005,1.0,1.0,0.4589341896004846,0.4899422904415068,9,0.4909153107883086,0.4411848072562359
0.29845082417188495,0.5845677463935286,0.945935447411045,0.2882913038769615,1.0,0.49047200819946746,synthetic,0.5450055515646031,0.09907407407407406,synthetic_test__map_015,3945.1923414419725,26.579281833124043,542.5130808818153,priority_resource_greedy,0.24969069690519397,0.5159877260148263,2.6429897997992535,1.6998195000000464,4.49260559999999,5.044586819999972,1.0,1.0,0.37835938681108583,0.5736077396490182,9,0.6779945032401268,0.2893707482993197
0.532574776398425,0.3632296024395133,0.9276452393171581,0.338360195426328,1.0,0.18634015670662268,synthetic,0.3330101584025376,0.4018518518518518,synthetic_test__map_016,6859.396670906043,39.456975826011025,833.4737502274514,priority_resource_greedy,0.27059735025111253,0.7979200428574943,2.014206192914238,2.2007022000000234,4.432668000000035,4.74903012000002,1.0,1.0,0.4964735008351643,0.4718665600897206,9,0.5002275195549235,0.4652636054421769
0.4932175056358882,0.42334435124302455,0.9454555529798436,0.3004347970846205,1.0,0.24202607028833714,synthetic,0.48044665101393147,0.31018518518518523,synthetic_test__map_017,5726.547618584933,34.148480029998694,721.4585610343591,priority_resource_greedy,0.25022683597149176,0.7583764473356918,2.3947122472936986,2.09682650000002,5.021296100000029,5.036820860000001,1.0,1.0,0.4175867063485876,0.5707043324517879,9,0.4867037645401606,0.4521541950113379
0.5425107194000637,0.35835119860709636,0.9366200725578036,0.30831135736925896,1.0,0.2370377626259231,synthetic,0.422268639724196,0.47870370370370374,synthetic_test__map_018,5540.42712873858,35.33708381960917,731.8738836103713,priority_resource_greedy,0.2805262945667636,0.7748992645994986,2.6799364931664647,1.6133067000000096,4.323559499999988,4.613770500000009,1.0,1.0,0.37314317057508156,0.5195586843943655,9,0.3782443351178675,0.45821995464852605
0.44710452749575913,0.4605462015105452,0.9303333726194389,0.2859005249972753,1.0,0.37615425578895834,synthetic,0.4623727815799059,0.3509259259259259,synthetic_test__map_019,5281.847153769293,33.954246762123745,702.8008748874504,priority_resource_greedy,0.24863836364330527,0.6080704153496278,2.682075597530373,1.8840589000000136,5.053188399999954,5.059858899999995,1.0,1.0,0.37284556815653874,0.48572001648395374,9,0.5116929100258463,0.4147108843537415
0.5403163576187562,0.37470650613676537,0.9274804287411204,0.28618374008820757,1.0,0.24736357140673862,synthetic,0.32453910365738164,0.40555555555555556,synthetic_test__map_020,6750.552637167408,38.06533331304812,809.5041420661128,priority_resource_greedy,0.22863630058716067,0.7834309633548429,2.37834130805236,2.0696236,4.922271300000034,5.357589960000041,1.0,1.0,0.42046109892398364,0.4710288858351558,9,0.4981923175124929,0.486139455782313
0.5569414085919773,0.37275085771339683,0.9352977354020879,0.2892244994787714,1.0,0.2165277439858997,synthetic,0.403306739109367,0.4148148148148148,synthetic_test__map_021,6114.201866697365,39.67331932006831,816.1487079490475,priority_resource_greedy,0.25697523243045617,0.824940615471462,2.743689047501573,1.7177002999999331,4.712835499999983,4.93991947999998,1.0,1.0,0.3644727892581736,0.5122698879225347,9,0.4436539075716086,0.49400510204081627
0.544582025697937,0.39320906828210345,0.9454060395796774,0.339834783271274,1.0,0.30670847564137854,synthetic,0.48510295517000185,0.48425925925925917,synthetic_test__map_022,4955.263541109135,29.991718573821093,633.2481166604962,priority_resource_greedy,0.3140381875817535,0.7601119274327159,2.4998322620041997,1.6650968000000148,4.162462699999992,4.180308379999997,1.0,1.0,0.40002683988015514,0.5704055256645412,9,0.3668647876556454,0.46697845804988664
0.5543391289376778,0.41445080725652494,0.936701982269102,0.2782048061474234,1.0,0.33005026530469245,synthetic,0.4157491930573898,0.35833333333333334,synthetic_test__map_023,5182.499632985362,31.93254788960371,676.8533772739892,priority_resource_greedy,0.2247902113843684,0.8422998264083073,2.4823821577791567,2.0135609999999815,4.9984278999999106,5.4164941599999565,1.0,1.0,0.40283886059455165,0.5200132299958012,9,0.4660650584006636,0.5083616780045352
0.6383845057818784,0.341719575926163,0.9192498725157602,0.3929264262120361,1.0,0.16380514718191944,synthetic,0.2831155511604299,0.5027777777777778,synthetic_test__map_000,7016.485500492038,42.173779127804124,881.7562711619112,sa,0.26542937348717843,0.9588101319710515,1.4483946769838048,3.2691239999999997,4.7349818000000035,4.820716900000001,1.0,1.0,0.690419549236704,0.4308596091219934,9,0.5041946155613316,0.5459750566893423
0.6385989092654799,0.30154902300367403,0.9243932436024239,0.384732409782502,1.0,0.16307637364685068,synthetic,0.2902699802199696,0.5777777777777777,synthetic_test__map_001,6897.848395687171,46.98197639117194,948.4786197787083,sa,0.2735692248265432,0.9163287436378833,1.5525221953381279,2.923992399999996,4.539563099999995,4.708206759999999,1.0,1.0,0.6441131746797394,0.4555831211424959,9,0.39796359128743003,0.5301445578231293
0.6888413100110424,0.35489850672613715,0.9394291865406277,0.3778602363104558,1.0,0.26841333793231525,synthetic,0.42481431552851884,0.6718518518518519,synthetic_test__map_002,5257.161980935888,33.14735891679635,694.0997714302521,sa,0.24747359930784463,0.9497775605279186,1.4660698884242933,3.1041792999999984,4.550943799999999,5.076807639999998,1.0,1.0,0.6820957226498818,0.5353533058430476,9,0.3477754045201919,0.5668679138321996
0.6107240876627675,0.37701024336047073,0.9237370200676511,0.35645571446951085,1.0,0.31691889479707996,synthetic,0.30903037520320886,0.5027777777777778,synthetic_test__map_003,6177.087698895566,43.36233116625081,873.2850612151315,sa,0.22689180688995814,0.888718346115923,1.517977025096683,3.2178155000000004,4.8845699999999965,5.38424017999998,1.0,1.0,0.6587714988218006,0.452359264607318,9,0.4740497208501941,0.5257001133786847
0.6510487975979632,0.32597932096367177,0.9190282950696299,0.38136963644947475,1.0,0.21310061445217723,synthetic,0.27092837366075184,0.5679629629629629,synthetic_test__map_004,7086.825363417419,43.67996113515993,910.2817545703425,sa,0.23550300634608323,0.9355462863858056,1.3855690909593457,3.21192240000002,4.4503403999999875,5.253765280000004,1.0,1.0,0.7217251066907217,0.4298221840706895,9,0.44469809142341077,0.550342970521542
0.6719586167800453,0.4115818573194008,0.9450566908752981,0.3803063293127489,1.0,0.25578387137131037,synthetic,0.47400504211859573,0.5935185185185186,synthetic_test__map_005,4940.639900388707,30.439824430230757,644.8869798625724,sa,0.2585942136188074,0.9532275132275131,1.505341102424521,3.1582243999999946,4.754205000000013,4.916904540000002,1.0,1.0,0.6643012659319457,0.568301250968307,9,0.45433531183766174,0.5705442176870749
0.6692180280906784,0.3377741502085461,0.9359237124475263,0.40563375446506844,1.0,0.24642091029394012,synthetic,0.40087920828518553,0.6164814814814815,synthetic_test__map_006,5726.715470162919,37.982525918778975,781.9131446737952,sa,0.27317673534940023,0.933463193239509,1.3991882114806262,3.0990830000000074,4.336200400000024,4.71358156,1.0,1.0,0.7147001324016276,0.5157087575421264,9,0.3396529993381154,0.5634637188208615
0.6178897362232273,0.3552589560670899,0.9117594670093064,0.3896673857354954,1.0,0.2522763531628869,synthetic,0.24194025677027778,0.5499999999999999,synthetic_test__map_007,6926.644624781516,47.63279433633807,965.6291208431243,sa,0.23946677174441244,0.8666213031695533,1.3511039805571772,3.450690299999991,4.662241400000028,5.194606739999972,1.0,1.0,0.7401354850480223,0.39701125042961666,9,0.5187769447669274,0.527468820861678
0.6307882998727947,0.3606616963353308,0.9335530141293259,0.34119840558269277,1.0,0.22033532131112452,synthetic,0.37253130967352077,0.5170370370370372,synthetic_test__map_008,6741.76029163121,40.08182309291041,841.3995723865266,sa,0.21939284726966046,0.9533497225448444,1.598947572759369,3.0012146000000257,4.798784800000021,5.500078159999975,1.0,1.0,0.6254113749797683,0.5027937317590028,9,0.43797976905454344,0.5263832199546485
0.6192880279539936,0.38553772718572954,0.9312132403396735,0.3987405881404754,1.0,0.20312826839049436,synthetic,0.3879916788552442,0.5027777777777778,synthetic_test__map_009,6332.8613395090315,41.01437088096297,849.2846665556224,sa,0.2624186382030077,0.8605988238341156,1.3950403620018965,3.393352499999992,4.733863700000029,4.862891200000012,1.0,1.0,0.7168251379945669,0.4903333391029009,9,0.4973964312219261,0.5568877551020407
0.6218929227310246,0.403806858740247,0.9394116795781364,0.37998622050380687,1.0,0.355196408687357,synthetic,0.4494338195637082,0.5159259259259259,synthetic_test__map_010,4779.833998612645,30.189529211911506,633.5533332283244,sa,0.2522303471322763,0.9054496198734563,1.4747451550459825,2.9906321000000275,4.410420200000033,5.007888260000004,1.0,1.0,0.6780832583707116,0.5352535471338232,9,0.3942647993027746,0.5330980725623582
0.6469682645376477,0.40298363464996934,0.9197146779844797,0.3539767670545572,1.0,0.35240420726972194,synthetic,0.29437829860034415,0.6527777777777778,synthetic_test__map_011,5808.132887272747,36.631361955936804,762.8768125525362,sa,0.21994313454877512,0.8619716976063726,1.499875713770788,3.028493200000014,4.542363399999999,5.491506759999981,1.0,1.0,0.6667219095680488,0.43304315247190195,9,0.529625445806046,0.53656179138322
0.6084828174934691,0.39215674462628863,0.9346436366790716,0.3739838194591349,1.0,0.2511608396305129,synthetic,0.39950822768453303,0.4453703703703703,synthetic_test__map_012,5821.976667320816,32.737290912901315,703.1867873666046,sa,0.24528115725529487,0.9554203100343452,1.4830413525754826,3.262149899999997,4.837903199999971,5.108839040000009,1.0,1.0,0.674290031268095,0.5086985915591624,9,0.4738466375726845,0.5165702947845805
0.6492192575655308,0.39552757400509964,0.9364821519334583,0.37459797338775136,1.0,0.2183294924442064,synthetic,0.42257209917467864,0.5768518518518518,synthetic_test__map_013,5427.636771569897,35.783815494596794,738.7421823559735,sa,0.25419522259107785,0.9541068110633328,1.5254652196008007,3.1610448000000133,4.822063899999989,4.979648279999992,1.0,1.0,0.6555377252466563,0.5187941225891706,9,0.4826124154572762,0.5329591836734693
0.6082895718024367,0.42360164541826206,0.9308715841971158,0.4155216477019492,1.0,0.36722601181518333,synthetic,0.3970003134818254,0.5740740740740741,synthetic_test__map_014,4807.4621536542345,32.63694056757526,670.4529735650276,sa,0.27637800271508484,0.8650082494168516,1.3510041931672059,2.9760559000000057,4.020664000000011,4.669890280000016,1.0,1.0,0.7401901526712995,0.48853730493540964,9,0.48211258186456835,0.4970379818594105
0.5876928180185053,0.4024021059223516,0.9299592570060241,0.38176794235692013,1.0,0.2862356564579845,synthetic,0.37927855514831665,0.5305555555555556,synthetic_test__map_015,5519.126412683107,36.928552816448985,756.8800233880818,sa,0.25090579316057304,0.825227054386946,1.4553647833248886,3.212219199999936,4.674950699999954,5.02700049999994,1.0,1.0,0.6871129571483968,0.48377031791876696,9,0.49523924376486167,0.49749433106575963
0.6491296850796493,0.3369998909084757,0.9251359110915491,0.39948676338743894,1.0,0.16238342578310208,synthetic,0.3110926486975948,0.5696296296296297,synthetic_test__map_016,7067.316693063451,40.90964480492973,865.9281134303017,sa,0.26708815729254565,0.935658951958809,1.4115982815494317,3.27879089999999,4.6283355999999,4.797610460000009,1.0,1.0,0.7084168442755233,0.45925658631438476,9,0.468804018546355,0.5456150793650794
0.6936342289441029,0.3709092041403872,0.9407950234655318,0.3707185813450723,1.0,0.19959018584862298,synthetic,0.42821909107091266,0.6351851851851852,synthetic_test__map_017,5967.380122989885,37.318369103973254,783.1452918188495,sa,0.24703894417740924,0.9739832498656025,1.5167500745817428,3.285319700000059,4.983008899999959,5.0831445399999895,1.0,1.0,0.6593044014029528,0.5431879342402031,9,0.4278374395085301,0.5826842403628119
0.6840741235443036,0.3415054231023878,0.9336797544101267,0.37700322252787877,1.0,0.2444633933615197,synthetic,0.3955486588175491,0.6746296296296296,synthetic_test__map_018,5558.372063829551,37.18972292118702,765.7972401238529,sa,0.26060891049671975,0.9462700391507598,1.5418061890629309,2.984377499999937,4.60133170000006,4.888388719999989,1.0,1.0,0.6485899506005833,0.5034767477487245,9,0.3548688604396642,0.5576984126984127
0.6772978993272599,0.3326346660491859,0.9222390877643057,0.36348223365316673,1.0,0.25972545086131366,synthetic,0.2805830749430983,0.6842592592592592,synthetic_test__map_019,6133.521728778372,38.63631044576729,805.0303447126018,sa,0.2446266297464409,0.9101080750112315,1.560520148332129,2.9659924000000046,4.628490899999974,5.118434320000006,1.0,1.0,0.6408119761021938,0.44507710256343685,9,0.42374806775943274,0.5574121315192744
0.6609183145456968,0.37028450933335766,0.9263551439875877,0.38320066660256347,1.0,0.24945965755097926,synthetic,0.3202830442528447,0.6138888888888889,synthetic_test__map_020,6635.3892979237535,38.720101810258754,819.1999018710166,sa,0.24055307562328854,0.9031857298381161,1.3965601832019092,3.2040717999999515,4.474679100000003,5.178491759999974,1.0,1.0,0.716045045554205,0.46534513151909124,9,0.48955132364279297,0.5632993197278912
0.6144713307959491,0.3715950098109678,0.9364739531958631,0.37419836622644365,1.0,0.2294451208585752,synthetic,0.4055402289413318,0.5111111111111111,synthetic_test__map_021,5905.08096512255,38.92695960891387,800.3549901221435,sa,0.25896850304819174,0.8864624206894652,1.555045387036297,3.0447019999999156,4.7346498000000565,4.911596459999964,1.0,1.0,0.6430680469756981,0.5187487048596391,9,0.4307366236671447,0.5301558956916099
0.6817699243920442,0.4077332626344805,0.9454106987130162,0.40553685564847564,1.0,0.34319547323273114,synthetic,0.4889916530864805,0.7057407407407408,synthetic_test__map_022,4644.720773854719,29.98848015808179,628.3023278892958,sa,0.2705273670080639,0.903260725534919,1.387811415603319,3.186132099999895,4.42175050000003,4.749994960000049,1.0,1.0,0.7205589958094365,0.5704336369122782,9,0.3769682893650738,0.5590391156462585
0.6651824665427749,0.3810947174671005,0.933517954572022,0.373407219523196,1.0,0.2925857268789766,synthetic,0.3762522241411823,0.5814814814814815,synthetic_test__map_023,5479.812001232863,33.93798294073392,718.1572110893808,sa,0.22493861735173526,0.9320941896782803,1.3892092599868602,3.3598362999999836,4.667515699999967,5.414211180000029,1.0,1.0,0.719833957923271,0.5026049396214072,9,0.4406500182448564,0.573577097505669
0.3265767402107714,0.3213681161490418,0.9193299322082495,0.6500400458341702,1.0,0.09643592659644973,synthetic,0.2743850676570466,0.19166666666666665,synthetic_test__map_000,7644.900330099481,42.13053383772389,884.3801593092574,traditional_ppo,0.6897571065342644,0.5248953962172352,1.7941503029036379,0.5681353999998464,1.019320300000004,1.104188679999902,1.0,1.0,0.5573669042006171,0.43123500226505107,9,0.5030609020499077,0.2948724489795918
0.31661731278762767,0.3077012586512806,0.9281816474755504,0.7161360466019949,1.0,0.12141080062761417,synthetic,0.32008984146075165,0.2633333333333333,synthetic_test__map_001,7287.65931732058,44.79097554652467,909.382090364251,traditional_ppo,0.7054212978186083,0.46674135999404814,1.3492779722391486,0.5474651000001813,0.7386825999999473,1.0266189799999208,1.0,1.0,0.741137127096564,0.47460222569672555,9,0.41329278495778493,0.26819727891156464
0.3018843817579013,0.3416149339794598,0.9421824065863234,0.6630641554151561,1.0,0.15711519285036982,synthetic,0.45454017121716245,0.21203703703703705,synthetic_test__map_002,6188.5288910445415,31.31586946872153,675.9724354213994,traditional_ppo,0.7098512276029013,0.4561070659582867,1.805398545050206,0.4629024999999274,0.8357234999999719,1.0052051399999982,1.0,1.0,0.5538943203104172,0.5512516517464748,9,0.3581176896021512,0.26969671201814066
0.2636379113022082,0.3353643658720651,0.9234743283232604,0.5992408505746998,1.0,0.21653360333676505,synthetic,0.3000968786863222,0.16425925925925924,synthetic_test__map_003,7029.001589725437,43.51033683176701,882.9412346413235,traditional_ppo,0.6739599186199787,0.4191472612330203,2.353515110374484,0.44783800000004703,1.053993499999999,1.185424239999952,1.0,1.0,0.42489635846904894,0.45107449320526766,9,0.44049264374415265,0.23557256235827662
0.3218696883200999,0.32474534244849995,0.9207971720163721,0.6451979748559978,1.0,0.1776160945137457,synthetic,0.28711194879742313,0.23333333333333334,synthetic_test__map_004,7542.21735605504,42.71862649333488,892.3902014325073,traditional_ppo,0.665938343112408,0.48088011382461715,1.6755925979842177,0.5227279000000635,0.8758789999999408,1.2278675399999428,1.0,1.0,0.5968037822577078,0.43816710283653193,9,0.44963034185241363,0.2866326530612245
0.30686098513479465,0.40773305630638507,0.948198319513415,0.6548020335045387,1.0,0.17163089492249722,synthetic,0.49971460355294006,0.22462962962962962,synthetic_test__map_005,5681.6442623154035,28.2306309706763,613.9124119379355,traditional_ppo,0.6882040596247734,0.4568959435626103,1.7335109273107312,0.5055727000000161,0.876415800000018,1.1120393799999186,1.0,1.0,0.5768639725573246,0.5874782775269395,9,0.4748130533305793,0.2729591836734694
0.269259873393802,0.3411839556267191,0.9391656064340346,0.6855849267439854,1.0,0.1814772416209076,synthetic,0.4288603594468195,0.18074074074074076,synthetic_test__map_006,6277.0129435096505,35.89229366694388,747.3742231284012,traditional_ppo,0.7243704775214912,0.4092976190476191,1.680431336674528,0.4675326999999925,0.7856566000000385,0.9365939399999768,1.0,1.0,0.5950853082631389,0.533853134728195,9,0.36428379853776344,0.243500566893424
0.29755875861755815,0.32416643084023355,0.9111363667140417,0.6128813084067971,1.0,0.17776515913313873,synthetic,0.21784521595104367,0.17796296296296296,synthetic_test__map_007,7420.039790659114,47.94439455602529,968.6733494845624,traditional_ppo,0.6595584128504429,0.4651462211671337,1.9842527136822445,0.5209342000000561,1.0336651000000003,1.2622123999999526,1.0,1.0,0.503968064704957,0.3943063874114985,9,0.5086982886852089,0.27356292517006797
0.3423473213133492,0.3453739244674451,0.9349446723948748,0.6188875327210321,1.0,0.15306706061940237,synthetic,0.37425135115835806,0.2298148148148148,synthetic_test__map_008,7476.675019391197,39.21256029649604,834.5595141323256,traditional_ppo,0.654077669414189,0.5447388695315525,1.8629702870134555,0.5140345000000934,0.9576309999999921,1.292139179999935,1.0,1.0,0.5367772137703329,0.5103394157556553,9,0.4402979660179229,0.29741780045351474
0.27416443530705875,0.3609018915204853,0.9346450160541365,0.660757440459379,1.0,0.11905187116647818,synthetic,0.3881238784069715,0.1685185185185185,synthetic_test__map_009,6861.131469012121,38.89782892524734,813.708654130017,traditional_ppo,0.7054042309899782,0.41938638824259633,1.7966817576937315,0.429836000000023,0.772278500000084,1.0267019200000218,1.0,1.0,0.5565815958879811,0.5087060991351547,9,0.4882389157160645,0.2543764172335601
0.2742529571059905,0.3626272916100084,0.9411654809948446,0.6196112952488456,1.0,0.23707569050706,synthetic,0.43837096489359156,0.19407407407407407,synthetic_test__map_010,5774.758161520475,29.028647730561563,626.722007021336,traditional_ppo,0.7045199099430359,0.41981417158344825,2.3725288061376677,0.38588130000005094,0.915514499999972,1.0310041200001618,1.0,1.0,0.42149119429573506,0.5453306433260972,9,0.37482132817621605,0.2415617913832199
0.31435101371550955,0.3712053152027634,0.9204740417226103,0.6319567572885818,1.0,0.2615734406667112,synthetic,0.27755854497088894,0.23240740740740742,synthetic_test__map_011,6572.2087712293,36.21793904791971,764.2237769539328,traditional_ppo,0.6787013829313264,0.46832431185372375,1.9124628860114883,0.4923008999999965,0.9415072000000464,1.1607176999999864,1.0,1.0,0.5228859641221779,0.4366318929928837,9,0.5216661607406862,0.2783361678004535
0.33982752958233325,0.37321503908197773,0.9357249392942646,0.6385354879586171,1.0,0.16419577371744862,synthetic,0.39521055698519364,0.2251851851851852,synthetic_test__map_012,6578.6706301339955,32.05577454758701,700.924803805102,traditional_ppo,0.6908322215802987,0.5505875181781614,1.9360717766197337,0.5008539000000383,0.9696890999999965,1.0987710399998376,1.0,1.0,0.5165097761746936,0.5146145322302934,9,0.4846060017694944,0.29176870748299316
0.3063603027610152,0.3917286416181839,0.9389292179031226,0.6426736437950593,1.0,0.15677133876705923,synthetic,0.4480659234609997,0.22425925925925927,synthetic_test__map_013,5940.122011538169,34.203637643695686,712.4034196017245,traditional_ppo,0.6998798950980618,0.4792998656170011,1.9638942336074763,0.4167145999999775,0.8183834000000019,1.0537278000000354,1.0,1.0,0.5091923907547203,0.5325109442115761,9,0.4892818342876729,0.2609410430839002
0.2769213183082871,0.36110047648836785,0.9302489436099306,0.6696377865999099,1.0,0.2360417616453404,synthetic,0.3608042641244476,0.20814814814814814,synthetic_test__map_014,5714.580780416105,33.01225133345424,687.8687189618936,traditional_ppo,0.7166652211307645,0.4324849708899889,1.7860105528829313,0.3816776999999547,0.6816804000000047,0.9727078199999596,1.0,1.0,0.5599071060279158,0.4852793989815991,9,0.43952135908369033,0.23352607709750567
0.28122697091483384,0.3368231659739569,0.9278407998945618,0.6295816979946202,1.0,0.1813210181382129,synthetic,0.32346827197378814,0.1701851851851852,synthetic_test__map_015,6380.705540937313,38.18516051842162,786.7757443223173,traditional_ppo,0.7059285058437706,0.4520923129866219,2.2151379828107056,0.4220416999999994,0.9348805999999996,1.024155639999992,1.0,1.0,0.4514391463466025,0.4728622649502545,9,0.4456975406214445,0.2513151927437642
0.3247811001156522,0.3390155780492879,0.9278276108644263,0.6510376778921927,1.0,0.11556917890416872,synthetic,0.33175365305858245,0.23111111111111113,synthetic_test__map_016,7488.211345086797,39.35001343874431,839.3248599779324,traditional_ppo,0.685354026832954,0.49728766576873107,1.7514171683034476,0.5333875999999691,0.9341842000001179,1.1265226600000047,1.0,1.0,0.5709661970304163,0.47279505303474423,9,0.4850237618818547,0.28536281179138323
0.30759965163924646,0.375924649077571,0.9450195244427029,0.637160525765971,1.0,0.13083676003119465,synthetic,0.46371756446670925,0.19833333333333333,synthetic_test__map_017,6592.26083374246,34.451057311164064,738.8759755084516,traditional_ppo,0.6847925223663042,0.4738453185751264,1.9010712903744582,0.497736199999963,0.9462320000000091,1.129387800000006,1.0,1.0,0.526019200365194,0.568077793552783,9,0.45228577876606035,0.27910997732426307
0.2846965454609878,0.32663562879028424,0.9367350794331235,0.6010517874751047,1.0,0.1366187475988038,synthetic,0.4156551325816824,0.2266666666666667,synthetic_test__map_018,6498.268727501576,35.26354995127955,746.133595844803,traditional_ppo,0.6793130246805508,0.4195741637033616,2.3898161293398568,0.37754799999999733,0.9022702999999979,1.1575510000000035,1.0,1.0,0.4184422339957308,0.5201969992236157,9,0.367504113717486,0.24627267573696146
0.28383098170285603,0.33239677001898094,0.925617961368575,0.6137630474739246,1.0,0.20013841481264413,synthetic,0.30654440154902385,0.1988888888888889,synthetic_test__map_019,6689.8025052936455,36.726513351996665,774.6425229333513,traditional_ppo,0.678589488960408,0.42108356399963287,2.1621558478623903,0.44643409999991945,0.965260100000009,1.1612975200000377,1.0,1.0,0.46250135067213,0.4616552023357513,9,0.4376790644341538,0.25767573696145124
0.3401545388438039,0.35611758514300534,0.9279134827975477,0.6173970969818527,1.0,0.1702712339059258,synthetic,0.3283046607673489,0.2638888888888889,synthetic_test__map_020,7432.91774862957,37.811440704772295,812.4634738365709,traditional_ppo,0.6482135914910088,0.4886453662595696,1.8332076442179415,0.5000433000000157,0.9166831999999943,1.3245976399997625,1.0,1.0,0.5454919431271554,0.47323281472643913,9,0.49660786349487945,0.30404195011337865
0.32133843810090224,0.357622606424133,0.9376460436704855,0.6486125966236581,1.0,0.15757447956424991,synthetic,0.4135492545820353,0.22814814814814813,synthetic_test__map_021,6477.620842547481,38.17477880709632,788.8440979478142,traditional_ppo,0.7115494809098262,0.491332588382445,1.9929852236511245,0.45059170000001814,0.8980225999998765,0.9970560799999929,1.0,1.0,0.5017598666225995,0.5252780520976386,9,0.4337168685733954,0.282936507936508
0.3191331675722677,0.3926181504977261,0.947636192682411,0.6665252128650981,1.0,0.24437989191837584,synthetic,0.5091486185786458,0.27611111111111103,synthetic_test__map_022,5479.454543543895,28.425085988537116,612.284046127824,traditional_ppo,0.7006303123424383,0.4547242802663949,1.703732365452782,0.4971136999999999,0.8469486999999845,1.0500356000000024,1.0,1.0,0.5869466474179711,0.5840047668562424,9,0.38330290253901533,0.27284863945578236
0.27811457677829426,0.38765176036780724,0.9376945136475942,0.6240446765888973,1.0,0.2294853716899331,synthetic,0.41047313498923915,0.14074074074074072,synthetic_test__map_023,6149.010683166871,31.29475246648313,679.4262564747421,traditional_ppo,0.6567773580780367,0.44207470922957925,1.825922335270034,0.5555571999999529,1.0144042999999954,1.2773487800000054,1.0,1.0,0.5476684197809054,0.5255496485992786,9,0.46653705049772565,0.26482142857142854
