episodes_seen,mean_weighted_coverage,median,model,q25,q75,record_type,training_seed
16.0,0.193359375,,full,,,seed,42.0
32.0,0.196875,,full,,,seed,42.0
48.0,0.2308673469387755,,full,,,seed,42.0
64.0,0.255859375,,full,,,seed,42.0
80.0,0.321875,,full,,,seed,42.0
96.0,0.2448979591836734,,full,,,seed,42.0
112.0,0.380859375,,full,,,seed,42.0
128.0,0.353125,,full,,,seed,42.0
144.0,0.3596938775510204,,full,,,seed,42.0
160.0,0.375,,full,,,seed,42.0
176.0,0.415625,,full,,,seed,42.0
192.0,0.4145408163265306,,full,,,seed,42.0
208.0,0.458984375,,full,,,seed,42.0
224.0,0.4093749999999999,,full,,,seed,42.0
240.0,0.4017857142857143,,full,,,seed,42.0
250.0,0.4875,,full,,,seed,42.0
266.0,0.425,,full,,,seed,42.0
282.0,0.4094387755102041,,full,,,seed,42.0
298.0,0.4921875,,full,,,seed,42.0
314.0,0.39375,,full,,,seed,42.0
330.0,0.3928571428571428,,full,,,seed,42.0
346.0,0.53515625,,full,,,seed,42.0
362.0,0.4578125,,full,,,seed,42.0
378.0,0.3966836734693877,,full,,,seed,42.0
394.0,0.494140625,,full,,,seed,42.0
410.0,0.403125,,full,,,seed,42.0
426.0,0.3431122448979592,,full,,,seed,42.0
442.0,0.423828125,,full,,,seed,42.0
458.0,0.4328125,,full,,,seed,42.0
474.0,0.399234693877551,,full,,,seed,42.0
490.0,0.513671875,,full,,,seed,42.0
500.0,0.4375,,full,,,seed,42.0
516.0,0.4362244897959183,,full,,,seed,42.0
532.0,0.431640625,,full,,,seed,42.0
548.0,0.49375,,full,,,seed,42.0
564.0,0.4502551020408163,,full,,,seed,42.0
580.0,0.4453125,,full,,,seed,42.0
596.0,0.4265624999999999,,full,,,seed,42.0
612.0,0.4221938775510204,,full,,,seed,42.0
628.0,0.439453125,,full,,,seed,42.0
644.0,0.4515625,,full,,,seed,42.0
660.0,0.4311224489795918,,full,,,seed,42.0
676.0,0.544921875,,full,,,seed,42.0
692.0,0.4578125,,full,,,seed,42.0
708.0,0.4553571428571428,,full,,,seed,42.0
724.0,0.4765625,,full,,,seed,42.0
740.0,0.425,,full,,,seed,42.0
756.0,0.4681122448979592,,full,,,seed,42.0
772.0,0.494140625,,full,,,seed,42.0
788.0,0.4296875,,full,,,seed,42.0
804.0,0.4387755102040816,,full,,,seed,42.0
820.0,0.498046875,,full,,,seed,42.0
836.0,0.4765625,,full,,,seed,42.0
852.0,0.4872448979591837,,full,,,seed,42.0
868.0,0.505859375,,full,,,seed,42.0
884.0,0.4984375,,full,,,seed,42.0
900.0,0.4030612244897959,,full,,,seed,42.0
916.0,0.482421875,,full,,,seed,42.0
932.0,0.434375,,full,,,seed,42.0
948.0,0.4961734693877551,,full,,,seed,42.0
964.0,0.458984375,,full,,,seed,42.0
980.0,0.503125,,full,,,seed,42.0
996.0,0.4413265306122449,,full,,,seed,42.0
1000.0,0.5546875,,full,,,seed,42.0
1016.0,0.4140625,,full,,,seed,42.0
1032.0,0.3966836734693877,,full,,,seed,42.0
1048.0,0.439453125,,full,,,seed,42.0
1064.0,0.44375,,full,,,seed,42.0
1080.0,0.4630102040816327,,full,,,seed,42.0
1096.0,0.439453125,,full,,,seed,42.0
1112.0,0.45625,,full,,,seed,42.0
1128.0,0.4323979591836734,,full,,,seed,42.0
1144.0,0.517578125,,full,,,seed,42.0
1160.0,0.5046875,,full,,,seed,42.0
1176.0,0.423469387755102,,full,,,seed,42.0
1192.0,0.38671875,,full,,,seed,42.0
1208.0,0.475,,full,,,seed,42.0
1224.0,0.3788265306122449,,full,,,seed,42.0
1240.0,0.44140625,,full,,,seed,42.0
1256.0,0.525,,full,,,seed,42.0
1272.0,0.423469387755102,,full,,,seed,42.0
1288.0,0.447265625,,full,,,seed,42.0
1304.0,0.4125,,full,,,seed,42.0
1320.0,0.4323979591836734,,full,,,seed,42.0
1336.0,0.453125,,full,,,seed,42.0
1352.0,0.471875,,full,,,seed,42.0
1368.0,0.4693877551020408,,full,,,seed,42.0
1384.0,0.4765625,,full,,,seed,42.0
1400.0,0.4421874999999999,,full,,,seed,42.0
1416.0,0.3839285714285714,,full,,,seed,42.0
1432.0,0.435546875,,full,,,seed,42.0
1448.0,0.4640624999999999,,full,,,seed,42.0
1464.0,0.4821428571428571,,full,,,seed,42.0
1480.0,0.49609375,,full,,,seed,42.0
1496.0,0.4671875,,full,,,seed,42.0
1500.0,0.4489795918367347,,full,,,seed,42.0
1516.0,0.51953125,,full,,,seed,42.0
1532.0,0.3953124999999999,,full,,,seed,42.0
1548.0,0.4119897959183674,,full,,,seed,42.0
1564.0,0.431640625,,full,,,seed,42.0
1580.0,0.4796875,,full,,,seed,42.0
1596.0,0.4311224489795918,,full,,,seed,42.0
1612.0,0.51953125,,full,,,seed,42.0
1628.0,0.490625,,full,,,seed,42.0
1644.0,0.389030612244898,,full,,,seed,42.0
1660.0,0.5234375,,full,,,seed,42.0
1676.0,0.4609375,,full,,,seed,42.0
1692.0,0.4770408163265305,,full,,,seed,42.0
1708.0,0.46484375,,full,,,seed,42.0
1724.0,0.45625,,full,,,seed,42.0
1740.0,0.4591836734693877,,full,,,seed,42.0
1756.0,0.521484375,,full,,,seed,42.0
1772.0,0.44375,,full,,,seed,42.0
1788.0,0.4668367346938775,,full,,,seed,42.0
1804.0,0.50390625,,full,,,seed,42.0
1820.0,0.4765625,,full,,,seed,42.0
1836.0,0.4349489795918367,,full,,,seed,42.0
1852.0,0.48828125,,full,,,seed,42.0
1868.0,0.5218749999999999,,full,,,seed,42.0
1884.0,0.4477040816326531,,full,,,seed,42.0
1900.0,0.45703125,,full,,,seed,42.0
1916.0,0.4656249999999999,,full,,,seed,42.0
1932.0,0.4502551020408163,,full,,,seed,42.0
1948.0,0.466796875,,full,,,seed,42.0
1964.0,0.4640625,,full,,,seed,42.0
1980.0,0.4770408163265306,,full,,,seed,42.0
1996.0,0.537109375,,full,,,seed,42.0
2000.0,0.5812499999999999,,full,,,seed,42.0
2016.0,0.4107142857142857,,full,,,seed,42.0
2032.0,0.484375,,full,,,seed,42.0
2048.0,0.3953124999999999,,full,,,seed,42.0
2064.0,0.4413265306122449,,full,,,seed,42.0
2080.0,0.4375,,full,,,seed,42.0
2096.0,0.4921875,,full,,,seed,42.0
2112.0,0.475765306122449,,full,,,seed,42.0
2128.0,0.494140625,,full,,,seed,42.0
2144.0,0.4390625,,full,,,seed,42.0
2160.0,0.4744897959183674,,full,,,seed,42.0
2176.0,0.453125,,full,,,seed,42.0
2192.0,0.471875,,full,,,seed,42.0
2208.0,0.485969387755102,,full,,,seed,42.0
2224.0,0.421875,,full,,,seed,42.0
2240.0,0.546875,,full,,,seed,42.0
2256.0,0.4502551020408163,,full,,,seed,42.0
2272.0,0.474609375,,full,,,seed,42.0
2288.0,0.5046875,,full,,,seed,42.0
2304.0,0.4311224489795918,,full,,,seed,42.0
2320.0,0.48828125,,full,,,seed,42.0
2336.0,0.496875,,full,,,seed,42.0
2352.0,0.4183673469387755,,full,,,seed,42.0
2368.0,0.572265625,,full,,,seed,42.0
2384.0,0.46875,,full,,,seed,42.0
2400.0,0.4438775510204081,,full,,,seed,42.0
2416.0,0.443359375,,full,,,seed,42.0
2432.0,0.4640625,,full,,,seed,42.0
2448.0,0.4285714285714286,,full,,,seed,42.0
2464.0,0.466796875,,full,,,seed,42.0
2480.0,0.4953125,,full,,,seed,42.0
2496.0,0.4438775510204081,,full,,,seed,42.0
2500.0,0.4609375,,full,,,seed,42.0
2516.0,0.4921875,,full,,,seed,42.0
2532.0,0.4604591836734694,,full,,,seed,42.0
2548.0,0.48828125,,full,,,seed,42.0
2564.0,0.428125,,full,,,seed,42.0
2580.0,0.4655612244897958,,full,,,seed,42.0
2596.0,0.47265625,,full,,,seed,42.0
2612.0,0.484375,,full,,,seed,42.0
2628.0,0.471938775510204,,full,,,seed,42.0
2644.0,0.439453125,,full,,,seed,42.0
2660.0,0.403125,,full,,,seed,42.0
2676.0,0.4298469387755102,,full,,,seed,42.0
2692.0,0.470703125,,full,,,seed,42.0
2708.0,0.4828125,,full,,,seed,42.0
2724.0,0.4591836734693877,,full,,,seed,42.0
2740.0,0.5078125,,full,,,seed,42.0
2756.0,0.4765625,,full,,,seed,42.0
2772.0,0.4477040816326531,,full,,,seed,42.0
2788.0,0.515625,,full,,,seed,42.0
2804.0,0.4921875,,full,,,seed,42.0
2820.0,0.4400510204081633,,full,,,seed,42.0
2836.0,0.494140625,,full,,,seed,42.0
2852.0,0.471875,,full,,,seed,42.0
2868.0,0.4872448979591837,,full,,,seed,42.0
2884.0,0.451171875,,full,,,seed,42.0
2900.0,0.509375,,full,,,seed,42.0
2916.0,0.3316326530612245,,full,,,seed,42.0
2932.0,0.51171875,,full,,,seed,42.0
2948.0,0.44375,,full,,,seed,42.0
2964.0,0.4387755102040817,,full,,,seed,42.0
2980.0,0.505859375,,full,,,seed,42.0
2996.0,0.4375,,full,,,seed,42.0
3000.0,0.5459183673469388,,full,,,seed,42.0
16.0,0.224609375,,full,,,seed,43.0
32.0,0.1953125,,full,,,seed,43.0
48.0,0.2040816326530612,,full,,,seed,43.0
64.0,0.287109375,,full,,,seed,43.0
80.0,0.359375,,full,,,seed,43.0
96.0,0.2716836734693877,,full,,,seed,43.0
112.0,0.322265625,,full,,,seed,43.0
128.0,0.3578125,,full,,,seed,43.0
144.0,0.3520408163265306,,full,,,seed,43.0
160.0,0.384765625,,full,,,seed,43.0
176.0,0.3421875,,full,,,seed,43.0
192.0,0.413265306122449,,full,,,seed,43.0
208.0,0.4375,,full,,,seed,43.0
224.0,0.446875,,full,,,seed,43.0
240.0,0.4043367346938775,,full,,,seed,43.0
250.0,0.53125,,full,,,seed,43.0
266.0,0.4078125,,full,,,seed,43.0
282.0,0.3635204081632652,,full,,,seed,43.0
298.0,0.3984375,,full,,,seed,43.0
314.0,0.4546875,,full,,,seed,43.0
330.0,0.4094387755102041,,full,,,seed,43.0
346.0,0.486328125,,full,,,seed,43.0
362.0,0.4703125,,full,,,seed,43.0
378.0,0.4464285714285714,,full,,,seed,43.0
394.0,0.462890625,,full,,,seed,43.0
410.0,0.475,,full,,,seed,43.0
426.0,0.4413265306122449,,full,,,seed,43.0
442.0,0.494140625,,full,,,seed,43.0
458.0,0.4031249999999999,,full,,,seed,43.0
474.0,0.4260204081632653,,full,,,seed,43.0
490.0,0.466796875,,full,,,seed,43.0
500.0,0.4525,,full,,,seed,43.0
516.0,0.447704081632653,,full,,,seed,43.0
532.0,0.45703125,,full,,,seed,43.0
548.0,0.484375,,full,,,seed,43.0
564.0,0.4196428571428571,,full,,,seed,43.0
580.0,0.486328125,,full,,,seed,43.0
596.0,0.471875,,full,,,seed,43.0
612.0,0.3979591836734694,,full,,,seed,43.0
628.0,0.50390625,,full,,,seed,43.0
644.0,0.4656249999999999,,full,,,seed,43.0
660.0,0.4540816326530612,,full,,,seed,43.0
676.0,0.451171875,,full,,,seed,43.0
692.0,0.471875,,full,,,seed,43.0
708.0,0.4783163265306122,,full,,,seed,43.0
724.0,0.51953125,,full,,,seed,43.0
740.0,0.53125,,full,,,seed,43.0
756.0,0.3737244897959183,,full,,,seed,43.0
772.0,0.5078125,,full,,,seed,43.0
788.0,0.4921875,,full,,,seed,43.0
804.0,0.4017857142857142,,full,,,seed,43.0
820.0,0.443359375,,full,,,seed,43.0
836.0,0.4234375,,full,,,seed,43.0
852.0,0.451530612244898,,full,,,seed,43.0
868.0,0.41796875,,full,,,seed,43.0
884.0,0.4609375,,full,,,seed,43.0
900.0,0.4655612244897959,,full,,,seed,43.0
916.0,0.505859375,,full,,,seed,43.0
932.0,0.4125,,full,,,seed,43.0
948.0,0.4068877551020408,,full,,,seed,43.0
964.0,0.421875,,full,,,seed,43.0
980.0,0.490625,,full,,,seed,43.0
996.0,0.4451530612244898,,full,,,seed,43.0
1000.0,0.5,,full,,,seed,43.0
1016.0,0.49375,,full,,,seed,43.0
1032.0,0.4783163265306122,,full,,,seed,43.0
1048.0,0.45703125,,full,,,seed,43.0
1064.0,0.4125,,full,,,seed,43.0
1080.0,0.4681122448979591,,full,,,seed,43.0
1096.0,0.5546875,,full,,,seed,43.0
1112.0,0.45625,,full,,,seed,43.0
1128.0,0.4323979591836734,,full,,,seed,43.0
1144.0,0.46484375,,full,,,seed,43.0
1160.0,0.4421875,,full,,,seed,43.0
1176.0,0.4540816326530612,,full,,,seed,43.0
1192.0,0.517578125,,full,,,seed,43.0
1208.0,0.4984375,,full,,,seed,43.0
1224.0,0.4502551020408163,,full,,,seed,43.0
1240.0,0.427734375,,full,,,seed,43.0
1256.0,0.428125,,full,,,seed,43.0
1272.0,0.3647959183673469,,full,,,seed,43.0
1288.0,0.46484375,,full,,,seed,43.0
1304.0,0.5015625,,full,,,seed,43.0
1320.0,0.4655612244897959,,full,,,seed,43.0
1336.0,0.435546875,,full,,,seed,43.0
1352.0,0.36875,,full,,,seed,43.0
1368.0,0.451530612244898,,full,,,seed,43.0
1384.0,0.431640625,,full,,,seed,43.0
1400.0,0.5046875000000001,,full,,,seed,43.0
1416.0,0.4681122448979591,,full,,,seed,43.0
1432.0,0.513671875,,full,,,seed,43.0
1448.0,0.49375,,full,,,seed,43.0
1464.0,0.3852040816326531,,full,,,seed,43.0
1480.0,0.48828125,,full,,,seed,43.0
1496.0,0.4453125,,full,,,seed,43.0
1500.0,0.4744897959183673,,full,,,seed,43.0
1516.0,0.5,,full,,,seed,43.0
1532.0,0.4953125,,full,,,seed,43.0
1548.0,0.5280612244897959,,full,,,seed,43.0
1564.0,0.482421875,,full,,,seed,43.0
1580.0,0.4296875,,full,,,seed,43.0
1596.0,0.4426020408163265,,full,,,seed,43.0
1612.0,0.5234375,,full,,,seed,43.0
1628.0,0.4265624999999999,,full,,,seed,43.0
1644.0,0.4477040816326531,,full,,,seed,43.0
1660.0,0.46484375,,full,,,seed,43.0
1676.0,0.49375,,full,,,seed,43.0
1692.0,0.4158163265306122,,full,,,seed,43.0
1708.0,0.4765625,,full,,,seed,43.0
1724.0,0.390625,,full,,,seed,43.0
1740.0,0.4528061224489795,,full,,,seed,43.0
1756.0,0.505859375,,full,,,seed,43.0
1772.0,0.4203125,,full,,,seed,43.0
1788.0,0.4221938775510204,,full,,,seed,43.0
1804.0,0.50390625,,full,,,seed,43.0
1820.0,0.4859375,,full,,,seed,43.0
1836.0,0.4272959183673469,,full,,,seed,43.0
1852.0,0.505859375,,full,,,seed,43.0
1868.0,0.5078125,,full,,,seed,43.0
1884.0,0.4553571428571428,,full,,,seed,43.0
1900.0,0.48828125,,full,,,seed,43.0
1916.0,0.4765625,,full,,,seed,43.0
1932.0,0.4170918367346938,,full,,,seed,43.0
1948.0,0.43359375,,full,,,seed,43.0
1964.0,0.44375,,full,,,seed,43.0
1980.0,0.3966836734693877,,full,,,seed,43.0
1996.0,0.46875,,full,,,seed,43.0
2000.0,0.375,,full,,,seed,43.0
2016.0,0.4349489795918367,,full,,,seed,43.0
2032.0,0.44140625,,full,,,seed,43.0
2048.0,0.465625,,full,,,seed,43.0
2064.0,0.4642857142857143,,full,,,seed,43.0
2080.0,0.478515625,,full,,,seed,43.0
2096.0,0.5078125,,full,,,seed,43.0
2112.0,0.4553571428571429,,full,,,seed,43.0
2128.0,0.447265625,,full,,,seed,43.0
2144.0,0.3999999999999999,,full,,,seed,43.0
2160.0,0.4579081632653061,,full,,,seed,43.0
2176.0,0.427734375,,full,,,seed,43.0
2192.0,0.4953125,,full,,,seed,43.0
2208.0,0.528061224489796,,full,,,seed,43.0
2224.0,0.4921875,,full,,,seed,43.0
2240.0,0.5125,,full,,,seed,43.0
2256.0,0.4706632653061224,,full,,,seed,43.0
2272.0,0.5078125,,full,,,seed,43.0
2288.0,0.5078125,,full,,,seed,43.0
2304.0,0.4311224489795918,,full,,,seed,43.0
2320.0,0.599609375,,full,,,seed,43.0
2336.0,0.4828125,,full,,,seed,43.0
2352.0,0.4413265306122449,,full,,,seed,43.0
2368.0,0.482421875,,full,,,seed,43.0
2384.0,0.49375,,full,,,seed,43.0
2400.0,0.4706632653061224,,full,,,seed,43.0
2416.0,0.44921875,,full,,,seed,43.0
2432.0,0.4734375,,full,,,seed,43.0
2448.0,0.4170918367346938,,full,,,seed,43.0
2464.0,0.490234375,,full,,,seed,43.0
2480.0,0.4140625,,full,,,seed,43.0
2496.0,0.4362244897959183,,full,,,seed,43.0
2500.0,0.5625,,full,,,seed,43.0
2516.0,0.4265625,,full,,,seed,43.0
2532.0,0.4272959183673469,,full,,,seed,43.0
2548.0,0.48046875,,full,,,seed,43.0
2564.0,0.5,,full,,,seed,43.0
2580.0,0.4426020408163265,,full,,,seed,43.0
2596.0,0.501953125,,full,,,seed,43.0
2612.0,0.54375,,full,,,seed,43.0
2628.0,0.4362244897959183,,full,,,seed,43.0
2644.0,0.498046875,,full,,,seed,43.0
2660.0,0.5062500000000001,,full,,,seed,43.0
2676.0,0.5012755102040817,,full,,,seed,43.0
2692.0,0.490234375,,full,,,seed,43.0
2708.0,0.546875,,full,,,seed,43.0
2724.0,0.475765306122449,,full,,,seed,43.0
2740.0,0.505859375,,full,,,seed,43.0
2756.0,0.4828125,,full,,,seed,43.0
2772.0,0.4375,,full,,,seed,43.0
2788.0,0.53515625,,full,,,seed,43.0
2804.0,0.534375,,full,,,seed,43.0
2820.0,0.4438775510204081,,full,,,seed,43.0
2836.0,0.447265625,,full,,,seed,43.0
2852.0,0.4499999999999999,,full,,,seed,43.0
2868.0,0.485969387755102,,full,,,seed,43.0
2884.0,0.494140625,,full,,,seed,43.0
2900.0,0.428125,,full,,,seed,43.0
2916.0,0.4566326530612244,,full,,,seed,43.0
2932.0,0.46875,,full,,,seed,43.0
2948.0,0.45625,,full,,,seed,43.0
2964.0,0.4413265306122448,,full,,,seed,43.0
2980.0,0.478515625,,full,,,seed,43.0
2996.0,0.5296874999999999,,full,,,seed,43.0
3000.0,0.4489795918367347,,full,,,seed,43.0
16.0,0.236328125,,full,,,seed,44.0
32.0,0.2249999999999999,,full,,,seed,44.0
48.0,0.2474489795918367,,full,,,seed,44.0
64.0,0.353515625,,full,,,seed,44.0
80.0,0.3,,full,,,seed,44.0
96.0,0.2755102040816326,,full,,,seed,44.0
112.0,0.314453125,,full,,,seed,44.0
128.0,0.3625,,full,,,seed,44.0
144.0,0.3826530612244898,,full,,,seed,44.0
160.0,0.45703125,,full,,,seed,44.0
176.0,0.4078125,,full,,,seed,44.0
192.0,0.3864795918367346,,full,,,seed,44.0
208.0,0.48046875,,full,,,seed,44.0
224.0,0.44375,,full,,,seed,44.0
240.0,0.3762755102040817,,full,,,seed,44.0
250.0,0.49375,,full,,,seed,44.0
266.0,0.390625,,full,,,seed,44.0
282.0,0.3775510204081632,,full,,,seed,44.0
298.0,0.5078125,,full,,,seed,44.0
314.0,0.4203125,,full,,,seed,44.0
330.0,0.4349489795918367,,full,,,seed,44.0
346.0,0.466796875,,full,,,seed,44.0
362.0,0.4125,,full,,,seed,44.0
378.0,0.4349489795918367,,full,,,seed,44.0
394.0,0.431640625,,full,,,seed,44.0
410.0,0.4671875,,full,,,seed,44.0
426.0,0.4362244897959184,,full,,,seed,44.0
442.0,0.4375,,full,,,seed,44.0
458.0,0.3953124999999999,,full,,,seed,44.0
474.0,0.3903061224489795,,full,,,seed,44.0
490.0,0.416015625,,full,,,seed,44.0
500.0,0.4474999999999999,,full,,,seed,44.0
516.0,0.4323979591836734,,full,,,seed,44.0
532.0,0.408203125,,full,,,seed,44.0
548.0,0.4953125,,full,,,seed,44.0
564.0,0.4362244897959183,,full,,,seed,44.0
580.0,0.419921875,,full,,,seed,44.0
596.0,0.515625,,full,,,seed,44.0
612.0,0.461734693877551,,full,,,seed,44.0
628.0,0.43359375,,full,,,seed,44.0
644.0,0.4875,,full,,,seed,44.0
660.0,0.4438775510204081,,full,,,seed,44.0
676.0,0.458984375,,full,,,seed,44.0
692.0,0.4578125,,full,,,seed,44.0
708.0,0.4311224489795918,,full,,,seed,44.0
724.0,0.44140625,,full,,,seed,44.0
740.0,0.4921875,,full,,,seed,44.0
756.0,0.423469387755102,,full,,,seed,44.0
772.0,0.544921875,,full,,,seed,44.0
788.0,0.440625,,full,,,seed,44.0
804.0,0.4196428571428571,,full,,,seed,44.0
820.0,0.45703125,,full,,,seed,44.0
836.0,0.45625,,full,,,seed,44.0
852.0,0.4183673469387755,,full,,,seed,44.0
868.0,0.45703125,,full,,,seed,44.0
884.0,0.4874999999999999,,full,,,seed,44.0
900.0,0.4311224489795918,,full,,,seed,44.0
916.0,0.466796875,,full,,,seed,44.0
932.0,0.3640625,,full,,,seed,44.0
948.0,0.4145408163265306,,full,,,seed,44.0
964.0,0.50390625,,full,,,seed,44.0
980.0,0.4421874999999999,,full,,,seed,44.0
996.0,0.4719387755102041,,full,,,seed,44.0
1000.0,0.546875,,full,,,seed,44.0
1016.0,0.45625,,full,,,seed,44.0
1032.0,0.4426020408163265,,full,,,seed,44.0
1048.0,0.345703125,,full,,,seed,44.0
1064.0,0.4625,,full,,,seed,44.0
1080.0,0.3201530612244898,,full,,,seed,44.0
1096.0,0.2890625,,full,,,seed,44.0
1112.0,0.4109375,,full,,,seed,44.0
1128.0,0.3813775510204081,,full,,,seed,44.0
1144.0,0.4375,,full,,,seed,44.0
1160.0,0.45,,full,,,seed,44.0
1176.0,0.4426020408163265,,full,,,seed,44.0
1192.0,0.578125,,full,,,seed,44.0
1208.0,0.4984375,,full,,,seed,44.0
1224.0,0.5012755102040816,,full,,,seed,44.0
1240.0,0.4765625,,full,,,seed,44.0
1256.0,0.4375,,full,,,seed,44.0
1272.0,0.4604591836734694,,full,,,seed,44.0
1288.0,0.423828125,,full,,,seed,44.0
1304.0,0.40625,,full,,,seed,44.0
1320.0,0.3941326530612244,,full,,,seed,44.0
1336.0,0.470703125,,full,,,seed,44.0
1352.0,0.546875,,full,,,seed,44.0
1368.0,0.4196428571428571,,full,,,seed,44.0
1384.0,0.49609375,,full,,,seed,44.0
1400.0,0.5046875000000001,,full,,,seed,44.0
1416.0,0.4413265306122449,,full,,,seed,44.0
1432.0,0.48828125,,full,,,seed,44.0
1448.0,0.5031249999999999,,full,,,seed,44.0
1464.0,0.534438775510204,,full,,,seed,44.0
1480.0,0.546875,,full,,,seed,44.0
1496.0,0.5343749999999999,,full,,,seed,44.0
1500.0,0.2653061224489796,,full,,,seed,44.0
1516.0,0.533203125,,full,,,seed,44.0
1532.0,0.4421874999999999,,full,,,seed,44.0
1548.0,0.4400510204081632,,full,,,seed,44.0
1564.0,0.439453125,,full,,,seed,44.0
1580.0,0.4671875,,full,,,seed,44.0
1596.0,0.4808673469387755,,full,,,seed,44.0
1612.0,0.462890625,,full,,,seed,44.0
1628.0,0.4078125,,full,,,seed,44.0
1644.0,0.4897959183673469,,full,,,seed,44.0
1660.0,0.439453125,,full,,,seed,44.0
1676.0,0.44375,,full,,,seed,44.0
1692.0,0.4426020408163265,,full,,,seed,44.0
1708.0,0.47265625,,full,,,seed,44.0
1724.0,0.4828125,,full,,,seed,44.0
1740.0,0.4961734693877551,,full,,,seed,44.0
1756.0,0.529296875,,full,,,seed,44.0
1772.0,0.4203125,,full,,,seed,44.0
1788.0,0.4451530612244898,,full,,,seed,44.0
1804.0,0.41796875,,full,,,seed,44.0
1820.0,0.4343749999999999,,full,,,seed,44.0
1836.0,0.4068877551020408,,full,,,seed,44.0
1852.0,0.490234375,,full,,,seed,44.0
1868.0,0.5109374999999999,,full,,,seed,44.0
1884.0,0.4311224489795918,,full,,,seed,44.0
1900.0,0.498046875,,full,,,seed,44.0
1916.0,0.4640625,,full,,,seed,44.0
1932.0,0.4681122448979591,,full,,,seed,44.0
1948.0,0.451171875,,full,,,seed,44.0
1964.0,0.4578125,,full,,,seed,44.0
1980.0,0.485969387755102,,full,,,seed,44.0
1996.0,0.5,,full,,,seed,44.0
2000.0,0.4375,,full,,,seed,44.0
2016.0,0.4591836734693877,,full,,,seed,44.0
2032.0,0.49609375,,full,,,seed,44.0
2048.0,0.5109375,,full,,,seed,44.0
2064.0,0.4336734693877551,,full,,,seed,44.0
2080.0,0.513671875,,full,,,seed,44.0
2096.0,0.4734374999999999,,full,,,seed,44.0
2112.0,0.4502551020408163,,full,,,seed,44.0
2128.0,0.443359375,,full,,,seed,44.0
2144.0,0.4578124999999999,,full,,,seed,44.0
2160.0,0.4693877551020408,,full,,,seed,44.0
2176.0,0.47265625,,full,,,seed,44.0
2192.0,0.4343749999999999,,full,,,seed,44.0
2208.0,0.4272959183673469,,full,,,seed,44.0
2224.0,0.490234375,,full,,,seed,44.0
2240.0,0.471875,,full,,,seed,44.0
2256.0,0.4706632653061224,,full,,,seed,44.0
2272.0,0.568359375,,full,,,seed,44.0
2288.0,0.475,,full,,,seed,44.0
2304.0,0.3584183673469387,,full,,,seed,44.0
2320.0,0.521484375,,full,,,seed,44.0
2336.0,0.5203125000000001,,full,,,seed,44.0
2352.0,0.5012755102040816,,full,,,seed,44.0
2368.0,0.44140625,,full,,,seed,44.0
2384.0,0.378125,,full,,,seed,44.0
2400.0,0.4885204081632653,,full,,,seed,44.0
2416.0,0.458984375,,full,,,seed,44.0
2432.0,0.45,,full,,,seed,44.0
2448.0,0.4413265306122449,,full,,,seed,44.0
2464.0,0.447265625,,full,,,seed,44.0
2480.0,0.4828125,,full,,,seed,44.0
2496.0,0.4579081632653061,,full,,,seed,44.0
2500.0,0.421875,,full,,,seed,44.0
2516.0,0.3828125,,full,,,seed,44.0
2532.0,0.3903061224489796,,full,,,seed,44.0
2548.0,0.384765625,,full,,,seed,44.0
2564.0,0.5078125,,full,,,seed,44.0
2580.0,0.4808673469387755,,full,,,seed,44.0
2596.0,0.482421875,,full,,,seed,44.0
2612.0,0.41875,,full,,,seed,44.0
2628.0,0.4528061224489795,,full,,,seed,44.0
2644.0,0.4609375,,full,,,seed,44.0
2660.0,0.4703125,,full,,,seed,44.0
2676.0,0.4451530612244898,,full,,,seed,44.0
2692.0,0.447265625,,full,,,seed,44.0
2708.0,0.4828125,,full,,,seed,44.0
2724.0,0.4987244897959184,,full,,,seed,44.0
2740.0,0.55078125,,full,,,seed,44.0
2756.0,0.54375,,full,,,seed,44.0
2772.0,0.4515306122448979,,full,,,seed,44.0
2788.0,0.494140625,,full,,,seed,44.0
2804.0,0.471875,,full,,,seed,44.0
2820.0,0.4885204081632652,,full,,,seed,44.0
2836.0,0.44921875,,full,,,seed,44.0
2852.0,0.5734375,,full,,,seed,44.0
2868.0,0.5216836734693877,,full,,,seed,44.0
2884.0,0.40234375,,full,,,seed,44.0
2900.0,0.4625,,full,,,seed,44.0
2916.0,0.4502551020408163,,full,,,seed,44.0
2932.0,0.435546875,,full,,,seed,44.0
2948.0,0.4390624999999999,,full,,,seed,44.0
2964.0,0.4221938775510204,,full,,,seed,44.0
2980.0,0.474609375,,full,,,seed,44.0
2996.0,0.478125,,full,,,seed,44.0
3000.0,0.3418367346938775,,full,,,seed,44.0
16.0,0.21484375,,full,,,seed,45.0
32.0,0.203125,,full,,,seed,45.0
48.0,0.2193877551020408,,full,,,seed,45.0
64.0,0.314453125,,full,,,seed,45.0
80.0,0.3109375,,full,,,seed,45.0
96.0,0.3214285714285714,,full,,,seed,45.0
112.0,0.337890625,,full,,,seed,45.0
128.0,0.35625,,full,,,seed,45.0
144.0,0.3188775510204081,,full,,,seed,45.0
160.0,0.408203125,,full,,,seed,45.0
176.0,0.3828125,,full,,,seed,45.0
192.0,0.3380102040816326,,full,,,seed,45.0
208.0,0.453125,,full,,,seed,45.0
224.0,0.38125,,full,,,seed,45.0
240.0,0.4579081632653061,,full,,,seed,45.0
250.0,0.459375,,full,,,seed,45.0
266.0,0.40625,,full,,,seed,45.0
282.0,0.3622448979591837,,full,,,seed,45.0
298.0,0.466796875,,full,,,seed,45.0
314.0,0.4078124999999999,,full,,,seed,45.0
330.0,0.4604591836734694,,full,,,seed,45.0
346.0,0.451171875,,full,,,seed,45.0
362.0,0.4703125,,full,,,seed,45.0
378.0,0.4132653061224489,,full,,,seed,45.0
394.0,0.4453125,,full,,,seed,45.0
410.0,0.453125,,full,,,seed,45.0
426.0,0.4362244897959183,,full,,,seed,45.0
442.0,0.46875,,full,,,seed,45.0
458.0,0.4671875,,full,,,seed,45.0
474.0,0.4209183673469387,,full,,,seed,45.0
490.0,0.5078125,,full,,,seed,45.0
500.0,0.4474999999999999,,full,,,seed,45.0
516.0,0.4260204081632653,,full,,,seed,45.0
532.0,0.4296875,,full,,,seed,45.0
548.0,0.459375,,full,,,seed,45.0
564.0,0.3698979591836734,,full,,,seed,45.0
580.0,0.337890625,,full,,,seed,45.0
596.0,0.3640624999999999,,full,,,seed,45.0
612.0,0.3839285714285714,,full,,,seed,45.0
628.0,0.373046875,,full,,,seed,45.0
644.0,0.4203125,,full,,,seed,45.0
660.0,0.3941326530612244,,full,,,seed,45.0
676.0,0.537109375,,full,,,seed,45.0
692.0,0.33125,,full,,,seed,45.0
708.0,0.4017857142857143,,full,,,seed,45.0
724.0,0.44921875,,full,,,seed,45.0
740.0,0.4375,,full,,,seed,45.0
756.0,0.4043367346938775,,full,,,seed,45.0
772.0,0.51953125,,full,,,seed,45.0
788.0,0.425,,full,,,seed,45.0
804.0,0.4451530612244898,,full,,,seed,45.0
820.0,0.4609375,,full,,,seed,45.0
836.0,0.4875,,full,,,seed,45.0
852.0,0.4183673469387755,,full,,,seed,45.0
868.0,0.451171875,,full,,,seed,45.0
884.0,0.4453125,,full,,,seed,45.0
900.0,0.4196428571428571,,full,,,seed,45.0
916.0,0.427734375,,full,,,seed,45.0
932.0,0.4875,,full,,,seed,45.0
948.0,0.4961734693877551,,full,,,seed,45.0
964.0,0.4765625,,full,,,seed,45.0
980.0,0.44375,,full,,,seed,45.0
996.0,0.4311224489795918,,full,,,seed,45.0
1000.0,0.5,,full,,,seed,45.0
1016.0,0.4546874999999999,,full,,,seed,45.0
1032.0,0.461734693877551,,full,,,seed,45.0
1048.0,0.451171875,,full,,,seed,45.0
1064.0,0.38125,,full,,,seed,45.0
1080.0,0.4528061224489795,,full,,,seed,45.0
1096.0,0.45703125,,full,,,seed,45.0
1112.0,0.490625,,full,,,seed,45.0
1128.0,0.3596938775510204,,full,,,seed,45.0
1144.0,0.462890625,,full,,,seed,45.0
1160.0,0.484375,,full,,,seed,45.0
1176.0,0.4655612244897958,,full,,,seed,45.0
1192.0,0.46484375,,full,,,seed,45.0
1208.0,0.4499999999999999,,full,,,seed,45.0
1224.0,0.409438775510204,,full,,,seed,45.0
1240.0,0.46875,,full,,,seed,45.0
1256.0,0.4234375,,full,,,seed,45.0
1272.0,0.4489795918367346,,full,,,seed,45.0
1288.0,0.474609375,,full,,,seed,45.0
1304.0,0.5203125,,full,,,seed,45.0
1320.0,0.4183673469387755,,full,,,seed,45.0
1336.0,0.501953125,,full,,,seed,45.0
1352.0,0.5296875000000001,,full,,,seed,45.0
1368.0,0.4349489795918367,,full,,,seed,45.0
1384.0,0.56640625,,full,,,seed,45.0
1400.0,0.5234375,,full,,,seed,45.0
1416.0,0.5012755102040816,,full,,,seed,45.0
1432.0,0.45703125,,full,,,seed,45.0
1448.0,0.475,,full,,,seed,45.0
1464.0,0.3839285714285714,,full,,,seed,45.0
1480.0,0.455078125,,full,,,seed,45.0
1496.0,0.4859375,,full,,,seed,45.0
1500.0,0.3928571428571429,,full,,,seed,45.0
1516.0,0.484375,,full,,,seed,45.0
1532.0,0.4203125,,full,,,seed,45.0
1548.0,0.4043367346938775,,full,,,seed,45.0
1564.0,0.42578125,,full,,,seed,45.0
1580.0,0.4265625,,full,,,seed,45.0
1596.0,0.3941326530612244,,full,,,seed,45.0
1612.0,0.5234375,,full,,,seed,45.0
1628.0,0.5062500000000001,,full,,,seed,45.0
1644.0,0.4158163265306122,,full,,,seed,45.0
1660.0,0.451171875,,full,,,seed,45.0
1676.0,0.4609375,,full,,,seed,45.0
1692.0,0.4604591836734694,,full,,,seed,45.0
1708.0,0.423828125,,full,,,seed,45.0
1724.0,0.46875,,full,,,seed,45.0
1740.0,0.5140306122448979,,full,,,seed,45.0
1756.0,0.455078125,,full,,,seed,45.0
1772.0,0.4046875,,full,,,seed,45.0
1788.0,0.5012755102040816,,full,,,seed,45.0
1804.0,0.46875,,full,,,seed,45.0
1820.0,0.4859375,,full,,,seed,45.0
1836.0,0.4323979591836734,,full,,,seed,45.0
1852.0,0.544921875,,full,,,seed,45.0
1868.0,0.4390625,,full,,,seed,45.0
1884.0,0.4579081632653061,,full,,,seed,45.0
1900.0,0.48828125,,full,,,seed,45.0
1916.0,0.4453125,,full,,,seed,45.0
1932.0,0.451530612244898,,full,,,seed,45.0
1948.0,0.48828125,,full,,,seed,45.0
1964.0,0.5203125,,full,,,seed,45.0
1980.0,0.4566326530612244,,full,,,seed,45.0
1996.0,0.44921875,,full,,,seed,45.0
2000.0,0.4375,,full,,,seed,45.0
2016.0,0.4630102040816326,,full,,,seed,45.0
2032.0,0.43359375,,full,,,seed,45.0
2048.0,0.4968749999999999,,full,,,seed,45.0
2064.0,0.471938775510204,,full,,,seed,45.0
2080.0,0.458984375,,full,,,seed,45.0
2096.0,0.46875,,full,,,seed,45.0
2112.0,0.4489795918367347,,full,,,seed,45.0
2128.0,0.470703125,,full,,,seed,45.0
2144.0,0.515625,,full,,,seed,45.0
2160.0,0.4311224489795918,,full,,,seed,45.0
2176.0,0.51953125,,full,,,seed,45.0
2192.0,0.41875,,full,,,seed,45.0
2208.0,0.5,,full,,,seed,45.0
2224.0,0.55078125,,full,,,seed,45.0
2240.0,0.4031249999999999,,full,,,seed,45.0
2256.0,0.4566326530612244,,full,,,seed,45.0
2272.0,0.439453125,,full,,,seed,45.0
2288.0,0.4984375,,full,,,seed,45.0
2304.0,0.4642857142857143,,full,,,seed,45.0
2320.0,0.4375,,full,,,seed,45.0
2336.0,0.43125,,full,,,seed,45.0
2352.0,0.3966836734693877,,full,,,seed,45.0
2368.0,0.544921875,,full,,,seed,45.0
2384.0,0.4453125,,full,,,seed,45.0
2400.0,0.4056122448979592,,full,,,seed,45.0
2416.0,0.5546875,,full,,,seed,45.0
2432.0,0.49375,,full,,,seed,45.0
2448.0,0.4438775510204081,,full,,,seed,45.0
2464.0,0.490234375,,full,,,seed,45.0
2480.0,0.4625,,full,,,seed,45.0
2496.0,0.4553571428571428,,full,,,seed,45.0
2500.0,0.4453125,,full,,,seed,45.0
2516.0,0.490625,,full,,,seed,45.0
2532.0,0.4170918367346938,,full,,,seed,45.0
2548.0,0.509765625,,full,,,seed,45.0
2564.0,0.4890625,,full,,,seed,45.0
2580.0,0.4910714285714285,,full,,,seed,45.0
2596.0,0.51953125,,full,,,seed,45.0
2612.0,0.3671875,,full,,,seed,45.0
2628.0,0.4489795918367347,,full,,,seed,45.0
2644.0,0.421875,,full,,,seed,45.0
2660.0,0.4796875,,full,,,seed,45.0
2676.0,0.4808673469387755,,full,,,seed,45.0
2692.0,0.478515625,,full,,,seed,45.0
2708.0,0.4515625,,full,,,seed,45.0
2724.0,0.4681122448979592,,full,,,seed,45.0
2740.0,0.486328125,,full,,,seed,45.0
2756.0,0.4765625,,full,,,seed,45.0
2772.0,0.4885204081632652,,full,,,seed,45.0
2788.0,0.4765625,,full,,,seed,45.0
2804.0,0.4859375,,full,,,seed,45.0
2820.0,0.3813775510204081,,full,,,seed,45.0
2836.0,0.447265625,,full,,,seed,45.0
2852.0,0.4625,,full,,,seed,45.0
2868.0,0.4426020408163265,,full,,,seed,45.0
2884.0,0.529296875,,full,,,seed,45.0
2900.0,0.503125,,full,,,seed,45.0
2916.0,0.4349489795918367,,full,,,seed,45.0
2932.0,0.447265625,,full,,,seed,45.0
2948.0,0.428125,,full,,,seed,45.0
2964.0,0.4910714285714285,,full,,,seed,45.0
2980.0,0.5,,full,,,seed,45.0
2996.0,0.46875,,full,,,seed,45.0
3000.0,0.4744897959183674,,full,,,seed,45.0
16.0,0.236328125,,full,,,seed,46.0
32.0,0.234375,,full,,,seed,46.0
48.0,0.25,,full,,,seed,46.0
64.0,0.39453125,,full,,,seed,46.0
80.0,0.3046875,,full,,,seed,46.0
96.0,0.2908163265306122,,full,,,seed,46.0
112.0,0.392578125,,full,,,seed,46.0
128.0,0.3640625,,full,,,seed,46.0
144.0,0.3686224489795918,,full,,,seed,46.0
160.0,0.40625,,full,,,seed,46.0
176.0,0.4046875,,full,,,seed,46.0
192.0,0.4349489795918367,,full,,,seed,46.0
208.0,0.462890625,,full,,,seed,46.0
224.0,0.4453125,,full,,,seed,46.0
240.0,0.4081632653061224,,full,,,seed,46.0
250.0,0.540625,,full,,,seed,46.0
266.0,0.4484375,,full,,,seed,46.0
282.0,0.4107142857142857,,full,,,seed,46.0
298.0,0.384765625,,full,,,seed,46.0
314.0,0.5046875,,full,,,seed,46.0
330.0,0.3877551020408163,,full,,,seed,46.0
346.0,0.478515625,,full,,,seed,46.0
362.0,0.3921875,,full,,,seed,46.0
378.0,0.4183673469387755,,full,,,seed,46.0
394.0,0.404296875,,full,,,seed,46.0
410.0,0.4140625,,full,,,seed,46.0
426.0,0.4056122448979591,,full,,,seed,46.0
442.0,0.3515625,,full,,,seed,46.0
458.0,0.396875,,full,,,seed,46.0
474.0,0.3813775510204081,,full,,,seed,46.0
490.0,0.4296875,,full,,,seed,46.0
500.0,0.4149999999999999,,full,,,seed,46.0
516.0,0.4872448979591837,,full,,,seed,46.0
532.0,0.517578125,,full,,,seed,46.0
548.0,0.4296875,,full,,,seed,46.0
564.0,0.4285714285714286,,full,,,seed,46.0
580.0,0.44921875,,full,,,seed,46.0
596.0,0.4859375,,full,,,seed,46.0
612.0,0.4655612244897959,,full,,,seed,46.0
628.0,0.412109375,,full,,,seed,46.0
644.0,0.515625,,full,,,seed,46.0
660.0,0.4502551020408163,,full,,,seed,46.0
676.0,0.439453125,,full,,,seed,46.0
692.0,0.4109375,,full,,,seed,46.0
708.0,0.3877551020408163,,full,,,seed,46.0
724.0,0.52734375,,full,,,seed,46.0
740.0,0.440625,,full,,,seed,46.0
756.0,0.4502551020408163,,full,,,seed,46.0
772.0,0.388671875,,full,,,seed,46.0
788.0,0.3890625,,full,,,seed,46.0
804.0,0.3545918367346938,,full,,,seed,46.0
820.0,0.41015625,,full,,,seed,46.0
836.0,0.4421874999999999,,full,,,seed,46.0
852.0,0.4732142857142857,,full,,,seed,46.0
868.0,0.478515625,,full,,,seed,46.0
884.0,0.4765625,,full,,,seed,46.0
900.0,0.4298469387755102,,full,,,seed,46.0
916.0,0.44921875,,full,,,seed,46.0
932.0,0.396875,,full,,,seed,46.0
948.0,0.4094387755102041,,full,,,seed,46.0
964.0,0.404296875,,full,,,seed,46.0
980.0,0.45,,full,,,seed,46.0
996.0,0.3826530612244898,,full,,,seed,46.0
1000.0,0.46875,,full,,,seed,46.0
1016.0,0.51875,,full,,,seed,46.0
1032.0,0.4158163265306123,,full,,,seed,46.0
1048.0,0.451171875,,full,,,seed,46.0
1064.0,0.46875,,full,,,seed,46.0
1080.0,0.5102040816326531,,full,,,seed,46.0
1096.0,0.494140625,,full,,,seed,46.0
1112.0,0.3828125,,full,,,seed,46.0
1128.0,0.4783163265306122,,full,,,seed,46.0
1144.0,0.53515625,,full,,,seed,46.0
1160.0,0.4765625,,full,,,seed,46.0
1176.0,0.461734693877551,,full,,,seed,46.0
1192.0,0.4921875,,full,,,seed,46.0
1208.0,0.4765625,,full,,,seed,46.0
1224.0,0.4655612244897959,,full,,,seed,46.0
1240.0,0.5234375,,full,,,seed,46.0
1256.0,0.4875,,full,,,seed,46.0
1272.0,0.4528061224489796,,full,,,seed,46.0
1288.0,0.462890625,,full,,,seed,46.0
1304.0,0.4625,,full,,,seed,46.0
1320.0,0.389030612244898,,full,,,seed,46.0
1336.0,0.462890625,,full,,,seed,46.0
1352.0,0.40625,,full,,,seed,46.0
1368.0,0.5229591836734694,,full,,,seed,46.0
1384.0,0.46484375,,full,,,seed,46.0
1400.0,0.4875,,full,,,seed,46.0
1416.0,0.4502551020408163,,full,,,seed,46.0
1432.0,0.44921875,,full,,,seed,46.0
1448.0,0.5078125,,full,,,seed,46.0
1464.0,0.4566326530612244,,full,,,seed,46.0
1480.0,0.54296875,,full,,,seed,46.0
1496.0,0.4546875,,full,,,seed,46.0
1500.0,0.4948979591836735,,full,,,seed,46.0
1516.0,0.46875,,full,,,seed,46.0
1532.0,0.459375,,full,,,seed,46.0
1548.0,0.4438775510204081,,full,,,seed,46.0
1564.0,0.478515625,,full,,,seed,46.0
1580.0,0.4828125,,full,,,seed,46.0
1596.0,0.4591836734693877,,full,,,seed,46.0
1612.0,0.52734375,,full,,,seed,46.0
1628.0,0.4828125,,full,,,seed,46.0
1644.0,0.4132653061224489,,full,,,seed,46.0
1660.0,0.494140625,,full,,,seed,46.0
1676.0,0.4453125,,full,,,seed,46.0
1692.0,0.4693877551020408,,full,,,seed,46.0
1708.0,0.458984375,,full,,,seed,46.0
1724.0,0.50625,,full,,,seed,46.0
1740.0,0.5,,full,,,seed,46.0
1756.0,0.478515625,,full,,,seed,46.0
1772.0,0.4375,,full,,,seed,46.0
1788.0,0.4464285714285714,,full,,,seed,46.0
1804.0,0.521484375,,full,,,seed,46.0
1820.0,0.4421875,,full,,,seed,46.0
1836.0,0.3864795918367346,,full,,,seed,46.0
1852.0,0.390625,,full,,,seed,46.0
1868.0,0.54375,,full,,,seed,46.0
1884.0,0.4272959183673469,,full,,,seed,46.0
1900.0,0.521484375,,full,,,seed,46.0
1916.0,0.4828125,,full,,,seed,46.0
1932.0,0.3839285714285714,,full,,,seed,46.0
1948.0,0.505859375,,full,,,seed,46.0
1964.0,0.45625,,full,,,seed,46.0
1980.0,0.4362244897959184,,full,,,seed,46.0
1996.0,0.42578125,,full,,,seed,46.0
2000.0,0.5875,,full,,,seed,46.0
2016.0,0.4464285714285714,,full,,,seed,46.0
2032.0,0.548828125,,full,,,seed,46.0
2048.0,0.4468749999999999,,full,,,seed,46.0
2064.0,0.4744897959183674,,full,,,seed,46.0
2080.0,0.52734375,,full,,,seed,46.0
2096.0,0.4671875,,full,,,seed,46.0
2112.0,0.4744897959183673,,full,,,seed,46.0
2128.0,0.5,,full,,,seed,46.0
2144.0,0.4328125,,full,,,seed,46.0
2160.0,0.4311224489795918,,full,,,seed,46.0
2176.0,0.435546875,,full,,,seed,46.0
2192.0,0.4578124999999999,,full,,,seed,46.0
2208.0,0.3966836734693877,,full,,,seed,46.0
2224.0,0.44921875,,full,,,seed,46.0
2240.0,0.534375,,full,,,seed,46.0
2256.0,0.4821428571428571,,full,,,seed,46.0
2272.0,0.486328125,,full,,,seed,46.0
2288.0,0.490625,,full,,,seed,46.0
2304.0,0.4502551020408163,,full,,,seed,46.0
2320.0,0.53515625,,full,,,seed,46.0
2336.0,0.5265625,,full,,,seed,46.0
2352.0,0.4579081632653061,,full,,,seed,46.0
2368.0,0.515625,,full,,,seed,46.0
2384.0,0.4421875,,full,,,seed,46.0
2400.0,0.4413265306122448,,full,,,seed,46.0
2416.0,0.48828125,,full,,,seed,46.0
2432.0,0.44375,,full,,,seed,46.0
2448.0,0.3954081632653061,,full,,,seed,46.0
2464.0,0.44921875,,full,,,seed,46.0
2480.0,0.3890625,,full,,,seed,46.0
2496.0,0.4451530612244897,,full,,,seed,46.0
2500.0,0.5,,full,,,seed,46.0
2516.0,0.421875,,full,,,seed,46.0
2532.0,0.4336734693877551,,full,,,seed,46.0
2548.0,0.42578125,,full,,,seed,46.0
2564.0,0.5203125,,full,,,seed,46.0
2580.0,0.413265306122449,,full,,,seed,46.0
2596.0,0.501953125,,full,,,seed,46.0
2612.0,0.4890624999999999,,full,,,seed,46.0
2628.0,0.4872448979591836,,full,,,seed,46.0
2644.0,0.474609375,,full,,,seed,46.0
2660.0,0.4984375,,full,,,seed,46.0
2676.0,0.4783163265306122,,full,,,seed,46.0
2692.0,0.494140625,,full,,,seed,46.0
2708.0,0.421875,,full,,,seed,46.0
2724.0,0.4336734693877551,,full,,,seed,46.0
2740.0,0.533203125,,full,,,seed,46.0
2756.0,0.459375,,full,,,seed,46.0
2772.0,0.4311224489795918,,full,,,seed,46.0
2788.0,0.5234375,,full,,,seed,46.0
2804.0,0.446875,,full,,,seed,46.0
2820.0,0.4247448979591837,,full,,,seed,46.0
2836.0,0.505859375,,full,,,seed,46.0
2852.0,0.5171875,,full,,,seed,46.0
2868.0,0.4846938775510204,,full,,,seed,46.0
2884.0,0.373046875,,full,,,seed,46.0
2900.0,0.4765624999999999,,full,,,seed,46.0
2916.0,0.4579081632653061,,full,,,seed,46.0
2932.0,0.529296875,,full,,,seed,46.0
2948.0,0.4953125,,full,,,seed,46.0
2964.0,0.3826530612244898,,full,,,seed,46.0
2980.0,0.474609375,,full,,,seed,46.0
2996.0,0.4625,,full,,,seed,46.0
3000.0,0.5051020408163265,,full,,,seed,46.0
0.0,,0.224609375,full,0.21484375,0.236328125,summary,
20.0,,0.21728515625,full,0.2119140625,0.23349609375,summary,
40.0,,0.2138711734693877,full,0.2112563775510204,0.2362244897959183,summary,
60.0,,0.2906867825255101,full,0.2663524394132653,0.3269989636479591,summary,
80.0,,0.3109375,full,0.3046875,0.321875,summary,
100.0,,0.2852459343112244,full,0.2843291613520408,0.3162567761479591,summary,
120.0,,0.3470703125,full,0.3400390625,0.3669921875,summary,
140.0,,0.3580516581632653,full,0.3534837372448979,0.3674824617346939,summary,
160.0,,0.40625,full,0.384765625,0.408203125,summary,
180.0,,0.4024792729591837,full,0.3716119260204081,0.4122528698979592,summary,
200.0,,0.4334741709183673,full,0.4253826530612244,0.4367625956632653,summary,
220.0,,0.44453125,full,0.42177734375,0.44970703125,summary,
240.0,,0.4043367346938775,full,0.4017857142857143,0.4081632653061224,summary,
260.0,,0.4484375,full,0.429296875,0.4541015625,summary,
280.0,,0.3791852678571428,full,0.3690569196428571,0.4113839285714286,summary,
300.0,,0.459423828125,full,0.40546875,0.4798828125,summary,
320.0,,0.427555006377551,full,0.4258011798469387,0.4377192283163266,summary,
340.0,,0.4548539142219387,full,0.454654615752551,0.4574946189413265,summary,
360.0,,0.46748046875,full,0.4192871093749999,0.467919921875,summary,
380.0,,0.4172712053571428,full,0.4166085379464286,0.4345354352678571,summary,
400.0,,0.4482421875,full,0.444970703125,0.460009765625,summary,
420.0,,0.4425621811224489,full,0.4087810905612244,0.447835618622449,summary,
440.0,,0.4373405612244898,full,0.4137386399872449,0.4646843112244898,summary,
460.0,,0.4059869260204081,full,0.394937818877551,0.4286152742346938,summary,
480.0,,0.4413115832270408,full,0.3999471859056122,0.4421486367984694,summary,
500.0,,0.4474999999999999,full,0.4375,0.4474999999999999,summary,
520.0,,0.4350785235969387,full,0.426937181122449,0.4500358737244898,summary,
540.0,,0.4626953125,full,0.4517578125,0.470703125,summary,
560.0,,0.4358258928571428,full,0.4288504464285714,0.4509964923469387,summary,
580.0,,0.4453125,full,0.419921875,0.44921875,summary,
600.0,,0.4533960459183673,full,0.4254703443877551,0.480843431122449,summary,
620.0,,0.438835299744898,full,0.4308235012755102,0.4476642219387755,summary,
640.0,,0.4740234375,full,0.4485351562499999,0.4751953124999999,summary,
660.0,,0.4438775510204081,full,0.4311224489795918,0.4502551020408163,summary,
680.0,,0.45869140625,full,0.45634765625,0.48564453125,summary,
700.0,,0.4444674744897959,full,0.3993463010204082,0.4565848214285714,summary,
720.0,,0.4712611607142857,full,0.438835299744898,0.4924465880102041,summary,
740.0,,0.440625,full,0.4375,0.4921875,summary,
760.0,,0.4348592952806122,full,0.4331353635204081,0.4538325095663265,summary,
780.0,,0.472265625,full,0.4619140625,0.4927734375,summary,
800.0,,0.4248883928571428,full,0.4243861607142857,0.4365035076530612,summary,
820.0,,0.45703125,full,0.443359375,0.4609375,summary,
840.0,,0.4499441964285714,full,0.4467793367346939,0.4702168367346939,summary,
860.0,,0.4376992984693877,full,0.4347696109693877,0.4758649553571428,summary,
880.0,,0.47705078125,full,0.4501953125,0.4798828125,summary,
900.0,,0.4298469387755102,full,0.4196428571428571,0.4311224489795918,summary,
920.0,,0.44267578125,full,0.44111328125,0.47041015625,summary,
940.0,,0.4096938775510204,full,0.403156887755102,0.4652742346938775,summary,
960.0,,0.4682816485969387,full,0.4181281887755101,0.4814652423469387,summary,
980.0,,0.45,full,0.44375,0.490625,summary,
1000.0,,0.5,full,0.5,0.546875,summary,
1020.0,,0.4564492984693877,full,0.4528380102040816,0.489891581632653,summary,
1040.0,,0.4334941007653061,full,0.4180683992346938,0.4564532844387755,summary,
1060.0,,0.43330078125,full,0.4236328124999999,0.4426757812499999,summary,
1080.0,,0.4630102040816327,full,0.4528061224489795,0.4681122448979591,summary,
1100.0,,0.4654296875,full,0.44365234375,0.46630859375,summary,
1120.0,,0.4305644132653061,full,0.4251594387755102,0.4443239795918366,summary,
1140.0,,0.4567323022959184,full,0.4370914381377551,0.4962830835459183,summary,
1160.0,,0.4765625,full,0.45,0.484375,summary,
1180.0,,0.4693478954081633,full,0.4653818558673469,0.4699557557397959,summary,
1200.0,,0.484375,full,0.457421875,0.5080078125,summary,
1220.0,,0.4623007015306122,full,0.419579081632653,0.4683115433673469,summary,
1240.0,,0.46875,full,0.44140625,0.4765625,summary,
1260.0,,0.4432397959183674,full,0.4298230229591837,0.4788265306122449,summary,
1280.0,,0.4421436543367347,full,0.435367506377551,0.4578483737244898,summary,
1300.0,,0.46259765625,full,0.4211914062499999,0.4923828125,summary,
1320.0,,0.4183673469387755,full,0.3941326530612244,0.4323979591836734,summary,
1340.0,,0.4578125,full,0.44873046875,0.48974609375,summary,
1360.0,,0.4706313775510203,full,0.4646045918367347,0.4823182397959184,summary,
1380.0,,0.4769810267857143,full,0.4747688137755101,0.4793726084183674,summary,
1400.0,,0.5046875000000001,full,0.4875,0.5046875000000001,summary,
1420.0,,0.4530652104591837,full,0.4499960140306122,0.4795021524234694,summary,
1440.0,,0.478515625,full,0.466015625,0.4957031249999999,summary,
1460.0,,0.4694276147959183,full,0.4123405612244898,0.4776227678571428,summary,
1480.0,,0.49609375,full,0.48828125,0.54296875,summary,
1500.0,,0.4489795918367347,full,0.3928571428571429,0.4744897959183673,summary,
1520.0,,0.4884765625,full,0.468359375,0.498828125,summary,
1540.0,,0.4411192602040816,full,0.4123246173469388,0.451626275510204,summary,
1560.0,,0.4396025988520408,full,0.4267279177295918,0.469856106505102,summary,
1580.0,,0.4671875,full,0.4296875,0.4796875,summary,
1600.0,,0.4628109056122449,full,0.4532246492346938,0.4762236926020408,summary,
1620.0,,0.505078125,full,0.475,0.505078125,summary,
1640.0,,0.4384247448979591,full,0.4306521045918366,0.4424186862244897,summary,
1660.0,,0.46484375,full,0.451171875,0.494140625,summary,
1680.0,,0.4608179209183674,full,0.4513313137755102,0.4649633290816326,summary,
1700.0,,0.4576291454081632,full,0.4461894132653061,0.4641860650510204,summary,
1720.0,,0.4583984375,full,0.45751953125,0.4802734374999999,summary,
1740.0,,0.4961734693877551,full,0.4591836734693877,0.5,summary,
1760.0,,0.48447265625,full,0.46826171875,0.50205078125,summary,
1780.0,,0.4419642857142857,full,0.4327327806122449,0.4529815051020407,summary,
1800.0,,0.4834781568877551,full,0.4768813775510204,0.4946388711734694,summary,
1820.0,,0.4765625,full,0.4421875,0.4859375,summary,
1840.0,,0.4469367825255101,full,0.4277244100765306,0.4482820471938775,summary,
1860.0,,0.5005859374999999,full,0.4919921875,0.5050781249999999,summary,
1880.0,,0.4564094387755102,full,0.4531967474489796,0.4662468112244897,summary,
1900.0,,0.48828125,full,0.48828125,0.498046875,summary,
1920.0,,0.4616948341836734,full,0.4580915178571428,0.461782525510204,summary,
1940.0,,0.4585259885204081,full,0.4448939732142857,0.4596420599489795,summary,
1960.0,,0.46474609375,full,0.45615234375,0.46865234375,summary,
1980.0,,0.4566326530612244,full,0.4362244897959184,0.4770408163265306,summary,
2000.0,,0.4375,full,0.4375,0.5812499999999999,summary,
2020.0,,0.4556560905612244,full,0.4365632971938775,0.4684111926020408,summary,
2040.0,,0.465234375,full,0.453515625,0.4978515624999999,summary,
2060.0,,0.4646205357142857,full,0.4529894770408163,0.4675860969387755,summary,
2080.0,,0.478515625,full,0.458984375,0.513671875,summary,
2100.0,,0.4690130739795918,full,0.467641900510204,0.4880819515306122,summary,
2120.0,,0.4598413584183674,full,0.4513113839285714,0.4849529655612244,summary,
2140.0,,0.45283203125,full,0.449609375,0.4541992187499999,summary,
2160.0,,0.4579081632653061,full,0.4311224489795918,0.4693877551020408,summary,
2180.0,,0.4578125,full,0.44462890625,0.4630859375,summary,
2200.0,,0.459375,full,0.4308354591836734,0.478922193877551,summary,
2220.0,,0.4744997608418367,full,0.4378985969387755,0.5011559311224489,summary,
2240.0,,0.5125,full,0.471875,0.534375,summary,
2260.0,,0.4799505739795918,full,0.4563436702806122,0.4831891741071428,summary,
2280.0,,0.4896484375,full,0.4884765625,0.5078125,summary,
2300.0,,0.4502949617346938,full,0.4495137117346939,0.4603475765306122,summary,
2320.0,,0.521484375,full,0.48828125,0.53515625,summary,
2340.0,,0.4772480867346939,full,0.4724410076530612,0.5093989158163266,summary,
2360.0,,0.4713408801020408,full,0.4708027742346938,0.4867665816326531,summary,
2380.0,,0.47021484375,full,0.460546875,0.49091796875,summary,
2400.0,,0.4438775510204081,full,0.4413265306122448,0.4706632653061224,summary,
2420.0,,0.45673828125,full,0.4552734375,0.4771484375,summary,
2440.0,,0.4456632653061225,full,0.4452646683673469,0.4463169642857143,summary,
2460.0,,0.4572405133928571,full,0.4457808514030612,0.4719487404336734,summary,
2480.0,,0.4625,full,0.4140625,0.4828125,summary,
2500.0,,0.4609375,full,0.4453125,0.5,summary,
2520.0,,0.4267458545918367,full,0.4248246173469387,0.4722417091836735,summary,
2540.0,,0.4538823341836734,full,0.4297273596938775,0.4634287308673469,summary,
2560.0,,0.49423828125,full,0.47705078125,0.4951171875,summary,
2580.0,,0.4655612244897958,full,0.4426020408163265,0.4808673469387755,summary,
2600.0,,0.4814453125,full,0.4755859375,0.49873046875,summary,
2620.0,,0.478156887755102,full,0.4357780612244898,0.4881536989795918,summary,
2640.0,,0.4589046556122449,full,0.447574537627551,0.4777682557397959,summary,
2660.0,,0.4796875,full,0.4703125,0.4984375,summary,
2680.0,,0.4802794164540817,full,0.4456812021683674,0.4822724011479591,summary,
2700.0,,0.4650390625,full,0.4650390625,0.4767578125,summary,
2720.0,,0.4650908801020408,full,0.4639748086734694,0.4935427295918367,summary,
2740.0,,0.5078125,full,0.505859375,0.533203125,summary,
2760.0,,0.4714843749999999,full,0.4693478954081632,0.4795519770408163,summary,
2780.0,,0.4816645408163265,full,0.4772799744897959,0.4825414540816326,summary,
2800.0,,0.48359375,full,0.47744140625,0.498046875,summary,
2820.0,,0.4400510204081633,full,0.4247448979591837,0.4438775510204081,summary,
2840.0,,0.4802734375,full,0.45107421875,0.48857421875,summary,
2860.0,,0.4795599489795918,full,0.467984693877551,0.5009406887755102,summary,
2880.0,,0.4601901307397959,full,0.4321787308673469,0.4920978156887755,summary,
2900.0,,0.4765624999999999,full,0.4625,0.503125,summary,
2920.0,,0.4465780452806122,full,0.4380281409438775,0.4596619897959183,summary,
2940.0,,0.4625,full,0.4376953125,0.477734375,summary,
2960.0,,0.4400191326530612,full,0.4264110331632653,0.4450573979591836,summary,
2980.0,,0.478515625,full,0.474609375,0.5,summary,
3000.0,,0.4744897959183674,full,0.4489795918367347,0.5051020408163265,summary,
16.0,0.193359375,,a2c_pointer,,,seed,42.0
32.0,0.196875,,a2c_pointer,,,seed,42.0
48.0,0.2155612244897959,,a2c_pointer,,,seed,42.0
64.0,0.2421875,,a2c_pointer,,,seed,42.0
80.0,0.275,,a2c_pointer,,,seed,42.0
96.0,0.2015306122448979,,a2c_pointer,,,seed,42.0
112.0,0.3046875,,a2c_pointer,,,seed,42.0
128.0,0.284375,,a2c_pointer,,,seed,42.0
144.0,0.2397959183673469,,a2c_pointer,,,seed,42.0
160.0,0.27734375,,a2c_pointer,,,seed,42.0
176.0,0.321875,,a2c_pointer,,,seed,42.0
192.0,0.2908163265306122,,a2c_pointer,,,seed,42.0
208.0,0.34375,,a2c_pointer,,,seed,42.0
224.0,0.290625,,a2c_pointer,,,seed,42.0
240.0,0.3163265306122449,,a2c_pointer,,,seed,42.0
250.0,0.3375,,a2c_pointer,,,seed,42.0
266.0,0.2921875,,a2c_pointer,,,seed,42.0
282.0,0.3137755102040816,,a2c_pointer,,,seed,42.0
298.0,0.337890625,,a2c_pointer,,,seed,42.0
314.0,0.3015625,,a2c_pointer,,,seed,42.0
330.0,0.2704081632653061,,a2c_pointer,,,seed,42.0
346.0,0.427734375,,a2c_pointer,,,seed,42.0
362.0,0.3703125,,a2c_pointer,,,seed,42.0
378.0,0.3405612244897959,,a2c_pointer,,,seed,42.0
394.0,0.453125,,a2c_pointer,,,seed,42.0
410.0,0.365625,,a2c_pointer,,,seed,42.0
426.0,0.2895408163265306,,a2c_pointer,,,seed,42.0
442.0,0.37109375,,a2c_pointer,,,seed,42.0
458.0,0.3640625,,a2c_pointer,,,seed,42.0
474.0,0.3316326530612244,,a2c_pointer,,,seed,42.0
490.0,0.44140625,,a2c_pointer,,,seed,42.0
500.0,0.4125,,a2c_pointer,,,seed,42.0
516.0,0.3673469387755101,,a2c_pointer,,,seed,42.0
532.0,0.376953125,,a2c_pointer,,,seed,42.0
548.0,0.409375,,a2c_pointer,,,seed,42.0
564.0,0.3890306122448979,,a2c_pointer,,,seed,42.0
580.0,0.4140625,,a2c_pointer,,,seed,42.0
596.0,0.36875,,a2c_pointer,,,seed,42.0
612.0,0.360969387755102,,a2c_pointer,,,seed,42.0
628.0,0.412109375,,a2c_pointer,,,seed,42.0
644.0,0.3562499999999999,,a2c_pointer,,,seed,42.0
660.0,0.3724489795918367,,a2c_pointer,,,seed,42.0
676.0,0.484375,,a2c_pointer,,,seed,42.0
692.0,0.396875,,a2c_pointer,,,seed,42.0
708.0,0.4145408163265306,,a2c_pointer,,,seed,42.0
724.0,0.421875,,a2c_pointer,,,seed,42.0
740.0,0.3609375,,a2c_pointer,,,seed,42.0
756.0,0.3890306122448979,,a2c_pointer,,,seed,42.0
772.0,0.46484375,,a2c_pointer,,,seed,42.0
788.0,0.3953125,,a2c_pointer,,,seed,42.0
804.0,0.3801020408163265,,a2c_pointer,,,seed,42.0
820.0,0.458984375,,a2c_pointer,,,seed,42.0
836.0,0.4546875,,a2c_pointer,,,seed,42.0
852.0,0.4362244897959184,,a2c_pointer,,,seed,42.0
868.0,0.45703125,,a2c_pointer,,,seed,42.0
884.0,0.446875,,a2c_pointer,,,seed,42.0
900.0,0.3788265306122449,,a2c_pointer,,,seed,42.0
916.0,0.474609375,,a2c_pointer,,,seed,42.0
932.0,0.41875,,a2c_pointer,,,seed,42.0
948.0,0.4668367346938775,,a2c_pointer,,,seed,42.0
964.0,0.4453125,,a2c_pointer,,,seed,42.0
980.0,0.4640625,,a2c_pointer,,,seed,42.0
996.0,0.399234693877551,,a2c_pointer,,,seed,42.0
1000.0,0.546875,,a2c_pointer,,,seed,42.0
1016.0,0.378125,,a2c_pointer,,,seed,42.0
1032.0,0.3775510204081632,,a2c_pointer,,,seed,42.0
1048.0,0.4140625,,a2c_pointer,,,seed,42.0
1064.0,0.4375,,a2c_pointer,,,seed,42.0
1080.0,0.4030612244897959,,a2c_pointer,,,seed,42.0
1096.0,0.470703125,,a2c_pointer,,,seed,42.0
1112.0,0.4359375,,a2c_pointer,,,seed,42.0
1128.0,0.4068877551020408,,a2c_pointer,,,seed,42.0
1144.0,0.498046875,,a2c_pointer,,,seed,42.0
1160.0,0.4765625,,a2c_pointer,,,seed,42.0
1176.0,0.4158163265306122,,a2c_pointer,,,seed,42.0
1192.0,0.421875,,a2c_pointer,,,seed,42.0
1208.0,0.4046875,,a2c_pointer,,,seed,42.0
1224.0,0.3877551020408163,,a2c_pointer,,,seed,42.0
1240.0,0.451171875,,a2c_pointer,,,seed,42.0
1256.0,0.459375,,a2c_pointer,,,seed,42.0
1272.0,0.4081632653061224,,a2c_pointer,,,seed,42.0
1288.0,0.435546875,,a2c_pointer,,,seed,42.0
1304.0,0.4265625,,a2c_pointer,,,seed,42.0
1320.0,0.4005102040816326,,a2c_pointer,,,seed,42.0
1336.0,0.47265625,,a2c_pointer,,,seed,42.0
1352.0,0.4375,,a2c_pointer,,,seed,42.0
1368.0,0.4617346938775509,,a2c_pointer,,,seed,42.0
1384.0,0.478515625,,a2c_pointer,,,seed,42.0
1400.0,0.4484375,,a2c_pointer,,,seed,42.0
1416.0,0.4132653061224489,,a2c_pointer,,,seed,42.0
1432.0,0.4375,,a2c_pointer,,,seed,42.0
1448.0,0.4609374999999999,,a2c_pointer,,,seed,42.0
1464.0,0.4706632653061224,,a2c_pointer,,,seed,42.0
1480.0,0.470703125,,a2c_pointer,,,seed,42.0
1496.0,0.5078125,,a2c_pointer,,,seed,42.0
1500.0,0.423469387755102,,a2c_pointer,,,seed,42.0
1516.0,0.517578125,,a2c_pointer,,,seed,42.0
1532.0,0.4046875,,a2c_pointer,,,seed,42.0
1548.0,0.4017857142857143,,a2c_pointer,,,seed,42.0
1564.0,0.44140625,,a2c_pointer,,,seed,42.0
1580.0,0.4890625,,a2c_pointer,,,seed,42.0
1596.0,0.4757653061224489,,a2c_pointer,,,seed,42.0
1612.0,0.515625,,a2c_pointer,,,seed,42.0
1628.0,0.4890624999999999,,a2c_pointer,,,seed,42.0
1644.0,0.3801020408163265,,a2c_pointer,,,seed,42.0
1660.0,0.498046875,,a2c_pointer,,,seed,42.0
1676.0,0.4828125,,a2c_pointer,,,seed,42.0
1692.0,0.4872448979591837,,a2c_pointer,,,seed,42.0
1708.0,0.478515625,,a2c_pointer,,,seed,42.0
1724.0,0.5,,a2c_pointer,,,seed,42.0
1740.0,0.4528061224489795,,a2c_pointer,,,seed,42.0
1756.0,0.474609375,,a2c_pointer,,,seed,42.0
1772.0,0.428125,,a2c_pointer,,,seed,42.0
1788.0,0.4540816326530612,,a2c_pointer,,,seed,42.0
1804.0,0.521484375,,a2c_pointer,,,seed,42.0
1820.0,0.48125,,a2c_pointer,,,seed,42.0
1836.0,0.461734693877551,,a2c_pointer,,,seed,42.0
1852.0,0.494140625,,a2c_pointer,,,seed,42.0
1868.0,0.5265625,,a2c_pointer,,,seed,42.0
1884.0,0.4081632653061224,,a2c_pointer,,,seed,42.0
1900.0,0.451171875,,a2c_pointer,,,seed,42.0
1916.0,0.4703125,,a2c_pointer,,,seed,42.0
1932.0,0.4387755102040816,,a2c_pointer,,,seed,42.0
1948.0,0.48046875,,a2c_pointer,,,seed,42.0
1964.0,0.4578124999999999,,a2c_pointer,,,seed,42.0
1980.0,0.4834183673469387,,a2c_pointer,,,seed,42.0
1996.0,0.529296875,,a2c_pointer,,,seed,42.0
2000.0,0.44375,,a2c_pointer,,,seed,42.0
2016.0,0.4681122448979591,,a2c_pointer,,,seed,42.0
2032.0,0.48046875,,a2c_pointer,,,seed,42.0
2048.0,0.409375,,a2c_pointer,,,seed,42.0
2064.0,0.5,,a2c_pointer,,,seed,42.0
2080.0,0.47265625,,a2c_pointer,,,seed,42.0
2096.0,0.475,,a2c_pointer,,,seed,42.0
2112.0,0.4630102040816326,,a2c_pointer,,,seed,42.0
2128.0,0.515625,,a2c_pointer,,,seed,42.0
2144.0,0.45625,,a2c_pointer,,,seed,42.0
2160.0,0.4821428571428571,,a2c_pointer,,,seed,42.0
2176.0,0.470703125,,a2c_pointer,,,seed,42.0
2192.0,0.490625,,a2c_pointer,,,seed,42.0
2208.0,0.4489795918367346,,a2c_pointer,,,seed,42.0
2224.0,0.484375,,a2c_pointer,,,seed,42.0
2240.0,0.5609375,,a2c_pointer,,,seed,42.0
2256.0,0.4272959183673469,,a2c_pointer,,,seed,42.0
2272.0,0.51171875,,a2c_pointer,,,seed,42.0
2288.0,0.5234375,,a2c_pointer,,,seed,42.0
2304.0,0.4477040816326531,,a2c_pointer,,,seed,42.0
2320.0,0.5078125,,a2c_pointer,,,seed,42.0
2336.0,0.484375,,a2c_pointer,,,seed,42.0
2352.0,0.4094387755102041,,a2c_pointer,,,seed,42.0
2368.0,0.556640625,,a2c_pointer,,,seed,42.0
2384.0,0.48125,,a2c_pointer,,,seed,42.0
2400.0,0.4426020408163265,,a2c_pointer,,,seed,42.0
2416.0,0.458984375,,a2c_pointer,,,seed,42.0
2432.0,0.46875,,a2c_pointer,,,seed,42.0
2448.0,0.4272959183673469,,a2c_pointer,,,seed,42.0
2464.0,0.498046875,,a2c_pointer,,,seed,42.0
2480.0,0.521875,,a2c_pointer,,,seed,42.0
2496.0,0.4375,,a2c_pointer,,,seed,42.0
2500.0,0.53125,,a2c_pointer,,,seed,42.0
2516.0,0.4953125,,a2c_pointer,,,seed,42.0
2532.0,0.4630102040816326,,a2c_pointer,,,seed,42.0
2548.0,0.484375,,a2c_pointer,,,seed,42.0
2564.0,0.3859375,,a2c_pointer,,,seed,42.0
2580.0,0.4579081632653061,,a2c_pointer,,,seed,42.0
2596.0,0.4453125,,a2c_pointer,,,seed,42.0
2612.0,0.44375,,a2c_pointer,,,seed,42.0
2628.0,0.4285714285714286,,a2c_pointer,,,seed,42.0
2644.0,0.427734375,,a2c_pointer,,,seed,42.0
2660.0,0.3999999999999999,,a2c_pointer,,,seed,42.0
2676.0,0.4349489795918367,,a2c_pointer,,,seed,42.0
2692.0,0.48828125,,a2c_pointer,,,seed,42.0
2708.0,0.484375,,a2c_pointer,,,seed,42.0
2724.0,0.4566326530612244,,a2c_pointer,,,seed,42.0
2740.0,0.484375,,a2c_pointer,,,seed,42.0
2756.0,0.46875,,a2c_pointer,,,seed,42.0
2772.0,0.4209183673469387,,a2c_pointer,,,seed,42.0
2788.0,0.509765625,,a2c_pointer,,,seed,42.0
2804.0,0.4953125,,a2c_pointer,,,seed,42.0
2820.0,0.4068877551020408,,a2c_pointer,,,seed,42.0
2836.0,0.5078125,,a2c_pointer,,,seed,42.0
2852.0,0.4671875,,a2c_pointer,,,seed,42.0
2868.0,0.4770408163265306,,a2c_pointer,,,seed,42.0
2884.0,0.48046875,,a2c_pointer,,,seed,42.0
2900.0,0.4968749999999999,,a2c_pointer,,,seed,42.0
2916.0,0.3788265306122449,,a2c_pointer,,,seed,42.0
2932.0,0.537109375,,a2c_pointer,,,seed,42.0
2948.0,0.4390625,,a2c_pointer,,,seed,42.0
2964.0,0.4285714285714285,,a2c_pointer,,,seed,42.0
2980.0,0.4921875,,a2c_pointer,,,seed,42.0
2996.0,0.43125,,a2c_pointer,,,seed,42.0
3000.0,0.5408163265306123,,a2c_pointer,,,seed,42.0
16.0,0.224609375,,a2c_pointer,,,seed,43.0
32.0,0.221875,,a2c_pointer,,,seed,43.0
48.0,0.2015306122448979,,a2c_pointer,,,seed,43.0
64.0,0.26171875,,a2c_pointer,,,seed,43.0
80.0,0.25,,a2c_pointer,,,seed,43.0
96.0,0.221938775510204,,a2c_pointer,,,seed,43.0
112.0,0.275390625,,a2c_pointer,,,seed,43.0
128.0,0.2765625,,a2c_pointer,,,seed,43.0
144.0,0.2576530612244898,,a2c_pointer,,,seed,43.0
160.0,0.314453125,,a2c_pointer,,,seed,43.0
176.0,0.2453125,,a2c_pointer,,,seed,43.0
192.0,0.2678571428571428,,a2c_pointer,,,seed,43.0
208.0,0.291015625,,a2c_pointer,,,seed,43.0
224.0,0.31875,,a2c_pointer,,,seed,43.0
240.0,0.2423469387755102,,a2c_pointer,,,seed,43.0
250.0,0.390625,,a2c_pointer,,,seed,43.0
266.0,0.29375,,a2c_pointer,,,seed,43.0
282.0,0.2933673469387755,,a2c_pointer,,,seed,43.0
298.0,0.361328125,,a2c_pointer,,,seed,43.0
314.0,0.3265625,,a2c_pointer,,,seed,43.0
330.0,0.2946428571428571,,a2c_pointer,,,seed,43.0
346.0,0.373046875,,a2c_pointer,,,seed,43.0
362.0,0.321875,,a2c_pointer,,,seed,43.0
378.0,0.3290816326530612,,a2c_pointer,,,seed,43.0
394.0,0.349609375,,a2c_pointer,,,seed,43.0
410.0,0.334375,,a2c_pointer,,,seed,43.0
426.0,0.3278061224489795,,a2c_pointer,,,seed,43.0
442.0,0.400390625,,a2c_pointer,,,seed,43.0
458.0,0.3234375,,a2c_pointer,,,seed,43.0
474.0,0.3214285714285714,,a2c_pointer,,,seed,43.0
490.0,0.431640625,,a2c_pointer,,,seed,43.0
500.0,0.3675,,a2c_pointer,,,seed,43.0
516.0,0.3239795918367347,,a2c_pointer,,,seed,43.0
532.0,0.37890625,,a2c_pointer,,,seed,43.0
548.0,0.36875,,a2c_pointer,,,seed,43.0
564.0,0.3239795918367347,,a2c_pointer,,,seed,43.0
580.0,0.412109375,,a2c_pointer,,,seed,43.0
596.0,0.4265625,,a2c_pointer,,,seed,43.0
612.0,0.3673469387755102,,a2c_pointer,,,seed,43.0
628.0,0.453125,,a2c_pointer,,,seed,43.0
644.0,0.396875,,a2c_pointer,,,seed,43.0
660.0,0.3558673469387755,,a2c_pointer,,,seed,43.0
676.0,0.41796875,,a2c_pointer,,,seed,43.0
692.0,0.4171875,,a2c_pointer,,,seed,43.0
708.0,0.4005102040816326,,a2c_pointer,,,seed,43.0
724.0,0.48828125,,a2c_pointer,,,seed,43.0
740.0,0.4515625,,a2c_pointer,,,seed,43.0
756.0,0.3392857142857143,,a2c_pointer,,,seed,43.0
772.0,0.486328125,,a2c_pointer,,,seed,43.0
788.0,0.4499999999999999,,a2c_pointer,,,seed,43.0
804.0,0.3839285714285714,,a2c_pointer,,,seed,43.0
820.0,0.435546875,,a2c_pointer,,,seed,43.0
836.0,0.40625,,a2c_pointer,,,seed,43.0
852.0,0.4323979591836735,,a2c_pointer,,,seed,43.0
868.0,0.43359375,,a2c_pointer,,,seed,43.0
884.0,0.4312499999999999,,a2c_pointer,,,seed,43.0
900.0,0.4400510204081632,,a2c_pointer,,,seed,43.0
916.0,0.484375,,a2c_pointer,,,seed,43.0
932.0,0.4046875,,a2c_pointer,,,seed,43.0
948.0,0.3877551020408163,,a2c_pointer,,,seed,43.0
964.0,0.4375,,a2c_pointer,,,seed,43.0
980.0,0.4953125,,a2c_pointer,,,seed,43.0
996.0,0.451530612244898,,a2c_pointer,,,seed,43.0
1000.0,0.4921875,,a2c_pointer,,,seed,43.0
1016.0,0.490625,,a2c_pointer,,,seed,43.0
1032.0,0.4642857142857143,,a2c_pointer,,,seed,43.0
1048.0,0.46484375,,a2c_pointer,,,seed,43.0
1064.0,0.409375,,a2c_pointer,,,seed,43.0
1080.0,0.4400510204081632,,a2c_pointer,,,seed,43.0
1096.0,0.48046875,,a2c_pointer,,,seed,43.0
1112.0,0.3453124999999999,,a2c_pointer,,,seed,43.0
1128.0,0.3507653061224489,,a2c_pointer,,,seed,43.0
1144.0,0.375,,a2c_pointer,,,seed,43.0
1160.0,0.3484375,,a2c_pointer,,,seed,43.0
1176.0,0.4323979591836735,,a2c_pointer,,,seed,43.0
1192.0,0.546875,,a2c_pointer,,,seed,43.0
1208.0,0.490625,,a2c_pointer,,,seed,43.0
1224.0,0.4477040816326531,,a2c_pointer,,,seed,43.0
1240.0,0.474609375,,a2c_pointer,,,seed,43.0
1256.0,0.421875,,a2c_pointer,,,seed,43.0
1272.0,0.4221938775510204,,a2c_pointer,,,seed,43.0
1288.0,0.455078125,,a2c_pointer,,,seed,43.0
1304.0,0.525,,a2c_pointer,,,seed,43.0
1320.0,0.4655612244897959,,a2c_pointer,,,seed,43.0
1336.0,0.45703125,,a2c_pointer,,,seed,43.0
1352.0,0.41875,,a2c_pointer,,,seed,43.0
1368.0,0.4387755102040816,,a2c_pointer,,,seed,43.0
1384.0,0.455078125,,a2c_pointer,,,seed,43.0
1400.0,0.5,,a2c_pointer,,,seed,43.0
1416.0,0.4362244897959183,,a2c_pointer,,,seed,43.0
1432.0,0.490234375,,a2c_pointer,,,seed,43.0
1448.0,0.5093749999999999,,a2c_pointer,,,seed,43.0
1464.0,0.4043367346938775,,a2c_pointer,,,seed,43.0
1480.0,0.48046875,,a2c_pointer,,,seed,43.0
1496.0,0.4390624999999999,,a2c_pointer,,,seed,43.0
1500.0,0.4693877551020408,,a2c_pointer,,,seed,43.0
1516.0,0.517578125,,a2c_pointer,,,seed,43.0
1532.0,0.4640625,,a2c_pointer,,,seed,43.0
1548.0,0.5408163265306123,,a2c_pointer,,,seed,43.0
1564.0,0.46875,,a2c_pointer,,,seed,43.0
1580.0,0.4609375,,a2c_pointer,,,seed,43.0
1596.0,0.4489795918367346,,a2c_pointer,,,seed,43.0
1612.0,0.5,,a2c_pointer,,,seed,43.0
1628.0,0.4265624999999999,,a2c_pointer,,,seed,43.0
1644.0,0.4464285714285714,,a2c_pointer,,,seed,43.0
1660.0,0.435546875,,a2c_pointer,,,seed,43.0
1676.0,0.4484375,,a2c_pointer,,,seed,43.0
1692.0,0.4132653061224489,,a2c_pointer,,,seed,43.0
1708.0,0.45703125,,a2c_pointer,,,seed,43.0
1724.0,0.4171875,,a2c_pointer,,,seed,43.0
1740.0,0.4489795918367347,,a2c_pointer,,,seed,43.0
1756.0,0.544921875,,a2c_pointer,,,seed,43.0
1772.0,0.4046875,,a2c_pointer,,,seed,43.0
1788.0,0.4387755102040816,,a2c_pointer,,,seed,43.0
1804.0,0.505859375,,a2c_pointer,,,seed,43.0
1820.0,0.4656249999999999,,a2c_pointer,,,seed,43.0
1836.0,0.4183673469387755,,a2c_pointer,,,seed,43.0
1852.0,0.513671875,,a2c_pointer,,,seed,43.0
1868.0,0.4796875,,a2c_pointer,,,seed,43.0
1884.0,0.4451530612244898,,a2c_pointer,,,seed,43.0
1900.0,0.501953125,,a2c_pointer,,,seed,43.0
1916.0,0.4625,,a2c_pointer,,,seed,43.0
1932.0,0.4400510204081632,,a2c_pointer,,,seed,43.0
1948.0,0.419921875,,a2c_pointer,,,seed,43.0
1964.0,0.4296875,,a2c_pointer,,,seed,43.0
1980.0,0.4107142857142857,,a2c_pointer,,,seed,43.0
1996.0,0.46484375,,a2c_pointer,,,seed,43.0
2000.0,0.50625,,a2c_pointer,,,seed,43.0
2016.0,0.4668367346938775,,a2c_pointer,,,seed,43.0
2032.0,0.447265625,,a2c_pointer,,,seed,43.0
2048.0,0.4499999999999999,,a2c_pointer,,,seed,43.0
2064.0,0.4770408163265306,,a2c_pointer,,,seed,43.0
2080.0,0.47265625,,a2c_pointer,,,seed,43.0
2096.0,0.53125,,a2c_pointer,,,seed,43.0
2112.0,0.461734693877551,,a2c_pointer,,,seed,43.0
2128.0,0.4921875,,a2c_pointer,,,seed,43.0
2144.0,0.4109375,,a2c_pointer,,,seed,43.0
2160.0,0.4808673469387755,,a2c_pointer,,,seed,43.0
2176.0,0.4140625,,a2c_pointer,,,seed,43.0
2192.0,0.4890625,,a2c_pointer,,,seed,43.0
2208.0,0.5114795918367347,,a2c_pointer,,,seed,43.0
2224.0,0.5078125,,a2c_pointer,,,seed,43.0
2240.0,0.5234375,,a2c_pointer,,,seed,43.0
2256.0,0.4451530612244898,,a2c_pointer,,,seed,43.0
2272.0,0.5,,a2c_pointer,,,seed,43.0
2288.0,0.5,,a2c_pointer,,,seed,43.0
2304.0,0.4451530612244898,,a2c_pointer,,,seed,43.0
2320.0,0.607421875,,a2c_pointer,,,seed,43.0
2336.0,0.4953125,,a2c_pointer,,,seed,43.0
2352.0,0.4477040816326531,,a2c_pointer,,,seed,43.0
2368.0,0.48828125,,a2c_pointer,,,seed,43.0
2384.0,0.496875,,a2c_pointer,,,seed,43.0
2400.0,0.4566326530612244,,a2c_pointer,,,seed,43.0
2416.0,0.45703125,,a2c_pointer,,,seed,43.0
2432.0,0.46875,,a2c_pointer,,,seed,43.0
2448.0,0.4196428571428571,,a2c_pointer,,,seed,43.0
2464.0,0.517578125,,a2c_pointer,,,seed,43.0
2480.0,0.4140625,,a2c_pointer,,,seed,43.0
2496.0,0.4413265306122449,,a2c_pointer,,,seed,43.0
2500.0,0.5390625,,a2c_pointer,,,seed,43.0
2516.0,0.3984375,,a2c_pointer,,,seed,43.0
2532.0,0.4553571428571429,,a2c_pointer,,,seed,43.0
2548.0,0.48828125,,a2c_pointer,,,seed,43.0
2564.0,0.5125,,a2c_pointer,,,seed,43.0
2580.0,0.4579081632653061,,a2c_pointer,,,seed,43.0
2596.0,0.513671875,,a2c_pointer,,,seed,43.0
2612.0,0.5140625,,a2c_pointer,,,seed,43.0
2628.0,0.4311224489795918,,a2c_pointer,,,seed,43.0
2644.0,0.494140625,,a2c_pointer,,,seed,43.0
2660.0,0.4640625,,a2c_pointer,,,seed,43.0
2676.0,0.5076530612244897,,a2c_pointer,,,seed,43.0
2692.0,0.46484375,,a2c_pointer,,,seed,43.0
2708.0,0.5625,,a2c_pointer,,,seed,43.0
2724.0,0.4706632653061224,,a2c_pointer,,,seed,43.0
2740.0,0.50390625,,a2c_pointer,,,seed,43.0
2756.0,0.4625,,a2c_pointer,,,seed,43.0
2772.0,0.4272959183673469,,a2c_pointer,,,seed,43.0
2788.0,0.517578125,,a2c_pointer,,,seed,43.0
2804.0,0.4984375,,a2c_pointer,,,seed,43.0
2820.0,0.4706632653061224,,a2c_pointer,,,seed,43.0
2836.0,0.4453125,,a2c_pointer,,,seed,43.0
2852.0,0.453125,,a2c_pointer,,,seed,43.0
2868.0,0.4553571428571429,,a2c_pointer,,,seed,43.0
2884.0,0.501953125,,a2c_pointer,,,seed,43.0
2900.0,0.425,,a2c_pointer,,,seed,43.0
2916.0,0.451530612244898,,a2c_pointer,,,seed,43.0
2932.0,0.47265625,,a2c_pointer,,,seed,43.0
2948.0,0.45625,,a2c_pointer,,,seed,43.0
2964.0,0.4209183673469387,,a2c_pointer,,,seed,43.0
2980.0,0.44921875,,a2c_pointer,,,seed,43.0
2996.0,0.4921875,,a2c_pointer,,,seed,43.0
3000.0,0.4489795918367347,,a2c_pointer,,,seed,43.0
16.0,0.236328125,,a2c_pointer,,,seed,44.0
32.0,0.178125,,a2c_pointer,,,seed,44.0
48.0,0.2168367346938775,,a2c_pointer,,,seed,44.0
64.0,0.263671875,,a2c_pointer,,,seed,44.0
80.0,0.259375,,a2c_pointer,,,seed,44.0
96.0,0.2028061224489796,,a2c_pointer,,,seed,44.0
112.0,0.275390625,,a2c_pointer,,,seed,44.0
128.0,0.296875,,a2c_pointer,,,seed,44.0
144.0,0.2716836734693877,,a2c_pointer,,,seed,44.0
160.0,0.35546875,,a2c_pointer,,,seed,44.0
176.0,0.3093749999999999,,a2c_pointer,,,seed,44.0
192.0,0.2346938775510204,,a2c_pointer,,,seed,44.0
208.0,0.330078125,,a2c_pointer,,,seed,44.0
224.0,0.3249999999999999,,a2c_pointer,,,seed,44.0
240.0,0.2385204081632653,,a2c_pointer,,,seed,44.0
250.0,0.390625,,a2c_pointer,,,seed,44.0
266.0,0.275,,a2c_pointer,,,seed,44.0
282.0,0.2206632653061224,,a2c_pointer,,,seed,44.0
298.0,0.3828125,,a2c_pointer,,,seed,44.0
314.0,0.2984375,,a2c_pointer,,,seed,44.0
330.0,0.2831632653061224,,a2c_pointer,,,seed,44.0
346.0,0.36328125,,a2c_pointer,,,seed,44.0
362.0,0.275,,a2c_pointer,,,seed,44.0
378.0,0.2678571428571428,,a2c_pointer,,,seed,44.0
394.0,0.349609375,,a2c_pointer,,,seed,44.0
410.0,0.3515625,,a2c_pointer,,,seed,44.0
426.0,0.3329081632653061,,a2c_pointer,,,seed,44.0
442.0,0.34765625,,a2c_pointer,,,seed,44.0
458.0,0.29375,,a2c_pointer,,,seed,44.0
474.0,0.2767857142857143,,a2c_pointer,,,seed,44.0
490.0,0.388671875,,a2c_pointer,,,seed,44.0
500.0,0.3675,,a2c_pointer,,,seed,44.0
516.0,0.3456632653061224,,a2c_pointer,,,seed,44.0
532.0,0.341796875,,a2c_pointer,,,seed,44.0
548.0,0.3734375,,a2c_pointer,,,seed,44.0
564.0,0.3520408163265306,,a2c_pointer,,,seed,44.0
580.0,0.369140625,,a2c_pointer,,,seed,44.0
596.0,0.3828125,,a2c_pointer,,,seed,44.0
612.0,0.3877551020408163,,a2c_pointer,,,seed,44.0
628.0,0.388671875,,a2c_pointer,,,seed,44.0
644.0,0.428125,,a2c_pointer,,,seed,44.0
660.0,0.3941326530612244,,a2c_pointer,,,seed,44.0
676.0,0.4609375,,a2c_pointer,,,seed,44.0
692.0,0.3953124999999999,,a2c_pointer,,,seed,44.0
708.0,0.3635204081632653,,a2c_pointer,,,seed,44.0
724.0,0.412109375,,a2c_pointer,,,seed,44.0
740.0,0.4562499999999999,,a2c_pointer,,,seed,44.0
756.0,0.3915816326530612,,a2c_pointer,,,seed,44.0
772.0,0.484375,,a2c_pointer,,,seed,44.0
788.0,0.4171875,,a2c_pointer,,,seed,44.0
804.0,0.4119897959183674,,a2c_pointer,,,seed,44.0
820.0,0.455078125,,a2c_pointer,,,seed,44.0
836.0,0.4421875,,a2c_pointer,,,seed,44.0
852.0,0.4221938775510204,,a2c_pointer,,,seed,44.0
868.0,0.443359375,,a2c_pointer,,,seed,44.0
884.0,0.471875,,a2c_pointer,,,seed,44.0
900.0,0.3877551020408163,,a2c_pointer,,,seed,44.0
916.0,0.478515625,,a2c_pointer,,,seed,44.0
932.0,0.40625,,a2c_pointer,,,seed,44.0
948.0,0.3877551020408163,,a2c_pointer,,,seed,44.0
964.0,0.46875,,a2c_pointer,,,seed,44.0
980.0,0.45,,a2c_pointer,,,seed,44.0
996.0,0.4553571428571428,,a2c_pointer,,,seed,44.0
1000.0,0.515625,,a2c_pointer,,,seed,44.0
1016.0,0.434375,,a2c_pointer,,,seed,44.0
1032.0,0.4362244897959183,,a2c_pointer,,,seed,44.0
1048.0,0.44921875,,a2c_pointer,,,seed,44.0
1064.0,0.496875,,a2c_pointer,,,seed,44.0
1080.0,0.4553571428571428,,a2c_pointer,,,seed,44.0
1096.0,0.431640625,,a2c_pointer,,,seed,44.0
1112.0,0.51875,,a2c_pointer,,,seed,44.0
1128.0,0.4757653061224489,,a2c_pointer,,,seed,44.0
1144.0,0.4453125,,a2c_pointer,,,seed,44.0
1160.0,0.4078125,,a2c_pointer,,,seed,44.0
1176.0,0.451530612244898,,a2c_pointer,,,seed,44.0
1192.0,0.560546875,,a2c_pointer,,,seed,44.0
1208.0,0.484375,,a2c_pointer,,,seed,44.0
1224.0,0.4719387755102041,,a2c_pointer,,,seed,44.0
1240.0,0.47265625,,a2c_pointer,,,seed,44.0
1256.0,0.459375,,a2c_pointer,,,seed,44.0
1272.0,0.4553571428571428,,a2c_pointer,,,seed,44.0
1288.0,0.44140625,,a2c_pointer,,,seed,44.0
1304.0,0.4187499999999999,,a2c_pointer,,,seed,44.0
1320.0,0.4043367346938775,,a2c_pointer,,,seed,44.0
1336.0,0.52734375,,a2c_pointer,,,seed,44.0
1352.0,0.5484374999999999,,a2c_pointer,,,seed,44.0
1368.0,0.4170918367346938,,a2c_pointer,,,seed,44.0
1384.0,0.45703125,,a2c_pointer,,,seed,44.0
1400.0,0.5203125,,a2c_pointer,,,seed,44.0
1416.0,0.4528061224489796,,a2c_pointer,,,seed,44.0
1432.0,0.4453125,,a2c_pointer,,,seed,44.0
1448.0,0.51875,,a2c_pointer,,,seed,44.0
1464.0,0.5306122448979591,,a2c_pointer,,,seed,44.0
1480.0,0.5546875,,a2c_pointer,,,seed,44.0
1496.0,0.490625,,a2c_pointer,,,seed,44.0
1500.0,0.2857142857142857,,a2c_pointer,,,seed,44.0
1516.0,0.5390625,,a2c_pointer,,,seed,44.0
1532.0,0.409375,,a2c_pointer,,,seed,44.0
1548.0,0.4336734693877551,,a2c_pointer,,,seed,44.0
1564.0,0.421875,,a2c_pointer,,,seed,44.0
1580.0,0.421875,,a2c_pointer,,,seed,44.0
1596.0,0.4834183673469387,,a2c_pointer,,,seed,44.0
1612.0,0.451171875,,a2c_pointer,,,seed,44.0
1628.0,0.3984375,,a2c_pointer,,,seed,44.0
1644.0,0.4961734693877551,,a2c_pointer,,,seed,44.0
1660.0,0.458984375,,a2c_pointer,,,seed,44.0
1676.0,0.440625,,a2c_pointer,,,seed,44.0
1692.0,0.4221938775510204,,a2c_pointer,,,seed,44.0
1708.0,0.46484375,,a2c_pointer,,,seed,44.0
1724.0,0.4859375,,a2c_pointer,,,seed,44.0
1740.0,0.4681122448979592,,a2c_pointer,,,seed,44.0
1756.0,0.52734375,,a2c_pointer,,,seed,44.0
1772.0,0.3484375,,a2c_pointer,,,seed,44.0
1788.0,0.4489795918367347,,a2c_pointer,,,seed,44.0
1804.0,0.4296875,,a2c_pointer,,,seed,44.0
1820.0,0.4515625,,a2c_pointer,,,seed,44.0
1836.0,0.4158163265306122,,a2c_pointer,,,seed,44.0
1852.0,0.478515625,,a2c_pointer,,,seed,44.0
1868.0,0.4953124999999999,,a2c_pointer,,,seed,44.0
1884.0,0.4438775510204081,,a2c_pointer,,,seed,44.0
1900.0,0.486328125,,a2c_pointer,,,seed,44.0
1916.0,0.5046875,,a2c_pointer,,,seed,44.0
1932.0,0.4732142857142857,,a2c_pointer,,,seed,44.0
1948.0,0.484375,,a2c_pointer,,,seed,44.0
1964.0,0.4578125,,a2c_pointer,,,seed,44.0
1980.0,0.4183673469387755,,a2c_pointer,,,seed,44.0
1996.0,0.51171875,,a2c_pointer,,,seed,44.0
2000.0,0.43125,,a2c_pointer,,,seed,44.0
2016.0,0.4630102040816327,,a2c_pointer,,,seed,44.0
2032.0,0.4921875,,a2c_pointer,,,seed,44.0
2048.0,0.525,,a2c_pointer,,,seed,44.0
2064.0,0.4196428571428571,,a2c_pointer,,,seed,44.0
2080.0,0.517578125,,a2c_pointer,,,seed,44.0
2096.0,0.4546875,,a2c_pointer,,,seed,44.0
2112.0,0.4362244897959184,,a2c_pointer,,,seed,44.0
2128.0,0.443359375,,a2c_pointer,,,seed,44.0
2144.0,0.490625,,a2c_pointer,,,seed,44.0
2160.0,0.4400510204081632,,a2c_pointer,,,seed,44.0
2176.0,0.44921875,,a2c_pointer,,,seed,44.0
2192.0,0.4328124999999999,,a2c_pointer,,,seed,44.0
2208.0,0.4094387755102041,,a2c_pointer,,,seed,44.0
2224.0,0.48046875,,a2c_pointer,,,seed,44.0
2240.0,0.4546875,,a2c_pointer,,,seed,44.0
2256.0,0.4400510204081632,,a2c_pointer,,,seed,44.0
2272.0,0.537109375,,a2c_pointer,,,seed,44.0
2288.0,0.4671875,,a2c_pointer,,,seed,44.0
2304.0,0.3622448979591836,,a2c_pointer,,,seed,44.0
2320.0,0.517578125,,a2c_pointer,,,seed,44.0
2336.0,0.5375,,a2c_pointer,,,seed,44.0
2352.0,0.4910714285714285,,a2c_pointer,,,seed,44.0
2368.0,0.50390625,,a2c_pointer,,,seed,44.0
2384.0,0.40625,,a2c_pointer,,,seed,44.0
2400.0,0.5165816326530612,,a2c_pointer,,,seed,44.0
2416.0,0.4375,,a2c_pointer,,,seed,44.0
2432.0,0.4453125,,a2c_pointer,,,seed,44.0
2448.0,0.4209183673469387,,a2c_pointer,,,seed,44.0
2464.0,0.470703125,,a2c_pointer,,,seed,44.0
2480.0,0.428125,,a2c_pointer,,,seed,44.0
2496.0,0.4260204081632652,,a2c_pointer,,,seed,44.0
2500.0,0.40625,,a2c_pointer,,,seed,44.0
2516.0,0.528125,,a2c_pointer,,,seed,44.0
2532.0,0.4948979591836734,,a2c_pointer,,,seed,44.0
2548.0,0.431640625,,a2c_pointer,,,seed,44.0
2564.0,0.49375,,a2c_pointer,,,seed,44.0
2580.0,0.4400510204081633,,a2c_pointer,,,seed,44.0
2596.0,0.48828125,,a2c_pointer,,,seed,44.0
2612.0,0.415625,,a2c_pointer,,,seed,44.0
2628.0,0.4145408163265306,,a2c_pointer,,,seed,44.0
2644.0,0.478515625,,a2c_pointer,,,seed,44.0
2660.0,0.459375,,a2c_pointer,,,seed,44.0
2676.0,0.4375,,a2c_pointer,,,seed,44.0
2692.0,0.435546875,,a2c_pointer,,,seed,44.0
2708.0,0.4515625,,a2c_pointer,,,seed,44.0
2724.0,0.4872448979591836,,a2c_pointer,,,seed,44.0
2740.0,0.5390625,,a2c_pointer,,,seed,44.0
2756.0,0.509375,,a2c_pointer,,,seed,44.0
2772.0,0.4311224489795918,,a2c_pointer,,,seed,44.0
2788.0,0.46875,,a2c_pointer,,,seed,44.0
2804.0,0.48125,,a2c_pointer,,,seed,44.0
2820.0,0.4668367346938775,,a2c_pointer,,,seed,44.0
2836.0,0.482421875,,a2c_pointer,,,seed,44.0
2852.0,0.553125,,a2c_pointer,,,seed,44.0
2868.0,0.5076530612244898,,a2c_pointer,,,seed,44.0
2884.0,0.4921875,,a2c_pointer,,,seed,44.0
2900.0,0.4828125,,a2c_pointer,,,seed,44.0
2916.0,0.4477040816326531,,a2c_pointer,,,seed,44.0
2932.0,0.44921875,,a2c_pointer,,,seed,44.0
2948.0,0.4578124999999999,,a2c_pointer,,,seed,44.0
2964.0,0.4400510204081632,,a2c_pointer,,,seed,44.0
2980.0,0.45703125,,a2c_pointer,,,seed,44.0
2996.0,0.4609375,,a2c_pointer,,,seed,44.0
3000.0,0.2959183673469387,,a2c_pointer,,,seed,44.0
16.0,0.21484375,,a2c_pointer,,,seed,45.0
32.0,0.2109375,,a2c_pointer,,,seed,45.0
48.0,0.1875,,a2c_pointer,,,seed,45.0
64.0,0.2421875,,a2c_pointer,,,seed,45.0
80.0,0.2937499999999999,,a2c_pointer,,,seed,45.0
96.0,0.2551020408163265,,a2c_pointer,,,seed,45.0
112.0,0.3125,,a2c_pointer,,,seed,45.0
128.0,0.2921875,,a2c_pointer,,,seed,45.0
144.0,0.2729591836734694,,a2c_pointer,,,seed,45.0
160.0,0.3515625,,a2c_pointer,,,seed,45.0
176.0,0.303125,,a2c_pointer,,,seed,45.0
192.0,0.2844387755102041,,a2c_pointer,,,seed,45.0
208.0,0.357421875,,a2c_pointer,,,seed,45.0
224.0,0.29375,,a2c_pointer,,,seed,45.0
240.0,0.3329081632653061,,a2c_pointer,,,seed,45.0
250.0,0.396875,,a2c_pointer,,,seed,45.0
266.0,0.30625,,a2c_pointer,,,seed,45.0
282.0,0.2563775510204081,,a2c_pointer,,,seed,45.0
298.0,0.353515625,,a2c_pointer,,,seed,45.0
314.0,0.3078125,,a2c_pointer,,,seed,45.0
330.0,0.3341836734693877,,a2c_pointer,,,seed,45.0
346.0,0.37890625,,a2c_pointer,,,seed,45.0
362.0,0.3546875,,a2c_pointer,,,seed,45.0
378.0,0.3252551020408163,,a2c_pointer,,,seed,45.0
394.0,0.35546875,,a2c_pointer,,,seed,45.0
410.0,0.3390625,,a2c_pointer,,,seed,45.0
426.0,0.3520408163265306,,a2c_pointer,,,seed,45.0
442.0,0.37890625,,a2c_pointer,,,seed,45.0
458.0,0.4046875,,a2c_pointer,,,seed,45.0
474.0,0.3329081632653061,,a2c_pointer,,,seed,45.0
490.0,0.44140625,,a2c_pointer,,,seed,45.0
500.0,0.4325,,a2c_pointer,,,seed,45.0
516.0,0.3647959183673469,,a2c_pointer,,,seed,45.0
532.0,0.412109375,,a2c_pointer,,,seed,45.0
548.0,0.428125,,a2c_pointer,,,seed,45.0
564.0,0.3596938775510204,,a2c_pointer,,,seed,45.0
580.0,0.41015625,,a2c_pointer,,,seed,45.0
596.0,0.3546875,,a2c_pointer,,,seed,45.0
612.0,0.3456632653061224,,a2c_pointer,,,seed,45.0
628.0,0.3828125,,a2c_pointer,,,seed,45.0
644.0,0.3734375,,a2c_pointer,,,seed,45.0
660.0,0.3775510204081632,,a2c_pointer,,,seed,45.0
676.0,0.501953125,,a2c_pointer,,,seed,45.0
692.0,0.3265625,,a2c_pointer,,,seed,45.0
708.0,0.3533163265306122,,a2c_pointer,,,seed,45.0
724.0,0.47265625,,a2c_pointer,,,seed,45.0
740.0,0.4375,,a2c_pointer,,,seed,45.0
756.0,0.375,,a2c_pointer,,,seed,45.0
772.0,0.5078125,,a2c_pointer,,,seed,45.0
788.0,0.4546875,,a2c_pointer,,,seed,45.0
804.0,0.4170918367346938,,a2c_pointer,,,seed,45.0
820.0,0.453125,,a2c_pointer,,,seed,45.0
836.0,0.475,,a2c_pointer,,,seed,45.0
852.0,0.4043367346938775,,a2c_pointer,,,seed,45.0
868.0,0.4453125,,a2c_pointer,,,seed,45.0
884.0,0.440625,,a2c_pointer,,,seed,45.0
900.0,0.4145408163265306,,a2c_pointer,,,seed,45.0
916.0,0.423828125,,a2c_pointer,,,seed,45.0
932.0,0.4671875,,a2c_pointer,,,seed,45.0
948.0,0.4655612244897959,,a2c_pointer,,,seed,45.0
964.0,0.455078125,,a2c_pointer,,,seed,45.0
980.0,0.43125,,a2c_pointer,,,seed,45.0
996.0,0.4285714285714285,,a2c_pointer,,,seed,45.0
1000.0,0.5078125,,a2c_pointer,,,seed,45.0
1016.0,0.44375,,a2c_pointer,,,seed,45.0
1032.0,0.4553571428571428,,a2c_pointer,,,seed,45.0
1048.0,0.455078125,,a2c_pointer,,,seed,45.0
1064.0,0.4453125,,a2c_pointer,,,seed,45.0
1080.0,0.451530612244898,,a2c_pointer,,,seed,45.0
1096.0,0.439453125,,a2c_pointer,,,seed,45.0
1112.0,0.471875,,a2c_pointer,,,seed,45.0
1128.0,0.4094387755102041,,a2c_pointer,,,seed,45.0
1144.0,0.453125,,a2c_pointer,,,seed,45.0
1160.0,0.503125,,a2c_pointer,,,seed,45.0
1176.0,0.4451530612244898,,a2c_pointer,,,seed,45.0
1192.0,0.44921875,,a2c_pointer,,,seed,45.0
1208.0,0.45625,,a2c_pointer,,,seed,45.0
1224.0,0.4209183673469387,,a2c_pointer,,,seed,45.0
1240.0,0.49609375,,a2c_pointer,,,seed,45.0
1256.0,0.465625,,a2c_pointer,,,seed,45.0
1272.0,0.4438775510204081,,a2c_pointer,,,seed,45.0
1288.0,0.453125,,a2c_pointer,,,seed,45.0
1304.0,0.475,,a2c_pointer,,,seed,45.0
1320.0,0.3852040816326531,,a2c_pointer,,,seed,45.0
1336.0,0.517578125,,a2c_pointer,,,seed,45.0
1352.0,0.4828125,,a2c_pointer,,,seed,45.0
1368.0,0.4068877551020408,,a2c_pointer,,,seed,45.0
1384.0,0.529296875,,a2c_pointer,,,seed,45.0
1400.0,0.4765625,,a2c_pointer,,,seed,45.0
1416.0,0.4375,,a2c_pointer,,,seed,45.0
1432.0,0.44921875,,a2c_pointer,,,seed,45.0
1448.0,0.484375,,a2c_pointer,,,seed,45.0
1464.0,0.3877551020408163,,a2c_pointer,,,seed,45.0
1480.0,0.470703125,,a2c_pointer,,,seed,45.0
1496.0,0.48125,,a2c_pointer,,,seed,45.0
1500.0,0.4540816326530612,,a2c_pointer,,,seed,45.0
1516.0,0.49609375,,a2c_pointer,,,seed,45.0
1532.0,0.4265624999999999,,a2c_pointer,,,seed,45.0
1548.0,0.4311224489795918,,a2c_pointer,,,seed,45.0
1564.0,0.45703125,,a2c_pointer,,,seed,45.0
1580.0,0.459375,,a2c_pointer,,,seed,45.0
1596.0,0.4247448979591837,,a2c_pointer,,,seed,45.0
1612.0,0.552734375,,a2c_pointer,,,seed,45.0
1628.0,0.4921875,,a2c_pointer,,,seed,45.0
1644.0,0.4438775510204081,,a2c_pointer,,,seed,45.0
1660.0,0.4453125,,a2c_pointer,,,seed,45.0
1676.0,0.4609375,,a2c_pointer,,,seed,45.0
1692.0,0.4323979591836734,,a2c_pointer,,,seed,45.0
1708.0,0.38671875,,a2c_pointer,,,seed,45.0
1724.0,0.440625,,a2c_pointer,,,seed,45.0
1740.0,0.4783163265306122,,a2c_pointer,,,seed,45.0
1756.0,0.482421875,,a2c_pointer,,,seed,45.0
1772.0,0.3953125,,a2c_pointer,,,seed,45.0
1788.0,0.4744897959183673,,a2c_pointer,,,seed,45.0
1804.0,0.455078125,,a2c_pointer,,,seed,45.0
1820.0,0.446875,,a2c_pointer,,,seed,45.0
1836.0,0.4311224489795918,,a2c_pointer,,,seed,45.0
1852.0,0.513671875,,a2c_pointer,,,seed,45.0
1868.0,0.4515625,,a2c_pointer,,,seed,45.0
1884.0,0.4272959183673469,,a2c_pointer,,,seed,45.0
1900.0,0.482421875,,a2c_pointer,,,seed,45.0
1916.0,0.4265625,,a2c_pointer,,,seed,45.0
1932.0,0.4579081632653061,,a2c_pointer,,,seed,45.0
1948.0,0.45703125,,a2c_pointer,,,seed,45.0
1964.0,0.5140625,,a2c_pointer,,,seed,45.0
1980.0,0.4502551020408163,,a2c_pointer,,,seed,45.0
1996.0,0.4375,,a2c_pointer,,,seed,45.0
2000.0,0.4187499999999999,,a2c_pointer,,,seed,45.0
2016.0,0.4681122448979592,,a2c_pointer,,,seed,45.0
2032.0,0.44140625,,a2c_pointer,,,seed,45.0
2048.0,0.4921875,,a2c_pointer,,,seed,45.0
2064.0,0.4808673469387755,,a2c_pointer,,,seed,45.0
2080.0,0.458984375,,a2c_pointer,,,seed,45.0
2096.0,0.4796875,,a2c_pointer,,,seed,45.0
2112.0,0.4885204081632652,,a2c_pointer,,,seed,45.0
2128.0,0.5078125,,a2c_pointer,,,seed,45.0
2144.0,0.5265624999999999,,a2c_pointer,,,seed,45.0
2160.0,0.4158163265306122,,a2c_pointer,,,seed,45.0
2176.0,0.494140625,,a2c_pointer,,,seed,45.0
2192.0,0.4328125,,a2c_pointer,,,seed,45.0
2208.0,0.4987244897959183,,a2c_pointer,,,seed,45.0
2224.0,0.544921875,,a2c_pointer,,,seed,45.0
2240.0,0.4015625,,a2c_pointer,,,seed,45.0
2256.0,0.4630102040816326,,a2c_pointer,,,seed,45.0
2272.0,0.447265625,,a2c_pointer,,,seed,45.0
2288.0,0.475,,a2c_pointer,,,seed,45.0
2304.0,0.4489795918367347,,a2c_pointer,,,seed,45.0
2320.0,0.44140625,,a2c_pointer,,,seed,45.0
2336.0,0.45,,a2c_pointer,,,seed,45.0
2352.0,0.4043367346938775,,a2c_pointer,,,seed,45.0
2368.0,0.541015625,,a2c_pointer,,,seed,45.0
2384.0,0.46875,,a2c_pointer,,,seed,45.0
2400.0,0.4298469387755102,,a2c_pointer,,,seed,45.0
2416.0,0.5234375,,a2c_pointer,,,seed,45.0
2432.0,0.5,,a2c_pointer,,,seed,45.0
2448.0,0.4132653061224489,,a2c_pointer,,,seed,45.0
2464.0,0.486328125,,a2c_pointer,,,seed,45.0
2480.0,0.459375,,a2c_pointer,,,seed,45.0
2496.0,0.4553571428571428,,a2c_pointer,,,seed,45.0
2500.0,0.5,,a2c_pointer,,,seed,45.0
2516.0,0.4828125,,a2c_pointer,,,seed,45.0
2532.0,0.4477040816326531,,a2c_pointer,,,seed,45.0
2548.0,0.513671875,,a2c_pointer,,,seed,45.0
2564.0,0.4781249999999999,,a2c_pointer,,,seed,45.0
2580.0,0.4770408163265306,,a2c_pointer,,,seed,45.0
2596.0,0.521484375,,a2c_pointer,,,seed,45.0
2612.0,0.4171874999999999,,a2c_pointer,,,seed,45.0
2628.0,0.4528061224489795,,a2c_pointer,,,seed,45.0
2644.0,0.400390625,,a2c_pointer,,,seed,45.0
2660.0,0.4765625,,a2c_pointer,,,seed,45.0
2676.0,0.4655612244897959,,a2c_pointer,,,seed,45.0
2692.0,0.51171875,,a2c_pointer,,,seed,45.0
2708.0,0.4328124999999999,,a2c_pointer,,,seed,45.0
2724.0,0.4183673469387755,,a2c_pointer,,,seed,45.0
2740.0,0.4296875,,a2c_pointer,,,seed,45.0
2756.0,0.409375,,a2c_pointer,,,seed,45.0
2772.0,0.4170918367346938,,a2c_pointer,,,seed,45.0
2788.0,0.439453125,,a2c_pointer,,,seed,45.0
2804.0,0.4140625,,a2c_pointer,,,seed,45.0
2820.0,0.2895408163265306,,a2c_pointer,,,seed,45.0
2836.0,0.357421875,,a2c_pointer,,,seed,45.0
2852.0,0.4734375,,a2c_pointer,,,seed,45.0
2868.0,0.4579081632653061,,a2c_pointer,,,seed,45.0
2884.0,0.505859375,,a2c_pointer,,,seed,45.0
2900.0,0.471875,,a2c_pointer,,,seed,45.0
2916.0,0.3801020408163265,,a2c_pointer,,,seed,45.0
2932.0,0.435546875,,a2c_pointer,,,seed,45.0
2948.0,0.48125,,a2c_pointer,,,seed,45.0
2964.0,0.4706632653061224,,a2c_pointer,,,seed,45.0
2980.0,0.466796875,,a2c_pointer,,,seed,45.0
2996.0,0.4453125,,a2c_pointer,,,seed,45.0
3000.0,0.4387755102040816,,a2c_pointer,,,seed,45.0
16.0,0.236328125,,a2c_pointer,,,seed,46.0
32.0,0.2484375,,a2c_pointer,,,seed,46.0
48.0,0.2079081632653061,,a2c_pointer,,,seed,46.0
64.0,0.349609375,,a2c_pointer,,,seed,46.0
80.0,0.2421875,,a2c_pointer,,,seed,46.0
96.0,0.2232142857142857,,a2c_pointer,,,seed,46.0
112.0,0.3203125,,a2c_pointer,,,seed,46.0
128.0,0.3046875,,a2c_pointer,,,seed,46.0
144.0,0.2602040816326531,,a2c_pointer,,,seed,46.0
160.0,0.31640625,,a2c_pointer,,,seed,46.0
176.0,0.315625,,a2c_pointer,,,seed,46.0
192.0,0.2895408163265306,,a2c_pointer,,,seed,46.0
208.0,0.37109375,,a2c_pointer,,,seed,46.0
224.0,0.3375,,a2c_pointer,,,seed,46.0
240.0,0.3303571428571428,,a2c_pointer,,,seed,46.0
250.0,0.403125,,a2c_pointer,,,seed,46.0
266.0,0.3359375,,a2c_pointer,,,seed,46.0
282.0,0.3278061224489796,,a2c_pointer,,,seed,46.0
298.0,0.3125,,a2c_pointer,,,seed,46.0
314.0,0.359375,,a2c_pointer,,,seed,46.0
330.0,0.2946428571428571,,a2c_pointer,,,seed,46.0
346.0,0.427734375,,a2c_pointer,,,seed,46.0
362.0,0.325,,a2c_pointer,,,seed,46.0
378.0,0.336734693877551,,a2c_pointer,,,seed,46.0
394.0,0.380859375,,a2c_pointer,,,seed,46.0
410.0,0.353125,,a2c_pointer,,,seed,46.0
426.0,0.3482142857142857,,a2c_pointer,,,seed,46.0
442.0,0.33984375,,a2c_pointer,,,seed,46.0
458.0,0.3718749999999999,,a2c_pointer,,,seed,46.0
474.0,0.326530612244898,,a2c_pointer,,,seed,46.0
490.0,0.419921875,,a2c_pointer,,,seed,46.0
500.0,0.4025,,a2c_pointer,,,seed,46.0
516.0,0.4336734693877551,,a2c_pointer,,,seed,46.0
532.0,0.431640625,,a2c_pointer,,,seed,46.0
548.0,0.3984375,,a2c_pointer,,,seed,46.0
564.0,0.360969387755102,,a2c_pointer,,,seed,46.0
580.0,0.40234375,,a2c_pointer,,,seed,46.0
596.0,0.4453125,,a2c_pointer,,,seed,46.0
612.0,0.399234693877551,,a2c_pointer,,,seed,46.0
628.0,0.40234375,,a2c_pointer,,,seed,46.0
644.0,0.45625,,a2c_pointer,,,seed,46.0
660.0,0.4107142857142857,,a2c_pointer,,,seed,46.0
676.0,0.470703125,,a2c_pointer,,,seed,46.0
692.0,0.4078125,,a2c_pointer,,,seed,46.0
708.0,0.3954081632653061,,a2c_pointer,,,seed,46.0
724.0,0.4921875,,a2c_pointer,,,seed,46.0
740.0,0.465625,,a2c_pointer,,,seed,46.0
756.0,0.4196428571428571,,a2c_pointer,,,seed,46.0
772.0,0.451171875,,a2c_pointer,,,seed,46.0
788.0,0.4374999999999999,,a2c_pointer,,,seed,46.0
804.0,0.3673469387755102,,a2c_pointer,,,seed,46.0
820.0,0.419921875,,a2c_pointer,,,seed,46.0
836.0,0.45625,,a2c_pointer,,,seed,46.0
852.0,0.4336734693877551,,a2c_pointer,,,seed,46.0
868.0,0.482421875,,a2c_pointer,,,seed,46.0
884.0,0.459375,,a2c_pointer,,,seed,46.0
900.0,0.4451530612244898,,a2c_pointer,,,seed,46.0
916.0,0.47265625,,a2c_pointer,,,seed,46.0
932.0,0.4203125,,a2c_pointer,,,seed,46.0
948.0,0.3928571428571428,,a2c_pointer,,,seed,46.0
964.0,0.40625,,a2c_pointer,,,seed,46.0
980.0,0.434375,,a2c_pointer,,,seed,46.0
996.0,0.3673469387755101,,a2c_pointer,,,seed,46.0
1000.0,0.4453125,,a2c_pointer,,,seed,46.0
1016.0,0.4703125,,a2c_pointer,,,seed,46.0
1032.0,0.4438775510204081,,a2c_pointer,,,seed,46.0
1048.0,0.4765625,,a2c_pointer,,,seed,46.0
1064.0,0.4296875,,a2c_pointer,,,seed,46.0
1080.0,0.4528061224489795,,a2c_pointer,,,seed,46.0
1096.0,0.48828125,,a2c_pointer,,,seed,46.0
1112.0,0.384375,,a2c_pointer,,,seed,46.0
1128.0,0.4808673469387755,,a2c_pointer,,,seed,46.0
1144.0,0.541015625,,a2c_pointer,,,seed,46.0
1160.0,0.5093749999999999,,a2c_pointer,,,seed,46.0
1176.0,0.4604591836734694,,a2c_pointer,,,seed,46.0
1192.0,0.4765625,,a2c_pointer,,,seed,46.0
1208.0,0.4765625,,a2c_pointer,,,seed,46.0
1224.0,0.4426020408163265,,a2c_pointer,,,seed,46.0
1240.0,0.515625,,a2c_pointer,,,seed,46.0
1256.0,0.4859374999999999,,a2c_pointer,,,seed,46.0
1272.0,0.4553571428571428,,a2c_pointer,,,seed,46.0
1288.0,0.453125,,a2c_pointer,,,seed,46.0
1304.0,0.465625,,a2c_pointer,,,seed,46.0
1320.0,0.4017857142857142,,a2c_pointer,,,seed,46.0
1336.0,0.42578125,,a2c_pointer,,,seed,46.0
1352.0,0.39375,,a2c_pointer,,,seed,46.0
1368.0,0.5089285714285714,,a2c_pointer,,,seed,46.0
1384.0,0.44140625,,a2c_pointer,,,seed,46.0
1400.0,0.4734375,,a2c_pointer,,,seed,46.0
1416.0,0.4489795918367346,,a2c_pointer,,,seed,46.0
1432.0,0.4375,,a2c_pointer,,,seed,46.0
1448.0,0.51875,,a2c_pointer,,,seed,46.0
1464.0,0.4566326530612244,,a2c_pointer,,,seed,46.0
1480.0,0.53515625,,a2c_pointer,,,seed,46.0
1496.0,0.4578125,,a2c_pointer,,,seed,46.0
1500.0,0.4693877551020408,,a2c_pointer,,,seed,46.0
1516.0,0.44140625,,a2c_pointer,,,seed,46.0
1532.0,0.4546875,,a2c_pointer,,,seed,46.0
1548.0,0.4336734693877551,,a2c_pointer,,,seed,46.0
1564.0,0.478515625,,a2c_pointer,,,seed,46.0
1580.0,0.4609374999999999,,a2c_pointer,,,seed,46.0
1596.0,0.4451530612244898,,a2c_pointer,,,seed,46.0
1612.0,0.521484375,,a2c_pointer,,,seed,46.0
1628.0,0.4796875,,a2c_pointer,,,seed,46.0
1644.0,0.423469387755102,,a2c_pointer,,,seed,46.0
1660.0,0.484375,,a2c_pointer,,,seed,46.0
1676.0,0.4359375,,a2c_pointer,,,seed,46.0
1692.0,0.4604591836734694,,a2c_pointer,,,seed,46.0
1708.0,0.44921875,,a2c_pointer,,,seed,46.0
1724.0,0.446875,,a2c_pointer,,,seed,46.0
1740.0,0.4961734693877551,,a2c_pointer,,,seed,46.0
1756.0,0.408203125,,a2c_pointer,,,seed,46.0
1772.0,0.4078125,,a2c_pointer,,,seed,46.0
1788.0,0.4170918367346939,,a2c_pointer,,,seed,46.0
1804.0,0.505859375,,a2c_pointer,,,seed,46.0
1820.0,0.4265625,,a2c_pointer,,,seed,46.0
1836.0,0.423469387755102,,a2c_pointer,,,seed,46.0
1852.0,0.439453125,,a2c_pointer,,,seed,46.0
1868.0,0.5359375,,a2c_pointer,,,seed,46.0
1884.0,0.4681122448979592,,a2c_pointer,,,seed,46.0
1900.0,0.54296875,,a2c_pointer,,,seed,46.0
1916.0,0.49375,,a2c_pointer,,,seed,46.0
1932.0,0.389030612244898,,a2c_pointer,,,seed,46.0
1948.0,0.525390625,,a2c_pointer,,,seed,46.0
1964.0,0.4609375,,a2c_pointer,,,seed,46.0
1980.0,0.4311224489795918,,a2c_pointer,,,seed,46.0
1996.0,0.416015625,,a2c_pointer,,,seed,46.0
2000.0,0.58125,,a2c_pointer,,,seed,46.0
2016.0,0.4668367346938775,,a2c_pointer,,,seed,46.0
2032.0,0.537109375,,a2c_pointer,,,seed,46.0
2048.0,0.4671875,,a2c_pointer,,,seed,46.0
2064.0,0.4872448979591837,,a2c_pointer,,,seed,46.0
2080.0,0.52734375,,a2c_pointer,,,seed,46.0
2096.0,0.41875,,a2c_pointer,,,seed,46.0
2112.0,0.4591836734693877,,a2c_pointer,,,seed,46.0
2128.0,0.494140625,,a2c_pointer,,,seed,46.0
2144.0,0.43125,,a2c_pointer,,,seed,46.0
2160.0,0.4591836734693878,,a2c_pointer,,,seed,46.0
2176.0,0.44140625,,a2c_pointer,,,seed,46.0
2192.0,0.4453125,,a2c_pointer,,,seed,46.0
2208.0,0.4081632653061224,,a2c_pointer,,,seed,46.0
2224.0,0.431640625,,a2c_pointer,,,seed,46.0
2240.0,0.5328125,,a2c_pointer,,,seed,46.0
2256.0,0.4795918367346938,,a2c_pointer,,,seed,46.0
2272.0,0.48046875,,a2c_pointer,,,seed,46.0
2288.0,0.5140625000000001,,a2c_pointer,,,seed,46.0
2304.0,0.5038265306122449,,a2c_pointer,,,seed,46.0
2320.0,0.525390625,,a2c_pointer,,,seed,46.0
2336.0,0.5109375,,a2c_pointer,,,seed,46.0
2352.0,0.4579081632653061,,a2c_pointer,,,seed,46.0
2368.0,0.541015625,,a2c_pointer,,,seed,46.0
2384.0,0.4499999999999999,,a2c_pointer,,,seed,46.0
2400.0,0.4540816326530612,,a2c_pointer,,,seed,46.0
2416.0,0.537109375,,a2c_pointer,,,seed,46.0
2432.0,0.45,,a2c_pointer,,,seed,46.0
2448.0,0.4158163265306122,,a2c_pointer,,,seed,46.0
2464.0,0.494140625,,a2c_pointer,,,seed,46.0
2480.0,0.4328125,,a2c_pointer,,,seed,46.0
2496.0,0.4400510204081633,,a2c_pointer,,,seed,46.0
2500.0,0.4921875,,a2c_pointer,,,seed,46.0
2516.0,0.4125,,a2c_pointer,,,seed,46.0
2532.0,0.4540816326530612,,a2c_pointer,,,seed,46.0
2548.0,0.4375,,a2c_pointer,,,seed,46.0
2564.0,0.5203125,,a2c_pointer,,,seed,46.0
2580.0,0.4668367346938775,,a2c_pointer,,,seed,46.0
2596.0,0.525390625,,a2c_pointer,,,seed,46.0
2612.0,0.509375,,a2c_pointer,,,seed,46.0
2628.0,0.5140306122448979,,a2c_pointer,,,seed,46.0
2644.0,0.478515625,,a2c_pointer,,,seed,46.0
2660.0,0.4765624999999999,,a2c_pointer,,,seed,46.0
2676.0,0.4936224489795918,,a2c_pointer,,,seed,46.0
2692.0,0.498046875,,a2c_pointer,,,seed,46.0
2708.0,0.421875,,a2c_pointer,,,seed,46.0
2724.0,0.4438775510204081,,a2c_pointer,,,seed,46.0
2740.0,0.533203125,,a2c_pointer,,,seed,46.0
2756.0,0.425,,a2c_pointer,,,seed,46.0
2772.0,0.4438775510204081,,a2c_pointer,,,seed,46.0
2788.0,0.521484375,,a2c_pointer,,,seed,46.0
2804.0,0.440625,,a2c_pointer,,,seed,46.0
2820.0,0.4451530612244898,,a2c_pointer,,,seed,46.0
2836.0,0.515625,,a2c_pointer,,,seed,46.0
2852.0,0.5125,,a2c_pointer,,,seed,46.0
2868.0,0.461734693877551,,a2c_pointer,,,seed,46.0
2884.0,0.41015625,,a2c_pointer,,,seed,46.0
2900.0,0.4468749999999999,,a2c_pointer,,,seed,46.0
2916.0,0.4413265306122448,,a2c_pointer,,,seed,46.0
2932.0,0.560546875,,a2c_pointer,,,seed,46.0
2948.0,0.4875,,a2c_pointer,,,seed,46.0
2964.0,0.4272959183673469,,a2c_pointer,,,seed,46.0
2980.0,0.5,,a2c_pointer,,,seed,46.0
2996.0,0.4625,,a2c_pointer,,,seed,46.0
3000.0,0.4897959183673469,,a2c_pointer,,,seed,46.0
0.0,,0.224609375,a2c_pointer,0.21484375,0.236328125,summary,
20.0,,0.22177734375,a2c_pointer,0.2138671875,0.22392578125,summary,
40.0,,0.2062181122448979,a2c_pointer,0.19921875,0.2117028061224489,summary,
60.0,,0.2466717155612245,a2c_pointer,0.235530931122449,0.2519630899234694,summary,
80.0,,0.259375,a2c_pointer,0.25,0.275,summary,
100.0,,0.235301737882653,a2c_pointer,0.2273198341836734,0.2474888392857142,summary,
120.0,,0.29453125,a2c_pointer,0.2861328125,0.30234375,summary,
140.0,,0.2713249362244898,a2c_pointer,0.2623804209183673,0.2777662627551021,summary,
160.0,,0.31640625,a2c_pointer,0.314453125,0.3515625,summary,
180.0,,0.2984534438775511,a2c_pointer,0.290704719387755,0.3091039540816326,summary,
200.0,,0.3172831632653061,a2c_pointer,0.2823860012755101,0.320930325255102,summary,
220.0,,0.3118164062499999,a2c_pointer,0.30966796875,0.3262695312499999,summary,
240.0,,0.3163265306122449,a2c_pointer,0.2423469387755102,0.3303571428571428,summary,
260.0,,0.330078125,a2c_pointer,0.318359375,0.340234375,summary,
280.0,,0.2934151785714285,a2c_pointer,0.2626116071428571,0.3110770089285714,summary,
300.0,,0.347802734375,a2c_pointer,0.333349609375,0.356982421875,summary,
320.0,,0.3145926339285714,a2c_pointer,0.2927096619897959,0.3177016900510204,summary,
340.0,,0.3621352838010204,a2c_pointer,0.3436453683035714,0.3687370455994898,summary,
360.0,,0.337841796875,a2c_pointer,0.328271484375,0.35771484375,summary,
380.0,,0.3316476004464286,a2c_pointer,0.3290318080357143,0.3422502790178571,summary,
400.0,,0.350341796875,a2c_pointer,0.34931640625,0.370458984375,summary,
420.0,,0.3399035395408163,a2c_pointer,0.3302694515306122,0.3471739477040816,summary,
440.0,,0.3608996332908163,a2c_pointer,0.3458127391581632,0.3755480707908163,summary,
460.0,,0.360008769132653,a2c_pointer,0.3231863839285714,0.3662069515306122,summary,
480.0,,0.3627580915178571,a2c_pointer,0.3615523357780612,0.3727977519132653,summary,
500.0,,0.4025,a2c_pointer,0.3675,0.4125,summary,
520.0,,0.3697484853316326,a2c_pointer,0.3446966677295918,0.3766242825255101,summary,
540.0,,0.3931640625,a2c_pointer,0.373828125,0.4150390625,summary,
560.0,,0.3703364158163265,a2c_pointer,0.3573899872448979,0.3768016581632653,summary,
580.0,,0.41015625,a2c_pointer,0.40234375,0.412109375,summary,
600.0,,0.3840481505102041,a2c_pointer,0.3668048469387755,0.4117586096938775,summary,
620.0,,0.3882134885204081,a2c_pointer,0.386539381377551,0.4007892219387755,summary,
640.0,,0.4109375,a2c_pointer,0.3757812499999999,0.4182617187499999,summary,
660.0,,0.3775510204081632,a2c_pointer,0.3724489795918367,0.3941326530612244,summary,
680.0,,0.45498046875,a2c_pointer,0.44453125,0.45810546875,summary,
700.0,,0.401610331632653,a2c_pointer,0.3794164540816326,0.4057079081632653,summary,
720.0,,0.4428212691326531,a2c_pointer,0.4200414540816326,0.4663384885204081,summary,
740.0,,0.4515625,a2c_pointer,0.4375,0.4562499999999999,summary,
760.0,,0.408203125,a2c_pointer,0.4079838966836734,0.4147799744897959,summary,
780.0,,0.45078125,a2c_pointer,0.4443359375,0.4681640625,summary,
800.0,,0.4004464285714285,a2c_pointer,0.3848852040816326,0.4132892219387755,summary,
820.0,,0.453125,a2c_pointer,0.435546875,0.455078125,summary,
840.0,,0.4500717474489796,a2c_pointer,0.4371890943877551,0.4506058673469387,summary,
860.0,,0.4329958545918367,a2c_pointer,0.4327766262755101,0.4466278698979592,summary,
880.0,,0.4494140625,a2c_pointer,0.441796875,0.46474609375,summary,
900.0,,0.4145408163265306,a2c_pointer,0.3877551020408163,0.4400510204081632,summary,
920.0,,0.46044921875,a2c_pointer,0.4595703125,0.46064453125,summary,
940.0,,0.4065848214285714,a2c_pointer,0.3970025510204081,0.4427933673469387,summary,
960.0,,0.4485012755102041,a2c_pointer,0.4250637755102041,0.4506935586734694,summary,
980.0,,0.45,a2c_pointer,0.434375,0.4640625,summary,
1000.0,,0.5078125,a2c_pointer,0.4921875,0.515625,summary,
1020.0,,0.4466517857142857,a2c_pointer,0.4348373724489796,0.463703762755102,summary,
1040.0,,0.4552176339285714,a2c_pointer,0.4427216198979591,0.4602200255102041,summary,
1060.0,,0.44140625,a2c_pointer,0.431640625,0.44775390625,summary,
1080.0,,0.451530612244898,a2c_pointer,0.4400510204081632,0.4528061224489795,summary,
1100.0,,0.45341796875,a2c_pointer,0.44755859375,0.46201171875,summary,
1120.0,,0.4326211734693878,a2c_pointer,0.4214126275510204,0.440656887755102,summary,
1140.0,,0.4529257015306122,a2c_pointer,0.442203443877551,0.4752570950255102,summary,
1160.0,,0.4765625,a2c_pointer,0.4078125,0.503125,summary,
1180.0,,0.4610172193877551,a2c_pointer,0.4461694834183674,0.464485012755102,summary,
1200.0,,0.4765625,a2c_pointer,0.452734375,0.51875,summary,
1220.0,,0.4510921556122449,a2c_pointer,0.4297512755102041,0.4584343112244898,summary,
1240.0,,0.474609375,a2c_pointer,0.47265625,0.49609375,summary,
1260.0,,0.4583705357142857,a2c_pointer,0.4465720663265305,0.4601881377551021,summary,
1280.0,,0.4483816964285714,a2c_pointer,0.4386360012755102,0.4485012755102041,summary,
1300.0,,0.4625,a2c_pointer,0.42880859375,0.4695312499999999,summary,
1320.0,,0.4017857142857142,a2c_pointer,0.4005102040816326,0.4043367346938775,summary,
1340.0,,0.4638671875,a2c_pointer,0.4474609375,0.50888671875,summary,
1360.0,,0.4496173469387755,a2c_pointer,0.4448501275510204,0.4513392857142857,summary,
1380.0,,0.4582868303571428,a2c_pointer,0.4510024713010204,0.4743203922193877,summary,
1400.0,,0.4765625,a2c_pointer,0.4734375,0.5,summary,
1420.0,,0.4461096938775509,a2c_pointer,0.4404296875,0.4497269610969387,summary,
1440.0,,0.478125,a2c_pointer,0.466796875,0.48203125,summary,
1460.0,,0.4682318239795918,a2c_pointer,0.4305963010204081,0.4721619897959184,summary,
1480.0,,0.48046875,a2c_pointer,0.470703125,0.53515625,summary,
1500.0,,0.4540816326530612,a2c_pointer,0.423469387755102,0.4693877551020408,summary,
1520.0,,0.48935546875,a2c_pointer,0.4787109375,0.50419921875,summary,
1540.0,,0.4288424744897959,a2c_pointer,0.4215242346938775,0.4441804846938775,summary,
1560.0,,0.450554049744898,a2c_pointer,0.4315011160714286,0.4673050860969387,summary,
1580.0,,0.4609374999999999,a2c_pointer,0.459375,0.4609375,summary,
1600.0,,0.4642358896683673,a2c_pointer,0.4617346938775509,0.4753567442602041,summary,
1620.0,,0.5005859375,a2c_pointer,0.46328125,0.50234375,summary,
1640.0,,0.4414620535714285,a2c_pointer,0.4375239158163265,0.4559550382653061,summary,
1660.0,,0.458984375,a2c_pointer,0.4453125,0.484375,summary,
1680.0,,0.4420679209183673,a2c_pointer,0.4396444515306122,0.4538026147959184,summary,
1700.0,,0.4435188137755102,a2c_pointer,0.4351482780612244,0.4548389668367347,summary,
1720.0,,0.4474609375,a2c_pointer,0.4271484375,0.4806640625,summary,
1740.0,,0.4681122448979592,a2c_pointer,0.4528061224489795,0.4783163265306122,summary,
1760.0,,0.46298828125,a2c_pointer,0.46064453125,0.4826171875,summary,
1780.0,,0.4217315051020408,a2c_pointer,0.412452168367347,0.4349011479591836,summary,
1800.0,,0.4836674904336734,a2c_pointer,0.4599310427295918,0.4890884088010204,summary,
1820.0,,0.4515625,a2c_pointer,0.446875,0.4656249999999999,summary,
1840.0,,0.4421934789540817,a2c_pointer,0.4314911511479591,0.4517598054846938,summary,
1860.0,,0.4876953125,a2c_pointer,0.4869140624999999,0.4966796875,summary,
1880.0,,0.4537866709183674,a2c_pointer,0.4377630739795918,0.4567362882653061,summary,
1900.0,,0.486328125,a2c_pointer,0.482421875,0.501953125,summary,
1920.0,,0.4624282525510204,a2c_pointer,0.4568877551020408,0.4675701530612245,summary,
1940.0,,0.4574697066326531,a2c_pointer,0.457210618622449,0.4596221301020408,summary,
1960.0,,0.464453125,a2c_pointer,0.4634765624999999,0.47705078125,summary,
1980.0,,0.4311224489795918,a2c_pointer,0.4183673469387755,0.4502551020408163,summary,
2000.0,,0.44375,a2c_pointer,0.43125,0.50625,summary,
2020.0,,0.4703045280612245,a2c_pointer,0.4619439572704081,0.4712013711734694,summary,
2040.0,,0.466796875,a2c_pointer,0.4486328125,0.5021484375,summary,
2060.0,,0.47734375,a2c_pointer,0.4702806122448979,0.4822305484693877,summary,
2080.0,,0.47265625,a2c_pointer,0.47265625,0.517578125,summary,
2100.0,,0.4720025510204081,a2c_pointer,0.4500717474489796,0.4818957270408163,summary,
2120.0,,0.4769610969387755,a2c_pointer,0.4766621492346938,0.4893176020408163,summary,
2140.0,,0.47109375,a2c_pointer,0.44697265625,0.4788085937499999,summary,
2160.0,,0.4591836734693878,a2c_pointer,0.4400510204081632,0.4808673469387755,summary,
2180.0,,0.4451171874999999,a2c_pointer,0.4423828125,0.47568359375,summary,
2200.0,,0.4657684948979591,a2c_pointer,0.4267378826530612,0.4698022959183673,summary,
2220.0,,0.4755261479591837,a2c_pointer,0.462711256377551,0.5087292729591837,summary,
2240.0,,0.5234375,a2c_pointer,0.4546875,0.5328125,summary,
2260.0,,0.4590740593112244,a2c_pointer,0.4588647959183673,0.4643156090561224,summary,
2280.0,,0.5,a2c_pointer,0.497265625,0.5021484375,summary,
2300.0,,0.4588647959183673,a2c_pointer,0.455484693877551,0.4666374362244898,summary,
2320.0,,0.517578125,a2c_pointer,0.5078125,0.525390625,summary,
2340.0,,0.4834103954081633,a2c_pointer,0.465640943877551,0.4976801658163265,summary,
2360.0,,0.483039700255102,a2c_pointer,0.4726761798469387,0.4974888392857143,summary,
2380.0,,0.48681640625,a2c_pointer,0.4727539062499999,0.4947265625,summary,
2400.0,,0.4540816326530612,a2c_pointer,0.4426020408163265,0.4566326530612244,summary,
2420.0,,0.46142578125,a2c_pointer,0.4599609375,0.51533203125,summary,
2440.0,,0.4441964285714286,a2c_pointer,0.4331154336734694,0.4480229591836734,summary,
2460.0,,0.4745595503826531,a2c_pointer,0.4680624202806122,0.4803591358418367,summary,
2480.0,,0.4328125,a2c_pointer,0.428125,0.459375,summary,
2500.0,,0.5,a2c_pointer,0.4921875,0.53125,summary,
2520.0,,0.4740353954081632,a2c_pointer,0.4228954081632653,0.4872369260204082,summary,
2540.0,,0.4718191964285714,a2c_pointer,0.4632692920918367,0.4736926020408163,summary,
2560.0,,0.4870117187499999,a2c_pointer,0.47822265625,0.4996093749999999,summary,
2580.0,,0.4579081632653061,a2c_pointer,0.4579081632653061,0.4668367346938775,summary,
2600.0,,0.4954101562499999,a2c_pointer,0.4701171875,0.51376953125,summary,
2620.0,,0.4361607142857143,a2c_pointer,0.4349968112244897,0.4725924744897959,summary,
2640.0,,0.4625219228316326,a2c_pointer,0.4279436383928571,0.478386080994898,summary,
2660.0,,0.4640625,a2c_pointer,0.459375,0.4765624999999999,summary,
2680.0,,0.4771006058673469,a2c_pointer,0.4482820471938775,0.4947285554846938,summary,
2700.0,,0.4722656249999999,a2c_pointer,0.4599609375,0.486328125,summary,
2720.0,,0.4635682397959183,a2c_pointer,0.4383769132653061,0.4783242984693877,summary,
2740.0,,0.50390625,a2c_pointer,0.484375,0.533203125,summary,
2760.0,,0.4536989795918367,a2c_pointer,0.429719387755102,0.4567920918367347,summary,
2780.0,,0.4653419961734694,a2c_pointer,0.4499362244897959,0.4724370216836734,summary,
2800.0,,0.478125,a2c_pointer,0.46083984375,0.49892578125,summary,
2820.0,,0.4451530612244898,a2c_pointer,0.4068877551020408,0.4668367346938775,summary,
2840.0,,0.49765625,a2c_pointer,0.447265625,0.50009765625,summary,
2860.0,,0.4721141581632653,a2c_pointer,0.4656728316326531,0.4871173469387755,summary,
2880.0,,0.4903041294642857,a2c_pointer,0.4796117665816326,0.4938715720663265,summary,
2900.0,,0.471875,a2c_pointer,0.4468749999999999,0.4828125,summary,
2920.0,,0.4480827487244898,a2c_pointer,0.4183972417091837,0.4568120216836735,summary,
2940.0,,0.464453125,a2c_pointer,0.4583984375,0.4880859375,summary,
2960.0,,0.4423469387755102,a2c_pointer,0.4311941964285714,0.4444913903061224,summary,
2980.0,,0.466796875,a2c_pointer,0.45703125,0.4921875,summary,
3000.0,,0.4489795918367347,a2c_pointer,0.4387755102040816,0.4897959183673469,summary,
16.0,0.193359375,,traditional_ppo,,,seed,42.0
32.0,0.1703125,,traditional_ppo,,,seed,42.0
48.0,0.1862244897959183,,traditional_ppo,,,seed,42.0
64.0,0.208984375,,traditional_ppo,,,seed,42.0
80.0,0.1875,,traditional_ppo,,,seed,42.0
96.0,0.1887755102040816,,traditional_ppo,,,seed,42.0
112.0,0.24609375,,traditional_ppo,,,seed,42.0
128.0,0.184375,,traditional_ppo,,,seed,42.0
144.0,0.1823979591836734,,traditional_ppo,,,seed,42.0
160.0,0.234375,,traditional_ppo,,,seed,42.0
176.0,0.221875,,traditional_ppo,,,seed,42.0
192.0,0.2028061224489796,,traditional_ppo,,,seed,42.0
208.0,0.224609375,,traditional_ppo,,,seed,42.0
224.0,0.2203125,,traditional_ppo,,,seed,42.0
240.0,0.2079081632653061,,traditional_ppo,,,seed,42.0
250.0,0.240625,,traditional_ppo,,,seed,42.0
266.0,0.234375,,traditional_ppo,,,seed,42.0
282.0,0.2155612244897959,,traditional_ppo,,,seed,42.0
298.0,0.296875,,traditional_ppo,,,seed,42.0
314.0,0.21875,,traditional_ppo,,,seed,42.0
330.0,0.1823979591836734,,traditional_ppo,,,seed,42.0
346.0,0.318359375,,traditional_ppo,,,seed,42.0
362.0,0.2499999999999999,,traditional_ppo,,,seed,42.0
378.0,0.235969387755102,,traditional_ppo,,,seed,42.0
394.0,0.28125,,traditional_ppo,,,seed,42.0
410.0,0.2453125,,traditional_ppo,,,seed,42.0
426.0,0.2193877551020408,,traditional_ppo,,,seed,42.0
442.0,0.30859375,,traditional_ppo,,,seed,42.0
458.0,0.2703125,,traditional_ppo,,,seed,42.0
474.0,0.2346938775510204,,traditional_ppo,,,seed,42.0
490.0,0.37890625,,traditional_ppo,,,seed,42.0
500.0,0.2699999999999999,,traditional_ppo,,,seed,42.0
516.0,0.2334183673469387,,traditional_ppo,,,seed,42.0
532.0,0.3046875,,traditional_ppo,,,seed,42.0
548.0,0.2765625,,traditional_ppo,,,seed,42.0
564.0,0.2551020408163265,,traditional_ppo,,,seed,42.0
580.0,0.291015625,,traditional_ppo,,,seed,42.0
596.0,0.2421875,,traditional_ppo,,,seed,42.0
612.0,0.2385204081632653,,traditional_ppo,,,seed,42.0
628.0,0.2890625,,traditional_ppo,,,seed,42.0
644.0,0.26875,,traditional_ppo,,,seed,42.0
660.0,0.2308673469387755,,traditional_ppo,,,seed,42.0
676.0,0.32421875,,traditional_ppo,,,seed,42.0
692.0,0.2640625,,traditional_ppo,,,seed,42.0
708.0,0.2678571428571429,,traditional_ppo,,,seed,42.0
724.0,0.259765625,,traditional_ppo,,,seed,42.0
740.0,0.2765625,,traditional_ppo,,,seed,42.0
756.0,0.2346938775510204,,traditional_ppo,,,seed,42.0
772.0,0.310546875,,traditional_ppo,,,seed,42.0
788.0,0.2625,,traditional_ppo,,,seed,42.0
804.0,0.2079081632653061,,traditional_ppo,,,seed,42.0
820.0,0.310546875,,traditional_ppo,,,seed,42.0
836.0,0.2515625,,traditional_ppo,,,seed,42.0
852.0,0.2551020408163265,,traditional_ppo,,,seed,42.0
868.0,0.275390625,,traditional_ppo,,,seed,42.0
884.0,0.2671875,,traditional_ppo,,,seed,42.0
900.0,0.2142857142857142,,traditional_ppo,,,seed,42.0
916.0,0.314453125,,traditional_ppo,,,seed,42.0
932.0,0.3,,traditional_ppo,,,seed,42.0
948.0,0.2525510204081632,,traditional_ppo,,,seed,42.0
964.0,0.291015625,,traditional_ppo,,,seed,42.0
980.0,0.284375,,traditional_ppo,,,seed,42.0
996.0,0.2244897959183673,,traditional_ppo,,,seed,42.0
1000.0,0.3359375,,traditional_ppo,,,seed,42.0
1016.0,0.2375,,traditional_ppo,,,seed,42.0
1032.0,0.2410714285714285,,traditional_ppo,,,seed,42.0
1048.0,0.251953125,,traditional_ppo,,,seed,42.0
1064.0,0.23125,,traditional_ppo,,,seed,42.0
1080.0,0.2283163265306122,,traditional_ppo,,,seed,42.0
1096.0,0.259765625,,traditional_ppo,,,seed,42.0
1112.0,0.259375,,traditional_ppo,,,seed,42.0
1128.0,0.221938775510204,,traditional_ppo,,,seed,42.0
1144.0,0.30859375,,traditional_ppo,,,seed,42.0
1160.0,0.2984375,,traditional_ppo,,,seed,42.0
1176.0,0.2474489795918367,,traditional_ppo,,,seed,42.0
1192.0,0.24609375,,traditional_ppo,,,seed,42.0
1208.0,0.2375,,traditional_ppo,,,seed,42.0
1224.0,0.2002551020408163,,traditional_ppo,,,seed,42.0
1240.0,0.26953125,,traditional_ppo,,,seed,42.0
1256.0,0.2796875,,traditional_ppo,,,seed,42.0
1272.0,0.2232142857142857,,traditional_ppo,,,seed,42.0
1288.0,0.2890625,,traditional_ppo,,,seed,42.0
1304.0,0.2765625,,traditional_ppo,,,seed,42.0
1320.0,0.2372448979591837,,traditional_ppo,,,seed,42.0
1336.0,0.2578125,,traditional_ppo,,,seed,42.0
1352.0,0.2296875,,traditional_ppo,,,seed,42.0
1368.0,0.2270408163265306,,traditional_ppo,,,seed,42.0
1384.0,0.322265625,,traditional_ppo,,,seed,42.0
1400.0,0.2515625,,traditional_ppo,,,seed,42.0
1416.0,0.2410714285714285,,traditional_ppo,,,seed,42.0
1432.0,0.275390625,,traditional_ppo,,,seed,42.0
1448.0,0.275,,traditional_ppo,,,seed,42.0
1464.0,0.25,,traditional_ppo,,,seed,42.0
1480.0,0.26171875,,traditional_ppo,,,seed,42.0
1496.0,0.28125,,traditional_ppo,,,seed,42.0
1500.0,0.2142857142857143,,traditional_ppo,,,seed,42.0
1516.0,0.265625,,traditional_ppo,,,seed,42.0
1532.0,0.2203125,,traditional_ppo,,,seed,42.0
1548.0,0.2053571428571428,,traditional_ppo,,,seed,42.0
1564.0,0.25,,traditional_ppo,,,seed,42.0
1580.0,0.2125,,traditional_ppo,,,seed,42.0
1596.0,0.2308673469387755,,traditional_ppo,,,seed,42.0
1612.0,0.298828125,,traditional_ppo,,,seed,42.0
1628.0,0.3,,traditional_ppo,,,seed,42.0
1644.0,0.1747448979591837,,traditional_ppo,,,seed,42.0
1660.0,0.291015625,,traditional_ppo,,,seed,42.0
1676.0,0.24375,,traditional_ppo,,,seed,42.0
1692.0,0.2474489795918367,,traditional_ppo,,,seed,42.0
1708.0,0.337890625,,traditional_ppo,,,seed,42.0
1724.0,0.296875,,traditional_ppo,,,seed,42.0
1740.0,0.2308673469387755,,traditional_ppo,,,seed,42.0
1756.0,0.294921875,,traditional_ppo,,,seed,42.0
1772.0,0.2390625,,traditional_ppo,,,seed,42.0
1788.0,0.2283163265306122,,traditional_ppo,,,seed,42.0
1804.0,0.34765625,,traditional_ppo,,,seed,42.0
1820.0,0.2640625,,traditional_ppo,,,seed,42.0
1836.0,0.2397959183673469,,traditional_ppo,,,seed,42.0
1852.0,0.310546875,,traditional_ppo,,,seed,42.0
1868.0,0.2890625,,traditional_ppo,,,seed,42.0
1884.0,0.2130102040816326,,traditional_ppo,,,seed,42.0
1900.0,0.26953125,,traditional_ppo,,,seed,42.0
1916.0,0.2515624999999999,,traditional_ppo,,,seed,42.0
1932.0,0.2576530612244898,,traditional_ppo,,,seed,42.0
1948.0,0.275390625,,traditional_ppo,,,seed,42.0
1964.0,0.275,,traditional_ppo,,,seed,42.0
1980.0,0.2334183673469387,,traditional_ppo,,,seed,42.0
1996.0,0.259765625,,traditional_ppo,,,seed,42.0
2000.0,0.2375,,traditional_ppo,,,seed,42.0
2016.0,0.2487244897959183,,traditional_ppo,,,seed,42.0
2032.0,0.310546875,,traditional_ppo,,,seed,42.0
2048.0,0.20625,,traditional_ppo,,,seed,42.0
2064.0,0.2691326530612244,,traditional_ppo,,,seed,42.0
2080.0,0.29296875,,traditional_ppo,,,seed,42.0
2096.0,0.275,,traditional_ppo,,,seed,42.0
2112.0,0.2181122448979591,,traditional_ppo,,,seed,42.0
2128.0,0.326171875,,traditional_ppo,,,seed,42.0
2144.0,0.2640625,,traditional_ppo,,,seed,42.0
2160.0,0.2346938775510204,,traditional_ppo,,,seed,42.0
2176.0,0.328125,,traditional_ppo,,,seed,42.0
2192.0,0.2875,,traditional_ppo,,,seed,42.0
2208.0,0.2346938775510204,,traditional_ppo,,,seed,42.0
2224.0,0.30859375,,traditional_ppo,,,seed,42.0
2240.0,0.2625,,traditional_ppo,,,seed,42.0
2256.0,0.221938775510204,,traditional_ppo,,,seed,42.0
2272.0,0.298828125,,traditional_ppo,,,seed,42.0
2288.0,0.2671875,,traditional_ppo,,,seed,42.0
2304.0,0.2104591836734693,,traditional_ppo,,,seed,42.0
2320.0,0.287109375,,traditional_ppo,,,seed,42.0
2336.0,0.246875,,traditional_ppo,,,seed,42.0
2352.0,0.2040816326530612,,traditional_ppo,,,seed,42.0
2368.0,0.359375,,traditional_ppo,,,seed,42.0
2384.0,0.2625,,traditional_ppo,,,seed,42.0
2400.0,0.2576530612244898,,traditional_ppo,,,seed,42.0
2416.0,0.25390625,,traditional_ppo,,,seed,42.0
2432.0,0.2375,,traditional_ppo,,,seed,42.0
2448.0,0.2614795918367347,,traditional_ppo,,,seed,42.0
2464.0,0.294921875,,traditional_ppo,,,seed,42.0
2480.0,0.28125,,traditional_ppo,,,seed,42.0
2496.0,0.2474489795918367,,traditional_ppo,,,seed,42.0
2500.0,0.3125,,traditional_ppo,,,seed,42.0
2516.0,0.2375,,traditional_ppo,,,seed,42.0
2532.0,0.2423469387755101,,traditional_ppo,,,seed,42.0
2548.0,0.33203125,,traditional_ppo,,,seed,42.0
2564.0,0.2421875,,traditional_ppo,,,seed,42.0
2580.0,0.225765306122449,,traditional_ppo,,,seed,42.0
2596.0,0.28515625,,traditional_ppo,,,seed,42.0
2612.0,0.265625,,traditional_ppo,,,seed,42.0
2628.0,0.2487244897959183,,traditional_ppo,,,seed,42.0
2644.0,0.306640625,,traditional_ppo,,,seed,42.0
2660.0,0.2546875,,traditional_ppo,,,seed,42.0
2676.0,0.221938775510204,,traditional_ppo,,,seed,42.0
2692.0,0.294921875,,traditional_ppo,,,seed,42.0
2708.0,0.259375,,traditional_ppo,,,seed,42.0
2724.0,0.2487244897959183,,traditional_ppo,,,seed,42.0
2740.0,0.296875,,traditional_ppo,,,seed,42.0
2756.0,0.2671875,,traditional_ppo,,,seed,42.0
2772.0,0.2436224489795918,,traditional_ppo,,,seed,42.0
2788.0,0.298828125,,traditional_ppo,,,seed,42.0
2804.0,0.29375,,traditional_ppo,,,seed,42.0
2820.0,0.2130102040816326,,traditional_ppo,,,seed,42.0
2836.0,0.30859375,,traditional_ppo,,,seed,42.0
2852.0,0.246875,,traditional_ppo,,,seed,42.0
2868.0,0.2410714285714285,,traditional_ppo,,,seed,42.0
2884.0,0.25,,traditional_ppo,,,seed,42.0
2900.0,0.3078125,,traditional_ppo,,,seed,42.0
2916.0,0.2028061224489795,,traditional_ppo,,,seed,42.0
2932.0,0.31640625,,traditional_ppo,,,seed,42.0
2948.0,0.25625,,traditional_ppo,,,seed,42.0
2964.0,0.2295918367346938,,traditional_ppo,,,seed,42.0
2980.0,0.302734375,,traditional_ppo,,,seed,42.0
2996.0,0.2546874999999999,,traditional_ppo,,,seed,42.0
3000.0,0.2755102040816326,,traditional_ppo,,,seed,42.0
16.0,0.201171875,,traditional_ppo,,,seed,43.0
32.0,0.18125,,traditional_ppo,,,seed,43.0
48.0,0.1670918367346938,,traditional_ppo,,,seed,43.0
64.0,0.216796875,,traditional_ppo,,,seed,43.0
80.0,0.1875,,traditional_ppo,,,seed,43.0
96.0,0.1543367346938775,,traditional_ppo,,,seed,43.0
112.0,0.220703125,,traditional_ppo,,,seed,43.0
128.0,0.2203125,,traditional_ppo,,,seed,43.0
144.0,0.211734693877551,,traditional_ppo,,,seed,43.0
160.0,0.267578125,,traditional_ppo,,,seed,43.0
176.0,0.190625,,traditional_ppo,,,seed,43.0
192.0,0.2142857142857143,,traditional_ppo,,,seed,43.0
208.0,0.2109375,,traditional_ppo,,,seed,43.0
224.0,0.2375,,traditional_ppo,,,seed,43.0
240.0,0.1951530612244897,,traditional_ppo,,,seed,43.0
250.0,0.284375,,traditional_ppo,,,seed,43.0
266.0,0.25625,,traditional_ppo,,,seed,43.0
282.0,0.211734693877551,,traditional_ppo,,,seed,43.0
298.0,0.28515625,,traditional_ppo,,,seed,43.0
314.0,0.2765625,,traditional_ppo,,,seed,43.0
330.0,0.2002551020408163,,traditional_ppo,,,seed,43.0
346.0,0.26953125,,traditional_ppo,,,seed,43.0
362.0,0.2546874999999999,,traditional_ppo,,,seed,43.0
378.0,0.2244897959183673,,traditional_ppo,,,seed,43.0
394.0,0.2890625,,traditional_ppo,,,seed,43.0
410.0,0.2515625,,traditional_ppo,,,seed,43.0
426.0,0.2206632653061224,,traditional_ppo,,,seed,43.0
442.0,0.28125,,traditional_ppo,,,seed,43.0
458.0,0.253125,,traditional_ppo,,,seed,43.0
474.0,0.2028061224489796,,traditional_ppo,,,seed,43.0
490.0,0.33203125,,traditional_ppo,,,seed,43.0
500.0,0.245,,traditional_ppo,,,seed,43.0
516.0,0.2040816326530612,,traditional_ppo,,,seed,43.0
532.0,0.296875,,traditional_ppo,,,seed,43.0
548.0,0.2296875,,traditional_ppo,,,seed,43.0
564.0,0.2168367346938775,,traditional_ppo,,,seed,43.0
580.0,0.28515625,,traditional_ppo,,,seed,43.0
596.0,0.23125,,traditional_ppo,,,seed,43.0
612.0,0.1836734693877551,,traditional_ppo,,,seed,43.0
628.0,0.296875,,traditional_ppo,,,seed,43.0
644.0,0.2640625,,traditional_ppo,,,seed,43.0
660.0,0.2079081632653061,,traditional_ppo,,,seed,43.0
676.0,0.28515625,,traditional_ppo,,,seed,43.0
692.0,0.2640625,,traditional_ppo,,,seed,43.0
708.0,0.235969387755102,,traditional_ppo,,,seed,43.0
724.0,0.26953125,,traditional_ppo,,,seed,43.0
740.0,0.29375,,traditional_ppo,,,seed,43.0
756.0,0.1696428571428571,,traditional_ppo,,,seed,43.0
772.0,0.349609375,,traditional_ppo,,,seed,43.0
788.0,0.25,,traditional_ppo,,,seed,43.0
804.0,0.2091836734693877,,traditional_ppo,,,seed,43.0
820.0,0.275390625,,traditional_ppo,,,seed,43.0
836.0,0.2609375,,traditional_ppo,,,seed,43.0
852.0,0.2844387755102041,,traditional_ppo,,,seed,43.0
868.0,0.283203125,,traditional_ppo,,,seed,43.0
884.0,0.28125,,traditional_ppo,,,seed,43.0
900.0,0.2385204081632653,,traditional_ppo,,,seed,43.0
916.0,0.3046875,,traditional_ppo,,,seed,43.0
932.0,0.2515625,,traditional_ppo,,,seed,43.0
948.0,0.2015306122448979,,traditional_ppo,,,seed,43.0
964.0,0.28515625,,traditional_ppo,,,seed,43.0
980.0,0.2546875,,traditional_ppo,,,seed,43.0
996.0,0.2436224489795918,,traditional_ppo,,,seed,43.0
1000.0,0.265625,,traditional_ppo,,,seed,43.0
1016.0,0.2375,,traditional_ppo,,,seed,43.0
1032.0,0.2295918367346938,,traditional_ppo,,,seed,43.0
1048.0,0.271484375,,traditional_ppo,,,seed,43.0
1064.0,0.221875,,traditional_ppo,,,seed,43.0
1080.0,0.2193877551020408,,traditional_ppo,,,seed,43.0
1096.0,0.35546875,,traditional_ppo,,,seed,43.0
1112.0,0.2515625,,traditional_ppo,,,seed,43.0
1128.0,0.2423469387755102,,traditional_ppo,,,seed,43.0
1144.0,0.294921875,,traditional_ppo,,,seed,43.0
1160.0,0.2140625,,traditional_ppo,,,seed,43.0
1176.0,0.2181122448979591,,traditional_ppo,,,seed,43.0
1192.0,0.310546875,,traditional_ppo,,,seed,43.0
1208.0,0.2765625,,traditional_ppo,,,seed,43.0
1224.0,0.2270408163265306,,traditional_ppo,,,seed,43.0
1240.0,0.279296875,,traditional_ppo,,,seed,43.0
1256.0,0.2421874999999999,,traditional_ppo,,,seed,43.0
1272.0,0.2015306122448979,,traditional_ppo,,,seed,43.0
1288.0,0.263671875,,traditional_ppo,,,seed,43.0
1304.0,0.278125,,traditional_ppo,,,seed,43.0
1320.0,0.2321428571428571,,traditional_ppo,,,seed,43.0
1336.0,0.279296875,,traditional_ppo,,,seed,43.0
1352.0,0.24375,,traditional_ppo,,,seed,43.0
1368.0,0.2372448979591837,,traditional_ppo,,,seed,43.0
1384.0,0.2734375,,traditional_ppo,,,seed,43.0
1400.0,0.2859374999999999,,traditional_ppo,,,seed,43.0
1416.0,0.2576530612244898,,traditional_ppo,,,seed,43.0
1432.0,0.32421875,,traditional_ppo,,,seed,43.0
1448.0,0.2765625,,traditional_ppo,,,seed,43.0
1464.0,0.2244897959183673,,traditional_ppo,,,seed,43.0
1480.0,0.3046875,,traditional_ppo,,,seed,43.0
1496.0,0.275,,traditional_ppo,,,seed,43.0
1500.0,0.2704081632653061,,traditional_ppo,,,seed,43.0
1516.0,0.30078125,,traditional_ppo,,,seed,43.0
1532.0,0.275,,traditional_ppo,,,seed,43.0
1548.0,0.2844387755102041,,traditional_ppo,,,seed,43.0
1564.0,0.26171875,,traditional_ppo,,,seed,43.0
1580.0,0.2546875,,traditional_ppo,,,seed,43.0
1596.0,0.2704081632653061,,traditional_ppo,,,seed,43.0
1612.0,0.333984375,,traditional_ppo,,,seed,43.0
1628.0,0.2484374999999999,,traditional_ppo,,,seed,43.0
1644.0,0.225765306122449,,traditional_ppo,,,seed,43.0
1660.0,0.296875,,traditional_ppo,,,seed,43.0
1676.0,0.271875,,traditional_ppo,,,seed,43.0
1692.0,0.183673469387755,,traditional_ppo,,,seed,43.0
1708.0,0.322265625,,traditional_ppo,,,seed,43.0
1724.0,0.2296875,,traditional_ppo,,,seed,43.0
1740.0,0.2193877551020408,,traditional_ppo,,,seed,43.0
1756.0,0.330078125,,traditional_ppo,,,seed,43.0
1772.0,0.2546875,,traditional_ppo,,,seed,43.0
1788.0,0.2321428571428571,,traditional_ppo,,,seed,43.0
1804.0,0.302734375,,traditional_ppo,,,seed,43.0
1820.0,0.2734375,,traditional_ppo,,,seed,43.0
1836.0,0.2104591836734693,,traditional_ppo,,,seed,43.0
1852.0,0.29296875,,traditional_ppo,,,seed,43.0
1868.0,0.259375,,traditional_ppo,,,seed,43.0
1884.0,0.2665816326530612,,traditional_ppo,,,seed,43.0
1900.0,0.275390625,,traditional_ppo,,,seed,43.0
1916.0,0.25625,,traditional_ppo,,,seed,43.0
1932.0,0.2193877551020408,,traditional_ppo,,,seed,43.0
1948.0,0.275390625,,traditional_ppo,,,seed,43.0
1964.0,0.2421875,,traditional_ppo,,,seed,43.0
1980.0,0.1849489795918367,,traditional_ppo,,,seed,43.0
1996.0,0.27734375,,traditional_ppo,,,seed,43.0
2000.0,0.28125,,traditional_ppo,,,seed,43.0
2016.0,0.2130102040816326,,traditional_ppo,,,seed,43.0
2032.0,0.298828125,,traditional_ppo,,,seed,43.0
2048.0,0.259375,,traditional_ppo,,,seed,43.0
2064.0,0.2410714285714285,,traditional_ppo,,,seed,43.0
2080.0,0.283203125,,traditional_ppo,,,seed,43.0
2096.0,0.2859374999999999,,traditional_ppo,,,seed,43.0
2112.0,0.2614795918367347,,traditional_ppo,,,seed,43.0
2128.0,0.2578125,,traditional_ppo,,,seed,43.0
2144.0,0.2484375,,traditional_ppo,,,seed,43.0
2160.0,0.2015306122448979,,traditional_ppo,,,seed,43.0
2176.0,0.271484375,,traditional_ppo,,,seed,43.0
2192.0,0.2546874999999999,,traditional_ppo,,,seed,43.0
2208.0,0.2321428571428571,,traditional_ppo,,,seed,43.0
2224.0,0.314453125,,traditional_ppo,,,seed,43.0
2240.0,0.275,,traditional_ppo,,,seed,43.0
2256.0,0.2563775510204081,,traditional_ppo,,,seed,43.0
2272.0,0.265625,,traditional_ppo,,,seed,43.0
2288.0,0.3,,traditional_ppo,,,seed,43.0
2304.0,0.2334183673469387,,traditional_ppo,,,seed,43.0
2320.0,0.357421875,,traditional_ppo,,,seed,43.0
2336.0,0.2609375,,traditional_ppo,,,seed,43.0
2352.0,0.2448979591836734,,traditional_ppo,,,seed,43.0
2368.0,0.291015625,,traditional_ppo,,,seed,43.0
2384.0,0.2828125,,traditional_ppo,,,seed,43.0
2400.0,0.2576530612244898,,traditional_ppo,,,seed,43.0
2416.0,0.31640625,,traditional_ppo,,,seed,43.0
2432.0,0.2625,,traditional_ppo,,,seed,43.0
2448.0,0.2053571428571428,,traditional_ppo,,,seed,43.0
2464.0,0.298828125,,traditional_ppo,,,seed,43.0
2480.0,0.225,,traditional_ppo,,,seed,43.0
2496.0,0.2232142857142857,,traditional_ppo,,,seed,43.0
2500.0,0.3046875,,traditional_ppo,,,seed,43.0
2516.0,0.25,,traditional_ppo,,,seed,43.0
2532.0,0.2244897959183673,,traditional_ppo,,,seed,43.0
2548.0,0.3359375,,traditional_ppo,,,seed,43.0
2564.0,0.28125,,traditional_ppo,,,seed,43.0
2580.0,0.2474489795918367,,traditional_ppo,,,seed,43.0
2596.0,0.296875,,traditional_ppo,,,seed,43.0
2612.0,0.240625,,traditional_ppo,,,seed,43.0
2628.0,0.2079081632653061,,traditional_ppo,,,seed,43.0
2644.0,0.3046875,,traditional_ppo,,,seed,43.0
2660.0,0.290625,,traditional_ppo,,,seed,43.0
2676.0,0.2244897959183673,,traditional_ppo,,,seed,43.0
2692.0,0.3046875,,traditional_ppo,,,seed,43.0
2708.0,0.2875,,traditional_ppo,,,seed,43.0
2724.0,0.2614795918367347,,traditional_ppo,,,seed,43.0
2740.0,0.283203125,,traditional_ppo,,,seed,43.0
2756.0,0.2953125,,traditional_ppo,,,seed,43.0
2772.0,0.2168367346938775,,traditional_ppo,,,seed,43.0
2788.0,0.310546875,,traditional_ppo,,,seed,43.0
2804.0,0.3015625,,traditional_ppo,,,seed,43.0
2820.0,0.2576530612244898,,traditional_ppo,,,seed,43.0
2836.0,0.306640625,,traditional_ppo,,,seed,43.0
2852.0,0.2484374999999999,,traditional_ppo,,,seed,43.0
2868.0,0.2576530612244898,,traditional_ppo,,,seed,43.0
2884.0,0.31640625,,traditional_ppo,,,seed,43.0
2900.0,0.2484374999999999,,traditional_ppo,,,seed,43.0
2916.0,0.2487244897959183,,traditional_ppo,,,seed,43.0
2932.0,0.30859375,,traditional_ppo,,,seed,43.0
2948.0,0.25625,,traditional_ppo,,,seed,43.0
2964.0,0.2193877551020408,,traditional_ppo,,,seed,43.0
2980.0,0.26953125,,traditional_ppo,,,seed,43.0
2996.0,0.3,,traditional_ppo,,,seed,43.0
3000.0,0.1938775510204081,,traditional_ppo,,,seed,43.0
16.0,0.26953125,,traditional_ppo,,,seed,44.0
32.0,0.1765625,,traditional_ppo,,,seed,44.0
48.0,0.173469387755102,,traditional_ppo,,,seed,44.0
64.0,0.306640625,,traditional_ppo,,,seed,44.0
80.0,0.2171875,,traditional_ppo,,,seed,44.0
96.0,0.1887755102040816,,traditional_ppo,,,seed,44.0
112.0,0.158203125,,traditional_ppo,,,seed,44.0
128.0,0.1953125,,traditional_ppo,,,seed,44.0
144.0,0.2168367346938775,,traditional_ppo,,,seed,44.0
160.0,0.287109375,,traditional_ppo,,,seed,44.0
176.0,0.1953125,,traditional_ppo,,,seed,44.0
192.0,0.1926020408163265,,traditional_ppo,,,seed,44.0
208.0,0.21484375,,traditional_ppo,,,seed,44.0
224.0,0.23125,,traditional_ppo,,,seed,44.0
240.0,0.2015306122448979,,traditional_ppo,,,seed,44.0
250.0,0.26875,,traditional_ppo,,,seed,44.0
266.0,0.2046875,,traditional_ppo,,,seed,44.0
282.0,0.2130102040816326,,traditional_ppo,,,seed,44.0
298.0,0.30859375,,traditional_ppo,,,seed,44.0
314.0,0.2468749999999999,,traditional_ppo,,,seed,44.0
330.0,0.1811224489795918,,traditional_ppo,,,seed,44.0
346.0,0.2578125,,traditional_ppo,,,seed,44.0
362.0,0.253125,,traditional_ppo,,,seed,44.0
378.0,0.211734693877551,,traditional_ppo,,,seed,44.0
394.0,0.224609375,,traditional_ppo,,,seed,44.0
410.0,0.296875,,traditional_ppo,,,seed,44.0
426.0,0.2193877551020408,,traditional_ppo,,,seed,44.0
442.0,0.265625,,traditional_ppo,,,seed,44.0
458.0,0.2609375,,traditional_ppo,,,seed,44.0
474.0,0.2015306122448979,,traditional_ppo,,,seed,44.0
490.0,0.29296875,,traditional_ppo,,,seed,44.0
500.0,0.2325,,traditional_ppo,,,seed,44.0
516.0,0.2244897959183673,,traditional_ppo,,,seed,44.0
532.0,0.24609375,,traditional_ppo,,,seed,44.0
548.0,0.259375,,traditional_ppo,,,seed,44.0
564.0,0.2053571428571428,,traditional_ppo,,,seed,44.0
580.0,0.263671875,,traditional_ppo,,,seed,44.0
596.0,0.2781249999999999,,traditional_ppo,,,seed,44.0
612.0,0.2551020408163265,,traditional_ppo,,,seed,44.0
628.0,0.255859375,,traditional_ppo,,,seed,44.0
644.0,0.2546875,,traditional_ppo,,,seed,44.0
660.0,0.2142857142857142,,traditional_ppo,,,seed,44.0
676.0,0.28515625,,traditional_ppo,,,seed,44.0
692.0,0.2296875,,traditional_ppo,,,seed,44.0
708.0,0.2168367346938775,,traditional_ppo,,,seed,44.0
724.0,0.263671875,,traditional_ppo,,,seed,44.0
740.0,0.25,,traditional_ppo,,,seed,44.0
756.0,0.2142857142857143,,traditional_ppo,,,seed,44.0
772.0,0.30859375,,traditional_ppo,,,seed,44.0
788.0,0.2640625,,traditional_ppo,,,seed,44.0
804.0,0.2270408163265306,,traditional_ppo,,,seed,44.0
820.0,0.28515625,,traditional_ppo,,,seed,44.0
836.0,0.2624999999999999,,traditional_ppo,,,seed,44.0
852.0,0.2321428571428571,,traditional_ppo,,,seed,44.0
868.0,0.2890625,,traditional_ppo,,,seed,44.0
884.0,0.221875,,traditional_ppo,,,seed,44.0
900.0,0.2104591836734693,,traditional_ppo,,,seed,44.0
916.0,0.29296875,,traditional_ppo,,,seed,44.0
932.0,0.2625,,traditional_ppo,,,seed,44.0
948.0,0.2308673469387755,,traditional_ppo,,,seed,44.0
964.0,0.30078125,,traditional_ppo,,,seed,44.0
980.0,0.2375,,traditional_ppo,,,seed,44.0
996.0,0.2385204081632652,,traditional_ppo,,,seed,44.0
1000.0,0.4140625,,traditional_ppo,,,seed,44.0
1016.0,0.2796875,,traditional_ppo,,,seed,44.0
1032.0,0.2155612244897959,,traditional_ppo,,,seed,44.0
1048.0,0.279296875,,traditional_ppo,,,seed,44.0
1064.0,0.265625,,traditional_ppo,,,seed,44.0
1080.0,0.2346938775510204,,traditional_ppo,,,seed,44.0
1096.0,0.279296875,,traditional_ppo,,,seed,44.0
1112.0,0.296875,,traditional_ppo,,,seed,44.0
1128.0,0.2321428571428571,,traditional_ppo,,,seed,44.0
1144.0,0.26171875,,traditional_ppo,,,seed,44.0
1160.0,0.2625,,traditional_ppo,,,seed,44.0
1176.0,0.2346938775510204,,traditional_ppo,,,seed,44.0
1192.0,0.341796875,,traditional_ppo,,,seed,44.0
1208.0,0.28125,,traditional_ppo,,,seed,44.0
1224.0,0.2487244897959183,,traditional_ppo,,,seed,44.0
1240.0,0.333984375,,traditional_ppo,,,seed,44.0
1256.0,0.2468749999999999,,traditional_ppo,,,seed,44.0
1272.0,0.2295918367346938,,traditional_ppo,,,seed,44.0
1288.0,0.283203125,,traditional_ppo,,,seed,44.0
1304.0,0.246875,,traditional_ppo,,,seed,44.0
1320.0,0.211734693877551,,traditional_ppo,,,seed,44.0
1336.0,0.326171875,,traditional_ppo,,,seed,44.0
1352.0,0.3,,traditional_ppo,,,seed,44.0
1368.0,0.2155612244897959,,traditional_ppo,,,seed,44.0
1384.0,0.275390625,,traditional_ppo,,,seed,44.0
1400.0,0.2546874999999999,,traditional_ppo,,,seed,44.0
1416.0,0.2193877551020408,,traditional_ppo,,,seed,44.0
1432.0,0.33984375,,traditional_ppo,,,seed,44.0
1448.0,0.26875,,traditional_ppo,,,seed,44.0
1464.0,0.2487244897959183,,traditional_ppo,,,seed,44.0
1480.0,0.30859375,,traditional_ppo,,,seed,44.0
1496.0,0.2765625,,traditional_ppo,,,seed,44.0
1500.0,0.1683673469387755,,traditional_ppo,,,seed,44.0
1516.0,0.287109375,,traditional_ppo,,,seed,44.0
1532.0,0.2328125,,traditional_ppo,,,seed,44.0
1548.0,0.2244897959183673,,traditional_ppo,,,seed,44.0
1564.0,0.279296875,,traditional_ppo,,,seed,44.0
1580.0,0.2765625,,traditional_ppo,,,seed,44.0
1596.0,0.2767857142857143,,traditional_ppo,,,seed,44.0
1612.0,0.298828125,,traditional_ppo,,,seed,44.0
1628.0,0.2546875,,traditional_ppo,,,seed,44.0
1644.0,0.2614795918367347,,traditional_ppo,,,seed,44.0
1660.0,0.2578125,,traditional_ppo,,,seed,44.0
1676.0,0.2453125,,traditional_ppo,,,seed,44.0
1692.0,0.246173469387755,,traditional_ppo,,,seed,44.0
1708.0,0.28125,,traditional_ppo,,,seed,44.0
1724.0,0.2765625,,traditional_ppo,,,seed,44.0
1740.0,0.2576530612244898,,traditional_ppo,,,seed,44.0
1756.0,0.318359375,,traditional_ppo,,,seed,44.0
1772.0,0.21875,,traditional_ppo,,,seed,44.0
1788.0,0.2079081632653061,,traditional_ppo,,,seed,44.0
1804.0,0.251953125,,traditional_ppo,,,seed,44.0
1820.0,0.259375,,traditional_ppo,,,seed,44.0
1836.0,0.2053571428571428,,traditional_ppo,,,seed,44.0
1852.0,0.275390625,,traditional_ppo,,,seed,44.0
1868.0,0.2625,,traditional_ppo,,,seed,44.0
1884.0,0.1849489795918367,,traditional_ppo,,,seed,44.0
1900.0,0.296875,,traditional_ppo,,,seed,44.0
1916.0,0.25,,traditional_ppo,,,seed,44.0
1932.0,0.2283163265306122,,traditional_ppo,,,seed,44.0
1948.0,0.279296875,,traditional_ppo,,,seed,44.0
1964.0,0.2375,,traditional_ppo,,,seed,44.0
1980.0,0.2270408163265306,,traditional_ppo,,,seed,44.0
1996.0,0.306640625,,traditional_ppo,,,seed,44.0
2000.0,0.20625,,traditional_ppo,,,seed,44.0
2016.0,0.2474489795918367,,traditional_ppo,,,seed,44.0
2032.0,0.283203125,,traditional_ppo,,,seed,44.0
2048.0,0.3,,traditional_ppo,,,seed,44.0
2064.0,0.2385204081632653,,traditional_ppo,,,seed,44.0
2080.0,0.322265625,,traditional_ppo,,,seed,44.0
2096.0,0.265625,,traditional_ppo,,,seed,44.0
2112.0,0.2487244897959183,,traditional_ppo,,,seed,44.0
2128.0,0.2890625,,traditional_ppo,,,seed,44.0
2144.0,0.2796875,,traditional_ppo,,,seed,44.0
2160.0,0.2410714285714285,,traditional_ppo,,,seed,44.0
2176.0,0.27734375,,traditional_ppo,,,seed,44.0
2192.0,0.2328124999999999,,traditional_ppo,,,seed,44.0
2208.0,0.2283163265306122,,traditional_ppo,,,seed,44.0
2224.0,0.29296875,,traditional_ppo,,,seed,44.0
2240.0,0.24375,,traditional_ppo,,,seed,44.0
2256.0,0.2040816326530612,,traditional_ppo,,,seed,44.0
2272.0,0.333984375,,traditional_ppo,,,seed,44.0
2288.0,0.246875,,traditional_ppo,,,seed,44.0
2304.0,0.2040816326530612,,traditional_ppo,,,seed,44.0
2320.0,0.310546875,,traditional_ppo,,,seed,44.0
2336.0,0.3093749999999999,,traditional_ppo,,,seed,44.0
2352.0,0.2665816326530612,,traditional_ppo,,,seed,44.0
2368.0,0.3125,,traditional_ppo,,,seed,44.0
2384.0,0.25,,traditional_ppo,,,seed,44.0
2400.0,0.2512755102040816,,traditional_ppo,,,seed,44.0
2416.0,0.2890625,,traditional_ppo,,,seed,44.0
2432.0,0.275,,traditional_ppo,,,seed,44.0
2448.0,0.1926020408163265,,traditional_ppo,,,seed,44.0
2464.0,0.279296875,,traditional_ppo,,,seed,44.0
2480.0,0.253125,,traditional_ppo,,,seed,44.0
2496.0,0.2142857142857142,,traditional_ppo,,,seed,44.0
2500.0,0.2734375,,traditional_ppo,,,seed,44.0
2516.0,0.26875,,traditional_ppo,,,seed,44.0
2532.0,0.2525510204081632,,traditional_ppo,,,seed,44.0
2548.0,0.263671875,,traditional_ppo,,,seed,44.0
2564.0,0.2859375,,traditional_ppo,,,seed,44.0
2580.0,0.2665816326530612,,traditional_ppo,,,seed,44.0
2596.0,0.275390625,,traditional_ppo,,,seed,44.0
2612.0,0.2875,,traditional_ppo,,,seed,44.0
2628.0,0.2461734693877551,,traditional_ppo,,,seed,44.0
2644.0,0.291015625,,traditional_ppo,,,seed,44.0
2660.0,0.2703125,,traditional_ppo,,,seed,44.0
2676.0,0.2334183673469387,,traditional_ppo,,,seed,44.0
2692.0,0.263671875,,traditional_ppo,,,seed,44.0
2708.0,0.2375,,traditional_ppo,,,seed,44.0
2724.0,0.2716836734693877,,traditional_ppo,,,seed,44.0
2740.0,0.302734375,,traditional_ppo,,,seed,44.0
2756.0,0.3078125,,traditional_ppo,,,seed,44.0
2772.0,0.2512755102040816,,traditional_ppo,,,seed,44.0
2788.0,0.275390625,,traditional_ppo,,,seed,44.0
2804.0,0.2609375,,traditional_ppo,,,seed,44.0
2820.0,0.2576530612244898,,traditional_ppo,,,seed,44.0
2836.0,0.328125,,traditional_ppo,,,seed,44.0
2852.0,0.3,,traditional_ppo,,,seed,44.0
2868.0,0.2691326530612244,,traditional_ppo,,,seed,44.0
2884.0,0.3046875,,traditional_ppo,,,seed,44.0
2900.0,0.278125,,traditional_ppo,,,seed,44.0
2916.0,0.2321428571428571,,traditional_ppo,,,seed,44.0
2932.0,0.26171875,,traditional_ppo,,,seed,44.0
2948.0,0.2640625,,traditional_ppo,,,seed,44.0
2964.0,0.2028061224489795,,traditional_ppo,,,seed,44.0
2980.0,0.26171875,,traditional_ppo,,,seed,44.0
2996.0,0.2390624999999999,,traditional_ppo,,,seed,44.0
3000.0,0.2295918367346938,,traditional_ppo,,,seed,44.0
16.0,0.21875,,traditional_ppo,,,seed,45.0
32.0,0.171875,,traditional_ppo,,,seed,45.0
48.0,0.1964285714285714,,traditional_ppo,,,seed,45.0
64.0,0.19140625,,traditional_ppo,,,seed,45.0
80.0,0.2359375,,traditional_ppo,,,seed,45.0
96.0,0.2142857142857143,,traditional_ppo,,,seed,45.0
112.0,0.2734375,,traditional_ppo,,,seed,45.0
128.0,0.2265625,,traditional_ppo,,,seed,45.0
144.0,0.1913265306122449,,traditional_ppo,,,seed,45.0
160.0,0.18359375,,traditional_ppo,,,seed,45.0
176.0,0.1781249999999999,,traditional_ppo,,,seed,45.0
192.0,0.1747448979591836,,traditional_ppo,,,seed,45.0
208.0,0.26953125,,traditional_ppo,,,seed,45.0
224.0,0.19375,,traditional_ppo,,,seed,45.0
240.0,0.2678571428571429,,traditional_ppo,,,seed,45.0
250.0,0.271875,,traditional_ppo,,,seed,45.0
266.0,0.171875,,traditional_ppo,,,seed,45.0
282.0,0.183673469387755,,traditional_ppo,,,seed,45.0
298.0,0.267578125,,traditional_ppo,,,seed,45.0
314.0,0.2234374999999999,,traditional_ppo,,,seed,45.0
330.0,0.2091836734693877,,traditional_ppo,,,seed,45.0
346.0,0.302734375,,traditional_ppo,,,seed,45.0
362.0,0.24375,,traditional_ppo,,,seed,45.0
378.0,0.211734693877551,,traditional_ppo,,,seed,45.0
394.0,0.2890625,,traditional_ppo,,,seed,45.0
410.0,0.2609375,,traditional_ppo,,,seed,45.0
426.0,0.2015306122448979,,traditional_ppo,,,seed,45.0
442.0,0.28125,,traditional_ppo,,,seed,45.0
458.0,0.2546875,,traditional_ppo,,,seed,45.0
474.0,0.221938775510204,,traditional_ppo,,,seed,45.0
490.0,0.271484375,,traditional_ppo,,,seed,45.0
500.0,0.2375,,traditional_ppo,,,seed,45.0
516.0,0.2104591836734693,,traditional_ppo,,,seed,45.0
532.0,0.248046875,,traditional_ppo,,,seed,45.0
548.0,0.26875,,traditional_ppo,,,seed,45.0
564.0,0.2155612244897959,,traditional_ppo,,,seed,45.0
580.0,0.234375,,traditional_ppo,,,seed,45.0
596.0,0.2640625,,traditional_ppo,,,seed,45.0
612.0,0.1964285714285714,,traditional_ppo,,,seed,45.0
628.0,0.30078125,,traditional_ppo,,,seed,45.0
644.0,0.2546875,,traditional_ppo,,,seed,45.0
660.0,0.2308673469387755,,traditional_ppo,,,seed,45.0
676.0,0.3359375,,traditional_ppo,,,seed,45.0
692.0,0.209375,,traditional_ppo,,,seed,45.0
708.0,0.2002551020408163,,traditional_ppo,,,seed,45.0
724.0,0.28515625,,traditional_ppo,,,seed,45.0
740.0,0.25625,,traditional_ppo,,,seed,45.0
756.0,0.2321428571428571,,traditional_ppo,,,seed,45.0
772.0,0.302734375,,traditional_ppo,,,seed,45.0
788.0,0.2640625,,traditional_ppo,,,seed,45.0
804.0,0.2397959183673469,,traditional_ppo,,,seed,45.0
820.0,0.322265625,,traditional_ppo,,,seed,45.0
836.0,0.3,,traditional_ppo,,,seed,45.0
852.0,0.2104591836734693,,traditional_ppo,,,seed,45.0
868.0,0.271484375,,traditional_ppo,,,seed,45.0
884.0,0.2765625,,traditional_ppo,,,seed,45.0
900.0,0.2487244897959183,,traditional_ppo,,,seed,45.0
916.0,0.208984375,,traditional_ppo,,,seed,45.0
932.0,0.284375,,traditional_ppo,,,seed,45.0
948.0,0.246173469387755,,traditional_ppo,,,seed,45.0
964.0,0.322265625,,traditional_ppo,,,seed,45.0
980.0,0.21875,,traditional_ppo,,,seed,45.0
996.0,0.246173469387755,,traditional_ppo,,,seed,45.0
1000.0,0.296875,,traditional_ppo,,,seed,45.0
1016.0,0.2703125,,traditional_ppo,,,seed,45.0
1032.0,0.2410714285714285,,traditional_ppo,,,seed,45.0
1048.0,0.328125,,traditional_ppo,,,seed,45.0
1064.0,0.2859375,,traditional_ppo,,,seed,45.0
1080.0,0.235969387755102,,traditional_ppo,,,seed,45.0
1096.0,0.263671875,,traditional_ppo,,,seed,45.0
1112.0,0.2609375,,traditional_ppo,,,seed,45.0
1128.0,0.221938775510204,,traditional_ppo,,,seed,45.0
1144.0,0.30078125,,traditional_ppo,,,seed,45.0
1160.0,0.2734375,,traditional_ppo,,,seed,45.0
1176.0,0.2551020408163265,,traditional_ppo,,,seed,45.0
1192.0,0.29296875,,traditional_ppo,,,seed,45.0
1208.0,0.2390625,,traditional_ppo,,,seed,45.0
1224.0,0.2448979591836734,,traditional_ppo,,,seed,45.0
1240.0,0.30078125,,traditional_ppo,,,seed,45.0
1256.0,0.2828125,,traditional_ppo,,,seed,45.0
1272.0,0.2142857142857142,,traditional_ppo,,,seed,45.0
1288.0,0.28515625,,traditional_ppo,,,seed,45.0
1304.0,0.2609375,,traditional_ppo,,,seed,45.0
1320.0,0.2283163265306122,,traditional_ppo,,,seed,45.0
1336.0,0.357421875,,traditional_ppo,,,seed,45.0
1352.0,0.315625,,traditional_ppo,,,seed,45.0
1368.0,0.2283163265306122,,traditional_ppo,,,seed,45.0
1384.0,0.3046875,,traditional_ppo,,,seed,45.0
1400.0,0.265625,,traditional_ppo,,,seed,45.0
1416.0,0.2295918367346938,,traditional_ppo,,,seed,45.0
1432.0,0.328125,,traditional_ppo,,,seed,45.0
1448.0,0.2546875,,traditional_ppo,,,seed,45.0
1464.0,0.2397959183673469,,traditional_ppo,,,seed,45.0
1480.0,0.302734375,,traditional_ppo,,,seed,45.0
1496.0,0.2609375,,traditional_ppo,,,seed,45.0
1500.0,0.1887755102040816,,traditional_ppo,,,seed,45.0
1516.0,0.314453125,,traditional_ppo,,,seed,45.0
1532.0,0.2375,,traditional_ppo,,,seed,45.0
1548.0,0.2015306122448979,,traditional_ppo,,,seed,45.0
1564.0,0.27734375,,traditional_ppo,,,seed,45.0
1580.0,0.259375,,traditional_ppo,,,seed,45.0
1596.0,0.2372448979591837,,traditional_ppo,,,seed,45.0
1612.0,0.349609375,,traditional_ppo,,,seed,45.0
1628.0,0.25625,,traditional_ppo,,,seed,45.0
1644.0,0.2385204081632653,,traditional_ppo,,,seed,45.0
1660.0,0.3125,,traditional_ppo,,,seed,45.0
1676.0,0.2375,,traditional_ppo,,,seed,45.0
1692.0,0.2270408163265306,,traditional_ppo,,,seed,45.0
1708.0,0.24609375,,traditional_ppo,,,seed,45.0
1724.0,0.2359375,,traditional_ppo,,,seed,45.0
1740.0,0.264030612244898,,traditional_ppo,,,seed,45.0
1756.0,0.287109375,,traditional_ppo,,,seed,45.0
1772.0,0.240625,,traditional_ppo,,,seed,45.0
1788.0,0.235969387755102,,traditional_ppo,,,seed,45.0
1804.0,0.294921875,,traditional_ppo,,,seed,45.0
1820.0,0.234375,,traditional_ppo,,,seed,45.0
1836.0,0.246173469387755,,traditional_ppo,,,seed,45.0
1852.0,0.310546875,,traditional_ppo,,,seed,45.0
1868.0,0.246875,,traditional_ppo,,,seed,45.0
1884.0,0.2346938775510204,,traditional_ppo,,,seed,45.0
1900.0,0.291015625,,traditional_ppo,,,seed,45.0
1916.0,0.2421874999999999,,traditional_ppo,,,seed,45.0
1932.0,0.2270408163265306,,traditional_ppo,,,seed,45.0
1948.0,0.287109375,,traditional_ppo,,,seed,45.0
1964.0,0.2921875,,traditional_ppo,,,seed,45.0
1980.0,0.2448979591836734,,traditional_ppo,,,seed,45.0
1996.0,0.28515625,,traditional_ppo,,,seed,45.0
2000.0,0.2375,,traditional_ppo,,,seed,45.0
2016.0,0.2614795918367347,,traditional_ppo,,,seed,45.0
2032.0,0.28515625,,traditional_ppo,,,seed,45.0
2048.0,0.278125,,traditional_ppo,,,seed,45.0
2064.0,0.2461734693877551,,traditional_ppo,,,seed,45.0
2080.0,0.30859375,,traditional_ppo,,,seed,45.0
2096.0,0.2734375,,traditional_ppo,,,seed,45.0
2112.0,0.2461734693877551,,traditional_ppo,,,seed,45.0
2128.0,0.314453125,,traditional_ppo,,,seed,45.0
2144.0,0.2921875,,traditional_ppo,,,seed,45.0
2160.0,0.197704081632653,,traditional_ppo,,,seed,45.0
2176.0,0.33203125,,traditional_ppo,,,seed,45.0
2192.0,0.2453125,,traditional_ppo,,,seed,45.0
2208.0,0.2525510204081632,,traditional_ppo,,,seed,45.0
2224.0,0.33984375,,traditional_ppo,,,seed,45.0
2240.0,0.234375,,traditional_ppo,,,seed,45.0
2256.0,0.2410714285714285,,traditional_ppo,,,seed,45.0
2272.0,0.287109375,,traditional_ppo,,,seed,45.0
2288.0,0.2984375,,traditional_ppo,,,seed,45.0
2304.0,0.2448979591836734,,traditional_ppo,,,seed,45.0
2320.0,0.251953125,,traditional_ppo,,,seed,45.0
2336.0,0.2390624999999999,,traditional_ppo,,,seed,45.0
2352.0,0.2334183673469387,,traditional_ppo,,,seed,45.0
2368.0,0.271484375,,traditional_ppo,,,seed,45.0
2384.0,0.2390625,,traditional_ppo,,,seed,45.0
2400.0,0.2181122448979591,,traditional_ppo,,,seed,45.0
2416.0,0.310546875,,traditional_ppo,,,seed,45.0
2432.0,0.284375,,traditional_ppo,,,seed,45.0
2448.0,0.235969387755102,,traditional_ppo,,,seed,45.0
2464.0,0.291015625,,traditional_ppo,,,seed,45.0
2480.0,0.2375,,traditional_ppo,,,seed,45.0
2496.0,0.2321428571428571,,traditional_ppo,,,seed,45.0
2500.0,0.21875,,traditional_ppo,,,seed,45.0
2516.0,0.2781249999999999,,traditional_ppo,,,seed,45.0
2532.0,0.2410714285714285,,traditional_ppo,,,seed,45.0
2548.0,0.3203125,,traditional_ppo,,,seed,45.0
2564.0,0.275,,traditional_ppo,,,seed,45.0
2580.0,0.2385204081632653,,traditional_ppo,,,seed,45.0
2596.0,0.283203125,,traditional_ppo,,,seed,45.0
2612.0,0.23125,,traditional_ppo,,,seed,45.0
2628.0,0.2283163265306122,,traditional_ppo,,,seed,45.0
2644.0,0.27734375,,traditional_ppo,,,seed,45.0
2660.0,0.253125,,traditional_ppo,,,seed,45.0
2676.0,0.25,,traditional_ppo,,,seed,45.0
2692.0,0.33984375,,traditional_ppo,,,seed,45.0
2708.0,0.2640625,,traditional_ppo,,,seed,45.0
2724.0,0.2602040816326531,,traditional_ppo,,,seed,45.0
2740.0,0.291015625,,traditional_ppo,,,seed,45.0
2756.0,0.2671875,,traditional_ppo,,,seed,45.0
2772.0,0.2627551020408163,,traditional_ppo,,,seed,45.0
2788.0,0.322265625,,traditional_ppo,,,seed,45.0
2804.0,0.2734375,,traditional_ppo,,,seed,45.0
2820.0,0.2053571428571428,,traditional_ppo,,,seed,45.0
2836.0,0.2578125,,traditional_ppo,,,seed,45.0
2852.0,0.303125,,traditional_ppo,,,seed,45.0
2868.0,0.2487244897959183,,traditional_ppo,,,seed,45.0
2884.0,0.310546875,,traditional_ppo,,,seed,45.0
2900.0,0.296875,,traditional_ppo,,,seed,45.0
2916.0,0.2244897959183673,,traditional_ppo,,,seed,45.0
2932.0,0.2734375,,traditional_ppo,,,seed,45.0
2948.0,0.2546875,,traditional_ppo,,,seed,45.0
2964.0,0.2334183673469387,,traditional_ppo,,,seed,45.0
2980.0,0.32421875,,traditional_ppo,,,seed,45.0
2996.0,0.259375,,traditional_ppo,,,seed,45.0
3000.0,0.2653061224489795,,traditional_ppo,,,seed,45.0
16.0,0.2421875,,traditional_ppo,,,seed,46.0
32.0,0.18125,,traditional_ppo,,,seed,46.0
48.0,0.149234693877551,,traditional_ppo,,,seed,46.0
64.0,0.212890625,,traditional_ppo,,,seed,46.0
80.0,0.184375,,traditional_ppo,,,seed,46.0
96.0,0.1709183673469387,,traditional_ppo,,,seed,46.0
112.0,0.20703125,,traditional_ppo,,,seed,46.0
128.0,0.2375,,traditional_ppo,,,seed,46.0
144.0,0.1849489795918367,,traditional_ppo,,,seed,46.0
160.0,0.212890625,,traditional_ppo,,,seed,46.0
176.0,0.2171874999999999,,traditional_ppo,,,seed,46.0
192.0,0.2040816326530612,,traditional_ppo,,,seed,46.0
208.0,0.25390625,,traditional_ppo,,,seed,46.0
224.0,0.2171874999999999,,traditional_ppo,,,seed,46.0
240.0,0.2040816326530612,,traditional_ppo,,,seed,46.0
250.0,0.253125,,traditional_ppo,,,seed,46.0
266.0,0.2203125,,traditional_ppo,,,seed,46.0
282.0,0.2193877551020407,,traditional_ppo,,,seed,46.0
298.0,0.224609375,,traditional_ppo,,,seed,46.0
314.0,0.2625,,traditional_ppo,,,seed,46.0
330.0,0.1926020408163265,,traditional_ppo,,,seed,46.0
346.0,0.283203125,,traditional_ppo,,,seed,46.0
362.0,0.2296875,,traditional_ppo,,,seed,46.0
378.0,0.2015306122448979,,traditional_ppo,,,seed,46.0
394.0,0.294921875,,traditional_ppo,,,seed,46.0
410.0,0.24375,,traditional_ppo,,,seed,46.0
426.0,0.2308673469387755,,traditional_ppo,,,seed,46.0
442.0,0.25,,traditional_ppo,,,seed,46.0
458.0,0.2328124999999999,,traditional_ppo,,,seed,46.0
474.0,0.1836734693877551,,traditional_ppo,,,seed,46.0
490.0,0.236328125,,traditional_ppo,,,seed,46.0
500.0,0.195,,traditional_ppo,,,seed,46.0
516.0,0.2436224489795918,,traditional_ppo,,,seed,46.0
532.0,0.298828125,,traditional_ppo,,,seed,46.0
548.0,0.215625,,traditional_ppo,,,seed,46.0
564.0,0.2130102040816326,,traditional_ppo,,,seed,46.0
580.0,0.28515625,,traditional_ppo,,,seed,46.0
596.0,0.265625,,traditional_ppo,,,seed,46.0
612.0,0.2334183673469387,,traditional_ppo,,,seed,46.0
628.0,0.236328125,,traditional_ppo,,,seed,46.0
644.0,0.2546875,,traditional_ppo,,,seed,46.0
660.0,0.2168367346938775,,traditional_ppo,,,seed,46.0
676.0,0.28515625,,traditional_ppo,,,seed,46.0
692.0,0.246875,,traditional_ppo,,,seed,46.0
708.0,0.225765306122449,,traditional_ppo,,,seed,46.0
724.0,0.29296875,,traditional_ppo,,,seed,46.0
740.0,0.234375,,traditional_ppo,,,seed,46.0
756.0,0.2295918367346938,,traditional_ppo,,,seed,46.0
772.0,0.30859375,,traditional_ppo,,,seed,46.0
788.0,0.2484374999999999,,traditional_ppo,,,seed,46.0
804.0,0.2244897959183673,,traditional_ppo,,,seed,46.0
820.0,0.267578125,,traditional_ppo,,,seed,46.0
836.0,0.2359375,,traditional_ppo,,,seed,46.0
852.0,0.2308673469387755,,traditional_ppo,,,seed,46.0
868.0,0.28515625,,traditional_ppo,,,seed,46.0
884.0,0.275,,traditional_ppo,,,seed,46.0
900.0,0.2691326530612244,,traditional_ppo,,,seed,46.0
916.0,0.27734375,,traditional_ppo,,,seed,46.0
932.0,0.253125,,traditional_ppo,,,seed,46.0
948.0,0.2168367346938775,,traditional_ppo,,,seed,46.0
964.0,0.26953125,,traditional_ppo,,,seed,46.0
980.0,0.25625,,traditional_ppo,,,seed,46.0
996.0,0.2066326530612244,,traditional_ppo,,,seed,46.0
1000.0,0.3203125,,traditional_ppo,,,seed,46.0
1016.0,0.3015624999999999,,traditional_ppo,,,seed,46.0
1032.0,0.2308673469387755,,traditional_ppo,,,seed,46.0
1048.0,0.30859375,,traditional_ppo,,,seed,46.0
1064.0,0.25625,,traditional_ppo,,,seed,46.0
1080.0,0.2589285714285714,,traditional_ppo,,,seed,46.0
1096.0,0.314453125,,traditional_ppo,,,seed,46.0
1112.0,0.234375,,traditional_ppo,,,seed,46.0
1128.0,0.2270408163265306,,traditional_ppo,,,seed,46.0
1144.0,0.337890625,,traditional_ppo,,,seed,46.0
1160.0,0.2781249999999999,,traditional_ppo,,,seed,46.0
1176.0,0.225765306122449,,traditional_ppo,,,seed,46.0
1192.0,0.3046875,,traditional_ppo,,,seed,46.0
1208.0,0.2890625,,traditional_ppo,,,seed,46.0
1224.0,0.2423469387755102,,traditional_ppo,,,seed,46.0
1240.0,0.294921875,,traditional_ppo,,,seed,46.0
1256.0,0.25,,traditional_ppo,,,seed,46.0
1272.0,0.2193877551020408,,traditional_ppo,,,seed,46.0
1288.0,0.236328125,,traditional_ppo,,,seed,46.0
1304.0,0.2515624999999999,,traditional_ppo,,,seed,46.0
1320.0,0.2155612244897959,,traditional_ppo,,,seed,46.0
1336.0,0.271484375,,traditional_ppo,,,seed,46.0
1352.0,0.271875,,traditional_ppo,,,seed,46.0
1368.0,0.2436224489795918,,traditional_ppo,,,seed,46.0
1384.0,0.28515625,,traditional_ppo,,,seed,46.0
1400.0,0.2312499999999999,,traditional_ppo,,,seed,46.0
1416.0,0.221938775510204,,traditional_ppo,,,seed,46.0
1432.0,0.302734375,,traditional_ppo,,,seed,46.0
1448.0,0.303125,,traditional_ppo,,,seed,46.0
1464.0,0.2614795918367347,,traditional_ppo,,,seed,46.0
1480.0,0.34375,,traditional_ppo,,,seed,46.0
1496.0,0.2234375,,traditional_ppo,,,seed,46.0
1500.0,0.1938775510204081,,traditional_ppo,,,seed,46.0
1516.0,0.26953125,,traditional_ppo,,,seed,46.0
1532.0,0.2703125,,traditional_ppo,,,seed,46.0
1548.0,0.260204081632653,,traditional_ppo,,,seed,46.0
1564.0,0.279296875,,traditional_ppo,,,seed,46.0
1580.0,0.2875,,traditional_ppo,,,seed,46.0
1596.0,0.2614795918367347,,traditional_ppo,,,seed,46.0
1612.0,0.3046875,,traditional_ppo,,,seed,46.0
1628.0,0.2515625,,traditional_ppo,,,seed,46.0
1644.0,0.2053571428571428,,traditional_ppo,,,seed,46.0
1660.0,0.265625,,traditional_ppo,,,seed,46.0
1676.0,0.2484375,,traditional_ppo,,,seed,46.0
1692.0,0.2308673469387755,,traditional_ppo,,,seed,46.0
1708.0,0.283203125,,traditional_ppo,,,seed,46.0
1724.0,0.2703124999999999,,traditional_ppo,,,seed,46.0
1740.0,0.2525510204081633,,traditional_ppo,,,seed,46.0
1756.0,0.294921875,,traditional_ppo,,,seed,46.0
1772.0,0.2406249999999999,,traditional_ppo,,,seed,46.0
1788.0,0.2436224489795918,,traditional_ppo,,,seed,46.0
1804.0,0.314453125,,traditional_ppo,,,seed,46.0
1820.0,0.20625,,traditional_ppo,,,seed,46.0
1836.0,0.2181122448979592,,traditional_ppo,,,seed,46.0
1852.0,0.265625,,traditional_ppo,,,seed,46.0
1868.0,0.2890625,,traditional_ppo,,,seed,46.0
1884.0,0.2040816326530612,,traditional_ppo,,,seed,46.0
1900.0,0.30859375,,traditional_ppo,,,seed,46.0
1916.0,0.3078125,,traditional_ppo,,,seed,46.0
1932.0,0.2002551020408163,,traditional_ppo,,,seed,46.0
1948.0,0.2890625,,traditional_ppo,,,seed,46.0
1964.0,0.25625,,traditional_ppo,,,seed,46.0
1980.0,0.1887755102040816,,traditional_ppo,,,seed,46.0
1996.0,0.287109375,,traditional_ppo,,,seed,46.0
2000.0,0.3125,,traditional_ppo,,,seed,46.0
2016.0,0.2066326530612244,,traditional_ppo,,,seed,46.0
2032.0,0.31640625,,traditional_ppo,,,seed,46.0
2048.0,0.2453125,,traditional_ppo,,,seed,46.0
2064.0,0.2525510204081632,,traditional_ppo,,,seed,46.0
2080.0,0.341796875,,traditional_ppo,,,seed,46.0
2096.0,0.2749999999999999,,traditional_ppo,,,seed,46.0
2112.0,0.2665816326530612,,traditional_ppo,,,seed,46.0
2128.0,0.2578125,,traditional_ppo,,,seed,46.0
2144.0,0.246875,,traditional_ppo,,,seed,46.0
2160.0,0.2308673469387754,,traditional_ppo,,,seed,46.0
2176.0,0.2578125,,traditional_ppo,,,seed,46.0
2192.0,0.2640625,,traditional_ppo,,,seed,46.0
2208.0,0.2066326530612245,,traditional_ppo,,,seed,46.0
2224.0,0.302734375,,traditional_ppo,,,seed,46.0
2240.0,0.3,,traditional_ppo,,,seed,46.0
2256.0,0.2665816326530612,,traditional_ppo,,,seed,46.0
2272.0,0.28125,,traditional_ppo,,,seed,46.0
2288.0,0.2453125,,traditional_ppo,,,seed,46.0
2304.0,0.2295918367346938,,traditional_ppo,,,seed,46.0
2320.0,0.318359375,,traditional_ppo,,,seed,46.0
2336.0,0.2624999999999999,,traditional_ppo,,,seed,46.0
2352.0,0.2181122448979591,,traditional_ppo,,,seed,46.0
2368.0,0.275390625,,traditional_ppo,,,seed,46.0
2384.0,0.2671875,,traditional_ppo,,,seed,46.0
2400.0,0.2321428571428571,,traditional_ppo,,,seed,46.0
2416.0,0.28515625,,traditional_ppo,,,seed,46.0
2432.0,0.2765625,,traditional_ppo,,,seed,46.0
2448.0,0.2244897959183673,,traditional_ppo,,,seed,46.0
2464.0,0.318359375,,traditional_ppo,,,seed,46.0
2480.0,0.2328124999999999,,traditional_ppo,,,seed,46.0
2496.0,0.2410714285714285,,traditional_ppo,,,seed,46.0
2500.0,0.2890625,,traditional_ppo,,,seed,46.0
2516.0,0.2625,,traditional_ppo,,,seed,46.0
2532.0,0.2066326530612244,,traditional_ppo,,,seed,46.0
2548.0,0.255859375,,traditional_ppo,,,seed,46.0
2564.0,0.3,,traditional_ppo,,,seed,46.0
2580.0,0.2551020408163265,,traditional_ppo,,,seed,46.0
2596.0,0.27734375,,traditional_ppo,,,seed,46.0
2612.0,0.3078125,,traditional_ppo,,,seed,46.0
2628.0,0.2525510204081632,,traditional_ppo,,,seed,46.0
2644.0,0.28515625,,traditional_ppo,,,seed,46.0
2660.0,0.2796875,,traditional_ppo,,,seed,46.0
2676.0,0.246173469387755,,traditional_ppo,,,seed,46.0
2692.0,0.3125,,traditional_ppo,,,seed,46.0
2708.0,0.24375,,traditional_ppo,,,seed,46.0
2724.0,0.2538265306122449,,traditional_ppo,,,seed,46.0
2740.0,0.330078125,,traditional_ppo,,,seed,46.0
2756.0,0.2390625,,traditional_ppo,,,seed,46.0
2772.0,0.2308673469387755,,traditional_ppo,,,seed,46.0
2788.0,0.3046875,,traditional_ppo,,,seed,46.0
2804.0,0.278125,,traditional_ppo,,,seed,46.0
2820.0,0.2334183673469387,,traditional_ppo,,,seed,46.0
2836.0,0.298828125,,traditional_ppo,,,seed,46.0
2852.0,0.2671875,,traditional_ppo,,,seed,46.0
2868.0,0.2525510204081632,,traditional_ppo,,,seed,46.0
2884.0,0.228515625,,traditional_ppo,,,seed,46.0
2900.0,0.2781249999999999,,traditional_ppo,,,seed,46.0
2916.0,0.2321428571428571,,traditional_ppo,,,seed,46.0
2932.0,0.248046875,,traditional_ppo,,,seed,46.0
2948.0,0.2421875,,traditional_ppo,,,seed,46.0
2964.0,0.2385204081632653,,traditional_ppo,,,seed,46.0
2980.0,0.27734375,,traditional_ppo,,,seed,46.0
2996.0,0.265625,,traditional_ppo,,,seed,46.0
3000.0,0.2857142857142857,,traditional_ppo,,,seed,46.0
0.0,,0.21875,traditional_ppo,0.201171875,0.2421875,summary,
20.0,,0.20703125,traditional_ppo,0.19619140625,0.226953125,summary,
40.0,,0.175015943877551,traditional_ppo,0.1741709183673469,0.1782684948979592,summary,
60.0,,0.2032944036989796,traditional_ppo,0.1969766422193877,0.2043706154336734,summary,
80.0,,0.1875,traditional_ppo,0.1875,0.2171875,summary,
100.0,,0.1811324139030612,traditional_ppo,0.179946588010204,0.2031050701530612,summary,
120.0,,0.2205078125,traditional_ppo,0.215234375,0.222265625,summary,
140.0,,0.2001355229591837,traditional_ppo,0.1980867346938775,0.2114556760204081,summary,
160.0,,0.234375,traditional_ppo,0.212890625,0.267578125,summary,
180.0,,0.1965401785714285,traditional_ppo,0.1946348852040816,0.2139110331632653,summary,
200.0,,0.2137077487244898,traditional_ppo,0.2126116071428571,0.2221380739795918,summary,
220.0,,0.2263671874999999,traditional_ppo,0.22138671875,0.2271484375,summary,
240.0,,0.2040816326530612,traditional_ppo,0.2015306122448979,0.2079081632653061,summary,
260.0,,0.2326171875,traditional_ppo,0.2287109375,0.23671875,summary,
280.0,,0.2172991071428571,traditional_ppo,0.2119698660714285,0.2179129464285714,summary,
300.0,,0.28408203125,traditional_ppo,0.262060546875,0.287109375,summary,
320.0,,0.2222177933673469,traditional_ppo,0.2180923150510204,0.2362882653061224,summary,
340.0,,0.2492277184311224,traditional_ppo,0.2435526945153061,0.2673738440688775,summary,
360.0,,0.2537109375,traditional_ppo,0.251123046875,0.2565429687499999,summary,
380.0,,0.2214006696428571,traditional_ppo,0.2133440290178571,0.2325613839285714,summary,
400.0,,0.275,traditional_ppo,0.2677734375,0.275732421875,summary,
420.0,,0.2322504783163265,traditional_ppo,0.2291095344387755,0.2356983418367347,summary,
440.0,,0.2712850765306122,traditional_ppo,0.2598453443877551,0.2736766581632653,summary,
460.0,,0.2505939094387755,traditional_ppo,0.2468351403061224,0.2535116390306123,summary,
480.0,,0.2405183753188775,traditional_ppo,0.2358199139030612,0.2512655452806122,summary,
500.0,,0.2375,traditional_ppo,0.2325,0.245,summary,
520.0,,0.2298907844387755,traditional_ppo,0.2272799744897959,0.2512356505102041,summary,
540.0,,0.2583984375,traditional_ppo,0.2572265625,0.26328125,summary,
560.0,,0.2200494260204081,traditional_ppo,0.2188616071428571,0.2288584183673469,summary,
580.0,,0.28515625,traditional_ppo,0.263671875,0.28515625,summary,
600.0,,0.2471540178571428,traditional_ppo,0.2412707270408163,0.2575733418367347,summary,
620.0,,0.2486049107142857,traditional_ppo,0.2402742346938775,0.2554807079081632,summary,
640.0,,0.2662109375,traditional_ppo,0.25498046875,0.2722656249999999,summary,
660.0,,0.2168367346938775,traditional_ppo,0.2142857142857142,0.2308673469387755,summary,
680.0,,0.2798828125,traditional_ppo,0.2755859375,0.304296875,summary,
700.0,,0.2363201530612245,traditional_ppo,0.2232621173469387,0.250015943877551,summary,
720.0,,0.2617885044642857,traditional_ppo,0.2611407844387755,0.2639309630102041,summary,
740.0,,0.25625,traditional_ppo,0.25,0.2765625,summary,
760.0,,0.2493423150510204,traditional_ppo,0.2378627232142857,0.2497907366071428,summary,
780.0,,0.286328125,traditional_ppo,0.2833984375,0.2865234375,summary,
800.0,,0.2304767219387755,traditional_ppo,0.2215561224489796,0.2362962372448979,summary,
820.0,,0.28515625,traditional_ppo,0.275390625,0.310546875,summary,
840.0,,0.2549107142857142,traditional_ppo,0.2524473852040816,0.266812818877551,summary,
860.0,,0.2606026785714286,traditional_ppo,0.2580117984693877,0.2652463329081632,summary,
880.0,,0.27529296875,traditional_ppo,0.26923828125,0.2775390625,summary,
900.0,,0.2385204081632653,traditional_ppo,0.2142857142857142,0.2487244897959183,summary,
920.0,,0.2853515625,traditional_ppo,0.2712890625,0.29140625,summary,
940.0,,0.2466836734693877,traditional_ppo,0.2349808673469387,0.2652742346938775,summary,
960.0,,0.2813994738520408,traditional_ppo,0.2642498405612244,0.2833027742346938,summary,
980.0,,0.2546875,traditional_ppo,0.2375,0.25625,summary,
1000.0,,0.3203125,traditional_ppo,0.296875,0.3359375,summary,
1020.0,,0.2630022321428571,traditional_ppo,0.2383928571428571,0.2636559311224489,summary,
1040.0,,0.2505381058673469,traditional_ppo,0.2474290497448979,0.2697305484693877,summary,
1060.0,,0.26904296875,traditional_ppo,0.23642578125,0.2693359374999999,summary,
1080.0,,0.2346938775510204,traditional_ppo,0.2283163265306122,0.235969387755102,summary,
1100.0,,0.28369140625,traditional_ppo,0.26298828125,0.29443359375,summary,
1120.0,,0.241438137755102,traditional_ppo,0.240656887755102,0.2469547193877551,summary,
1140.0,,0.2817781409438775,traditional_ppo,0.281070631377551,0.286930006377551,summary,
1160.0,,0.2734375,traditional_ppo,0.2625,0.2781249999999999,summary,
1180.0,,0.2471101721938775,traditional_ppo,0.2454958545918367,0.2614696269132653,summary,
1200.0,,0.2935546875,traditional_ppo,0.266015625,0.296875,summary,
1220.0,,0.2434390943877551,traditional_ppo,0.2394212372448979,0.2540258290816326,summary,
1240.0,,0.294921875,traditional_ppo,0.279296875,0.30078125,summary,
1260.0,,0.2425542091836734,traditional_ppo,0.2423469387755102,0.2655691964285714,summary,
1280.0,,0.2497209821428571,traditional_ppo,0.232601243622449,0.2561383928571428,summary,
1300.0,,0.2669921875,traditional_ppo,0.25595703125,0.27451171875,summary,
1320.0,,0.2283163265306122,traditional_ppo,0.2155612244897959,0.2321428571428571,summary,
1340.0,,0.27158203125,traditional_ppo,0.27041015625,0.31962890625,summary,
1360.0,,0.2577487244897959,traditional_ppo,0.2404974489795918,0.257780612244898,summary,
1380.0,,0.274772799744898,traditional_ppo,0.2643893494897959,0.2855947066326531,summary,
1400.0,,0.2546874999999999,traditional_ppo,0.2515625,0.265625,summary,
1420.0,,0.2496512276785714,traditional_ppo,0.2495017538265306,0.2542251275510204,summary,
1440.0,,0.300390625,traditional_ppo,0.29140625,0.3029296875,summary,
1460.0,,0.2537308673469388,traditional_ppo,0.2435188137755102,0.25625,summary,
1480.0,,0.3046875,traditional_ppo,0.302734375,0.30859375,summary,
1500.0,,0.1938775510204081,traditional_ppo,0.1887755102040816,0.2142857142857143,summary,
1520.0,,0.27353515625,traditional_ppo,0.2697265625,0.2943359375,summary,
1540.0,,0.2286511479591836,traditional_ppo,0.2195153061224489,0.2652582908163265,summary,
1560.0,,0.2655951052295918,traditional_ppo,0.2583904655612244,0.267398756377551,summary,
1580.0,,0.259375,traditional_ppo,0.2546875,0.2765625,summary,
1600.0,,0.272281568877551,traditional_ppo,0.2653360172193877,0.2822963169642857,summary,
1620.0,,0.2912109375,traditional_ppo,0.278125,0.2994140625,summary,
1640.0,,0.2314333545918367,traditional_ppo,0.2169084821428571,0.2429528061224489,summary,
1660.0,,0.291015625,traditional_ppo,0.265625,0.296875,summary,
1680.0,,0.2446747448979592,traditional_ppo,0.2440449617346939,0.2455277423469387,summary,
1700.0,,0.2570352359693877,traditional_ppo,0.2529695471938775,0.2637117346938775,summary,
1720.0,,0.2735351562499999,traditional_ppo,0.25283203125,0.277734375,summary,
1740.0,,0.2525510204081633,traditional_ppo,0.2308673469387755,0.2576530612244898,summary,
1760.0,,0.28134765625,traditional_ppo,0.28095703125,0.29345703125,summary,
1780.0,,0.238297193877551,traditional_ppo,0.2336894132653061,0.2421237244897959,summary,
1800.0,,0.2850864955357143,traditional_ppo,0.2801837531887755,0.296745455994898,summary,
1820.0,,0.259375,traditional_ppo,0.234375,0.2640625,summary,
1840.0,,0.231086575255102,traditional_ppo,0.2299904336734693,0.2574836575255101,summary,
1860.0,,0.27734375,traditional_ppo,0.276171875,0.2787109375,summary,
1880.0,,0.2320232780612245,traditional_ppo,0.2253268494897959,0.2377391581632653,summary,
1900.0,,0.291015625,traditional_ppo,0.275390625,0.296875,summary,
1920.0,,0.2470344387755101,traditional_ppo,0.244579081632653,0.2530851403061224,summary,
1940.0,,0.2538066007653061,traditional_ppo,0.2473891900510204,0.2570750956632653,summary,
1960.0,,0.2644531249999999,traditional_ppo,0.25048828125,0.27509765625,summary,
1980.0,,0.2270408163265306,traditional_ppo,0.1887755102040816,0.2334183673469387,summary,
2000.0,,0.2375,traditional_ppo,0.2375,0.28125,summary,
2020.0,,0.2563875159438775,traditional_ppo,0.2344646843112245,0.2641800860969387,summary,
2040.0,,0.280859375,traditional_ppo,0.2791015625,0.281640625,summary,
2060.0,,0.2534119897959183,traditional_ppo,0.2507413903061224,0.253890306122449,summary,
2080.0,,0.30859375,traditional_ppo,0.29296875,0.322265625,summary,
2100.0,,0.2666214923469387,traditional_ppo,0.2613998724489796,0.2728954081632653,summary,
2120.0,,0.2688934948979591,traditional_ppo,0.2621970663265306,0.2721420599489795,summary,
2140.0,,0.2795898437499999,traditional_ppo,0.25078125,0.2820312499999999,summary,
2160.0,,0.2308673469387754,traditional_ppo,0.2015306122448979,0.2346938775510204,summary,
2180.0,,0.26728515625,traditional_ppo,0.2662109375,0.3103515625,summary,
2200.0,,0.2434151785714285,traditional_ppo,0.2353475765306122,0.2489317602040816,summary,
2220.0,,0.2901187818877551,traditional_ppo,0.2787089445153061,0.2938755580357143,summary,
2240.0,,0.2625,traditional_ppo,0.24375,0.275,summary,
2260.0,,0.2525809151785714,traditional_ppo,0.241161112882653,0.2586894132653061,summary,
2280.0,,0.2830078125,traditional_ppo,0.2828125,0.2904296875,summary,
2300.0,,0.2335220025510204,traditional_ppo,0.224641262755102,0.2500637755102041,summary,
2320.0,,0.310546875,traditional_ppo,0.287109375,0.318359375,summary,
2340.0,,0.2514030612244897,traditional_ppo,0.2376514668367347,0.2569276147959184,summary,
2360.0,,0.2679567920918367,traditional_ppo,0.2524513711734694,0.2817283163265306,summary,
2380.0,,0.26923828125,traditional_ppo,0.265625,0.28486328125,summary,
2400.0,,0.2512755102040816,traditional_ppo,0.2321428571428571,0.2576530612244898,summary,
2420.0,,0.285546875,traditional_ppo,0.2830078125,0.3029296875,summary,
2440.0,,0.2494897959183673,traditional_ppo,0.2339285714285714,0.2505261479591837,summary,
2460.0,,0.2772540656887755,traditional_ppo,0.2754603794642857,0.2865613042091837,summary,
2480.0,,0.2375,traditional_ppo,0.2328124999999999,0.253125,summary,
2500.0,,0.2890625,traditional_ppo,0.2734375,0.3046875,summary,
2520.0,,0.2485331632653061,traditional_ppo,0.2436224489795918,0.2647002551020408,summary,
2540.0,,0.2802136479591837,traditional_ppo,0.2581114477040816,0.2806919642857143,summary,
2560.0,,0.286328125,traditional_ppo,0.28037109375,0.28896484375,summary,
2580.0,,0.2474489795918367,traditional_ppo,0.2385204081632653,0.2551020408163265,summary,
2600.0,,0.2802734375,traditional_ppo,0.27841796875,0.2828125,summary,
2620.0,,0.2571747448979592,traditional_ppo,0.2297831632653061,0.2668367346938776,summary,
2640.0,,0.2798050860969387,traditional_ppo,0.2770049426020408,0.2804926658163265,summary,
2660.0,,0.2703125,traditional_ppo,0.2546875,0.2796875,summary,
2680.0,,0.2445392219387755,traditional_ppo,0.240981744260204,0.2627551020408163,summary,
2700.0,,0.278125,traditional_ppo,0.2771484375,0.29609375,summary,
2720.0,,0.2611686862244898,traditional_ppo,0.2513871173469388,0.2631377551020408,summary,
2740.0,,0.296875,traditional_ppo,0.291015625,0.302734375,summary,
2760.0,,0.266079400510204,traditional_ppo,0.261296237244898,0.2756935586734694,summary,
2780.0,,0.2677774234693877,traditional_ppo,0.2636918048469387,0.2712252869897959,summary,
2800.0,,0.28564453125,traditional_ppo,0.284765625,0.29501953125,summary,
2820.0,,0.2334183673469387,traditional_ppo,0.2130102040816326,0.2576530612244898,summary,
2840.0,,0.29208984375,traditional_ppo,0.29091796875,0.2931640625,summary,
2860.0,,0.2598692602040816,traditional_ppo,0.2530452806122448,0.2759247448979592,summary,
2880.0,,0.2950912786989796,traditional_ppo,0.2477678571428571,0.2957987882653061,summary,
2900.0,,0.278125,traditional_ppo,0.2781249999999999,0.296875,summary,
2920.0,,0.2367267219387755,traditional_ppo,0.2361188616071428,0.2395368303571428,summary,
2940.0,,0.2640625,traditional_ppo,0.262890625,0.282421875,summary,
2960.0,,0.2362563775510204,traditional_ppo,0.2286033163265306,0.238735650510204,summary,
2980.0,,0.27734375,traditional_ppo,0.26953125,0.302734375,summary,
3000.0,,0.2653061224489795,traditional_ppo,0.2295918367346938,0.2755102040816326,summary,
16.0,0.193359375,,no_priority_bias,,,seed,42.0
32.0,0.196875,,no_priority_bias,,,seed,42.0
48.0,0.2308673469387755,,no_priority_bias,,,seed,42.0
64.0,0.255859375,,no_priority_bias,,,seed,42.0
80.0,0.3312499999999999,,no_priority_bias,,,seed,42.0
96.0,0.2538265306122449,,no_priority_bias,,,seed,42.0
112.0,0.38671875,,no_priority_bias,,,seed,42.0
128.0,0.35,,no_priority_bias,,,seed,42.0
144.0,0.3341836734693877,,no_priority_bias,,,seed,42.0
160.0,0.37109375,,no_priority_bias,,,seed,42.0
176.0,0.3703125,,no_priority_bias,,,seed,42.0
192.0,0.3622448979591837,,no_priority_bias,,,seed,42.0
208.0,0.44921875,,no_priority_bias,,,seed,42.0
224.0,0.3609375,,no_priority_bias,,,seed,42.0
240.0,0.3724489795918367,,no_priority_bias,,,seed,42.0
250.0,0.45625,,no_priority_bias,,,seed,42.0
266.0,0.4375,,no_priority_bias,,,seed,42.0
282.0,0.3864795918367347,,no_priority_bias,,,seed,42.0
298.0,0.48828125,,no_priority_bias,,,seed,42.0
314.0,0.409375,,no_priority_bias,,,seed,42.0
330.0,0.3966836734693877,,no_priority_bias,,,seed,42.0
346.0,0.525390625,,no_priority_bias,,,seed,42.0
362.0,0.5109375,,no_priority_bias,,,seed,42.0
378.0,0.4630102040816326,,no_priority_bias,,,seed,42.0
394.0,0.53515625,,no_priority_bias,,,seed,42.0
410.0,0.48125,,no_priority_bias,,,seed,42.0
426.0,0.3864795918367347,,no_priority_bias,,,seed,42.0
442.0,0.37109375,,no_priority_bias,,,seed,42.0
458.0,0.3999999999999999,,no_priority_bias,,,seed,42.0
474.0,0.3520408163265306,,no_priority_bias,,,seed,42.0
490.0,0.47265625,,no_priority_bias,,,seed,42.0
500.0,0.45,,no_priority_bias,,,seed,42.0
516.0,0.4515306122448979,,no_priority_bias,,,seed,42.0
532.0,0.423828125,,no_priority_bias,,,seed,42.0
548.0,0.4765625,,no_priority_bias,,,seed,42.0
564.0,0.471938775510204,,no_priority_bias,,,seed,42.0
580.0,0.44921875,,no_priority_bias,,,seed,42.0
596.0,0.4718749999999999,,no_priority_bias,,,seed,42.0
612.0,0.4132653061224489,,no_priority_bias,,,seed,42.0
628.0,0.443359375,,no_priority_bias,,,seed,42.0
644.0,0.4640625,,no_priority_bias,,,seed,42.0
660.0,0.4400510204081632,,no_priority_bias,,,seed,42.0
676.0,0.533203125,,no_priority_bias,,,seed,42.0
692.0,0.446875,,no_priority_bias,,,seed,42.0
708.0,0.4770408163265306,,no_priority_bias,,,seed,42.0
724.0,0.4765625,,no_priority_bias,,,seed,42.0
740.0,0.434375,,no_priority_bias,,,seed,42.0
756.0,0.4630102040816326,,no_priority_bias,,,seed,42.0
772.0,0.51953125,,no_priority_bias,,,seed,42.0
788.0,0.4234375,,no_priority_bias,,,seed,42.0
804.0,0.4451530612244898,,no_priority_bias,,,seed,42.0
820.0,0.501953125,,no_priority_bias,,,seed,42.0
836.0,0.5015625,,no_priority_bias,,,seed,42.0
852.0,0.4948979591836734,,no_priority_bias,,,seed,42.0
868.0,0.533203125,,no_priority_bias,,,seed,42.0
884.0,0.4921875,,no_priority_bias,,,seed,42.0
900.0,0.4272959183673469,,no_priority_bias,,,seed,42.0
916.0,0.505859375,,no_priority_bias,,,seed,42.0
932.0,0.4546875,,no_priority_bias,,,seed,42.0
948.0,0.5153061224489797,,no_priority_bias,,,seed,42.0
964.0,0.451171875,,no_priority_bias,,,seed,42.0
980.0,0.4359375,,no_priority_bias,,,seed,42.0
996.0,0.4362244897959183,,no_priority_bias,,,seed,42.0
1000.0,0.5625,,no_priority_bias,,,seed,42.0
1016.0,0.3921875,,no_priority_bias,,,seed,42.0
1032.0,0.4566326530612244,,no_priority_bias,,,seed,42.0
1048.0,0.466796875,,no_priority_bias,,,seed,42.0
1064.0,0.46875,,no_priority_bias,,,seed,42.0
1080.0,0.4285714285714286,,no_priority_bias,,,seed,42.0
1096.0,0.41015625,,no_priority_bias,,,seed,42.0
1112.0,0.415625,,no_priority_bias,,,seed,42.0
1128.0,0.4426020408163266,,no_priority_bias,,,seed,42.0
1144.0,0.48046875,,no_priority_bias,,,seed,42.0
1160.0,0.51875,,no_priority_bias,,,seed,42.0
1176.0,0.4834183673469387,,no_priority_bias,,,seed,42.0
1192.0,0.42578125,,no_priority_bias,,,seed,42.0
1208.0,0.4453125,,no_priority_bias,,,seed,42.0
1224.0,0.4107142857142857,,no_priority_bias,,,seed,42.0
1240.0,0.46484375,,no_priority_bias,,,seed,42.0
1256.0,0.534375,,no_priority_bias,,,seed,42.0
1272.0,0.4540816326530612,,no_priority_bias,,,seed,42.0
1288.0,0.431640625,,no_priority_bias,,,seed,42.0
1304.0,0.45625,,no_priority_bias,,,seed,42.0
1320.0,0.4145408163265306,,no_priority_bias,,,seed,42.0
1336.0,0.4609375,,no_priority_bias,,,seed,42.0
1352.0,0.4609375,,no_priority_bias,,,seed,42.0
1368.0,0.4630102040816327,,no_priority_bias,,,seed,42.0
1384.0,0.5,,no_priority_bias,,,seed,42.0
1400.0,0.4625,,no_priority_bias,,,seed,42.0
1416.0,0.4170918367346938,,no_priority_bias,,,seed,42.0
1432.0,0.41796875,,no_priority_bias,,,seed,42.0
1448.0,0.4453125,,no_priority_bias,,,seed,42.0
1464.0,0.4770408163265306,,no_priority_bias,,,seed,42.0
1480.0,0.4921875,,no_priority_bias,,,seed,42.0
1496.0,0.48125,,no_priority_bias,,,seed,42.0
1500.0,0.5102040816326531,,no_priority_bias,,,seed,42.0
1516.0,0.521484375,,no_priority_bias,,,seed,42.0
1532.0,0.409375,,no_priority_bias,,,seed,42.0
1548.0,0.4247448979591836,,no_priority_bias,,,seed,42.0
1564.0,0.4453125,,no_priority_bias,,,seed,42.0
1580.0,0.5078125,,no_priority_bias,,,seed,42.0
1596.0,0.4872448979591837,,no_priority_bias,,,seed,42.0
1612.0,0.515625,,no_priority_bias,,,seed,42.0
1628.0,0.4796875,,no_priority_bias,,,seed,42.0
1644.0,0.3826530612244898,,no_priority_bias,,,seed,42.0
1660.0,0.54296875,,no_priority_bias,,,seed,42.0
1676.0,0.4625,,no_priority_bias,,,seed,42.0
1692.0,0.5,,no_priority_bias,,,seed,42.0
1708.0,0.451171875,,no_priority_bias,,,seed,42.0
1724.0,0.5046875,,no_priority_bias,,,seed,42.0
1740.0,0.4502551020408163,,no_priority_bias,,,seed,42.0
1756.0,0.39453125,,no_priority_bias,,,seed,42.0
1772.0,0.471875,,no_priority_bias,,,seed,42.0
1788.0,0.4323979591836734,,no_priority_bias,,,seed,42.0
1804.0,0.48828125,,no_priority_bias,,,seed,42.0
1820.0,0.4890625,,no_priority_bias,,,seed,42.0
1836.0,0.4668367346938775,,no_priority_bias,,,seed,42.0
1852.0,0.5078125,,no_priority_bias,,,seed,42.0
1868.0,0.528125,,no_priority_bias,,,seed,42.0
1884.0,0.4451530612244898,,no_priority_bias,,,seed,42.0
1900.0,0.43359375,,no_priority_bias,,,seed,42.0
1916.0,0.446875,,no_priority_bias,,,seed,42.0
1932.0,0.4719387755102041,,no_priority_bias,,,seed,42.0
1948.0,0.466796875,,no_priority_bias,,,seed,42.0
1964.0,0.4656249999999999,,no_priority_bias,,,seed,42.0
1980.0,0.461734693877551,,no_priority_bias,,,seed,42.0
1996.0,0.470703125,,no_priority_bias,,,seed,42.0
2000.0,0.475,,no_priority_bias,,,seed,42.0
2016.0,0.4515306122448979,,no_priority_bias,,,seed,42.0
2032.0,0.478515625,,no_priority_bias,,,seed,42.0
2048.0,0.4265625,,no_priority_bias,,,seed,42.0
2064.0,0.4540816326530612,,no_priority_bias,,,seed,42.0
2080.0,0.451171875,,no_priority_bias,,,seed,42.0
2096.0,0.475,,no_priority_bias,,,seed,42.0
2112.0,0.4311224489795918,,no_priority_bias,,,seed,42.0
2128.0,0.46875,,no_priority_bias,,,seed,42.0
2144.0,0.3984375,,no_priority_bias,,,seed,42.0
2160.0,0.4515306122448979,,no_priority_bias,,,seed,42.0
2176.0,0.470703125,,no_priority_bias,,,seed,42.0
2192.0,0.446875,,no_priority_bias,,,seed,42.0
2208.0,0.4821428571428571,,no_priority_bias,,,seed,42.0
2224.0,0.466796875,,no_priority_bias,,,seed,42.0
2240.0,0.571875,,no_priority_bias,,,seed,42.0
2256.0,0.4642857142857143,,no_priority_bias,,,seed,42.0
2272.0,0.4765625,,no_priority_bias,,,seed,42.0
2288.0,0.4812499999999999,,no_priority_bias,,,seed,42.0
2304.0,0.4400510204081632,,no_priority_bias,,,seed,42.0
2320.0,0.46875,,no_priority_bias,,,seed,42.0
2336.0,0.4515624999999999,,no_priority_bias,,,seed,42.0
2352.0,0.4272959183673469,,no_priority_bias,,,seed,42.0
2368.0,0.54296875,,no_priority_bias,,,seed,42.0
2384.0,0.4609375,,no_priority_bias,,,seed,42.0
2400.0,0.4362244897959184,,no_priority_bias,,,seed,42.0
2416.0,0.4453125,,no_priority_bias,,,seed,42.0
2432.0,0.4671875,,no_priority_bias,,,seed,42.0
2448.0,0.423469387755102,,no_priority_bias,,,seed,42.0
2464.0,0.5,,no_priority_bias,,,seed,42.0
2480.0,0.50625,,no_priority_bias,,,seed,42.0
2496.0,0.4349489795918367,,no_priority_bias,,,seed,42.0
2500.0,0.546875,,no_priority_bias,,,seed,42.0
2516.0,0.4781249999999999,,no_priority_bias,,,seed,42.0
2532.0,0.4426020408163265,,no_priority_bias,,,seed,42.0
2548.0,0.494140625,,no_priority_bias,,,seed,42.0
2564.0,0.4109375,,no_priority_bias,,,seed,42.0
2580.0,0.4693877551020408,,no_priority_bias,,,seed,42.0
2596.0,0.47265625,,no_priority_bias,,,seed,42.0
2612.0,0.475,,no_priority_bias,,,seed,42.0
2628.0,0.4566326530612244,,no_priority_bias,,,seed,42.0
2644.0,0.453125,,no_priority_bias,,,seed,42.0
2660.0,0.4203125,,no_priority_bias,,,seed,42.0
2676.0,0.4540816326530612,,no_priority_bias,,,seed,42.0
2692.0,0.462890625,,no_priority_bias,,,seed,42.0
2708.0,0.4734374999999999,,no_priority_bias,,,seed,42.0
2724.0,0.4591836734693877,,no_priority_bias,,,seed,42.0
2740.0,0.4453125,,no_priority_bias,,,seed,42.0
2756.0,0.4796875,,no_priority_bias,,,seed,42.0
2772.0,0.4209183673469387,,no_priority_bias,,,seed,42.0
2788.0,0.494140625,,no_priority_bias,,,seed,42.0
2804.0,0.4796875,,no_priority_bias,,,seed,42.0
2820.0,0.4094387755102041,,no_priority_bias,,,seed,42.0
2836.0,0.50390625,,no_priority_bias,,,seed,42.0
2852.0,0.4937499999999999,,no_priority_bias,,,seed,42.0
2868.0,0.5063775510204083,,no_priority_bias,,,seed,42.0
2884.0,0.462890625,,no_priority_bias,,,seed,42.0
2900.0,0.5,,no_priority_bias,,,seed,42.0
2916.0,0.3966836734693877,,no_priority_bias,,,seed,42.0
2932.0,0.51953125,,no_priority_bias,,,seed,42.0
2948.0,0.4515625,,no_priority_bias,,,seed,42.0
2964.0,0.423469387755102,,no_priority_bias,,,seed,42.0
2980.0,0.494140625,,no_priority_bias,,,seed,42.0
2996.0,0.4546875,,no_priority_bias,,,seed,42.0
3000.0,0.5102040816326531,,no_priority_bias,,,seed,42.0
16.0,0.224609375,,no_priority_bias,,,seed,43.0
32.0,0.1953125,,no_priority_bias,,,seed,43.0
48.0,0.2053571428571428,,no_priority_bias,,,seed,43.0
64.0,0.291015625,,no_priority_bias,,,seed,43.0
80.0,0.359375,,no_priority_bias,,,seed,43.0
96.0,0.2729591836734694,,no_priority_bias,,,seed,43.0
112.0,0.326171875,,no_priority_bias,,,seed,43.0
128.0,0.359375,,no_priority_bias,,,seed,43.0
144.0,0.3494897959183674,,no_priority_bias,,,seed,43.0
160.0,0.40625,,no_priority_bias,,,seed,43.0
176.0,0.3421875,,no_priority_bias,,,seed,43.0
192.0,0.4119897959183673,,no_priority_bias,,,seed,43.0
208.0,0.431640625,,no_priority_bias,,,seed,43.0
224.0,0.421875,,no_priority_bias,,,seed,43.0
240.0,0.3839285714285714,,no_priority_bias,,,seed,43.0
250.0,0.5875,,no_priority_bias,,,seed,43.0
266.0,0.259375,,no_priority_bias,,,seed,43.0
282.0,0.3252551020408163,,no_priority_bias,,,seed,43.0
298.0,0.40234375,,no_priority_bias,,,seed,43.0
314.0,0.4328125,,no_priority_bias,,,seed,43.0
330.0,0.3864795918367346,,no_priority_bias,,,seed,43.0
346.0,0.4453125,,no_priority_bias,,,seed,43.0
362.0,0.4515625,,no_priority_bias,,,seed,43.0
378.0,0.4630102040816326,,no_priority_bias,,,seed,43.0
394.0,0.4140625,,no_priority_bias,,,seed,43.0
410.0,0.4421874999999999,,no_priority_bias,,,seed,43.0
426.0,0.3852040816326531,,no_priority_bias,,,seed,43.0
442.0,0.462890625,,no_priority_bias,,,seed,43.0
458.0,0.36875,,no_priority_bias,,,seed,43.0
474.0,0.3928571428571429,,no_priority_bias,,,seed,43.0
490.0,0.48046875,,no_priority_bias,,,seed,43.0
500.0,0.465,,no_priority_bias,,,seed,43.0
516.0,0.4591836734693877,,no_priority_bias,,,seed,43.0
532.0,0.44140625,,no_priority_bias,,,seed,43.0
548.0,0.475,,no_priority_bias,,,seed,43.0
564.0,0.4196428571428571,,no_priority_bias,,,seed,43.0
580.0,0.474609375,,no_priority_bias,,,seed,43.0
596.0,0.4703125,,no_priority_bias,,,seed,43.0
612.0,0.4017857142857143,,no_priority_bias,,,seed,43.0
628.0,0.5078125,,no_priority_bias,,,seed,43.0
644.0,0.4359375,,no_priority_bias,,,seed,43.0
660.0,0.3801020408163265,,no_priority_bias,,,seed,43.0
676.0,0.4375,,no_priority_bias,,,seed,43.0
692.0,0.4859374999999999,,no_priority_bias,,,seed,43.0
708.0,0.4630102040816326,,no_priority_bias,,,seed,43.0
724.0,0.498046875,,no_priority_bias,,,seed,43.0
740.0,0.4625,,no_priority_bias,,,seed,43.0
756.0,0.3239795918367347,,no_priority_bias,,,seed,43.0
772.0,0.44140625,,no_priority_bias,,,seed,43.0
788.0,0.46875,,no_priority_bias,,,seed,43.0
804.0,0.3979591836734694,,no_priority_bias,,,seed,43.0
820.0,0.412109375,,no_priority_bias,,,seed,43.0
836.0,0.421875,,no_priority_bias,,,seed,43.0
852.0,0.4719387755102041,,no_priority_bias,,,seed,43.0
868.0,0.419921875,,no_priority_bias,,,seed,43.0
884.0,0.4453125,,no_priority_bias,,,seed,43.0
900.0,0.4158163265306122,,no_priority_bias,,,seed,43.0
916.0,0.47265625,,no_priority_bias,,,seed,43.0
932.0,0.421875,,no_priority_bias,,,seed,43.0
948.0,0.4323979591836734,,no_priority_bias,,,seed,43.0
964.0,0.412109375,,no_priority_bias,,,seed,43.0
980.0,0.5125,,no_priority_bias,,,seed,43.0
996.0,0.4642857142857143,,no_priority_bias,,,seed,43.0
1000.0,0.5234375,,no_priority_bias,,,seed,43.0
1016.0,0.478125,,no_priority_bias,,,seed,43.0
1032.0,0.4566326530612244,,no_priority_bias,,,seed,43.0
1048.0,0.451171875,,no_priority_bias,,,seed,43.0
1064.0,0.4125,,no_priority_bias,,,seed,43.0
1080.0,0.4719387755102041,,no_priority_bias,,,seed,43.0
1096.0,0.560546875,,no_priority_bias,,,seed,43.0
1112.0,0.4765625,,no_priority_bias,,,seed,43.0
1128.0,0.4209183673469387,,no_priority_bias,,,seed,43.0
1144.0,0.455078125,,no_priority_bias,,,seed,43.0
1160.0,0.390625,,no_priority_bias,,,seed,43.0
1176.0,0.4770408163265306,,no_priority_bias,,,seed,43.0
1192.0,0.5,,no_priority_bias,,,seed,43.0
1208.0,0.496875,,no_priority_bias,,,seed,43.0
1224.0,0.4413265306122449,,no_priority_bias,,,seed,43.0
1240.0,0.447265625,,no_priority_bias,,,seed,43.0
1256.0,0.421875,,no_priority_bias,,,seed,43.0
1272.0,0.3928571428571428,,no_priority_bias,,,seed,43.0
1288.0,0.4765625,,no_priority_bias,,,seed,43.0
1304.0,0.515625,,no_priority_bias,,,seed,43.0
1320.0,0.4681122448979592,,no_priority_bias,,,seed,43.0
1336.0,0.462890625,,no_priority_bias,,,seed,43.0
1352.0,0.425,,no_priority_bias,,,seed,43.0
1368.0,0.451530612244898,,no_priority_bias,,,seed,43.0
1384.0,0.42578125,,no_priority_bias,,,seed,43.0
1400.0,0.459375,,no_priority_bias,,,seed,43.0
1416.0,0.4515306122448979,,no_priority_bias,,,seed,43.0
1432.0,0.521484375,,no_priority_bias,,,seed,43.0
1448.0,0.4812499999999999,,no_priority_bias,,,seed,43.0
1464.0,0.3762755102040817,,no_priority_bias,,,seed,43.0
1480.0,0.4921875,,no_priority_bias,,,seed,43.0
1496.0,0.4484375,,no_priority_bias,,,seed,43.0
1500.0,0.4489795918367347,,no_priority_bias,,,seed,43.0
1516.0,0.486328125,,no_priority_bias,,,seed,43.0
1532.0,0.490625,,no_priority_bias,,,seed,43.0
1548.0,0.5,,no_priority_bias,,,seed,43.0
1564.0,0.484375,,no_priority_bias,,,seed,43.0
1580.0,0.46875,,no_priority_bias,,,seed,43.0
1596.0,0.4528061224489795,,no_priority_bias,,,seed,43.0
1612.0,0.5078125,,no_priority_bias,,,seed,43.0
1628.0,0.4453125,,no_priority_bias,,,seed,43.0
1644.0,0.4744897959183674,,no_priority_bias,,,seed,43.0
1660.0,0.42578125,,no_priority_bias,,,seed,43.0
1676.0,0.446875,,no_priority_bias,,,seed,43.0
1692.0,0.4158163265306122,,no_priority_bias,,,seed,43.0
1708.0,0.5078125,,no_priority_bias,,,seed,43.0
1724.0,0.4234375,,no_priority_bias,,,seed,43.0
1740.0,0.4285714285714286,,no_priority_bias,,,seed,43.0
1756.0,0.50390625,,no_priority_bias,,,seed,43.0
1772.0,0.421875,,no_priority_bias,,,seed,43.0
1788.0,0.4528061224489796,,no_priority_bias,,,seed,43.0
1804.0,0.490234375,,no_priority_bias,,,seed,43.0
1820.0,0.4734375,,no_priority_bias,,,seed,43.0
1836.0,0.399234693877551,,no_priority_bias,,,seed,43.0
1852.0,0.51171875,,no_priority_bias,,,seed,43.0
1868.0,0.5203125,,no_priority_bias,,,seed,43.0
1884.0,0.4681122448979592,,no_priority_bias,,,seed,43.0
1900.0,0.5078125,,no_priority_bias,,,seed,43.0
1916.0,0.4109375,,no_priority_bias,,,seed,43.0
1932.0,0.3711734693877551,,no_priority_bias,,,seed,43.0
1948.0,0.39453125,,no_priority_bias,,,seed,43.0
1964.0,0.4421875,,no_priority_bias,,,seed,43.0
1980.0,0.413265306122449,,no_priority_bias,,,seed,43.0
1996.0,0.462890625,,no_priority_bias,,,seed,43.0
2000.0,0.4812499999999999,,no_priority_bias,,,seed,43.0
2016.0,0.4489795918367347,,no_priority_bias,,,seed,43.0
2032.0,0.44921875,,no_priority_bias,,,seed,43.0
2048.0,0.421875,,no_priority_bias,,,seed,43.0
2064.0,0.4630102040816326,,no_priority_bias,,,seed,43.0
2080.0,0.453125,,no_priority_bias,,,seed,43.0
2096.0,0.521875,,no_priority_bias,,,seed,43.0
2112.0,0.4502551020408163,,no_priority_bias,,,seed,43.0
2128.0,0.46484375,,no_priority_bias,,,seed,43.0
2144.0,0.3828125,,no_priority_bias,,,seed,43.0
2160.0,0.4719387755102041,,no_priority_bias,,,seed,43.0
2176.0,0.41015625,,no_priority_bias,,,seed,43.0
2192.0,0.4671875,,no_priority_bias,,,seed,43.0
2208.0,0.5063775510204082,,no_priority_bias,,,seed,43.0
2224.0,0.494140625,,no_priority_bias,,,seed,43.0
2240.0,0.5,,no_priority_bias,,,seed,43.0
2256.0,0.4604591836734694,,no_priority_bias,,,seed,43.0
2272.0,0.486328125,,no_priority_bias,,,seed,43.0
2288.0,0.4812499999999999,,no_priority_bias,,,seed,43.0
2304.0,0.4311224489795918,,no_priority_bias,,,seed,43.0
2320.0,0.556640625,,no_priority_bias,,,seed,43.0
2336.0,0.490625,,no_priority_bias,,,seed,43.0
2352.0,0.4464285714285714,,no_priority_bias,,,seed,43.0
2368.0,0.513671875,,no_priority_bias,,,seed,43.0
2384.0,0.478125,,no_priority_bias,,,seed,43.0
2400.0,0.4579081632653061,,no_priority_bias,,,seed,43.0
2416.0,0.451171875,,no_priority_bias,,,seed,43.0
2432.0,0.5078125,,no_priority_bias,,,seed,43.0
2448.0,0.4272959183673469,,no_priority_bias,,,seed,43.0
2464.0,0.49609375,,no_priority_bias,,,seed,43.0
2480.0,0.40625,,no_priority_bias,,,seed,43.0
2496.0,0.4285714285714286,,no_priority_bias,,,seed,43.0
2500.0,0.515625,,no_priority_bias,,,seed,43.0
2516.0,0.415625,,no_priority_bias,,,seed,43.0
2532.0,0.4298469387755102,,no_priority_bias,,,seed,43.0
2548.0,0.4921875,,no_priority_bias,,,seed,43.0
2564.0,0.503125,,no_priority_bias,,,seed,43.0
2580.0,0.4604591836734694,,no_priority_bias,,,seed,43.0
2596.0,0.51171875,,no_priority_bias,,,seed,43.0
2612.0,0.5390625,,no_priority_bias,,,seed,43.0
2628.0,0.4158163265306122,,no_priority_bias,,,seed,43.0
2644.0,0.466796875,,no_priority_bias,,,seed,43.0
2660.0,0.4765625,,no_priority_bias,,,seed,43.0
2676.0,0.5255102040816326,,no_priority_bias,,,seed,43.0
2692.0,0.490234375,,no_priority_bias,,,seed,43.0
2708.0,0.5125,,no_priority_bias,,,seed,43.0
2724.0,0.4974489795918367,,no_priority_bias,,,seed,43.0
2740.0,0.525390625,,no_priority_bias,,,seed,43.0
2756.0,0.503125,,no_priority_bias,,,seed,43.0
2772.0,0.423469387755102,,no_priority_bias,,,seed,43.0
2788.0,0.51953125,,no_priority_bias,,,seed,43.0
2804.0,0.5171875,,no_priority_bias,,,seed,43.0
2820.0,0.451530612244898,,no_priority_bias,,,seed,43.0
2836.0,0.44140625,,no_priority_bias,,,seed,43.0
2852.0,0.4546874999999999,,no_priority_bias,,,seed,43.0
2868.0,0.4706632653061224,,no_priority_bias,,,seed,43.0
2884.0,0.427734375,,no_priority_bias,,,seed,43.0
2900.0,0.4171875,,no_priority_bias,,,seed,43.0
2916.0,0.423469387755102,,no_priority_bias,,,seed,43.0
2932.0,0.4609375,,no_priority_bias,,,seed,43.0
2948.0,0.425,,no_priority_bias,,,seed,43.0
2964.0,0.4323979591836734,,no_priority_bias,,,seed,43.0
2980.0,0.43359375,,no_priority_bias,,,seed,43.0
2996.0,0.4859375,,no_priority_bias,,,seed,43.0
3000.0,0.4336734693877551,,no_priority_bias,,,seed,43.0
16.0,0.236328125,,no_priority_bias,,,seed,44.0
32.0,0.2203125,,no_priority_bias,,,seed,44.0
48.0,0.2474489795918367,,no_priority_bias,,,seed,44.0
64.0,0.353515625,,no_priority_bias,,,seed,44.0
80.0,0.29375,,no_priority_bias,,,seed,44.0
96.0,0.2780612244897959,,no_priority_bias,,,seed,44.0
112.0,0.31640625,,no_priority_bias,,,seed,44.0
128.0,0.3765624999999999,,no_priority_bias,,,seed,44.0
144.0,0.3775510204081633,,no_priority_bias,,,seed,44.0
160.0,0.478515625,,no_priority_bias,,,seed,44.0
176.0,0.384375,,no_priority_bias,,,seed,44.0
192.0,0.3584183673469387,,no_priority_bias,,,seed,44.0
208.0,0.46484375,,no_priority_bias,,,seed,44.0
224.0,0.3921875,,no_priority_bias,,,seed,44.0
240.0,0.336734693877551,,no_priority_bias,,,seed,44.0
250.0,0.5375,,no_priority_bias,,,seed,44.0
266.0,0.3765625,,no_priority_bias,,,seed,44.0
282.0,0.3966836734693877,,no_priority_bias,,,seed,44.0
298.0,0.50390625,,no_priority_bias,,,seed,44.0
314.0,0.4609375,,no_priority_bias,,,seed,44.0
330.0,0.4426020408163265,,no_priority_bias,,,seed,44.0
346.0,0.482421875,,no_priority_bias,,,seed,44.0
362.0,0.4125,,no_priority_bias,,,seed,44.0
378.0,0.4298469387755101,,no_priority_bias,,,seed,44.0
394.0,0.404296875,,no_priority_bias,,,seed,44.0
410.0,0.4265624999999999,,no_priority_bias,,,seed,44.0
426.0,0.4196428571428571,,no_priority_bias,,,seed,44.0
442.0,0.427734375,,no_priority_bias,,,seed,44.0
458.0,0.3625,,no_priority_bias,,,seed,44.0
474.0,0.3992346938775509,,no_priority_bias,,,seed,44.0
490.0,0.41796875,,no_priority_bias,,,seed,44.0
500.0,0.435,,no_priority_bias,,,seed,44.0
516.0,0.4413265306122449,,no_priority_bias,,,seed,44.0
532.0,0.408203125,,no_priority_bias,,,seed,44.0
548.0,0.490625,,no_priority_bias,,,seed,44.0
564.0,0.4349489795918367,,no_priority_bias,,,seed,44.0
580.0,0.466796875,,no_priority_bias,,,seed,44.0
596.0,0.478125,,no_priority_bias,,,seed,44.0
612.0,0.4681122448979591,,no_priority_bias,,,seed,44.0
628.0,0.44140625,,no_priority_bias,,,seed,44.0
644.0,0.46875,,no_priority_bias,,,seed,44.0
660.0,0.4362244897959184,,no_priority_bias,,,seed,44.0
676.0,0.501953125,,no_priority_bias,,,seed,44.0
692.0,0.434375,,no_priority_bias,,,seed,44.0
708.0,0.4362244897959184,,no_priority_bias,,,seed,44.0
724.0,0.400390625,,no_priority_bias,,,seed,44.0
740.0,0.4703125,,no_priority_bias,,,seed,44.0
756.0,0.4375,,no_priority_bias,,,seed,44.0
772.0,0.416015625,,no_priority_bias,,,seed,44.0
788.0,0.45,,no_priority_bias,,,seed,44.0
804.0,0.4413265306122448,,no_priority_bias,,,seed,44.0
820.0,0.458984375,,no_priority_bias,,,seed,44.0
836.0,0.434375,,no_priority_bias,,,seed,44.0
852.0,0.4400510204081632,,no_priority_bias,,,seed,44.0
868.0,0.431640625,,no_priority_bias,,,seed,44.0
884.0,0.4640625,,no_priority_bias,,,seed,44.0
900.0,0.3979591836734694,,no_priority_bias,,,seed,44.0
916.0,0.505859375,,no_priority_bias,,,seed,44.0
932.0,0.4140625,,no_priority_bias,,,seed,44.0
948.0,0.3839285714285714,,no_priority_bias,,,seed,44.0
964.0,0.486328125,,no_priority_bias,,,seed,44.0
980.0,0.4671875,,no_priority_bias,,,seed,44.0
996.0,0.423469387755102,,no_priority_bias,,,seed,44.0
1000.0,0.46875,,no_priority_bias,,,seed,44.0
1016.0,0.403125,,no_priority_bias,,,seed,44.0
1032.0,0.4387755102040816,,no_priority_bias,,,seed,44.0
1048.0,0.435546875,,no_priority_bias,,,seed,44.0
1064.0,0.5140625,,no_priority_bias,,,seed,44.0
1080.0,0.4247448979591837,,no_priority_bias,,,seed,44.0
1096.0,0.380859375,,no_priority_bias,,,seed,44.0
1112.0,0.50625,,no_priority_bias,,,seed,44.0
1128.0,0.4770408163265306,,no_priority_bias,,,seed,44.0
1144.0,0.462890625,,no_priority_bias,,,seed,44.0
1160.0,0.421875,,no_priority_bias,,,seed,44.0
1176.0,0.4477040816326531,,no_priority_bias,,,seed,44.0
1192.0,0.544921875,,no_priority_bias,,,seed,44.0
1208.0,0.5171875,,no_priority_bias,,,seed,44.0
1224.0,0.4872448979591837,,no_priority_bias,,,seed,44.0
1240.0,0.486328125,,no_priority_bias,,,seed,44.0
1256.0,0.440625,,no_priority_bias,,,seed,44.0
1272.0,0.4630102040816326,,no_priority_bias,,,seed,44.0
1288.0,0.458984375,,no_priority_bias,,,seed,44.0
1304.0,0.44375,,no_priority_bias,,,seed,44.0
1320.0,0.4247448979591837,,no_priority_bias,,,seed,44.0
1336.0,0.50390625,,no_priority_bias,,,seed,44.0
1352.0,0.525,,no_priority_bias,,,seed,44.0
1368.0,0.4209183673469387,,no_priority_bias,,,seed,44.0
1384.0,0.474609375,,no_priority_bias,,,seed,44.0
1400.0,0.4984375,,no_priority_bias,,,seed,44.0
1416.0,0.4489795918367347,,no_priority_bias,,,seed,44.0
1432.0,0.5234375,,no_priority_bias,,,seed,44.0
1448.0,0.5296875,,no_priority_bias,,,seed,44.0
1464.0,0.5318877551020407,,no_priority_bias,,,seed,44.0
1480.0,0.51953125,,no_priority_bias,,,seed,44.0
1496.0,0.50625,,no_priority_bias,,,seed,44.0
1500.0,0.3316326530612245,,no_priority_bias,,,seed,44.0
1516.0,0.53125,,no_priority_bias,,,seed,44.0
1532.0,0.4359375,,no_priority_bias,,,seed,44.0
1548.0,0.4387755102040817,,no_priority_bias,,,seed,44.0
1564.0,0.421875,,no_priority_bias,,,seed,44.0
1580.0,0.4171875,,no_priority_bias,,,seed,44.0
1596.0,0.4630102040816326,,no_priority_bias,,,seed,44.0
1612.0,0.453125,,no_priority_bias,,,seed,44.0
1628.0,0.3796875,,no_priority_bias,,,seed,44.0
1644.0,0.4885204081632653,,no_priority_bias,,,seed,44.0
1660.0,0.447265625,,no_priority_bias,,,seed,44.0
1676.0,0.475,,no_priority_bias,,,seed,44.0
1692.0,0.4349489795918367,,no_priority_bias,,,seed,44.0
1708.0,0.435546875,,no_priority_bias,,,seed,44.0
1724.0,0.475,,no_priority_bias,,,seed,44.0
1740.0,0.4681122448979591,,no_priority_bias,,,seed,44.0
1756.0,0.5390625,,no_priority_bias,,,seed,44.0
1772.0,0.38125,,no_priority_bias,,,seed,44.0
1788.0,0.4464285714285714,,no_priority_bias,,,seed,44.0
1804.0,0.41796875,,no_priority_bias,,,seed,44.0
1820.0,0.4234374999999999,,no_priority_bias,,,seed,44.0
1836.0,0.3864795918367347,,no_priority_bias,,,seed,44.0
1852.0,0.490234375,,no_priority_bias,,,seed,44.0
1868.0,0.5109375,,no_priority_bias,,,seed,44.0
1884.0,0.4400510204081632,,no_priority_bias,,,seed,44.0
1900.0,0.486328125,,no_priority_bias,,,seed,44.0
1916.0,0.5046875000000001,,no_priority_bias,,,seed,44.0
1932.0,0.5012755102040816,,no_priority_bias,,,seed,44.0
1948.0,0.431640625,,no_priority_bias,,,seed,44.0
1964.0,0.4484375,,no_priority_bias,,,seed,44.0
1980.0,0.461734693877551,,no_priority_bias,,,seed,44.0
1996.0,0.48828125,,no_priority_bias,,,seed,44.0
2000.0,0.45,,no_priority_bias,,,seed,44.0
2016.0,0.485969387755102,,no_priority_bias,,,seed,44.0
2032.0,0.47265625,,no_priority_bias,,,seed,44.0
2048.0,0.5390625,,no_priority_bias,,,seed,44.0
2064.0,0.4744897959183674,,no_priority_bias,,,seed,44.0
2080.0,0.52734375,,no_priority_bias,,,seed,44.0
2096.0,0.4578124999999999,,no_priority_bias,,,seed,44.0
2112.0,0.4336734693877551,,no_priority_bias,,,seed,44.0
2128.0,0.44921875,,no_priority_bias,,,seed,44.0
2144.0,0.49375,,no_priority_bias,,,seed,44.0
2160.0,0.4591836734693877,,no_priority_bias,,,seed,44.0
2176.0,0.46484375,,no_priority_bias,,,seed,44.0
2192.0,0.434375,,no_priority_bias,,,seed,44.0
2208.0,0.4119897959183673,,no_priority_bias,,,seed,44.0
2224.0,0.4765625,,no_priority_bias,,,seed,44.0
2240.0,0.4765625,,no_priority_bias,,,seed,44.0
2256.0,0.4553571428571428,,no_priority_bias,,,seed,44.0
2272.0,0.546875,,no_priority_bias,,,seed,44.0
2288.0,0.4890624999999999,,no_priority_bias,,,seed,44.0
2304.0,0.3801020408163265,,no_priority_bias,,,seed,44.0
2320.0,0.51171875,,no_priority_bias,,,seed,44.0
2336.0,0.5234375,,no_priority_bias,,,seed,44.0
2352.0,0.4808673469387755,,no_priority_bias,,,seed,44.0
2368.0,0.515625,,no_priority_bias,,,seed,44.0
2384.0,0.4140625,,no_priority_bias,,,seed,44.0
2400.0,0.4948979591836735,,no_priority_bias,,,seed,44.0
2416.0,0.521484375,,no_priority_bias,,,seed,44.0
2432.0,0.4453125,,no_priority_bias,,,seed,44.0
2448.0,0.4323979591836734,,no_priority_bias,,,seed,44.0
2464.0,0.47265625,,no_priority_bias,,,seed,44.0
2480.0,0.4828125,,no_priority_bias,,,seed,44.0
2496.0,0.4528061224489795,,no_priority_bias,,,seed,44.0
2500.0,0.375,,no_priority_bias,,,seed,44.0
2516.0,0.43125,,no_priority_bias,,,seed,44.0
2532.0,0.4260204081632653,,no_priority_bias,,,seed,44.0
2548.0,0.37109375,,no_priority_bias,,,seed,44.0
2564.0,0.4703124999999999,,no_priority_bias,,,seed,44.0
2580.0,0.4642857142857143,,no_priority_bias,,,seed,44.0
2596.0,0.51171875,,no_priority_bias,,,seed,44.0
2612.0,0.4296875,,no_priority_bias,,,seed,44.0
2628.0,0.4158163265306122,,no_priority_bias,,,seed,44.0
2644.0,0.498046875,,no_priority_bias,,,seed,44.0
2660.0,0.48125,,no_priority_bias,,,seed,44.0
2676.0,0.4668367346938775,,no_priority_bias,,,seed,44.0
2692.0,0.44921875,,no_priority_bias,,,seed,44.0
2708.0,0.4734374999999999,,no_priority_bias,,,seed,44.0
2724.0,0.5191326530612246,,no_priority_bias,,,seed,44.0
2740.0,0.564453125,,no_priority_bias,,,seed,44.0
2756.0,0.53125,,no_priority_bias,,,seed,44.0
2772.0,0.461734693877551,,no_priority_bias,,,seed,44.0
2788.0,0.341796875,,no_priority_bias,,,seed,44.0
2804.0,0.43125,,no_priority_bias,,,seed,44.0
2820.0,0.4999999999999999,,no_priority_bias,,,seed,44.0
2836.0,0.4765625,,no_priority_bias,,,seed,44.0
2852.0,0.4953125,,no_priority_bias,,,seed,44.0
2868.0,0.5357142857142857,,no_priority_bias,,,seed,44.0
2884.0,0.509765625,,no_priority_bias,,,seed,44.0
2900.0,0.5015625,,no_priority_bias,,,seed,44.0
2916.0,0.447704081632653,,no_priority_bias,,,seed,44.0
2932.0,0.451171875,,no_priority_bias,,,seed,44.0
2948.0,0.4671875,,no_priority_bias,,,seed,44.0
2964.0,0.4145408163265306,,no_priority_bias,,,seed,44.0
2980.0,0.47265625,,no_priority_bias,,,seed,44.0
2996.0,0.4375,,no_priority_bias,,,seed,44.0
3000.0,0.3418367346938775,,no_priority_bias,,,seed,44.0
16.0,0.21484375,,no_priority_bias,,,seed,45.0
32.0,0.203125,,no_priority_bias,,,seed,45.0
48.0,0.2193877551020408,,no_priority_bias,,,seed,45.0
64.0,0.314453125,,no_priority_bias,,,seed,45.0
80.0,0.3109375,,no_priority_bias,,,seed,45.0
96.0,0.3214285714285714,,no_priority_bias,,,seed,45.0
112.0,0.337890625,,no_priority_bias,,,seed,45.0
128.0,0.3640624999999999,,no_priority_bias,,,seed,45.0
144.0,0.2933673469387755,,no_priority_bias,,,seed,45.0
160.0,0.41796875,,no_priority_bias,,,seed,45.0
176.0,0.3703125,,no_priority_bias,,,seed,45.0
192.0,0.3698979591836735,,no_priority_bias,,,seed,45.0
208.0,0.453125,,no_priority_bias,,,seed,45.0
224.0,0.375,,no_priority_bias,,,seed,45.0
240.0,0.4426020408163265,,no_priority_bias,,,seed,45.0
250.0,0.50625,,no_priority_bias,,,seed,45.0
266.0,0.40625,,no_priority_bias,,,seed,45.0
282.0,0.3584183673469387,,no_priority_bias,,,seed,45.0
298.0,0.4453125,,no_priority_bias,,,seed,45.0
314.0,0.3718749999999999,,no_priority_bias,,,seed,45.0
330.0,0.4247448979591837,,no_priority_bias,,,seed,45.0
346.0,0.4453125,,no_priority_bias,,,seed,45.0
362.0,0.4609375,,no_priority_bias,,,seed,45.0
378.0,0.4068877551020408,,no_priority_bias,,,seed,45.0
394.0,0.42578125,,no_priority_bias,,,seed,45.0
410.0,0.4359375,,no_priority_bias,,,seed,45.0
426.0,0.4209183673469387,,no_priority_bias,,,seed,45.0
442.0,0.427734375,,no_priority_bias,,,seed,45.0
458.0,0.5,,no_priority_bias,,,seed,45.0
474.0,0.4502551020408163,,no_priority_bias,,,seed,45.0
490.0,0.5,,no_priority_bias,,,seed,45.0
500.0,0.4699999999999999,,no_priority_bias,,,seed,45.0
516.0,0.4323979591836734,,no_priority_bias,,,seed,45.0
532.0,0.470703125,,no_priority_bias,,,seed,45.0
548.0,0.5046875,,no_priority_bias,,,seed,45.0
564.0,0.4438775510204081,,no_priority_bias,,,seed,45.0
580.0,0.4375,,no_priority_bias,,,seed,45.0
596.0,0.4468749999999999,,no_priority_bias,,,seed,45.0
612.0,0.4196428571428571,,no_priority_bias,,,seed,45.0
628.0,0.46875,,no_priority_bias,,,seed,45.0
644.0,0.4453125,,no_priority_bias,,,seed,45.0
660.0,0.4387755102040817,,no_priority_bias,,,seed,45.0
676.0,0.560546875,,no_priority_bias,,,seed,45.0
692.0,0.3671875,,no_priority_bias,,,seed,45.0
708.0,0.4298469387755101,,no_priority_bias,,,seed,45.0
724.0,0.4765625,,no_priority_bias,,,seed,45.0
740.0,0.45625,,no_priority_bias,,,seed,45.0
756.0,0.3966836734693877,,no_priority_bias,,,seed,45.0
772.0,0.51953125,,no_priority_bias,,,seed,45.0
788.0,0.4640625,,no_priority_bias,,,seed,45.0
804.0,0.4030612244897959,,no_priority_bias,,,seed,45.0
820.0,0.474609375,,no_priority_bias,,,seed,45.0
836.0,0.471875,,no_priority_bias,,,seed,45.0
852.0,0.4413265306122448,,no_priority_bias,,,seed,45.0
868.0,0.412109375,,no_priority_bias,,,seed,45.0
884.0,0.4015625,,no_priority_bias,,,seed,45.0
900.0,0.3903061224489795,,no_priority_bias,,,seed,45.0
916.0,0.44140625,,no_priority_bias,,,seed,45.0
932.0,0.496875,,no_priority_bias,,,seed,45.0
948.0,0.4744897959183673,,no_priority_bias,,,seed,45.0
964.0,0.482421875,,no_priority_bias,,,seed,45.0
980.0,0.4375,,no_priority_bias,,,seed,45.0
996.0,0.4285714285714285,,no_priority_bias,,,seed,45.0
1000.0,0.4765625,,no_priority_bias,,,seed,45.0
1016.0,0.459375,,no_priority_bias,,,seed,45.0
1032.0,0.4528061224489795,,no_priority_bias,,,seed,45.0
1048.0,0.4765625,,no_priority_bias,,,seed,45.0
1064.0,0.4109374999999999,,no_priority_bias,,,seed,45.0
1080.0,0.4553571428571428,,no_priority_bias,,,seed,45.0
1096.0,0.4609375,,no_priority_bias,,,seed,45.0
1112.0,0.5046875,,no_priority_bias,,,seed,45.0
1128.0,0.4362244897959183,,no_priority_bias,,,seed,45.0
1144.0,0.44140625,,no_priority_bias,,,seed,45.0
1160.0,0.5203125,,no_priority_bias,,,seed,45.0
1176.0,0.4400510204081632,,no_priority_bias,,,seed,45.0
1192.0,0.423828125,,no_priority_bias,,,seed,45.0
1208.0,0.4453125,,no_priority_bias,,,seed,45.0
1224.0,0.4477040816326531,,no_priority_bias,,,seed,45.0
1240.0,0.52734375,,no_priority_bias,,,seed,45.0
1256.0,0.4671875,,no_priority_bias,,,seed,45.0
1272.0,0.4630102040816326,,no_priority_bias,,,seed,45.0
1288.0,0.46875,,no_priority_bias,,,seed,45.0
1304.0,0.5125,,no_priority_bias,,,seed,45.0
1320.0,0.4260204081632653,,no_priority_bias,,,seed,45.0
1336.0,0.541015625,,no_priority_bias,,,seed,45.0
1352.0,0.5046875,,no_priority_bias,,,seed,45.0
1368.0,0.3928571428571428,,no_priority_bias,,,seed,45.0
1384.0,0.5390625,,no_priority_bias,,,seed,45.0
1400.0,0.4734375,,no_priority_bias,,,seed,45.0
1416.0,0.4783163265306123,,no_priority_bias,,,seed,45.0
1432.0,0.486328125,,no_priority_bias,,,seed,45.0
1448.0,0.490625,,no_priority_bias,,,seed,45.0
1464.0,0.4579081632653061,,no_priority_bias,,,seed,45.0
1480.0,0.482421875,,no_priority_bias,,,seed,45.0
1496.0,0.4796875,,no_priority_bias,,,seed,45.0
1500.0,0.5102040816326531,,no_priority_bias,,,seed,45.0
1516.0,0.4375,,no_priority_bias,,,seed,45.0
1532.0,0.4187499999999999,,no_priority_bias,,,seed,45.0
1548.0,0.4464285714285714,,no_priority_bias,,,seed,45.0
1564.0,0.42578125,,no_priority_bias,,,seed,45.0
1580.0,0.4859375,,no_priority_bias,,,seed,45.0
1596.0,0.4451530612244898,,no_priority_bias,,,seed,45.0
1612.0,0.5546875,,no_priority_bias,,,seed,45.0
1628.0,0.5359375000000001,,no_priority_bias,,,seed,45.0
1644.0,0.4655612244897958,,no_priority_bias,,,seed,45.0
1660.0,0.462890625,,no_priority_bias,,,seed,45.0
1676.0,0.475,,no_priority_bias,,,seed,45.0
1692.0,0.4706632653061224,,no_priority_bias,,,seed,45.0
1708.0,0.396484375,,no_priority_bias,,,seed,45.0
1724.0,0.44375,,no_priority_bias,,,seed,45.0
1740.0,0.4948979591836734,,no_priority_bias,,,seed,45.0
1756.0,0.458984375,,no_priority_bias,,,seed,45.0
1772.0,0.4265625,,no_priority_bias,,,seed,45.0
1788.0,0.5229591836734694,,no_priority_bias,,,seed,45.0
1804.0,0.470703125,,no_priority_bias,,,seed,45.0
1820.0,0.459375,,no_priority_bias,,,seed,45.0
1836.0,0.423469387755102,,no_priority_bias,,,seed,45.0
1852.0,0.484375,,no_priority_bias,,,seed,45.0
1868.0,0.446875,,no_priority_bias,,,seed,45.0
1884.0,0.4362244897959183,,no_priority_bias,,,seed,45.0
1900.0,0.439453125,,no_priority_bias,,,seed,45.0
1916.0,0.44375,,no_priority_bias,,,seed,45.0
1932.0,0.4808673469387755,,no_priority_bias,,,seed,45.0
1948.0,0.494140625,,no_priority_bias,,,seed,45.0
1964.0,0.515625,,no_priority_bias,,,seed,45.0
1980.0,0.4961734693877551,,no_priority_bias,,,seed,45.0
1996.0,0.439453125,,no_priority_bias,,,seed,45.0
2000.0,0.4249999999999999,,no_priority_bias,,,seed,45.0
2016.0,0.4668367346938775,,no_priority_bias,,,seed,45.0
2032.0,0.46484375,,no_priority_bias,,,seed,45.0
2048.0,0.4921875,,no_priority_bias,,,seed,45.0
2064.0,0.4272959183673469,,no_priority_bias,,,seed,45.0
2080.0,0.408203125,,no_priority_bias,,,seed,45.0
2096.0,0.421875,,no_priority_bias,,,seed,45.0
2112.0,0.4948979591836734,,no_priority_bias,,,seed,45.0
2128.0,0.46484375,,no_priority_bias,,,seed,45.0
2144.0,0.5109375,,no_priority_bias,,,seed,45.0
2160.0,0.4311224489795918,,no_priority_bias,,,seed,45.0
2176.0,0.5078125,,no_priority_bias,,,seed,45.0
2192.0,0.4312499999999999,,no_priority_bias,,,seed,45.0
2208.0,0.5089285714285714,,no_priority_bias,,,seed,45.0
2224.0,0.548828125,,no_priority_bias,,,seed,45.0
2240.0,0.4453125,,no_priority_bias,,,seed,45.0
2256.0,0.4693877551020408,,no_priority_bias,,,seed,45.0
2272.0,0.46484375,,no_priority_bias,,,seed,45.0
2288.0,0.48125,,no_priority_bias,,,seed,45.0
2304.0,0.4528061224489795,,no_priority_bias,,,seed,45.0
2320.0,0.462890625,,no_priority_bias,,,seed,45.0
2336.0,0.41875,,no_priority_bias,,,seed,45.0
2352.0,0.4005102040816327,,no_priority_bias,,,seed,45.0
2368.0,0.529296875,,no_priority_bias,,,seed,45.0
2384.0,0.4796875,,no_priority_bias,,,seed,45.0
2400.0,0.4528061224489796,,no_priority_bias,,,seed,45.0
2416.0,0.53515625,,no_priority_bias,,,seed,45.0
2432.0,0.521875,,no_priority_bias,,,seed,45.0
2448.0,0.3979591836734694,,no_priority_bias,,,seed,45.0
2464.0,0.4453125,,no_priority_bias,,,seed,45.0
2480.0,0.45,,no_priority_bias,,,seed,45.0
2496.0,0.4579081632653061,,no_priority_bias,,,seed,45.0
2500.0,0.4453125,,no_priority_bias,,,seed,45.0
2516.0,0.5,,no_priority_bias,,,seed,45.0
2532.0,0.4196428571428571,,no_priority_bias,,,seed,45.0
2548.0,0.51171875,,no_priority_bias,,,seed,45.0
2564.0,0.4968749999999999,,no_priority_bias,,,seed,45.0
2580.0,0.4961734693877551,,no_priority_bias,,,seed,45.0
2596.0,0.494140625,,no_priority_bias,,,seed,45.0
2612.0,0.4359375,,no_priority_bias,,,seed,45.0
2628.0,0.4515306122448979,,no_priority_bias,,,seed,45.0
2644.0,0.412109375,,no_priority_bias,,,seed,45.0
2660.0,0.4765625,,no_priority_bias,,,seed,45.0
2676.0,0.4872448979591837,,no_priority_bias,,,seed,45.0
2692.0,0.533203125,,no_priority_bias,,,seed,45.0
2708.0,0.4890625,,no_priority_bias,,,seed,45.0
2724.0,0.4630102040816326,,no_priority_bias,,,seed,45.0
2740.0,0.509765625,,no_priority_bias,,,seed,45.0
2756.0,0.4890624999999999,,no_priority_bias,,,seed,45.0
2772.0,0.4757653061224489,,no_priority_bias,,,seed,45.0
2788.0,0.51171875,,no_priority_bias,,,seed,45.0
2804.0,0.4609375,,no_priority_bias,,,seed,45.0
2820.0,0.3494897959183674,,no_priority_bias,,,seed,45.0
2836.0,0.431640625,,no_priority_bias,,,seed,45.0
2852.0,0.5546875,,no_priority_bias,,,seed,45.0
2868.0,0.4272959183673469,,no_priority_bias,,,seed,45.0
2884.0,0.521484375,,no_priority_bias,,,seed,45.0
2900.0,0.4875,,no_priority_bias,,,seed,45.0
2916.0,0.3979591836734694,,no_priority_bias,,,seed,45.0
2932.0,0.4453125,,no_priority_bias,,,seed,45.0
2948.0,0.4703125,,no_priority_bias,,,seed,45.0
2964.0,0.4706632653061224,,no_priority_bias,,,seed,45.0
2980.0,0.4921875,,no_priority_bias,,,seed,45.0
2996.0,0.459375,,no_priority_bias,,,seed,45.0
3000.0,0.4744897959183673,,no_priority_bias,,,seed,45.0
16.0,0.236328125,,no_priority_bias,,,seed,46.0
32.0,0.234375,,no_priority_bias,,,seed,46.0
48.0,0.2410714285714285,,no_priority_bias,,,seed,46.0
64.0,0.392578125,,no_priority_bias,,,seed,46.0
80.0,0.2984374999999999,,no_priority_bias,,,seed,46.0
96.0,0.3176020408163265,,no_priority_bias,,,seed,46.0
112.0,0.408203125,,no_priority_bias,,,seed,46.0
128.0,0.3734375,,no_priority_bias,,,seed,46.0
144.0,0.375,,no_priority_bias,,,seed,46.0
160.0,0.4140625,,no_priority_bias,,,seed,46.0
176.0,0.4078125,,no_priority_bias,,,seed,46.0
192.0,0.4145408163265306,,no_priority_bias,,,seed,46.0
208.0,0.484375,,no_priority_bias,,,seed,46.0
224.0,0.43125,,no_priority_bias,,,seed,46.0
240.0,0.4336734693877551,,no_priority_bias,,,seed,46.0
250.0,0.53125,,no_priority_bias,,,seed,46.0
266.0,0.4375,,no_priority_bias,,,seed,46.0
282.0,0.4642857142857143,,no_priority_bias,,,seed,46.0
298.0,0.400390625,,no_priority_bias,,,seed,46.0
314.0,0.484375,,no_priority_bias,,,seed,46.0
330.0,0.3163265306122449,,no_priority_bias,,,seed,46.0
346.0,0.486328125,,no_priority_bias,,,seed,46.0
362.0,0.4109375,,no_priority_bias,,,seed,46.0
378.0,0.4375,,no_priority_bias,,,seed,46.0
394.0,0.42578125,,no_priority_bias,,,seed,46.0
410.0,0.43125,,no_priority_bias,,,seed,46.0
426.0,0.4426020408163265,,no_priority_bias,,,seed,46.0
442.0,0.3671875,,no_priority_bias,,,seed,46.0
458.0,0.3515625,,no_priority_bias,,,seed,46.0
474.0,0.3852040816326531,,no_priority_bias,,,seed,46.0
490.0,0.43359375,,no_priority_bias,,,seed,46.0
500.0,0.4499999999999999,,no_priority_bias,,,seed,46.0
516.0,0.4591836734693877,,no_priority_bias,,,seed,46.0
532.0,0.48828125,,no_priority_bias,,,seed,46.0
548.0,0.44375,,no_priority_bias,,,seed,46.0
564.0,0.3737244897959183,,no_priority_bias,,,seed,46.0
580.0,0.453125,,no_priority_bias,,,seed,46.0
596.0,0.4828125,,no_priority_bias,,,seed,46.0
612.0,0.4528061224489796,,no_priority_bias,,,seed,46.0
628.0,0.44140625,,no_priority_bias,,,seed,46.0
644.0,0.5093749999999999,,no_priority_bias,,,seed,46.0
660.0,0.4221938775510204,,no_priority_bias,,,seed,46.0
676.0,0.490234375,,no_priority_bias,,,seed,46.0
692.0,0.45625,,no_priority_bias,,,seed,46.0
708.0,0.4502551020408163,,no_priority_bias,,,seed,46.0
724.0,0.46875,,no_priority_bias,,,seed,46.0
740.0,0.5078125,,no_priority_bias,,,seed,46.0
756.0,0.4285714285714286,,no_priority_bias,,,seed,46.0
772.0,0.474609375,,no_priority_bias,,,seed,46.0
788.0,0.4515625,,no_priority_bias,,,seed,46.0
804.0,0.3915816326530612,,no_priority_bias,,,seed,46.0
820.0,0.43359375,,no_priority_bias,,,seed,46.0
836.0,0.4671875,,no_priority_bias,,,seed,46.0
852.0,0.4540816326530612,,no_priority_bias,,,seed,46.0
868.0,0.513671875,,no_priority_bias,,,seed,46.0
884.0,0.4734374999999999,,no_priority_bias,,,seed,46.0
900.0,0.4553571428571428,,no_priority_bias,,,seed,46.0
916.0,0.46875,,no_priority_bias,,,seed,46.0
932.0,0.4546875,,no_priority_bias,,,seed,46.0
948.0,0.4413265306122449,,no_priority_bias,,,seed,46.0
964.0,0.458984375,,no_priority_bias,,,seed,46.0
980.0,0.4625,,no_priority_bias,,,seed,46.0
996.0,0.4107142857142857,,no_priority_bias,,,seed,46.0
1000.0,0.4375,,no_priority_bias,,,seed,46.0
1016.0,0.5109374999999999,,no_priority_bias,,,seed,46.0
1032.0,0.4349489795918367,,no_priority_bias,,,seed,46.0
1048.0,0.482421875,,no_priority_bias,,,seed,46.0
1064.0,0.4843749999999999,,no_priority_bias,,,seed,46.0
1080.0,0.4885204081632652,,no_priority_bias,,,seed,46.0
1096.0,0.515625,,no_priority_bias,,,seed,46.0
1112.0,0.41875,,no_priority_bias,,,seed,46.0
1128.0,0.4872448979591837,,no_priority_bias,,,seed,46.0
1144.0,0.5390625,,no_priority_bias,,,seed,46.0
1160.0,0.50625,,no_priority_bias,,,seed,46.0
1176.0,0.4553571428571429,,no_priority_bias,,,seed,46.0
1192.0,0.48046875,,no_priority_bias,,,seed,46.0
1208.0,0.478125,,no_priority_bias,,,seed,46.0
1224.0,0.4477040816326531,,no_priority_bias,,,seed,46.0
1240.0,0.513671875,,no_priority_bias,,,seed,46.0
1256.0,0.471875,,no_priority_bias,,,seed,46.0
1272.0,0.4400510204081632,,no_priority_bias,,,seed,46.0
1288.0,0.458984375,,no_priority_bias,,,seed,46.0
1304.0,0.490625,,no_priority_bias,,,seed,46.0
1320.0,0.3890306122448979,,no_priority_bias,,,seed,46.0
1336.0,0.46484375,,no_priority_bias,,,seed,46.0
1352.0,0.415625,,no_priority_bias,,,seed,46.0
1368.0,0.4910714285714286,,no_priority_bias,,,seed,46.0
1384.0,0.451171875,,no_priority_bias,,,seed,46.0
1400.0,0.4718749999999999,,no_priority_bias,,,seed,46.0
1416.0,0.4604591836734694,,no_priority_bias,,,seed,46.0
1432.0,0.458984375,,no_priority_bias,,,seed,46.0
1448.0,0.5375000000000001,,no_priority_bias,,,seed,46.0
1464.0,0.4540816326530612,,no_priority_bias,,,seed,46.0
1480.0,0.5703125,,no_priority_bias,,,seed,46.0
1496.0,0.465625,,no_priority_bias,,,seed,46.0
1500.0,0.5357142857142857,,no_priority_bias,,,seed,46.0
1516.0,0.47265625,,no_priority_bias,,,seed,46.0
1532.0,0.4734375,,no_priority_bias,,,seed,46.0
1548.0,0.4770408163265306,,no_priority_bias,,,seed,46.0
1564.0,0.447265625,,no_priority_bias,,,seed,46.0
1580.0,0.4734375,,no_priority_bias,,,seed,46.0
1596.0,0.4515306122448979,,no_priority_bias,,,seed,46.0
1612.0,0.515625,,no_priority_bias,,,seed,46.0
1628.0,0.44375,,no_priority_bias,,,seed,46.0
1644.0,0.3673469387755101,,no_priority_bias,,,seed,46.0
1660.0,0.466796875,,no_priority_bias,,,seed,46.0
1676.0,0.45,,no_priority_bias,,,seed,46.0
1692.0,0.461734693877551,,no_priority_bias,,,seed,46.0
1708.0,0.470703125,,no_priority_bias,,,seed,46.0
1724.0,0.4953125,,no_priority_bias,,,seed,46.0
1740.0,0.485969387755102,,no_priority_bias,,,seed,46.0
1756.0,0.4375,,no_priority_bias,,,seed,46.0
1772.0,0.3640625,,no_priority_bias,,,seed,46.0
1788.0,0.4209183673469387,,no_priority_bias,,,seed,46.0
1804.0,0.509765625,,no_priority_bias,,,seed,46.0
1820.0,0.4453125,,no_priority_bias,,,seed,46.0
1836.0,0.4375,,no_priority_bias,,,seed,46.0
1852.0,0.423828125,,no_priority_bias,,,seed,46.0
1868.0,0.5203125,,no_priority_bias,,,seed,46.0
1884.0,0.4885204081632653,,no_priority_bias,,,seed,46.0
1900.0,0.521484375,,no_priority_bias,,,seed,46.0
1916.0,0.4421874999999999,,no_priority_bias,,,seed,46.0
1932.0,0.399234693877551,,no_priority_bias,,,seed,46.0
1948.0,0.515625,,no_priority_bias,,,seed,46.0
1964.0,0.4671875,,no_priority_bias,,,seed,46.0
1980.0,0.3737244897959184,,no_priority_bias,,,seed,46.0
1996.0,0.390625,,no_priority_bias,,,seed,46.0
2000.0,0.575,,no_priority_bias,,,seed,46.0
2016.0,0.4502551020408163,,no_priority_bias,,,seed,46.0
2032.0,0.541015625,,no_priority_bias,,,seed,46.0
2048.0,0.459375,,no_priority_bias,,,seed,46.0
2064.0,0.4540816326530612,,no_priority_bias,,,seed,46.0
2080.0,0.494140625,,no_priority_bias,,,seed,46.0
2096.0,0.44375,,no_priority_bias,,,seed,46.0
2112.0,0.4783163265306122,,no_priority_bias,,,seed,46.0
2128.0,0.4609375,,no_priority_bias,,,seed,46.0
2144.0,0.41875,,no_priority_bias,,,seed,46.0
2160.0,0.4642857142857143,,no_priority_bias,,,seed,46.0
2176.0,0.427734375,,no_priority_bias,,,seed,46.0
2192.0,0.4625,,no_priority_bias,,,seed,46.0
2208.0,0.3762755102040816,,no_priority_bias,,,seed,46.0
2224.0,0.455078125,,no_priority_bias,,,seed,46.0
2240.0,0.5687500000000001,,no_priority_bias,,,seed,46.0
2256.0,0.4897959183673469,,no_priority_bias,,,seed,46.0
2272.0,0.4765625,,no_priority_bias,,,seed,46.0
2288.0,0.4921875,,no_priority_bias,,,seed,46.0
2304.0,0.5076530612244898,,no_priority_bias,,,seed,46.0
2320.0,0.541015625,,no_priority_bias,,,seed,46.0
2336.0,0.5078125,,no_priority_bias,,,seed,46.0
2352.0,0.4285714285714285,,no_priority_bias,,,seed,46.0
2368.0,0.48828125,,no_priority_bias,,,seed,46.0
2384.0,0.4656249999999999,,no_priority_bias,,,seed,46.0
2400.0,0.4170918367346938,,no_priority_bias,,,seed,46.0
2416.0,0.462890625,,no_priority_bias,,,seed,46.0
2432.0,0.4609375,,no_priority_bias,,,seed,46.0
2448.0,0.4107142857142857,,no_priority_bias,,,seed,46.0
2464.0,0.43359375,,no_priority_bias,,,seed,46.0
2480.0,0.4171875,,no_priority_bias,,,seed,46.0
2496.0,0.4311224489795918,,no_priority_bias,,,seed,46.0
2500.0,0.46875,,no_priority_bias,,,seed,46.0
2516.0,0.4078125,,no_priority_bias,,,seed,46.0
2532.0,0.4540816326530612,,no_priority_bias,,,seed,46.0
2548.0,0.44140625,,no_priority_bias,,,seed,46.0
2564.0,0.5218750000000001,,no_priority_bias,,,seed,46.0
2580.0,0.4821428571428571,,no_priority_bias,,,seed,46.0
2596.0,0.5703125,,no_priority_bias,,,seed,46.0
2612.0,0.5109374999999999,,no_priority_bias,,,seed,46.0
2628.0,0.5025510204081634,,no_priority_bias,,,seed,46.0
2644.0,0.482421875,,no_priority_bias,,,seed,46.0
2660.0,0.4859374999999999,,no_priority_bias,,,seed,46.0
2676.0,0.5051020408163265,,no_priority_bias,,,seed,46.0
2692.0,0.50390625,,no_priority_bias,,,seed,46.0
2708.0,0.4296875,,no_priority_bias,,,seed,46.0
2724.0,0.4528061224489795,,no_priority_bias,,,seed,46.0
2740.0,0.541015625,,no_priority_bias,,,seed,46.0
2756.0,0.4265624999999999,,no_priority_bias,,,seed,46.0
2772.0,0.4387755102040816,,no_priority_bias,,,seed,46.0
2788.0,0.533203125,,no_priority_bias,,,seed,46.0
2804.0,0.4359375,,no_priority_bias,,,seed,46.0
2820.0,0.4489795918367347,,no_priority_bias,,,seed,46.0
2836.0,0.4765625,,no_priority_bias,,,seed,46.0
2852.0,0.490625,,no_priority_bias,,,seed,46.0
2868.0,0.4311224489795919,,no_priority_bias,,,seed,46.0
2884.0,0.39453125,,no_priority_bias,,,seed,46.0
2900.0,0.4921875,,no_priority_bias,,,seed,46.0
2916.0,0.4438775510204081,,no_priority_bias,,,seed,46.0
2932.0,0.5234375,,no_priority_bias,,,seed,46.0
2948.0,0.5109375,,no_priority_bias,,,seed,46.0
2964.0,0.4451530612244898,,no_priority_bias,,,seed,46.0
2980.0,0.49609375,,no_priority_bias,,,seed,46.0
2996.0,0.4609375,,no_priority_bias,,,seed,46.0
3000.0,0.4744897959183673,,no_priority_bias,,,seed,46.0
0.0,,0.224609375,no_priority_bias,0.21484375,0.236328125,summary,
20.0,,0.21728515625,no_priority_bias,0.2119140625,0.23232421875,summary,
40.0,,0.2138711734693877,no_priority_bias,0.2112563775510204,0.2338807397959183,summary,
60.0,,0.2906867825255101,no_priority_bias,0.2696010044642857,0.3269989636479591,summary,
80.0,,0.3109375,no_priority_bias,0.2984374999999999,0.3312499999999999,summary,
100.0,,0.2876474808673469,no_priority_bias,0.2870495854591837,0.3255440848214285,summary,
120.0,,0.3509765625,no_priority_bias,0.3464843749999999,0.368359375,summary,
140.0,,0.3519610969387755,no_priority_bias,0.3381377551020408,0.374609375,summary,
160.0,,0.4140625,no_priority_bias,0.40625,0.41796875,summary,
180.0,,0.3702088647959184,no_priority_bias,0.3682955994897959,0.3778858418367347,summary,
200.0,,0.4116310586734694,no_priority_bias,0.4115114795918367,0.4218152104591837,summary,
220.0,,0.4103515625,no_priority_bias,0.39453125,0.42431640625,summary,
240.0,,0.3839285714285714,no_priority_bias,0.3724489795918367,0.4336734693877551,summary,
260.0,,0.44375,no_priority_bias,0.4369140625,0.44453125,summary,
280.0,,0.3928571428571428,no_priority_bias,0.3643973214285714,0.3941685267857142,summary,
300.0,,0.4361328125,no_priority_bias,0.410888671875,0.47841796875,summary,
320.0,,0.4154376594387755,no_priority_bias,0.4046157525510204,0.4213568239795918,summary,
340.0,,0.4375996492346938,no_priority_bias,0.4232501594387755,0.4674894371811224,summary,
360.0,,0.4507812499999999,no_priority_bias,0.4212402343749999,0.458984375,summary,
380.0,,0.43603515625,no_priority_bias,0.4266531808035714,0.4568917410714285,summary,
400.0,,0.42783203125,no_priority_bias,0.4246093749999999,0.42958984375,summary,
420.0,,0.4222377232142857,no_priority_bias,0.4220184948979592,0.4265505420918367,summary,
440.0,,0.4267229352678571,no_priority_bias,0.3766143176020408,0.4268823740433674,summary,
460.0,,0.3717633928571429,no_priority_bias,0.3670918367346938,0.3940051020408163,summary,
480.0,,0.4062599649234693,no_priority_bias,0.4033502072704081,0.4257114955357143,summary,
500.0,,0.45,no_priority_bias,0.4499999999999999,0.465,summary,
520.0,,0.4446049904336734,no_priority_bias,0.4419742506377551,0.4547393176020408,summary,
540.0,,0.458203125,no_priority_bias,0.4501953125,0.466015625,summary,
560.0,,0.4488679846938775,no_priority_bias,0.4334821428571428,0.4590800382653061,summary,
580.0,,0.453125,no_priority_bias,0.44921875,0.466796875,summary,
600.0,,0.4572225765306121,no_priority_bias,0.4531808035714286,0.4753109056122448,summary,
620.0,,0.4471061862244898,no_priority_bias,0.4441964285714286,0.4547592474489795,summary,
640.0,,0.45888671875,no_priority_bias,0.45390625,0.4619140625,summary,
660.0,,0.4362244897959184,no_priority_bias,0.4221938775510204,0.4387755102040817,summary,
680.0,,0.48505859375,no_priority_bias,0.48173828125,0.51162109375,summary,
700.0,,0.4532525510204082,no_priority_bias,0.4352997448979592,0.4619579081632653,summary,
720.0,,0.4648836096938775,no_priority_bias,0.4641262755102041,0.4766820790816326,summary,
740.0,,0.4625,no_priority_bias,0.45625,0.4703125,summary,
760.0,,0.43212890625,no_priority_bias,0.4273955676020408,0.4400809151785714,summary,
780.0,,0.4630859375,no_priority_bias,0.455078125,0.471484375,summary,
800.0,,0.4183115433673469,no_priority_bias,0.415656887755102,0.4397241709183673,summary,
820.0,,0.458984375,no_priority_bias,0.43359375,0.474609375,summary,
840.0,,0.4639110331632653,no_priority_bias,0.4357940051020408,0.4642378826530612,summary,
860.0,,0.445930325255102,no_priority_bias,0.4358458227040816,0.4838767538265306,summary,
880.0,,0.45595703125,no_priority_bias,0.43896484375,0.4834960937499999,summary,
900.0,,0.4158163265306122,no_priority_bias,0.3979591836734694,0.4272959183673469,summary,
920.0,,0.465234375,no_priority_bias,0.4599609375,0.48291015625,summary,
940.0,,0.4480070153061224,no_priority_bias,0.4271364795918367,0.4849968112244898,summary,
960.0,,0.4607282366071428,no_priority_bias,0.4545699139030612,0.4672054368622449,summary,
980.0,,0.4625,no_priority_bias,0.4375,0.4671875,summary,
1000.0,,0.4765625,no_priority_bias,0.46875,0.5234375,summary,
1020.0,,0.4577327806122448,no_priority_bias,0.4120376275510204,0.4727519132653061,summary,
1040.0,,0.4586854272959184,no_priority_bias,0.4539022640306122,0.4617147640306122,summary,
1060.0,,0.46826171875,no_priority_bias,0.4273437499999999,0.4838867187499999,summary,
1080.0,,0.4553571428571428,no_priority_bias,0.4285714285714286,0.4719387755102041,summary,
1100.0,,0.471875,no_priority_bias,0.41220703125,0.49140625,summary,
1120.0,,0.4529974489795918,no_priority_bias,0.4487404336734694,0.4704559948979591,summary,
1140.0,,0.4664281728316326,no_priority_bias,0.4465381855867347,0.4710020727040817,summary,
1160.0,,0.50625,no_priority_bias,0.421875,0.51875,summary,
1180.0,,0.4690090880102041,no_priority_bias,0.4616350446428572,0.4720085299744898,summary,
1200.0,,0.479296875,no_priority_bias,0.435546875,0.4984375,summary,
1220.0,,0.4552136479591837,no_priority_bias,0.4471061862244898,0.4553093112244898,summary,
1240.0,,0.486328125,no_priority_bias,0.46484375,0.513671875,summary,
1260.0,,0.4639190051020408,no_priority_bias,0.4462213010204082,0.4661431760204081,summary,
1280.0,,0.4495176977040816,no_priority_bias,0.4428611288265306,0.4609972895408163,summary,
1300.0,,0.4827148437499999,no_priority_bias,0.45009765625,0.5015624999999999,summary,
1320.0,,0.4247448979591837,no_priority_bias,0.4145408163265306,0.4260204081632653,summary,
1340.0,,0.4609375,no_priority_bias,0.45341796875,0.5091796875,summary,
1360.0,,0.4533482142857143,no_priority_bias,0.4487723214285714,0.4619738520408163,summary,
1380.0,,0.4611866230867347,no_priority_bias,0.4611467633928571,0.4907525510204081,summary,
1400.0,,0.4718749999999999,no_priority_bias,0.4625,0.4734375,summary,
1420.0,,0.467594068877551,no_priority_bias,0.460090481505102,0.4690190529336734,summary,
1440.0,,0.4982421875,no_priority_bias,0.4884765625,0.5013671875,summary,
1460.0,,0.469108737244898,no_priority_bias,0.4660873724489796,0.4749362244897959,summary,
1480.0,,0.4921875,no_priority_bias,0.4921875,0.51953125,summary,
1500.0,,0.5102040816326531,no_priority_bias,0.4489795918367347,0.5102040816326531,summary,
1520.0,,0.48740234375,no_priority_bias,0.4728515625,0.49345703125,summary,
1540.0,,0.4373565051020408,no_priority_bias,0.4325892857142857,0.4752391581632653,summary,
1560.0,,0.4401705994897959,no_priority_bias,0.4309430803571428,0.4547094228316326,summary,
1580.0,,0.4734375,no_priority_bias,0.46875,0.4859375,summary,
1600.0,,0.4675542091836734,no_priority_bias,0.4665577168367346,0.4725366709183673,summary,
1620.0,,0.4796875,no_priority_bias,0.4765625,0.49765625,summary,
1640.0,,0.461312181122449,no_priority_bias,0.4069116709183673,0.4671954719387755,summary,
1660.0,,0.462890625,no_priority_bias,0.447265625,0.466796875,summary,
1680.0,,0.4649872448979592,no_priority_bias,0.4529336734693877,0.471875,summary,
1700.0,,0.4618144132653061,no_priority_bias,0.4352479272959184,0.4662189094387755,summary,
1720.0,,0.4651367187499999,no_priority_bias,0.44453125,0.48916015625,summary,
1740.0,,0.4681122448979591,no_priority_bias,0.4502551020408163,0.485969387755102,summary,
1760.0,,0.45087890625,no_priority_bias,0.419140625,0.4833984375,summary,
1780.0,,0.4373405612244898,no_priority_bias,0.4138392857142857,0.4521364795918367,summary,
1800.0,,0.4808773118622449,no_priority_bias,0.4743104272959184,0.4837671396683674,summary,
1820.0,,0.459375,no_priority_bias,0.4453125,0.4734375,summary,
1840.0,,0.43408203125,no_priority_bias,0.4273557079081632,0.4386957908163265,summary,
1860.0,,0.5005859375,no_priority_bias,0.4720703125,0.516015625,summary,
1880.0,,0.4658960459183673,no_priority_bias,0.4577726403061224,0.4811623086734694,summary,
1900.0,,0.486328125,no_priority_bias,0.439453125,0.5078125,summary,
1920.0,,0.4530293367346938,no_priority_bias,0.4314492984693877,0.453140943877551,summary,
1940.0,,0.4664580676020408,no_priority_bias,0.4574298469387755,0.469367825255102,summary,
1960.0,,0.4659179687499999,no_priority_bias,0.44423828125,0.4792968749999999,summary,
1980.0,,0.461734693877551,no_priority_bias,0.413265306122449,0.461734693877551,summary,
2000.0,,0.475,no_priority_bias,0.45,0.4812499999999999,summary,
2020.0,,0.4663384885204081,no_priority_bias,0.4582768654336734,0.4729452327806122,summary,
2040.0,,0.478515625,no_priority_bias,0.4525390625,0.5001953125,summary,
2060.0,,0.4527264030612244,no_priority_bias,0.4472018494897959,0.4554049744897959,summary,
2080.0,,0.453125,no_priority_bias,0.451171875,0.494140625,summary,
2100.0,,0.452391581632653,no_priority_bias,0.4517777423469387,0.4640306122448979,summary,
2120.0,,0.4575494260204081,no_priority_bias,0.4499362244897959,0.4696269132653061,summary,
2140.0,,0.429296875,no_priority_bias,0.416015625,0.4826171875,summary,
2160.0,,0.4591836734693877,no_priority_bias,0.4515306122448979,0.4642857142857143,summary,
2180.0,,0.4572265625,no_priority_bias,0.43642578125,0.46474609375,summary,
2200.0,,0.4645089285714285,no_priority_bias,0.4231823979591836,0.4700892857142856,summary,
2220.0,,0.4706333705357143,no_priority_bias,0.4604193239795918,0.497199856505102,summary,
2240.0,,0.5,no_priority_bias,0.4765625,0.5687500000000001,summary,
2260.0,,0.4682517538265306,no_priority_bias,0.4673549107142857,0.4782366071428571,summary,
2280.0,,0.4837890625,no_priority_bias,0.47890625,0.484375,summary,
2300.0,,0.4503507653061224,no_priority_bias,0.4436543367346939,0.4599170918367347,summary,
2320.0,,0.51171875,no_priority_bias,0.46875,0.541015625,summary,
2340.0,,0.4795758928571428,no_priority_bias,0.4454958545918366,0.4880022321428571,summary,
2360.0,,0.4800502232142857,no_priority_bias,0.4649035395408163,0.4851323341836734,summary,
2380.0,,0.4814453125,no_priority_bias,0.4712890624999999,0.48701171875,summary,
2400.0,,0.4528061224489796,no_priority_bias,0.4362244897959184,0.4579081632653061,summary,
2420.0,,0.46533203125,no_priority_bias,0.46240234375,0.50244140625,summary,
2440.0,,0.445328443877551,no_priority_bias,0.4388552295918367,0.4599170918367347,summary,
2460.0,,0.4625916772959183,no_priority_bias,0.4334741709183674,0.4788942920918367,summary,
2480.0,,0.45,no_priority_bias,0.4171875,0.4828125,summary,
2500.0,,0.46875,no_priority_bias,0.4453125,0.515625,summary,
2520.0,,0.4299426020408163,no_priority_bias,0.4193797831632653,0.4692442602040816,summary,
2540.0,,0.4610172193877551,no_priority_bias,0.4477439413265306,0.4656808035714286,summary,
2560.0,,0.5003906250000001,no_priority_bias,0.4455078125,0.5005859374999999,summary,
2580.0,,0.4693877551020408,no_priority_bias,0.4642857142857143,0.4821428571428571,summary,
2600.0,,0.4912109375,no_priority_bias,0.47958984375,0.5185546875,summary,
2620.0,,0.4658163265306122,no_priority_bias,0.443734056122449,0.4774394132653061,summary,
2640.0,,0.4540517378826531,no_priority_bias,0.4540019132653061,0.4774892378826531,summary,
2660.0,,0.4765625,no_priority_bias,0.4765625,0.48125,summary,
2680.0,,0.4987344547193877,no_priority_bias,0.4624322385204081,0.5048030931122449,summary,
2700.0,,0.4681640625,no_priority_bias,0.466796875,0.5013671875,summary,
2720.0,,0.4695232780612244,no_priority_bias,0.4627471301020407,0.5012117346938775,summary,
2740.0,,0.525390625,no_priority_bias,0.509765625,0.541015625,summary,
2760.0,,0.4832110969387755,no_priority_bias,0.4649952168367346,0.4857382015306122,summary,
2780.0,,0.471500318877551,no_priority_bias,0.4575294961734694,0.4859893176020408,summary,
2800.0,,0.4736328125,no_priority_bias,0.46025390625,0.48330078125,summary,
2820.0,,0.4489795918367347,no_priority_bias,0.4094387755102041,0.451530612244898,summary,
2840.0,,0.480078125,no_priority_bias,0.46240234375,0.48125,summary,
2860.0,,0.4909917091836734,no_priority_bias,0.4626753826530612,0.5000637755102041,summary,
2880.0,,0.473762356505102,no_priority_bias,0.4384665975765306,0.4979372608418367,summary,
2900.0,,0.4921875,no_priority_bias,0.4875,0.5,summary,
2920.0,,0.4328364158163265,no_priority_bias,0.4273955676020408,0.4485710299744898,summary,
2940.0,,0.4591796875,no_priority_bias,0.4578125,0.485546875,summary,
2960.0,,0.4305484693877551,no_priority_bias,0.4304926658163265,0.4615991709183674,summary,
2980.0,,0.4921875,no_priority_bias,0.47265625,0.494140625,summary,
3000.0,,0.4744897959183673,no_priority_bias,0.4336734693877551,0.4744897959183673,summary,
16.0,0.251953125,,no_domain_randomization,,,seed,42.0
32.0,0.2765625,,no_domain_randomization,,,seed,42.0
48.0,0.2206632653061224,,no_domain_randomization,,,seed,42.0
64.0,0.412109375,,no_domain_randomization,,,seed,42.0
80.0,0.35,,no_domain_randomization,,,seed,42.0
96.0,0.3112244897959183,,no_domain_randomization,,,seed,42.0
112.0,0.505859375,,no_domain_randomization,,,seed,42.0
128.0,0.453125,,no_domain_randomization,,,seed,42.0
144.0,0.3979591836734694,,no_domain_randomization,,,seed,42.0
160.0,0.556640625,,no_domain_randomization,,,seed,42.0
176.0,0.49375,,no_domain_randomization,,,seed,42.0
192.0,0.475765306122449,,no_domain_randomization,,,seed,42.0
208.0,0.671875,,no_domain_randomization,,,seed,42.0
224.0,0.51875,,no_domain_randomization,,,seed,42.0
240.0,0.4349489795918367,,no_domain_randomization,,,seed,42.0
250.0,0.390625,,no_domain_randomization,,,seed,42.0
266.0,0.4609375,,no_domain_randomization,,,seed,42.0
282.0,0.4630102040816327,,no_domain_randomization,,,seed,42.0
298.0,0.568359375,,no_domain_randomization,,,seed,42.0
314.0,0.5078125,,no_domain_randomization,,,seed,42.0
330.0,0.4553571428571428,,no_domain_randomization,,,seed,42.0
346.0,0.646484375,,no_domain_randomization,,,seed,42.0
362.0,0.55,,no_domain_randomization,,,seed,42.0
378.0,0.4655612244897959,,no_domain_randomization,,,seed,42.0
394.0,0.525390625,,no_domain_randomization,,,seed,42.0
410.0,0.5375000000000001,,no_domain_randomization,,,seed,42.0
426.0,0.4183673469387755,,no_domain_randomization,,,seed,42.0
442.0,0.5078125,,no_domain_randomization,,,seed,42.0
458.0,0.4484375,,no_domain_randomization,,,seed,42.0
474.0,0.5038265306122449,,no_domain_randomization,,,seed,42.0
490.0,0.65234375,,no_domain_randomization,,,seed,42.0
500.0,0.5800000000000001,,no_domain_randomization,,,seed,42.0
516.0,0.5051020408163265,,no_domain_randomization,,,seed,42.0
532.0,0.599609375,,no_domain_randomization,,,seed,42.0
548.0,0.596875,,no_domain_randomization,,,seed,42.0
564.0,0.4834183673469387,,no_domain_randomization,,,seed,42.0
580.0,0.623046875,,no_domain_randomization,,,seed,42.0
596.0,0.5375,,no_domain_randomization,,,seed,42.0
612.0,0.5114795918367347,,no_domain_randomization,,,seed,42.0
628.0,0.546875,,no_domain_randomization,,,seed,42.0
644.0,0.4984375000000001,,no_domain_randomization,,,seed,42.0
660.0,0.4196428571428571,,no_domain_randomization,,,seed,42.0
676.0,0.62109375,,no_domain_randomization,,,seed,42.0
692.0,0.559375,,no_domain_randomization,,,seed,42.0
708.0,0.5089285714285714,,no_domain_randomization,,,seed,42.0
724.0,0.67578125,,no_domain_randomization,,,seed,42.0
740.0,0.53125,,no_domain_randomization,,,seed,42.0
756.0,0.5522959183673469,,no_domain_randomization,,,seed,42.0
772.0,0.65625,,no_domain_randomization,,,seed,42.0
788.0,0.596875,,no_domain_randomization,,,seed,42.0
804.0,0.5051020408163265,,no_domain_randomization,,,seed,42.0
820.0,0.6953125,,no_domain_randomization,,,seed,42.0
836.0,0.5734374999999999,,no_domain_randomization,,,seed,42.0
852.0,0.4846938775510203,,no_domain_randomization,,,seed,42.0
868.0,0.728515625,,no_domain_randomization,,,seed,42.0
884.0,0.646875,,no_domain_randomization,,,seed,42.0
900.0,0.4961734693877551,,no_domain_randomization,,,seed,42.0
916.0,0.6796875,,no_domain_randomization,,,seed,42.0
932.0,0.5531250000000001,,no_domain_randomization,,,seed,42.0
948.0,0.5267857142857143,,no_domain_randomization,,,seed,42.0
964.0,0.58203125,,no_domain_randomization,,,seed,42.0
980.0,0.5796875,,no_domain_randomization,,,seed,42.0
996.0,0.4744897959183674,,no_domain_randomization,,,seed,42.0
1000.0,0.7578125,,no_domain_randomization,,,seed,42.0
1016.0,0.5265625,,no_domain_randomization,,,seed,42.0
1032.0,0.4285714285714286,,no_domain_randomization,,,seed,42.0
1048.0,0.67578125,,no_domain_randomization,,,seed,42.0
1064.0,0.5984375,,no_domain_randomization,,,seed,42.0
1080.0,0.4974489795918367,,no_domain_randomization,,,seed,42.0
1096.0,0.669921875,,no_domain_randomization,,,seed,42.0
1112.0,0.6171875,,no_domain_randomization,,,seed,42.0
1128.0,0.3839285714285714,,no_domain_randomization,,,seed,42.0
1144.0,0.623046875,,no_domain_randomization,,,seed,42.0
1160.0,0.515625,,no_domain_randomization,,,seed,42.0
1176.0,0.4885204081632653,,no_domain_randomization,,,seed,42.0
1192.0,0.630859375,,no_domain_randomization,,,seed,42.0
1208.0,0.5703125,,no_domain_randomization,,,seed,42.0
1224.0,0.4719387755102041,,no_domain_randomization,,,seed,42.0
1240.0,0.646484375,,no_domain_randomization,,,seed,42.0
1256.0,0.54375,,no_domain_randomization,,,seed,42.0
1272.0,0.5051020408163265,,no_domain_randomization,,,seed,42.0
1288.0,0.650390625,,no_domain_randomization,,,seed,42.0
1304.0,0.5890625,,no_domain_randomization,,,seed,42.0
1320.0,0.4579081632653061,,no_domain_randomization,,,seed,42.0
1336.0,0.666015625,,no_domain_randomization,,,seed,42.0
1352.0,0.6140625,,no_domain_randomization,,,seed,42.0
1368.0,0.5140306122448979,,no_domain_randomization,,,seed,42.0
1384.0,0.697265625,,no_domain_randomization,,,seed,42.0
1400.0,0.5421875,,no_domain_randomization,,,seed,42.0
1416.0,0.4948979591836735,,no_domain_randomization,,,seed,42.0
1432.0,0.625,,no_domain_randomization,,,seed,42.0
1448.0,0.540625,,no_domain_randomization,,,seed,42.0
1464.0,0.4783163265306122,,no_domain_randomization,,,seed,42.0
1480.0,0.662109375,,no_domain_randomization,,,seed,42.0
1496.0,0.565625,,no_domain_randomization,,,seed,42.0
1500.0,0.4795918367346939,,no_domain_randomization,,,seed,42.0
1516.0,0.685546875,,no_domain_randomization,,,seed,42.0
1532.0,0.5421875,,no_domain_randomization,,,seed,42.0
1548.0,0.471938775510204,,no_domain_randomization,,,seed,42.0
1564.0,0.703125,,no_domain_randomization,,,seed,42.0
1580.0,0.58125,,no_domain_randomization,,,seed,42.0
1596.0,0.5688775510204082,,no_domain_randomization,,,seed,42.0
1612.0,0.728515625,,no_domain_randomization,,,seed,42.0
1628.0,0.6265625,,no_domain_randomization,,,seed,42.0
1644.0,0.5433673469387754,,no_domain_randomization,,,seed,42.0
1660.0,0.685546875,,no_domain_randomization,,,seed,42.0
1676.0,0.6000000000000001,,no_domain_randomization,,,seed,42.0
1692.0,0.4668367346938775,,no_domain_randomization,,,seed,42.0
1708.0,0.671875,,no_domain_randomization,,,seed,42.0
1724.0,0.5765625000000001,,no_domain_randomization,,,seed,42.0
1740.0,0.4681122448979592,,no_domain_randomization,,,seed,42.0
1756.0,0.701171875,,no_domain_randomization,,,seed,42.0
1772.0,0.6234375,,no_domain_randomization,,,seed,42.0
1788.0,0.4897959183673469,,no_domain_randomization,,,seed,42.0
1804.0,0.65234375,,no_domain_randomization,,,seed,42.0
1820.0,0.5874999999999999,,no_domain_randomization,,,seed,42.0
1836.0,0.4451530612244898,,no_domain_randomization,,,seed,42.0
1852.0,0.646484375,,no_domain_randomization,,,seed,42.0
1868.0,0.5859375,,no_domain_randomization,,,seed,42.0
1884.0,0.5293367346938775,,no_domain_randomization,,,seed,42.0
1900.0,0.69140625,,no_domain_randomization,,,seed,42.0
1916.0,0.58125,,no_domain_randomization,,,seed,42.0
1932.0,0.5102040816326531,,no_domain_randomization,,,seed,42.0
1948.0,0.6640625,,no_domain_randomization,,,seed,42.0
1964.0,0.5640624999999999,,no_domain_randomization,,,seed,42.0
1980.0,0.4744897959183673,,no_domain_randomization,,,seed,42.0
1996.0,0.671875,,no_domain_randomization,,,seed,42.0
2000.0,0.58125,,no_domain_randomization,,,seed,42.0
2016.0,0.4974489795918367,,no_domain_randomization,,,seed,42.0
2032.0,0.69140625,,no_domain_randomization,,,seed,42.0
2048.0,0.540625,,no_domain_randomization,,,seed,42.0
2064.0,0.4872448979591837,,no_domain_randomization,,,seed,42.0
2080.0,0.712890625,,no_domain_randomization,,,seed,42.0
2096.0,0.5703125,,no_domain_randomization,,,seed,42.0
2112.0,0.4846938775510204,,no_domain_randomization,,,seed,42.0
2128.0,0.685546875,,no_domain_randomization,,,seed,42.0
2144.0,0.5656249999999999,,no_domain_randomization,,,seed,42.0
2160.0,0.4923469387755101,,no_domain_randomization,,,seed,42.0
2176.0,0.607421875,,no_domain_randomization,,,seed,42.0
2192.0,0.56875,,no_domain_randomization,,,seed,42.0
2208.0,0.5038265306122449,,no_domain_randomization,,,seed,42.0
2224.0,0.658203125,,no_domain_randomization,,,seed,42.0
2240.0,0.6015625,,no_domain_randomization,,,seed,42.0
2256.0,0.4961734693877551,,no_domain_randomization,,,seed,42.0
2272.0,0.7265625,,no_domain_randomization,,,seed,42.0
2288.0,0.640625,,no_domain_randomization,,,seed,42.0
2304.0,0.5191326530612245,,no_domain_randomization,,,seed,42.0
2320.0,0.654296875,,no_domain_randomization,,,seed,42.0
2336.0,0.6171875,,no_domain_randomization,,,seed,42.0
2352.0,0.506377551020408,,no_domain_randomization,,,seed,42.0
2368.0,0.685546875,,no_domain_randomization,,,seed,42.0
2384.0,0.521875,,no_domain_randomization,,,seed,42.0
2400.0,0.5025510204081632,,no_domain_randomization,,,seed,42.0
2416.0,0.705078125,,no_domain_randomization,,,seed,42.0
2432.0,0.58125,,no_domain_randomization,,,seed,42.0
2448.0,0.4795918367346938,,no_domain_randomization,,,seed,42.0
2464.0,0.650390625,,no_domain_randomization,,,seed,42.0
2480.0,0.5703125,,no_domain_randomization,,,seed,42.0
2496.0,0.485969387755102,,no_domain_randomization,,,seed,42.0
2500.0,0.6171875,,no_domain_randomization,,,seed,42.0
2516.0,0.5687500000000001,,no_domain_randomization,,,seed,42.0
2532.0,0.4591836734693877,,no_domain_randomization,,,seed,42.0
2548.0,0.68359375,,no_domain_randomization,,,seed,42.0
2564.0,0.6,,no_domain_randomization,,,seed,42.0
2580.0,0.5165816326530612,,no_domain_randomization,,,seed,42.0
2596.0,0.6875,,no_domain_randomization,,,seed,42.0
2612.0,0.6046874999999999,,no_domain_randomization,,,seed,42.0
2628.0,0.5497448979591837,,no_domain_randomization,,,seed,42.0
2644.0,0.630859375,,no_domain_randomization,,,seed,42.0
2660.0,0.5734374999999999,,no_domain_randomization,,,seed,42.0
2676.0,0.5510204081632653,,no_domain_randomization,,,seed,42.0
2692.0,0.70703125,,no_domain_randomization,,,seed,42.0
2708.0,0.6140625000000001,,no_domain_randomization,,,seed,42.0
2724.0,0.4999999999999999,,no_domain_randomization,,,seed,42.0
2740.0,0.701171875,,no_domain_randomization,,,seed,42.0
2756.0,0.6343749999999999,,no_domain_randomization,,,seed,42.0
2772.0,0.5076530612244898,,no_domain_randomization,,,seed,42.0
2788.0,0.666015625,,no_domain_randomization,,,seed,42.0
2804.0,0.5546875,,no_domain_randomization,,,seed,42.0
2820.0,0.534438775510204,,no_domain_randomization,,,seed,42.0
2836.0,0.73046875,,no_domain_randomization,,,seed,42.0
2852.0,0.6,,no_domain_randomization,,,seed,42.0
2868.0,0.5089285714285714,,no_domain_randomization,,,seed,42.0
2884.0,0.759765625,,no_domain_randomization,,,seed,42.0
2900.0,0.60625,,no_domain_randomization,,,seed,42.0
2916.0,0.4821428571428571,,no_domain_randomization,,,seed,42.0
2932.0,0.638671875,,no_domain_randomization,,,seed,42.0
2948.0,0.6203125,,no_domain_randomization,,,seed,42.0
2964.0,0.5318877551020408,,no_domain_randomization,,,seed,42.0
2980.0,0.662109375,,no_domain_randomization,,,seed,42.0
2996.0,0.534375,,no_domain_randomization,,,seed,42.0
3000.0,0.6275510204081634,,no_domain_randomization,,,seed,42.0
16.0,0.3046875,,no_domain_randomization,,,seed,43.0
32.0,0.2703125,,no_domain_randomization,,,seed,43.0
48.0,0.2385204081632653,,no_domain_randomization,,,seed,43.0
64.0,0.421875,,no_domain_randomization,,,seed,43.0
80.0,0.34375,,no_domain_randomization,,,seed,43.0
96.0,0.3201530612244898,,no_domain_randomization,,,seed,43.0
112.0,0.43359375,,no_domain_randomization,,,seed,43.0
128.0,0.3843749999999999,,no_domain_randomization,,,seed,43.0
144.0,0.3214285714285714,,no_domain_randomization,,,seed,43.0
160.0,0.576171875,,no_domain_randomization,,,seed,43.0
176.0,0.4203125,,no_domain_randomization,,,seed,43.0
192.0,0.2716836734693877,,no_domain_randomization,,,seed,43.0
208.0,0.490234375,,no_domain_randomization,,,seed,43.0
224.0,0.3609375,,no_domain_randomization,,,seed,43.0
240.0,0.4158163265306122,,no_domain_randomization,,,seed,43.0
250.0,0.6375,,no_domain_randomization,,,seed,43.0
266.0,0.459375,,no_domain_randomization,,,seed,43.0
282.0,0.4209183673469387,,no_domain_randomization,,,seed,43.0
298.0,0.537109375,,no_domain_randomization,,,seed,43.0
314.0,0.484375,,no_domain_randomization,,,seed,43.0
330.0,0.3979591836734694,,no_domain_randomization,,,seed,43.0
346.0,0.4921875,,no_domain_randomization,,,seed,43.0
362.0,0.434375,,no_domain_randomization,,,seed,43.0
378.0,0.4298469387755101,,no_domain_randomization,,,seed,43.0
394.0,0.52734375,,no_domain_randomization,,,seed,43.0
410.0,0.509375,,no_domain_randomization,,,seed,43.0
426.0,0.4336734693877551,,no_domain_randomization,,,seed,43.0
442.0,0.607421875,,no_domain_randomization,,,seed,43.0
458.0,0.5234375,,no_domain_randomization,,,seed,43.0
474.0,0.485969387755102,,no_domain_randomization,,,seed,43.0
490.0,0.619140625,,no_domain_randomization,,,seed,43.0
500.0,0.5975,,no_domain_randomization,,,seed,43.0
516.0,0.4706632653061224,,no_domain_randomization,,,seed,43.0
532.0,0.654296875,,no_domain_randomization,,,seed,43.0
548.0,0.5874999999999999,,no_domain_randomization,,,seed,43.0
564.0,0.4630102040816326,,no_domain_randomization,,,seed,43.0
580.0,0.578125,,no_domain_randomization,,,seed,43.0
596.0,0.596875,,no_domain_randomization,,,seed,43.0
612.0,0.4489795918367347,,no_domain_randomization,,,seed,43.0
628.0,0.662109375,,no_domain_randomization,,,seed,43.0
644.0,0.521875,,no_domain_randomization,,,seed,43.0
660.0,0.4834183673469387,,no_domain_randomization,,,seed,43.0
676.0,0.638671875,,no_domain_randomization,,,seed,43.0
692.0,0.5453125000000001,,no_domain_randomization,,,seed,43.0
708.0,0.4987244897959184,,no_domain_randomization,,,seed,43.0
724.0,0.607421875,,no_domain_randomization,,,seed,43.0
740.0,0.571875,,no_domain_randomization,,,seed,43.0
756.0,0.4897959183673469,,no_domain_randomization,,,seed,43.0
772.0,0.646484375,,no_domain_randomization,,,seed,43.0
788.0,0.5828125,,no_domain_randomization,,,seed,43.0
804.0,0.4795918367346938,,no_domain_randomization,,,seed,43.0
820.0,0.541015625,,no_domain_randomization,,,seed,43.0
836.0,0.5265625,,no_domain_randomization,,,seed,43.0
852.0,0.4119897959183673,,no_domain_randomization,,,seed,43.0
868.0,0.63671875,,no_domain_randomization,,,seed,43.0
884.0,0.5140625000000001,,no_domain_randomization,,,seed,43.0
900.0,0.4744897959183674,,no_domain_randomization,,,seed,43.0
916.0,0.609375,,no_domain_randomization,,,seed,43.0
932.0,0.5203125,,no_domain_randomization,,,seed,43.0
948.0,0.461734693877551,,no_domain_randomization,,,seed,43.0
964.0,0.59765625,,no_domain_randomization,,,seed,43.0
980.0,0.565625,,no_domain_randomization,,,seed,43.0
996.0,0.4693877551020408,,no_domain_randomization,,,seed,43.0
1000.0,0.6484375,,no_domain_randomization,,,seed,43.0
1016.0,0.6265625,,no_domain_randomization,,,seed,43.0
1032.0,0.4528061224489795,,no_domain_randomization,,,seed,43.0
1048.0,0.67578125,,no_domain_randomization,,,seed,43.0
1064.0,0.5703125,,no_domain_randomization,,,seed,43.0
1080.0,0.5,,no_domain_randomization,,,seed,43.0
1096.0,0.671875,,no_domain_randomization,,,seed,43.0
1112.0,0.5390625,,no_domain_randomization,,,seed,43.0
1128.0,0.4885204081632652,,no_domain_randomization,,,seed,43.0
1144.0,0.603515625,,no_domain_randomization,,,seed,43.0
1160.0,0.559375,,no_domain_randomization,,,seed,43.0
1176.0,0.5114795918367347,,no_domain_randomization,,,seed,43.0
1192.0,0.693359375,,no_domain_randomization,,,seed,43.0
1208.0,0.5765625000000001,,no_domain_randomization,,,seed,43.0
1224.0,0.4948979591836734,,no_domain_randomization,,,seed,43.0
1240.0,0.63671875,,no_domain_randomization,,,seed,43.0
1256.0,0.51875,,no_domain_randomization,,,seed,43.0
1272.0,0.4323979591836735,,no_domain_randomization,,,seed,43.0
1288.0,0.65625,,no_domain_randomization,,,seed,43.0
1304.0,0.571875,,no_domain_randomization,,,seed,43.0
1320.0,0.5051020408163265,,no_domain_randomization,,,seed,43.0
1336.0,0.630859375,,no_domain_randomization,,,seed,43.0
1352.0,0.5203125,,no_domain_randomization,,,seed,43.0
1368.0,0.4591836734693877,,no_domain_randomization,,,seed,43.0
1384.0,0.673828125,,no_domain_randomization,,,seed,43.0
1400.0,0.575,,no_domain_randomization,,,seed,43.0
1416.0,0.4528061224489795,,no_domain_randomization,,,seed,43.0
1432.0,0.669921875,,no_domain_randomization,,,seed,43.0
1448.0,0.60625,,no_domain_randomization,,,seed,43.0
1464.0,0.4681122448979591,,no_domain_randomization,,,seed,43.0
1480.0,0.626953125,,no_domain_randomization,,,seed,43.0
1496.0,0.5843750000000001,,no_domain_randomization,,,seed,43.0
1500.0,0.5357142857142857,,no_domain_randomization,,,seed,43.0
1516.0,0.703125,,no_domain_randomization,,,seed,43.0
1532.0,0.5328124999999999,,no_domain_randomization,,,seed,43.0
1548.0,0.5267857142857143,,no_domain_randomization,,,seed,43.0
1564.0,0.662109375,,no_domain_randomization,,,seed,43.0
1580.0,0.5906250000000001,,no_domain_randomization,,,seed,43.0
1596.0,0.4987244897959184,,no_domain_randomization,,,seed,43.0
1612.0,0.7109375,,no_domain_randomization,,,seed,43.0
1628.0,0.5828125,,no_domain_randomization,,,seed,43.0
1644.0,0.485969387755102,,no_domain_randomization,,,seed,43.0
1660.0,0.720703125,,no_domain_randomization,,,seed,43.0
1676.0,0.6109375,,no_domain_randomization,,,seed,43.0
1692.0,0.5153061224489796,,no_domain_randomization,,,seed,43.0
1708.0,0.619140625,,no_domain_randomization,,,seed,43.0
1724.0,0.5421875,,no_domain_randomization,,,seed,43.0
1740.0,0.4630102040816326,,no_domain_randomization,,,seed,43.0
1756.0,0.677734375,,no_domain_randomization,,,seed,43.0
1772.0,0.496875,,no_domain_randomization,,,seed,43.0
1788.0,0.4961734693877551,,no_domain_randomization,,,seed,43.0
1804.0,0.64453125,,no_domain_randomization,,,seed,43.0
1820.0,0.5390625,,no_domain_randomization,,,seed,43.0
1836.0,0.451530612244898,,no_domain_randomization,,,seed,43.0
1852.0,0.595703125,,no_domain_randomization,,,seed,43.0
1868.0,0.534375,,no_domain_randomization,,,seed,43.0
1884.0,0.4795918367346938,,no_domain_randomization,,,seed,43.0
1900.0,0.701171875,,no_domain_randomization,,,seed,43.0
1916.0,0.559375,,no_domain_randomization,,,seed,43.0
1932.0,0.4681122448979592,,no_domain_randomization,,,seed,43.0
1948.0,0.666015625,,no_domain_randomization,,,seed,43.0
1964.0,0.54375,,no_domain_randomization,,,seed,43.0
1980.0,0.4693877551020408,,no_domain_randomization,,,seed,43.0
1996.0,0.626953125,,no_domain_randomization,,,seed,43.0
2000.0,0.5375,,no_domain_randomization,,,seed,43.0
2016.0,0.5063775510204082,,no_domain_randomization,,,seed,43.0
2032.0,0.68359375,,no_domain_randomization,,,seed,43.0
2048.0,0.5890625,,no_domain_randomization,,,seed,43.0
2064.0,0.4757653061224489,,no_domain_randomization,,,seed,43.0
2080.0,0.6484375,,no_domain_randomization,,,seed,43.0
2096.0,0.5953124999999999,,no_domain_randomization,,,seed,43.0
2112.0,0.4770408163265306,,no_domain_randomization,,,seed,43.0
2128.0,0.70703125,,no_domain_randomization,,,seed,43.0
2144.0,0.5546875,,no_domain_randomization,,,seed,43.0
2160.0,0.4821428571428571,,no_domain_randomization,,,seed,43.0
2176.0,0.630859375,,no_domain_randomization,,,seed,43.0
2192.0,0.6234375000000001,,no_domain_randomization,,,seed,43.0
2208.0,0.5727040816326531,,no_domain_randomization,,,seed,43.0
2224.0,0.6640625,,no_domain_randomization,,,seed,43.0
2240.0,0.5671875,,no_domain_randomization,,,seed,43.0
2256.0,0.5153061224489797,,no_domain_randomization,,,seed,43.0
2272.0,0.705078125,,no_domain_randomization,,,seed,43.0
2288.0,0.6109375,,no_domain_randomization,,,seed,43.0
2304.0,0.5178571428571428,,no_domain_randomization,,,seed,43.0
2320.0,0.72265625,,no_domain_randomization,,,seed,43.0
2336.0,0.559375,,no_domain_randomization,,,seed,43.0
2352.0,0.4936224489795918,,no_domain_randomization,,,seed,43.0
2368.0,0.693359375,,no_domain_randomization,,,seed,43.0
2384.0,0.6046875,,no_domain_randomization,,,seed,43.0
2400.0,0.5102040816326531,,no_domain_randomization,,,seed,43.0
2416.0,0.685546875,,no_domain_randomization,,,seed,43.0
2432.0,0.5421875,,no_domain_randomization,,,seed,43.0
2448.0,0.4821428571428571,,no_domain_randomization,,,seed,43.0
2464.0,0.705078125,,no_domain_randomization,,,seed,43.0
2480.0,0.5531250000000001,,no_domain_randomization,,,seed,43.0
2496.0,0.5255102040816326,,no_domain_randomization,,,seed,43.0
2500.0,0.7421875,,no_domain_randomization,,,seed,43.0
2516.0,0.6265624999999999,,no_domain_randomization,,,seed,43.0
2532.0,0.5625,,no_domain_randomization,,,seed,43.0
2548.0,0.669921875,,no_domain_randomization,,,seed,43.0
2564.0,0.60625,,no_domain_randomization,,,seed,43.0
2580.0,0.4706632653061224,,no_domain_randomization,,,seed,43.0
2596.0,0.642578125,,no_domain_randomization,,,seed,43.0
2612.0,0.5953124999999999,,no_domain_randomization,,,seed,43.0
2628.0,0.4540816326530612,,no_domain_randomization,,,seed,43.0
2644.0,0.751953125,,no_domain_randomization,,,seed,43.0
2660.0,0.5890625,,no_domain_randomization,,,seed,43.0
2676.0,0.528061224489796,,no_domain_randomization,,,seed,43.0
2692.0,0.595703125,,no_domain_randomization,,,seed,43.0
2708.0,0.5968749999999999,,no_domain_randomization,,,seed,43.0
2724.0,0.5382653061224489,,no_domain_randomization,,,seed,43.0
2740.0,0.66796875,,no_domain_randomization,,,seed,43.0
2756.0,0.65625,,no_domain_randomization,,,seed,43.0
2772.0,0.5382653061224489,,no_domain_randomization,,,seed,43.0
2788.0,0.6796875,,no_domain_randomization,,,seed,43.0
2804.0,0.54375,,no_domain_randomization,,,seed,43.0
2820.0,0.4540816326530612,,no_domain_randomization,,,seed,43.0
2836.0,0.5859375,,no_domain_randomization,,,seed,43.0
2852.0,0.5953125,,no_domain_randomization,,,seed,43.0
2868.0,0.5102040816326531,,no_domain_randomization,,,seed,43.0
2884.0,0.64453125,,no_domain_randomization,,,seed,43.0
2900.0,0.5578125,,no_domain_randomization,,,seed,43.0
2916.0,0.534438775510204,,no_domain_randomization,,,seed,43.0
2932.0,0.6640625,,no_domain_randomization,,,seed,43.0
2948.0,0.5609375,,no_domain_randomization,,,seed,43.0
2964.0,0.4897959183673469,,no_domain_randomization,,,seed,43.0
2980.0,0.689453125,,no_domain_randomization,,,seed,43.0
2996.0,0.6015625,,no_domain_randomization,,,seed,43.0
3000.0,0.5561224489795917,,no_domain_randomization,,,seed,43.0
16.0,0.318359375,,no_domain_randomization,,,seed,44.0
32.0,0.2546875,,no_domain_randomization,,,seed,44.0
48.0,0.2270408163265306,,no_domain_randomization,,,seed,44.0
64.0,0.380859375,,no_domain_randomization,,,seed,44.0
80.0,0.353125,,no_domain_randomization,,,seed,44.0
96.0,0.3354591836734694,,no_domain_randomization,,,seed,44.0
112.0,0.47265625,,no_domain_randomization,,,seed,44.0
128.0,0.425,,no_domain_randomization,,,seed,44.0
144.0,0.360969387755102,,no_domain_randomization,,,seed,44.0
160.0,0.51953125,,no_domain_randomization,,,seed,44.0
176.0,0.440625,,no_domain_randomization,,,seed,44.0
192.0,0.3775510204081632,,no_domain_randomization,,,seed,44.0
208.0,0.634765625,,no_domain_randomization,,,seed,44.0
224.0,0.496875,,no_domain_randomization,,,seed,44.0
240.0,0.3839285714285714,,no_domain_randomization,,,seed,44.0
250.0,0.621875,,no_domain_randomization,,,seed,44.0
266.0,0.4125,,no_domain_randomization,,,seed,44.0
282.0,0.3839285714285714,,no_domain_randomization,,,seed,44.0
298.0,0.56640625,,no_domain_randomization,,,seed,44.0
314.0,0.4984375,,no_domain_randomization,,,seed,44.0
330.0,0.4272959183673469,,no_domain_randomization,,,seed,44.0
346.0,0.576171875,,no_domain_randomization,,,seed,44.0
362.0,0.4609375,,no_domain_randomization,,,seed,44.0
378.0,0.4209183673469387,,no_domain_randomization,,,seed,44.0
394.0,0.37109375,,no_domain_randomization,,,seed,44.0
410.0,0.4296875,,no_domain_randomization,,,seed,44.0
426.0,0.3915816326530612,,no_domain_randomization,,,seed,44.0
442.0,0.599609375,,no_domain_randomization,,,seed,44.0
458.0,0.459375,,no_domain_randomization,,,seed,44.0
474.0,0.4515306122448979,,no_domain_randomization,,,seed,44.0
490.0,0.37109375,,no_domain_randomization,,,seed,44.0
500.0,0.4449999999999999,,no_domain_randomization,,,seed,44.0
516.0,0.4260204081632653,,no_domain_randomization,,,seed,44.0
532.0,0.529296875,,no_domain_randomization,,,seed,44.0
548.0,0.490625,,no_domain_randomization,,,seed,44.0
564.0,0.4323979591836734,,no_domain_randomization,,,seed,44.0
580.0,0.5546875,,no_domain_randomization,,,seed,44.0
596.0,0.5375,,no_domain_randomization,,,seed,44.0
612.0,0.4770408163265306,,no_domain_randomization,,,seed,44.0
628.0,0.544921875,,no_domain_randomization,,,seed,44.0
644.0,0.5578125,,no_domain_randomization,,,seed,44.0
660.0,0.3762755102040816,,no_domain_randomization,,,seed,44.0
676.0,0.611328125,,no_domain_randomization,,,seed,44.0
692.0,0.5609375,,no_domain_randomization,,,seed,44.0
708.0,0.4719387755102041,,no_domain_randomization,,,seed,44.0
724.0,0.60546875,,no_domain_randomization,,,seed,44.0
740.0,0.4578125,,no_domain_randomization,,,seed,44.0
756.0,0.4655612244897959,,no_domain_randomization,,,seed,44.0
772.0,0.673828125,,no_domain_randomization,,,seed,44.0
788.0,0.534375,,no_domain_randomization,,,seed,44.0
804.0,0.5153061224489796,,no_domain_randomization,,,seed,44.0
820.0,0.572265625,,no_domain_randomization,,,seed,44.0
836.0,0.5390625,,no_domain_randomization,,,seed,44.0
852.0,0.4936224489795918,,no_domain_randomization,,,seed,44.0
868.0,0.630859375,,no_domain_randomization,,,seed,44.0
884.0,0.5875,,no_domain_randomization,,,seed,44.0
900.0,0.5127551020408163,,no_domain_randomization,,,seed,44.0
916.0,0.6796875,,no_domain_randomization,,,seed,44.0
932.0,0.5718749999999999,,no_domain_randomization,,,seed,44.0
948.0,0.4400510204081633,,no_domain_randomization,,,seed,44.0
964.0,0.54296875,,no_domain_randomization,,,seed,44.0
980.0,0.5,,no_domain_randomization,,,seed,44.0
996.0,0.471938775510204,,no_domain_randomization,,,seed,44.0
1000.0,0.6640625,,no_domain_randomization,,,seed,44.0
1016.0,0.5234375,,no_domain_randomization,,,seed,44.0
1032.0,0.485969387755102,,no_domain_randomization,,,seed,44.0
1048.0,0.646484375,,no_domain_randomization,,,seed,44.0
1064.0,0.6015625,,no_domain_randomization,,,seed,44.0
1080.0,0.4974489795918367,,no_domain_randomization,,,seed,44.0
1096.0,0.654296875,,no_domain_randomization,,,seed,44.0
1112.0,0.6499999999999999,,no_domain_randomization,,,seed,44.0
1128.0,0.4834183673469387,,no_domain_randomization,,,seed,44.0
1144.0,0.611328125,,no_domain_randomization,,,seed,44.0
1160.0,0.55,,no_domain_randomization,,,seed,44.0
1176.0,0.4260204081632653,,no_domain_randomization,,,seed,44.0
1192.0,0.60546875,,no_domain_randomization,,,seed,44.0
1208.0,0.4765625,,no_domain_randomization,,,seed,44.0
1224.0,0.4706632653061224,,no_domain_randomization,,,seed,44.0
1240.0,0.677734375,,no_domain_randomization,,,seed,44.0
1256.0,0.5015625,,no_domain_randomization,,,seed,44.0
1272.0,0.4489795918367347,,no_domain_randomization,,,seed,44.0
1288.0,0.603515625,,no_domain_randomization,,,seed,44.0
1304.0,0.5140625,,no_domain_randomization,,,seed,44.0
1320.0,0.4642857142857143,,no_domain_randomization,,,seed,44.0
1336.0,0.7265625,,no_domain_randomization,,,seed,44.0
1352.0,0.5421875,,no_domain_randomization,,,seed,44.0
1368.0,0.4974489795918367,,no_domain_randomization,,,seed,44.0
1384.0,0.56640625,,no_domain_randomization,,,seed,44.0
1400.0,0.5671875,,no_domain_randomization,,,seed,44.0
1416.0,0.5242346938775511,,no_domain_randomization,,,seed,44.0
1432.0,0.56640625,,no_domain_randomization,,,seed,44.0
1448.0,0.5921875000000001,,no_domain_randomization,,,seed,44.0
1464.0,0.5357142857142857,,no_domain_randomization,,,seed,44.0
1480.0,0.69140625,,no_domain_randomization,,,seed,44.0
1496.0,0.609375,,no_domain_randomization,,,seed,44.0
1500.0,0.5714285714285714,,no_domain_randomization,,,seed,44.0
1516.0,0.73046875,,no_domain_randomization,,,seed,44.0
1532.0,0.5265625,,no_domain_randomization,,,seed,44.0
1548.0,0.5612244897959184,,no_domain_randomization,,,seed,44.0
1564.0,0.689453125,,no_domain_randomization,,,seed,44.0
1580.0,0.6140625,,no_domain_randomization,,,seed,44.0
1596.0,0.5420918367346939,,no_domain_randomization,,,seed,44.0
1612.0,0.65625,,no_domain_randomization,,,seed,44.0
1628.0,0.5249999999999999,,no_domain_randomization,,,seed,44.0
1644.0,0.5165816326530612,,no_domain_randomization,,,seed,44.0
1660.0,0.677734375,,no_domain_randomization,,,seed,44.0
1676.0,0.540625,,no_domain_randomization,,,seed,44.0
1692.0,0.4910714285714286,,no_domain_randomization,,,seed,44.0
1708.0,0.6796875,,no_domain_randomization,,,seed,44.0
1724.0,0.528125,,no_domain_randomization,,,seed,44.0
1740.0,0.4783163265306122,,no_domain_randomization,,,seed,44.0
1756.0,0.68359375,,no_domain_randomization,,,seed,44.0
1772.0,0.5921875,,no_domain_randomization,,,seed,44.0
1788.0,0.4961734693877551,,no_domain_randomization,,,seed,44.0
1804.0,0.62890625,,no_domain_randomization,,,seed,44.0
1820.0,0.5125,,no_domain_randomization,,,seed,44.0
1836.0,0.4451530612244898,,no_domain_randomization,,,seed,44.0
1852.0,0.681640625,,no_domain_randomization,,,seed,44.0
1868.0,0.65625,,no_domain_randomization,,,seed,44.0
1884.0,0.5267857142857143,,no_domain_randomization,,,seed,44.0
1900.0,0.669921875,,no_domain_randomization,,,seed,44.0
1916.0,0.6078125000000001,,no_domain_randomization,,,seed,44.0
1932.0,0.5229591836734694,,no_domain_randomization,,,seed,44.0
1948.0,0.671875,,no_domain_randomization,,,seed,44.0
1964.0,0.6015625,,no_domain_randomization,,,seed,44.0
1980.0,0.5306122448979592,,no_domain_randomization,,,seed,44.0
1996.0,0.732421875,,no_domain_randomization,,,seed,44.0
2000.0,0.45,,no_domain_randomization,,,seed,44.0
2016.0,0.5012755102040817,,no_domain_randomization,,,seed,44.0
2032.0,0.646484375,,no_domain_randomization,,,seed,44.0
2048.0,0.578125,,no_domain_randomization,,,seed,44.0
2064.0,0.5216836734693877,,no_domain_randomization,,,seed,44.0
2080.0,0.67578125,,no_domain_randomization,,,seed,44.0
2096.0,0.5984375,,no_domain_randomization,,,seed,44.0
2112.0,0.4579081632653061,,no_domain_randomization,,,seed,44.0
2128.0,0.634765625,,no_domain_randomization,,,seed,44.0
2144.0,0.56875,,no_domain_randomization,,,seed,44.0
2160.0,0.5510204081632653,,no_domain_randomization,,,seed,44.0
2176.0,0.6484375,,no_domain_randomization,,,seed,44.0
2192.0,0.5515625,,no_domain_randomization,,,seed,44.0
2208.0,0.5331632653061225,,no_domain_randomization,,,seed,44.0
2224.0,0.69921875,,no_domain_randomization,,,seed,44.0
2240.0,0.534375,,no_domain_randomization,,,seed,44.0
2256.0,0.4897959183673469,,no_domain_randomization,,,seed,44.0
2272.0,0.765625,,no_domain_randomization,,,seed,44.0
2288.0,0.6171875,,no_domain_randomization,,,seed,44.0
2304.0,0.4821428571428571,,no_domain_randomization,,,seed,44.0
2320.0,0.6875,,no_domain_randomization,,,seed,44.0
2336.0,0.584375,,no_domain_randomization,,,seed,44.0
2352.0,0.4885204081632653,,no_domain_randomization,,,seed,44.0
2368.0,0.689453125,,no_domain_randomization,,,seed,44.0
2384.0,0.5375000000000001,,no_domain_randomization,,,seed,44.0
2400.0,0.4783163265306122,,no_domain_randomization,,,seed,44.0
2416.0,0.650390625,,no_domain_randomization,,,seed,44.0
2432.0,0.5609375,,no_domain_randomization,,,seed,44.0
2448.0,0.5255102040816326,,no_domain_randomization,,,seed,44.0
2464.0,0.685546875,,no_domain_randomization,,,seed,44.0
2480.0,0.5625,,no_domain_randomization,,,seed,44.0
2496.0,0.4834183673469388,,no_domain_randomization,,,seed,44.0
2500.0,0.5234375,,no_domain_randomization,,,seed,44.0
2516.0,0.675,,no_domain_randomization,,,seed,44.0
2532.0,0.5012755102040816,,no_domain_randomization,,,seed,44.0
2548.0,0.66796875,,no_domain_randomization,,,seed,44.0
2564.0,0.6031249999999999,,no_domain_randomization,,,seed,44.0
2580.0,0.5153061224489797,,no_domain_randomization,,,seed,44.0
2596.0,0.673828125,,no_domain_randomization,,,seed,44.0
2612.0,0.565625,,no_domain_randomization,,,seed,44.0
2628.0,0.5420918367346939,,no_domain_randomization,,,seed,44.0
2644.0,0.69921875,,no_domain_randomization,,,seed,44.0
2660.0,0.603125,,no_domain_randomization,,,seed,44.0
2676.0,0.5102040816326531,,no_domain_randomization,,,seed,44.0
2692.0,0.703125,,no_domain_randomization,,,seed,44.0
2708.0,0.64375,,no_domain_randomization,,,seed,44.0
2724.0,0.5025510204081632,,no_domain_randomization,,,seed,44.0
2740.0,0.712890625,,no_domain_randomization,,,seed,44.0
2756.0,0.5671875,,no_domain_randomization,,,seed,44.0
2772.0,0.5331632653061225,,no_domain_randomization,,,seed,44.0
2788.0,0.701171875,,no_domain_randomization,,,seed,44.0
2804.0,0.6609375,,no_domain_randomization,,,seed,44.0
2820.0,0.5484693877551021,,no_domain_randomization,,,seed,44.0
2836.0,0.681640625,,no_domain_randomization,,,seed,44.0
2852.0,0.6296875000000001,,no_domain_randomization,,,seed,44.0
2868.0,0.5216836734693877,,no_domain_randomization,,,seed,44.0
2884.0,0.685546875,,no_domain_randomization,,,seed,44.0
2900.0,0.6296875,,no_domain_randomization,,,seed,44.0
2916.0,0.5510204081632653,,no_domain_randomization,,,seed,44.0
2932.0,0.658203125,,no_domain_randomization,,,seed,44.0
2948.0,0.6515625,,no_domain_randomization,,,seed,44.0
2964.0,0.5497448979591837,,no_domain_randomization,,,seed,44.0
2980.0,0.708984375,,no_domain_randomization,,,seed,44.0
2996.0,0.5734375,,no_domain_randomization,,,seed,44.0
3000.0,0.4132653061224489,,no_domain_randomization,,,seed,44.0
16.0,0.2421875,,no_domain_randomization,,,seed,45.0
32.0,0.234375,,no_domain_randomization,,,seed,45.0
48.0,0.2385204081632653,,no_domain_randomization,,,seed,45.0
64.0,0.427734375,,no_domain_randomization,,,seed,45.0
80.0,0.346875,,no_domain_randomization,,,seed,45.0
96.0,0.2780612244897959,,no_domain_randomization,,,seed,45.0
112.0,0.4765625,,no_domain_randomization,,,seed,45.0
128.0,0.359375,,no_domain_randomization,,,seed,45.0
144.0,0.3316326530612244,,no_domain_randomization,,,seed,45.0
160.0,0.51171875,,no_domain_randomization,,,seed,45.0
176.0,0.4453125,,no_domain_randomization,,,seed,45.0
192.0,0.4081632653061224,,no_domain_randomization,,,seed,45.0
208.0,0.55859375,,no_domain_randomization,,,seed,45.0
224.0,0.509375,,no_domain_randomization,,,seed,45.0
240.0,0.4362244897959183,,no_domain_randomization,,,seed,45.0
250.0,0.553125,,no_domain_randomization,,,seed,45.0
266.0,0.4859375,,no_domain_randomization,,,seed,45.0
282.0,0.4413265306122449,,no_domain_randomization,,,seed,45.0
298.0,0.583984375,,no_domain_randomization,,,seed,45.0
314.0,0.4656249999999999,,no_domain_randomization,,,seed,45.0
330.0,0.4170918367346938,,no_domain_randomization,,,seed,45.0
346.0,0.599609375,,no_domain_randomization,,,seed,45.0
362.0,0.5015624999999999,,no_domain_randomization,,,seed,45.0
378.0,0.4285714285714286,,no_domain_randomization,,,seed,45.0
394.0,0.546875,,no_domain_randomization,,,seed,45.0
410.0,0.4765625,,no_domain_randomization,,,seed,45.0
426.0,0.4757653061224489,,no_domain_randomization,,,seed,45.0
442.0,0.607421875,,no_domain_randomization,,,seed,45.0
458.0,0.5531250000000001,,no_domain_randomization,,,seed,45.0
474.0,0.4719387755102041,,no_domain_randomization,,,seed,45.0
490.0,0.609375,,no_domain_randomization,,,seed,45.0
500.0,0.5475,,no_domain_randomization,,,seed,45.0
516.0,0.5076530612244898,,no_domain_randomization,,,seed,45.0
532.0,0.607421875,,no_domain_randomization,,,seed,45.0
548.0,0.5890625,,no_domain_randomization,,,seed,45.0
564.0,0.4591836734693877,,no_domain_randomization,,,seed,45.0
580.0,0.625,,no_domain_randomization,,,seed,45.0
596.0,0.55,,no_domain_randomization,,,seed,45.0
612.0,0.413265306122449,,no_domain_randomization,,,seed,45.0
628.0,0.61328125,,no_domain_randomization,,,seed,45.0
644.0,0.5453125,,no_domain_randomization,,,seed,45.0
660.0,0.3915816326530612,,no_domain_randomization,,,seed,45.0
676.0,0.677734375,,no_domain_randomization,,,seed,45.0
692.0,0.5359375,,no_domain_randomization,,,seed,45.0
708.0,0.4693877551020408,,no_domain_randomization,,,seed,45.0
724.0,0.67578125,,no_domain_randomization,,,seed,45.0
740.0,0.5515625,,no_domain_randomization,,,seed,45.0
756.0,0.4489795918367347,,no_domain_randomization,,,seed,45.0
772.0,0.669921875,,no_domain_randomization,,,seed,45.0
788.0,0.5421875,,no_domain_randomization,,,seed,45.0
804.0,0.4655612244897959,,no_domain_randomization,,,seed,45.0
820.0,0.640625,,no_domain_randomization,,,seed,45.0
836.0,0.528125,,no_domain_randomization,,,seed,45.0
852.0,0.5599489795918368,,no_domain_randomization,,,seed,45.0
868.0,0.6015625,,no_domain_randomization,,,seed,45.0
884.0,0.6078125,,no_domain_randomization,,,seed,45.0
900.0,0.4630102040816326,,no_domain_randomization,,,seed,45.0
916.0,0.681640625,,no_domain_randomization,,,seed,45.0
932.0,0.5796875,,no_domain_randomization,,,seed,45.0
948.0,0.5114795918367347,,no_domain_randomization,,,seed,45.0
964.0,0.638671875,,no_domain_randomization,,,seed,45.0
980.0,0.58125,,no_domain_randomization,,,seed,45.0
996.0,0.4885204081632653,,no_domain_randomization,,,seed,45.0
1000.0,0.734375,,no_domain_randomization,,,seed,45.0
1016.0,0.4921875,,no_domain_randomization,,,seed,45.0
1032.0,0.475765306122449,,no_domain_randomization,,,seed,45.0
1048.0,0.67578125,,no_domain_randomization,,,seed,45.0
1064.0,0.546875,,no_domain_randomization,,,seed,45.0
1080.0,0.5165816326530612,,no_domain_randomization,,,seed,45.0
1096.0,0.59765625,,no_domain_randomization,,,seed,45.0
1112.0,0.5890624999999999,,no_domain_randomization,,,seed,45.0
1128.0,0.4591836734693877,,no_domain_randomization,,,seed,45.0
1144.0,0.626953125,,no_domain_randomization,,,seed,45.0
1160.0,0.6046875,,no_domain_randomization,,,seed,45.0
1176.0,0.4808673469387755,,no_domain_randomization,,,seed,45.0
1192.0,0.673828125,,no_domain_randomization,,,seed,45.0
1208.0,0.5609375,,no_domain_randomization,,,seed,45.0
1224.0,0.4910714285714286,,no_domain_randomization,,,seed,45.0
1240.0,0.650390625,,no_domain_randomization,,,seed,45.0
1256.0,0.5296875000000001,,no_domain_randomization,,,seed,45.0
1272.0,0.4719387755102041,,no_domain_randomization,,,seed,45.0
1288.0,0.654296875,,no_domain_randomization,,,seed,45.0
1304.0,0.6015625,,no_domain_randomization,,,seed,45.0
1320.0,0.4553571428571428,,no_domain_randomization,,,seed,45.0
1336.0,0.65625,,no_domain_randomization,,,seed,45.0
1352.0,0.5859375,,no_domain_randomization,,,seed,45.0
1368.0,0.5293367346938775,,no_domain_randomization,,,seed,45.0
1384.0,0.73046875,,no_domain_randomization,,,seed,45.0
1400.0,0.5890625,,no_domain_randomization,,,seed,45.0
1416.0,0.4936224489795918,,no_domain_randomization,,,seed,45.0
1432.0,0.67578125,,no_domain_randomization,,,seed,45.0
1448.0,0.60625,,no_domain_randomization,,,seed,45.0
1464.0,0.4846938775510204,,no_domain_randomization,,,seed,45.0
1480.0,0.6953125,,no_domain_randomization,,,seed,45.0
1496.0,0.5687500000000001,,no_domain_randomization,,,seed,45.0
1500.0,0.4438775510204081,,no_domain_randomization,,,seed,45.0
1516.0,0.654296875,,no_domain_randomization,,,seed,45.0
1532.0,0.521875,,no_domain_randomization,,,seed,45.0
1548.0,0.5153061224489796,,no_domain_randomization,,,seed,45.0
1564.0,0.732421875,,no_domain_randomization,,,seed,45.0
1580.0,0.6203124999999999,,no_domain_randomization,,,seed,45.0
1596.0,0.5204081632653061,,no_domain_randomization,,,seed,45.0
1612.0,0.658203125,,no_domain_randomization,,,seed,45.0
1628.0,0.621875,,no_domain_randomization,,,seed,45.0
1644.0,0.5063775510204082,,no_domain_randomization,,,seed,45.0
1660.0,0.66015625,,no_domain_randomization,,,seed,45.0
1676.0,0.528125,,no_domain_randomization,,,seed,45.0
1692.0,0.5535714285714286,,no_domain_randomization,,,seed,45.0
1708.0,0.6171875,,no_domain_randomization,,,seed,45.0
1724.0,0.58125,,no_domain_randomization,,,seed,45.0
1740.0,0.4808673469387755,,no_domain_randomization,,,seed,45.0
1756.0,0.591796875,,no_domain_randomization,,,seed,45.0
1772.0,0.5406249999999999,,no_domain_randomization,,,seed,45.0
1788.0,0.4961734693877551,,no_domain_randomization,,,seed,45.0
1804.0,0.6484375,,no_domain_randomization,,,seed,45.0
1820.0,0.6140625,,no_domain_randomization,,,seed,45.0
1836.0,0.4732142857142857,,no_domain_randomization,,,seed,45.0
1852.0,0.703125,,no_domain_randomization,,,seed,45.0
1868.0,0.5625,,no_domain_randomization,,,seed,45.0
1884.0,0.5204081632653061,,no_domain_randomization,,,seed,45.0
1900.0,0.7265625,,no_domain_randomization,,,seed,45.0
1916.0,0.5328124999999999,,no_domain_randomization,,,seed,45.0
1932.0,0.5038265306122449,,no_domain_randomization,,,seed,45.0
1948.0,0.69921875,,no_domain_randomization,,,seed,45.0
1964.0,0.5984375,,no_domain_randomization,,,seed,45.0
1980.0,0.5854591836734694,,no_domain_randomization,,,seed,45.0
1996.0,0.677734375,,no_domain_randomization,,,seed,45.0
2000.0,0.5812499999999999,,no_domain_randomization,,,seed,45.0
2016.0,0.4885204081632653,,no_domain_randomization,,,seed,45.0
2032.0,0.66015625,,no_domain_randomization,,,seed,45.0
2048.0,0.5484375,,no_domain_randomization,,,seed,45.0
2064.0,0.5063775510204082,,no_domain_randomization,,,seed,45.0
2080.0,0.60546875,,no_domain_randomization,,,seed,45.0
2096.0,0.5890625,,no_domain_randomization,,,seed,45.0
2112.0,0.4808673469387755,,no_domain_randomization,,,seed,45.0
2128.0,0.669921875,,no_domain_randomization,,,seed,45.0
2144.0,0.628125,,no_domain_randomization,,,seed,45.0
2160.0,0.5076530612244898,,no_domain_randomization,,,seed,45.0
2176.0,0.736328125,,no_domain_randomization,,,seed,45.0
2192.0,0.60625,,no_domain_randomization,,,seed,45.0
2208.0,0.5127551020408163,,no_domain_randomization,,,seed,45.0
2224.0,0.7265625,,no_domain_randomization,,,seed,45.0
2240.0,0.5484374999999999,,no_domain_randomization,,,seed,45.0
2256.0,0.5038265306122449,,no_domain_randomization,,,seed,45.0
2272.0,0.65625,,no_domain_randomization,,,seed,45.0
2288.0,0.58125,,no_domain_randomization,,,seed,45.0
2304.0,0.5012755102040816,,no_domain_randomization,,,seed,45.0
2320.0,0.630859375,,no_domain_randomization,,,seed,45.0
2336.0,0.5953124999999999,,no_domain_randomization,,,seed,45.0
2352.0,0.485969387755102,,no_domain_randomization,,,seed,45.0
2368.0,0.775390625,,no_domain_randomization,,,seed,45.0
2384.0,0.59375,,no_domain_randomization,,,seed,45.0
2400.0,0.4961734693877551,,no_domain_randomization,,,seed,45.0
2416.0,0.685546875,,no_domain_randomization,,,seed,45.0
2432.0,0.625,,no_domain_randomization,,,seed,45.0
2448.0,0.5242346938775511,,no_domain_randomization,,,seed,45.0
2464.0,0.693359375,,no_domain_randomization,,,seed,45.0
2480.0,0.5953124999999999,,no_domain_randomization,,,seed,45.0
2496.0,0.5242346938775511,,no_domain_randomization,,,seed,45.0
2500.0,0.7890625,,no_domain_randomization,,,seed,45.0
2516.0,0.5859375,,no_domain_randomization,,,seed,45.0
2532.0,0.528061224489796,,no_domain_randomization,,,seed,45.0
2548.0,0.69140625,,no_domain_randomization,,,seed,45.0
2564.0,0.5828125,,no_domain_randomization,,,seed,45.0
2580.0,0.5561224489795918,,no_domain_randomization,,,seed,45.0
2596.0,0.71875,,no_domain_randomization,,,seed,45.0
2612.0,0.6421875,,no_domain_randomization,,,seed,45.0
2628.0,0.5484693877551021,,no_domain_randomization,,,seed,45.0
2644.0,0.6171875,,no_domain_randomization,,,seed,45.0
2660.0,0.5718749999999999,,no_domain_randomization,,,seed,45.0
2676.0,0.548469387755102,,no_domain_randomization,,,seed,45.0
2692.0,0.66796875,,no_domain_randomization,,,seed,45.0
2708.0,0.58125,,no_domain_randomization,,,seed,45.0
2724.0,0.5676020408163265,,no_domain_randomization,,,seed,45.0
2740.0,0.75390625,,no_domain_randomization,,,seed,45.0
2756.0,0.5875,,no_domain_randomization,,,seed,45.0
2772.0,0.4885204081632652,,no_domain_randomization,,,seed,45.0
2788.0,0.703125,,no_domain_randomization,,,seed,45.0
2804.0,0.58125,,no_domain_randomization,,,seed,45.0
2820.0,0.4795918367346938,,no_domain_randomization,,,seed,45.0
2836.0,0.673828125,,no_domain_randomization,,,seed,45.0
2852.0,0.653125,,no_domain_randomization,,,seed,45.0
2868.0,0.5561224489795918,,no_domain_randomization,,,seed,45.0
2884.0,0.697265625,,no_domain_randomization,,,seed,45.0
2900.0,0.6031249999999999,,no_domain_randomization,,,seed,45.0
2916.0,0.5140306122448979,,no_domain_randomization,,,seed,45.0
2932.0,0.7109375,,no_domain_randomization,,,seed,45.0
2948.0,0.6078125,,no_domain_randomization,,,seed,45.0
2964.0,0.5165816326530612,,no_domain_randomization,,,seed,45.0
2980.0,0.6640625,,no_domain_randomization,,,seed,45.0
2996.0,0.5984375,,no_domain_randomization,,,seed,45.0
3000.0,0.4642857142857143,,no_domain_randomization,,,seed,45.0
16.0,0.23828125,,no_domain_randomization,,,seed,46.0
32.0,0.290625,,no_domain_randomization,,,seed,46.0
48.0,0.2602040816326531,,no_domain_randomization,,,seed,46.0
64.0,0.43359375,,no_domain_randomization,,,seed,46.0
80.0,0.3203125,,no_domain_randomization,,,seed,46.0
96.0,0.3482142857142857,,no_domain_randomization,,,seed,46.0
112.0,0.5234375,,no_domain_randomization,,,seed,46.0
128.0,0.4234375,,no_domain_randomization,,,seed,46.0
144.0,0.3724489795918367,,no_domain_randomization,,,seed,46.0
160.0,0.5625,,no_domain_randomization,,,seed,46.0
176.0,0.5171875,,no_domain_randomization,,,seed,46.0
192.0,0.4349489795918367,,no_domain_randomization,,,seed,46.0
208.0,0.61328125,,no_domain_randomization,,,seed,46.0
224.0,0.5249999999999999,,no_domain_randomization,,,seed,46.0
240.0,0.4540816326530612,,no_domain_randomization,,,seed,46.0
250.0,0.628125,,no_domain_randomization,,,seed,46.0
266.0,0.5296875000000001,,no_domain_randomization,,,seed,46.0
282.0,0.4489795918367346,,no_domain_randomization,,,seed,46.0
298.0,0.576171875,,no_domain_randomization,,,seed,46.0
314.0,0.5640625,,no_domain_randomization,,,seed,46.0
330.0,0.3762755102040816,,no_domain_randomization,,,seed,46.0
346.0,0.634765625,,no_domain_randomization,,,seed,46.0
362.0,0.4828125,,no_domain_randomization,,,seed,46.0
378.0,0.4515306122448979,,no_domain_randomization,,,seed,46.0
394.0,0.6171875,,no_domain_randomization,,,seed,46.0
410.0,0.515625,,no_domain_randomization,,,seed,46.0
426.0,0.4311224489795918,,no_domain_randomization,,,seed,46.0
442.0,0.634765625,,no_domain_randomization,,,seed,46.0
458.0,0.5671875,,no_domain_randomization,,,seed,46.0
474.0,0.4311224489795918,,no_domain_randomization,,,seed,46.0
490.0,0.716796875,,no_domain_randomization,,,seed,46.0
500.0,0.5824999999999999,,no_domain_randomization,,,seed,46.0
516.0,0.5573979591836734,,no_domain_randomization,,,seed,46.0
532.0,0.64453125,,no_domain_randomization,,,seed,46.0
548.0,0.503125,,no_domain_randomization,,,seed,46.0
564.0,0.5191326530612245,,no_domain_randomization,,,seed,46.0
580.0,0.55859375,,no_domain_randomization,,,seed,46.0
596.0,0.48125,,no_domain_randomization,,,seed,46.0
612.0,0.5038265306122449,,no_domain_randomization,,,seed,46.0
628.0,0.65625,,no_domain_randomization,,,seed,46.0
644.0,0.5921875,,no_domain_randomization,,,seed,46.0
660.0,0.4872448979591836,,no_domain_randomization,,,seed,46.0
676.0,0.708984375,,no_domain_randomization,,,seed,46.0
692.0,0.546875,,no_domain_randomization,,,seed,46.0
708.0,0.4872448979591837,,no_domain_randomization,,,seed,46.0
724.0,0.642578125,,no_domain_randomization,,,seed,46.0
740.0,0.5734375,,no_domain_randomization,,,seed,46.0
756.0,0.5089285714285714,,no_domain_randomization,,,seed,46.0
772.0,0.60546875,,no_domain_randomization,,,seed,46.0
788.0,0.4984375,,no_domain_randomization,,,seed,46.0
804.0,0.4158163265306123,,no_domain_randomization,,,seed,46.0
820.0,0.65625,,no_domain_randomization,,,seed,46.0
836.0,0.534375,,no_domain_randomization,,,seed,46.0
852.0,0.4885204081632653,,no_domain_randomization,,,seed,46.0
868.0,0.609375,,no_domain_randomization,,,seed,46.0
884.0,0.5859375000000001,,no_domain_randomization,,,seed,46.0
900.0,0.5497448979591837,,no_domain_randomization,,,seed,46.0
916.0,0.642578125,,no_domain_randomization,,,seed,46.0
932.0,0.5625,,no_domain_randomization,,,seed,46.0
948.0,0.4387755102040816,,no_domain_randomization,,,seed,46.0
964.0,0.685546875,,no_domain_randomization,,,seed,46.0
980.0,0.6703125000000001,,no_domain_randomization,,,seed,46.0
996.0,0.4604591836734694,,no_domain_randomization,,,seed,46.0
1000.0,0.6953125,,no_domain_randomization,,,seed,46.0
1016.0,0.6109375,,no_domain_randomization,,,seed,46.0
1032.0,0.4617346938775509,,no_domain_randomization,,,seed,46.0
1048.0,0.66015625,,no_domain_randomization,,,seed,46.0
1064.0,0.5046875,,no_domain_randomization,,,seed,46.0
1080.0,0.4579081632653061,,no_domain_randomization,,,seed,46.0
1096.0,0.666015625,,no_domain_randomization,,,seed,46.0
1112.0,0.5453125,,no_domain_randomization,,,seed,46.0
1128.0,0.5012755102040817,,no_domain_randomization,,,seed,46.0
1144.0,0.693359375,,no_domain_randomization,,,seed,46.0
1160.0,0.575,,no_domain_randomization,,,seed,46.0
1176.0,0.5561224489795917,,no_domain_randomization,,,seed,46.0
1192.0,0.646484375,,no_domain_randomization,,,seed,46.0
1208.0,0.5828125,,no_domain_randomization,,,seed,46.0
1224.0,0.5076530612244898,,no_domain_randomization,,,seed,46.0
1240.0,0.6015625,,no_domain_randomization,,,seed,46.0
1256.0,0.590625,,no_domain_randomization,,,seed,46.0
1272.0,0.5165816326530612,,no_domain_randomization,,,seed,46.0
1288.0,0.625,,no_domain_randomization,,,seed,46.0
1304.0,0.5609375,,no_domain_randomization,,,seed,46.0
1320.0,0.4668367346938775,,no_domain_randomization,,,seed,46.0
1336.0,0.595703125,,no_domain_randomization,,,seed,46.0
1352.0,0.51875,,no_domain_randomization,,,seed,46.0
1368.0,0.5446428571428572,,no_domain_randomization,,,seed,46.0
1384.0,0.6484375,,no_domain_randomization,,,seed,46.0
1400.0,0.59375,,no_domain_randomization,,,seed,46.0
1416.0,0.3864795918367347,,no_domain_randomization,,,seed,46.0
1432.0,0.65234375,,no_domain_randomization,,,seed,46.0
1448.0,0.5921875,,no_domain_randomization,,,seed,46.0
1464.0,0.4285714285714286,,no_domain_randomization,,,seed,46.0
1480.0,0.6328125,,no_domain_randomization,,,seed,46.0
1496.0,0.534375,,no_domain_randomization,,,seed,46.0
1500.0,0.4540816326530612,,no_domain_randomization,,,seed,46.0
1516.0,0.70703125,,no_domain_randomization,,,seed,46.0
1532.0,0.540625,,no_domain_randomization,,,seed,46.0
1548.0,0.4770408163265306,,no_domain_randomization,,,seed,46.0
1564.0,0.642578125,,no_domain_randomization,,,seed,46.0
1580.0,0.5765625,,no_domain_randomization,,,seed,46.0
1596.0,0.5344387755102041,,no_domain_randomization,,,seed,46.0
1612.0,0.6796875,,no_domain_randomization,,,seed,46.0
1628.0,0.5765625,,no_domain_randomization,,,seed,46.0
1644.0,0.4872448979591837,,no_domain_randomization,,,seed,46.0
1660.0,0.642578125,,no_domain_randomization,,,seed,46.0
1676.0,0.634375,,no_domain_randomization,,,seed,46.0
1692.0,0.5089285714285714,,no_domain_randomization,,,seed,46.0
1708.0,0.658203125,,no_domain_randomization,,,seed,46.0
1724.0,0.60625,,no_domain_randomization,,,seed,46.0
1740.0,0.5471938775510203,,no_domain_randomization,,,seed,46.0
1756.0,0.5546875,,no_domain_randomization,,,seed,46.0
1772.0,0.5828125,,no_domain_randomization,,,seed,46.0
1788.0,0.5025510204081632,,no_domain_randomization,,,seed,46.0
1804.0,0.6640625,,no_domain_randomization,,,seed,46.0
1820.0,0.559375,,no_domain_randomization,,,seed,46.0
1836.0,0.5165816326530612,,no_domain_randomization,,,seed,46.0
1852.0,0.671875,,no_domain_randomization,,,seed,46.0
1868.0,0.578125,,no_domain_randomization,,,seed,46.0
1884.0,0.4783163265306123,,no_domain_randomization,,,seed,46.0
1900.0,0.677734375,,no_domain_randomization,,,seed,46.0
1916.0,0.5921875,,no_domain_randomization,,,seed,46.0
1932.0,0.4247448979591837,,no_domain_randomization,,,seed,46.0
1948.0,0.64453125,,no_domain_randomization,,,seed,46.0
1964.0,0.609375,,no_domain_randomization,,,seed,46.0
1980.0,0.5293367346938775,,no_domain_randomization,,,seed,46.0
1996.0,0.625,,no_domain_randomization,,,seed,46.0
2000.0,0.5874999999999999,,no_domain_randomization,,,seed,46.0
2016.0,0.528061224489796,,no_domain_randomization,,,seed,46.0
2032.0,0.697265625,,no_domain_randomization,,,seed,46.0
2048.0,0.5671875,,no_domain_randomization,,,seed,46.0
2064.0,0.5420918367346939,,no_domain_randomization,,,seed,46.0
2080.0,0.650390625,,no_domain_randomization,,,seed,46.0
2096.0,0.5484375,,no_domain_randomization,,,seed,46.0
2112.0,0.4540816326530612,,no_domain_randomization,,,seed,46.0
2128.0,0.6484375,,no_domain_randomization,,,seed,46.0
2144.0,0.5765625000000001,,no_domain_randomization,,,seed,46.0
2160.0,0.5012755102040816,,no_domain_randomization,,,seed,46.0
2176.0,0.693359375,,no_domain_randomization,,,seed,46.0
2192.0,0.5265624999999999,,no_domain_randomization,,,seed,46.0
2208.0,0.4910714285714286,,no_domain_randomization,,,seed,46.0
2224.0,0.583984375,,no_domain_randomization,,,seed,46.0
2240.0,0.5750000000000001,,no_domain_randomization,,,seed,46.0
2256.0,0.5420918367346939,,no_domain_randomization,,,seed,46.0
2272.0,0.640625,,no_domain_randomization,,,seed,46.0
2288.0,0.6156250000000001,,no_domain_randomization,,,seed,46.0
2304.0,0.4974489795918367,,no_domain_randomization,,,seed,46.0
2320.0,0.708984375,,no_domain_randomization,,,seed,46.0
2336.0,0.6390625,,no_domain_randomization,,,seed,46.0
2352.0,0.5127551020408163,,no_domain_randomization,,,seed,46.0
2368.0,0.71875,,no_domain_randomization,,,seed,46.0
2384.0,0.5984375000000001,,no_domain_randomization,,,seed,46.0
2400.0,0.5076530612244898,,no_domain_randomization,,,seed,46.0
2416.0,0.576171875,,no_domain_randomization,,,seed,46.0
2432.0,0.55,,no_domain_randomization,,,seed,46.0
2448.0,0.5,,no_domain_randomization,,,seed,46.0
2464.0,0.60546875,,no_domain_randomization,,,seed,46.0
2480.0,0.5859375,,no_domain_randomization,,,seed,46.0
2496.0,0.5153061224489796,,no_domain_randomization,,,seed,46.0
2500.0,0.6875,,no_domain_randomization,,,seed,46.0
2516.0,0.596875,,no_domain_randomization,,,seed,46.0
2532.0,0.5012755102040817,,no_domain_randomization,,,seed,46.0
2548.0,0.708984375,,no_domain_randomization,,,seed,46.0
2564.0,0.6328125,,no_domain_randomization,,,seed,46.0
2580.0,0.5114795918367347,,no_domain_randomization,,,seed,46.0
2596.0,0.6953125,,no_domain_randomization,,,seed,46.0
2612.0,0.59375,,no_domain_randomization,,,seed,46.0
2628.0,0.5688775510204082,,no_domain_randomization,,,seed,46.0
2644.0,0.6796875,,no_domain_randomization,,,seed,46.0
2660.0,0.6109374999999999,,no_domain_randomization,,,seed,46.0
2676.0,0.5255102040816326,,no_domain_randomization,,,seed,46.0
2692.0,0.673828125,,no_domain_randomization,,,seed,46.0
2708.0,0.5890625,,no_domain_randomization,,,seed,46.0
2724.0,0.5535714285714286,,no_domain_randomization,,,seed,46.0
2740.0,0.6796875,,no_domain_randomization,,,seed,46.0
2756.0,0.559375,,no_domain_randomization,,,seed,46.0
2772.0,0.4885204081632652,,no_domain_randomization,,,seed,46.0
2788.0,0.69921875,,no_domain_randomization,,,seed,46.0
2804.0,0.528125,,no_domain_randomization,,,seed,46.0
2820.0,0.4323979591836734,,no_domain_randomization,,,seed,46.0
2836.0,0.677734375,,no_domain_randomization,,,seed,46.0
2852.0,0.5921875000000001,,no_domain_randomization,,,seed,46.0
2868.0,0.409438775510204,,no_domain_randomization,,,seed,46.0
2884.0,0.5546875,,no_domain_randomization,,,seed,46.0
2900.0,0.628125,,no_domain_randomization,,,seed,46.0
2916.0,0.4438775510204081,,no_domain_randomization,,,seed,46.0
2932.0,0.734375,,no_domain_randomization,,,seed,46.0
2948.0,0.5984375,,no_domain_randomization,,,seed,46.0
2964.0,0.4808673469387755,,no_domain_randomization,,,seed,46.0
2980.0,0.671875,,no_domain_randomization,,,seed,46.0
2996.0,0.5265625,,no_domain_randomization,,,seed,46.0
3000.0,0.5510204081632653,,no_domain_randomization,,,seed,46.0
0.0,,0.251953125,no_domain_randomization,0.2421875,0.3046875,summary,
20.0,,0.25810546875,no_domain_randomization,0.2513671875,0.29609375,summary,
40.0,,0.2486128826530612,no_domain_randomization,0.2408641581632653,0.2544164540816326,summary,
60.0,,0.3760363520408163,no_domain_randomization,0.3642478475765306,0.3804308832908163,summary,
80.0,,0.346875,no_domain_randomization,0.34375,0.35,summary,
100.0,,0.3598832110969387,no_domain_randomization,0.3485132334183674,0.369758450255102,summary,
120.0,,0.448828125,no_domain_randomization,0.41796875,0.4734375,summary,
140.0,,0.3769770408163265,no_domain_randomization,0.3385682397959183,0.3851961096938775,summary,
160.0,,0.556640625,no_domain_randomization,0.51953125,0.5625,summary,
180.0,,0.4360251913265306,no_domain_randomization,0.4248565051020408,0.4892538265306123,summary,
200.0,,0.5061583227040816,no_domain_randomization,0.4833785076530612,0.5241151147959184,summary,
220.0,,0.53134765625,no_domain_randomization,0.5216796875,0.5470703124999999,summary,
240.0,,0.4349489795918367,no_domain_randomization,0.4158163265306122,0.4362244897959183,summary,
260.0,,0.5111328125,no_domain_randomization,0.4910156249999999,0.526171875,summary,
280.0,,0.4469029017857143,no_domain_randomization,0.4257254464285714,0.4590680803571428,summary,
300.0,,0.560791015625,no_domain_randomization,0.55791015625,0.569189453125,summary,
320.0,,0.4717594068877551,no_domain_randomization,0.451969068877551,0.4881417410714285,summary,
340.0,,0.5311652981505102,no_domain_randomization,0.5203433912627551,0.5378318319515306,summary,
360.0,,0.5018066406249999,no_domain_randomization,0.475341796875,0.5138183593749999,summary,
380.0,,0.443359375,no_domain_randomization,0.4420340401785714,0.4722377232142857,summary,
400.0,,0.52060546875,no_domain_randomization,0.5205078125,0.5299316406250001,summary,
420.0,,0.4628109056122449,no_domain_randomization,0.4620615433673469,0.4630420918367347,summary,
440.0,,0.5857033242984694,no_domain_randomization,0.5736059072066326,0.5909648038903061,summary,
460.0,,0.5187539859693877,no_domain_randomization,0.4583944515306122,0.5429767219387756,summary,
480.0,,0.5359086017219388,no_domain_randomization,0.5234773596938775,0.5382503587372449,summary,
500.0,,0.5800000000000001,no_domain_randomization,0.5475,0.5824999999999999,summary,
520.0,,0.5287288743622449,no_domain_randomization,0.5165716677295918,0.5325952646683674,summary,
540.0,,0.5982421875,no_domain_randomization,0.573828125,0.5982421875,summary,
560.0,,0.4941326530612244,no_domain_randomization,0.4916533801020408,0.5117825255102041,summary,
580.0,,0.578125,no_domain_randomization,0.55859375,0.623046875,summary,
600.0,,0.5223852040816326,no_domain_randomization,0.5158163265306123,0.5309948979591836,summary,
620.0,,0.5291772959183674,no_domain_randomization,0.5132732780612245,0.5555444834183674,summary,
640.0,,0.55693359375,no_domain_randomization,0.5545898437500001,0.5623046875,summary,
660.0,,0.4196428571428571,no_domain_randomization,0.3915816326530612,0.4834183673469387,summary,
680.0,,0.61533203125,no_domain_randomization,0.6056640625,0.64228515625,summary,
700.0,,0.5170599489795918,no_domain_randomization,0.5164381377551021,0.5220184948979593,summary,
720.0,,0.603744818239796,no_domain_randomization,0.5802475286989796,0.6241828762755102,summary,
740.0,,0.5515625,no_domain_randomization,0.53125,0.571875,summary,
760.0,,0.5289680325255102,no_domain_randomization,0.5176279496173469,0.5330636160714286,summary,
780.0,,0.6060546875,no_domain_randomization,0.6041015625,0.6146484375,summary,
800.0,,0.5053970025510204,no_domain_randomization,0.4847177933673469,0.5200733418367347,summary,
820.0,,0.640625,no_domain_randomization,0.572265625,0.65625,summary,
840.0,,0.527702487244898,no_domain_randomization,0.5229113520408164,0.5360809948979591,summary,
860.0,,0.562240911989796,no_domain_randomization,0.5489477040816326,0.5807557397959184,summary,
880.0,,0.59833984375,no_domain_randomization,0.5917968750000001,0.60625,summary,
900.0,,0.4961734693877551,no_domain_randomization,0.4744897959183674,0.5127551020408163,summary,
920.0,,0.648046875,no_domain_randomization,0.62255859375,0.652734375,summary,
940.0,,0.5059630102040816,no_domain_randomization,0.5006377551020408,0.5399553571428573,summary,
960.0,,0.5682198660714286,no_domain_randomization,0.5636758609693877,0.6068738042091837,summary,
980.0,,0.5796875,no_domain_randomization,0.565625,0.58125,summary,
1000.0,,0.6953125,no_domain_randomization,0.6640625,0.734375,summary,
1020.0,,0.5140704719387755,no_domain_randomization,0.5020647321428572,0.5736367984693878,summary,
1040.0,,0.5642936862244898,no_domain_randomization,0.5609454719387754,0.5662268813775511,summary,
1060.0,,0.5966796875,no_domain_randomization,0.5791015625,0.61279296875,summary,
1080.0,,0.4974489795918367,no_domain_randomization,0.4974489795918367,0.5,summary,
1100.0,,0.638671875,no_domain_randomization,0.63583984375,0.65322265625,summary,
1120.0,,0.5232940051020408,no_domain_randomization,0.5137914540816326,0.5241230867346938,summary,
1140.0,,0.5793506855867347,no_domain_randomization,0.5747668207908163,0.5850107621173469,summary,
1160.0,,0.559375,no_domain_randomization,0.55,0.575,summary,
1180.0,,0.5291075414540817,no_domain_randomization,0.5241051498724489,0.5569495376275511,summary,
1200.0,,0.6146484375,no_domain_randomization,0.6005859375,0.6173828125,summary,
1220.0,,0.5085379464285714,no_domain_randomization,0.4965322066326531,0.5153140943877551,summary,
1240.0,,0.646484375,no_domain_randomization,0.63671875,0.650390625,summary,
1260.0,,0.5152503188775511,no_domain_randomization,0.4971619897959184,0.5340880102040816,summary,
1280.0,,0.5631178252551021,no_domain_randomization,0.5443239795918368,0.5707908163265306,summary,
1300.0,,0.59296875,no_domain_randomization,0.576953125,0.6043945312500001,summary,
1320.0,,0.4642857142857143,no_domain_randomization,0.4579081632653061,0.4668367346938775,summary,
1340.0,,0.638671875,no_domain_randomization,0.60322265625,0.65302734375,summary,
1360.0,,0.5316964285714286,no_domain_randomization,0.5198182397959183,0.5576371173469388,summary,
1380.0,,0.6224888392857143,no_domain_randomization,0.6201670121173469,0.6514568718112245,summary,
1400.0,,0.575,no_domain_randomization,0.5671875,0.5890625,summary,
1420.0,,0.5274234693877551,no_domain_randomization,0.5070850605867346,0.5347775829081634,summary,
1440.0,,0.622265625,no_domain_randomization,0.5828125,0.6380859375,summary,
1460.0,,0.5026466836734693,no_domain_randomization,0.4938934948979592,0.5150829081632653,summary,
1480.0,,0.662109375,no_domain_randomization,0.6328125,0.69140625,summary,
1500.0,,0.4795918367346939,no_domain_randomization,0.4540816326530612,0.5357142857142857,summary,
1520.0,,0.660546875,no_domain_randomization,0.64970703125,0.6654296875,summary,
1540.0,,0.5185905612244898,no_domain_randomization,0.5088329081632653,0.5297991071428572,summary,
1560.0,,0.6453284438775511,no_domain_randomization,0.6282784598214286,0.6573959661989797,summary,
1580.0,,0.5906250000000001,no_domain_randomization,0.58125,0.6140625,summary,
1600.0,,0.5706313775510203,no_domain_randomization,0.5548569036989797,0.5707509566326531,summary,
1620.0,,0.6400390625,no_domain_randomization,0.628125,0.646875,summary,
1640.0,,0.5186862244897958,no_domain_randomization,0.5101801658163265,0.5352519132653061,summary,
1660.0,,0.677734375,no_domain_randomization,0.66015625,0.685546875,summary,
1680.0,,0.5667091836734695,no_domain_randomization,0.5344866071428571,0.587029655612245,summary,
1700.0,,0.5835658482142857,no_domain_randomization,0.5693558673469388,0.5853794642857143,summary,
1720.0,,0.5902343750000001,no_domain_randomization,0.5660156249999999,0.6003906250000001,summary,
1740.0,,0.4783163265306122,no_domain_randomization,0.4681122448979592,0.4808673469387755,summary,
1760.0,,0.63251953125,no_domain_randomization,0.57900390625,0.6607421875,summary,
1780.0,,0.5426817602040817,no_domain_randomization,0.5183992346938775,0.5441804846938776,summary,
1800.0,,0.6103714923469388,no_domain_randomization,0.6074418048469388,0.6117067920918368,summary,
1820.0,,0.559375,no_domain_randomization,0.5390625,0.5874999999999999,summary,
1840.0,,0.5042749521683674,no_domain_randomization,0.4954858896683674,0.5306919642857143,summary,
1860.0,,0.625,no_domain_randomization,0.6162109375,0.6328125,summary,
1880.0,,0.5309311224489797,no_domain_randomization,0.5032684948979592,0.5434869260204082,summary,
1900.0,,0.69140625,no_domain_randomization,0.677734375,0.701171875,summary,
1920.0,,0.5503268494897959,no_domain_randomization,0.5365593112244897,0.5634885204081633,summary,
1940.0,,0.5871332908163265,no_domain_randomization,0.5670639349489797,0.5974170918367347,summary,
1960.0,,0.6181640625,no_domain_randomization,0.5890624999999999,0.619140625,summary,
1980.0,,0.5293367346938775,no_domain_randomization,0.4744897959183673,0.5306122448979592,summary,
2000.0,,0.5812499999999999,no_domain_randomization,0.5375,0.58125,summary,
2020.0,,0.5459382971938775,no_domain_randomization,0.5375777264030612,0.5506816007653061,summary,
2040.0,,0.616015625,no_domain_randomization,0.6123046875,0.6322265625,summary,
2060.0,,0.5168925382653061,no_domain_randomization,0.5040896045918367,0.5357940051020408,summary,
2080.0,,0.650390625,no_domain_randomization,0.6484375,0.67578125,summary,
2100.0,,0.5620137117346939,no_domain_randomization,0.5489078443877551,0.5633051658163265,summary,
2120.0,,0.5753946109693877,no_domain_randomization,0.5512595663265306,0.5851203762755102,summary,
2140.0,,0.5945312500000001,no_domain_randomization,0.5927734375,0.59560546875,summary,
2160.0,,0.5012755102040816,no_domain_randomization,0.4923469387755101,0.5076530612244898,summary,
2180.0,,0.62900390625,no_domain_randomization,0.62421875,0.65166015625,summary,
2200.0,,0.5423628826530612,no_domain_randomization,0.5362882653061225,0.5595025510204081,summary,
2220.0,,0.6412228954081632,no_domain_randomization,0.6196089764030612,0.6577048788265306,summary,
2240.0,,0.5671875,no_domain_randomization,0.5484374999999999,0.5750000000000001,summary,
2260.0,,0.5587531887755102,no_domain_randomization,0.5537707270408163,0.5627491230867347,summary,
2280.0,,0.6580078125,no_domain_randomization,0.628125,0.68359375,summary,
2300.0,,0.5269929846938776,no_domain_randomization,0.5212691326530612,0.5411272321428571,summary,
2320.0,,0.6875,no_domain_randomization,0.654296875,0.708984375,summary,
2340.0,,0.5679767219387755,no_domain_randomization,0.5604113520408163,0.589485012755102,summary,
2360.0,,0.595962213010204,no_domain_randomization,0.593490911989796,0.6157525510204082,summary,
2380.0,,0.6268554687500001,no_domain_randomization,0.5754882812500001,0.628515625,summary,
2400.0,,0.5025510204081632,no_domain_randomization,0.4961734693877551,0.5076530612244898,summary,
2420.0,,0.64970703125,no_domain_randomization,0.62802734375,0.67041015625,summary,
2440.0,,0.530420918367347,no_domain_randomization,0.525,0.5432238520408164,summary,
2460.0,,0.6455377072704082,no_domain_randomization,0.6076909279336735,0.6493443080357143,summary,
2480.0,,0.5703125,no_domain_randomization,0.5625,0.5859375,summary,
2500.0,,0.6875,no_domain_randomization,0.6171875,0.7421875,summary,
2520.0,,0.5729751275510204,no_domain_randomization,0.5714684311224489,0.6105468749999999,summary,
2540.0,,0.6051299426020409,no_domain_randomization,0.5846221301020408,0.609733737244898,summary,
2560.0,,0.6208984375,no_domain_randomization,0.6193359374999999,0.6221679687499999,summary,
2580.0,,0.5153061224489797,no_domain_randomization,0.5114795918367347,0.5165816326530612,summary,
2600.0,,0.666796875,no_domain_randomization,0.64677734375,0.669921875,summary,
2620.0,,0.5772161989795919,no_domain_randomization,0.553858418367347,0.581313775510204,summary,
2640.0,,0.651985012755102,no_domain_randomization,0.610580755739796,0.6599370216836735,summary,
2660.0,,0.5890625,no_domain_randomization,0.5734374999999999,0.603125,summary,
2680.0,,0.5625896843112245,no_domain_randomization,0.5584343112244898,0.5783442283163265,summary,
2700.0,,0.6314453125,no_domain_randomization,0.624609375,0.6605468750000001,summary,
2720.0,,0.5529177295918367,no_domain_randomization,0.5378507653061224,0.5624441964285715,summary,
2740.0,,0.701171875,no_domain_randomization,0.6796875,0.712890625,summary,
2760.0,,0.5627551020408164,no_domain_randomization,0.5586814413265306,0.6026945153061224,summary,
2780.0,,0.5958227040816326,no_domain_randomization,0.5938695790816326,0.6089764030612245,summary,
2800.0,,0.58251953125,no_domain_randomization,0.5777343749999999,0.6117187500000001,summary,
2820.0,,0.4795918367346938,no_domain_randomization,0.4540816326530612,0.534438775510204,summary,
2840.0,,0.66865234375,no_domain_randomization,0.65634765625,0.66865234375,summary,
2860.0,,0.5544642857142856,no_domain_randomization,0.5527582908163265,0.5756855867346939,summary,
2880.0,,0.6445810746173469,no_domain_randomization,0.6109494579081632,0.661979830994898,summary,
2900.0,,0.60625,no_domain_randomization,0.6031249999999999,0.628125,summary,
2920.0,,0.5632573341836734,no_domain_randomization,0.5212751116071428,0.566844706632653,summary,
2940.0,,0.6548828125,no_domain_randomization,0.6294921875,0.659375,summary,
2960.0,,0.5393893494897959,no_domain_randomization,0.5102598852040816,0.5539939413265306,summary,
2980.0,,0.671875,no_domain_randomization,0.6640625,0.689453125,summary,
3000.0,,0.5510204081632653,no_domain_randomization,0.4642857142857143,0.5561224489795917,summary,
16.0,0.193359375,,no_resource_shaping,,,seed,42.0
32.0,0.196875,,no_resource_shaping,,,seed,42.0
48.0,0.2308673469387755,,no_resource_shaping,,,seed,42.0
64.0,0.255859375,,no_resource_shaping,,,seed,42.0
80.0,0.3312499999999999,,no_resource_shaping,,,seed,42.0
96.0,0.2538265306122449,,no_resource_shaping,,,seed,42.0
112.0,0.38671875,,no_resource_shaping,,,seed,42.0
128.0,0.35,,no_resource_shaping,,,seed,42.0
144.0,0.3341836734693877,,no_resource_shaping,,,seed,42.0
160.0,0.37109375,,no_resource_shaping,,,seed,42.0
176.0,0.3703125,,no_resource_shaping,,,seed,42.0
192.0,0.3928571428571428,,no_resource_shaping,,,seed,42.0
208.0,0.451171875,,no_resource_shaping,,,seed,42.0
224.0,0.403125,,no_resource_shaping,,,seed,42.0
240.0,0.3724489795918367,,no_resource_shaping,,,seed,42.0
250.0,0.425,,no_resource_shaping,,,seed,42.0
266.0,0.4078125,,no_resource_shaping,,,seed,42.0
282.0,0.399234693877551,,no_resource_shaping,,,seed,42.0
298.0,0.470703125,,no_resource_shaping,,,seed,42.0
314.0,0.38125,,no_resource_shaping,,,seed,42.0
330.0,0.3941326530612244,,no_resource_shaping,,,seed,42.0
346.0,0.525390625,,no_resource_shaping,,,seed,42.0
362.0,0.471875,,no_resource_shaping,,,seed,42.0
378.0,0.4502551020408163,,no_resource_shaping,,,seed,42.0
394.0,0.529296875,,no_resource_shaping,,,seed,42.0
410.0,0.446875,,no_resource_shaping,,,seed,42.0
426.0,0.4464285714285714,,no_resource_shaping,,,seed,42.0
442.0,0.453125,,no_resource_shaping,,,seed,42.0
458.0,0.4796875,,no_resource_shaping,,,seed,42.0
474.0,0.3941326530612244,,no_resource_shaping,,,seed,42.0
490.0,0.423828125,,no_resource_shaping,,,seed,42.0
500.0,0.4725,,no_resource_shaping,,,seed,42.0
516.0,0.4349489795918367,,no_resource_shaping,,,seed,42.0
532.0,0.40625,,no_resource_shaping,,,seed,42.0
548.0,0.5,,no_resource_shaping,,,seed,42.0
564.0,0.4413265306122449,,no_resource_shaping,,,seed,42.0
580.0,0.46484375,,no_resource_shaping,,,seed,42.0
596.0,0.45625,,no_resource_shaping,,,seed,42.0
612.0,0.4170918367346938,,no_resource_shaping,,,seed,42.0
628.0,0.427734375,,no_resource_shaping,,,seed,42.0
644.0,0.4203125,,no_resource_shaping,,,seed,42.0
660.0,0.4298469387755101,,no_resource_shaping,,,seed,42.0
676.0,0.537109375,,no_resource_shaping,,,seed,42.0
692.0,0.4640625,,no_resource_shaping,,,seed,42.0
708.0,0.4553571428571428,,no_resource_shaping,,,seed,42.0
724.0,0.48828125,,no_resource_shaping,,,seed,42.0
740.0,0.4125,,no_resource_shaping,,,seed,42.0
756.0,0.4489795918367347,,no_resource_shaping,,,seed,42.0
772.0,0.453125,,no_resource_shaping,,,seed,42.0
788.0,0.421875,,no_resource_shaping,,,seed,42.0
804.0,0.4119897959183674,,no_resource_shaping,,,seed,42.0
820.0,0.4765625,,no_resource_shaping,,,seed,42.0
836.0,0.4890625,,no_resource_shaping,,,seed,42.0
852.0,0.4553571428571428,,no_resource_shaping,,,seed,42.0
868.0,0.46875,,no_resource_shaping,,,seed,42.0
884.0,0.5,,no_resource_shaping,,,seed,42.0
900.0,0.4017857142857143,,no_resource_shaping,,,seed,42.0
916.0,0.4375,,no_resource_shaping,,,seed,42.0
932.0,0.3640625,,no_resource_shaping,,,seed,42.0
948.0,0.451530612244898,,no_resource_shaping,,,seed,42.0
964.0,0.427734375,,no_resource_shaping,,,seed,42.0
980.0,0.45,,no_resource_shaping,,,seed,42.0
996.0,0.4030612244897959,,no_resource_shaping,,,seed,42.0
1000.0,0.5546875,,no_resource_shaping,,,seed,42.0
1016.0,0.3515625,,no_resource_shaping,,,seed,42.0
1032.0,0.399234693877551,,no_resource_shaping,,,seed,42.0
1048.0,0.443359375,,no_resource_shaping,,,seed,42.0
1064.0,0.4375,,no_resource_shaping,,,seed,42.0
1080.0,0.4642857142857143,,no_resource_shaping,,,seed,42.0
1096.0,0.466796875,,no_resource_shaping,,,seed,42.0
1112.0,0.484375,,no_resource_shaping,,,seed,42.0
1128.0,0.4196428571428571,,no_resource_shaping,,,seed,42.0
1144.0,0.525390625,,no_resource_shaping,,,seed,42.0
1160.0,0.5171875,,no_resource_shaping,,,seed,42.0
1176.0,0.4375,,no_resource_shaping,,,seed,42.0
1192.0,0.421875,,no_resource_shaping,,,seed,42.0
1208.0,0.425,,no_resource_shaping,,,seed,42.0
1224.0,0.3966836734693877,,no_resource_shaping,,,seed,42.0
1240.0,0.451171875,,no_resource_shaping,,,seed,42.0
1256.0,0.4734375,,no_resource_shaping,,,seed,42.0
1272.0,0.423469387755102,,no_resource_shaping,,,seed,42.0
1288.0,0.46484375,,no_resource_shaping,,,seed,42.0
1304.0,0.4578125,,no_resource_shaping,,,seed,42.0
1320.0,0.4540816326530612,,no_resource_shaping,,,seed,42.0
1336.0,0.453125,,no_resource_shaping,,,seed,42.0
1352.0,0.459375,,no_resource_shaping,,,seed,42.0
1368.0,0.4579081632653061,,no_resource_shaping,,,seed,42.0
1384.0,0.48046875,,no_resource_shaping,,,seed,42.0
1400.0,0.4609375,,no_resource_shaping,,,seed,42.0
1416.0,0.4030612244897959,,no_resource_shaping,,,seed,42.0
1432.0,0.470703125,,no_resource_shaping,,,seed,42.0
1448.0,0.4734374999999999,,no_resource_shaping,,,seed,42.0
1464.0,0.5089285714285714,,no_resource_shaping,,,seed,42.0
1480.0,0.501953125,,no_resource_shaping,,,seed,42.0
1496.0,0.4953125,,no_resource_shaping,,,seed,42.0
1500.0,0.5051020408163265,,no_resource_shaping,,,seed,42.0
1516.0,0.515625,,no_resource_shaping,,,seed,42.0
1532.0,0.390625,,no_resource_shaping,,,seed,42.0
1548.0,0.4272959183673469,,no_resource_shaping,,,seed,42.0
1564.0,0.43359375,,no_resource_shaping,,,seed,42.0
1580.0,0.484375,,no_resource_shaping,,,seed,42.0
1596.0,0.4974489795918367,,no_resource_shaping,,,seed,42.0
1612.0,0.537109375,,no_resource_shaping,,,seed,42.0
1628.0,0.48125,,no_resource_shaping,,,seed,42.0
1644.0,0.3928571428571428,,no_resource_shaping,,,seed,42.0
1660.0,0.5078125,,no_resource_shaping,,,seed,42.0
1676.0,0.4640625,,no_resource_shaping,,,seed,42.0
1692.0,0.5063775510204082,,no_resource_shaping,,,seed,42.0
1708.0,0.46484375,,no_resource_shaping,,,seed,42.0
1724.0,0.4921875,,no_resource_shaping,,,seed,42.0
1740.0,0.4783163265306122,,no_resource_shaping,,,seed,42.0
1756.0,0.4921875,,no_resource_shaping,,,seed,42.0
1772.0,0.4578125,,no_resource_shaping,,,seed,42.0
1788.0,0.4783163265306123,,no_resource_shaping,,,seed,42.0
1804.0,0.470703125,,no_resource_shaping,,,seed,42.0
1820.0,0.490625,,no_resource_shaping,,,seed,42.0
1836.0,0.4591836734693877,,no_resource_shaping,,,seed,42.0
1852.0,0.490234375,,no_resource_shaping,,,seed,42.0
1868.0,0.5109375,,no_resource_shaping,,,seed,42.0
1884.0,0.4413265306122449,,no_resource_shaping,,,seed,42.0
1900.0,0.466796875,,no_resource_shaping,,,seed,42.0
1916.0,0.4406249999999999,,no_resource_shaping,,,seed,42.0
1932.0,0.4693877551020408,,no_resource_shaping,,,seed,42.0
1948.0,0.43359375,,no_resource_shaping,,,seed,42.0
1964.0,0.46875,,no_resource_shaping,,,seed,42.0
1980.0,0.4477040816326531,,no_resource_shaping,,,seed,42.0
1996.0,0.5234375,,no_resource_shaping,,,seed,42.0
2000.0,0.5,,no_resource_shaping,,,seed,42.0
2016.0,0.4770408163265306,,no_resource_shaping,,,seed,42.0
2032.0,0.4921875,,no_resource_shaping,,,seed,42.0
2048.0,0.4140625,,no_resource_shaping,,,seed,42.0
2064.0,0.4744897959183673,,no_resource_shaping,,,seed,42.0
2080.0,0.490234375,,no_resource_shaping,,,seed,42.0
2096.0,0.4375,,no_resource_shaping,,,seed,42.0
2112.0,0.4948979591836735,,no_resource_shaping,,,seed,42.0
2128.0,0.517578125,,no_resource_shaping,,,seed,42.0
2144.0,0.4625,,no_resource_shaping,,,seed,42.0
2160.0,0.471938775510204,,no_resource_shaping,,,seed,42.0
2176.0,0.44921875,,no_resource_shaping,,,seed,42.0
2192.0,0.4765625,,no_resource_shaping,,,seed,42.0
2208.0,0.4783163265306123,,no_resource_shaping,,,seed,42.0
2224.0,0.501953125,,no_resource_shaping,,,seed,42.0
2240.0,0.559375,,no_resource_shaping,,,seed,42.0
2256.0,0.4272959183673469,,no_resource_shaping,,,seed,42.0
2272.0,0.486328125,,no_resource_shaping,,,seed,42.0
2288.0,0.4765625,,no_resource_shaping,,,seed,42.0
2304.0,0.4515306122448979,,no_resource_shaping,,,seed,42.0
2320.0,0.498046875,,no_resource_shaping,,,seed,42.0
2336.0,0.4453125,,no_resource_shaping,,,seed,42.0
2352.0,0.423469387755102,,no_resource_shaping,,,seed,42.0
2368.0,0.544921875,,no_resource_shaping,,,seed,42.0
2384.0,0.471875,,no_resource_shaping,,,seed,42.0
2400.0,0.4400510204081632,,no_resource_shaping,,,seed,42.0
2416.0,0.447265625,,no_resource_shaping,,,seed,42.0
2432.0,0.45625,,no_resource_shaping,,,seed,42.0
2448.0,0.4502551020408163,,no_resource_shaping,,,seed,42.0
2464.0,0.474609375,,no_resource_shaping,,,seed,42.0
2480.0,0.4875,,no_resource_shaping,,,seed,42.0
2496.0,0.4400510204081632,,no_resource_shaping,,,seed,42.0
2500.0,0.515625,,no_resource_shaping,,,seed,42.0
2516.0,0.4578124999999999,,no_resource_shaping,,,seed,42.0
2532.0,0.4528061224489795,,no_resource_shaping,,,seed,42.0
2548.0,0.466796875,,no_resource_shaping,,,seed,42.0
2564.0,0.4125,,no_resource_shaping,,,seed,42.0
2580.0,0.5012755102040817,,no_resource_shaping,,,seed,42.0
2596.0,0.484375,,no_resource_shaping,,,seed,42.0
2612.0,0.4859375,,no_resource_shaping,,,seed,42.0
2628.0,0.4642857142857143,,no_resource_shaping,,,seed,42.0
2644.0,0.451171875,,no_resource_shaping,,,seed,42.0
2660.0,0.4265625,,no_resource_shaping,,,seed,42.0
2676.0,0.4477040816326531,,no_resource_shaping,,,seed,42.0
2692.0,0.470703125,,no_resource_shaping,,,seed,42.0
2708.0,0.478125,,no_resource_shaping,,,seed,42.0
2724.0,0.4604591836734694,,no_resource_shaping,,,seed,42.0
2740.0,0.4375,,no_resource_shaping,,,seed,42.0
2756.0,0.4875,,no_resource_shaping,,,seed,42.0
2772.0,0.4387755102040817,,no_resource_shaping,,,seed,42.0
2788.0,0.52734375,,no_resource_shaping,,,seed,42.0
2804.0,0.496875,,no_resource_shaping,,,seed,42.0
2820.0,0.4387755102040816,,no_resource_shaping,,,seed,42.0
2836.0,0.43359375,,no_resource_shaping,,,seed,42.0
2852.0,0.4125,,no_resource_shaping,,,seed,42.0
2868.0,0.4528061224489796,,no_resource_shaping,,,seed,42.0
2884.0,0.416015625,,no_resource_shaping,,,seed,42.0
2900.0,0.4859375,,no_resource_shaping,,,seed,42.0
2916.0,0.3545918367346939,,no_resource_shaping,,,seed,42.0
2932.0,0.474609375,,no_resource_shaping,,,seed,42.0
2948.0,0.44375,,no_resource_shaping,,,seed,42.0
2964.0,0.461734693877551,,no_resource_shaping,,,seed,42.0
2980.0,0.509765625,,no_resource_shaping,,,seed,42.0
2996.0,0.453125,,no_resource_shaping,,,seed,42.0
3000.0,0.4693877551020408,,no_resource_shaping,,,seed,42.0
16.0,0.224609375,,no_resource_shaping,,,seed,43.0
32.0,0.1953125,,no_resource_shaping,,,seed,43.0
48.0,0.2040816326530612,,no_resource_shaping,,,seed,43.0
64.0,0.287109375,,no_resource_shaping,,,seed,43.0
80.0,0.359375,,no_resource_shaping,,,seed,43.0
96.0,0.2704081632653061,,no_resource_shaping,,,seed,43.0
112.0,0.322265625,,no_resource_shaping,,,seed,43.0
128.0,0.34375,,no_resource_shaping,,,seed,43.0
144.0,0.3979591836734694,,no_resource_shaping,,,seed,43.0
160.0,0.392578125,,no_resource_shaping,,,seed,43.0
176.0,0.315625,,no_resource_shaping,,,seed,43.0
192.0,0.3775510204081632,,no_resource_shaping,,,seed,43.0
208.0,0.419921875,,no_resource_shaping,,,seed,43.0
224.0,0.4265624999999999,,no_resource_shaping,,,seed,43.0
240.0,0.3788265306122449,,no_resource_shaping,,,seed,43.0
250.0,0.546875,,no_resource_shaping,,,seed,43.0
266.0,0.3625,,no_resource_shaping,,,seed,43.0
282.0,0.4132653061224489,,no_resource_shaping,,,seed,43.0
298.0,0.423828125,,no_resource_shaping,,,seed,43.0
314.0,0.4515625,,no_resource_shaping,,,seed,43.0
330.0,0.3941326530612244,,no_resource_shaping,,,seed,43.0
346.0,0.46484375,,no_resource_shaping,,,seed,43.0
362.0,0.45,,no_resource_shaping,,,seed,43.0
378.0,0.4298469387755102,,no_resource_shaping,,,seed,43.0
394.0,0.431640625,,no_resource_shaping,,,seed,43.0
410.0,0.44375,,no_resource_shaping,,,seed,43.0
426.0,0.4362244897959184,,no_resource_shaping,,,seed,43.0
442.0,0.5078125,,no_resource_shaping,,,seed,43.0
458.0,0.4,,no_resource_shaping,,,seed,43.0
474.0,0.399234693877551,,no_resource_shaping,,,seed,43.0
490.0,0.49609375,,no_resource_shaping,,,seed,43.0
500.0,0.5075,,no_resource_shaping,,,seed,43.0
516.0,0.4668367346938775,,no_resource_shaping,,,seed,43.0
532.0,0.447265625,,no_resource_shaping,,,seed,43.0
548.0,0.4609375,,no_resource_shaping,,,seed,43.0
564.0,0.4145408163265306,,no_resource_shaping,,,seed,43.0
580.0,0.439453125,,no_resource_shaping,,,seed,43.0
596.0,0.4734375,,no_resource_shaping,,,seed,43.0
612.0,0.4221938775510204,,no_resource_shaping,,,seed,43.0
628.0,0.515625,,no_resource_shaping,,,seed,43.0
644.0,0.4796875,,no_resource_shaping,,,seed,43.0
660.0,0.4502551020408163,,no_resource_shaping,,,seed,43.0
676.0,0.40625,,no_resource_shaping,,,seed,43.0
692.0,0.46875,,no_resource_shaping,,,seed,43.0
708.0,0.4936224489795918,,no_resource_shaping,,,seed,43.0
724.0,0.515625,,no_resource_shaping,,,seed,43.0
740.0,0.4984375,,no_resource_shaping,,,seed,43.0
756.0,0.3762755102040816,,no_resource_shaping,,,seed,43.0
772.0,0.5,,no_resource_shaping,,,seed,43.0
788.0,0.446875,,no_resource_shaping,,,seed,43.0
804.0,0.4221938775510204,,no_resource_shaping,,,seed,43.0
820.0,0.4296875,,no_resource_shaping,,,seed,43.0
836.0,0.40625,,no_resource_shaping,,,seed,43.0
852.0,0.4387755102040816,,no_resource_shaping,,,seed,43.0
868.0,0.42578125,,no_resource_shaping,,,seed,43.0
884.0,0.4625,,no_resource_shaping,,,seed,43.0
900.0,0.4591836734693877,,no_resource_shaping,,,seed,43.0
916.0,0.498046875,,no_resource_shaping,,,seed,43.0
932.0,0.3984375,,no_resource_shaping,,,seed,43.0
948.0,0.4005102040816327,,no_resource_shaping,,,seed,43.0
964.0,0.41796875,,no_resource_shaping,,,seed,43.0
980.0,0.4625,,no_resource_shaping,,,seed,43.0
996.0,0.4515306122448979,,no_resource_shaping,,,seed,43.0
1000.0,0.5,,no_resource_shaping,,,seed,43.0
1016.0,0.4359375,,no_resource_shaping,,,seed,43.0
1032.0,0.4591836734693877,,no_resource_shaping,,,seed,43.0
1048.0,0.4453125,,no_resource_shaping,,,seed,43.0
1064.0,0.3765625,,no_resource_shaping,,,seed,43.0
1080.0,0.4502551020408163,,no_resource_shaping,,,seed,43.0
1096.0,0.55078125,,no_resource_shaping,,,seed,43.0
1112.0,0.4109375,,no_resource_shaping,,,seed,43.0
1128.0,0.451530612244898,,no_resource_shaping,,,seed,43.0
1144.0,0.46484375,,no_resource_shaping,,,seed,43.0
1160.0,0.4468749999999999,,no_resource_shaping,,,seed,43.0
1176.0,0.4579081632653061,,no_resource_shaping,,,seed,43.0
1192.0,0.537109375,,no_resource_shaping,,,seed,43.0
1208.0,0.5109375,,no_resource_shaping,,,seed,43.0
1224.0,0.4145408163265306,,no_resource_shaping,,,seed,43.0
1240.0,0.42578125,,no_resource_shaping,,,seed,43.0
1256.0,0.4109375,,no_resource_shaping,,,seed,43.0
1272.0,0.4247448979591837,,no_resource_shaping,,,seed,43.0
1288.0,0.447265625,,no_resource_shaping,,,seed,43.0
1304.0,0.4890625,,no_resource_shaping,,,seed,43.0
1320.0,0.4693877551020408,,no_resource_shaping,,,seed,43.0
1336.0,0.466796875,,no_resource_shaping,,,seed,43.0
1352.0,0.3984375,,no_resource_shaping,,,seed,43.0
1368.0,0.4681122448979592,,no_resource_shaping,,,seed,43.0
1384.0,0.4453125,,no_resource_shaping,,,seed,43.0
1400.0,0.4781249999999999,,no_resource_shaping,,,seed,43.0
1416.0,0.4426020408163265,,no_resource_shaping,,,seed,43.0
1432.0,0.51953125,,no_resource_shaping,,,seed,43.0
1448.0,0.4953125,,no_resource_shaping,,,seed,43.0
1464.0,0.4056122448979592,,no_resource_shaping,,,seed,43.0
1480.0,0.46875,,no_resource_shaping,,,seed,43.0
1496.0,0.45,,no_resource_shaping,,,seed,43.0
1500.0,0.4642857142857143,,no_resource_shaping,,,seed,43.0
1516.0,0.5078125,,no_resource_shaping,,,seed,43.0
1532.0,0.5078125,,no_resource_shaping,,,seed,43.0
1548.0,0.5497448979591837,,no_resource_shaping,,,seed,43.0
1564.0,0.484375,,no_resource_shaping,,,seed,43.0
1580.0,0.4796875,,no_resource_shaping,,,seed,43.0
1596.0,0.4311224489795918,,no_resource_shaping,,,seed,43.0
1612.0,0.51171875,,no_resource_shaping,,,seed,43.0
1628.0,0.4328125,,no_resource_shaping,,,seed,43.0
1644.0,0.4349489795918367,,no_resource_shaping,,,seed,43.0
1660.0,0.44921875,,no_resource_shaping,,,seed,43.0
1676.0,0.5265625,,no_resource_shaping,,,seed,43.0
1692.0,0.4336734693877551,,no_resource_shaping,,,seed,43.0
1708.0,0.494140625,,no_resource_shaping,,,seed,43.0
1724.0,0.4265624999999999,,no_resource_shaping,,,seed,43.0
1740.0,0.4464285714285714,,no_resource_shaping,,,seed,43.0
1756.0,0.51953125,,no_resource_shaping,,,seed,43.0
1772.0,0.4234374999999999,,no_resource_shaping,,,seed,43.0
1788.0,0.4400510204081632,,no_resource_shaping,,,seed,43.0
1804.0,0.48046875,,no_resource_shaping,,,seed,43.0
1820.0,0.471875,,no_resource_shaping,,,seed,43.0
1836.0,0.4030612244897959,,no_resource_shaping,,,seed,43.0
1852.0,0.50390625,,no_resource_shaping,,,seed,43.0
1868.0,0.503125,,no_resource_shaping,,,seed,43.0
1884.0,0.4451530612244898,,no_resource_shaping,,,seed,43.0
1900.0,0.50390625,,no_resource_shaping,,,seed,43.0
1916.0,0.4578125,,no_resource_shaping,,,seed,43.0
1932.0,0.423469387755102,,no_resource_shaping,,,seed,43.0
1948.0,0.41015625,,no_resource_shaping,,,seed,43.0
1964.0,0.4343749999999999,,no_resource_shaping,,,seed,43.0
1980.0,0.4298469387755102,,no_resource_shaping,,,seed,43.0
1996.0,0.4453125,,no_resource_shaping,,,seed,43.0
2000.0,0.5,,no_resource_shaping,,,seed,43.0
2016.0,0.4502551020408163,,no_resource_shaping,,,seed,43.0
2032.0,0.455078125,,no_resource_shaping,,,seed,43.0
2048.0,0.4812499999999999,,no_resource_shaping,,,seed,43.0
2064.0,0.485969387755102,,no_resource_shaping,,,seed,43.0
2080.0,0.486328125,,no_resource_shaping,,,seed,43.0
2096.0,0.5109375,,no_resource_shaping,,,seed,43.0
2112.0,0.4885204081632653,,no_resource_shaping,,,seed,43.0
2128.0,0.4921875,,no_resource_shaping,,,seed,43.0
2144.0,0.39375,,no_resource_shaping,,,seed,43.0
2160.0,0.4706632653061224,,no_resource_shaping,,,seed,43.0
2176.0,0.41796875,,no_resource_shaping,,,seed,43.0
2192.0,0.4953125,,no_resource_shaping,,,seed,43.0
2208.0,0.5114795918367347,,no_resource_shaping,,,seed,43.0
2224.0,0.5,,no_resource_shaping,,,seed,43.0
2240.0,0.4609375,,no_resource_shaping,,,seed,43.0
2256.0,0.4604591836734694,,no_resource_shaping,,,seed,43.0
2272.0,0.48828125,,no_resource_shaping,,,seed,43.0
2288.0,0.4859375,,no_resource_shaping,,,seed,43.0
2304.0,0.4272959183673469,,no_resource_shaping,,,seed,43.0
2320.0,0.5859375,,no_resource_shaping,,,seed,43.0
2336.0,0.5015624999999999,,no_resource_shaping,,,seed,43.0
2352.0,0.4298469387755102,,no_resource_shaping,,,seed,43.0
2368.0,0.51171875,,no_resource_shaping,,,seed,43.0
2384.0,0.4921875,,no_resource_shaping,,,seed,43.0
2400.0,0.4426020408163265,,no_resource_shaping,,,seed,43.0
2416.0,0.470703125,,no_resource_shaping,,,seed,43.0
2432.0,0.475,,no_resource_shaping,,,seed,43.0
2448.0,0.4311224489795918,,no_resource_shaping,,,seed,43.0
2464.0,0.48046875,,no_resource_shaping,,,seed,43.0
2480.0,0.425,,no_resource_shaping,,,seed,43.0
2496.0,0.4285714285714286,,no_resource_shaping,,,seed,43.0
2500.0,0.5546875,,no_resource_shaping,,,seed,43.0
2516.0,0.4234375,,no_resource_shaping,,,seed,43.0
2532.0,0.4400510204081632,,no_resource_shaping,,,seed,43.0
2548.0,0.4609375,,no_resource_shaping,,,seed,43.0
2564.0,0.484375,,no_resource_shaping,,,seed,43.0
2580.0,0.4260204081632652,,no_resource_shaping,,,seed,43.0
2596.0,0.513671875,,no_resource_shaping,,,seed,43.0
2612.0,0.5531249999999999,,no_resource_shaping,,,seed,43.0
2628.0,0.4375,,no_resource_shaping,,,seed,43.0
2644.0,0.48828125,,no_resource_shaping,,,seed,43.0
2660.0,0.46875,,no_resource_shaping,,,seed,43.0
2676.0,0.4923469387755102,,no_resource_shaping,,,seed,43.0
2692.0,0.453125,,no_resource_shaping,,,seed,43.0
2708.0,0.528125,,no_resource_shaping,,,seed,43.0
2724.0,0.5114795918367346,,no_resource_shaping,,,seed,43.0
2740.0,0.458984375,,no_resource_shaping,,,seed,43.0
2756.0,0.4937499999999999,,no_resource_shaping,,,seed,43.0
2772.0,0.4464285714285714,,no_resource_shaping,,,seed,43.0
2788.0,0.541015625,,no_resource_shaping,,,seed,43.0
2804.0,0.5015625,,no_resource_shaping,,,seed,43.0
2820.0,0.4566326530612244,,no_resource_shaping,,,seed,43.0
2836.0,0.46484375,,no_resource_shaping,,,seed,43.0
2852.0,0.44375,,no_resource_shaping,,,seed,43.0
2868.0,0.4808673469387755,,no_resource_shaping,,,seed,43.0
2884.0,0.486328125,,no_resource_shaping,,,seed,43.0
2900.0,0.403125,,no_resource_shaping,,,seed,43.0
2916.0,0.4502551020408163,,no_resource_shaping,,,seed,43.0
2932.0,0.458984375,,no_resource_shaping,,,seed,43.0
2948.0,0.4796875,,no_resource_shaping,,,seed,43.0
2964.0,0.4413265306122449,,no_resource_shaping,,,seed,43.0
2980.0,0.447265625,,no_resource_shaping,,,seed,43.0
2996.0,0.4671875,,no_resource_shaping,,,seed,43.0
3000.0,0.4081632653061224,,no_resource_shaping,,,seed,43.0
16.0,0.236328125,,no_resource_shaping,,,seed,44.0
32.0,0.2249999999999999,,no_resource_shaping,,,seed,44.0
48.0,0.2474489795918367,,no_resource_shaping,,,seed,44.0
64.0,0.353515625,,no_resource_shaping,,,seed,44.0
80.0,0.3,,no_resource_shaping,,,seed,44.0
96.0,0.2755102040816326,,no_resource_shaping,,,seed,44.0
112.0,0.314453125,,no_resource_shaping,,,seed,44.0
128.0,0.3625,,no_resource_shaping,,,seed,44.0
144.0,0.3826530612244898,,no_resource_shaping,,,seed,44.0
160.0,0.45703125,,no_resource_shaping,,,seed,44.0
176.0,0.4078125,,no_resource_shaping,,,seed,44.0
192.0,0.3864795918367346,,no_resource_shaping,,,seed,44.0
208.0,0.4453125,,no_resource_shaping,,,seed,44.0
224.0,0.4015625,,no_resource_shaping,,,seed,44.0
240.0,0.3533163265306122,,no_resource_shaping,,,seed,44.0
250.0,0.50625,,no_resource_shaping,,,seed,44.0
266.0,0.378125,,no_resource_shaping,,,seed,44.0
282.0,0.3698979591836735,,no_resource_shaping,,,seed,44.0
298.0,0.462890625,,no_resource_shaping,,,seed,44.0
314.0,0.39375,,no_resource_shaping,,,seed,44.0
330.0,0.4119897959183674,,no_resource_shaping,,,seed,44.0
346.0,0.478515625,,no_resource_shaping,,,seed,44.0
362.0,0.4078125,,no_resource_shaping,,,seed,44.0
378.0,0.4464285714285714,,no_resource_shaping,,,seed,44.0
394.0,0.4375,,no_resource_shaping,,,seed,44.0
410.0,0.484375,,no_resource_shaping,,,seed,44.0
426.0,0.4298469387755102,,no_resource_shaping,,,seed,44.0
442.0,0.404296875,,no_resource_shaping,,,seed,44.0
458.0,0.390625,,no_resource_shaping,,,seed,44.0
474.0,0.4068877551020408,,no_resource_shaping,,,seed,44.0
490.0,0.427734375,,no_resource_shaping,,,seed,44.0
500.0,0.4399999999999999,,no_resource_shaping,,,seed,44.0
516.0,0.4489795918367346,,no_resource_shaping,,,seed,44.0
532.0,0.408203125,,no_resource_shaping,,,seed,44.0
548.0,0.5015625,,no_resource_shaping,,,seed,44.0
564.0,0.4528061224489795,,no_resource_shaping,,,seed,44.0
580.0,0.46875,,no_resource_shaping,,,seed,44.0
596.0,0.496875,,no_resource_shaping,,,seed,44.0
612.0,0.4936224489795918,,no_resource_shaping,,,seed,44.0
628.0,0.44921875,,no_resource_shaping,,,seed,44.0
644.0,0.4765625,,no_resource_shaping,,,seed,44.0
660.0,0.4298469387755101,,no_resource_shaping,,,seed,44.0
676.0,0.48828125,,no_resource_shaping,,,seed,44.0
692.0,0.4359375,,no_resource_shaping,,,seed,44.0
708.0,0.4107142857142857,,no_resource_shaping,,,seed,44.0
724.0,0.42578125,,no_resource_shaping,,,seed,44.0
740.0,0.490625,,no_resource_shaping,,,seed,44.0
756.0,0.4247448979591837,,no_resource_shaping,,,seed,44.0
772.0,0.494140625,,no_resource_shaping,,,seed,44.0
788.0,0.4578124999999999,,no_resource_shaping,,,seed,44.0
804.0,0.3711734693877551,,no_resource_shaping,,,seed,44.0
820.0,0.4140625,,no_resource_shaping,,,seed,44.0
836.0,0.4359375,,no_resource_shaping,,,seed,44.0
852.0,0.4221938775510204,,no_resource_shaping,,,seed,44.0
868.0,0.427734375,,no_resource_shaping,,,seed,44.0
884.0,0.4328125,,no_resource_shaping,,,seed,44.0
900.0,0.3737244897959183,,no_resource_shaping,,,seed,44.0
916.0,0.49609375,,no_resource_shaping,,,seed,44.0
932.0,0.41875,,no_resource_shaping,,,seed,44.0
948.0,0.3954081632653061,,no_resource_shaping,,,seed,44.0
964.0,0.474609375,,no_resource_shaping,,,seed,44.0
980.0,0.434375,,no_resource_shaping,,,seed,44.0
996.0,0.4681122448979591,,no_resource_shaping,,,seed,44.0
1000.0,0.53125,,no_resource_shaping,,,seed,44.0
1016.0,0.4265625,,no_resource_shaping,,,seed,44.0
1032.0,0.4489795918367347,,no_resource_shaping,,,seed,44.0
1048.0,0.44921875,,no_resource_shaping,,,seed,44.0
1064.0,0.515625,,no_resource_shaping,,,seed,44.0
1080.0,0.4642857142857143,,no_resource_shaping,,,seed,44.0
1096.0,0.453125,,no_resource_shaping,,,seed,44.0
1112.0,0.55625,,no_resource_shaping,,,seed,44.0
1128.0,0.4923469387755101,,no_resource_shaping,,,seed,44.0
1144.0,0.470703125,,no_resource_shaping,,,seed,44.0
1160.0,0.440625,,no_resource_shaping,,,seed,44.0
1176.0,0.4387755102040816,,no_resource_shaping,,,seed,44.0
1192.0,0.509765625,,no_resource_shaping,,,seed,44.0
1208.0,0.5015625,,no_resource_shaping,,,seed,44.0
1224.0,0.4923469387755101,,no_resource_shaping,,,seed,44.0
1240.0,0.462890625,,no_resource_shaping,,,seed,44.0
1256.0,0.4078125,,no_resource_shaping,,,seed,44.0
1272.0,0.4158163265306123,,no_resource_shaping,,,seed,44.0
1288.0,0.451171875,,no_resource_shaping,,,seed,44.0
1304.0,0.4328125,,no_resource_shaping,,,seed,44.0
1320.0,0.3826530612244898,,no_resource_shaping,,,seed,44.0
1336.0,0.529296875,,no_resource_shaping,,,seed,44.0
1352.0,0.509375,,no_resource_shaping,,,seed,44.0
1368.0,0.4298469387755102,,no_resource_shaping,,,seed,44.0
1384.0,0.49609375,,no_resource_shaping,,,seed,44.0
1400.0,0.48125,,no_resource_shaping,,,seed,44.0
1416.0,0.4426020408163265,,no_resource_shaping,,,seed,44.0
1432.0,0.5078125,,no_resource_shaping,,,seed,44.0
1448.0,0.5249999999999999,,no_resource_shaping,,,seed,44.0
1464.0,0.510204081632653,,no_resource_shaping,,,seed,44.0
1480.0,0.556640625,,no_resource_shaping,,,seed,44.0
1496.0,0.528125,,no_resource_shaping,,,seed,44.0
1500.0,0.2551020408163265,,no_resource_shaping,,,seed,44.0
1516.0,0.52734375,,no_resource_shaping,,,seed,44.0
1532.0,0.4296875,,no_resource_shaping,,,seed,44.0
1548.0,0.4349489795918367,,no_resource_shaping,,,seed,44.0
1564.0,0.4453125,,no_resource_shaping,,,seed,44.0
1580.0,0.4468749999999999,,no_resource_shaping,,,seed,44.0
1596.0,0.4681122448979592,,no_resource_shaping,,,seed,44.0
1612.0,0.462890625,,no_resource_shaping,,,seed,44.0
1628.0,0.3953125,,no_resource_shaping,,,seed,44.0
1644.0,0.475765306122449,,no_resource_shaping,,,seed,44.0
1660.0,0.451171875,,no_resource_shaping,,,seed,44.0
1676.0,0.465625,,no_resource_shaping,,,seed,44.0
1692.0,0.4196428571428571,,no_resource_shaping,,,seed,44.0
1708.0,0.455078125,,no_resource_shaping,,,seed,44.0
1724.0,0.4828125,,no_resource_shaping,,,seed,44.0
1740.0,0.4987244897959183,,no_resource_shaping,,,seed,44.0
1756.0,0.533203125,,no_resource_shaping,,,seed,44.0
1772.0,0.40625,,no_resource_shaping,,,seed,44.0
1788.0,0.4387755102040817,,no_resource_shaping,,,seed,44.0
1804.0,0.421875,,no_resource_shaping,,,seed,44.0
1820.0,0.4375,,no_resource_shaping,,,seed,44.0
1836.0,0.4081632653061224,,no_resource_shaping,,,seed,44.0
1852.0,0.48046875,,no_resource_shaping,,,seed,44.0
1868.0,0.5015625,,no_resource_shaping,,,seed,44.0
1884.0,0.4132653061224489,,no_resource_shaping,,,seed,44.0
1900.0,0.494140625,,no_resource_shaping,,,seed,44.0
1916.0,0.4937499999999999,,no_resource_shaping,,,seed,44.0
1932.0,0.4974489795918367,,no_resource_shaping,,,seed,44.0
1948.0,0.435546875,,no_resource_shaping,,,seed,44.0
1964.0,0.4140625,,no_resource_shaping,,,seed,44.0
1980.0,0.4528061224489796,,no_resource_shaping,,,seed,44.0
1996.0,0.51171875,,no_resource_shaping,,,seed,44.0
2000.0,0.4375,,no_resource_shaping,,,seed,44.0
2016.0,0.461734693877551,,no_resource_shaping,,,seed,44.0
2032.0,0.49609375,,no_resource_shaping,,,seed,44.0
2048.0,0.4953125,,no_resource_shaping,,,seed,44.0
2064.0,0.4604591836734694,,no_resource_shaping,,,seed,44.0
2080.0,0.5625,,no_resource_shaping,,,seed,44.0
2096.0,0.4421874999999999,,no_resource_shaping,,,seed,44.0
2112.0,0.4285714285714285,,no_resource_shaping,,,seed,44.0
2128.0,0.455078125,,no_resource_shaping,,,seed,44.0
2144.0,0.490625,,no_resource_shaping,,,seed,44.0
2160.0,0.4872448979591837,,no_resource_shaping,,,seed,44.0
2176.0,0.4375,,no_resource_shaping,,,seed,44.0
2192.0,0.4171875,,no_resource_shaping,,,seed,44.0
2208.0,0.4170918367346938,,no_resource_shaping,,,seed,44.0
2224.0,0.462890625,,no_resource_shaping,,,seed,44.0
2240.0,0.4343749999999999,,no_resource_shaping,,,seed,44.0
2256.0,0.4553571428571428,,no_resource_shaping,,,seed,44.0
2272.0,0.57421875,,no_resource_shaping,,,seed,44.0
2288.0,0.5062500000000001,,no_resource_shaping,,,seed,44.0
2304.0,0.3737244897959183,,no_resource_shaping,,,seed,44.0
2320.0,0.537109375,,no_resource_shaping,,,seed,44.0
2336.0,0.5109375,,no_resource_shaping,,,seed,44.0
2352.0,0.4209183673469387,,no_resource_shaping,,,seed,44.0
2368.0,0.5234375,,no_resource_shaping,,,seed,44.0
2384.0,0.3703124999999999,,no_resource_shaping,,,seed,44.0
2400.0,0.4795918367346938,,no_resource_shaping,,,seed,44.0
2416.0,0.50390625,,no_resource_shaping,,,seed,44.0
2432.0,0.4546875,,no_resource_shaping,,,seed,44.0
2448.0,0.4030612244897959,,no_resource_shaping,,,seed,44.0
2464.0,0.44921875,,no_resource_shaping,,,seed,44.0
2480.0,0.425,,no_resource_shaping,,,seed,44.0
2496.0,0.4489795918367346,,no_resource_shaping,,,seed,44.0
2500.0,0.3046875,,no_resource_shaping,,,seed,44.0
2516.0,0.5265625,,no_resource_shaping,,,seed,44.0
2532.0,0.4540816326530612,,no_resource_shaping,,,seed,44.0
2548.0,0.431640625,,no_resource_shaping,,,seed,44.0
2564.0,0.534375,,no_resource_shaping,,,seed,44.0
2580.0,0.4566326530612244,,no_resource_shaping,,,seed,44.0
2596.0,0.490234375,,no_resource_shaping,,,seed,44.0
2612.0,0.3874999999999999,,no_resource_shaping,,,seed,44.0
2628.0,0.4272959183673469,,no_resource_shaping,,,seed,44.0
2644.0,0.482421875,,no_resource_shaping,,,seed,44.0
2660.0,0.4734375,,no_resource_shaping,,,seed,44.0
2676.0,0.461734693877551,,no_resource_shaping,,,seed,44.0
2692.0,0.41796875,,no_resource_shaping,,,seed,44.0
2708.0,0.5046875,,no_resource_shaping,,,seed,44.0
2724.0,0.5102040816326531,,no_resource_shaping,,,seed,44.0
2740.0,0.5390625,,no_resource_shaping,,,seed,44.0
2756.0,0.48125,,no_resource_shaping,,,seed,44.0
2772.0,0.4349489795918367,,no_resource_shaping,,,seed,44.0
2788.0,0.435546875,,no_resource_shaping,,,seed,44.0
2804.0,0.4578125,,no_resource_shaping,,,seed,44.0
2820.0,0.4808673469387755,,no_resource_shaping,,,seed,44.0
2836.0,0.474609375,,no_resource_shaping,,,seed,44.0
2852.0,0.5546875,,no_resource_shaping,,,seed,44.0
2868.0,0.5204081632653061,,no_resource_shaping,,,seed,44.0
2884.0,0.466796875,,no_resource_shaping,,,seed,44.0
2900.0,0.478125,,no_resource_shaping,,,seed,44.0
2916.0,0.4438775510204081,,no_resource_shaping,,,seed,44.0
2932.0,0.458984375,,no_resource_shaping,,,seed,44.0
2948.0,0.4609375,,no_resource_shaping,,,seed,44.0
2964.0,0.4451530612244898,,no_resource_shaping,,,seed,44.0
2980.0,0.47265625,,no_resource_shaping,,,seed,44.0
2996.0,0.40625,,no_resource_shaping,,,seed,44.0
3000.0,0.3163265306122448,,no_resource_shaping,,,seed,44.0
16.0,0.21484375,,no_resource_shaping,,,seed,45.0
32.0,0.203125,,no_resource_shaping,,,seed,45.0
48.0,0.2193877551020408,,no_resource_shaping,,,seed,45.0
64.0,0.314453125,,no_resource_shaping,,,seed,45.0
80.0,0.3109375,,no_resource_shaping,,,seed,45.0
96.0,0.3214285714285714,,no_resource_shaping,,,seed,45.0
112.0,0.337890625,,no_resource_shaping,,,seed,45.0
128.0,0.3640624999999999,,no_resource_shaping,,,seed,45.0
144.0,0.2933673469387755,,no_resource_shaping,,,seed,45.0
160.0,0.41796875,,no_resource_shaping,,,seed,45.0
176.0,0.36875,,no_resource_shaping,,,seed,45.0
192.0,0.3647959183673469,,no_resource_shaping,,,seed,45.0
208.0,0.455078125,,no_resource_shaping,,,seed,45.0
224.0,0.3671875,,no_resource_shaping,,,seed,45.0
240.0,0.4413265306122449,,no_resource_shaping,,,seed,45.0
250.0,0.478125,,no_resource_shaping,,,seed,45.0
266.0,0.4187499999999999,,no_resource_shaping,,,seed,45.0
282.0,0.3558673469387755,,no_resource_shaping,,,seed,45.0
298.0,0.474609375,,no_resource_shaping,,,seed,45.0
314.0,0.371875,,no_resource_shaping,,,seed,45.0
330.0,0.3711734693877551,,no_resource_shaping,,,seed,45.0
346.0,0.4921875,,no_resource_shaping,,,seed,45.0
362.0,0.453125,,no_resource_shaping,,,seed,45.0
378.0,0.4528061224489795,,no_resource_shaping,,,seed,45.0
394.0,0.40234375,,no_resource_shaping,,,seed,45.0
410.0,0.446875,,no_resource_shaping,,,seed,45.0
426.0,0.4451530612244898,,no_resource_shaping,,,seed,45.0
442.0,0.45703125,,no_resource_shaping,,,seed,45.0
458.0,0.4796875,,no_resource_shaping,,,seed,45.0
474.0,0.4681122448979591,,no_resource_shaping,,,seed,45.0
490.0,0.5078125,,no_resource_shaping,,,seed,45.0
500.0,0.5075000000000001,,no_resource_shaping,,,seed,45.0
516.0,0.4591836734693878,,no_resource_shaping,,,seed,45.0
532.0,0.478515625,,no_resource_shaping,,,seed,45.0
548.0,0.5078125,,no_resource_shaping,,,seed,45.0
564.0,0.4375,,no_resource_shaping,,,seed,45.0
580.0,0.458984375,,no_resource_shaping,,,seed,45.0
596.0,0.44375,,no_resource_shaping,,,seed,45.0
612.0,0.4502551020408163,,no_resource_shaping,,,seed,45.0
628.0,0.482421875,,no_resource_shaping,,,seed,45.0
644.0,0.44375,,no_resource_shaping,,,seed,45.0
660.0,0.4642857142857143,,no_resource_shaping,,,seed,45.0
676.0,0.56640625,,no_resource_shaping,,,seed,45.0
692.0,0.34375,,no_resource_shaping,,,seed,45.0
708.0,0.4285714285714286,,no_resource_shaping,,,seed,45.0
724.0,0.439453125,,no_resource_shaping,,,seed,45.0
740.0,0.5,,no_resource_shaping,,,seed,45.0
756.0,0.4323979591836734,,no_resource_shaping,,,seed,45.0
772.0,0.501953125,,no_resource_shaping,,,seed,45.0
788.0,0.4515625,,no_resource_shaping,,,seed,45.0
804.0,0.4221938775510204,,no_resource_shaping,,,seed,45.0
820.0,0.482421875,,no_resource_shaping,,,seed,45.0
836.0,0.4937499999999999,,no_resource_shaping,,,seed,45.0
852.0,0.4681122448979592,,no_resource_shaping,,,seed,45.0
868.0,0.431640625,,no_resource_shaping,,,seed,45.0
884.0,0.4296875,,no_resource_shaping,,,seed,45.0
900.0,0.4272959183673469,,no_resource_shaping,,,seed,45.0
916.0,0.40234375,,no_resource_shaping,,,seed,45.0
932.0,0.465625,,no_resource_shaping,,,seed,45.0
948.0,0.5127551020408163,,no_resource_shaping,,,seed,45.0
964.0,0.46484375,,no_resource_shaping,,,seed,45.0
980.0,0.4203125,,no_resource_shaping,,,seed,45.0
996.0,0.4438775510204081,,no_resource_shaping,,,seed,45.0
1000.0,0.5078125,,no_resource_shaping,,,seed,45.0
1016.0,0.4734374999999999,,no_resource_shaping,,,seed,45.0
1032.0,0.4757653061224489,,no_resource_shaping,,,seed,45.0
1048.0,0.4453125,,no_resource_shaping,,,seed,45.0
1064.0,0.425,,no_resource_shaping,,,seed,45.0
1080.0,0.4795918367346938,,no_resource_shaping,,,seed,45.0
1096.0,0.443359375,,no_resource_shaping,,,seed,45.0
1112.0,0.50625,,no_resource_shaping,,,seed,45.0
1128.0,0.4170918367346938,,no_resource_shaping,,,seed,45.0
1144.0,0.447265625,,no_resource_shaping,,,seed,45.0
1160.0,0.5140625,,no_resource_shaping,,,seed,45.0
1176.0,0.4668367346938775,,no_resource_shaping,,,seed,45.0
1192.0,0.458984375,,no_resource_shaping,,,seed,45.0
1208.0,0.4484375,,no_resource_shaping,,,seed,45.0
1224.0,0.4336734693877551,,no_resource_shaping,,,seed,45.0
1240.0,0.5,,no_resource_shaping,,,seed,45.0
1256.0,0.45625,,no_resource_shaping,,,seed,45.0
1272.0,0.4604591836734694,,no_resource_shaping,,,seed,45.0
1288.0,0.462890625,,no_resource_shaping,,,seed,45.0
1304.0,0.5171875,,no_resource_shaping,,,seed,45.0
1320.0,0.4056122448979592,,no_resource_shaping,,,seed,45.0
1336.0,0.53125,,no_resource_shaping,,,seed,45.0
1352.0,0.5109374999999999,,no_resource_shaping,,,seed,45.0
1368.0,0.4043367346938775,,no_resource_shaping,,,seed,45.0
1384.0,0.54296875,,no_resource_shaping,,,seed,45.0
1400.0,0.4937499999999999,,no_resource_shaping,,,seed,45.0
1416.0,0.4591836734693877,,no_resource_shaping,,,seed,45.0
1432.0,0.47265625,,no_resource_shaping,,,seed,45.0
1448.0,0.475,,no_resource_shaping,,,seed,45.0
1464.0,0.4209183673469387,,no_resource_shaping,,,seed,45.0
1480.0,0.498046875,,no_resource_shaping,,,seed,45.0
1496.0,0.490625,,no_resource_shaping,,,seed,45.0
1500.0,0.4948979591836734,,no_resource_shaping,,,seed,45.0
1516.0,0.521484375,,no_resource_shaping,,,seed,45.0
1532.0,0.4296875,,no_resource_shaping,,,seed,45.0
1548.0,0.4489795918367346,,no_resource_shaping,,,seed,45.0
1564.0,0.46484375,,no_resource_shaping,,,seed,45.0
1580.0,0.4890625,,no_resource_shaping,,,seed,45.0
1596.0,0.4311224489795918,,no_resource_shaping,,,seed,45.0
1612.0,0.541015625,,no_resource_shaping,,,seed,45.0
1628.0,0.4828125,,no_resource_shaping,,,seed,45.0
1644.0,0.4221938775510204,,no_resource_shaping,,,seed,45.0
1660.0,0.4453125,,no_resource_shaping,,,seed,45.0
1676.0,0.45625,,no_resource_shaping,,,seed,45.0
1692.0,0.4349489795918367,,no_resource_shaping,,,seed,45.0
1708.0,0.357421875,,no_resource_shaping,,,seed,45.0
1724.0,0.4734375,,no_resource_shaping,,,seed,45.0
1740.0,0.485969387755102,,no_resource_shaping,,,seed,45.0
1756.0,0.431640625,,no_resource_shaping,,,seed,45.0
1772.0,0.3703125,,no_resource_shaping,,,seed,45.0
1788.0,0.4846938775510204,,no_resource_shaping,,,seed,45.0
1804.0,0.439453125,,no_resource_shaping,,,seed,45.0
1820.0,0.4796875,,no_resource_shaping,,,seed,45.0
1836.0,0.4375,,no_resource_shaping,,,seed,45.0
1852.0,0.474609375,,no_resource_shaping,,,seed,45.0
1868.0,0.4453125,,no_resource_shaping,,,seed,45.0
1884.0,0.4642857142857143,,no_resource_shaping,,,seed,45.0
1900.0,0.498046875,,no_resource_shaping,,,seed,45.0
1916.0,0.421875,,no_resource_shaping,,,seed,45.0
1932.0,0.4107142857142857,,no_resource_shaping,,,seed,45.0
1948.0,0.46484375,,no_resource_shaping,,,seed,45.0
1964.0,0.48125,,no_resource_shaping,,,seed,45.0
1980.0,0.4795918367346939,,no_resource_shaping,,,seed,45.0
1996.0,0.443359375,,no_resource_shaping,,,seed,45.0
2000.0,0.425,,no_resource_shaping,,,seed,45.0
2016.0,0.4757653061224489,,no_resource_shaping,,,seed,45.0
2032.0,0.359375,,no_resource_shaping,,,seed,45.0
2048.0,0.5,,no_resource_shaping,,,seed,45.0
2064.0,0.4400510204081632,,no_resource_shaping,,,seed,45.0
2080.0,0.419921875,,no_resource_shaping,,,seed,45.0
2096.0,0.415625,,no_resource_shaping,,,seed,45.0
2112.0,0.4948979591836734,,no_resource_shaping,,,seed,45.0
2128.0,0.462890625,,no_resource_shaping,,,seed,45.0
2144.0,0.4828125,,no_resource_shaping,,,seed,45.0
2160.0,0.4170918367346938,,no_resource_shaping,,,seed,45.0
2176.0,0.529296875,,no_resource_shaping,,,seed,45.0
2192.0,0.4125,,no_resource_shaping,,,seed,45.0
2208.0,0.5,,no_resource_shaping,,,seed,45.0
2224.0,0.5625,,no_resource_shaping,,,seed,45.0
2240.0,0.3984375,,no_resource_shaping,,,seed,45.0
2256.0,0.4604591836734694,,no_resource_shaping,,,seed,45.0
2272.0,0.4296875,,no_resource_shaping,,,seed,45.0
2288.0,0.4921875,,no_resource_shaping,,,seed,45.0
2304.0,0.4260204081632653,,no_resource_shaping,,,seed,45.0
2320.0,0.427734375,,no_resource_shaping,,,seed,45.0
2336.0,0.4265625,,no_resource_shaping,,,seed,45.0
2352.0,0.4158163265306123,,no_resource_shaping,,,seed,45.0
2368.0,0.552734375,,no_resource_shaping,,,seed,45.0
2384.0,0.4812499999999999,,no_resource_shaping,,,seed,45.0
2400.0,0.4285714285714285,,no_resource_shaping,,,seed,45.0
2416.0,0.546875,,no_resource_shaping,,,seed,45.0
2432.0,0.4984375,,no_resource_shaping,,,seed,45.0
2448.0,0.4400510204081632,,no_resource_shaping,,,seed,45.0
2464.0,0.439453125,,no_resource_shaping,,,seed,45.0
2480.0,0.4734374999999999,,no_resource_shaping,,,seed,45.0
2496.0,0.4426020408163265,,no_resource_shaping,,,seed,45.0
2500.0,0.5,,no_resource_shaping,,,seed,45.0
2516.0,0.4765625,,no_resource_shaping,,,seed,45.0
2532.0,0.409438775510204,,no_resource_shaping,,,seed,45.0
2548.0,0.486328125,,no_resource_shaping,,,seed,45.0
2564.0,0.4796874999999999,,no_resource_shaping,,,seed,45.0
2580.0,0.4630102040816327,,no_resource_shaping,,,seed,45.0
2596.0,0.537109375,,no_resource_shaping,,,seed,45.0
2612.0,0.4375,,no_resource_shaping,,,seed,45.0
2628.0,0.4668367346938775,,no_resource_shaping,,,seed,45.0
2644.0,0.40234375,,no_resource_shaping,,,seed,45.0
2660.0,0.4828125,,no_resource_shaping,,,seed,45.0
2676.0,0.5025510204081634,,no_resource_shaping,,,seed,45.0
2692.0,0.53125,,no_resource_shaping,,,seed,45.0
2708.0,0.475,,no_resource_shaping,,,seed,45.0
2724.0,0.4655612244897959,,no_resource_shaping,,,seed,45.0
2740.0,0.51171875,,no_resource_shaping,,,seed,45.0
2756.0,0.4875,,no_resource_shaping,,,seed,45.0
2772.0,0.4795918367346938,,no_resource_shaping,,,seed,45.0
2788.0,0.455078125,,no_resource_shaping,,,seed,45.0
2804.0,0.4671875,,no_resource_shaping,,,seed,45.0
2820.0,0.3635204081632653,,no_resource_shaping,,,seed,45.0
2836.0,0.423828125,,no_resource_shaping,,,seed,45.0
2852.0,0.525,,no_resource_shaping,,,seed,45.0
2868.0,0.475765306122449,,no_resource_shaping,,,seed,45.0
2884.0,0.537109375,,no_resource_shaping,,,seed,45.0
2900.0,0.49375,,no_resource_shaping,,,seed,45.0
2916.0,0.3839285714285714,,no_resource_shaping,,,seed,45.0
2932.0,0.4453125,,no_resource_shaping,,,seed,45.0
2948.0,0.4546875,,no_resource_shaping,,,seed,45.0
2964.0,0.4936224489795918,,no_resource_shaping,,,seed,45.0
2980.0,0.521484375,,no_resource_shaping,,,seed,45.0
2996.0,0.453125,,no_resource_shaping,,,seed,45.0
3000.0,0.5051020408163265,,no_resource_shaping,,,seed,45.0
16.0,0.236328125,,no_resource_shaping,,,seed,46.0
32.0,0.234375,,no_resource_shaping,,,seed,46.0
48.0,0.25,,no_resource_shaping,,,seed,46.0
64.0,0.39453125,,no_resource_shaping,,,seed,46.0
80.0,0.3046875,,no_resource_shaping,,,seed,46.0
96.0,0.2895408163265306,,no_resource_shaping,,,seed,46.0
112.0,0.392578125,,no_resource_shaping,,,seed,46.0
128.0,0.3374999999999999,,no_resource_shaping,,,seed,46.0
144.0,0.3903061224489795,,no_resource_shaping,,,seed,46.0
160.0,0.40625,,no_resource_shaping,,,seed,46.0
176.0,0.36875,,no_resource_shaping,,,seed,46.0
192.0,0.399234693877551,,no_resource_shaping,,,seed,46.0
208.0,0.474609375,,no_resource_shaping,,,seed,46.0
224.0,0.4171875,,no_resource_shaping,,,seed,46.0
240.0,0.4158163265306122,,no_resource_shaping,,,seed,46.0
250.0,0.4875,,no_resource_shaping,,,seed,46.0
266.0,0.4328125,,no_resource_shaping,,,seed,46.0
282.0,0.4426020408163265,,no_resource_shaping,,,seed,46.0
298.0,0.369140625,,no_resource_shaping,,,seed,46.0
314.0,0.4703125,,no_resource_shaping,,,seed,46.0
330.0,0.3545918367346938,,no_resource_shaping,,,seed,46.0
346.0,0.458984375,,no_resource_shaping,,,seed,46.0
362.0,0.4015625,,no_resource_shaping,,,seed,46.0
378.0,0.4349489795918367,,no_resource_shaping,,,seed,46.0
394.0,0.451171875,,no_resource_shaping,,,seed,46.0
410.0,0.41875,,no_resource_shaping,,,seed,46.0
426.0,0.3966836734693877,,no_resource_shaping,,,seed,46.0
442.0,0.369140625,,no_resource_shaping,,,seed,46.0
458.0,0.39375,,no_resource_shaping,,,seed,46.0
474.0,0.3915816326530612,,no_resource_shaping,,,seed,46.0
490.0,0.462890625,,no_resource_shaping,,,seed,46.0
500.0,0.45,,no_resource_shaping,,,seed,46.0
516.0,0.4706632653061224,,no_resource_shaping,,,seed,46.0
532.0,0.505859375,,no_resource_shaping,,,seed,46.0
548.0,0.4375,,no_resource_shaping,,,seed,46.0
564.0,0.4119897959183674,,no_resource_shaping,,,seed,46.0
580.0,0.43359375,,no_resource_shaping,,,seed,46.0
596.0,0.4703125,,no_resource_shaping,,,seed,46.0
612.0,0.4375,,no_resource_shaping,,,seed,46.0
628.0,0.43359375,,no_resource_shaping,,,seed,46.0
644.0,0.5171875,,no_resource_shaping,,,seed,46.0
660.0,0.4528061224489795,,no_resource_shaping,,,seed,46.0
676.0,0.490234375,,no_resource_shaping,,,seed,46.0
692.0,0.45,,no_resource_shaping,,,seed,46.0
708.0,0.4540816326530612,,no_resource_shaping,,,seed,46.0
724.0,0.513671875,,no_resource_shaping,,,seed,46.0
740.0,0.5,,no_resource_shaping,,,seed,46.0
756.0,0.4323979591836734,,no_resource_shaping,,,seed,46.0
772.0,0.470703125,,no_resource_shaping,,,seed,46.0
788.0,0.4656249999999999,,no_resource_shaping,,,seed,46.0
804.0,0.3711734693877551,,no_resource_shaping,,,seed,46.0
820.0,0.431640625,,no_resource_shaping,,,seed,46.0
836.0,0.4453125,,no_resource_shaping,,,seed,46.0
852.0,0.4540816326530612,,no_resource_shaping,,,seed,46.0
868.0,0.484375,,no_resource_shaping,,,seed,46.0
884.0,0.4625,,no_resource_shaping,,,seed,46.0
900.0,0.4706632653061224,,no_resource_shaping,,,seed,46.0
916.0,0.443359375,,no_resource_shaping,,,seed,46.0
932.0,0.4453125,,no_resource_shaping,,,seed,46.0
948.0,0.4183673469387755,,no_resource_shaping,,,seed,46.0
964.0,0.41796875,,no_resource_shaping,,,seed,46.0
980.0,0.4765625,,no_resource_shaping,,,seed,46.0
996.0,0.4158163265306122,,no_resource_shaping,,,seed,46.0
1000.0,0.515625,,no_resource_shaping,,,seed,46.0
1016.0,0.521875,,no_resource_shaping,,,seed,46.0
1032.0,0.4604591836734694,,no_resource_shaping,,,seed,46.0
1048.0,0.49609375,,no_resource_shaping,,,seed,46.0
1064.0,0.4343749999999999,,no_resource_shaping,,,seed,46.0
1080.0,0.5012755102040816,,no_resource_shaping,,,seed,46.0
1096.0,0.513671875,,no_resource_shaping,,,seed,46.0
1112.0,0.4203125,,no_resource_shaping,,,seed,46.0
1128.0,0.5102040816326531,,no_resource_shaping,,,seed,46.0
1144.0,0.517578125,,no_resource_shaping,,,seed,46.0
1160.0,0.5109375,,no_resource_shaping,,,seed,46.0
1176.0,0.4553571428571428,,no_resource_shaping,,,seed,46.0
1192.0,0.47265625,,no_resource_shaping,,,seed,46.0
1208.0,0.4796875,,no_resource_shaping,,,seed,46.0
1224.0,0.4464285714285714,,no_resource_shaping,,,seed,46.0
1240.0,0.541015625,,no_resource_shaping,,,seed,46.0
1256.0,0.490625,,no_resource_shaping,,,seed,46.0
1272.0,0.4821428571428571,,no_resource_shaping,,,seed,46.0
1288.0,0.458984375,,no_resource_shaping,,,seed,46.0
1304.0,0.4734375,,no_resource_shaping,,,seed,46.0
1320.0,0.4107142857142857,,no_resource_shaping,,,seed,46.0
1336.0,0.466796875,,no_resource_shaping,,,seed,46.0
1352.0,0.4265624999999999,,no_resource_shaping,,,seed,46.0
1368.0,0.475765306122449,,no_resource_shaping,,,seed,46.0
1384.0,0.388671875,,no_resource_shaping,,,seed,46.0
1400.0,0.4765625,,no_resource_shaping,,,seed,46.0
1416.0,0.4464285714285714,,no_resource_shaping,,,seed,46.0
1432.0,0.447265625,,no_resource_shaping,,,seed,46.0
1448.0,0.5421875,,no_resource_shaping,,,seed,46.0
1464.0,0.4464285714285714,,no_resource_shaping,,,seed,46.0
1480.0,0.580078125,,no_resource_shaping,,,seed,46.0
1496.0,0.4609375,,no_resource_shaping,,,seed,46.0
1500.0,0.4540816326530612,,no_resource_shaping,,,seed,46.0
1516.0,0.4453125,,no_resource_shaping,,,seed,46.0
1532.0,0.4625,,no_resource_shaping,,,seed,46.0
1548.0,0.451530612244898,,no_resource_shaping,,,seed,46.0
1564.0,0.482421875,,no_resource_shaping,,,seed,46.0
1580.0,0.4937499999999999,,no_resource_shaping,,,seed,46.0
1596.0,0.4566326530612244,,no_resource_shaping,,,seed,46.0
1612.0,0.533203125,,no_resource_shaping,,,seed,46.0
1628.0,0.5218750000000001,,no_resource_shaping,,,seed,46.0
1644.0,0.4030612244897958,,no_resource_shaping,,,seed,46.0
1660.0,0.505859375,,no_resource_shaping,,,seed,46.0
1676.0,0.4265624999999999,,no_resource_shaping,,,seed,46.0
1692.0,0.4693877551020408,,no_resource_shaping,,,seed,46.0
1708.0,0.47265625,,no_resource_shaping,,,seed,46.0
1724.0,0.4734375,,no_resource_shaping,,,seed,46.0
1740.0,0.4872448979591837,,no_resource_shaping,,,seed,46.0
1756.0,0.484375,,no_resource_shaping,,,seed,46.0
1772.0,0.440625,,no_resource_shaping,,,seed,46.0
1788.0,0.4681122448979591,,no_resource_shaping,,,seed,46.0
1804.0,0.556640625,,no_resource_shaping,,,seed,46.0
1820.0,0.465625,,no_resource_shaping,,,seed,46.0
1836.0,0.4362244897959184,,no_resource_shaping,,,seed,46.0
1852.0,0.38671875,,no_resource_shaping,,,seed,46.0
1868.0,0.5531249999999999,,no_resource_shaping,,,seed,46.0
1884.0,0.4961734693877551,,no_resource_shaping,,,seed,46.0
1900.0,0.53125,,no_resource_shaping,,,seed,46.0
1916.0,0.478125,,no_resource_shaping,,,seed,46.0
1932.0,0.4005102040816326,,no_resource_shaping,,,seed,46.0
1948.0,0.48828125,,no_resource_shaping,,,seed,46.0
1964.0,0.4953125,,no_resource_shaping,,,seed,46.0
1980.0,0.3877551020408163,,no_resource_shaping,,,seed,46.0
1996.0,0.40625,,no_resource_shaping,,,seed,46.0
2000.0,0.6124999999999999,,no_resource_shaping,,,seed,46.0
2016.0,0.4936224489795918,,no_resource_shaping,,,seed,46.0
2032.0,0.505859375,,no_resource_shaping,,,seed,46.0
2048.0,0.4234375,,no_resource_shaping,,,seed,46.0
2064.0,0.4719387755102041,,no_resource_shaping,,,seed,46.0
2080.0,0.50390625,,no_resource_shaping,,,seed,46.0
2096.0,0.44375,,no_resource_shaping,,,seed,46.0
2112.0,0.4732142857142857,,no_resource_shaping,,,seed,46.0
2128.0,0.443359375,,no_resource_shaping,,,seed,46.0
2144.0,0.428125,,no_resource_shaping,,,seed,46.0
2160.0,0.4515306122448979,,no_resource_shaping,,,seed,46.0
2176.0,0.458984375,,no_resource_shaping,,,seed,46.0
2192.0,0.4468749999999999,,no_resource_shaping,,,seed,46.0
2208.0,0.3928571428571429,,no_resource_shaping,,,seed,46.0
2224.0,0.462890625,,no_resource_shaping,,,seed,46.0
2240.0,0.5453125000000001,,no_resource_shaping,,,seed,46.0
2256.0,0.4630102040816326,,no_resource_shaping,,,seed,46.0
2272.0,0.482421875,,no_resource_shaping,,,seed,46.0
2288.0,0.5078125,,no_resource_shaping,,,seed,46.0
2304.0,0.4923469387755102,,no_resource_shaping,,,seed,46.0
2320.0,0.525390625,,no_resource_shaping,,,seed,46.0
2336.0,0.5171875,,no_resource_shaping,,,seed,46.0
2352.0,0.4579081632653061,,no_resource_shaping,,,seed,46.0
2368.0,0.525390625,,no_resource_shaping,,,seed,46.0
2384.0,0.44375,,no_resource_shaping,,,seed,46.0
2400.0,0.4272959183673469,,no_resource_shaping,,,seed,46.0
2416.0,0.46484375,,no_resource_shaping,,,seed,46.0
2432.0,0.459375,,no_resource_shaping,,,seed,46.0
2448.0,0.3979591836734694,,no_resource_shaping,,,seed,46.0
2464.0,0.486328125,,no_resource_shaping,,,seed,46.0
2480.0,0.4296875,,no_resource_shaping,,,seed,46.0
2496.0,0.4477040816326531,,no_resource_shaping,,,seed,46.0
2500.0,0.46875,,no_resource_shaping,,,seed,46.0
2516.0,0.4031249999999999,,no_resource_shaping,,,seed,46.0
2532.0,0.4502551020408163,,no_resource_shaping,,,seed,46.0
2548.0,0.423828125,,no_resource_shaping,,,seed,46.0
2564.0,0.525,,no_resource_shaping,,,seed,46.0
2580.0,0.4668367346938775,,no_resource_shaping,,,seed,46.0
2596.0,0.52734375,,no_resource_shaping,,,seed,46.0
2612.0,0.50625,,no_resource_shaping,,,seed,46.0
2628.0,0.4681122448979591,,no_resource_shaping,,,seed,46.0
2644.0,0.482421875,,no_resource_shaping,,,seed,46.0
2660.0,0.4796874999999999,,no_resource_shaping,,,seed,46.0
2676.0,0.4719387755102041,,no_resource_shaping,,,seed,46.0
2692.0,0.50390625,,no_resource_shaping,,,seed,46.0
2708.0,0.4,,no_resource_shaping,,,seed,46.0
2724.0,0.4375,,no_resource_shaping,,,seed,46.0
2740.0,0.53125,,no_resource_shaping,,,seed,46.0
2756.0,0.4375,,no_resource_shaping,,,seed,46.0
2772.0,0.4298469387755103,,no_resource_shaping,,,seed,46.0
2788.0,0.53515625,,no_resource_shaping,,,seed,46.0
2804.0,0.4499999999999999,,no_resource_shaping,,,seed,46.0
2820.0,0.4017857142857143,,no_resource_shaping,,,seed,46.0
2836.0,0.46875,,no_resource_shaping,,,seed,46.0
2852.0,0.5125,,no_resource_shaping,,,seed,46.0
2868.0,0.4642857142857143,,no_resource_shaping,,,seed,46.0
2884.0,0.400390625,,no_resource_shaping,,,seed,46.0
2900.0,0.4546874999999999,,no_resource_shaping,,,seed,46.0
2916.0,0.4706632653061224,,no_resource_shaping,,,seed,46.0
2932.0,0.521484375,,no_resource_shaping,,,seed,46.0
2948.0,0.4546875,,no_resource_shaping,,,seed,46.0
2964.0,0.4221938775510204,,no_resource_shaping,,,seed,46.0
2980.0,0.470703125,,no_resource_shaping,,,seed,46.0
2996.0,0.4484375,,no_resource_shaping,,,seed,46.0
3000.0,0.4744897959183673,,no_resource_shaping,,,seed,46.0
0.0,,0.224609375,no_resource_shaping,0.21484375,0.236328125,summary,
20.0,,0.21728515625,no_resource_shaping,0.2119140625,0.23349609375,summary,
40.0,,0.2138711734693877,no_resource_shaping,0.2112563775510204,0.2362244897959183,summary,
60.0,,0.2906867825255101,no_resource_shaping,0.2663524394132653,0.3269989636479591,summary,
80.0,,0.3109375,no_resource_shaping,0.3046875,0.3312499999999999,summary,
100.0,,0.2870495854591837,no_resource_shaping,0.2852459343112244,0.315300143494898,summary,
120.0,,0.3509765625,no_resource_shaping,0.3384765625,0.3650390624999999,summary,
140.0,,0.3771045918367346,no_resource_shaping,0.3381377551020408,0.3776147959183673,summary,
160.0,,0.40625,no_resource_shaping,0.392578125,0.41796875,summary,
180.0,,0.3759486607142857,no_resource_shaping,0.3677614795918367,0.3763711734693877,summary,
200.0,,0.4158960459183673,no_resource_shaping,0.4099370216836734,0.4220145089285714,summary,
220.0,,0.41513671875,no_resource_shaping,0.4125,0.4249023437499999,summary,
240.0,,0.3788265306122449,no_resource_shaping,0.3724489795918367,0.4158163265306122,summary,
260.0,,0.431640625,no_resource_shaping,0.426171875,0.4410156249999999,summary,
280.0,,0.4003069196428572,no_resource_shaping,0.3709263392857143,0.4069196428571428,summary,
300.0,,0.454248046875,no_resource_shaping,0.427294921875,0.459521484375,summary,
320.0,,0.4005899234693878,no_resource_shaping,0.3860809948979591,0.4269172512755102,summary,
340.0,,0.4468072385204081,no_resource_shaping,0.4383270886479591,0.4535684390943877,summary,
360.0,,0.45185546875,no_resource_shaping,0.416650390625,0.4580078125,summary,
380.0,,0.4453125,no_resource_shaping,0.4369768415178571,0.4464983258928571,summary,
400.0,,0.439013671875,no_resource_shaping,0.436181640625,0.455078125,summary,
420.0,,0.4457987882653061,no_resource_shaping,0.4390465561224489,0.4465959821428571,summary,
440.0,,0.4522879464285714,no_resource_shaping,0.4074906329719387,0.4555464764030612,summary,
460.0,,0.3999043367346939,no_resource_shaping,0.3934789540816326,0.468993144132653,summary,
480.0,,0.4183225047831632,no_resource_shaping,0.4147052375637755,0.4355568399234694,summary,
500.0,,0.4725,no_resource_shaping,0.45,0.5075,summary,
520.0,,0.4619439572704081,no_resource_shaping,0.4387854751275509,0.4640166613520409,summary,
540.0,,0.4548828125,no_resource_shaping,0.4541015625,0.4716796875,summary,
560.0,,0.455078125,no_resource_shaping,0.426139987244898,0.4559948979591837,summary,
580.0,,0.458984375,no_resource_shaping,0.439453125,0.46484375,summary,
600.0,,0.4606265943877551,no_resource_shaping,0.4464604591836735,0.462109375,summary,
620.0,,0.4663384885204081,no_resource_shaping,0.435546875,0.4689094387755102,summary,
640.0,,0.4697265625,no_resource_shaping,0.4534179687499999,0.488671875,summary,
660.0,,0.4502551020408163,no_resource_shaping,0.4298469387755101,0.4528061224489795,summary,
680.0,,0.48017578125,no_resource_shaping,0.4751953125,0.5107421875,summary,
700.0,,0.4520408163265306,no_resource_shaping,0.4233258928571428,0.4597098214285714,summary,
720.0,,0.4800502232142857,no_resource_shaping,0.4367327008928571,0.4987743144132653,summary,
740.0,,0.4984375,no_resource_shaping,0.490625,0.5,summary,
760.0,,0.4420938297193877,no_resource_shaping,0.4419742506377551,0.4497867506377551,summary,
780.0,,0.4734375,no_resource_shaping,0.4681640625,0.4759765625,summary,
800.0,,0.4144610969387755,no_resource_shaping,0.3947863520408163,0.4283641581632653,summary,
820.0,,0.431640625,no_resource_shaping,0.4296875,0.4765625,summary,
840.0,,0.4475047831632653,no_resource_shaping,0.4325015943877551,0.4806361607142857,summary,
860.0,,0.4498764349489796,no_resource_shaping,0.4322783801020408,0.4620535714285714,summary,
880.0,,0.4533203125,no_resource_shaping,0.43154296875,0.46796875,summary,
900.0,,0.4272959183673469,no_resource_shaping,0.4017857142857143,0.4591836734693877,summary,
920.0,,0.44384765625,no_resource_shaping,0.419140625,0.47314453125,summary,
940.0,,0.407796556122449,no_resource_shaping,0.407079081632653,0.4318399234693877,summary,
960.0,,0.4336834343112244,no_resource_shaping,0.4180683992346938,0.4548090720663265,summary,
980.0,,0.45,no_resource_shaping,0.434375,0.4625,summary,
1000.0,,0.515625,no_resource_shaping,0.5078125,0.53125,summary,
1020.0,,0.4417490433673469,no_resource_shaping,0.4321667729591837,0.4740194515306122,summary,
1040.0,,0.4522480867346938,no_resource_shaping,0.4490991709183674,0.4605389030612244,summary,
1060.0,,0.43896484375,no_resource_shaping,0.430078125,0.4498046874999999,summary,
1080.0,,0.4642857142857143,no_resource_shaping,0.4642857142857143,0.4795918367346938,summary,
1100.0,,0.47890625,no_resource_shaping,0.47119140625,0.49033203125,summary,
1120.0,,0.4616709183673469,no_resource_shaping,0.4520089285714286,0.4652582908163265,summary,
1140.0,,0.4761140784438775,no_resource_shaping,0.4615154655612244,0.4989536830357143,summary,
1160.0,,0.5109375,no_resource_shaping,0.4468749999999999,0.5140625,summary,
1180.0,,0.4596819196428571,no_resource_shaping,0.4565230389030612,0.4648736447704081,summary,
1200.0,,0.476171875,no_resource_shaping,0.4537109375,0.5056640625,summary,
1220.0,,0.4386399872448979,no_resource_shaping,0.4373644770408163,0.4547433035714285,summary,
1240.0,,0.462890625,no_resource_shaping,0.451171875,0.5,summary,
1260.0,,0.4573022959183673,no_resource_shaping,0.4143893494897959,0.4609454719387755,summary,
1280.0,,0.444156568877551,no_resource_shaping,0.4360052614795918,0.4616749043367347,summary,
1300.0,,0.46982421875,no_resource_shaping,0.4595703125,0.47861328125,summary,
1320.0,,0.4107142857142857,no_resource_shaping,0.4056122448979592,0.4540816326530612,summary,
1340.0,,0.45673828125,no_resource_shaping,0.4546875,0.52431640625,summary,
1360.0,,0.4576371173469387,no_resource_shaping,0.4511639030612244,0.458641581632653,summary,
1380.0,,0.4748286033163265,no_resource_shaping,0.4510124362244898,0.4795320471938775,summary,
1400.0,,0.4781249999999999,no_resource_shaping,0.4765625,0.48125,summary,
1420.0,,0.4589046556122448,no_resource_shaping,0.4466378348214285,0.4618343431122448,summary,
1440.0,,0.4947265625,no_resource_shaping,0.473828125,0.507421875,summary,
1460.0,,0.4703683035714285,no_resource_shaping,0.434438775510204,0.5000558035714285,summary,
1480.0,,0.501953125,no_resource_shaping,0.498046875,0.556640625,summary,
1500.0,,0.4642857142857143,no_resource_shaping,0.4540816326530612,0.4948979591836734,summary,
1520.0,,0.49853515625,no_resource_shaping,0.484375,0.5029296875,summary,
1540.0,,0.4393335459183673,no_resource_shaping,0.4323182397959183,0.457015306122449,summary,
1560.0,,0.4608777104591837,no_resource_shaping,0.4427216198979591,0.4746990593112244,summary,
1580.0,,0.484375,no_resource_shaping,0.4796875,0.4890625,summary,
1600.0,,0.4668068399234694,no_resource_shaping,0.4585957429846938,0.4757752710459183,summary,
1620.0,,0.5091796875,no_resource_shaping,0.472265625,0.5119140625,summary,
1640.0,,0.4344148596938775,no_resource_shaping,0.4327646683673469,0.4373485331632653,summary,
1660.0,,0.451171875,no_resource_shaping,0.44921875,0.505859375,summary,
1680.0,,0.4541294642857143,no_resource_shaping,0.4509247448979592,0.474641262755102,summary,
1700.0,,0.4639070471938775,no_resource_shaping,0.4373604910714286,0.4710220025510204,summary,
1720.0,,0.4732421875,no_resource_shaping,0.44443359375,0.4758789062499999,summary,
1740.0,,0.485969387755102,no_resource_shaping,0.4783163265306122,0.4872448979591837,summary,
1760.0,,0.48359375,no_resource_shaping,0.4734375,0.4955078125,summary,
1780.0,,0.4317442602040816,no_resource_shaping,0.4275031887755102,0.4543686224489796,summary,
1800.0,,0.4703643176020408,no_resource_shaping,0.4507633131377551,0.4726064253826531,summary,
1820.0,,0.471875,no_resource_shaping,0.465625,0.4796875,summary,
1840.0,,0.4282724808673469,no_resource_shaping,0.4262396364795918,0.44677734375,summary,
1860.0,,0.491015625,no_resource_shaping,0.4699218749999999,0.5005859375,summary,
1880.0,,0.4595424107142857,no_resource_shaping,0.4587292729591837,0.4596460459183674,summary,
1900.0,,0.498046875,no_resource_shaping,0.494140625,0.50390625,summary,
1920.0,,0.4492267219387755,no_resource_shaping,0.4478156887755101,0.4587213010204082,summary,
1940.0,,0.4443957270408163,no_resource_shaping,0.4377790178571428,0.4514907525510204,summary,
1960.0,,0.4599609375,no_resource_shaping,0.4283203124999999,0.4771484375,summary,
1980.0,,0.4477040816326531,no_resource_shaping,0.4298469387755102,0.4528061224489796,summary,
2000.0,,0.5,no_resource_shaping,0.4375,0.5,summary,
2020.0,,0.4703244579081632,no_resource_shaping,0.4514608577806122,0.480827487244898,summary,
2040.0,,0.4646484375,no_resource_shaping,0.453125,0.4681640625,summary,
2060.0,,0.459813456632653,no_resource_shaping,0.4593829719387755,0.469172512755102,summary,
2080.0,,0.490234375,no_resource_shaping,0.486328125,0.50390625,summary,
2100.0,,0.4511160714285714,no_resource_shaping,0.4387834821428571,0.4518494897959184,summary,
2120.0,,0.4788942920918367,no_resource_shaping,0.4582868303571428,0.4903539540816327,summary,
2140.0,,0.47626953125,no_resource_shaping,0.4319335937499999,0.4778320312499999,summary,
2160.0,,0.4706632653061224,no_resource_shaping,0.4515306122448979,0.471938775510204,summary,
2180.0,,0.45595703125,no_resource_shaping,0.4373046875,0.4560546875,summary,
2200.0,,0.45625,no_resource_shaping,0.4198660714285714,0.4774394132653061,summary,
2220.0,,0.4960439253826531,no_resource_shaping,0.4514409279336734,0.5028698979591837,summary,
2240.0,,0.4609375,no_resource_shaping,0.4343749999999999,0.5453125000000001,summary,
2260.0,,0.467414700255102,no_resource_shaping,0.452766262755102,0.4678631218112244,summary,
2280.0,,0.487109375,no_resource_shaping,0.4814453125,0.4951171875,summary,
2300.0,,0.442562181122449,no_resource_shaping,0.4419563137755102,0.4577885841836734,summary,
2320.0,,0.525390625,no_resource_shaping,0.498046875,0.537109375,summary,
2340.0,,0.4836336096938775,no_resource_shaping,0.4398517219387755,0.4884327168367347,summary,
2360.0,,0.484195631377551,no_resource_shaping,0.4721779336734694,0.4842753507653061,summary,
2380.0,,0.49013671875,no_resource_shaping,0.4641601562499999,0.4970703125,summary,
2400.0,,0.4400510204081632,no_resource_shaping,0.4285714285714285,0.4426020408163265,summary,
2420.0,,0.47177734375,no_resource_shaping,0.4634765625,0.4916015625,summary,
2440.0,,0.4530612244897959,no_resource_shaping,0.4288743622448979,0.4532525510204082,summary,
2460.0,,0.4642358896683674,no_resource_shaping,0.4396025988520408,0.468132174744898,summary,
2480.0,,0.4296875,no_resource_shaping,0.425,0.4734374999999999,summary,
2500.0,,0.5,no_resource_shaping,0.46875,0.515625,summary,
2520.0,,0.4565609056122448,no_resource_shaping,0.4275908801020408,0.459781568877551,summary,
2540.0,,0.447883450255102,no_resource_shaping,0.4428611288265306,0.4504942602040816,summary,
2560.0,,0.48134765625,no_resource_shaping,0.478515625,0.49970703125,summary,
2580.0,,0.4630102040816327,no_resource_shaping,0.4566326530612244,0.4668367346938775,summary,
2600.0,,0.51220703125,no_resource_shaping,0.484765625,0.5220703125,summary,
2620.0,,0.4751116071428571,no_resource_shaping,0.4521683673469387,0.4871811224489796,summary,
2640.0,,0.4686403858418367,no_resource_shaping,0.4544503348214286,0.4755859375,summary,
2660.0,,0.4734375,no_resource_shaping,0.46875,0.4796874999999999,summary,
2680.0,,0.4799306441326531,no_resource_shaping,0.4534538424744898,0.4825414540816327,summary,
2700.0,,0.4744140625,no_resource_shaping,0.461328125,0.490625,summary,
2720.0,,0.4679209183673469,no_resource_shaping,0.464875637755102,0.5088249362244898,summary,
2740.0,,0.51171875,no_resource_shaping,0.458984375,0.53125,summary,
2760.0,,0.4753188775510204,no_resource_shaping,0.4696747448979592,0.4819196428571428,summary,
2780.0,,0.4825015943877551,no_resource_shaping,0.4673349808673469,0.4830596301020408,summary,
2800.0,,0.4712890624999999,no_resource_shaping,0.4641601562499999,0.5044921875,summary,
2820.0,,0.4387755102040816,no_resource_shaping,0.4017857142857143,0.4566326530612244,summary,
2840.0,,0.4595703125,no_resource_shaping,0.44912109375,0.4796875,summary,
2860.0,,0.4883928571428571,no_resource_shaping,0.4623086734693877,0.5003826530612245,summary,
2880.0,,0.4801996970663265,no_resource_shaping,0.4252132493622449,0.4849629304846938,summary,
2900.0,,0.478125,no_resource_shaping,0.4546874999999999,0.4859375,summary,
2920.0,,0.4476542570153061,no_resource_shaping,0.3992745535714286,0.4524374202806122,summary,
2940.0,,0.4599609375,no_resource_shaping,0.4591796875,0.4693359375,summary,
2960.0,,0.4509167729591837,no_resource_shaping,0.4490991709183673,0.4572385204081632,summary,
2980.0,,0.47265625,no_resource_shaping,0.470703125,0.509765625,summary,
3000.0,,0.4693877551020408,no_resource_shaping,0.4081632653061224,0.4744897959183673,summary,
16.0,0.154296875,,no_return_reserve,,,seed,42.0
32.0,0.1234374999999999,,no_return_reserve,,,seed,42.0
48.0,0.1403061224489796,,no_return_reserve,,,seed,42.0
64.0,0.078125,,no_return_reserve,,,seed,42.0
80.0,0.0453125,,no_return_reserve,,,seed,42.0
96.0,0.034438775510204,,no_return_reserve,,,seed,42.0
112.0,0.060546875,,no_return_reserve,,,seed,42.0
128.0,0.053125,,no_return_reserve,,,seed,42.0
144.0,0.0714285714285714,,no_return_reserve,,,seed,42.0
160.0,0.14453125,,no_return_reserve,,,seed,42.0
176.0,0.146875,,no_return_reserve,,,seed,42.0
192.0,0.0956632653061224,,no_return_reserve,,,seed,42.0
208.0,0.076171875,,no_return_reserve,,,seed,42.0
224.0,0.015625,,no_return_reserve,,,seed,42.0
240.0,0.0612244897959183,,no_return_reserve,,,seed,42.0
250.0,0.009375,,no_return_reserve,,,seed,42.0
266.0,0.04375,,no_return_reserve,,,seed,42.0
282.0,0.0816326530612245,,no_return_reserve,,,seed,42.0
298.0,0.109375,,no_return_reserve,,,seed,42.0
314.0,0.0812499999999999,,no_return_reserve,,,seed,42.0
330.0,0.010204081632653,,no_return_reserve,,,seed,42.0
346.0,0.0625,,no_return_reserve,,,seed,42.0
362.0,0.0421875,,no_return_reserve,,,seed,42.0
378.0,0.1211734693877551,,no_return_reserve,,,seed,42.0
394.0,0.109375,,no_return_reserve,,,seed,42.0
410.0,0.1234375,,no_return_reserve,,,seed,42.0
426.0,0.1198979591836734,,no_return_reserve,,,seed,42.0
442.0,0.103515625,,no_return_reserve,,,seed,42.0
458.0,0.11875,,no_return_reserve,,,seed,42.0
474.0,0.1428571428571428,,no_return_reserve,,,seed,42.0
490.0,0.12109375,,no_return_reserve,,,seed,42.0
500.0,0.1199999999999999,,no_return_reserve,,,seed,42.0
516.0,0.2168367346938775,,no_return_reserve,,,seed,42.0
532.0,0.181640625,,no_return_reserve,,,seed,42.0
548.0,0.2249999999999999,,no_return_reserve,,,seed,42.0
564.0,0.2295918367346938,,no_return_reserve,,,seed,42.0
580.0,0.220703125,,no_return_reserve,,,seed,42.0
596.0,0.2249999999999999,,no_return_reserve,,,seed,42.0
612.0,0.235969387755102,,no_return_reserve,,,seed,42.0
628.0,0.220703125,,no_return_reserve,,,seed,42.0
644.0,0.1890625,,no_return_reserve,,,seed,42.0
660.0,0.1849489795918367,,no_return_reserve,,,seed,42.0
676.0,0.330078125,,no_return_reserve,,,seed,42.0
692.0,0.3171875,,no_return_reserve,,,seed,42.0
708.0,0.2474489795918367,,no_return_reserve,,,seed,42.0
724.0,0.208984375,,no_return_reserve,,,seed,42.0
740.0,0.2203125,,no_return_reserve,,,seed,42.0
756.0,0.1964285714285714,,no_return_reserve,,,seed,42.0
772.0,0.18359375,,no_return_reserve,,,seed,42.0
788.0,0.134375,,no_return_reserve,,,seed,42.0
804.0,0.1772959183673469,,no_return_reserve,,,seed,42.0
820.0,0.205078125,,no_return_reserve,,,seed,42.0
836.0,0.2953125,,no_return_reserve,,,seed,42.0
852.0,0.3303571428571429,,no_return_reserve,,,seed,42.0
868.0,0.392578125,,no_return_reserve,,,seed,42.0
884.0,0.328125,,no_return_reserve,,,seed,42.0
900.0,0.2959183673469387,,no_return_reserve,,,seed,42.0
916.0,0.26953125,,no_return_reserve,,,seed,42.0
932.0,0.246875,,no_return_reserve,,,seed,42.0
948.0,0.2920918367346938,,no_return_reserve,,,seed,42.0
964.0,0.244140625,,no_return_reserve,,,seed,42.0
980.0,0.3687499999999999,,no_return_reserve,,,seed,42.0
996.0,0.3048469387755101,,no_return_reserve,,,seed,42.0
1000.0,0.296875,,no_return_reserve,,,seed,42.0
1016.0,0.3,,no_return_reserve,,,seed,42.0
1032.0,0.3163265306122449,,no_return_reserve,,,seed,42.0
1048.0,0.287109375,,no_return_reserve,,,seed,42.0
1064.0,0.3140625,,no_return_reserve,,,seed,42.0
1080.0,0.3227040816326531,,no_return_reserve,,,seed,42.0
1096.0,0.341796875,,no_return_reserve,,,seed,42.0
1112.0,0.2953125,,no_return_reserve,,,seed,42.0
1128.0,0.3073979591836734,,no_return_reserve,,,seed,42.0
1144.0,0.3828125,,no_return_reserve,,,seed,42.0
1160.0,0.359375,,no_return_reserve,,,seed,42.0
1176.0,0.3290816326530612,,no_return_reserve,,,seed,42.0
1192.0,0.322265625,,no_return_reserve,,,seed,42.0
1208.0,0.3265625,,no_return_reserve,,,seed,42.0
1224.0,0.2933673469387755,,no_return_reserve,,,seed,42.0
1240.0,0.310546875,,no_return_reserve,,,seed,42.0
1256.0,0.33125,,no_return_reserve,,,seed,42.0
1272.0,0.2729591836734694,,no_return_reserve,,,seed,42.0
1288.0,0.34765625,,no_return_reserve,,,seed,42.0
1304.0,0.3234375,,no_return_reserve,,,seed,42.0
1320.0,0.3418367346938775,,no_return_reserve,,,seed,42.0
1336.0,0.380859375,,no_return_reserve,,,seed,42.0
1352.0,0.3546875,,no_return_reserve,,,seed,42.0
1368.0,0.2895408163265306,,no_return_reserve,,,seed,42.0
1384.0,0.306640625,,no_return_reserve,,,seed,42.0
1400.0,0.328125,,no_return_reserve,,,seed,42.0
1416.0,0.3022959183673469,,no_return_reserve,,,seed,42.0
1432.0,0.28125,,no_return_reserve,,,seed,42.0
1448.0,0.3140625,,no_return_reserve,,,seed,42.0
1464.0,0.3214285714285714,,no_return_reserve,,,seed,42.0
1480.0,0.310546875,,no_return_reserve,,,seed,42.0
1496.0,0.35,,no_return_reserve,,,seed,42.0
1500.0,0.3979591836734694,,no_return_reserve,,,seed,42.0
1516.0,0.42578125,,no_return_reserve,,,seed,42.0
1532.0,0.31875,,no_return_reserve,,,seed,42.0
1548.0,0.2729591836734694,,no_return_reserve,,,seed,42.0
1564.0,0.265625,,no_return_reserve,,,seed,42.0
1580.0,0.3,,no_return_reserve,,,seed,42.0
1596.0,0.3329081632653061,,no_return_reserve,,,seed,42.0
1612.0,0.40234375,,no_return_reserve,,,seed,42.0
1628.0,0.3984375,,no_return_reserve,,,seed,42.0
1644.0,0.298469387755102,,no_return_reserve,,,seed,42.0
1660.0,0.40625,,no_return_reserve,,,seed,42.0
1676.0,0.3515625,,no_return_reserve,,,seed,42.0
1692.0,0.3788265306122449,,no_return_reserve,,,seed,42.0
1708.0,0.390625,,no_return_reserve,,,seed,42.0
1724.0,0.3859375,,no_return_reserve,,,seed,42.0
1740.0,0.3826530612244898,,no_return_reserve,,,seed,42.0
1756.0,0.40625,,no_return_reserve,,,seed,42.0
1772.0,0.359375,,no_return_reserve,,,seed,42.0
1788.0,0.3596938775510204,,no_return_reserve,,,seed,42.0
1804.0,0.384765625,,no_return_reserve,,,seed,42.0
1820.0,0.3859375,,no_return_reserve,,,seed,42.0
1836.0,0.3201530612244898,,no_return_reserve,,,seed,42.0
1852.0,0.37890625,,no_return_reserve,,,seed,42.0
1868.0,0.3390625,,no_return_reserve,,,seed,42.0
1884.0,0.3303571428571428,,no_return_reserve,,,seed,42.0
1900.0,0.369140625,,no_return_reserve,,,seed,42.0
1916.0,0.3703125,,no_return_reserve,,,seed,42.0
1932.0,0.4005102040816327,,no_return_reserve,,,seed,42.0
1948.0,0.375,,no_return_reserve,,,seed,42.0
1964.0,0.3859375,,no_return_reserve,,,seed,42.0
1980.0,0.3596938775510204,,no_return_reserve,,,seed,42.0
1996.0,0.390625,,no_return_reserve,,,seed,42.0
2000.0,0.325,,no_return_reserve,,,seed,42.0
2016.0,0.3890306122448979,,no_return_reserve,,,seed,42.0
2032.0,0.419921875,,no_return_reserve,,,seed,42.0
2048.0,0.35625,,no_return_reserve,,,seed,42.0
2064.0,0.3801020408163265,,no_return_reserve,,,seed,42.0
2080.0,0.404296875,,no_return_reserve,,,seed,42.0
2096.0,0.4234375,,no_return_reserve,,,seed,42.0
2112.0,0.4005102040816326,,no_return_reserve,,,seed,42.0
2128.0,0.3671875,,no_return_reserve,,,seed,42.0
2144.0,0.40625,,no_return_reserve,,,seed,42.0
2160.0,0.3839285714285714,,no_return_reserve,,,seed,42.0
2176.0,0.318359375,,no_return_reserve,,,seed,42.0
2192.0,0.31875,,no_return_reserve,,,seed,42.0
2208.0,0.3316326530612244,,no_return_reserve,,,seed,42.0
2224.0,0.314453125,,no_return_reserve,,,seed,42.0
2240.0,0.39375,,no_return_reserve,,,seed,42.0
2256.0,0.3711734693877551,,no_return_reserve,,,seed,42.0
2272.0,0.375,,no_return_reserve,,,seed,42.0
2288.0,0.421875,,no_return_reserve,,,seed,42.0
2304.0,0.3877551020408163,,no_return_reserve,,,seed,42.0
2320.0,0.396484375,,no_return_reserve,,,seed,42.0
2336.0,0.3640625,,no_return_reserve,,,seed,42.0
2352.0,0.3584183673469387,,no_return_reserve,,,seed,42.0
2368.0,0.4375,,no_return_reserve,,,seed,42.0
2384.0,0.4046875,,no_return_reserve,,,seed,42.0
2400.0,0.3443877551020408,,no_return_reserve,,,seed,42.0
2416.0,0.291015625,,no_return_reserve,,,seed,42.0
2432.0,0.3265625,,no_return_reserve,,,seed,42.0
2448.0,0.3329081632653061,,no_return_reserve,,,seed,42.0
2464.0,0.32421875,,no_return_reserve,,,seed,42.0
2480.0,0.365625,,no_return_reserve,,,seed,42.0
2496.0,0.3303571428571428,,no_return_reserve,,,seed,42.0
2500.0,0.2734375,,no_return_reserve,,,seed,42.0
2516.0,0.3609375,,no_return_reserve,,,seed,42.0
2532.0,0.4170918367346938,,no_return_reserve,,,seed,42.0
2548.0,0.373046875,,no_return_reserve,,,seed,42.0
2564.0,0.35,,no_return_reserve,,,seed,42.0
2580.0,0.4043367346938775,,no_return_reserve,,,seed,42.0
2596.0,0.349609375,,no_return_reserve,,,seed,42.0
2612.0,0.3109375,,no_return_reserve,,,seed,42.0
2628.0,0.3903061224489796,,no_return_reserve,,,seed,42.0
2644.0,0.318359375,,no_return_reserve,,,seed,42.0
2660.0,0.3375,,no_return_reserve,,,seed,42.0
2676.0,0.3826530612244898,,no_return_reserve,,,seed,42.0
2692.0,0.34375,,no_return_reserve,,,seed,42.0
2708.0,0.3828125,,no_return_reserve,,,seed,42.0
2724.0,0.3775510204081632,,no_return_reserve,,,seed,42.0
2740.0,0.3515625,,no_return_reserve,,,seed,42.0
2756.0,0.3859375,,no_return_reserve,,,seed,42.0
2772.0,0.399234693877551,,no_return_reserve,,,seed,42.0
2788.0,0.400390625,,no_return_reserve,,,seed,42.0
2804.0,0.415625,,no_return_reserve,,,seed,42.0
2820.0,0.3494897959183673,,no_return_reserve,,,seed,42.0
2836.0,0.365234375,,no_return_reserve,,,seed,42.0
2852.0,0.3875,,no_return_reserve,,,seed,42.0
2868.0,0.4260204081632653,,no_return_reserve,,,seed,42.0
2884.0,0.419921875,,no_return_reserve,,,seed,42.0
2900.0,0.44375,,no_return_reserve,,,seed,42.0
2916.0,0.3278061224489796,,no_return_reserve,,,seed,42.0
2932.0,0.392578125,,no_return_reserve,,,seed,42.0
2948.0,0.3718749999999999,,no_return_reserve,,,seed,42.0
2964.0,0.3762755102040816,,no_return_reserve,,,seed,42.0
2980.0,0.36328125,,no_return_reserve,,,seed,42.0
2996.0,0.30625,,no_return_reserve,,,seed,42.0
3000.0,0.4081632653061224,,no_return_reserve,,,seed,42.0
16.0,0.19140625,,no_return_reserve,,,seed,43.0
32.0,0.1140625,,no_return_reserve,,,seed,43.0
48.0,0.0688775510204081,,no_return_reserve,,,seed,43.0
64.0,0.123046875,,no_return_reserve,,,seed,43.0
80.0,0.090625,,no_return_reserve,,,seed,43.0
96.0,0.0140306122448979,,no_return_reserve,,,seed,43.0
112.0,0.025390625,,no_return_reserve,,,seed,43.0
128.0,0.0265625,,no_return_reserve,,,seed,43.0
144.0,0.0267857142857142,,no_return_reserve,,,seed,43.0
160.0,0.0234375,,no_return_reserve,,,seed,43.0
176.0,0.0687499999999999,,no_return_reserve,,,seed,43.0
192.0,0.072704081632653,,no_return_reserve,,,seed,43.0
208.0,0.134765625,,no_return_reserve,,,seed,43.0
224.0,0.1046875,,no_return_reserve,,,seed,43.0
240.0,0.0459183673469387,,no_return_reserve,,,seed,43.0
250.0,0.128125,,no_return_reserve,,,seed,43.0
266.0,0.1140625,,no_return_reserve,,,seed,43.0
282.0,0.1326530612244898,,no_return_reserve,,,seed,43.0
298.0,0.177734375,,no_return_reserve,,,seed,43.0
314.0,0.2296875,,no_return_reserve,,,seed,43.0
330.0,0.246173469387755,,no_return_reserve,,,seed,43.0
346.0,0.15234375,,no_return_reserve,,,seed,43.0
362.0,0.10625,,no_return_reserve,,,seed,43.0
378.0,0.1058673469387755,,no_return_reserve,,,seed,43.0
394.0,0.146484375,,no_return_reserve,,,seed,43.0
410.0,0.1859375,,no_return_reserve,,,seed,43.0
426.0,0.2079081632653061,,no_return_reserve,,,seed,43.0
442.0,0.23828125,,no_return_reserve,,,seed,43.0
458.0,0.1124999999999999,,no_return_reserve,,,seed,43.0
474.0,0.1823979591836734,,no_return_reserve,,,seed,43.0
490.0,0.228515625,,no_return_reserve,,,seed,43.0
500.0,0.2175,,no_return_reserve,,,seed,43.0
516.0,0.2576530612244898,,no_return_reserve,,,seed,43.0
532.0,0.27734375,,no_return_reserve,,,seed,43.0
548.0,0.21875,,no_return_reserve,,,seed,43.0
564.0,0.1747448979591837,,no_return_reserve,,,seed,43.0
580.0,0.212890625,,no_return_reserve,,,seed,43.0
596.0,0.1921875,,no_return_reserve,,,seed,43.0
612.0,0.1084183673469387,,no_return_reserve,,,seed,43.0
628.0,0.146484375,,no_return_reserve,,,seed,43.0
644.0,0.1796875,,no_return_reserve,,,seed,43.0
660.0,0.2040816326530612,,no_return_reserve,,,seed,43.0
676.0,0.236328125,,no_return_reserve,,,seed,43.0
692.0,0.2484374999999999,,no_return_reserve,,,seed,43.0
708.0,0.2283163265306122,,no_return_reserve,,,seed,43.0
724.0,0.201171875,,no_return_reserve,,,seed,43.0
740.0,0.1984375,,no_return_reserve,,,seed,43.0
756.0,0.1760204081632653,,no_return_reserve,,,seed,43.0
772.0,0.29296875,,no_return_reserve,,,seed,43.0
788.0,0.2796875,,no_return_reserve,,,seed,43.0
804.0,0.1645408163265306,,no_return_reserve,,,seed,43.0
820.0,0.259765625,,no_return_reserve,,,seed,43.0
836.0,0.290625,,no_return_reserve,,,seed,43.0
852.0,0.3278061224489796,,no_return_reserve,,,seed,43.0
868.0,0.21484375,,no_return_reserve,,,seed,43.0
884.0,0.2421875,,no_return_reserve,,,seed,43.0
900.0,0.1785714285714286,,no_return_reserve,,,seed,43.0
916.0,0.111328125,,no_return_reserve,,,seed,43.0
932.0,0.1546874999999999,,no_return_reserve,,,seed,43.0
948.0,0.2079081632653061,,no_return_reserve,,,seed,43.0
964.0,0.2109375,,no_return_reserve,,,seed,43.0
980.0,0.2453125,,no_return_reserve,,,seed,43.0
996.0,0.3150510204081632,,no_return_reserve,,,seed,43.0
1000.0,0.328125,,no_return_reserve,,,seed,43.0
1016.0,0.365625,,no_return_reserve,,,seed,43.0
1032.0,0.360969387755102,,no_return_reserve,,,seed,43.0
1048.0,0.349609375,,no_return_reserve,,,seed,43.0
1064.0,0.2328124999999999,,no_return_reserve,,,seed,43.0
1080.0,0.2920918367346938,,no_return_reserve,,,seed,43.0
1096.0,0.3203125,,no_return_reserve,,,seed,43.0
1112.0,0.2359375,,no_return_reserve,,,seed,43.0
1128.0,0.2461734693877551,,no_return_reserve,,,seed,43.0
1144.0,0.26953125,,no_return_reserve,,,seed,43.0
1160.0,0.2640625,,no_return_reserve,,,seed,43.0
1176.0,0.3201530612244898,,no_return_reserve,,,seed,43.0
1192.0,0.375,,no_return_reserve,,,seed,43.0
1208.0,0.4015625,,no_return_reserve,,,seed,43.0
1224.0,0.3418367346938775,,no_return_reserve,,,seed,43.0
1240.0,0.263671875,,no_return_reserve,,,seed,43.0
1256.0,0.2578125,,no_return_reserve,,,seed,43.0
1272.0,0.197704081632653,,no_return_reserve,,,seed,43.0
1288.0,0.2421875,,no_return_reserve,,,seed,43.0
1304.0,0.203125,,no_return_reserve,,,seed,43.0
1320.0,0.2806122448979591,,no_return_reserve,,,seed,43.0
1336.0,0.2734375,,no_return_reserve,,,seed,43.0
1352.0,0.3109375,,no_return_reserve,,,seed,43.0
1368.0,0.350765306122449,,no_return_reserve,,,seed,43.0
1384.0,0.333984375,,no_return_reserve,,,seed,43.0
1400.0,0.31875,,no_return_reserve,,,seed,43.0
1416.0,0.3265306122448979,,no_return_reserve,,,seed,43.0
1432.0,0.35546875,,no_return_reserve,,,seed,43.0
1448.0,0.3859375,,no_return_reserve,,,seed,43.0
1464.0,0.336734693877551,,no_return_reserve,,,seed,43.0
1480.0,0.37109375,,no_return_reserve,,,seed,43.0
1496.0,0.359375,,no_return_reserve,,,seed,43.0
1500.0,0.3622448979591837,,no_return_reserve,,,seed,43.0
1516.0,0.423828125,,no_return_reserve,,,seed,43.0
1532.0,0.3859375,,no_return_reserve,,,seed,43.0
1548.0,0.3762755102040816,,no_return_reserve,,,seed,43.0
1564.0,0.37109375,,no_return_reserve,,,seed,43.0
1580.0,0.3625,,no_return_reserve,,,seed,43.0
1596.0,0.3150510204081633,,no_return_reserve,,,seed,43.0
1612.0,0.37109375,,no_return_reserve,,,seed,43.0
1628.0,0.3109375,,no_return_reserve,,,seed,43.0
1644.0,0.3584183673469387,,no_return_reserve,,,seed,43.0
1660.0,0.353515625,,no_return_reserve,,,seed,43.0
1676.0,0.3843749999999999,,no_return_reserve,,,seed,43.0
1692.0,0.3431122448979591,,no_return_reserve,,,seed,43.0
1708.0,0.3671875,,no_return_reserve,,,seed,43.0
1724.0,0.3421875,,no_return_reserve,,,seed,43.0
1740.0,0.3214285714285714,,no_return_reserve,,,seed,43.0
1756.0,0.375,,no_return_reserve,,,seed,43.0
1772.0,0.3249999999999999,,no_return_reserve,,,seed,43.0
1788.0,0.3482142857142857,,no_return_reserve,,,seed,43.0
1804.0,0.36328125,,no_return_reserve,,,seed,43.0
1820.0,0.384375,,no_return_reserve,,,seed,43.0
1836.0,0.3214285714285714,,no_return_reserve,,,seed,43.0
1852.0,0.345703125,,no_return_reserve,,,seed,43.0
1868.0,0.4046875,,no_return_reserve,,,seed,43.0
1884.0,0.3214285714285714,,no_return_reserve,,,seed,43.0
1900.0,0.345703125,,no_return_reserve,,,seed,43.0
1916.0,0.3374999999999999,,no_return_reserve,,,seed,43.0
1932.0,0.3686224489795918,,no_return_reserve,,,seed,43.0
1948.0,0.29296875,,no_return_reserve,,,seed,43.0
1964.0,0.290625,,no_return_reserve,,,seed,43.0
1980.0,0.284438775510204,,no_return_reserve,,,seed,43.0
1996.0,0.291015625,,no_return_reserve,,,seed,43.0
2000.0,0.31875,,no_return_reserve,,,seed,43.0
2016.0,0.3533163265306122,,no_return_reserve,,,seed,43.0
2032.0,0.34765625,,no_return_reserve,,,seed,43.0
2048.0,0.3671875,,no_return_reserve,,,seed,43.0
2064.0,0.3852040816326531,,no_return_reserve,,,seed,43.0
2080.0,0.33984375,,no_return_reserve,,,seed,43.0
2096.0,0.3984375,,no_return_reserve,,,seed,43.0
2112.0,0.3915816326530612,,no_return_reserve,,,seed,43.0
2128.0,0.400390625,,no_return_reserve,,,seed,43.0
2144.0,0.334375,,no_return_reserve,,,seed,43.0
2160.0,0.4005102040816326,,no_return_reserve,,,seed,43.0
2176.0,0.31640625,,no_return_reserve,,,seed,43.0
2192.0,0.384375,,no_return_reserve,,,seed,43.0
2208.0,0.4285714285714286,,no_return_reserve,,,seed,43.0
2224.0,0.37890625,,no_return_reserve,,,seed,43.0
2240.0,0.3687499999999999,,no_return_reserve,,,seed,43.0
2256.0,0.3813775510204081,,no_return_reserve,,,seed,43.0
2272.0,0.37109375,,no_return_reserve,,,seed,43.0
2288.0,0.4078125,,no_return_reserve,,,seed,43.0
2304.0,0.3737244897959184,,no_return_reserve,,,seed,43.0
2320.0,0.4765625,,no_return_reserve,,,seed,43.0
2336.0,0.4125,,no_return_reserve,,,seed,43.0
2352.0,0.3392857142857143,,no_return_reserve,,,seed,43.0
2368.0,0.392578125,,no_return_reserve,,,seed,43.0
2384.0,0.4109375,,no_return_reserve,,,seed,43.0
2400.0,0.3137755102040816,,no_return_reserve,,,seed,43.0
2416.0,0.33984375,,no_return_reserve,,,seed,43.0
2432.0,0.3578125,,no_return_reserve,,,seed,43.0
2448.0,0.3329081632653061,,no_return_reserve,,,seed,43.0
2464.0,0.3203125,,no_return_reserve,,,seed,43.0
2480.0,0.30625,,no_return_reserve,,,seed,43.0
2496.0,0.3762755102040816,,no_return_reserve,,,seed,43.0
2500.0,0.390625,,no_return_reserve,,,seed,43.0
2516.0,0.36875,,no_return_reserve,,,seed,43.0
2532.0,0.375,,no_return_reserve,,,seed,43.0
2548.0,0.41796875,,no_return_reserve,,,seed,43.0
2564.0,0.4109375,,no_return_reserve,,,seed,43.0
2580.0,0.3839285714285714,,no_return_reserve,,,seed,43.0
2596.0,0.4375,,no_return_reserve,,,seed,43.0
2612.0,0.38125,,no_return_reserve,,,seed,43.0
2628.0,0.336734693877551,,no_return_reserve,,,seed,43.0
2644.0,0.33984375,,no_return_reserve,,,seed,43.0
2660.0,0.384375,,no_return_reserve,,,seed,43.0
2676.0,0.4043367346938775,,no_return_reserve,,,seed,43.0
2692.0,0.345703125,,no_return_reserve,,,seed,43.0
2708.0,0.428125,,no_return_reserve,,,seed,43.0
2724.0,0.4400510204081633,,no_return_reserve,,,seed,43.0
2740.0,0.486328125,,no_return_reserve,,,seed,43.0
2756.0,0.425,,no_return_reserve,,,seed,43.0
2772.0,0.3482142857142857,,no_return_reserve,,,seed,43.0
2788.0,0.431640625,,no_return_reserve,,,seed,43.0
2804.0,0.44375,,no_return_reserve,,,seed,43.0
2820.0,0.3928571428571428,,no_return_reserve,,,seed,43.0
2836.0,0.380859375,,no_return_reserve,,,seed,43.0
2852.0,0.390625,,no_return_reserve,,,seed,43.0
2868.0,0.4145408163265306,,no_return_reserve,,,seed,43.0
2884.0,0.388671875,,no_return_reserve,,,seed,43.0
2900.0,0.35625,,no_return_reserve,,,seed,43.0
2916.0,0.413265306122449,,no_return_reserve,,,seed,43.0
2932.0,0.423828125,,no_return_reserve,,,seed,43.0
2948.0,0.415625,,no_return_reserve,,,seed,43.0
2964.0,0.3813775510204081,,no_return_reserve,,,seed,43.0
2980.0,0.419921875,,no_return_reserve,,,seed,43.0
2996.0,0.465625,,no_return_reserve,,,seed,43.0
3000.0,0.3826530612244898,,no_return_reserve,,,seed,43.0
16.0,0.181640625,,no_return_reserve,,,seed,44.0
32.0,0.0984375,,no_return_reserve,,,seed,44.0
48.0,0.0408163265306122,,no_return_reserve,,,seed,44.0
64.0,0.041015625,,no_return_reserve,,,seed,44.0
80.0,0.0578125,,no_return_reserve,,,seed,44.0
96.0,0.0306122448979591,,no_return_reserve,,,seed,44.0
112.0,0.046875,,no_return_reserve,,,seed,44.0
128.0,0.05625,,no_return_reserve,,,seed,44.0
144.0,0.0573979591836734,,no_return_reserve,,,seed,44.0
160.0,0.025390625,,no_return_reserve,,,seed,44.0
176.0,0.0359375,,no_return_reserve,,,seed,44.0
192.0,0.0446428571428571,,no_return_reserve,,,seed,44.0
208.0,0.07421875,,no_return_reserve,,,seed,44.0
224.0,0.0390625,,no_return_reserve,,,seed,44.0
240.0,0.0382653061224489,,no_return_reserve,,,seed,44.0
250.0,0.11875,,no_return_reserve,,,seed,44.0
266.0,0.096875,,no_return_reserve,,,seed,44.0
282.0,0.1275510204081632,,no_return_reserve,,,seed,44.0
298.0,0.052734375,,no_return_reserve,,,seed,44.0
314.0,0.0453125,,no_return_reserve,,,seed,44.0
330.0,0.0408163265306122,,no_return_reserve,,,seed,44.0
346.0,0.08984375,,no_return_reserve,,,seed,44.0
362.0,0.0578125,,no_return_reserve,,,seed,44.0
378.0,0.0918367346938775,,no_return_reserve,,,seed,44.0
394.0,0.197265625,,no_return_reserve,,,seed,44.0
410.0,0.18125,,no_return_reserve,,,seed,44.0
426.0,0.0956632653061224,,no_return_reserve,,,seed,44.0
442.0,0.0390625,,no_return_reserve,,,seed,44.0
458.0,0.0375,,no_return_reserve,,,seed,44.0
474.0,0.0650510204081632,,no_return_reserve,,,seed,44.0
490.0,0.095703125,,no_return_reserve,,,seed,44.0
500.0,0.22,,no_return_reserve,,,seed,44.0
516.0,0.2448979591836734,,no_return_reserve,,,seed,44.0
532.0,0.265625,,no_return_reserve,,,seed,44.0
548.0,0.2390624999999999,,no_return_reserve,,,seed,44.0
564.0,0.2334183673469387,,no_return_reserve,,,seed,44.0
580.0,0.099609375,,no_return_reserve,,,seed,44.0
596.0,0.2484375,,no_return_reserve,,,seed,44.0
612.0,0.2385204081632653,,no_return_reserve,,,seed,44.0
628.0,0.14453125,,no_return_reserve,,,seed,44.0
644.0,0.2515625,,no_return_reserve,,,seed,44.0
660.0,0.2436224489795918,,no_return_reserve,,,seed,44.0
676.0,0.306640625,,no_return_reserve,,,seed,44.0
692.0,0.221875,,no_return_reserve,,,seed,44.0
708.0,0.1709183673469387,,no_return_reserve,,,seed,44.0
724.0,0.109375,,no_return_reserve,,,seed,44.0
740.0,0.2265625,,no_return_reserve,,,seed,44.0
756.0,0.2448979591836734,,no_return_reserve,,,seed,44.0
772.0,0.34375,,no_return_reserve,,,seed,44.0
788.0,0.3703125,,no_return_reserve,,,seed,44.0
804.0,0.3176020408163265,,no_return_reserve,,,seed,44.0
820.0,0.3125,,no_return_reserve,,,seed,44.0
836.0,0.2953125,,no_return_reserve,,,seed,44.0
852.0,0.3290816326530612,,no_return_reserve,,,seed,44.0
868.0,0.28515625,,no_return_reserve,,,seed,44.0
884.0,0.328125,,no_return_reserve,,,seed,44.0
900.0,0.2589285714285714,,no_return_reserve,,,seed,44.0
916.0,0.298828125,,no_return_reserve,,,seed,44.0
932.0,0.275,,no_return_reserve,,,seed,44.0
948.0,0.221938775510204,,no_return_reserve,,,seed,44.0
964.0,0.2734375,,no_return_reserve,,,seed,44.0
980.0,0.290625,,no_return_reserve,,,seed,44.0
996.0,0.375,,no_return_reserve,,,seed,44.0
1000.0,0.4453125,,no_return_reserve,,,seed,44.0
1016.0,0.2937499999999999,,no_return_reserve,,,seed,44.0
1032.0,0.3125,,no_return_reserve,,,seed,44.0
1048.0,0.267578125,,no_return_reserve,,,seed,44.0
1064.0,0.3046875,,no_return_reserve,,,seed,44.0
1080.0,0.2678571428571429,,no_return_reserve,,,seed,44.0
1096.0,0.16796875,,no_return_reserve,,,seed,44.0
1112.0,0.2671875,,no_return_reserve,,,seed,44.0
1128.0,0.2474489795918367,,no_return_reserve,,,seed,44.0
1144.0,0.29296875,,no_return_reserve,,,seed,44.0
1160.0,0.334375,,no_return_reserve,,,seed,44.0
1176.0,0.3596938775510204,,no_return_reserve,,,seed,44.0
1192.0,0.3515625,,no_return_reserve,,,seed,44.0
1208.0,0.3671875,,no_return_reserve,,,seed,44.0
1224.0,0.4017857142857143,,no_return_reserve,,,seed,44.0
1240.0,0.37109375,,no_return_reserve,,,seed,44.0
1256.0,0.3421875,,no_return_reserve,,,seed,44.0
1272.0,0.3954081632653061,,no_return_reserve,,,seed,44.0
1288.0,0.38671875,,no_return_reserve,,,seed,44.0
1304.0,0.278125,,no_return_reserve,,,seed,44.0
1320.0,0.3010204081632653,,no_return_reserve,,,seed,44.0
1336.0,0.404296875,,no_return_reserve,,,seed,44.0
1352.0,0.44375,,no_return_reserve,,,seed,44.0
1368.0,0.3647959183673469,,no_return_reserve,,,seed,44.0
1384.0,0.376953125,,no_return_reserve,,,seed,44.0
1400.0,0.35625,,no_return_reserve,,,seed,44.0
1416.0,0.2959183673469387,,no_return_reserve,,,seed,44.0
1432.0,0.236328125,,no_return_reserve,,,seed,44.0
1448.0,0.2578125,,no_return_reserve,,,seed,44.0
1464.0,0.1938775510204081,,no_return_reserve,,,seed,44.0
1480.0,0.26953125,,no_return_reserve,,,seed,44.0
1496.0,0.2984375,,no_return_reserve,,,seed,44.0
1500.0,0.1224489795918367,,no_return_reserve,,,seed,44.0
1516.0,0.419921875,,no_return_reserve,,,seed,44.0
1532.0,0.3640625,,no_return_reserve,,,seed,44.0
1548.0,0.3048469387755101,,no_return_reserve,,,seed,44.0
1564.0,0.310546875,,no_return_reserve,,,seed,44.0
1580.0,0.3328125,,no_return_reserve,,,seed,44.0
1596.0,0.3941326530612244,,no_return_reserve,,,seed,44.0
1612.0,0.322265625,,no_return_reserve,,,seed,44.0
1628.0,0.2421875,,no_return_reserve,,,seed,44.0
1644.0,0.3456632653061224,,no_return_reserve,,,seed,44.0
1660.0,0.244140625,,no_return_reserve,,,seed,44.0
1676.0,0.2640625,,no_return_reserve,,,seed,44.0
1692.0,0.3099489795918367,,no_return_reserve,,,seed,44.0
1708.0,0.298828125,,no_return_reserve,,,seed,44.0
1724.0,0.375,,no_return_reserve,,,seed,44.0
1740.0,0.4260204081632653,,no_return_reserve,,,seed,44.0
1756.0,0.39453125,,no_return_reserve,,,seed,44.0
1772.0,0.3578125,,no_return_reserve,,,seed,44.0
1788.0,0.375,,no_return_reserve,,,seed,44.0
1804.0,0.3359375,,no_return_reserve,,,seed,44.0
1820.0,0.3625,,no_return_reserve,,,seed,44.0
1836.0,0.3137755102040817,,no_return_reserve,,,seed,44.0
1852.0,0.30859375,,no_return_reserve,,,seed,44.0
1868.0,0.34375,,no_return_reserve,,,seed,44.0
1884.0,0.302295918367347,,no_return_reserve,,,seed,44.0
1900.0,0.34765625,,no_return_reserve,,,seed,44.0
1916.0,0.3828125,,no_return_reserve,,,seed,44.0
1932.0,0.3775510204081632,,no_return_reserve,,,seed,44.0
1948.0,0.255859375,,no_return_reserve,,,seed,44.0
1964.0,0.3140625,,no_return_reserve,,,seed,44.0
1980.0,0.3048469387755102,,no_return_reserve,,,seed,44.0
1996.0,0.310546875,,no_return_reserve,,,seed,44.0
2000.0,0.3375,,no_return_reserve,,,seed,44.0
2016.0,0.3188775510204081,,no_return_reserve,,,seed,44.0
2032.0,0.33984375,,no_return_reserve,,,seed,44.0
2048.0,0.3546875,,no_return_reserve,,,seed,44.0
2064.0,0.3596938775510204,,no_return_reserve,,,seed,44.0
2080.0,0.361328125,,no_return_reserve,,,seed,44.0
2096.0,0.3734375,,no_return_reserve,,,seed,44.0
2112.0,0.3456632653061224,,no_return_reserve,,,seed,44.0
2128.0,0.365234375,,no_return_reserve,,,seed,44.0
2144.0,0.3828125,,no_return_reserve,,,seed,44.0
2160.0,0.3482142857142857,,no_return_reserve,,,seed,44.0
2176.0,0.337890625,,no_return_reserve,,,seed,44.0
2192.0,0.328125,,no_return_reserve,,,seed,44.0
2208.0,0.3239795918367347,,no_return_reserve,,,seed,44.0
2224.0,0.3515625,,no_return_reserve,,,seed,44.0
2240.0,0.3140625,,no_return_reserve,,,seed,44.0
2256.0,0.2857142857142857,,no_return_reserve,,,seed,44.0
2272.0,0.306640625,,no_return_reserve,,,seed,44.0
2288.0,0.3374999999999999,,no_return_reserve,,,seed,44.0
2304.0,0.2869897959183674,,no_return_reserve,,,seed,44.0
2320.0,0.349609375,,no_return_reserve,,,seed,44.0
2336.0,0.3734375,,no_return_reserve,,,seed,44.0
2352.0,0.3698979591836734,,no_return_reserve,,,seed,44.0
2368.0,0.361328125,,no_return_reserve,,,seed,44.0
2384.0,0.2890625,,no_return_reserve,,,seed,44.0
2400.0,0.3061224489795918,,no_return_reserve,,,seed,44.0
2416.0,0.33203125,,no_return_reserve,,,seed,44.0
2432.0,0.3515625,,no_return_reserve,,,seed,44.0
2448.0,0.3176020408163265,,no_return_reserve,,,seed,44.0
2464.0,0.33203125,,no_return_reserve,,,seed,44.0
2480.0,0.346875,,no_return_reserve,,,seed,44.0
2496.0,0.3048469387755102,,no_return_reserve,,,seed,44.0
2500.0,0.3125,,no_return_reserve,,,seed,44.0
2516.0,0.34375,,no_return_reserve,,,seed,44.0
2532.0,0.3596938775510204,,no_return_reserve,,,seed,44.0
2548.0,0.365234375,,no_return_reserve,,,seed,44.0
2564.0,0.378125,,no_return_reserve,,,seed,44.0
2580.0,0.3316326530612245,,no_return_reserve,,,seed,44.0
2596.0,0.361328125,,no_return_reserve,,,seed,44.0
2612.0,0.334375,,no_return_reserve,,,seed,44.0
2628.0,0.3290816326530612,,no_return_reserve,,,seed,44.0
2644.0,0.375,,no_return_reserve,,,seed,44.0
2660.0,0.36875,,no_return_reserve,,,seed,44.0
2676.0,0.3341836734693877,,no_return_reserve,,,seed,44.0
2692.0,0.369140625,,no_return_reserve,,,seed,44.0
2708.0,0.39375,,no_return_reserve,,,seed,44.0
2724.0,0.3762755102040816,,no_return_reserve,,,seed,44.0
2740.0,0.458984375,,no_return_reserve,,,seed,44.0
2756.0,0.4046875,,no_return_reserve,,,seed,44.0
2772.0,0.3443877551020408,,no_return_reserve,,,seed,44.0
2788.0,0.38671875,,no_return_reserve,,,seed,44.0
2804.0,0.3671875,,no_return_reserve,,,seed,44.0
2820.0,0.3571428571428571,,no_return_reserve,,,seed,44.0
2836.0,0.3671875,,no_return_reserve,,,seed,44.0
2852.0,0.3984375,,no_return_reserve,,,seed,44.0
2868.0,0.3698979591836734,,no_return_reserve,,,seed,44.0
2884.0,0.419921875,,no_return_reserve,,,seed,44.0
2900.0,0.365625,,no_return_reserve,,,seed,44.0
2916.0,0.326530612244898,,no_return_reserve,,,seed,44.0
2932.0,0.314453125,,no_return_reserve,,,seed,44.0
2948.0,0.346875,,no_return_reserve,,,seed,44.0
2964.0,0.3137755102040816,,no_return_reserve,,,seed,44.0
2980.0,0.33984375,,no_return_reserve,,,seed,44.0
2996.0,0.3375,,no_return_reserve,,,seed,44.0
3000.0,0.2346938775510204,,no_return_reserve,,,seed,44.0
16.0,0.15234375,,no_return_reserve,,,seed,45.0
32.0,0.0859375,,no_return_reserve,,,seed,45.0
48.0,0.0331632653061224,,no_return_reserve,,,seed,45.0
64.0,0.041015625,,no_return_reserve,,,seed,45.0
80.0,0.071875,,no_return_reserve,,,seed,45.0
96.0,0.0420918367346938,,no_return_reserve,,,seed,45.0
112.0,0.037109375,,no_return_reserve,,,seed,45.0
128.0,0.00625,,no_return_reserve,,,seed,45.0
144.0,0.0331632653061224,,no_return_reserve,,,seed,45.0
160.0,0.052734375,,no_return_reserve,,,seed,45.0
176.0,0.128125,,no_return_reserve,,,seed,45.0
192.0,0.1428571428571428,,no_return_reserve,,,seed,45.0
208.0,0.10546875,,no_return_reserve,,,seed,45.0
224.0,0.0359375,,no_return_reserve,,,seed,45.0
240.0,0.0599489795918367,,no_return_reserve,,,seed,45.0
250.0,0.075,,no_return_reserve,,,seed,45.0
266.0,0.034375,,no_return_reserve,,,seed,45.0
282.0,0.0395408163265306,,no_return_reserve,,,seed,45.0
298.0,0.060546875,,no_return_reserve,,,seed,45.0
314.0,0.0703125,,no_return_reserve,,,seed,45.0
330.0,0.0637755102040816,,no_return_reserve,,,seed,45.0
346.0,0.046875,,no_return_reserve,,,seed,45.0
362.0,0.03125,,no_return_reserve,,,seed,45.0
378.0,0.0459183673469387,,no_return_reserve,,,seed,45.0
394.0,0.005859375,,no_return_reserve,,,seed,45.0
410.0,0.00625,,no_return_reserve,,,seed,45.0
426.0,0.0229591836734693,,no_return_reserve,,,seed,45.0
442.0,0.064453125,,no_return_reserve,,,seed,45.0
458.0,0.0671875,,no_return_reserve,,,seed,45.0
474.0,0.0548469387755102,,no_return_reserve,,,seed,45.0
490.0,0.146484375,,no_return_reserve,,,seed,45.0
500.0,0.1599999999999999,,no_return_reserve,,,seed,45.0
516.0,0.0701530612244897,,no_return_reserve,,,seed,45.0
532.0,0.0703125,,no_return_reserve,,,seed,45.0
548.0,0.0171875,,no_return_reserve,,,seed,45.0
564.0,0.048469387755102,,no_return_reserve,,,seed,45.0
580.0,0.015625,,no_return_reserve,,,seed,45.0
596.0,0.01875,,no_return_reserve,,,seed,45.0
612.0,0.0573979591836734,,no_return_reserve,,,seed,45.0
628.0,0.13671875,,no_return_reserve,,,seed,45.0
644.0,0.084375,,no_return_reserve,,,seed,45.0
660.0,0.0624999999999999,,no_return_reserve,,,seed,45.0
676.0,0.08203125,,no_return_reserve,,,seed,45.0
692.0,0.021875,,no_return_reserve,,,seed,45.0
708.0,0.034438775510204,,no_return_reserve,,,seed,45.0
724.0,0.013671875,,no_return_reserve,,,seed,45.0
740.0,0.0015625,,no_return_reserve,,,seed,45.0
756.0,0.0204081632653061,,no_return_reserve,,,seed,45.0
772.0,0.0390625,,no_return_reserve,,,seed,45.0
788.0,0.0484375,,no_return_reserve,,,seed,45.0
804.0,0.1058673469387755,,no_return_reserve,,,seed,45.0
820.0,0.068359375,,no_return_reserve,,,seed,45.0
836.0,0.1078124999999999,,no_return_reserve,,,seed,45.0
852.0,0.1122448979591836,,no_return_reserve,,,seed,45.0
868.0,0.154296875,,no_return_reserve,,,seed,45.0
884.0,0.1515625,,no_return_reserve,,,seed,45.0
900.0,0.1479591836734693,,no_return_reserve,,,seed,45.0
916.0,0.21875,,no_return_reserve,,,seed,45.0
932.0,0.2828124999999999,,no_return_reserve,,,seed,45.0
948.0,0.3010204081632653,,no_return_reserve,,,seed,45.0
964.0,0.21875,,no_return_reserve,,,seed,45.0
980.0,0.121875,,no_return_reserve,,,seed,45.0
996.0,0.1849489795918367,,no_return_reserve,,,seed,45.0
1000.0,0.2421875,,no_return_reserve,,,seed,45.0
1016.0,0.221875,,no_return_reserve,,,seed,45.0
1032.0,0.1798469387755102,,no_return_reserve,,,seed,45.0
1048.0,0.248046875,,no_return_reserve,,,seed,45.0
1064.0,0.2749999999999999,,no_return_reserve,,,seed,45.0
1080.0,0.3252551020408163,,no_return_reserve,,,seed,45.0
1096.0,0.265625,,no_return_reserve,,,seed,45.0
1112.0,0.3171875,,no_return_reserve,,,seed,45.0
1128.0,0.2678571428571428,,no_return_reserve,,,seed,45.0
1144.0,0.20703125,,no_return_reserve,,,seed,45.0
1160.0,0.290625,,no_return_reserve,,,seed,45.0
1176.0,0.3137755102040816,,no_return_reserve,,,seed,45.0
1192.0,0.357421875,,no_return_reserve,,,seed,45.0
1208.0,0.34375,,no_return_reserve,,,seed,45.0
1224.0,0.3686224489795918,,no_return_reserve,,,seed,45.0
1240.0,0.34375,,no_return_reserve,,,seed,45.0
1256.0,0.359375,,no_return_reserve,,,seed,45.0
1272.0,0.3775510204081632,,no_return_reserve,,,seed,45.0
1288.0,0.408203125,,no_return_reserve,,,seed,45.0
1304.0,0.4078125,,no_return_reserve,,,seed,45.0
1320.0,0.3086734693877551,,no_return_reserve,,,seed,45.0
1336.0,0.361328125,,no_return_reserve,,,seed,45.0
1352.0,0.3609375,,no_return_reserve,,,seed,45.0
1368.0,0.3086734693877551,,no_return_reserve,,,seed,45.0
1384.0,0.298828125,,no_return_reserve,,,seed,45.0
1400.0,0.2984374999999999,,no_return_reserve,,,seed,45.0
1416.0,0.2589285714285714,,no_return_reserve,,,seed,45.0
1432.0,0.13671875,,no_return_reserve,,,seed,45.0
1448.0,0.2109375,,no_return_reserve,,,seed,45.0
1464.0,0.2295918367346938,,no_return_reserve,,,seed,45.0
1480.0,0.32421875,,no_return_reserve,,,seed,45.0
1496.0,0.346875,,no_return_reserve,,,seed,45.0
1500.0,0.2704081632653061,,no_return_reserve,,,seed,45.0
1516.0,0.36328125,,no_return_reserve,,,seed,45.0
1532.0,0.315625,,no_return_reserve,,,seed,45.0
1548.0,0.3354591836734694,,no_return_reserve,,,seed,45.0
1564.0,0.369140625,,no_return_reserve,,,seed,45.0
1580.0,0.4015625,,no_return_reserve,,,seed,45.0
1596.0,0.3150510204081633,,no_return_reserve,,,seed,45.0
1612.0,0.322265625,,no_return_reserve,,,seed,45.0
1628.0,0.3359375,,no_return_reserve,,,seed,45.0
1644.0,0.3737244897959183,,no_return_reserve,,,seed,45.0
1660.0,0.337890625,,no_return_reserve,,,seed,45.0
1676.0,0.38125,,no_return_reserve,,,seed,45.0
1692.0,0.3954081632653061,,no_return_reserve,,,seed,45.0
1708.0,0.318359375,,no_return_reserve,,,seed,45.0
1724.0,0.3265625,,no_return_reserve,,,seed,45.0
1740.0,0.3545918367346938,,no_return_reserve,,,seed,45.0
1756.0,0.3203125,,no_return_reserve,,,seed,45.0
1772.0,0.2984375,,no_return_reserve,,,seed,45.0
1788.0,0.3533163265306122,,no_return_reserve,,,seed,45.0
1804.0,0.298828125,,no_return_reserve,,,seed,45.0
1820.0,0.3328124999999999,,no_return_reserve,,,seed,45.0
1836.0,0.3290816326530612,,no_return_reserve,,,seed,45.0
1852.0,0.3671875,,no_return_reserve,,,seed,45.0
1868.0,0.30625,,no_return_reserve,,,seed,45.0
1884.0,0.2487244897959183,,no_return_reserve,,,seed,45.0
1900.0,0.25,,no_return_reserve,,,seed,45.0
1916.0,0.2578125,,no_return_reserve,,,seed,45.0
1932.0,0.2857142857142857,,no_return_reserve,,,seed,45.0
1948.0,0.328125,,no_return_reserve,,,seed,45.0
1964.0,0.4109375,,no_return_reserve,,,seed,45.0
1980.0,0.3801020408163265,,no_return_reserve,,,seed,45.0
1996.0,0.34765625,,no_return_reserve,,,seed,45.0
2000.0,0.31875,,no_return_reserve,,,seed,45.0
2016.0,0.3341836734693877,,no_return_reserve,,,seed,45.0
2032.0,0.34375,,no_return_reserve,,,seed,45.0
2048.0,0.4125,,no_return_reserve,,,seed,45.0
2064.0,0.3852040816326531,,no_return_reserve,,,seed,45.0
2080.0,0.375,,no_return_reserve,,,seed,45.0
2096.0,0.3828125,,no_return_reserve,,,seed,45.0
2112.0,0.3877551020408163,,no_return_reserve,,,seed,45.0
2128.0,0.408203125,,no_return_reserve,,,seed,45.0
2144.0,0.425,,no_return_reserve,,,seed,45.0
2160.0,0.3533163265306122,,no_return_reserve,,,seed,45.0
2176.0,0.41796875,,no_return_reserve,,,seed,45.0
2192.0,0.4015625,,no_return_reserve,,,seed,45.0
2208.0,0.423469387755102,,no_return_reserve,,,seed,45.0
2224.0,0.412109375,,no_return_reserve,,,seed,45.0
2240.0,0.340625,,no_return_reserve,,,seed,45.0
2256.0,0.3954081632653061,,no_return_reserve,,,seed,45.0
2272.0,0.38671875,,no_return_reserve,,,seed,45.0
2288.0,0.3171875,,no_return_reserve,,,seed,45.0
2304.0,0.3839285714285714,,no_return_reserve,,,seed,45.0
2320.0,0.27734375,,no_return_reserve,,,seed,45.0
2336.0,0.353125,,no_return_reserve,,,seed,45.0
2352.0,0.3099489795918367,,no_return_reserve,,,seed,45.0
2368.0,0.36328125,,no_return_reserve,,,seed,45.0
2384.0,0.365625,,no_return_reserve,,,seed,45.0
2400.0,0.3622448979591837,,no_return_reserve,,,seed,45.0
2416.0,0.400390625,,no_return_reserve,,,seed,45.0
2432.0,0.371875,,no_return_reserve,,,seed,45.0
2448.0,0.3239795918367347,,no_return_reserve,,,seed,45.0
2464.0,0.375,,no_return_reserve,,,seed,45.0
2480.0,0.3296874999999999,,no_return_reserve,,,seed,45.0
2496.0,0.3635204081632653,,no_return_reserve,,,seed,45.0
2500.0,0.34375,,no_return_reserve,,,seed,45.0
2516.0,0.440625,,no_return_reserve,,,seed,45.0
2532.0,0.3647959183673469,,no_return_reserve,,,seed,45.0
2548.0,0.40234375,,no_return_reserve,,,seed,45.0
2564.0,0.4125,,no_return_reserve,,,seed,45.0
2580.0,0.3698979591836734,,no_return_reserve,,,seed,45.0
2596.0,0.41796875,,no_return_reserve,,,seed,45.0
2612.0,0.340625,,no_return_reserve,,,seed,45.0
2628.0,0.3482142857142857,,no_return_reserve,,,seed,45.0
2644.0,0.3359375,,no_return_reserve,,,seed,45.0
2660.0,0.4031249999999999,,no_return_reserve,,,seed,45.0
2676.0,0.3737244897959184,,no_return_reserve,,,seed,45.0
2692.0,0.44921875,,no_return_reserve,,,seed,45.0
2708.0,0.4125,,no_return_reserve,,,seed,45.0
2724.0,0.3660714285714285,,no_return_reserve,,,seed,45.0
2740.0,0.396484375,,no_return_reserve,,,seed,45.0
2756.0,0.4171875,,no_return_reserve,,,seed,45.0
2772.0,0.4196428571428571,,no_return_reserve,,,seed,45.0
2788.0,0.46875,,no_return_reserve,,,seed,45.0
2804.0,0.4375,,no_return_reserve,,,seed,45.0
2820.0,0.3329081632653061,,no_return_reserve,,,seed,45.0
2836.0,0.375,,no_return_reserve,,,seed,45.0
2852.0,0.415625,,no_return_reserve,,,seed,45.0
2868.0,0.3558673469387755,,no_return_reserve,,,seed,45.0
2884.0,0.453125,,no_return_reserve,,,seed,45.0
2900.0,0.4296875,,no_return_reserve,,,seed,45.0
2916.0,0.3380102040816326,,no_return_reserve,,,seed,45.0
2932.0,0.375,,no_return_reserve,,,seed,45.0
2948.0,0.375,,no_return_reserve,,,seed,45.0
2964.0,0.3954081632653061,,no_return_reserve,,,seed,45.0
2980.0,0.3984375,,no_return_reserve,,,seed,45.0
2996.0,0.3578125,,no_return_reserve,,,seed,45.0
3000.0,0.4183673469387755,,no_return_reserve,,,seed,45.0
16.0,0.23046875,,no_return_reserve,,,seed,46.0
32.0,0.1390625,,no_return_reserve,,,seed,46.0
48.0,0.0854591836734693,,no_return_reserve,,,seed,46.0
64.0,0.119140625,,no_return_reserve,,,seed,46.0
80.0,0.084375,,no_return_reserve,,,seed,46.0
96.0,0.0357142857142857,,no_return_reserve,,,seed,46.0
112.0,0.0390625,,no_return_reserve,,,seed,46.0
128.0,0.0281249999999999,,no_return_reserve,,,seed,46.0
144.0,0.034438775510204,,no_return_reserve,,,seed,46.0
160.0,0.01953125,,no_return_reserve,,,seed,46.0
176.0,0.0359375,,no_return_reserve,,,seed,46.0
192.0,0.0535714285714285,,no_return_reserve,,,seed,46.0
208.0,0.07421875,,no_return_reserve,,,seed,46.0
224.0,0.103125,,no_return_reserve,,,seed,46.0
240.0,0.0918367346938775,,no_return_reserve,,,seed,46.0
250.0,0.0875,,no_return_reserve,,,seed,46.0
266.0,0.0984375,,no_return_reserve,,,seed,46.0
282.0,0.1096938775510204,,no_return_reserve,,,seed,46.0
298.0,0.111328125,,no_return_reserve,,,seed,46.0
314.0,0.253125,,no_return_reserve,,,seed,46.0
330.0,0.1619897959183673,,no_return_reserve,,,seed,46.0
346.0,0.169921875,,no_return_reserve,,,seed,46.0
362.0,0.1921875,,no_return_reserve,,,seed,46.0
378.0,0.1951530612244897,,no_return_reserve,,,seed,46.0
394.0,0.23828125,,no_return_reserve,,,seed,46.0
410.0,0.21875,,no_return_reserve,,,seed,46.0
426.0,0.110969387755102,,no_return_reserve,,,seed,46.0
442.0,0.130859375,,no_return_reserve,,,seed,46.0
458.0,0.215625,,no_return_reserve,,,seed,46.0
474.0,0.2385204081632653,,no_return_reserve,,,seed,46.0
490.0,0.21484375,,no_return_reserve,,,seed,46.0
500.0,0.1099999999999999,,no_return_reserve,,,seed,46.0
516.0,0.2640306122448979,,no_return_reserve,,,seed,46.0
532.0,0.232421875,,no_return_reserve,,,seed,46.0
548.0,0.171875,,no_return_reserve,,,seed,46.0
564.0,0.2385204081632653,,no_return_reserve,,,seed,46.0
580.0,0.259765625,,no_return_reserve,,,seed,46.0
596.0,0.3140624999999999,,no_return_reserve,,,seed,46.0
612.0,0.2971938775510204,,no_return_reserve,,,seed,46.0
628.0,0.28515625,,no_return_reserve,,,seed,46.0
644.0,0.2578125,,no_return_reserve,,,seed,46.0
660.0,0.2423469387755102,,no_return_reserve,,,seed,46.0
676.0,0.326171875,,no_return_reserve,,,seed,46.0
692.0,0.2515625,,no_return_reserve,,,seed,46.0
708.0,0.1900510204081632,,no_return_reserve,,,seed,46.0
724.0,0.298828125,,no_return_reserve,,,seed,46.0
740.0,0.2140625,,no_return_reserve,,,seed,46.0
756.0,0.2576530612244898,,no_return_reserve,,,seed,46.0
772.0,0.2265625,,no_return_reserve,,,seed,46.0
788.0,0.2671875,,no_return_reserve,,,seed,46.0
804.0,0.2653061224489795,,no_return_reserve,,,seed,46.0
820.0,0.236328125,,no_return_reserve,,,seed,46.0
836.0,0.1890625,,no_return_reserve,,,seed,46.0
852.0,0.2563775510204081,,no_return_reserve,,,seed,46.0
868.0,0.232421875,,no_return_reserve,,,seed,46.0
884.0,0.253125,,no_return_reserve,,,seed,46.0
900.0,0.3061224489795918,,no_return_reserve,,,seed,46.0
916.0,0.220703125,,no_return_reserve,,,seed,46.0
932.0,0.2375,,no_return_reserve,,,seed,46.0
948.0,0.3061224489795918,,no_return_reserve,,,seed,46.0
964.0,0.271484375,,no_return_reserve,,,seed,46.0
980.0,0.3203125,,no_return_reserve,,,seed,46.0
996.0,0.3112244897959184,,no_return_reserve,,,seed,46.0
1000.0,0.3203125,,no_return_reserve,,,seed,46.0
1016.0,0.35,,no_return_reserve,,,seed,46.0
1032.0,0.3201530612244898,,no_return_reserve,,,seed,46.0
1048.0,0.302734375,,no_return_reserve,,,seed,46.0
1064.0,0.3093749999999999,,no_return_reserve,,,seed,46.0
1080.0,0.3227040816326531,,no_return_reserve,,,seed,46.0
1096.0,0.271484375,,no_return_reserve,,,seed,46.0
1112.0,0.1984375,,no_return_reserve,,,seed,46.0
1128.0,0.3073979591836734,,no_return_reserve,,,seed,46.0
1144.0,0.337890625,,no_return_reserve,,,seed,46.0
1160.0,0.334375,,no_return_reserve,,,seed,46.0
1176.0,0.3341836734693877,,no_return_reserve,,,seed,46.0
1192.0,0.328125,,no_return_reserve,,,seed,46.0
1208.0,0.303125,,no_return_reserve,,,seed,46.0
1224.0,0.2704081632653061,,no_return_reserve,,,seed,46.0
1240.0,0.3203125,,no_return_reserve,,,seed,46.0
1256.0,0.275,,no_return_reserve,,,seed,46.0
1272.0,0.3176020408163265,,no_return_reserve,,,seed,46.0
1288.0,0.30859375,,no_return_reserve,,,seed,46.0
1304.0,0.3359375,,no_return_reserve,,,seed,46.0
1320.0,0.2895408163265306,,no_return_reserve,,,seed,46.0
1336.0,0.298828125,,no_return_reserve,,,seed,46.0
1352.0,0.3046875,,no_return_reserve,,,seed,46.0
1368.0,0.3801020408163265,,no_return_reserve,,,seed,46.0
1384.0,0.34765625,,no_return_reserve,,,seed,46.0
1400.0,0.403125,,no_return_reserve,,,seed,46.0
1416.0,0.3622448979591837,,no_return_reserve,,,seed,46.0
1432.0,0.36328125,,no_return_reserve,,,seed,46.0
1448.0,0.3640625,,no_return_reserve,,,seed,46.0
1464.0,0.2959183673469387,,no_return_reserve,,,seed,46.0
1480.0,0.396484375,,no_return_reserve,,,seed,46.0
1496.0,0.3640625,,no_return_reserve,,,seed,46.0
1500.0,0.4132653061224489,,no_return_reserve,,,seed,46.0
1516.0,0.26171875,,no_return_reserve,,,seed,46.0
1532.0,0.3296875,,no_return_reserve,,,seed,46.0
1548.0,0.3456632653061224,,no_return_reserve,,,seed,46.0
1564.0,0.392578125,,no_return_reserve,,,seed,46.0
1580.0,0.3890625,,no_return_reserve,,,seed,46.0
1596.0,0.3418367346938775,,no_return_reserve,,,seed,46.0
1612.0,0.310546875,,no_return_reserve,,,seed,46.0
1628.0,0.321875,,no_return_reserve,,,seed,46.0
1644.0,0.3341836734693877,,no_return_reserve,,,seed,46.0
1660.0,0.427734375,,no_return_reserve,,,seed,46.0
1676.0,0.3953125,,no_return_reserve,,,seed,46.0
1692.0,0.4081632653061224,,no_return_reserve,,,seed,46.0
1708.0,0.3359375,,no_return_reserve,,,seed,46.0
1724.0,0.4234375,,no_return_reserve,,,seed,46.0
1740.0,0.3941326530612244,,no_return_reserve,,,seed,46.0
1756.0,0.341796875,,no_return_reserve,,,seed,46.0
1772.0,0.2890625,,no_return_reserve,,,seed,46.0
1788.0,0.3392857142857143,,no_return_reserve,,,seed,46.0
1804.0,0.388671875,,no_return_reserve,,,seed,46.0
1820.0,0.3625,,no_return_reserve,,,seed,46.0
1836.0,0.326530612244898,,no_return_reserve,,,seed,46.0
1852.0,0.33203125,,no_return_reserve,,,seed,46.0
1868.0,0.4296875,,no_return_reserve,,,seed,46.0
1884.0,0.3915816326530612,,no_return_reserve,,,seed,46.0
1900.0,0.416015625,,no_return_reserve,,,seed,46.0
1916.0,0.346875,,no_return_reserve,,,seed,46.0
1932.0,0.2857142857142857,,no_return_reserve,,,seed,46.0
1948.0,0.359375,,no_return_reserve,,,seed,46.0
1964.0,0.2828125,,no_return_reserve,,,seed,46.0
1980.0,0.2793367346938775,,no_return_reserve,,,seed,46.0
1996.0,0.3046875,,no_return_reserve,,,seed,46.0
2000.0,0.3125,,no_return_reserve,,,seed,46.0
2016.0,0.2997448979591836,,no_return_reserve,,,seed,46.0
2032.0,0.341796875,,no_return_reserve,,,seed,46.0
2048.0,0.3484375,,no_return_reserve,,,seed,46.0
2064.0,0.3201530612244898,,no_return_reserve,,,seed,46.0
2080.0,0.392578125,,no_return_reserve,,,seed,46.0
2096.0,0.2671874999999999,,no_return_reserve,,,seed,46.0
2112.0,0.3125,,no_return_reserve,,,seed,46.0
2128.0,0.328125,,no_return_reserve,,,seed,46.0
2144.0,0.3328125,,no_return_reserve,,,seed,46.0
2160.0,0.3494897959183673,,no_return_reserve,,,seed,46.0
2176.0,0.341796875,,no_return_reserve,,,seed,46.0
2192.0,0.359375,,no_return_reserve,,,seed,46.0
2208.0,0.3380102040816326,,no_return_reserve,,,seed,46.0
2224.0,0.341796875,,no_return_reserve,,,seed,46.0
2240.0,0.4453125,,no_return_reserve,,,seed,46.0
2256.0,0.4119897959183674,,no_return_reserve,,,seed,46.0
2272.0,0.359375,,no_return_reserve,,,seed,46.0
2288.0,0.390625,,no_return_reserve,,,seed,46.0
2304.0,0.3903061224489795,,no_return_reserve,,,seed,46.0
2320.0,0.3828125,,no_return_reserve,,,seed,46.0
2336.0,0.396875,,no_return_reserve,,,seed,46.0
2352.0,0.3418367346938775,,no_return_reserve,,,seed,46.0
2368.0,0.421875,,no_return_reserve,,,seed,46.0
2384.0,0.3859375,,no_return_reserve,,,seed,46.0
2400.0,0.360969387755102,,no_return_reserve,,,seed,46.0
2416.0,0.4140625,,no_return_reserve,,,seed,46.0
2432.0,0.38125,,no_return_reserve,,,seed,46.0
2448.0,0.3622448979591837,,no_return_reserve,,,seed,46.0
2464.0,0.35546875,,no_return_reserve,,,seed,46.0
2480.0,0.3828125,,no_return_reserve,,,seed,46.0
2496.0,0.3737244897959183,,no_return_reserve,,,seed,46.0
2500.0,0.3828125,,no_return_reserve,,,seed,46.0
2516.0,0.3921875,,no_return_reserve,,,seed,46.0
2532.0,0.4260204081632653,,no_return_reserve,,,seed,46.0
2548.0,0.37109375,,no_return_reserve,,,seed,46.0
2564.0,0.4203125,,no_return_reserve,,,seed,46.0
2580.0,0.4196428571428571,,no_return_reserve,,,seed,46.0
2596.0,0.439453125,,no_return_reserve,,,seed,46.0
2612.0,0.4390625,,no_return_reserve,,,seed,46.0
2628.0,0.3788265306122449,,no_return_reserve,,,seed,46.0
2644.0,0.369140625,,no_return_reserve,,,seed,46.0
2660.0,0.371875,,no_return_reserve,,,seed,46.0
2676.0,0.4336734693877551,,no_return_reserve,,,seed,46.0
2692.0,0.44140625,,no_return_reserve,,,seed,46.0
2708.0,0.346875,,no_return_reserve,,,seed,46.0
2724.0,0.3686224489795918,,no_return_reserve,,,seed,46.0
2740.0,0.4296875,,no_return_reserve,,,seed,46.0
2756.0,0.3406249999999999,,no_return_reserve,,,seed,46.0
2772.0,0.3571428571428571,,no_return_reserve,,,seed,46.0
2788.0,0.4375,,no_return_reserve,,,seed,46.0
2804.0,0.378125,,no_return_reserve,,,seed,46.0
2820.0,0.3647959183673469,,no_return_reserve,,,seed,46.0
2836.0,0.40234375,,no_return_reserve,,,seed,46.0
2852.0,0.4265625,,no_return_reserve,,,seed,46.0
2868.0,0.3622448979591837,,no_return_reserve,,,seed,46.0
2884.0,0.328125,,no_return_reserve,,,seed,46.0
2900.0,0.3890625,,no_return_reserve,,,seed,46.0
2916.0,0.3954081632653061,,no_return_reserve,,,seed,46.0
2932.0,0.4375,,no_return_reserve,,,seed,46.0
2948.0,0.4203125,,no_return_reserve,,,seed,46.0
2964.0,0.3494897959183673,,no_return_reserve,,,seed,46.0
2980.0,0.388671875,,no_return_reserve,,,seed,46.0
2996.0,0.3765625,,no_return_reserve,,,seed,46.0
3000.0,0.4744897959183673,,no_return_reserve,,,seed,46.0
0.0,,0.181640625,no_return_reserve,0.154296875,0.19140625,summary,
20.0,,0.16083984375,no_return_reserve,0.14658203125,0.1720703125,summary,
40.0,,0.091470025510204,no_return_reserve,0.0696269132653061,0.1122608418367347,summary,
60.0,,0.0936702806122449,no_return_reserve,0.040965800382653,0.109504544005102,summary,
80.0,,0.071875,no_return_reserve,0.0578125,0.084375,summary,
100.0,,0.0365513392857142,no_return_reserve,0.0346779336734693,0.0408462213010204,summary,
120.0,,0.03359375,no_return_reserve,0.0259765625,0.0515625,summary,
140.0,,0.032860331632653,no_return_reserve,0.0267299107142857,0.057110969387755,summary,
160.0,,0.025390625,no_return_reserve,0.0234375,0.052734375,summary,
180.0,,0.0697385204081632,no_return_reserve,0.0403459821428571,0.1318080357142857,summary,
200.0,,0.0859175701530612,no_return_reserve,0.0638950892857142,0.1037348533163265,summary,
220.0,,0.0533203124999999,no_return_reserve,0.0478515625,0.0958984374999999,summary,
240.0,,0.0599489795918367,no_return_reserve,0.0459183673469387,0.0612244897959183,summary,
260.0,,0.0943359375,no_return_reserve,0.049609375,0.105078125,summary,
280.0,,0.1082868303571428,no_return_reserve,0.0768973214285714,0.1237165178571428,summary,
300.0,,0.105859375,no_return_reserve,0.061767578125,0.129052734375,summary,
320.0,,0.0678611288265306,no_return_reserve,0.0546077806122448,0.2189492984693877,summary,
340.0,,0.0714584661989796,no_return_reserve,0.0532126913265306,0.1669473453443877,summary,
360.0,,0.06181640625,no_return_reserve,0.0447265625,0.11201171875,summary,
380.0,,0.1109444754464285,no_return_reserve,0.1050153459821428,0.1196986607142857,summary,
400.0,,0.161279296875,no_return_reserve,0.1146484375,0.191259765625,summary,
420.0,,0.1277582908163265,no_return_reserve,0.1212252869897959,0.1513871173469387,summary,
440.0,,0.1055634167729591,no_return_reserve,0.0592663823341836,0.1283731265943877,summary,
460.0,,0.1212372448979591,no_return_reserve,0.0656449298469387,0.1217633928571428,summary,
480.0,,0.1346958705357142,no_return_reserve,0.0892109773596938,0.1996920838647959,summary,
500.0,,0.1599999999999999,no_return_reserve,0.1199999999999999,0.2175,summary,
520.0,,0.2500797193877551,no_return_reserve,0.2080377072704081,0.2561284279336734,summary,
540.0,,0.2033203125,no_return_reserve,0.2021484375,0.248046875,summary,
560.0,,0.221859056122449,no_return_reserve,0.1857461734693877,0.2284438775510203,summary,
580.0,,0.212890625,no_return_reserve,0.099609375,0.220703125,summary,
600.0,,0.2277423469387755,no_return_reserve,0.1712452168367347,0.2459582270408163,summary,
620.0,,0.1915258290816326,no_return_reserve,0.1274513711734693,0.228336256377551,summary,
640.0,,0.19697265625,no_return_reserve,0.17138671875,0.2248046875,summary,
660.0,,0.2040816326530612,no_return_reserve,0.1849489795918367,0.2423469387755102,summary,
680.0,,0.28544921875,no_return_reserve,0.23935546875,0.30751953125,summary,
700.0,,0.2208067602040816,no_return_reserve,0.1963966836734694,0.2383769132653061,summary,
720.0,,0.207957987882653,no_return_reserve,0.1247608418367346,0.2186005261479591,summary,
740.0,,0.2140625,no_return_reserve,0.1984375,0.2203125,summary,
760.0,,0.205257493622449,no_return_reserve,0.1932198660714285,0.2498804209183673,summary,
780.0,,0.246875,no_return_reserve,0.158984375,0.286328125,summary,
800.0,,0.1933274872448979,no_return_reserve,0.1665656887755102,0.2657764668367346,summary,
820.0,,0.236328125,no_return_reserve,0.205078125,0.259765625,summary,
840.0,,0.2999202806122449,no_return_reserve,0.205891262755102,0.3037547831632653,summary,
860.0,,0.2713249362244898,no_return_reserve,0.244399713010204,0.3071189413265306,summary,
880.0,,0.24794921875,no_return_reserve,0.2353515625,0.3173828125,summary,
900.0,,0.2589285714285714,no_return_reserve,0.1785714285714286,0.2959183673469387,summary,
920.0,,0.2347656249999999,no_return_reserve,0.22490234375,0.2638671875,summary,
940.0,,0.2694834183673469,no_return_reserve,0.248469387755102,0.2718112244897959,summary,
960.0,,0.2561284279336734,no_return_reserve,0.2393176020408163,0.260562818877551,summary,
980.0,,0.290625,no_return_reserve,0.2453125,0.3203125,summary,
1000.0,,0.3203125,no_return_reserve,0.296875,0.328125,summary,
1020.0,,0.3040816326530612,no_return_reserve,0.2984374999999999,0.3425382653061224,summary,
1040.0,,0.3017179528061224,no_return_reserve,0.2900390625,0.3114437181122449,summary,
1060.0,,0.29541015625,no_return_reserve,0.26826171875,0.30732421875,summary,
1080.0,,0.3227040816326531,no_return_reserve,0.2920918367346938,0.3227040816326531,summary,
1100.0,,0.278515625,no_return_reserve,0.25322265625,0.29921875,summary,
1120.0,,0.2573182397959184,no_return_reserve,0.2529177295918367,0.2925223214285714,summary,
1140.0,,0.2815888073979591,no_return_reserve,0.2636918048469387,0.3302674585459184,summary,
1160.0,,0.334375,no_return_reserve,0.290625,0.334375,summary,
1180.0,,0.3326690051020408,no_return_reserve,0.3273776307397959,0.3338647959183674,summary,
1200.0,,0.3505859375,no_return_reserve,0.3244140625,0.359375,summary,
1220.0,,0.3567681760204081,no_return_reserve,0.3016661352040816,0.3624043367346938,summary,
1240.0,,0.3203125,no_return_reserve,0.310546875,0.34375,summary,
1260.0,,0.3166772959183673,no_return_reserve,0.2856505102040816,0.3554926658163265,summary,
1280.0,,0.3130978954081632,no_return_reserve,0.3103077168367347,0.3910634566326531,summary,
1300.0,,0.3291015625,no_return_reserve,0.3052734375,0.3294921875,summary,
1320.0,,0.3010204081632653,no_return_reserve,0.2895408163265306,0.3086734693877551,summary,
1340.0,,0.36123046875,no_return_reserve,0.30029296875,0.37431640625,summary,
1360.0,,0.3348054846938775,no_return_reserve,0.3308514030612245,0.3423947704081632,summary,
1380.0,,0.3381796077806122,no_return_reserve,0.3023656728316326,0.3557676977040816,summary,
1400.0,,0.328125,no_return_reserve,0.31875,0.35625,summary,
1420.0,,0.2970344387755101,no_return_reserve,0.2810208067602041,0.3337651466836734,summary,
1440.0,,0.29765625,no_return_reserve,0.2470703125,0.363671875,summary,
1460.0,,0.312954400510204,no_return_reserve,0.2249282525510204,0.3195870535714286,summary,
1480.0,,0.32421875,no_return_reserve,0.310546875,0.37109375,summary,
1500.0,,0.3622448979591837,no_return_reserve,0.2704081632653061,0.3979591836734694,summary,
1520.0,,0.3990234375,no_return_reserve,0.3513671875,0.40595703125,summary,
1540.0,,0.334454719387755,no_return_reserve,0.3255420918367346,0.3376753826530612,summary,
1560.0,,0.3607202646683674,no_return_reserve,0.3091218909438775,0.3723891900510204,summary,
1580.0,,0.3625,no_return_reserve,0.3328125,0.3890625,summary,
1600.0,,0.3340142697704081,no_return_reserve,0.3290617028061224,0.3502670599489796,summary,
1620.0,,0.3291015625,no_return_reserve,0.3162109375,0.341015625,summary,
1640.0,,0.3311065051020407,no_return_reserve,0.3234614158163265,0.346548150510204,summary,
1660.0,,0.353515625,no_return_reserve,0.337890625,0.40625,summary,
1680.0,,0.3740593112244897,no_return_reserve,0.3583785076530612,0.3847895408163265,summary,
1700.0,,0.3568837691326531,no_return_reserve,0.3551498724489795,0.3720503826530612,summary,
1720.0,,0.35595703125,no_return_reserve,0.3484374999999999,0.387109375,summary,
1740.0,,0.3826530612244898,no_return_reserve,0.3545918367346938,0.3941326530612244,summary,
1760.0,,0.3625,no_return_reserve,0.32861328125,0.3853515625,summary,
1780.0,,0.3366071428571428,no_return_reserve,0.3258769132653061,0.3595344387755101,summary,
1800.0,,0.3595145089285714,no_return_reserve,0.345703125,0.3763253348214286,summary,
1820.0,,0.3625,no_return_reserve,0.3625,0.384375,summary,
1840.0,,0.3279057716836735,no_return_reserve,0.3274972098214286,0.3348413584183674,summary,
1860.0,,0.358984375,no_return_reserve,0.33671875,0.3751953125,summary,
1880.0,,0.3325334821428571,no_return_reserve,0.3126594387755102,0.3422433035714285,summary,
1900.0,,0.34765625,no_return_reserve,0.345703125,0.369140625,summary,
1920.0,,0.3452806122448979,no_return_reserve,0.3315848214285714,0.3778619260204082,summary,
1940.0,,0.3225446428571428,no_return_reserve,0.3167051977040816,0.3307955994897959,summary,
1960.0,,0.301953125,no_return_reserve,0.29951171875,0.383203125,summary,
1980.0,,0.3048469387755102,no_return_reserve,0.284438775510204,0.3596938775510204,summary,
2000.0,,0.31875,no_return_reserve,0.31875,0.325,summary,
2020.0,,0.3365752551020408,no_return_reserve,0.3241191007653061,0.3519013073979591,summary,
2040.0,,0.357421875,no_return_reserve,0.347265625,0.378125,summary,
2060.0,,0.3741390306122448,no_return_reserve,0.3584422831632653,0.3806999362244898,summary,
2080.0,,0.375,no_return_reserve,0.361328125,0.392578125,summary,
2100.0,,0.3840481505102041,no_return_reserve,0.3664939413265306,0.3967235331632653,summary,
2120.0,,0.3838488520408163,no_return_reserve,0.3554488201530612,0.3959861288265306,summary,
2140.0,,0.37841796875,no_return_reserve,0.3508789062499999,0.396484375,summary,
2160.0,,0.3533163265306122,no_return_reserve,0.3494897959183673,0.3839285714285714,summary,
2180.0,,0.33544921875,no_return_reserve,0.3333984375,0.34619140625,summary,
2200.0,,0.3486926020408163,no_return_reserve,0.3260522959183674,0.4064732142857143,summary,
2220.0,,0.3446667729591837,no_return_reserve,0.3408502072704081,0.3913225446428571,summary,
2240.0,,0.3687499999999999,no_return_reserve,0.340625,0.39375,summary,
2260.0,,0.3788066007653061,no_return_reserve,0.3721301020408163,0.3932358099489796,summary,
2280.0,,0.375,no_return_reserve,0.351953125,0.389453125,summary,
2300.0,,0.3822464923469388,no_return_reserve,0.3672433035714285,0.3903858418367346,summary,
2320.0,,0.3828125,no_return_reserve,0.349609375,0.396484375,summary,
2340.0,,0.3725526147959184,no_return_reserve,0.3626514668367347,0.3831154336734693,summary,
2360.0,,0.3659319196428571,no_return_reserve,0.3656130420918367,0.3818558673469387,summary,
2380.0,,0.394921875,no_return_reserve,0.3650390624999999,0.40634765625,summary,
2400.0,,0.3443877551020408,no_return_reserve,0.3137755102040816,0.360969387755102,summary,
2420.0,,0.3443359375,no_return_reserve,0.3369140625,0.39326171875,summary,
2440.0,,0.345360331632653,no_return_reserve,0.3345822704081632,0.3479272959183673,summary,
2460.0,,0.3284239477040816,no_return_reserve,0.3263911033163265,0.3571627869897959,summary,
2480.0,,0.346875,no_return_reserve,0.3296874999999999,0.365625,summary,
2500.0,,0.34375,no_return_reserve,0.3125,0.3828125,summary,
2520.0,,0.3749760841836734,no_return_reserve,0.3703125,0.4006457270408163,summary,
2540.0,,0.3950693558673469,no_return_reserve,0.3835698341836734,0.396484375,summary,
2560.0,,0.4080078124999999,no_return_reserve,0.37490234375,0.4099609374999999,summary,
2580.0,,0.3839285714285714,no_return_reserve,0.3698979591836734,0.4043367346938775,summary,
2600.0,,0.3986328125,no_return_reserve,0.35458984375,0.4234375,summary,
2620.0,,0.3506218112244897,no_return_reserve,0.3444196428571429,0.3589923469387755,summary,
2640.0,,0.3390664859693877,no_return_reserve,0.3390066964285714,0.3635204081632653,summary,
2660.0,,0.371875,no_return_reserve,0.36875,0.384375,summary,
2680.0,,0.3896783322704081,no_return_reserve,0.3729272959183673,0.3925980548469387,summary,
2700.0,,0.3869140625,no_return_reserve,0.3814453125,0.394140625,summary,
2720.0,,0.3788663903061224,no_return_reserve,0.3776785714285714,0.3806441326530612,summary,
2740.0,,0.4296875,no_return_reserve,0.396484375,0.458984375,summary,
2760.0,,0.3896125637755102,no_return_reserve,0.3892617984693878,0.4058035714285714,summary,
2780.0,,0.3973214285714285,no_return_reserve,0.3899274553571428,0.3998126594387755,summary,
2800.0,,0.41181640625,no_return_reserve,0.39296875,0.4407226562499999,summary,
2820.0,,0.3571428571428571,no_return_reserve,0.3494897959183673,0.3647959183673469,summary,
2840.0,,0.38330078125,no_return_reserve,0.375,0.38515625,summary,
2860.0,,0.3944036989795918,no_return_reserve,0.3857461734693878,0.4025829081632653,summary,
2880.0,,0.4074158960459184,no_return_reserve,0.3951391103316326,0.4214465082908163,summary,
2900.0,,0.3890625,no_return_reserve,0.365625,0.4296875,summary,
2920.0,,0.3472576530612244,no_return_reserve,0.3439991230867347,0.4059311224489796,summary,
2940.0,,0.3822265625,no_return_reserve,0.375,0.4197265625,summary,
2960.0,,0.3751753826530612,no_return_reserve,0.3671954719387755,0.3899394132653061,summary,
2980.0,,0.388671875,no_return_reserve,0.36328125,0.3984375,summary,
3000.0,,0.4081632653061224,no_return_reserve,0.3826530612244898,0.4183673469387755,summary,
