model,regret,ecdf,task_count
a2c_pointer,0,0.00277777777778,360
a2c_pointer,0,0.00555555555556,360
a2c_pointer,0,0.00833333333333,360
a2c_pointer,0,0.0111111111111,360
a2c_pointer,0,0.0138888888889,360
a2c_pointer,0,0.0166666666667,360
a2c_pointer,0,0.0194444444444,360
a2c_pointer,0,0.0222222222222,360
a2c_pointer,0,0.025,360
a2c_pointer,0,0.0277777777778,360
a2c_pointer,0,0.0305555555556,360
a2c_pointer,0,0.0333333333333,360
a2c_pointer,0,0.0361111111111,360
a2c_pointer,0,0.0388888888889,360
a2c_pointer,0,0.0416666666667,360
a2c_pointer,0,0.0444444444444,360
a2c_pointer,0,0.0472222222222,360
a2c_pointer,0,0.05,360
a2c_pointer,0,0.0527777777778,360
a2c_pointer,0,0.0555555555556,360
a2c_pointer,0,0.0583333333333,360
a2c_pointer,0,0.0611111111111,360
a2c_pointer,0,0.0638888888889,360
a2c_pointer,0,0.0666666666667,360
a2c_pointer,0,0.0694444444444,360
a2c_pointer,0,0.0722222222222,360
a2c_pointer,0,0.075,360
a2c_pointer,0.00408163265306,0.0777777777778,360
a2c_pointer,0.005,0.0805555555556,360
a2c_pointer,0.00625,0.0833333333333,360
a2c_pointer,0.00816326530612,0.0861111111111,360
a2c_pointer,0.00816326530612,0.0888888888889,360
a2c_pointer,0.01,0.0916666666667,360
a2c_pointer,0.0122448979592,0.0944444444444,360
a2c_pointer,0.0122448979592,0.0972222222222,360
a2c_pointer,0.0163265306122,0.1,360
a2c_pointer,0.01875,0.102777777778,360
a2c_pointer,0.01875,0.105555555556,360
a2c_pointer,0.02,0.108333333333,360
a2c_pointer,0.02,0.111111111111,360
a2c_pointer,0.0204081632653,0.113888888889,360
a2c_pointer,0.0244897959184,0.116666666667,360
a2c_pointer,0.0244897959184,0.119444444444,360
a2c_pointer,0.025,0.122222222222,360
a2c_pointer,0.025,0.125,360
a2c_pointer,0.025,0.127777777778,360
a2c_pointer,0.025,0.130555555556,360
a2c_pointer,0.025,0.133333333333,360
a2c_pointer,0.025,0.136111111111,360
a2c_pointer,0.025,0.138888888889,360
a2c_pointer,0.025,0.141666666667,360
a2c_pointer,0.025,0.144444444444,360
a2c_pointer,0.025,0.147222222222,360
a2c_pointer,0.0285714285714,0.15,360
a2c_pointer,0.0285714285714,0.152777777778,360
a2c_pointer,0.0285714285714,0.155555555556,360
a2c_pointer,0.03,0.158333333333,360
a2c_pointer,0.03125,0.161111111111,360
a2c_pointer,0.03125,0.163888888889,360
a2c_pointer,0.03125,0.166666666667,360
a2c_pointer,0.03125,0.169444444444,360
a2c_pointer,0.03125,0.172222222222,360
a2c_pointer,0.03125,0.175,360
a2c_pointer,0.03125,0.177777777778,360
a2c_pointer,0.03125,0.180555555556,360
a2c_pointer,0.03125,0.183333333333,360
a2c_pointer,0.03125,0.186111111111,360
a2c_pointer,0.03125,0.188888888889,360
a2c_pointer,0.03125,0.191666666667,360
a2c_pointer,0.0326530612245,0.194444444444,360
a2c_pointer,0.0326530612245,0.197222222222,360
a2c_pointer,0.035,0.2,360
a2c_pointer,0.035,0.202777777778,360
a2c_pointer,0.0375,0.205555555556,360
a2c_pointer,0.0375,0.208333333333,360
a2c_pointer,0.04,0.211111111111,360
a2c_pointer,0.04,0.213888888889,360
a2c_pointer,0.0408163265306,0.216666666667,360
a2c_pointer,0.0408163265306,0.219444444444,360
a2c_pointer,0.0408163265306,0.222222222222,360
a2c_pointer,0.0408163265306,0.225,360
a2c_pointer,0.0408163265306,0.227777777778,360
a2c_pointer,0.0408163265306,0.230555555556,360
a2c_pointer,0.0408163265306,0.233333333333,360
a2c_pointer,0.0408163265306,0.236111111111,360
a2c_pointer,0.0408163265306,0.238888888889,360
a2c_pointer,0.0408163265306,0.241666666667,360
a2c_pointer,0.0408163265306,0.244444444444,360
a2c_pointer,0.04375,0.247222222222,360
a2c_pointer,0.04375,0.25,360
a2c_pointer,0.045,0.252777777778,360
a2c_pointer,0.045,0.255555555556,360
a2c_pointer,0.0489795918367,0.258333333333,360
a2c_pointer,0.0489795918367,0.261111111111,360
a2c_pointer,0.0489795918367,0.263888888889,360
a2c_pointer,0.0489795918367,0.266666666667,360
a2c_pointer,0.05,0.269444444444,360
a2c_pointer,0.05,0.272222222222,360
a2c_pointer,0.05,0.275,360
a2c_pointer,0.05,0.277777777778,360
a2c_pointer,0.05,0.280555555556,360
a2c_pointer,0.05,0.283333333333,360
a2c_pointer,0.05,0.286111111111,360
a2c_pointer,0.05,0.288888888889,360
a2c_pointer,0.05,0.291666666667,360
a2c_pointer,0.05,0.294444444444,360
a2c_pointer,0.05,0.297222222222,360
a2c_pointer,0.0530612244898,0.3,360
a2c_pointer,0.0530612244898,0.302777777778,360
a2c_pointer,0.0530612244898,0.305555555556,360
a2c_pointer,0.055,0.308333333333,360
a2c_pointer,0.055,0.311111111111,360
a2c_pointer,0.055,0.313888888889,360
a2c_pointer,0.05625,0.316666666667,360
a2c_pointer,0.05625,0.319444444444,360
a2c_pointer,0.0571428571429,0.322222222222,360
a2c_pointer,0.0571428571429,0.325,360
a2c_pointer,0.0571428571429,0.327777777778,360
a2c_pointer,0.0571428571429,0.330555555556,360
a2c_pointer,0.0571428571429,0.333333333333,360
a2c_pointer,0.0571428571429,0.336111111111,360
a2c_pointer,0.0571428571429,0.338888888889,360
a2c_pointer,0.0571428571429,0.341666666667,360
a2c_pointer,0.06,0.344444444444,360
a2c_pointer,0.06,0.347222222222,360
a2c_pointer,0.06,0.35,360
a2c_pointer,0.06,0.352777777778,360
a2c_pointer,0.06,0.355555555556,360
a2c_pointer,0.0612244897959,0.358333333333,360
a2c_pointer,0.0612244897959,0.361111111111,360
a2c_pointer,0.0612244897959,0.363888888889,360
a2c_pointer,0.0612244897959,0.366666666667,360
a2c_pointer,0.0612244897959,0.369444444444,360
a2c_pointer,0.0612244897959,0.372222222222,360
a2c_pointer,0.0625,0.375,360
a2c_pointer,0.0625,0.377777777778,360
a2c_pointer,0.0625,0.380555555556,360
a2c_pointer,0.0625,0.383333333333,360
a2c_pointer,0.0625,0.386111111111,360
a2c_pointer,0.0625,0.388888888889,360
a2c_pointer,0.0625,0.391666666667,360
a2c_pointer,0.0625,0.394444444444,360
a2c_pointer,0.0625,0.397222222222,360
a2c_pointer,0.0625,0.4,360
a2c_pointer,0.0625,0.402777777778,360
a2c_pointer,0.0625,0.405555555556,360
a2c_pointer,0.0625,0.408333333333,360
a2c_pointer,0.0625,0.411111111111,360
a2c_pointer,0.0625,0.413888888889,360
a2c_pointer,0.065,0.416666666667,360
a2c_pointer,0.065,0.419444444444,360
a2c_pointer,0.065,0.422222222222,360
a2c_pointer,0.065,0.425,360
a2c_pointer,0.065306122449,0.427777777778,360
a2c_pointer,0.065306122449,0.430555555556,360
a2c_pointer,0.065306122449,0.433333333333,360
a2c_pointer,0.065306122449,0.436111111111,360
a2c_pointer,0.065306122449,0.438888888889,360
a2c_pointer,0.06875,0.441666666667,360
a2c_pointer,0.06875,0.444444444444,360
a2c_pointer,0.06875,0.447222222222,360
a2c_pointer,0.06875,0.45,360
a2c_pointer,0.06875,0.452777777778,360
a2c_pointer,0.069387755102,0.455555555556,360
a2c_pointer,0.069387755102,0.458333333333,360
a2c_pointer,0.069387755102,0.461111111111,360
a2c_pointer,0.069387755102,0.463888888889,360
a2c_pointer,0.069387755102,0.466666666667,360
a2c_pointer,0.069387755102,0.469444444444,360
a2c_pointer,0.07,0.472222222222,360
a2c_pointer,0.07,0.475,360
a2c_pointer,0.0734693877551,0.477777777778,360
a2c_pointer,0.0734693877551,0.480555555556,360
a2c_pointer,0.075,0.483333333333,360
a2c_pointer,0.075,0.486111111111,360
a2c_pointer,0.075,0.488888888889,360
a2c_pointer,0.075,0.491666666667,360
a2c_pointer,0.075,0.494444444444,360
a2c_pointer,0.075,0.497222222222,360
a2c_pointer,0.075,0.5,360
a2c_pointer,0.075,0.502777777778,360
a2c_pointer,0.075,0.505555555556,360
a2c_pointer,0.075,0.508333333333,360
a2c_pointer,0.075,0.511111111111,360
a2c_pointer,0.075,0.513888888889,360
a2c_pointer,0.075,0.516666666667,360
a2c_pointer,0.0775510204082,0.519444444444,360
a2c_pointer,0.0775510204082,0.522222222222,360
a2c_pointer,0.08,0.525,360
a2c_pointer,0.08,0.527777777778,360
a2c_pointer,0.08,0.530555555556,360
a2c_pointer,0.08,0.533333333333,360
a2c_pointer,0.08125,0.536111111111,360
a2c_pointer,0.08125,0.538888888889,360
a2c_pointer,0.08125,0.541666666667,360
a2c_pointer,0.08125,0.544444444444,360
a2c_pointer,0.08125,0.547222222222,360
a2c_pointer,0.0816326530612,0.55,360
a2c_pointer,0.0816326530612,0.552777777778,360
a2c_pointer,0.0816326530612,0.555555555556,360
a2c_pointer,0.0816326530612,0.558333333333,360
a2c_pointer,0.0816326530612,0.561111111111,360
a2c_pointer,0.085,0.563888888889,360
a2c_pointer,0.085,0.566666666667,360
a2c_pointer,0.085,0.569444444444,360
a2c_pointer,0.085,0.572222222222,360
a2c_pointer,0.085,0.575,360
a2c_pointer,0.0857142857143,0.577777777778,360
a2c_pointer,0.0857142857143,0.580555555556,360
a2c_pointer,0.0857142857143,0.583333333333,360
a2c_pointer,0.0875,0.586111111111,360
a2c_pointer,0.0875,0.588888888889,360
a2c_pointer,0.0875,0.591666666667,360
a2c_pointer,0.0875,0.594444444444,360
a2c_pointer,0.0897959183673,0.597222222222,360
a2c_pointer,0.0897959183673,0.6,360
a2c_pointer,0.0897959183673,0.602777777778,360
a2c_pointer,0.09,0.605555555556,360
a2c_pointer,0.09,0.608333333333,360
a2c_pointer,0.09,0.611111111111,360
a2c_pointer,0.09,0.613888888889,360
a2c_pointer,0.09,0.616666666667,360
a2c_pointer,0.09,0.619444444444,360
a2c_pointer,0.09,0.622222222222,360
a2c_pointer,0.09,0.625,360
a2c_pointer,0.09,0.627777777778,360
a2c_pointer,0.09,0.630555555556,360
a2c_pointer,0.09375,0.633333333333,360
a2c_pointer,0.09375,0.636111111111,360
a2c_pointer,0.09375,0.638888888889,360
a2c_pointer,0.09375,0.641666666667,360
a2c_pointer,0.09375,0.644444444444,360
a2c_pointer,0.09375,0.647222222222,360
a2c_pointer,0.09375,0.65,360
a2c_pointer,0.09375,0.652777777778,360
a2c_pointer,0.09375,0.655555555556,360
a2c_pointer,0.0938775510204,0.658333333333,360
a2c_pointer,0.0938775510204,0.661111111111,360
a2c_pointer,0.0938775510204,0.663888888889,360
a2c_pointer,0.095,0.666666666667,360
a2c_pointer,0.095,0.669444444444,360
a2c_pointer,0.095,0.672222222222,360
a2c_pointer,0.0979591836735,0.675,360
a2c_pointer,0.0979591836735,0.677777777778,360
a2c_pointer,0.1,0.680555555556,360
a2c_pointer,0.1,0.683333333333,360
a2c_pointer,0.1,0.686111111111,360
a2c_pointer,0.1,0.688888888889,360
a2c_pointer,0.1,0.691666666667,360
a2c_pointer,0.1,0.694444444444,360
a2c_pointer,0.1,0.697222222222,360
a2c_pointer,0.1,0.7,360
a2c_pointer,0.1,0.702777777778,360
a2c_pointer,0.102040816327,0.705555555556,360
a2c_pointer,0.102040816327,0.708333333333,360
a2c_pointer,0.102040816327,0.711111111111,360
a2c_pointer,0.105,0.713888888889,360
a2c_pointer,0.105,0.716666666667,360
a2c_pointer,0.105,0.719444444444,360
a2c_pointer,0.105,0.722222222222,360
a2c_pointer,0.10612244898,0.725,360
a2c_pointer,0.10625,0.727777777778,360
a2c_pointer,0.110204081633,0.730555555556,360
a2c_pointer,0.110204081633,0.733333333333,360
a2c_pointer,0.1125,0.736111111111,360
a2c_pointer,0.1125,0.738888888889,360
a2c_pointer,0.1125,0.741666666667,360
a2c_pointer,0.114285714286,0.744444444444,360
a2c_pointer,0.114285714286,0.747222222222,360
a2c_pointer,0.114285714286,0.75,360
a2c_pointer,0.115,0.752777777778,360
a2c_pointer,0.115,0.755555555556,360
a2c_pointer,0.115,0.758333333333,360
a2c_pointer,0.115,0.761111111111,360
a2c_pointer,0.11875,0.763888888889,360
a2c_pointer,0.11875,0.766666666667,360
a2c_pointer,0.11875,0.769444444444,360
a2c_pointer,0.12,0.772222222222,360
a2c_pointer,0.12,0.775,360
a2c_pointer,0.122448979592,0.777777777778,360
a2c_pointer,0.122448979592,0.780555555556,360
a2c_pointer,0.122448979592,0.783333333333,360
a2c_pointer,0.122448979592,0.786111111111,360
a2c_pointer,0.125,0.788888888889,360
a2c_pointer,0.125,0.791666666667,360
a2c_pointer,0.125,0.794444444444,360
a2c_pointer,0.125,0.797222222222,360
a2c_pointer,0.125,0.8,360
a2c_pointer,0.125,0.802777777778,360
a2c_pointer,0.125,0.805555555556,360
a2c_pointer,0.125,0.808333333333,360
a2c_pointer,0.125,0.811111111111,360
a2c_pointer,0.126530612245,0.813888888889,360
a2c_pointer,0.126530612245,0.816666666667,360
a2c_pointer,0.126530612245,0.819444444444,360
a2c_pointer,0.126530612245,0.822222222222,360
a2c_pointer,0.13,0.825,360
a2c_pointer,0.13,0.827777777778,360
a2c_pointer,0.13125,0.830555555556,360
a2c_pointer,0.13125,0.833333333333,360
a2c_pointer,0.135,0.836111111111,360
a2c_pointer,0.135,0.838888888889,360
a2c_pointer,0.138775510204,0.841666666667,360
a2c_pointer,0.14,0.844444444444,360
a2c_pointer,0.14,0.847222222222,360
a2c_pointer,0.14,0.85,360
a2c_pointer,0.14,0.852777777778,360
a2c_pointer,0.142857142857,0.855555555556,360
a2c_pointer,0.142857142857,0.858333333333,360
a2c_pointer,0.14375,0.861111111111,360
a2c_pointer,0.14375,0.863888888889,360
a2c_pointer,0.14693877551,0.866666666667,360
a2c_pointer,0.14693877551,0.869444444444,360
a2c_pointer,0.15,0.872222222222,360
a2c_pointer,0.15,0.875,360
a2c_pointer,0.15,0.877777777778,360
a2c_pointer,0.15,0.880555555556,360
a2c_pointer,0.15,0.883333333333,360
a2c_pointer,0.151020408163,0.886111111111,360
a2c_pointer,0.15625,0.888888888889,360
a2c_pointer,0.15625,0.891666666667,360
a2c_pointer,0.16,0.894444444444,360
a2c_pointer,0.16,0.897222222222,360
a2c_pointer,0.163265306122,0.9,360
a2c_pointer,0.163265306122,0.902777777778,360
a2c_pointer,0.167346938776,0.905555555556,360
a2c_pointer,0.167346938776,0.908333333333,360
a2c_pointer,0.167346938776,0.911111111111,360
a2c_pointer,0.16875,0.913888888889,360
a2c_pointer,0.171428571429,0.916666666667,360
a2c_pointer,0.171428571429,0.919444444444,360
a2c_pointer,0.175,0.922222222222,360
a2c_pointer,0.175,0.925,360
a2c_pointer,0.175,0.927777777778,360
a2c_pointer,0.175,0.930555555556,360
a2c_pointer,0.175,0.933333333333,360
a2c_pointer,0.175,0.936111111111,360
a2c_pointer,0.175510204082,0.938888888889,360
a2c_pointer,0.183673469388,0.941666666667,360
a2c_pointer,0.185,0.944444444444,360
a2c_pointer,0.1875,0.947222222222,360
a2c_pointer,0.187755102041,0.95,360
a2c_pointer,0.19,0.952777777778,360
a2c_pointer,0.191836734694,0.955555555556,360
a2c_pointer,0.2,0.958333333333,360
a2c_pointer,0.20625,0.961111111111,360
a2c_pointer,0.208163265306,0.963888888889,360
a2c_pointer,0.208163265306,0.966666666667,360
a2c_pointer,0.208163265306,0.969444444444,360
a2c_pointer,0.2125,0.972222222222,360
a2c_pointer,0.216326530612,0.975,360
a2c_pointer,0.225,0.977777777778,360
a2c_pointer,0.225,0.980555555556,360
a2c_pointer,0.236734693878,0.983333333333,360
a2c_pointer,0.236734693878,0.986111111111,360
a2c_pointer,0.24,0.988888888889,360
a2c_pointer,0.25,0.991666666667,360
a2c_pointer,0.3,0.994444444444,360
a2c_pointer,0.3,0.997222222222,360
a2c_pointer,0.375,1,360
a_star,0,0.0138888888889,72
a_star,0,0.0277777777778,72
a_star,0,0.0416666666667,72
a_star,0,0.0555555555556,72
a_star,0,0.0694444444444,72
a_star,0,0.0833333333333,72
a_star,0,0.0972222222222,72
a_star,0,0.111111111111,72
a_star,0,0.125,72
a_star,0,0.138888888889,72
a_star,0,0.152777777778,72
a_star,0,0.166666666667,72
a_star,0,0.180555555556,72
a_star,0,0.194444444444,72
a_star,0,0.208333333333,72
a_star,0,0.222222222222,72
a_star,0,0.236111111111,72
a_star,0,0.25,72
a_star,0,0.263888888889,72
a_star,0,0.277777777778,72
a_star,0,0.291666666667,72
a_star,0,0.305555555556,72
a_star,0,0.319444444444,72
a_star,0,0.333333333333,72
a_star,0,0.347222222222,72
a_star,0,0.361111111111,72
a_star,0,0.375,72
a_star,0,0.388888888889,72
a_star,0,0.402777777778,72
a_star,0,0.416666666667,72
a_star,0,0.430555555556,72
a_star,0,0.444444444444,72
a_star,0,0.458333333333,72
a_star,0,0.472222222222,72
a_star,0,0.486111111111,72
a_star,0,0.5,72
a_star,0,0.513888888889,72
a_star,0,0.527777777778,72
a_star,0,0.541666666667,72
a_star,0,0.555555555556,72
a_star,0,0.569444444444,72
a_star,0,0.583333333333,72
a_star,0,0.597222222222,72
a_star,0,0.611111111111,72
a_star,0,0.625,72
a_star,0,0.638888888889,72
a_star,0,0.652777777778,72
a_star,0,0.666666666667,72
a_star,0,0.680555555556,72
a_star,0,0.694444444444,72
a_star,0.03125,0.708333333333,72
a_star,0.0408163265306,0.722222222222,72
a_star,0.0612244897959,0.736111111111,72
a_star,0.075,0.75,72
a_star,0.075,0.763888888889,72
a_star,0.1,0.777777777778,72
a_star,0.125,0.791666666667,72
a_star,0.142857142857,0.805555555556,72
a_star,0.163265306122,0.819444444444,72
a_star,0.175,0.833333333333,72
a_star,0.183673469388,0.847222222222,72
a_star,0.204081632653,0.861111111111,72
a_star,0.265306122449,0.875,72
a_star,0.30612244898,0.888888888889,72
a_star,0.30612244898,0.902777777778,72
a_star,0.326530612245,0.916666666667,72
a_star,0.326530612245,0.930555555556,72
a_star,0.34693877551,0.944444444444,72
a_star,0.387755102041,0.958333333333,72
a_star,0.408163265306,0.972222222222,72
a_star,0.408163265306,0.986111111111,72
a_star,0.448979591837,1,72
aco,0,0.00277777777778,360
aco,0,0.00555555555556,360
aco,0,0.00833333333333,360
aco,0,0.0111111111111,360
aco,0,0.0138888888889,360
aco,0,0.0166666666667,360
aco,0,0.0194444444444,360
aco,0,0.0222222222222,360
aco,0,0.025,360
aco,0,0.0277777777778,360
aco,0,0.0305555555556,360
aco,0,0.0333333333333,360
aco,0,0.0361111111111,360
aco,0,0.0388888888889,360
aco,0,0.0416666666667,360
aco,0,0.0444444444444,360
aco,0,0.0472222222222,360
aco,0,0.05,360
aco,0,0.0527777777778,360
aco,0,0.0555555555556,360
aco,0,0.0583333333333,360
aco,0,0.0611111111111,360
aco,0,0.0638888888889,360
aco,0,0.0666666666667,360
aco,0,0.0694444444444,360
aco,0,0.0722222222222,360
aco,0,0.075,360
aco,0,0.0777777777778,360
aco,0,0.0805555555556,360
aco,0,0.0833333333333,360
aco,0,0.0861111111111,360
aco,0,0.0888888888889,360
aco,0,0.0916666666667,360
aco,0,0.0944444444444,360
aco,0,0.0972222222222,360
aco,0,0.1,360
aco,0,0.102777777778,360
aco,0,0.105555555556,360
aco,0,0.108333333333,360
aco,0,0.111111111111,360
aco,0,0.113888888889,360
aco,0,0.116666666667,360
aco,0,0.119444444444,360
aco,0,0.122222222222,360
aco,0,0.125,360
aco,0,0.127777777778,360
aco,0,0.130555555556,360
aco,0,0.133333333333,360
aco,0,0.136111111111,360
aco,0,0.138888888889,360
aco,0,0.141666666667,360
aco,0,0.144444444444,360
aco,0,0.147222222222,360
aco,0,0.15,360
aco,0,0.152777777778,360
aco,0,0.155555555556,360
aco,0,0.158333333333,360
aco,0,0.161111111111,360
aco,0,0.163888888889,360
aco,0,0.166666666667,360
aco,0,0.169444444444,360
aco,0,0.172222222222,360
aco,0,0.175,360
aco,0,0.177777777778,360
aco,0,0.180555555556,360
aco,0,0.183333333333,360
aco,0,0.186111111111,360
aco,0,0.188888888889,360
aco,0,0.191666666667,360
aco,0,0.194444444444,360
aco,0,0.197222222222,360
aco,0,0.2,360
aco,0,0.202777777778,360
aco,0,0.205555555556,360
aco,0,0.208333333333,360
aco,0,0.211111111111,360
aco,0,0.213888888889,360
aco,0,0.216666666667,360
aco,0,0.219444444444,360
aco,0,0.222222222222,360
aco,0,0.225,360
aco,0,0.227777777778,360
aco,0,0.230555555556,360
aco,0,0.233333333333,360
aco,0,0.236111111111,360
aco,0,0.238888888889,360
aco,0,0.241666666667,360
aco,0,0.244444444444,360
aco,0,0.247222222222,360
aco,0,0.25,360
aco,0,0.252777777778,360
aco,0,0.255555555556,360
aco,0,0.258333333333,360
aco,0,0.261111111111,360
aco,0,0.263888888889,360
aco,0,0.266666666667,360
aco,0,0.269444444444,360
aco,0,0.272222222222,360
aco,0,0.275,360
aco,0,0.277777777778,360
aco,0,0.280555555556,360
aco,0,0.283333333333,360
aco,0,0.286111111111,360
aco,0,0.288888888889,360
aco,0,0.291666666667,360
aco,0,0.294444444444,360
aco,0,0.297222222222,360
aco,0,0.3,360
aco,0,0.302777777778,360
aco,0,0.305555555556,360
aco,5.55111512313e-17,0.308333333333,360
aco,0.00408163265306,0.311111111111,360
aco,0.00408163265306,0.313888888889,360
aco,0.00408163265306,0.316666666667,360
aco,0.00408163265306,0.319444444444,360
aco,0.00408163265306,0.322222222222,360
aco,0.005,0.325,360
aco,0.005,0.327777777778,360
aco,0.005,0.330555555556,360
aco,0.005,0.333333333333,360
aco,0.005,0.336111111111,360
aco,0.005,0.338888888889,360
aco,0.00625,0.341666666667,360
aco,0.00625,0.344444444444,360
aco,0.00625,0.347222222222,360
aco,0.00625,0.35,360
aco,0.00625,0.352777777778,360
aco,0.00625,0.355555555556,360
aco,0.00625,0.358333333333,360
aco,0.00625,0.361111111111,360
aco,0.00625,0.363888888889,360
aco,0.00625,0.366666666667,360
aco,0.00625,0.369444444444,360
aco,0.00625,0.372222222222,360
aco,0.00625,0.375,360
aco,0.00625,0.377777777778,360
aco,0.00625,0.380555555556,360
aco,0.00625,0.383333333333,360
aco,0.00816326530612,0.386111111111,360
aco,0.00816326530612,0.388888888889,360
aco,0.00816326530612,0.391666666667,360
aco,0.00816326530612,0.394444444444,360
aco,0.00816326530612,0.397222222222,360
aco,0.00816326530612,0.4,360
aco,0.00816326530612,0.402777777778,360
aco,0.00816326530612,0.405555555556,360
aco,0.01,0.408333333333,360
aco,0.01,0.411111111111,360
aco,0.01,0.413888888889,360
aco,0.01,0.416666666667,360
aco,0.01,0.419444444444,360
aco,0.01,0.422222222222,360
aco,0.01,0.425,360
aco,0.01,0.427777777778,360
aco,0.01,0.430555555556,360
aco,0.01,0.433333333333,360
aco,0.01,0.436111111111,360
aco,0.01,0.438888888889,360
aco,0.0122448979592,0.441666666667,360
aco,0.0122448979592,0.444444444444,360
aco,0.0122448979592,0.447222222222,360
aco,0.0122448979592,0.45,360
aco,0.0122448979592,0.452777777778,360
aco,0.0125,0.455555555556,360
aco,0.0125,0.458333333333,360
aco,0.0125,0.461111111111,360
aco,0.0125,0.463888888889,360
aco,0.015,0.466666666667,360
aco,0.015,0.469444444444,360
aco,0.015,0.472222222222,360
aco,0.015,0.475,360
aco,0.015,0.477777777778,360
aco,0.015,0.480555555556,360
aco,0.015,0.483333333333,360
aco,0.015,0.486111111111,360
aco,0.015,0.488888888889,360
aco,0.015,0.491666666667,360
aco,0.015,0.494444444444,360
aco,0.0163265306122,0.497222222222,360
aco,0.0163265306122,0.5,360
aco,0.0163265306122,0.502777777778,360
aco,0.0163265306122,0.505555555556,360
aco,0.0163265306122,0.508333333333,360
aco,0.0163265306122,0.511111111111,360
aco,0.0163265306122,0.513888888889,360
aco,0.0163265306122,0.516666666667,360
aco,0.0163265306122,0.519444444444,360
aco,0.0163265306122,0.522222222222,360
aco,0.0163265306122,0.525,360
aco,0.0163265306122,0.527777777778,360
aco,0.01875,0.530555555556,360
aco,0.01875,0.533333333333,360
aco,0.01875,0.536111111111,360
aco,0.01875,0.538888888889,360
aco,0.01875,0.541666666667,360
aco,0.02,0.544444444444,360
aco,0.02,0.547222222222,360
aco,0.02,0.55,360
aco,0.02,0.552777777778,360
aco,0.02,0.555555555556,360
aco,0.02,0.558333333333,360
aco,0.02,0.561111111111,360
aco,0.02,0.563888888889,360
aco,0.02,0.566666666667,360
aco,0.0204081632653,0.569444444444,360
aco,0.0204081632653,0.572222222222,360
aco,0.0204081632653,0.575,360
aco,0.0204081632653,0.577777777778,360
aco,0.0204081632653,0.580555555556,360
aco,0.0204081632653,0.583333333333,360
aco,0.0204081632653,0.586111111111,360
aco,0.0204081632653,0.588888888889,360
aco,0.0204081632653,0.591666666667,360
aco,0.0204081632653,0.594444444444,360
aco,0.0204081632653,0.597222222222,360
aco,0.0204081632653,0.6,360
aco,0.0244897959184,0.602777777778,360
aco,0.0244897959184,0.605555555556,360
aco,0.0244897959184,0.608333333333,360
aco,0.0244897959184,0.611111111111,360
aco,0.0244897959184,0.613888888889,360
aco,0.0244897959184,0.616666666667,360
aco,0.0244897959184,0.619444444444,360
aco,0.025,0.622222222222,360
aco,0.025,0.625,360
aco,0.025,0.627777777778,360
aco,0.025,0.630555555556,360
aco,0.025,0.633333333333,360
aco,0.025,0.636111111111,360
aco,0.025,0.638888888889,360
aco,0.025,0.641666666667,360
aco,0.025,0.644444444444,360
aco,0.025,0.647222222222,360
aco,0.025,0.65,360
aco,0.025,0.652777777778,360
aco,0.025,0.655555555556,360
aco,0.025,0.658333333333,360
aco,0.0285714285714,0.661111111111,360
aco,0.0285714285714,0.663888888889,360
aco,0.0285714285714,0.666666666667,360
aco,0.0285714285714,0.669444444444,360
aco,0.0285714285714,0.672222222222,360
aco,0.03,0.675,360
aco,0.03,0.677777777778,360
aco,0.03,0.680555555556,360
aco,0.03,0.683333333333,360
aco,0.03,0.686111111111,360
aco,0.03,0.688888888889,360
aco,0.03,0.691666666667,360
aco,0.03,0.694444444444,360
aco,0.03,0.697222222222,360
aco,0.03125,0.7,360
aco,0.03125,0.702777777778,360
aco,0.03125,0.705555555556,360
aco,0.03125,0.708333333333,360
aco,0.03125,0.711111111111,360
aco,0.03125,0.713888888889,360
aco,0.03125,0.716666666667,360
aco,0.03125,0.719444444444,360
aco,0.03125,0.722222222222,360
aco,0.03125,0.725,360
aco,0.0326530612245,0.727777777778,360
aco,0.0326530612245,0.730555555556,360
aco,0.0326530612245,0.733333333333,360
aco,0.0326530612245,0.736111111111,360
aco,0.0326530612245,0.738888888889,360
aco,0.0326530612245,0.741666666667,360
aco,0.0326530612245,0.744444444444,360
aco,0.0326530612245,0.747222222222,360
aco,0.035,0.75,360
aco,0.035,0.752777777778,360
aco,0.035,0.755555555556,360
aco,0.035,0.758333333333,360
aco,0.035,0.761111111111,360
aco,0.035,0.763888888889,360
aco,0.035,0.766666666667,360
aco,0.035,0.769444444444,360
aco,0.035,0.772222222222,360
aco,0.035,0.775,360
aco,0.035,0.777777777778,360
aco,0.035,0.780555555556,360
aco,0.035,0.783333333333,360
aco,0.035,0.786111111111,360
aco,0.0367346938776,0.788888888889,360
aco,0.0367346938776,0.791666666667,360
aco,0.0367346938776,0.794444444444,360
aco,0.0367346938776,0.797222222222,360
aco,0.0367346938776,0.8,360
aco,0.0367346938776,0.802777777778,360
aco,0.0367346938776,0.805555555556,360
aco,0.0367346938776,0.808333333333,360
aco,0.0375,0.811111111111,360
aco,0.0375,0.813888888889,360
aco,0.04,0.816666666667,360
aco,0.04,0.819444444444,360
aco,0.04,0.822222222222,360
aco,0.04,0.825,360
aco,0.04,0.827777777778,360
aco,0.04,0.830555555556,360
aco,0.04,0.833333333333,360
aco,0.0408163265306,0.836111111111,360
aco,0.0408163265306,0.838888888889,360
aco,0.0408163265306,0.841666666667,360
aco,0.0408163265306,0.844444444444,360
aco,0.0408163265306,0.847222222222,360
aco,0.0408163265306,0.85,360
aco,0.0408163265306,0.852777777778,360
aco,0.04375,0.855555555556,360
aco,0.04375,0.858333333333,360
aco,0.04375,0.861111111111,360
aco,0.04375,0.863888888889,360
aco,0.04375,0.866666666667,360
aco,0.04375,0.869444444444,360
aco,0.0448979591837,0.872222222222,360
aco,0.0448979591837,0.875,360
aco,0.0448979591837,0.877777777778,360
aco,0.0448979591837,0.880555555556,360
aco,0.045,0.883333333333,360
aco,0.045,0.886111111111,360
aco,0.045,0.888888888889,360
aco,0.0489795918367,0.891666666667,360
aco,0.05,0.894444444444,360
aco,0.05,0.897222222222,360
aco,0.05,0.9,360
aco,0.05,0.902777777778,360
aco,0.05,0.905555555556,360
aco,0.0530612244898,0.908333333333,360
aco,0.0530612244898,0.911111111111,360
aco,0.0530612244898,0.913888888889,360
aco,0.0530612244898,0.916666666667,360
aco,0.0530612244898,0.919444444444,360
aco,0.055,0.922222222222,360
aco,0.055,0.925,360
aco,0.055,0.927777777778,360
aco,0.05625,0.930555555556,360
aco,0.0571428571429,0.933333333333,360
aco,0.0571428571429,0.936111111111,360
aco,0.0571428571429,0.938888888889,360
aco,0.0571428571429,0.941666666667,360
aco,0.06,0.944444444444,360
aco,0.06,0.947222222222,360
aco,0.06,0.95,360
aco,0.06,0.952777777778,360
aco,0.0612244897959,0.955555555556,360
aco,0.0612244897959,0.958333333333,360
aco,0.0612244897959,0.961111111111,360
aco,0.0612244897959,0.963888888889,360
aco,0.0612244897959,0.966666666667,360
aco,0.0625,0.969444444444,360
aco,0.065306122449,0.972222222222,360
aco,0.069387755102,0.975,360
aco,0.07,0.977777777778,360
aco,0.0734693877551,0.980555555556,360
aco,0.0734693877551,0.983333333333,360
aco,0.0775510204082,0.986111111111,360
aco,0.08,0.988888888889,360
aco,0.085,0.991666666667,360
aco,0.0857142857143,0.994444444444,360
aco,0.0938775510204,0.997222222222,360
aco,0.0979591836735,1,360
exact_pareto_dp,0,0.0138888888889,72
exact_pareto_dp,0,0.0277777777778,72
exact_pareto_dp,0,0.0416666666667,72
exact_pareto_dp,0,0.0555555555556,72
exact_pareto_dp,0,0.0694444444444,72
exact_pareto_dp,0,0.0833333333333,72
exact_pareto_dp,0,0.0972222222222,72
exact_pareto_dp,0,0.111111111111,72
exact_pareto_dp,0,0.125,72
exact_pareto_dp,0,0.138888888889,72
exact_pareto_dp,0,0.152777777778,72
exact_pareto_dp,0,0.166666666667,72
exact_pareto_dp,0,0.180555555556,72
exact_pareto_dp,0,0.194444444444,72
exact_pareto_dp,0,0.208333333333,72
exact_pareto_dp,0,0.222222222222,72
exact_pareto_dp,0,0.236111111111,72
exact_pareto_dp,0,0.25,72
exact_pareto_dp,0,0.263888888889,72
exact_pareto_dp,0,0.277777777778,72
exact_pareto_dp,0,0.291666666667,72
exact_pareto_dp,0,0.305555555556,72
exact_pareto_dp,0,0.319444444444,72
exact_pareto_dp,0,0.333333333333,72
exact_pareto_dp,0,0.347222222222,72
exact_pareto_dp,0,0.361111111111,72
exact_pareto_dp,0,0.375,72
exact_pareto_dp,0,0.388888888889,72
exact_pareto_dp,0,0.402777777778,72
exact_pareto_dp,0,0.416666666667,72
exact_pareto_dp,0,0.430555555556,72
exact_pareto_dp,0,0.444444444444,72
exact_pareto_dp,0,0.458333333333,72
exact_pareto_dp,0,0.472222222222,72
exact_pareto_dp,0,0.486111111111,72
exact_pareto_dp,0,0.5,72
exact_pareto_dp,0,0.513888888889,72
exact_pareto_dp,0,0.527777777778,72
exact_pareto_dp,0,0.541666666667,72
exact_pareto_dp,0,0.555555555556,72
exact_pareto_dp,0,0.569444444444,72
exact_pareto_dp,0,0.583333333333,72
exact_pareto_dp,0,0.597222222222,72
exact_pareto_dp,0,0.611111111111,72
exact_pareto_dp,0,0.625,72
exact_pareto_dp,0,0.638888888889,72
exact_pareto_dp,0,0.652777777778,72
exact_pareto_dp,0,0.666666666667,72
exact_pareto_dp,0,0.680555555556,72
exact_pareto_dp,0,0.694444444444,72
exact_pareto_dp,0,0.708333333333,72
exact_pareto_dp,0,0.722222222222,72
exact_pareto_dp,0,0.736111111111,72
exact_pareto_dp,0,0.75,72
exact_pareto_dp,0.05,0.763888888889,72
exact_pareto_dp,0.0816326530612,0.777777777778,72
exact_pareto_dp,0.1,0.791666666667,72
exact_pareto_dp,0.102040816327,0.805555555556,72
exact_pareto_dp,0.163265306122,0.819444444444,72
exact_pareto_dp,0.204081632653,0.833333333333,72
exact_pareto_dp,0.25,0.847222222222,72
exact_pareto_dp,0.265306122449,0.861111111111,72
exact_pareto_dp,0.265306122449,0.875,72
exact_pareto_dp,0.275,0.888888888889,72
exact_pareto_dp,0.285714285714,0.902777777778,72
exact_pareto_dp,0.30612244898,0.916666666667,72
exact_pareto_dp,0.326530612245,0.930555555556,72
exact_pareto_dp,0.34693877551,0.944444444444,72
exact_pareto_dp,0.34693877551,0.958333333333,72
exact_pareto_dp,0.367346938776,0.972222222222,72
exact_pareto_dp,0.387755102041,0.986111111111,72
exact_pareto_dp,0.448979591837,1,72
full,0,0.00277777777778,360
full,0,0.00555555555556,360
full,0,0.00833333333333,360
full,0,0.0111111111111,360
full,0,0.0138888888889,360
full,0,0.0166666666667,360
full,0,0.0194444444444,360
full,0,0.0222222222222,360
full,0,0.025,360
full,0,0.0277777777778,360
full,0,0.0305555555556,360
full,0,0.0333333333333,360
full,0,0.0361111111111,360
full,0,0.0388888888889,360
full,0,0.0416666666667,360
full,0,0.0444444444444,360
full,0,0.0472222222222,360
full,0,0.05,360
full,0,0.0527777777778,360
full,0,0.0555555555556,360
full,0,0.0583333333333,360
full,0,0.0611111111111,360
full,0,0.0638888888889,360
full,0,0.0666666666667,360
full,0.005,0.0694444444444,360
full,0.005,0.0722222222222,360
full,0.00816326530612,0.075,360
full,0.00816326530612,0.0777777777778,360
full,0.00816326530612,0.0805555555556,360
full,0.01,0.0833333333333,360
full,0.0122448979592,0.0861111111111,360
full,0.0122448979592,0.0888888888889,360
full,0.0122448979592,0.0916666666667,360
full,0.0125,0.0944444444444,360
full,0.0125,0.0972222222222,360
full,0.0125,0.1,360
full,0.015,0.102777777778,360
full,0.015,0.105555555556,360
full,0.0163265306122,0.108333333333,360
full,0.01875,0.111111111111,360
full,0.01875,0.113888888889,360
full,0.02,0.116666666667,360
full,0.0204081632653,0.119444444444,360
full,0.0204081632653,0.122222222222,360
full,0.0204081632653,0.125,360
full,0.025,0.127777777778,360
full,0.025,0.130555555556,360
full,0.025,0.133333333333,360
full,0.025,0.136111111111,360
full,0.025,0.138888888889,360
full,0.025,0.141666666667,360
full,0.025,0.144444444444,360
full,0.0285714285714,0.147222222222,360
full,0.03,0.15,360
full,0.03,0.152777777778,360
full,0.03,0.155555555556,360
full,0.03,0.158333333333,360
full,0.03,0.161111111111,360
full,0.03125,0.163888888889,360
full,0.03125,0.166666666667,360
full,0.03125,0.169444444444,360
full,0.03125,0.172222222222,360
full,0.03125,0.175,360
full,0.03125,0.177777777778,360
full,0.03125,0.180555555556,360
full,0.03125,0.183333333333,360
full,0.03125,0.186111111111,360
full,0.03125,0.188888888889,360
full,0.03125,0.191666666667,360
full,0.03125,0.194444444444,360
full,0.03125,0.197222222222,360
full,0.0326530612245,0.2,360
full,0.0326530612245,0.202777777778,360
full,0.035,0.205555555556,360
full,0.0367346938776,0.208333333333,360
full,0.0375,0.211111111111,360
full,0.0375,0.213888888889,360
full,0.04,0.216666666667,360
full,0.04,0.219444444444,360
full,0.0408163265306,0.222222222222,360
full,0.0408163265306,0.225,360
full,0.0408163265306,0.227777777778,360
full,0.0408163265306,0.230555555556,360
full,0.0408163265306,0.233333333333,360
full,0.0408163265306,0.236111111111,360
full,0.0408163265306,0.238888888889,360
full,0.0408163265306,0.241666666667,360
full,0.0408163265306,0.244444444444,360
full,0.0408163265306,0.247222222222,360
full,0.0408163265306,0.25,360
full,0.0408163265306,0.252777777778,360
full,0.04375,0.255555555556,360
full,0.04375,0.258333333333,360
full,0.0448979591837,0.261111111111,360
full,0.0448979591837,0.263888888889,360
full,0.0448979591837,0.266666666667,360
full,0.045,0.269444444444,360
full,0.045,0.272222222222,360
full,0.0489795918367,0.275,360
full,0.0489795918367,0.277777777778,360
full,0.05,0.280555555556,360
full,0.05,0.283333333333,360
full,0.05,0.286111111111,360
full,0.05,0.288888888889,360
full,0.05,0.291666666667,360
full,0.05,0.294444444444,360
full,0.05,0.297222222222,360
full,0.05,0.3,360
full,0.05,0.302777777778,360
full,0.05,0.305555555556,360
full,0.05,0.308333333333,360
full,0.05,0.311111111111,360
full,0.05,0.313888888889,360
full,0.0530612244898,0.316666666667,360
full,0.0530612244898,0.319444444444,360
full,0.0530612244898,0.322222222222,360
full,0.0530612244898,0.325,360
full,0.0530612244898,0.327777777778,360
full,0.055,0.330555555556,360
full,0.055,0.333333333333,360
full,0.055,0.336111111111,360
full,0.05625,0.338888888889,360
full,0.05625,0.341666666667,360
full,0.05625,0.344444444444,360
full,0.05625,0.347222222222,360
full,0.0571428571429,0.35,360
full,0.0571428571429,0.352777777778,360
full,0.0571428571429,0.355555555556,360
full,0.0571428571429,0.358333333333,360
full,0.0571428571429,0.361111111111,360
full,0.06,0.363888888889,360
full,0.06,0.366666666667,360
full,0.06,0.369444444444,360
full,0.06,0.372222222222,360
full,0.06,0.375,360
full,0.0612244897959,0.377777777778,360
full,0.0612244897959,0.380555555556,360
full,0.0612244897959,0.383333333333,360
full,0.0612244897959,0.386111111111,360
full,0.0612244897959,0.388888888889,360
full,0.0625,0.391666666667,360
full,0.0625,0.394444444444,360
full,0.0625,0.397222222222,360
full,0.0625,0.4,360
full,0.0625,0.402777777778,360
full,0.0625,0.405555555556,360
full,0.0625,0.408333333333,360
full,0.065,0.411111111111,360
full,0.065,0.413888888889,360
full,0.065,0.416666666667,360
full,0.065306122449,0.419444444444,360
full,0.065306122449,0.422222222222,360
full,0.065306122449,0.425,360
full,0.06875,0.427777777778,360
full,0.06875,0.430555555556,360
full,0.06875,0.433333333333,360
full,0.06875,0.436111111111,360
full,0.06875,0.438888888889,360
full,0.06875,0.441666666667,360
full,0.06875,0.444444444444,360
full,0.069387755102,0.447222222222,360
full,0.07,0.45,360
full,0.07,0.452777777778,360
full,0.07,0.455555555556,360
full,0.0734693877551,0.458333333333,360
full,0.0734693877551,0.461111111111,360
full,0.0734693877551,0.463888888889,360
full,0.075,0.466666666667,360
full,0.075,0.469444444444,360
full,0.075,0.472222222222,360
full,0.075,0.475,360
full,0.075,0.477777777778,360
full,0.075,0.480555555556,360
full,0.075,0.483333333333,360
full,0.075,0.486111111111,360
full,0.075,0.488888888889,360
full,0.075,0.491666666667,360
full,0.075,0.494444444444,360
full,0.075,0.497222222222,360
full,0.075,0.5,360
full,0.075,0.502777777778,360
full,0.075,0.505555555556,360
full,0.075,0.508333333333,360
full,0.075,0.511111111111,360
full,0.0775510204082,0.513888888889,360
full,0.0775510204082,0.516666666667,360
full,0.0775510204082,0.519444444444,360
full,0.0775510204082,0.522222222222,360
full,0.0775510204082,0.525,360
full,0.08,0.527777777778,360
full,0.08,0.530555555556,360
full,0.08,0.533333333333,360
full,0.08,0.536111111111,360
full,0.08,0.538888888889,360
full,0.08125,0.541666666667,360
full,0.08125,0.544444444444,360
full,0.08125,0.547222222222,360
full,0.08125,0.55,360
full,0.08125,0.552777777778,360
full,0.08125,0.555555555556,360
full,0.08125,0.558333333333,360
full,0.0816326530612,0.561111111111,360
full,0.0816326530612,0.563888888889,360
full,0.0816326530612,0.566666666667,360
full,0.0816326530612,0.569444444444,360
full,0.0816326530612,0.572222222222,360
full,0.0816326530612,0.575,360
full,0.085,0.577777777778,360
full,0.085,0.580555555556,360
full,0.085,0.583333333333,360
full,0.085,0.586111111111,360
full,0.0857142857143,0.588888888889,360
full,0.0857142857143,0.591666666667,360
full,0.0857142857143,0.594444444444,360
full,0.0857142857143,0.597222222222,360
full,0.0857142857143,0.6,360
full,0.0875,0.602777777778,360
full,0.0875,0.605555555556,360
full,0.0875,0.608333333333,360
full,0.0875,0.611111111111,360
full,0.0875,0.613888888889,360
full,0.0875,0.616666666667,360
full,0.0875,0.619444444444,360
full,0.09,0.622222222222,360
full,0.09,0.625,360
full,0.09,0.627777777778,360
full,0.09,0.630555555556,360
full,0.09,0.633333333333,360
full,0.09,0.636111111111,360
full,0.09375,0.638888888889,360
full,0.09375,0.641666666667,360
full,0.09375,0.644444444444,360
full,0.09375,0.647222222222,360
full,0.09375,0.65,360
full,0.09375,0.652777777778,360
full,0.0938775510204,0.655555555556,360
full,0.0938775510204,0.658333333333,360
full,0.0938775510204,0.661111111111,360
full,0.095,0.663888888889,360
full,0.095,0.666666666667,360
full,0.095,0.669444444444,360
full,0.095,0.672222222222,360
full,0.095,0.675,360
full,0.095,0.677777777778,360
full,0.0979591836735,0.680555555556,360
full,0.1,0.683333333333,360
full,0.1,0.686111111111,360
full,0.1,0.688888888889,360
full,0.1,0.691666666667,360
full,0.1,0.694444444444,360
full,0.1,0.697222222222,360
full,0.1,0.7,360
full,0.1,0.702777777778,360
full,0.1,0.705555555556,360
full,0.102040816327,0.708333333333,360
full,0.102040816327,0.711111111111,360
full,0.102040816327,0.713888888889,360
full,0.102040816327,0.716666666667,360
full,0.105,0.719444444444,360
full,0.105,0.722222222222,360
full,0.105,0.725,360
full,0.105,0.727777777778,360
full,0.105,0.730555555556,360
full,0.105,0.733333333333,360
full,0.10612244898,0.736111111111,360
full,0.10612244898,0.738888888889,360
full,0.10612244898,0.741666666667,360
full,0.11,0.744444444444,360
full,0.11,0.747222222222,360
full,0.11,0.75,360
full,0.110204081633,0.752777777778,360
full,0.110204081633,0.755555555556,360
full,0.110204081633,0.758333333333,360
full,0.110204081633,0.761111111111,360
full,0.1125,0.763888888889,360
full,0.1125,0.766666666667,360
full,0.114285714286,0.769444444444,360
full,0.115,0.772222222222,360
full,0.118367346939,0.775,360
full,0.11875,0.777777777778,360
full,0.11875,0.780555555556,360
full,0.11875,0.783333333333,360
full,0.12,0.786111111111,360
full,0.12,0.788888888889,360
full,0.12,0.791666666667,360
full,0.122448979592,0.794444444444,360
full,0.122448979592,0.797222222222,360
full,0.122448979592,0.8,360
full,0.125,0.802777777778,360
full,0.125,0.805555555556,360
full,0.125,0.808333333333,360
full,0.125,0.811111111111,360
full,0.13,0.813888888889,360
full,0.13,0.816666666667,360
full,0.130612244898,0.819444444444,360
full,0.130612244898,0.822222222222,360
full,0.1375,0.825,360
full,0.1375,0.827777777778,360
full,0.1375,0.830555555556,360
full,0.14,0.833333333333,360
full,0.14,0.836111111111,360
full,0.142857142857,0.838888888889,360
full,0.14375,0.841666666667,360
full,0.145,0.844444444444,360
full,0.14693877551,0.847222222222,360
full,0.14693877551,0.85,360
full,0.14693877551,0.852777777778,360
full,0.15,0.855555555556,360
full,0.15,0.858333333333,360
full,0.15,0.861111111111,360
full,0.15,0.863888888889,360
full,0.15,0.866666666667,360
full,0.15,0.869444444444,360
full,0.15,0.872222222222,360
full,0.15,0.875,360
full,0.151020408163,0.877777777778,360
full,0.151020408163,0.880555555556,360
full,0.151020408163,0.883333333333,360
full,0.151020408163,0.886111111111,360
full,0.155,0.888888888889,360
full,0.155102040816,0.891666666667,360
full,0.15625,0.894444444444,360
full,0.15625,0.897222222222,360
full,0.16,0.9,360
full,0.16,0.902777777778,360
full,0.16,0.905555555556,360
full,0.1625,0.908333333333,360
full,0.163265306122,0.911111111111,360
full,0.167346938776,0.913888888889,360
full,0.167346938776,0.916666666667,360
full,0.16875,0.919444444444,360
full,0.17,0.922222222222,360
full,0.171428571429,0.925,360
full,0.175,0.927777777778,360
full,0.175,0.930555555556,360
full,0.175,0.933333333333,360
full,0.179591836735,0.936111111111,360
full,0.179591836735,0.938888888889,360
full,0.179591836735,0.941666666667,360
full,0.18125,0.944444444444,360
full,0.183673469388,0.947222222222,360
full,0.1875,0.95,360
full,0.1875,0.952777777778,360
full,0.187755102041,0.955555555556,360
full,0.2,0.958333333333,360
full,0.2,0.961111111111,360
full,0.208163265306,0.963888888889,360
full,0.212244897959,0.966666666667,360
full,0.215,0.969444444444,360
full,0.216326530612,0.972222222222,360
full,0.22,0.975,360
full,0.224489795918,0.977777777778,360
full,0.225,0.980555555556,360
full,0.232653061224,0.983333333333,360
full,0.24,0.986111111111,360
full,0.240816326531,0.988888888889,360
full,0.261224489796,0.991666666667,360
full,0.305,0.994444444444,360
full,0.30625,0.997222222222,360
full,0.375,1,360
ga,0,0.00462962962963,216
ga,0,0.00925925925926,216
ga,0,0.0138888888889,216
ga,0,0.0185185185185,216
ga,0,0.0231481481481,216
ga,0,0.0277777777778,216
ga,0,0.0324074074074,216
ga,0.005,0.037037037037,216
ga,0.00625,0.0416666666667,216
ga,0.01,0.0462962962963,216
ga,0.01,0.0509259259259,216
ga,0.0125,0.0555555555556,216
ga,0.0125,0.0601851851852,216
ga,0.01875,0.0648148148148,216
ga,0.02,0.0694444444444,216
ga,0.02,0.0740740740741,216
ga,0.0204081632653,0.0787037037037,216
ga,0.0244897959184,0.0833333333333,216
ga,0.0244897959184,0.087962962963,216
ga,0.025,0.0925925925926,216
ga,0.025,0.0972222222222,216
ga,0.025,0.101851851852,216
ga,0.025,0.106481481481,216
ga,0.0285714285714,0.111111111111,216
ga,0.03,0.115740740741,216
ga,0.03,0.12037037037,216
ga,0.03125,0.125,216
ga,0.03125,0.12962962963,216
ga,0.03125,0.134259259259,216
ga,0.03125,0.138888888889,216
ga,0.0326530612245,0.143518518519,216
ga,0.0326530612245,0.148148148148,216
ga,0.0367346938776,0.152777777778,216
ga,0.0375,0.157407407407,216
ga,0.0375,0.162037037037,216
ga,0.0375,0.166666666667,216
ga,0.04,0.171296296296,216
ga,0.04,0.175925925926,216
ga,0.04,0.180555555556,216
ga,0.04,0.185185185185,216
ga,0.04,0.189814814815,216
ga,0.04,0.194444444444,216
ga,0.04375,0.199074074074,216
ga,0.04375,0.203703703704,216
ga,0.04375,0.208333333333,216
ga,0.04375,0.212962962963,216
ga,0.04375,0.217592592593,216
ga,0.04375,0.222222222222,216
ga,0.04375,0.226851851852,216
ga,0.0448979591837,0.231481481481,216
ga,0.0448979591837,0.236111111111,216
ga,0.045,0.240740740741,216
ga,0.045,0.24537037037,216
ga,0.045,0.25,216
ga,0.045,0.25462962963,216
ga,0.0489795918367,0.259259259259,216
ga,0.0489795918367,0.263888888889,216
ga,0.05,0.268518518519,216
ga,0.05,0.273148148148,216
ga,0.05,0.277777777778,216
ga,0.05,0.282407407407,216
ga,0.05,0.287037037037,216
ga,0.05,0.291666666667,216
ga,0.05,0.296296296296,216
ga,0.05,0.300925925926,216
ga,0.05,0.305555555556,216
ga,0.0530612244898,0.310185185185,216
ga,0.0530612244898,0.314814814815,216
ga,0.055,0.319444444444,216
ga,0.05625,0.324074074074,216
ga,0.05625,0.328703703704,216
ga,0.05625,0.333333333333,216
ga,0.05625,0.337962962963,216
ga,0.05625,0.342592592593,216
ga,0.05625,0.347222222222,216
ga,0.05625,0.351851851852,216
ga,0.0571428571429,0.356481481481,216
ga,0.06,0.361111111111,216
ga,0.06,0.365740740741,216
ga,0.06,0.37037037037,216
ga,0.0612244897959,0.375,216
ga,0.0625,0.37962962963,216
ga,0.0625,0.384259259259,216
ga,0.0625,0.388888888889,216
ga,0.0625,0.393518518519,216
ga,0.065,0.398148148148,216
ga,0.065,0.402777777778,216
ga,0.065,0.407407407407,216
ga,0.065306122449,0.412037037037,216
ga,0.065306122449,0.416666666667,216
ga,0.065306122449,0.421296296296,216
ga,0.06875,0.425925925926,216
ga,0.06875,0.430555555556,216
ga,0.06875,0.435185185185,216
ga,0.069387755102,0.439814814815,216
ga,0.069387755102,0.444444444444,216
ga,0.07,0.449074074074,216
ga,0.0734693877551,0.453703703704,216
ga,0.0734693877551,0.458333333333,216
ga,0.075,0.462962962963,216
ga,0.075,0.467592592593,216
ga,0.075,0.472222222222,216
ga,0.075,0.476851851852,216
ga,0.075,0.481481481481,216
ga,0.075,0.486111111111,216
ga,0.075,0.490740740741,216
ga,0.075,0.49537037037,216
ga,0.075,0.5,216
ga,0.075,0.50462962963,216
ga,0.0775510204082,0.509259259259,216
ga,0.0775510204082,0.513888888889,216
ga,0.0775510204082,0.518518518519,216
ga,0.0775510204082,0.523148148148,216
ga,0.08,0.527777777778,216
ga,0.08,0.532407407407,216
ga,0.08,0.537037037037,216
ga,0.08125,0.541666666667,216
ga,0.08125,0.546296296296,216
ga,0.08125,0.550925925926,216
ga,0.0816326530612,0.555555555556,216
ga,0.0816326530612,0.560185185185,216
ga,0.0816326530612,0.564814814815,216
ga,0.0816326530612,0.569444444444,216
ga,0.085,0.574074074074,216
ga,0.085,0.578703703704,216
ga,0.085,0.583333333333,216
ga,0.0857142857143,0.587962962963,216
ga,0.0857142857143,0.592592592593,216
ga,0.0857142857143,0.597222222222,216
ga,0.0857142857143,0.601851851852,216
ga,0.0875,0.606481481481,216
ga,0.0875,0.611111111111,216
ga,0.0897959183673,0.615740740741,216
ga,0.0897959183673,0.62037037037,216
ga,0.0897959183673,0.625,216
ga,0.09,0.62962962963,216
ga,0.09375,0.634259259259,216
ga,0.09375,0.638888888889,216
ga,0.09375,0.643518518519,216
ga,0.09375,0.648148148148,216
ga,0.0938775510204,0.652777777778,216
ga,0.095,0.657407407407,216
ga,0.095,0.662037037037,216
ga,0.095,0.666666666667,216
ga,0.0979591836735,0.671296296296,216
ga,0.1,0.675925925926,216
ga,0.1,0.680555555556,216
ga,0.1,0.685185185185,216
ga,0.1,0.689814814815,216
ga,0.1,0.694444444444,216
ga,0.102040816327,0.699074074074,216
ga,0.102040816327,0.703703703704,216
ga,0.102040816327,0.708333333333,216
ga,0.105,0.712962962963,216
ga,0.105,0.717592592593,216
ga,0.105,0.722222222222,216
ga,0.10612244898,0.726851851852,216
ga,0.10612244898,0.731481481481,216
ga,0.10612244898,0.736111111111,216
ga,0.10625,0.740740740741,216
ga,0.10625,0.74537037037,216
ga,0.10625,0.75,216
ga,0.11,0.75462962963,216
ga,0.110204081633,0.759259259259,216
ga,0.1125,0.763888888889,216
ga,0.1125,0.768518518519,216
ga,0.1125,0.773148148148,216
ga,0.114285714286,0.777777777778,216
ga,0.114285714286,0.782407407407,216
ga,0.114285714286,0.787037037037,216
ga,0.115,0.791666666667,216
ga,0.115,0.796296296296,216
ga,0.115,0.800925925926,216
ga,0.118367346939,0.805555555556,216
ga,0.11875,0.810185185185,216
ga,0.11875,0.814814814815,216
ga,0.12,0.819444444444,216
ga,0.12,0.824074074074,216
ga,0.122448979592,0.828703703704,216
ga,0.125,0.833333333333,216
ga,0.125,0.837962962963,216
ga,0.126530612245,0.842592592593,216
ga,0.134693877551,0.847222222222,216
ga,0.134693877551,0.851851851852,216
ga,0.134693877551,0.856481481481,216
ga,0.138775510204,0.861111111111,216
ga,0.138775510204,0.865740740741,216
ga,0.138775510204,0.87037037037,216
ga,0.14,0.875,216
ga,0.14,0.87962962963,216
ga,0.142857142857,0.884259259259,216
ga,0.142857142857,0.888888888889,216
ga,0.142857142857,0.893518518519,216
ga,0.142857142857,0.898148148148,216
ga,0.14375,0.902777777778,216
ga,0.145,0.907407407407,216
ga,0.155,0.912037037037,216
ga,0.155102040816,0.916666666667,216
ga,0.159183673469,0.921296296296,216
ga,0.163265306122,0.925925925926,216
ga,0.165,0.930555555556,216
ga,0.167346938776,0.935185185185,216
ga,0.171428571429,0.939814814815,216
ga,0.175,0.944444444444,216
ga,0.183673469388,0.949074074074,216
ga,0.1875,0.953703703704,216
ga,0.195,0.958333333333,216
ga,0.195918367347,0.962962962963,216
ga,0.205,0.967592592593,216
ga,0.22,0.972222222222,216
ga,0.225,0.976851851852,216
ga,0.23,0.981481481481,216
ga,0.24,0.986111111111,216
ga,0.265306122449,0.990740740741,216
ga,0.325,0.99537037037,216
ga,0.34693877551,1,216
milp,0,0.00277777777778,360
milp,0,0.00555555555556,360
milp,0,0.00833333333333,360
milp,0,0.0111111111111,360
milp,0,0.0138888888889,360
milp,0,0.0166666666667,360
milp,0,0.0194444444444,360
milp,0,0.0222222222222,360
milp,0,0.025,360
milp,0,0.0277777777778,360
milp,0,0.0305555555556,360
milp,0,0.0333333333333,360
milp,0,0.0361111111111,360
milp,0,0.0388888888889,360
milp,0,0.0416666666667,360
milp,0,0.0444444444444,360
milp,0,0.0472222222222,360
milp,0,0.05,360
milp,0,0.0527777777778,360
milp,0,0.0555555555556,360
milp,0,0.0583333333333,360
milp,0,0.0611111111111,360
milp,0,0.0638888888889,360
milp,0,0.0666666666667,360
milp,0,0.0694444444444,360
milp,0,0.0722222222222,360
milp,0,0.075,360
milp,0,0.0777777777778,360
milp,0,0.0805555555556,360
milp,0,0.0833333333333,360
milp,0,0.0861111111111,360
milp,0,0.0888888888889,360
milp,0,0.0916666666667,360
milp,0,0.0944444444444,360
milp,0,0.0972222222222,360
milp,0,0.1,360
milp,0,0.102777777778,360
milp,0,0.105555555556,360
milp,0,0.108333333333,360
milp,0,0.111111111111,360
milp,0,0.113888888889,360
milp,0,0.116666666667,360
milp,0,0.119444444444,360
milp,0,0.122222222222,360
milp,0,0.125,360
milp,0,0.127777777778,360
milp,0,0.130555555556,360
milp,0,0.133333333333,360
milp,0,0.136111111111,360
milp,0,0.138888888889,360
milp,0,0.141666666667,360
milp,0,0.144444444444,360
milp,0,0.147222222222,360
milp,0,0.15,360
milp,0,0.152777777778,360
milp,0,0.155555555556,360
milp,0,0.158333333333,360
milp,0,0.161111111111,360
milp,0,0.163888888889,360
milp,0,0.166666666667,360
milp,0,0.169444444444,360
milp,0,0.172222222222,360
milp,0,0.175,360
milp,0,0.177777777778,360
milp,0,0.180555555556,360
milp,0,0.183333333333,360
milp,0,0.186111111111,360
milp,0,0.188888888889,360
milp,0,0.191666666667,360
milp,0,0.194444444444,360
milp,0,0.197222222222,360
milp,0,0.2,360
milp,0,0.202777777778,360
milp,0,0.205555555556,360
milp,0,0.208333333333,360
milp,0,0.211111111111,360
milp,0,0.213888888889,360
milp,0,0.216666666667,360
milp,0,0.219444444444,360
milp,0,0.222222222222,360
milp,0,0.225,360
milp,0,0.227777777778,360
milp,0,0.230555555556,360
milp,0,0.233333333333,360
milp,0,0.236111111111,360
milp,0,0.238888888889,360
milp,0,0.241666666667,360
milp,0,0.244444444444,360
milp,0,0.247222222222,360
milp,0,0.25,360
milp,0,0.252777777778,360
milp,0,0.255555555556,360
milp,0,0.258333333333,360
milp,0,0.261111111111,360
milp,0,0.263888888889,360
milp,0,0.266666666667,360
milp,0,0.269444444444,360
milp,0,0.272222222222,360
milp,0,0.275,360
milp,0,0.277777777778,360
milp,0,0.280555555556,360
milp,0,0.283333333333,360
milp,0,0.286111111111,360
milp,0,0.288888888889,360
milp,0,0.291666666667,360
milp,0,0.294444444444,360
milp,0,0.297222222222,360
milp,0,0.3,360
milp,0,0.302777777778,360
milp,0,0.305555555556,360
milp,0,0.308333333333,360
milp,0,0.311111111111,360
milp,0,0.313888888889,360
milp,0,0.316666666667,360
milp,0,0.319444444444,360
milp,0,0.322222222222,360
milp,0,0.325,360
milp,0,0.327777777778,360
milp,0,0.330555555556,360
milp,0,0.333333333333,360
milp,0,0.336111111111,360
milp,0,0.338888888889,360
milp,0,0.341666666667,360
milp,0,0.344444444444,360
milp,0,0.347222222222,360
milp,0,0.35,360
milp,0,0.352777777778,360
milp,0,0.355555555556,360
milp,0,0.358333333333,360
milp,0,0.361111111111,360
milp,0,0.363888888889,360
milp,0,0.366666666667,360
milp,0,0.369444444444,360
milp,0,0.372222222222,360
milp,0,0.375,360
milp,0,0.377777777778,360
milp,0,0.380555555556,360
milp,0,0.383333333333,360
milp,0,0.386111111111,360
milp,0,0.388888888889,360
milp,0,0.391666666667,360
milp,0,0.394444444444,360
milp,0,0.397222222222,360
milp,0,0.4,360
milp,0,0.402777777778,360
milp,0,0.405555555556,360
milp,0,0.408333333333,360
milp,0,0.411111111111,360
milp,0,0.413888888889,360
milp,0,0.416666666667,360
milp,0,0.419444444444,360
milp,0,0.422222222222,360
milp,0,0.425,360
milp,0,0.427777777778,360
milp,0,0.430555555556,360
milp,0,0.433333333333,360
milp,0,0.436111111111,360
milp,0,0.438888888889,360
milp,0,0.441666666667,360
milp,0,0.444444444444,360
milp,0,0.447222222222,360
milp,0,0.45,360
milp,0,0.452777777778,360
milp,0,0.455555555556,360
milp,0,0.458333333333,360
milp,0,0.461111111111,360
milp,0,0.463888888889,360
milp,0,0.466666666667,360
milp,0,0.469444444444,360
milp,0,0.472222222222,360
milp,0,0.475,360
milp,0,0.477777777778,360
milp,0,0.480555555556,360
milp,0,0.483333333333,360
milp,0,0.486111111111,360
milp,0,0.488888888889,360
milp,0,0.491666666667,360
milp,0,0.494444444444,360
milp,0,0.497222222222,360
milp,0,0.5,360
milp,0,0.502777777778,360
milp,0,0.505555555556,360
milp,0,0.508333333333,360
milp,0,0.511111111111,360
milp,0,0.513888888889,360
milp,0,0.516666666667,360
milp,0,0.519444444444,360
milp,0,0.522222222222,360
milp,0,0.525,360
milp,0,0.527777777778,360
milp,0,0.530555555556,360
milp,0,0.533333333333,360
milp,0,0.536111111111,360
milp,0,0.538888888889,360
milp,0,0.541666666667,360
milp,0,0.544444444444,360
milp,0,0.547222222222,360
milp,0,0.55,360
milp,0,0.552777777778,360
milp,0,0.555555555556,360
milp,0,0.558333333333,360
milp,0,0.561111111111,360
milp,0,0.563888888889,360
milp,0,0.566666666667,360
milp,0,0.569444444444,360
milp,0,0.572222222222,360
milp,0,0.575,360
milp,0,0.577777777778,360
milp,0,0.580555555556,360
milp,0,0.583333333333,360
milp,0,0.586111111111,360
milp,0,0.588888888889,360
milp,0,0.591666666667,360
milp,0,0.594444444444,360
milp,0,0.597222222222,360
milp,0,0.6,360
milp,0,0.602777777778,360
milp,0,0.605555555556,360
milp,0,0.608333333333,360
milp,0,0.611111111111,360
milp,0,0.613888888889,360
milp,0,0.616666666667,360
milp,0,0.619444444444,360
milp,0,0.622222222222,360
milp,0,0.625,360
milp,0,0.627777777778,360
milp,0,0.630555555556,360
milp,0,0.633333333333,360
milp,0,0.636111111111,360
milp,0,0.638888888889,360
milp,0,0.641666666667,360
milp,0,0.644444444444,360
milp,0,0.647222222222,360
milp,0,0.65,360
milp,0,0.652777777778,360
milp,0,0.655555555556,360
milp,0,0.658333333333,360
milp,0,0.661111111111,360
milp,0,0.663888888889,360
milp,0,0.666666666667,360
milp,0,0.669444444444,360
milp,0,0.672222222222,360
milp,0,0.675,360
milp,0,0.677777777778,360
milp,0,0.680555555556,360
milp,0,0.683333333333,360
milp,0,0.686111111111,360
milp,0,0.688888888889,360
milp,0,0.691666666667,360
milp,0,0.694444444444,360
milp,0,0.697222222222,360
milp,0,0.7,360
milp,0,0.702777777778,360
milp,0,0.705555555556,360
milp,0,0.708333333333,360
milp,0,0.711111111111,360
milp,0,0.713888888889,360
milp,0,0.716666666667,360
milp,0,0.719444444444,360
milp,0,0.722222222222,360
milp,0,0.725,360
milp,0,0.727777777778,360
milp,0,0.730555555556,360
milp,0,0.733333333333,360
milp,0,0.736111111111,360
milp,0,0.738888888889,360
milp,0,0.741666666667,360
milp,0,0.744444444444,360
milp,0,0.747222222222,360
milp,0,0.75,360
milp,0,0.752777777778,360
milp,0,0.755555555556,360
milp,0,0.758333333333,360
milp,0,0.761111111111,360
milp,0,0.763888888889,360
milp,0,0.766666666667,360
milp,0,0.769444444444,360
milp,0,0.772222222222,360
milp,0,0.775,360
milp,0,0.777777777778,360
milp,0,0.780555555556,360
milp,0,0.783333333333,360
milp,0,0.786111111111,360
milp,0,0.788888888889,360
milp,0,0.791666666667,360
milp,0,0.794444444444,360
milp,0,0.797222222222,360
milp,0,0.8,360
milp,0,0.802777777778,360
milp,0,0.805555555556,360
milp,0,0.808333333333,360
milp,0,0.811111111111,360
milp,0,0.813888888889,360
milp,0,0.816666666667,360
milp,0,0.819444444444,360
milp,0,0.822222222222,360
milp,0,0.825,360
milp,0,0.827777777778,360
milp,0,0.830555555556,360
milp,0,0.833333333333,360
milp,0,0.836111111111,360
milp,0,0.838888888889,360
milp,0,0.841666666667,360
milp,0,0.844444444444,360
milp,0,0.847222222222,360
milp,0,0.85,360
milp,0,0.852777777778,360
milp,0,0.855555555556,360
milp,0,0.858333333333,360
milp,0,0.861111111111,360
milp,0,0.863888888889,360
milp,0,0.866666666667,360
milp,0,0.869444444444,360
milp,0,0.872222222222,360
milp,0,0.875,360
milp,0,0.877777777778,360
milp,0,0.880555555556,360
milp,0,0.883333333333,360
milp,0,0.886111111111,360
milp,0,0.888888888889,360
milp,0,0.891666666667,360
milp,0,0.894444444444,360
milp,0,0.897222222222,360
milp,0,0.9,360
milp,0,0.902777777778,360
milp,0,0.905555555556,360
milp,0,0.908333333333,360
milp,0,0.911111111111,360
milp,0,0.913888888889,360
milp,0,0.916666666667,360
milp,0,0.919444444444,360
milp,0,0.922222222222,360
milp,0,0.925,360
milp,0,0.927777777778,360
milp,0,0.930555555556,360
milp,0,0.933333333333,360
milp,0,0.936111111111,360
milp,0,0.938888888889,360
milp,0,0.941666666667,360
milp,0,0.944444444444,360
milp,0,0.947222222222,360
milp,0,0.95,360
milp,0,0.952777777778,360
milp,0,0.955555555556,360
milp,0,0.958333333333,360
milp,0,0.961111111111,360
milp,0,0.963888888889,360
milp,0,0.966666666667,360
milp,0,0.969444444444,360
milp,0,0.972222222222,360
milp,0,0.975,360
milp,0,0.977777777778,360
milp,0,0.980555555556,360
milp,0,0.983333333333,360
milp,0,0.986111111111,360
milp,0,0.988888888889,360
milp,0,0.991666666667,360
milp,0,0.994444444444,360
milp,0.00408163265306,0.997222222222,360
milp,0.00408163265306,1,360
nearest_feasible,0,0.00277777777778,360
nearest_feasible,0,0.00555555555556,360
nearest_feasible,0,0.00833333333333,360
nearest_feasible,0,0.0111111111111,360
nearest_feasible,0,0.0138888888889,360
nearest_feasible,0,0.0166666666667,360
nearest_feasible,0,0.0194444444444,360
nearest_feasible,0,0.0222222222222,360
nearest_feasible,0,0.025,360
nearest_feasible,0,0.0277777777778,360
nearest_feasible,0,0.0305555555556,360
nearest_feasible,0,0.0333333333333,360
nearest_feasible,0,0.0361111111111,360
nearest_feasible,0,0.0388888888889,360
nearest_feasible,0,0.0416666666667,360
nearest_feasible,0,0.0444444444444,360
nearest_feasible,0,0.0472222222222,360
nearest_feasible,0,0.05,360
nearest_feasible,0,0.0527777777778,360
nearest_feasible,0,0.0555555555556,360
nearest_feasible,0,0.0583333333333,360
nearest_feasible,0,0.0611111111111,360
nearest_feasible,0,0.0638888888889,360
nearest_feasible,0,0.0666666666667,360
nearest_feasible,0,0.0694444444444,360
nearest_feasible,0,0.0722222222222,360
nearest_feasible,0,0.075,360
nearest_feasible,0,0.0777777777778,360
nearest_feasible,0,0.0805555555556,360
nearest_feasible,0,0.0833333333333,360
nearest_feasible,0,0.0861111111111,360
nearest_feasible,0,0.0888888888889,360
nearest_feasible,0,0.0916666666667,360
nearest_feasible,0.00408163265306,0.0944444444444,360
nearest_feasible,0.0204081632653,0.0972222222222,360
nearest_feasible,0.0204081632653,0.1,360
nearest_feasible,0.0204081632653,0.102777777778,360
nearest_feasible,0.0204081632653,0.105555555556,360
nearest_feasible,0.0204081632653,0.108333333333,360
nearest_feasible,0.025,0.111111111111,360
nearest_feasible,0.025,0.113888888889,360
nearest_feasible,0.025,0.116666666667,360
nearest_feasible,0.025,0.119444444444,360
nearest_feasible,0.025,0.122222222222,360
nearest_feasible,0.025,0.125,360
nearest_feasible,0.025,0.127777777778,360
nearest_feasible,0.025,0.130555555556,360
nearest_feasible,0.025,0.133333333333,360
nearest_feasible,0.025,0.136111111111,360
nearest_feasible,0.025,0.138888888889,360
nearest_feasible,0.025,0.141666666667,360
nearest_feasible,0.025,0.144444444444,360
nearest_feasible,0.025,0.147222222222,360
nearest_feasible,0.025,0.15,360
nearest_feasible,0.025,0.152777777778,360
nearest_feasible,0.03125,0.155555555556,360
nearest_feasible,0.03125,0.158333333333,360
nearest_feasible,0.03125,0.161111111111,360
nearest_feasible,0.03125,0.163888888889,360
nearest_feasible,0.03125,0.166666666667,360
nearest_feasible,0.03125,0.169444444444,360
nearest_feasible,0.03125,0.172222222222,360
nearest_feasible,0.03125,0.175,360
nearest_feasible,0.03125,0.177777777778,360
nearest_feasible,0.03125,0.180555555556,360
nearest_feasible,0.03125,0.183333333333,360
nearest_feasible,0.03125,0.186111111111,360
nearest_feasible,0.0408163265306,0.188888888889,360
nearest_feasible,0.0408163265306,0.191666666667,360
nearest_feasible,0.0408163265306,0.194444444444,360
nearest_feasible,0.0408163265306,0.197222222222,360
nearest_feasible,0.0408163265306,0.2,360
nearest_feasible,0.0408163265306,0.202777777778,360
nearest_feasible,0.0408163265306,0.205555555556,360
nearest_feasible,0.0408163265306,0.208333333333,360
nearest_feasible,0.0408163265306,0.211111111111,360
nearest_feasible,0.0408163265306,0.213888888889,360
nearest_feasible,0.0408163265306,0.216666666667,360
nearest_feasible,0.0408163265306,0.219444444444,360
nearest_feasible,0.0408163265306,0.222222222222,360
nearest_feasible,0.0408163265306,0.225,360
nearest_feasible,0.0408163265306,0.227777777778,360
nearest_feasible,0.0408163265306,0.230555555556,360
nearest_feasible,0.0408163265306,0.233333333333,360
nearest_feasible,0.0408163265306,0.236111111111,360
nearest_feasible,0.05,0.238888888889,360
nearest_feasible,0.05,0.241666666667,360
nearest_feasible,0.05,0.244444444444,360
nearest_feasible,0.05,0.247222222222,360
nearest_feasible,0.05,0.25,360
nearest_feasible,0.05,0.252777777778,360
nearest_feasible,0.05,0.255555555556,360
nearest_feasible,0.05,0.258333333333,360
nearest_feasible,0.05,0.261111111111,360
nearest_feasible,0.05,0.263888888889,360
nearest_feasible,0.05,0.266666666667,360
nearest_feasible,0.05,0.269444444444,360
nearest_feasible,0.05,0.272222222222,360
nearest_feasible,0.05,0.275,360
nearest_feasible,0.05,0.277777777778,360
nearest_feasible,0.05,0.280555555556,360
nearest_feasible,0.05,0.283333333333,360
nearest_feasible,0.05,0.286111111111,360
nearest_feasible,0.0612244897959,0.288888888889,360
nearest_feasible,0.0612244897959,0.291666666667,360
nearest_feasible,0.0612244897959,0.294444444444,360
nearest_feasible,0.0612244897959,0.297222222222,360
nearest_feasible,0.0612244897959,0.3,360
nearest_feasible,0.0612244897959,0.302777777778,360
nearest_feasible,0.0612244897959,0.305555555556,360
nearest_feasible,0.0612244897959,0.308333333333,360
nearest_feasible,0.0625,0.311111111111,360
nearest_feasible,0.0625,0.313888888889,360
nearest_feasible,0.0625,0.316666666667,360
nearest_feasible,0.0625,0.319444444444,360
nearest_feasible,0.0625,0.322222222222,360
nearest_feasible,0.0625,0.325,360
nearest_feasible,0.0625,0.327777777778,360
nearest_feasible,0.0625,0.330555555556,360
nearest_feasible,0.0625,0.333333333333,360
nearest_feasible,0.0625,0.336111111111,360
nearest_feasible,0.0625,0.338888888889,360
nearest_feasible,0.0625,0.341666666667,360
nearest_feasible,0.0625,0.344444444444,360
nearest_feasible,0.0625,0.347222222222,360
nearest_feasible,0.0625,0.35,360
nearest_feasible,0.0625,0.352777777778,360
nearest_feasible,0.0625,0.355555555556,360
nearest_feasible,0.0625,0.358333333333,360
nearest_feasible,0.0625,0.361111111111,360
nearest_feasible,0.0625,0.363888888889,360
nearest_feasible,0.0625,0.366666666667,360
nearest_feasible,0.075,0.369444444444,360
nearest_feasible,0.075,0.372222222222,360
nearest_feasible,0.075,0.375,360
nearest_feasible,0.075,0.377777777778,360
nearest_feasible,0.075,0.380555555556,360
nearest_feasible,0.075,0.383333333333,360
nearest_feasible,0.075,0.386111111111,360
nearest_feasible,0.075,0.388888888889,360
nearest_feasible,0.075,0.391666666667,360
nearest_feasible,0.075,0.394444444444,360
nearest_feasible,0.075,0.397222222222,360
nearest_feasible,0.075,0.4,360
nearest_feasible,0.075,0.402777777778,360
nearest_feasible,0.075,0.405555555556,360
nearest_feasible,0.0816326530612,0.408333333333,360
nearest_feasible,0.0816326530612,0.411111111111,360
nearest_feasible,0.0816326530612,0.413888888889,360
nearest_feasible,0.0816326530612,0.416666666667,360
nearest_feasible,0.0816326530612,0.419444444444,360
nearest_feasible,0.0816326530612,0.422222222222,360
nearest_feasible,0.0816326530612,0.425,360
nearest_feasible,0.0816326530612,0.427777777778,360
nearest_feasible,0.0816326530612,0.430555555556,360
nearest_feasible,0.0816326530612,0.433333333333,360
nearest_feasible,0.0816326530612,0.436111111111,360
nearest_feasible,0.0816326530612,0.438888888889,360
nearest_feasible,0.0816326530612,0.441666666667,360
nearest_feasible,0.0816326530612,0.444444444444,360
nearest_feasible,0.0816326530612,0.447222222222,360
nearest_feasible,0.0816326530612,0.45,360
nearest_feasible,0.09375,0.452777777778,360
nearest_feasible,0.09375,0.455555555556,360
nearest_feasible,0.09375,0.458333333333,360
nearest_feasible,0.09375,0.461111111111,360
nearest_feasible,0.09375,0.463888888889,360
nearest_feasible,0.09375,0.466666666667,360
nearest_feasible,0.09375,0.469444444444,360
nearest_feasible,0.09375,0.472222222222,360
nearest_feasible,0.09375,0.475,360
nearest_feasible,0.09375,0.477777777778,360
nearest_feasible,0.09375,0.480555555556,360
nearest_feasible,0.09375,0.483333333333,360
nearest_feasible,0.09375,0.486111111111,360
nearest_feasible,0.09375,0.488888888889,360
nearest_feasible,0.09375,0.491666666667,360
nearest_feasible,0.09375,0.494444444444,360
nearest_feasible,0.09375,0.497222222222,360
nearest_feasible,0.09375,0.5,360
nearest_feasible,0.09375,0.502777777778,360
nearest_feasible,0.09375,0.505555555556,360
nearest_feasible,0.09375,0.508333333333,360
nearest_feasible,0.09375,0.511111111111,360
nearest_feasible,0.09375,0.513888888889,360
nearest_feasible,0.09375,0.516666666667,360
nearest_feasible,0.09375,0.519444444444,360
nearest_feasible,0.09375,0.522222222222,360
nearest_feasible,0.09375,0.525,360
nearest_feasible,0.09375,0.527777777778,360
nearest_feasible,0.1,0.530555555556,360
nearest_feasible,0.1,0.533333333333,360
nearest_feasible,0.1,0.536111111111,360
nearest_feasible,0.1,0.538888888889,360
nearest_feasible,0.1,0.541666666667,360
nearest_feasible,0.1,0.544444444444,360
nearest_feasible,0.1,0.547222222222,360
nearest_feasible,0.1,0.55,360
nearest_feasible,0.1,0.552777777778,360
nearest_feasible,0.1,0.555555555556,360
nearest_feasible,0.1,0.558333333333,360
nearest_feasible,0.1,0.561111111111,360
nearest_feasible,0.1,0.563888888889,360
nearest_feasible,0.1,0.566666666667,360
nearest_feasible,0.1,0.569444444444,360
nearest_feasible,0.102040816327,0.572222222222,360
nearest_feasible,0.102040816327,0.575,360
nearest_feasible,0.102040816327,0.577777777778,360
nearest_feasible,0.102040816327,0.580555555556,360
nearest_feasible,0.102040816327,0.583333333333,360
nearest_feasible,0.102040816327,0.586111111111,360
nearest_feasible,0.102040816327,0.588888888889,360
nearest_feasible,0.102040816327,0.591666666667,360
nearest_feasible,0.102040816327,0.594444444444,360
nearest_feasible,0.102040816327,0.597222222222,360
nearest_feasible,0.102040816327,0.6,360
nearest_feasible,0.102040816327,0.602777777778,360
nearest_feasible,0.102040816327,0.605555555556,360
nearest_feasible,0.10612244898,0.608333333333,360
nearest_feasible,0.122448979592,0.611111111111,360
nearest_feasible,0.122448979592,0.613888888889,360
nearest_feasible,0.122448979592,0.616666666667,360
nearest_feasible,0.122448979592,0.619444444444,360
nearest_feasible,0.122448979592,0.622222222222,360
nearest_feasible,0.122448979592,0.625,360
nearest_feasible,0.122448979592,0.627777777778,360
nearest_feasible,0.125,0.630555555556,360
nearest_feasible,0.125,0.633333333333,360
nearest_feasible,0.125,0.636111111111,360
nearest_feasible,0.125,0.638888888889,360
nearest_feasible,0.125,0.641666666667,360
nearest_feasible,0.125,0.644444444444,360
nearest_feasible,0.125,0.647222222222,360
nearest_feasible,0.125,0.65,360
nearest_feasible,0.125,0.652777777778,360
nearest_feasible,0.125,0.655555555556,360
nearest_feasible,0.125,0.658333333333,360
nearest_feasible,0.125,0.661111111111,360
nearest_feasible,0.125,0.663888888889,360
nearest_feasible,0.125,0.666666666667,360
nearest_feasible,0.125,0.669444444444,360
nearest_feasible,0.125,0.672222222222,360
nearest_feasible,0.125,0.675,360
nearest_feasible,0.125,0.677777777778,360
nearest_feasible,0.125,0.680555555556,360
nearest_feasible,0.125,0.683333333333,360
nearest_feasible,0.125,0.686111111111,360
nearest_feasible,0.125,0.688888888889,360
nearest_feasible,0.125,0.691666666667,360
nearest_feasible,0.142857142857,0.694444444444,360
nearest_feasible,0.142857142857,0.697222222222,360
nearest_feasible,0.142857142857,0.7,360
nearest_feasible,0.142857142857,0.702777777778,360
nearest_feasible,0.142857142857,0.705555555556,360
nearest_feasible,0.142857142857,0.708333333333,360
nearest_feasible,0.142857142857,0.711111111111,360
nearest_feasible,0.142857142857,0.713888888889,360
nearest_feasible,0.142857142857,0.716666666667,360
nearest_feasible,0.15,0.719444444444,360
nearest_feasible,0.15,0.722222222222,360
nearest_feasible,0.15,0.725,360
nearest_feasible,0.15,0.727777777778,360
nearest_feasible,0.15,0.730555555556,360
nearest_feasible,0.15,0.733333333333,360
nearest_feasible,0.15,0.736111111111,360
nearest_feasible,0.15,0.738888888889,360
nearest_feasible,0.15,0.741666666667,360
nearest_feasible,0.15,0.744444444444,360
nearest_feasible,0.15,0.747222222222,360
nearest_feasible,0.15,0.75,360
nearest_feasible,0.15,0.752777777778,360
nearest_feasible,0.15625,0.755555555556,360
nearest_feasible,0.15625,0.758333333333,360
nearest_feasible,0.15625,0.761111111111,360
nearest_feasible,0.15625,0.763888888889,360
nearest_feasible,0.15625,0.766666666667,360
nearest_feasible,0.15625,0.769444444444,360
nearest_feasible,0.163265306122,0.772222222222,360
nearest_feasible,0.163265306122,0.775,360
nearest_feasible,0.163265306122,0.777777777778,360
nearest_feasible,0.163265306122,0.780555555556,360
nearest_feasible,0.163265306122,0.783333333333,360
nearest_feasible,0.163265306122,0.786111111111,360
nearest_feasible,0.163265306122,0.788888888889,360
nearest_feasible,0.163265306122,0.791666666667,360
nearest_feasible,0.175,0.794444444444,360
nearest_feasible,0.175,0.797222222222,360
nearest_feasible,0.175,0.8,360
nearest_feasible,0.175,0.802777777778,360
nearest_feasible,0.175,0.805555555556,360
nearest_feasible,0.183673469388,0.808333333333,360
nearest_feasible,0.183673469388,0.811111111111,360
nearest_feasible,0.183673469388,0.813888888889,360
nearest_feasible,0.183673469388,0.816666666667,360
nearest_feasible,0.1875,0.819444444444,360
nearest_feasible,0.1875,0.822222222222,360
nearest_feasible,0.1875,0.825,360
nearest_feasible,0.1875,0.827777777778,360
nearest_feasible,0.1875,0.830555555556,360
nearest_feasible,0.1875,0.833333333333,360
nearest_feasible,0.1875,0.836111111111,360
nearest_feasible,0.1875,0.838888888889,360
nearest_feasible,0.2,0.841666666667,360
nearest_feasible,0.2,0.844444444444,360
nearest_feasible,0.2,0.847222222222,360
nearest_feasible,0.2,0.85,360
nearest_feasible,0.2,0.852777777778,360
nearest_feasible,0.2,0.855555555556,360
nearest_feasible,0.204081632653,0.858333333333,360
nearest_feasible,0.204081632653,0.861111111111,360
nearest_feasible,0.204081632653,0.863888888889,360
nearest_feasible,0.204081632653,0.866666666667,360
nearest_feasible,0.204081632653,0.869444444444,360
nearest_feasible,0.204081632653,0.872222222222,360
nearest_feasible,0.204081632653,0.875,360
nearest_feasible,0.204081632653,0.877777777778,360
nearest_feasible,0.204081632653,0.880555555556,360
nearest_feasible,0.204081632653,0.883333333333,360
nearest_feasible,0.204081632653,0.886111111111,360
nearest_feasible,0.21875,0.888888888889,360
nearest_feasible,0.21875,0.891666666667,360
nearest_feasible,0.21875,0.894444444444,360
nearest_feasible,0.224489795918,0.897222222222,360
nearest_feasible,0.224489795918,0.9,360
nearest_feasible,0.225,0.902777777778,360
nearest_feasible,0.225,0.905555555556,360
nearest_feasible,0.225,0.908333333333,360
nearest_feasible,0.225,0.911111111111,360
nearest_feasible,0.244897959184,0.913888888889,360
nearest_feasible,0.244897959184,0.916666666667,360
nearest_feasible,0.25,0.919444444444,360
nearest_feasible,0.25,0.922222222222,360
nearest_feasible,0.25,0.925,360
nearest_feasible,0.25,0.927777777778,360
nearest_feasible,0.25,0.930555555556,360
nearest_feasible,0.25,0.933333333333,360
nearest_feasible,0.25,0.936111111111,360
nearest_feasible,0.25,0.938888888889,360
nearest_feasible,0.25,0.941666666667,360
nearest_feasible,0.265306122449,0.944444444444,360
nearest_feasible,0.265306122449,0.947222222222,360
nearest_feasible,0.275,0.95,360
nearest_feasible,0.275,0.952777777778,360
nearest_feasible,0.28125,0.955555555556,360
nearest_feasible,0.285714285714,0.958333333333,360
nearest_feasible,0.3,0.961111111111,360
nearest_feasible,0.3,0.963888888889,360
nearest_feasible,0.30612244898,0.966666666667,360
nearest_feasible,0.30612244898,0.969444444444,360
nearest_feasible,0.30612244898,0.972222222222,360
nearest_feasible,0.30612244898,0.975,360
nearest_feasible,0.30612244898,0.977777777778,360
nearest_feasible,0.3125,0.980555555556,360
nearest_feasible,0.34375,0.983333333333,360
nearest_feasible,0.34693877551,0.986111111111,360
nearest_feasible,0.35,0.988888888889,360
nearest_feasible,0.35,0.991666666667,360
nearest_feasible,0.40625,0.994444444444,360
nearest_feasible,0.428571428571,0.997222222222,360
nearest_feasible,0.45,1,360
no_domain_randomization,0,0.00277777777778,360
no_domain_randomization,0,0.00555555555556,360
no_domain_randomization,0,0.00833333333333,360
no_domain_randomization,0,0.0111111111111,360
no_domain_randomization,0,0.0138888888889,360
no_domain_randomization,0,0.0166666666667,360
no_domain_randomization,0,0.0194444444444,360
no_domain_randomization,0,0.0222222222222,360
no_domain_randomization,0,0.025,360
no_domain_randomization,0,0.0277777777778,360
no_domain_randomization,0,0.0305555555556,360
no_domain_randomization,0,0.0333333333333,360
no_domain_randomization,0,0.0361111111111,360
no_domain_randomization,0,0.0388888888889,360
no_domain_randomization,0,0.0416666666667,360
no_domain_randomization,0,0.0444444444444,360
no_domain_randomization,0,0.0472222222222,360
no_domain_randomization,0,0.05,360
no_domain_randomization,0,0.0527777777778,360
no_domain_randomization,0,0.0555555555556,360
no_domain_randomization,0,0.0583333333333,360
no_domain_randomization,0,0.0611111111111,360
no_domain_randomization,0,0.0638888888889,360
no_domain_randomization,0,0.0666666666667,360
no_domain_randomization,0.00408163265306,0.0694444444444,360
no_domain_randomization,0.005,0.0722222222222,360
no_domain_randomization,0.005,0.075,360
no_domain_randomization,0.00625,0.0777777777778,360
no_domain_randomization,0.00816326530612,0.0805555555556,360
no_domain_randomization,0.00816326530612,0.0833333333333,360
no_domain_randomization,0.01,0.0861111111111,360
no_domain_randomization,0.01,0.0888888888889,360
no_domain_randomization,0.0122448979592,0.0916666666667,360
no_domain_randomization,0.0125,0.0944444444444,360
no_domain_randomization,0.015,0.0972222222222,360
no_domain_randomization,0.0163265306122,0.1,360
no_domain_randomization,0.01875,0.102777777778,360
no_domain_randomization,0.01875,0.105555555556,360
no_domain_randomization,0.01875,0.108333333333,360
no_domain_randomization,0.02,0.111111111111,360
no_domain_randomization,0.02,0.113888888889,360
no_domain_randomization,0.0204081632653,0.116666666667,360
no_domain_randomization,0.0244897959184,0.119444444444,360
no_domain_randomization,0.025,0.122222222222,360
no_domain_randomization,0.025,0.125,360
no_domain_randomization,0.025,0.127777777778,360
no_domain_randomization,0.025,0.130555555556,360
no_domain_randomization,0.025,0.133333333333,360
no_domain_randomization,0.025,0.136111111111,360
no_domain_randomization,0.025,0.138888888889,360
no_domain_randomization,0.025,0.141666666667,360
no_domain_randomization,0.0285714285714,0.144444444444,360
no_domain_randomization,0.0285714285714,0.147222222222,360
no_domain_randomization,0.03,0.15,360
no_domain_randomization,0.03,0.152777777778,360
no_domain_randomization,0.03125,0.155555555556,360
no_domain_randomization,0.03125,0.158333333333,360
no_domain_randomization,0.03125,0.161111111111,360
no_domain_randomization,0.03125,0.163888888889,360
no_domain_randomization,0.03125,0.166666666667,360
no_domain_randomization,0.03125,0.169444444444,360
no_domain_randomization,0.03125,0.172222222222,360
no_domain_randomization,0.0326530612245,0.175,360
no_domain_randomization,0.035,0.177777777778,360
no_domain_randomization,0.035,0.180555555556,360
no_domain_randomization,0.0367346938776,0.183333333333,360
no_domain_randomization,0.0367346938776,0.186111111111,360
no_domain_randomization,0.0367346938776,0.188888888889,360
no_domain_randomization,0.0375,0.191666666667,360
no_domain_randomization,0.0375,0.194444444444,360
no_domain_randomization,0.0375,0.197222222222,360
no_domain_randomization,0.04,0.2,360
no_domain_randomization,0.04,0.202777777778,360
no_domain_randomization,0.04,0.205555555556,360
no_domain_randomization,0.0408163265306,0.208333333333,360
no_domain_randomization,0.0408163265306,0.211111111111,360
no_domain_randomization,0.0408163265306,0.213888888889,360
no_domain_randomization,0.0408163265306,0.216666666667,360
no_domain_randomization,0.0408163265306,0.219444444444,360
no_domain_randomization,0.0408163265306,0.222222222222,360
no_domain_randomization,0.0408163265306,0.225,360
no_domain_randomization,0.0408163265306,0.227777777778,360
no_domain_randomization,0.0408163265306,0.230555555556,360
no_domain_randomization,0.0408163265306,0.233333333333,360
no_domain_randomization,0.0408163265306,0.236111111111,360
no_domain_randomization,0.0408163265306,0.238888888889,360
no_domain_randomization,0.04375,0.241666666667,360
no_domain_randomization,0.04375,0.244444444444,360
no_domain_randomization,0.04375,0.247222222222,360
no_domain_randomization,0.04375,0.25,360
no_domain_randomization,0.04375,0.252777777778,360
no_domain_randomization,0.0448979591837,0.255555555556,360
no_domain_randomization,0.045,0.258333333333,360
no_domain_randomization,0.045,0.261111111111,360
no_domain_randomization,0.0489795918367,0.263888888889,360
no_domain_randomization,0.0489795918367,0.266666666667,360
no_domain_randomization,0.0489795918367,0.269444444444,360
no_domain_randomization,0.0489795918367,0.272222222222,360
no_domain_randomization,0.0489795918367,0.275,360
no_domain_randomization,0.05,0.277777777778,360
no_domain_randomization,0.05,0.280555555556,360
no_domain_randomization,0.05,0.283333333333,360
no_domain_randomization,0.05,0.286111111111,360
no_domain_randomization,0.05,0.288888888889,360
no_domain_randomization,0.05,0.291666666667,360
no_domain_randomization,0.05,0.294444444444,360
no_domain_randomization,0.05,0.297222222222,360
no_domain_randomization,0.05,0.3,360
no_domain_randomization,0.05,0.302777777778,360
no_domain_randomization,0.05,0.305555555556,360
no_domain_randomization,0.05,0.308333333333,360
no_domain_randomization,0.05,0.311111111111,360
no_domain_randomization,0.05,0.313888888889,360
no_domain_randomization,0.05,0.316666666667,360
no_domain_randomization,0.0530612244898,0.319444444444,360
no_domain_randomization,0.0530612244898,0.322222222222,360
no_domain_randomization,0.0530612244898,0.325,360
no_domain_randomization,0.055,0.327777777778,360
no_domain_randomization,0.055,0.330555555556,360
no_domain_randomization,0.055,0.333333333333,360
no_domain_randomization,0.05625,0.336111111111,360
no_domain_randomization,0.05625,0.338888888889,360
no_domain_randomization,0.05625,0.341666666667,360
no_domain_randomization,0.05625,0.344444444444,360
no_domain_randomization,0.05625,0.347222222222,360
no_domain_randomization,0.0571428571429,0.35,360
no_domain_randomization,0.0571428571429,0.352777777778,360
no_domain_randomization,0.0571428571429,0.355555555556,360
no_domain_randomization,0.06,0.358333333333,360
no_domain_randomization,0.06,0.361111111111,360
no_domain_randomization,0.06,0.363888888889,360
no_domain_randomization,0.06,0.366666666667,360
no_domain_randomization,0.0612244897959,0.369444444444,360
no_domain_randomization,0.0612244897959,0.372222222222,360
no_domain_randomization,0.0625,0.375,360
no_domain_randomization,0.0625,0.377777777778,360
no_domain_randomization,0.0625,0.380555555556,360
no_domain_randomization,0.0625,0.383333333333,360
no_domain_randomization,0.0625,0.386111111111,360
no_domain_randomization,0.0625,0.388888888889,360
no_domain_randomization,0.065,0.391666666667,360
no_domain_randomization,0.065,0.394444444444,360
no_domain_randomization,0.065,0.397222222222,360
no_domain_randomization,0.065,0.4,360
no_domain_randomization,0.065306122449,0.402777777778,360
no_domain_randomization,0.065306122449,0.405555555556,360
no_domain_randomization,0.065306122449,0.408333333333,360
no_domain_randomization,0.065306122449,0.411111111111,360
no_domain_randomization,0.065306122449,0.413888888889,360
no_domain_randomization,0.06875,0.416666666667,360
no_domain_randomization,0.06875,0.419444444444,360
no_domain_randomization,0.06875,0.422222222222,360
no_domain_randomization,0.06875,0.425,360
no_domain_randomization,0.069387755102,0.427777777778,360
no_domain_randomization,0.069387755102,0.430555555556,360
no_domain_randomization,0.069387755102,0.433333333333,360
no_domain_randomization,0.069387755102,0.436111111111,360
no_domain_randomization,0.069387755102,0.438888888889,360
no_domain_randomization,0.07,0.441666666667,360
no_domain_randomization,0.07,0.444444444444,360
no_domain_randomization,0.07,0.447222222222,360
no_domain_randomization,0.0734693877551,0.45,360
no_domain_randomization,0.0734693877551,0.452777777778,360
no_domain_randomization,0.0734693877551,0.455555555556,360
no_domain_randomization,0.075,0.458333333333,360
no_domain_randomization,0.075,0.461111111111,360
no_domain_randomization,0.075,0.463888888889,360
no_domain_randomization,0.075,0.466666666667,360
no_domain_randomization,0.075,0.469444444444,360
no_domain_randomization,0.075,0.472222222222,360
no_domain_randomization,0.075,0.475,360
no_domain_randomization,0.075,0.477777777778,360
no_domain_randomization,0.075,0.480555555556,360
no_domain_randomization,0.075,0.483333333333,360
no_domain_randomization,0.075,0.486111111111,360
no_domain_randomization,0.075,0.488888888889,360
no_domain_randomization,0.075,0.491666666667,360
no_domain_randomization,0.075,0.494444444444,360
no_domain_randomization,0.075,0.497222222222,360
no_domain_randomization,0.075,0.5,360
no_domain_randomization,0.075,0.502777777778,360
no_domain_randomization,0.075,0.505555555556,360
no_domain_randomization,0.075,0.508333333333,360
no_domain_randomization,0.0775510204082,0.511111111111,360
no_domain_randomization,0.0775510204082,0.513888888889,360
no_domain_randomization,0.0775510204082,0.516666666667,360
no_domain_randomization,0.0775510204082,0.519444444444,360
no_domain_randomization,0.0775510204082,0.522222222222,360
no_domain_randomization,0.0775510204082,0.525,360
no_domain_randomization,0.08,0.527777777778,360
no_domain_randomization,0.08,0.530555555556,360
no_domain_randomization,0.08,0.533333333333,360
no_domain_randomization,0.08,0.536111111111,360
no_domain_randomization,0.08,0.538888888889,360
no_domain_randomization,0.08,0.541666666667,360
no_domain_randomization,0.08,0.544444444444,360
no_domain_randomization,0.08125,0.547222222222,360
no_domain_randomization,0.08125,0.55,360
no_domain_randomization,0.08125,0.552777777778,360
no_domain_randomization,0.08125,0.555555555556,360
no_domain_randomization,0.08125,0.558333333333,360
no_domain_randomization,0.08125,0.561111111111,360
no_domain_randomization,0.08125,0.563888888889,360
no_domain_randomization,0.08125,0.566666666667,360
no_domain_randomization,0.08125,0.569444444444,360
no_domain_randomization,0.0816326530612,0.572222222222,360
no_domain_randomization,0.0816326530612,0.575,360
no_domain_randomization,0.0816326530612,0.577777777778,360
no_domain_randomization,0.0816326530612,0.580555555556,360
no_domain_randomization,0.085,0.583333333333,360
no_domain_randomization,0.085,0.586111111111,360
no_domain_randomization,0.085,0.588888888889,360
no_domain_randomization,0.085,0.591666666667,360
no_domain_randomization,0.085,0.594444444444,360
no_domain_randomization,0.0857142857143,0.597222222222,360
no_domain_randomization,0.0857142857143,0.6,360
no_domain_randomization,0.0875,0.602777777778,360
no_domain_randomization,0.0875,0.605555555556,360
no_domain_randomization,0.0875,0.608333333333,360
no_domain_randomization,0.0897959183673,0.611111111111,360
no_domain_randomization,0.0897959183673,0.613888888889,360
no_domain_randomization,0.0897959183673,0.616666666667,360
no_domain_randomization,0.0897959183673,0.619444444444,360
no_domain_randomization,0.0897959183673,0.622222222222,360
no_domain_randomization,0.09,0.625,360
no_domain_randomization,0.09,0.627777777778,360
no_domain_randomization,0.09,0.630555555556,360
no_domain_randomization,0.09,0.633333333333,360
no_domain_randomization,0.09375,0.636111111111,360
no_domain_randomization,0.09375,0.638888888889,360
no_domain_randomization,0.09375,0.641666666667,360
no_domain_randomization,0.09375,0.644444444444,360
no_domain_randomization,0.09375,0.647222222222,360
no_domain_randomization,0.0938775510204,0.65,360
no_domain_randomization,0.0938775510204,0.652777777778,360
no_domain_randomization,0.0938775510204,0.655555555556,360
no_domain_randomization,0.0938775510204,0.658333333333,360
no_domain_randomization,0.0938775510204,0.661111111111,360
no_domain_randomization,0.095,0.663888888889,360
no_domain_randomization,0.095,0.666666666667,360
no_domain_randomization,0.095,0.669444444444,360
no_domain_randomization,0.0979591836735,0.672222222222,360
no_domain_randomization,0.0979591836735,0.675,360
no_domain_randomization,0.1,0.677777777778,360
no_domain_randomization,0.1,0.680555555556,360
no_domain_randomization,0.1,0.683333333333,360
no_domain_randomization,0.1,0.686111111111,360
no_domain_randomization,0.1,0.688888888889,360
no_domain_randomization,0.1,0.691666666667,360
no_domain_randomization,0.1,0.694444444444,360
no_domain_randomization,0.1,0.697222222222,360
no_domain_randomization,0.1,0.7,360
no_domain_randomization,0.1,0.702777777778,360
no_domain_randomization,0.105,0.705555555556,360
no_domain_randomization,0.105,0.708333333333,360
no_domain_randomization,0.105,0.711111111111,360
no_domain_randomization,0.105,0.713888888889,360
no_domain_randomization,0.105,0.716666666667,360
no_domain_randomization,0.105,0.719444444444,360
no_domain_randomization,0.105,0.722222222222,360
no_domain_randomization,0.10612244898,0.725,360
no_domain_randomization,0.10612244898,0.727777777778,360
no_domain_randomization,0.10612244898,0.730555555556,360
no_domain_randomization,0.10612244898,0.733333333333,360
no_domain_randomization,0.10612244898,0.736111111111,360
no_domain_randomization,0.10612244898,0.738888888889,360
no_domain_randomization,0.10625,0.741666666667,360
no_domain_randomization,0.10625,0.744444444444,360
no_domain_randomization,0.10625,0.747222222222,360
no_domain_randomization,0.10625,0.75,360
no_domain_randomization,0.11,0.752777777778,360
no_domain_randomization,0.11,0.755555555556,360
no_domain_randomization,0.110204081633,0.758333333333,360
no_domain_randomization,0.110204081633,0.761111111111,360
no_domain_randomization,0.1125,0.763888888889,360
no_domain_randomization,0.1125,0.766666666667,360
no_domain_randomization,0.114285714286,0.769444444444,360
no_domain_randomization,0.114285714286,0.772222222222,360
no_domain_randomization,0.114285714286,0.775,360
no_domain_randomization,0.115,0.777777777778,360
no_domain_randomization,0.118367346939,0.780555555556,360
no_domain_randomization,0.118367346939,0.783333333333,360
no_domain_randomization,0.11875,0.786111111111,360
no_domain_randomization,0.12,0.788888888889,360
no_domain_randomization,0.12,0.791666666667,360
no_domain_randomization,0.12,0.794444444444,360
no_domain_randomization,0.122448979592,0.797222222222,360
no_domain_randomization,0.122448979592,0.8,360
no_domain_randomization,0.125,0.802777777778,360
no_domain_randomization,0.125,0.805555555556,360
no_domain_randomization,0.125,0.808333333333,360
no_domain_randomization,0.125,0.811111111111,360
no_domain_randomization,0.125,0.813888888889,360
no_domain_randomization,0.125,0.816666666667,360
no_domain_randomization,0.126530612245,0.819444444444,360
no_domain_randomization,0.126530612245,0.822222222222,360
no_domain_randomization,0.13,0.825,360
no_domain_randomization,0.13125,0.827777777778,360
no_domain_randomization,0.13125,0.830555555556,360
no_domain_randomization,0.13125,0.833333333333,360
no_domain_randomization,0.134693877551,0.836111111111,360
no_domain_randomization,0.135,0.838888888889,360
no_domain_randomization,0.1375,0.841666666667,360
no_domain_randomization,0.1375,0.844444444444,360
no_domain_randomization,0.1375,0.847222222222,360
no_domain_randomization,0.138775510204,0.85,360
no_domain_randomization,0.142857142857,0.852777777778,360
no_domain_randomization,0.142857142857,0.855555555556,360
no_domain_randomization,0.142857142857,0.858333333333,360
no_domain_randomization,0.14375,0.861111111111,360
no_domain_randomization,0.14375,0.863888888889,360
no_domain_randomization,0.14375,0.866666666667,360
no_domain_randomization,0.145,0.869444444444,360
no_domain_randomization,0.15,0.872222222222,360
no_domain_randomization,0.15,0.875,360
no_domain_randomization,0.15,0.877777777778,360
no_domain_randomization,0.15,0.880555555556,360
no_domain_randomization,0.15,0.883333333333,360
no_domain_randomization,0.155102040816,0.886111111111,360
no_domain_randomization,0.15625,0.888888888889,360
no_domain_randomization,0.15625,0.891666666667,360
no_domain_randomization,0.15625,0.894444444444,360
no_domain_randomization,0.159183673469,0.897222222222,360
no_domain_randomization,0.159183673469,0.9,360
no_domain_randomization,0.159183673469,0.902777777778,360
no_domain_randomization,0.16,0.905555555556,360
no_domain_randomization,0.1625,0.908333333333,360
no_domain_randomization,0.163265306122,0.911111111111,360
no_domain_randomization,0.165,0.913888888889,360
no_domain_randomization,0.167346938776,0.916666666667,360
no_domain_randomization,0.16875,0.919444444444,360
no_domain_randomization,0.17,0.922222222222,360
no_domain_randomization,0.17,0.925,360
no_domain_randomization,0.175,0.927777777778,360
no_domain_randomization,0.175510204082,0.930555555556,360
no_domain_randomization,0.179591836735,0.933333333333,360
no_domain_randomization,0.18,0.936111111111,360
no_domain_randomization,0.18,0.938888888889,360
no_domain_randomization,0.183673469388,0.941666666667,360
no_domain_randomization,0.185,0.944444444444,360
no_domain_randomization,0.1875,0.947222222222,360
no_domain_randomization,0.19,0.95,360
no_domain_randomization,0.191836734694,0.952777777778,360
no_domain_randomization,0.2,0.955555555556,360
no_domain_randomization,0.2,0.958333333333,360
no_domain_randomization,0.2,0.961111111111,360
no_domain_randomization,0.21,0.963888888889,360
no_domain_randomization,0.212244897959,0.966666666667,360
no_domain_randomization,0.22,0.969444444444,360
no_domain_randomization,0.225,0.972222222222,360
no_domain_randomization,0.23125,0.975,360
no_domain_randomization,0.24,0.977777777778,360
no_domain_randomization,0.240816326531,0.980555555556,360
no_domain_randomization,0.25,0.983333333333,360
no_domain_randomization,0.273469387755,0.986111111111,360
no_domain_randomization,0.285714285714,0.988888888889,360
no_domain_randomization,0.31,0.991666666667,360
no_domain_randomization,0.318367346939,0.994444444444,360
no_domain_randomization,0.34375,0.997222222222,360
no_domain_randomization,0.3875,1,360
no_priority_bias,0,0.00277777777778,360
no_priority_bias,0,0.00555555555556,360
no_priority_bias,0,0.00833333333333,360
no_priority_bias,0,0.0111111111111,360
no_priority_bias,0,0.0138888888889,360
no_priority_bias,0,0.0166666666667,360
no_priority_bias,0,0.0194444444444,360
no_priority_bias,0,0.0222222222222,360
no_priority_bias,0,0.025,360
no_priority_bias,0,0.0277777777778,360
no_priority_bias,0,0.0305555555556,360
no_priority_bias,0,0.0333333333333,360
no_priority_bias,0,0.0361111111111,360
no_priority_bias,0,0.0388888888889,360
no_priority_bias,0,0.0416666666667,360
no_priority_bias,0,0.0444444444444,360
no_priority_bias,0,0.0472222222222,360
no_priority_bias,0,0.05,360
no_priority_bias,0,0.0527777777778,360
no_priority_bias,0,0.0555555555556,360
no_priority_bias,0,0.0583333333333,360
no_priority_bias,0,0.0611111111111,360
no_priority_bias,0,0.0638888888889,360
no_priority_bias,0,0.0666666666667,360
no_priority_bias,0,0.0694444444444,360
no_priority_bias,0.00816326530612,0.0722222222222,360
no_priority_bias,0.01,0.075,360
no_priority_bias,0.0122448979592,0.0777777777778,360
no_priority_bias,0.0122448979592,0.0805555555556,360
no_priority_bias,0.0125,0.0833333333333,360
no_priority_bias,0.0125,0.0861111111111,360
no_priority_bias,0.0163265306122,0.0888888888889,360
no_priority_bias,0.0163265306122,0.0916666666667,360
no_priority_bias,0.0163265306122,0.0944444444444,360
no_priority_bias,0.01875,0.0972222222222,360
no_priority_bias,0.01875,0.1,360
no_priority_bias,0.02,0.102777777778,360
no_priority_bias,0.02,0.105555555556,360
no_priority_bias,0.0204081632653,0.108333333333,360
no_priority_bias,0.0244897959184,0.111111111111,360
no_priority_bias,0.0244897959184,0.113888888889,360
no_priority_bias,0.025,0.116666666667,360
no_priority_bias,0.025,0.119444444444,360
no_priority_bias,0.025,0.122222222222,360
no_priority_bias,0.025,0.125,360
no_priority_bias,0.025,0.127777777778,360
no_priority_bias,0.025,0.130555555556,360
no_priority_bias,0.025,0.133333333333,360
no_priority_bias,0.03,0.136111111111,360
no_priority_bias,0.03,0.138888888889,360
no_priority_bias,0.03,0.141666666667,360
no_priority_bias,0.03,0.144444444444,360
no_priority_bias,0.03125,0.147222222222,360
no_priority_bias,0.03125,0.15,360
no_priority_bias,0.03125,0.152777777778,360
no_priority_bias,0.03125,0.155555555556,360
no_priority_bias,0.03125,0.158333333333,360
no_priority_bias,0.03125,0.161111111111,360
no_priority_bias,0.03125,0.163888888889,360
no_priority_bias,0.03125,0.166666666667,360
no_priority_bias,0.03125,0.169444444444,360
no_priority_bias,0.03125,0.172222222222,360
no_priority_bias,0.03125,0.175,360
no_priority_bias,0.03125,0.177777777778,360
no_priority_bias,0.03125,0.180555555556,360
no_priority_bias,0.0326530612245,0.183333333333,360
no_priority_bias,0.035,0.186111111111,360
no_priority_bias,0.035,0.188888888889,360
no_priority_bias,0.035,0.191666666667,360
no_priority_bias,0.035,0.194444444444,360
no_priority_bias,0.035,0.197222222222,360
no_priority_bias,0.0375,0.2,360
no_priority_bias,0.0375,0.202777777778,360
no_priority_bias,0.0375,0.205555555556,360
no_priority_bias,0.0375,0.208333333333,360
no_priority_bias,0.04,0.211111111111,360
no_priority_bias,0.04,0.213888888889,360
no_priority_bias,0.04,0.216666666667,360
no_priority_bias,0.04,0.219444444444,360
no_priority_bias,0.04,0.222222222222,360
no_priority_bias,0.0408163265306,0.225,360
no_priority_bias,0.0408163265306,0.227777777778,360
no_priority_bias,0.0408163265306,0.230555555556,360
no_priority_bias,0.0408163265306,0.233333333333,360
no_priority_bias,0.0408163265306,0.236111111111,360
no_priority_bias,0.0408163265306,0.238888888889,360
no_priority_bias,0.0408163265306,0.241666666667,360
no_priority_bias,0.0408163265306,0.244444444444,360
no_priority_bias,0.0408163265306,0.247222222222,360
no_priority_bias,0.0408163265306,0.25,360
no_priority_bias,0.04375,0.252777777778,360
no_priority_bias,0.0448979591837,0.255555555556,360
no_priority_bias,0.0448979591837,0.258333333333,360
no_priority_bias,0.0448979591837,0.261111111111,360
no_priority_bias,0.0489795918367,0.263888888889,360
no_priority_bias,0.0489795918367,0.266666666667,360
no_priority_bias,0.0489795918367,0.269444444444,360
no_priority_bias,0.0489795918367,0.272222222222,360
no_priority_bias,0.0489795918367,0.275,360
no_priority_bias,0.05,0.277777777778,360
no_priority_bias,0.05,0.280555555556,360
no_priority_bias,0.05,0.283333333333,360
no_priority_bias,0.05,0.286111111111,360
no_priority_bias,0.05,0.288888888889,360
no_priority_bias,0.05,0.291666666667,360
no_priority_bias,0.05,0.294444444444,360
no_priority_bias,0.05,0.297222222222,360
no_priority_bias,0.05,0.3,360
no_priority_bias,0.05,0.302777777778,360
no_priority_bias,0.05,0.305555555556,360
no_priority_bias,0.05,0.308333333333,360
no_priority_bias,0.05,0.311111111111,360
no_priority_bias,0.05,0.313888888889,360
no_priority_bias,0.0530612244898,0.316666666667,360
no_priority_bias,0.0530612244898,0.319444444444,360
no_priority_bias,0.0530612244898,0.322222222222,360
no_priority_bias,0.0530612244898,0.325,360
no_priority_bias,0.0530612244898,0.327777777778,360
no_priority_bias,0.055,0.330555555556,360
no_priority_bias,0.055,0.333333333333,360
no_priority_bias,0.055,0.336111111111,360
no_priority_bias,0.055,0.338888888889,360
no_priority_bias,0.055,0.341666666667,360
no_priority_bias,0.05625,0.344444444444,360
no_priority_bias,0.05625,0.347222222222,360
no_priority_bias,0.05625,0.35,360
no_priority_bias,0.0571428571429,0.352777777778,360
no_priority_bias,0.0571428571429,0.355555555556,360
no_priority_bias,0.0571428571429,0.358333333333,360
no_priority_bias,0.0571428571429,0.361111111111,360
no_priority_bias,0.06,0.363888888889,360
no_priority_bias,0.06,0.366666666667,360
no_priority_bias,0.06,0.369444444444,360
no_priority_bias,0.06,0.372222222222,360
no_priority_bias,0.06,0.375,360
no_priority_bias,0.0612244897959,0.377777777778,360
no_priority_bias,0.0612244897959,0.380555555556,360
no_priority_bias,0.0612244897959,0.383333333333,360
no_priority_bias,0.0612244897959,0.386111111111,360
no_priority_bias,0.0612244897959,0.388888888889,360
no_priority_bias,0.0612244897959,0.391666666667,360
no_priority_bias,0.0612244897959,0.394444444444,360
no_priority_bias,0.0625,0.397222222222,360
no_priority_bias,0.0625,0.4,360
no_priority_bias,0.0625,0.402777777778,360
no_priority_bias,0.0625,0.405555555556,360
no_priority_bias,0.0625,0.408333333333,360
no_priority_bias,0.0625,0.411111111111,360
no_priority_bias,0.0625,0.413888888889,360
no_priority_bias,0.0625,0.416666666667,360
no_priority_bias,0.0625,0.419444444444,360
no_priority_bias,0.0625,0.422222222222,360
no_priority_bias,0.0625,0.425,360
no_priority_bias,0.0625,0.427777777778,360
no_priority_bias,0.0625,0.430555555556,360
no_priority_bias,0.065,0.433333333333,360
no_priority_bias,0.065,0.436111111111,360
no_priority_bias,0.065,0.438888888889,360
no_priority_bias,0.065,0.441666666667,360
no_priority_bias,0.065,0.444444444444,360
no_priority_bias,0.065306122449,0.447222222222,360
no_priority_bias,0.065306122449,0.45,360
no_priority_bias,0.06875,0.452777777778,360
no_priority_bias,0.06875,0.455555555556,360
no_priority_bias,0.06875,0.458333333333,360
no_priority_bias,0.06875,0.461111111111,360
no_priority_bias,0.06875,0.463888888889,360
no_priority_bias,0.06875,0.466666666667,360
no_priority_bias,0.06875,0.469444444444,360
no_priority_bias,0.06875,0.472222222222,360
no_priority_bias,0.07,0.475,360
no_priority_bias,0.07,0.477777777778,360
no_priority_bias,0.07,0.480555555556,360
no_priority_bias,0.07,0.483333333333,360
no_priority_bias,0.07,0.486111111111,360
no_priority_bias,0.07,0.488888888889,360
no_priority_bias,0.07,0.491666666667,360
no_priority_bias,0.07,0.494444444444,360
no_priority_bias,0.0734693877551,0.497222222222,360
no_priority_bias,0.0734693877551,0.5,360
no_priority_bias,0.0734693877551,0.502777777778,360
no_priority_bias,0.075,0.505555555556,360
no_priority_bias,0.075,0.508333333333,360
no_priority_bias,0.075,0.511111111111,360
no_priority_bias,0.075,0.513888888889,360
no_priority_bias,0.075,0.516666666667,360
no_priority_bias,0.075,0.519444444444,360
no_priority_bias,0.0775510204082,0.522222222222,360
no_priority_bias,0.0775510204082,0.525,360
no_priority_bias,0.0775510204082,0.527777777778,360
no_priority_bias,0.0775510204082,0.530555555556,360
no_priority_bias,0.08,0.533333333333,360
no_priority_bias,0.08,0.536111111111,360
no_priority_bias,0.08,0.538888888889,360
no_priority_bias,0.08,0.541666666667,360
no_priority_bias,0.08125,0.544444444444,360
no_priority_bias,0.08125,0.547222222222,360
no_priority_bias,0.0816326530612,0.55,360
no_priority_bias,0.0816326530612,0.552777777778,360
no_priority_bias,0.0816326530612,0.555555555556,360
no_priority_bias,0.0816326530612,0.558333333333,360
no_priority_bias,0.0816326530612,0.561111111111,360
no_priority_bias,0.085,0.563888888889,360
no_priority_bias,0.085,0.566666666667,360
no_priority_bias,0.085,0.569444444444,360
no_priority_bias,0.085,0.572222222222,360
no_priority_bias,0.085,0.575,360
no_priority_bias,0.0857142857143,0.577777777778,360
no_priority_bias,0.0857142857143,0.580555555556,360
no_priority_bias,0.0875,0.583333333333,360
no_priority_bias,0.0875,0.586111111111,360
no_priority_bias,0.0897959183673,0.588888888889,360
no_priority_bias,0.0897959183673,0.591666666667,360
no_priority_bias,0.0897959183673,0.594444444444,360
no_priority_bias,0.0897959183673,0.597222222222,360
no_priority_bias,0.0897959183673,0.6,360
no_priority_bias,0.09,0.602777777778,360
no_priority_bias,0.09,0.605555555556,360
no_priority_bias,0.09375,0.608333333333,360
no_priority_bias,0.09375,0.611111111111,360
no_priority_bias,0.09375,0.613888888889,360
no_priority_bias,0.09375,0.616666666667,360
no_priority_bias,0.09375,0.619444444444,360
no_priority_bias,0.09375,0.622222222222,360
no_priority_bias,0.09375,0.625,360
no_priority_bias,0.09375,0.627777777778,360
no_priority_bias,0.0938775510204,0.630555555556,360
no_priority_bias,0.095,0.633333333333,360
no_priority_bias,0.095,0.636111111111,360
no_priority_bias,0.095,0.638888888889,360
no_priority_bias,0.095,0.641666666667,360
no_priority_bias,0.0979591836735,0.644444444444,360
no_priority_bias,0.1,0.647222222222,360
no_priority_bias,0.1,0.65,360
no_priority_bias,0.1,0.652777777778,360
no_priority_bias,0.1,0.655555555556,360
no_priority_bias,0.1,0.658333333333,360
no_priority_bias,0.1,0.661111111111,360
no_priority_bias,0.1,0.663888888889,360
no_priority_bias,0.1,0.666666666667,360
no_priority_bias,0.1,0.669444444444,360
no_priority_bias,0.1,0.672222222222,360
no_priority_bias,0.1,0.675,360
no_priority_bias,0.1,0.677777777778,360
no_priority_bias,0.1,0.680555555556,360
no_priority_bias,0.1,0.683333333333,360
no_priority_bias,0.1,0.686111111111,360
no_priority_bias,0.1,0.688888888889,360
no_priority_bias,0.1,0.691666666667,360
no_priority_bias,0.102040816327,0.694444444444,360
no_priority_bias,0.102040816327,0.697222222222,360
no_priority_bias,0.102040816327,0.7,360
no_priority_bias,0.102040816327,0.702777777778,360
no_priority_bias,0.102040816327,0.705555555556,360
no_priority_bias,0.105,0.708333333333,360
no_priority_bias,0.105,0.711111111111,360
no_priority_bias,0.10612244898,0.713888888889,360
no_priority_bias,0.10612244898,0.716666666667,360
no_priority_bias,0.10612244898,0.719444444444,360
no_priority_bias,0.10625,0.722222222222,360
no_priority_bias,0.10625,0.725,360
no_priority_bias,0.110204081633,0.727777777778,360
no_priority_bias,0.110204081633,0.730555555556,360
no_priority_bias,0.110204081633,0.733333333333,360
no_priority_bias,0.1125,0.736111111111,360
no_priority_bias,0.1125,0.738888888889,360
no_priority_bias,0.114285714286,0.741666666667,360
no_priority_bias,0.114285714286,0.744444444444,360
no_priority_bias,0.114285714286,0.747222222222,360
no_priority_bias,0.114285714286,0.75,360
no_priority_bias,0.114285714286,0.752777777778,360
no_priority_bias,0.114285714286,0.755555555556,360
no_priority_bias,0.115,0.758333333333,360
no_priority_bias,0.118367346939,0.761111111111,360
no_priority_bias,0.11875,0.763888888889,360
no_priority_bias,0.11875,0.766666666667,360
no_priority_bias,0.11875,0.769444444444,360
no_priority_bias,0.11875,0.772222222222,360
no_priority_bias,0.12,0.775,360
no_priority_bias,0.12,0.777777777778,360
no_priority_bias,0.12,0.780555555556,360
no_priority_bias,0.12,0.783333333333,360
no_priority_bias,0.12,0.786111111111,360
no_priority_bias,0.122448979592,0.788888888889,360
no_priority_bias,0.122448979592,0.791666666667,360
no_priority_bias,0.122448979592,0.794444444444,360
no_priority_bias,0.122448979592,0.797222222222,360
no_priority_bias,0.122448979592,0.8,360
no_priority_bias,0.125,0.802777777778,360
no_priority_bias,0.125,0.805555555556,360
no_priority_bias,0.125,0.808333333333,360
no_priority_bias,0.125,0.811111111111,360
no_priority_bias,0.125,0.813888888889,360
no_priority_bias,0.125,0.816666666667,360
no_priority_bias,0.126530612245,0.819444444444,360
no_priority_bias,0.13,0.822222222222,360
no_priority_bias,0.13125,0.825,360
no_priority_bias,0.13125,0.827777777778,360
no_priority_bias,0.13125,0.830555555556,360
no_priority_bias,0.134693877551,0.833333333333,360
no_priority_bias,0.135,0.836111111111,360
no_priority_bias,0.1375,0.838888888889,360
no_priority_bias,0.138775510204,0.841666666667,360
no_priority_bias,0.138775510204,0.844444444444,360
no_priority_bias,0.138775510204,0.847222222222,360
no_priority_bias,0.14,0.85,360
no_priority_bias,0.14,0.852777777778,360
no_priority_bias,0.14,0.855555555556,360
no_priority_bias,0.15,0.858333333333,360
no_priority_bias,0.15,0.861111111111,360
no_priority_bias,0.15,0.863888888889,360
no_priority_bias,0.15,0.866666666667,360
no_priority_bias,0.151020408163,0.869444444444,360
no_priority_bias,0.155,0.872222222222,360
no_priority_bias,0.155,0.875,360
no_priority_bias,0.155102040816,0.877777777778,360
no_priority_bias,0.15625,0.880555555556,360
no_priority_bias,0.15625,0.883333333333,360
no_priority_bias,0.16,0.886111111111,360
no_priority_bias,0.16,0.888888888889,360
no_priority_bias,0.16,0.891666666667,360
no_priority_bias,0.1625,0.894444444444,360
no_priority_bias,0.1625,0.897222222222,360
no_priority_bias,0.1625,0.9,360
no_priority_bias,0.163265306122,0.902777777778,360
no_priority_bias,0.163265306122,0.905555555556,360
no_priority_bias,0.163265306122,0.908333333333,360
no_priority_bias,0.165,0.911111111111,360
no_priority_bias,0.167346938776,0.913888888889,360
no_priority_bias,0.167346938776,0.916666666667,360
no_priority_bias,0.16875,0.919444444444,360
no_priority_bias,0.17,0.922222222222,360
no_priority_bias,0.171428571429,0.925,360
no_priority_bias,0.171428571429,0.927777777778,360
no_priority_bias,0.175,0.930555555556,360
no_priority_bias,0.179591836735,0.933333333333,360
no_priority_bias,0.18,0.936111111111,360
no_priority_bias,0.18,0.938888888889,360
no_priority_bias,0.18,0.941666666667,360
no_priority_bias,0.18125,0.944444444444,360
no_priority_bias,0.183673469388,0.947222222222,360
no_priority_bias,0.1875,0.95,360
no_priority_bias,0.1875,0.952777777778,360
no_priority_bias,0.187755102041,0.955555555556,360
no_priority_bias,0.19375,0.958333333333,360
no_priority_bias,0.195,0.961111111111,360
no_priority_bias,0.2,0.963888888889,360
no_priority_bias,0.2,0.966666666667,360
no_priority_bias,0.2,0.969444444444,360
no_priority_bias,0.2,0.972222222222,360
no_priority_bias,0.2,0.975,360
no_priority_bias,0.21875,0.977777777778,360
no_priority_bias,0.22,0.980555555556,360
no_priority_bias,0.224489795918,0.983333333333,360
no_priority_bias,0.225,0.986111111111,360
no_priority_bias,0.232653061224,0.988888888889,360
no_priority_bias,0.248979591837,0.991666666667,360
no_priority_bias,0.25,0.994444444444,360
no_priority_bias,0.325,0.997222222222,360
no_priority_bias,0.375,1,360
no_resource_shaping,0,0.00277777777778,360
no_resource_shaping,0,0.00555555555556,360
no_resource_shaping,0,0.00833333333333,360
no_resource_shaping,0,0.0111111111111,360
no_resource_shaping,0,0.0138888888889,360
no_resource_shaping,0,0.0166666666667,360
no_resource_shaping,0,0.0194444444444,360
no_resource_shaping,0,0.0222222222222,360
no_resource_shaping,0,0.025,360
no_resource_shaping,0,0.0277777777778,360
no_resource_shaping,0,0.0305555555556,360
no_resource_shaping,0,0.0333333333333,360
no_resource_shaping,0,0.0361111111111,360
no_resource_shaping,0,0.0388888888889,360
no_resource_shaping,0,0.0416666666667,360
no_resource_shaping,0,0.0444444444444,360
no_resource_shaping,0,0.0472222222222,360
no_resource_shaping,0,0.05,360
no_resource_shaping,0,0.0527777777778,360
no_resource_shaping,0.00408163265306,0.0555555555556,360
no_resource_shaping,0.00408163265306,0.0583333333333,360
no_resource_shaping,0.005,0.0611111111111,360
no_resource_shaping,0.005,0.0638888888889,360
no_resource_shaping,0.00625,0.0666666666667,360
no_resource_shaping,0.00816326530612,0.0694444444444,360
no_resource_shaping,0.00816326530612,0.0722222222222,360
no_resource_shaping,0.01,0.075,360
no_resource_shaping,0.01,0.0777777777778,360
no_resource_shaping,0.01,0.0805555555556,360
no_resource_shaping,0.0122448979592,0.0833333333333,360
no_resource_shaping,0.0122448979592,0.0861111111111,360
no_resource_shaping,0.0125,0.0888888888889,360
no_resource_shaping,0.0125,0.0916666666667,360
no_resource_shaping,0.0125,0.0944444444444,360
no_resource_shaping,0.0125,0.0972222222222,360
no_resource_shaping,0.015,0.1,360
no_resource_shaping,0.015,0.102777777778,360
no_resource_shaping,0.01875,0.105555555556,360
no_resource_shaping,0.02,0.108333333333,360
no_resource_shaping,0.02,0.111111111111,360
no_resource_shaping,0.02,0.113888888889,360
no_resource_shaping,0.0204081632653,0.116666666667,360
no_resource_shaping,0.0204081632653,0.119444444444,360
no_resource_shaping,0.0204081632653,0.122222222222,360
no_resource_shaping,0.0204081632653,0.125,360
no_resource_shaping,0.0204081632653,0.127777777778,360
no_resource_shaping,0.0244897959184,0.130555555556,360
no_resource_shaping,0.025,0.133333333333,360
no_resource_shaping,0.025,0.136111111111,360
no_resource_shaping,0.025,0.138888888889,360
no_resource_shaping,0.025,0.141666666667,360
no_resource_shaping,0.025,0.144444444444,360
no_resource_shaping,0.025,0.147222222222,360
no_resource_shaping,0.025,0.15,360
no_resource_shaping,0.025,0.152777777778,360
no_resource_shaping,0.025,0.155555555556,360
no_resource_shaping,0.03,0.158333333333,360
no_resource_shaping,0.03,0.161111111111,360
no_resource_shaping,0.03,0.163888888889,360
no_resource_shaping,0.03125,0.166666666667,360
no_resource_shaping,0.03125,0.169444444444,360
no_resource_shaping,0.03125,0.172222222222,360
no_resource_shaping,0.03125,0.175,360
no_resource_shaping,0.03125,0.177777777778,360
no_resource_shaping,0.03125,0.180555555556,360
no_resource_shaping,0.03125,0.183333333333,360
no_resource_shaping,0.03125,0.186111111111,360
no_resource_shaping,0.03125,0.188888888889,360
no_resource_shaping,0.0326530612245,0.191666666667,360
no_resource_shaping,0.035,0.194444444444,360
no_resource_shaping,0.035,0.197222222222,360
no_resource_shaping,0.0367346938776,0.2,360
no_resource_shaping,0.0375,0.202777777778,360
no_resource_shaping,0.0375,0.205555555556,360
no_resource_shaping,0.04,0.208333333333,360
no_resource_shaping,0.04,0.211111111111,360
no_resource_shaping,0.0408163265306,0.213888888889,360
no_resource_shaping,0.0408163265306,0.216666666667,360
no_resource_shaping,0.0408163265306,0.219444444444,360
no_resource_shaping,0.0408163265306,0.222222222222,360
no_resource_shaping,0.0408163265306,0.225,360
no_resource_shaping,0.0408163265306,0.227777777778,360
no_resource_shaping,0.0408163265306,0.230555555556,360
no_resource_shaping,0.0408163265306,0.233333333333,360
no_resource_shaping,0.0408163265306,0.236111111111,360
no_resource_shaping,0.0408163265306,0.238888888889,360
no_resource_shaping,0.0408163265306,0.241666666667,360
no_resource_shaping,0.0408163265306,0.244444444444,360
no_resource_shaping,0.0408163265306,0.247222222222,360
no_resource_shaping,0.04375,0.25,360
no_resource_shaping,0.04375,0.252777777778,360
no_resource_shaping,0.04375,0.255555555556,360
no_resource_shaping,0.04375,0.258333333333,360
no_resource_shaping,0.04375,0.261111111111,360
no_resource_shaping,0.0448979591837,0.263888888889,360
no_resource_shaping,0.0448979591837,0.266666666667,360
no_resource_shaping,0.0489795918367,0.269444444444,360
no_resource_shaping,0.0489795918367,0.272222222222,360
no_resource_shaping,0.0489795918367,0.275,360
no_resource_shaping,0.05,0.277777777778,360
no_resource_shaping,0.05,0.280555555556,360
no_resource_shaping,0.05,0.283333333333,360
no_resource_shaping,0.05,0.286111111111,360
no_resource_shaping,0.05,0.288888888889,360
no_resource_shaping,0.05,0.291666666667,360
no_resource_shaping,0.05,0.294444444444,360
no_resource_shaping,0.05,0.297222222222,360
no_resource_shaping,0.05,0.3,360
no_resource_shaping,0.05,0.302777777778,360
no_resource_shaping,0.05,0.305555555556,360
no_resource_shaping,0.05,0.308333333333,360
no_resource_shaping,0.05,0.311111111111,360
no_resource_shaping,0.05,0.313888888889,360
no_resource_shaping,0.0530612244898,0.316666666667,360
no_resource_shaping,0.0530612244898,0.319444444444,360
no_resource_shaping,0.0530612244898,0.322222222222,360
no_resource_shaping,0.0530612244898,0.325,360
no_resource_shaping,0.055,0.327777777778,360
no_resource_shaping,0.055,0.330555555556,360
no_resource_shaping,0.055,0.333333333333,360
no_resource_shaping,0.05625,0.336111111111,360
no_resource_shaping,0.05625,0.338888888889,360
no_resource_shaping,0.05625,0.341666666667,360
no_resource_shaping,0.05625,0.344444444444,360
no_resource_shaping,0.0571428571429,0.347222222222,360
no_resource_shaping,0.0571428571429,0.35,360
no_resource_shaping,0.0571428571429,0.352777777778,360
no_resource_shaping,0.0571428571429,0.355555555556,360
no_resource_shaping,0.0571428571429,0.358333333333,360
no_resource_shaping,0.0571428571429,0.361111111111,360
no_resource_shaping,0.0571428571429,0.363888888889,360
no_resource_shaping,0.06,0.366666666667,360
no_resource_shaping,0.06,0.369444444444,360
no_resource_shaping,0.06,0.372222222222,360
no_resource_shaping,0.06,0.375,360
no_resource_shaping,0.06,0.377777777778,360
no_resource_shaping,0.06,0.380555555556,360
no_resource_shaping,0.0612244897959,0.383333333333,360
no_resource_shaping,0.0612244897959,0.386111111111,360
no_resource_shaping,0.0612244897959,0.388888888889,360
no_resource_shaping,0.0612244897959,0.391666666667,360
no_resource_shaping,0.0612244897959,0.394444444444,360
no_resource_shaping,0.0625,0.397222222222,360
no_resource_shaping,0.0625,0.4,360
no_resource_shaping,0.0625,0.402777777778,360
no_resource_shaping,0.0625,0.405555555556,360
no_resource_shaping,0.0625,0.408333333333,360
no_resource_shaping,0.0625,0.411111111111,360
no_resource_shaping,0.0625,0.413888888889,360
no_resource_shaping,0.0625,0.416666666667,360
no_resource_shaping,0.0625,0.419444444444,360
no_resource_shaping,0.0625,0.422222222222,360
no_resource_shaping,0.065,0.425,360
no_resource_shaping,0.065,0.427777777778,360
no_resource_shaping,0.065,0.430555555556,360
no_resource_shaping,0.065306122449,0.433333333333,360
no_resource_shaping,0.065306122449,0.436111111111,360
no_resource_shaping,0.065306122449,0.438888888889,360
no_resource_shaping,0.065306122449,0.441666666667,360
no_resource_shaping,0.06875,0.444444444444,360
no_resource_shaping,0.06875,0.447222222222,360
no_resource_shaping,0.069387755102,0.45,360
no_resource_shaping,0.069387755102,0.452777777778,360
no_resource_shaping,0.069387755102,0.455555555556,360
no_resource_shaping,0.07,0.458333333333,360
no_resource_shaping,0.0734693877551,0.461111111111,360
no_resource_shaping,0.0734693877551,0.463888888889,360
no_resource_shaping,0.0734693877551,0.466666666667,360
no_resource_shaping,0.0734693877551,0.469444444444,360
no_resource_shaping,0.0734693877551,0.472222222222,360
no_resource_shaping,0.075,0.475,360
no_resource_shaping,0.075,0.477777777778,360
no_resource_shaping,0.075,0.480555555556,360
no_resource_shaping,0.075,0.483333333333,360
no_resource_shaping,0.075,0.486111111111,360
no_resource_shaping,0.075,0.488888888889,360
no_resource_shaping,0.075,0.491666666667,360
no_resource_shaping,0.075,0.494444444444,360
no_resource_shaping,0.0775510204082,0.497222222222,360
no_resource_shaping,0.0775510204082,0.5,360
no_resource_shaping,0.0775510204082,0.502777777778,360
no_resource_shaping,0.0775510204082,0.505555555556,360
no_resource_shaping,0.08,0.508333333333,360
no_resource_shaping,0.08,0.511111111111,360
no_resource_shaping,0.08,0.513888888889,360
no_resource_shaping,0.08,0.516666666667,360
no_resource_shaping,0.08,0.519444444444,360
no_resource_shaping,0.08125,0.522222222222,360
no_resource_shaping,0.08125,0.525,360
no_resource_shaping,0.08125,0.527777777778,360
no_resource_shaping,0.08125,0.530555555556,360
no_resource_shaping,0.08125,0.533333333333,360
no_resource_shaping,0.08125,0.536111111111,360
no_resource_shaping,0.08125,0.538888888889,360
no_resource_shaping,0.08125,0.541666666667,360
no_resource_shaping,0.085,0.544444444444,360
no_resource_shaping,0.085,0.547222222222,360
no_resource_shaping,0.085,0.55,360
no_resource_shaping,0.085,0.552777777778,360
no_resource_shaping,0.085,0.555555555556,360
no_resource_shaping,0.0857142857143,0.558333333333,360
no_resource_shaping,0.0857142857143,0.561111111111,360
no_resource_shaping,0.0875,0.563888888889,360
no_resource_shaping,0.0875,0.566666666667,360
no_resource_shaping,0.0875,0.569444444444,360
no_resource_shaping,0.0897959183673,0.572222222222,360
no_resource_shaping,0.0897959183673,0.575,360
no_resource_shaping,0.0897959183673,0.577777777778,360
no_resource_shaping,0.0897959183673,0.580555555556,360
no_resource_shaping,0.09,0.583333333333,360
no_resource_shaping,0.09,0.586111111111,360
no_resource_shaping,0.09,0.588888888889,360
no_resource_shaping,0.09,0.591666666667,360
no_resource_shaping,0.09,0.594444444444,360
no_resource_shaping,0.09,0.597222222222,360
no_resource_shaping,0.09,0.6,360
no_resource_shaping,0.09,0.602777777778,360
no_resource_shaping,0.09375,0.605555555556,360
no_resource_shaping,0.09375,0.608333333333,360
no_resource_shaping,0.09375,0.611111111111,360
no_resource_shaping,0.09375,0.613888888889,360
no_resource_shaping,0.09375,0.616666666667,360
no_resource_shaping,0.09375,0.619444444444,360
no_resource_shaping,0.09375,0.622222222222,360
no_resource_shaping,0.09375,0.625,360
no_resource_shaping,0.09375,0.627777777778,360
no_resource_shaping,0.09375,0.630555555556,360
no_resource_shaping,0.0938775510204,0.633333333333,360
no_resource_shaping,0.0938775510204,0.636111111111,360
no_resource_shaping,0.0938775510204,0.638888888889,360
no_resource_shaping,0.0938775510204,0.641666666667,360
no_resource_shaping,0.095,0.644444444444,360
no_resource_shaping,0.095,0.647222222222,360
no_resource_shaping,0.095,0.65,360
no_resource_shaping,0.0979591836735,0.652777777778,360
no_resource_shaping,0.0979591836735,0.655555555556,360
no_resource_shaping,0.0979591836735,0.658333333333,360
no_resource_shaping,0.1,0.661111111111,360
no_resource_shaping,0.1,0.663888888889,360
no_resource_shaping,0.1,0.666666666667,360
no_resource_shaping,0.1,0.669444444444,360
no_resource_shaping,0.1,0.672222222222,360
no_resource_shaping,0.1,0.675,360
no_resource_shaping,0.1,0.677777777778,360
no_resource_shaping,0.102040816327,0.680555555556,360
no_resource_shaping,0.102040816327,0.683333333333,360
no_resource_shaping,0.102040816327,0.686111111111,360
no_resource_shaping,0.102040816327,0.688888888889,360
no_resource_shaping,0.102040816327,0.691666666667,360
no_resource_shaping,0.102040816327,0.694444444444,360
no_resource_shaping,0.105,0.697222222222,360
no_resource_shaping,0.105,0.7,360
no_resource_shaping,0.105,0.702777777778,360
no_resource_shaping,0.105,0.705555555556,360
no_resource_shaping,0.105,0.708333333333,360
no_resource_shaping,0.10612244898,0.711111111111,360
no_resource_shaping,0.10625,0.713888888889,360
no_resource_shaping,0.10625,0.716666666667,360
no_resource_shaping,0.10625,0.719444444444,360
no_resource_shaping,0.11,0.722222222222,360
no_resource_shaping,0.11,0.725,360
no_resource_shaping,0.11,0.727777777778,360
no_resource_shaping,0.1125,0.730555555556,360
no_resource_shaping,0.1125,0.733333333333,360
no_resource_shaping,0.114285714286,0.736111111111,360
no_resource_shaping,0.115,0.738888888889,360
no_resource_shaping,0.115,0.741666666667,360
no_resource_shaping,0.115,0.744444444444,360
no_resource_shaping,0.11875,0.747222222222,360
no_resource_shaping,0.11875,0.75,360
no_resource_shaping,0.11875,0.752777777778,360
no_resource_shaping,0.12,0.755555555556,360
no_resource_shaping,0.12,0.758333333333,360
no_resource_shaping,0.12,0.761111111111,360
no_resource_shaping,0.12,0.763888888889,360
no_resource_shaping,0.12,0.766666666667,360
no_resource_shaping,0.122448979592,0.769444444444,360
no_resource_shaping,0.122448979592,0.772222222222,360
no_resource_shaping,0.122448979592,0.775,360
no_resource_shaping,0.122448979592,0.777777777778,360
no_resource_shaping,0.122448979592,0.780555555556,360
no_resource_shaping,0.125,0.783333333333,360
no_resource_shaping,0.125,0.786111111111,360
no_resource_shaping,0.125,0.788888888889,360
no_resource_shaping,0.125,0.791666666667,360
no_resource_shaping,0.125,0.794444444444,360
no_resource_shaping,0.125,0.797222222222,360
no_resource_shaping,0.125,0.8,360
no_resource_shaping,0.125,0.802777777778,360
no_resource_shaping,0.125,0.805555555556,360
no_resource_shaping,0.126530612245,0.808333333333,360
no_resource_shaping,0.126530612245,0.811111111111,360
no_resource_shaping,0.126530612245,0.813888888889,360
no_resource_shaping,0.126530612245,0.816666666667,360
no_resource_shaping,0.126530612245,0.819444444444,360
no_resource_shaping,0.13,0.822222222222,360
no_resource_shaping,0.130612244898,0.825,360
no_resource_shaping,0.130612244898,0.827777777778,360
no_resource_shaping,0.13125,0.830555555556,360
no_resource_shaping,0.13125,0.833333333333,360
no_resource_shaping,0.134693877551,0.836111111111,360
no_resource_shaping,0.1375,0.838888888889,360
no_resource_shaping,0.1375,0.841666666667,360
no_resource_shaping,0.14,0.844444444444,360
no_resource_shaping,0.14,0.847222222222,360
no_resource_shaping,0.14,0.85,360
no_resource_shaping,0.142857142857,0.852777777778,360
no_resource_shaping,0.14375,0.855555555556,360
no_resource_shaping,0.14375,0.858333333333,360
no_resource_shaping,0.14375,0.861111111111,360
no_resource_shaping,0.14375,0.863888888889,360
no_resource_shaping,0.145,0.866666666667,360
no_resource_shaping,0.14693877551,0.869444444444,360
no_resource_shaping,0.14693877551,0.872222222222,360
no_resource_shaping,0.15,0.875,360
no_resource_shaping,0.15,0.877777777778,360
no_resource_shaping,0.15,0.880555555556,360
no_resource_shaping,0.15,0.883333333333,360
no_resource_shaping,0.15,0.886111111111,360
no_resource_shaping,0.151020408163,0.888888888889,360
no_resource_shaping,0.155,0.891666666667,360
no_resource_shaping,0.15625,0.894444444444,360
no_resource_shaping,0.16,0.897222222222,360
no_resource_shaping,0.16,0.9,360
no_resource_shaping,0.1625,0.902777777778,360
no_resource_shaping,0.163265306122,0.905555555556,360
no_resource_shaping,0.165,0.908333333333,360
no_resource_shaping,0.167346938776,0.911111111111,360
no_resource_shaping,0.16875,0.913888888889,360
no_resource_shaping,0.175,0.916666666667,360
no_resource_shaping,0.175,0.919444444444,360
no_resource_shaping,0.175,0.922222222222,360
no_resource_shaping,0.175510204082,0.925,360
no_resource_shaping,0.175510204082,0.927777777778,360
no_resource_shaping,0.175510204082,0.930555555556,360
no_resource_shaping,0.175510204082,0.933333333333,360
no_resource_shaping,0.179591836735,0.936111111111,360
no_resource_shaping,0.18,0.938888888889,360
no_resource_shaping,0.18,0.941666666667,360
no_resource_shaping,0.183673469388,0.944444444444,360
no_resource_shaping,0.1875,0.947222222222,360
no_resource_shaping,0.19,0.95,360
no_resource_shaping,0.19,0.952777777778,360
no_resource_shaping,0.195918367347,0.955555555556,360
no_resource_shaping,0.195918367347,0.958333333333,360
no_resource_shaping,0.2,0.961111111111,360
no_resource_shaping,0.2,0.963888888889,360
no_resource_shaping,0.20625,0.966666666667,360
no_resource_shaping,0.208163265306,0.969444444444,360
no_resource_shaping,0.208163265306,0.972222222222,360
no_resource_shaping,0.21,0.975,360
no_resource_shaping,0.22,0.977777777778,360
no_resource_shaping,0.220408163265,0.980555555556,360
no_resource_shaping,0.225,0.983333333333,360
no_resource_shaping,0.228571428571,0.986111111111,360
no_resource_shaping,0.25,0.988888888889,360
no_resource_shaping,0.261224489796,0.991666666667,360
no_resource_shaping,0.29375,0.994444444444,360
no_resource_shaping,0.315,0.997222222222,360
no_resource_shaping,0.375,1,360
no_return_reserve,0.185,0.00277777777778,360
no_return_reserve,0.19,0.00555555555556,360
no_return_reserve,0.2,0.00833333333333,360
no_return_reserve,0.205,0.0111111111111,360
no_return_reserve,0.21,0.0138888888889,360
no_return_reserve,0.21,0.0166666666667,360
no_return_reserve,0.212244897959,0.0194444444444,360
no_return_reserve,0.212244897959,0.0222222222222,360
no_return_reserve,0.216326530612,0.025,360
no_return_reserve,0.21875,0.0277777777778,360
no_return_reserve,0.22,0.0305555555556,360
no_return_reserve,0.220408163265,0.0333333333333,360
no_return_reserve,0.220408163265,0.0361111111111,360
no_return_reserve,0.220408163265,0.0388888888889,360
no_return_reserve,0.225,0.0416666666667,360
no_return_reserve,0.228571428571,0.0444444444444,360
no_return_reserve,0.23,0.0472222222222,360
no_return_reserve,0.23,0.05,360
no_return_reserve,0.236734693878,0.0527777777778,360
no_return_reserve,0.236734693878,0.0555555555556,360
no_return_reserve,0.2375,0.0583333333333,360
no_return_reserve,0.2375,0.0611111111111,360
no_return_reserve,0.24,0.0638888888889,360
no_return_reserve,0.24375,0.0666666666667,360
no_return_reserve,0.244897959184,0.0694444444444,360
no_return_reserve,0.244897959184,0.0722222222222,360
no_return_reserve,0.244897959184,0.075,360
no_return_reserve,0.245,0.0777777777778,360
no_return_reserve,0.25,0.0805555555556,360
no_return_reserve,0.25,0.0833333333333,360
no_return_reserve,0.25,0.0861111111111,360
no_return_reserve,0.25,0.0888888888889,360
no_return_reserve,0.25306122449,0.0916666666667,360
no_return_reserve,0.255,0.0944444444444,360
no_return_reserve,0.257142857143,0.0972222222222,360
no_return_reserve,0.26,0.1,360
no_return_reserve,0.26,0.102777777778,360
no_return_reserve,0.2625,0.105555555556,360
no_return_reserve,0.2625,0.108333333333,360
no_return_reserve,0.265,0.111111111111,360
no_return_reserve,0.265306122449,0.113888888889,360
no_return_reserve,0.26875,0.116666666667,360
no_return_reserve,0.27,0.119444444444,360
no_return_reserve,0.27,0.122222222222,360
no_return_reserve,0.273469387755,0.125,360
no_return_reserve,0.273469387755,0.127777777778,360
no_return_reserve,0.275,0.130555555556,360
no_return_reserve,0.277551020408,0.133333333333,360
no_return_reserve,0.28,0.136111111111,360
no_return_reserve,0.28,0.138888888889,360
no_return_reserve,0.28,0.141666666667,360
no_return_reserve,0.28125,0.144444444444,360
no_return_reserve,0.281632653061,0.147222222222,360
no_return_reserve,0.281632653061,0.15,360
no_return_reserve,0.285,0.152777777778,360
no_return_reserve,0.2875,0.155555555556,360
no_return_reserve,0.2875,0.158333333333,360
no_return_reserve,0.2875,0.161111111111,360
no_return_reserve,0.2875,0.163888888889,360
no_return_reserve,0.289795918367,0.166666666667,360
no_return_reserve,0.29,0.169444444444,360
no_return_reserve,0.29,0.172222222222,360
no_return_reserve,0.29375,0.175,360
no_return_reserve,0.295,0.177777777778,360
no_return_reserve,0.297959183673,0.180555555556,360
no_return_reserve,0.3,0.183333333333,360
no_return_reserve,0.3,0.186111111111,360
no_return_reserve,0.3,0.188888888889,360
no_return_reserve,0.302040816327,0.191666666667,360
no_return_reserve,0.305,0.194444444444,360
no_return_reserve,0.305,0.197222222222,360
no_return_reserve,0.30612244898,0.2,360
no_return_reserve,0.31,0.202777777778,360
no_return_reserve,0.310204081633,0.205555555556,360
no_return_reserve,0.310204081633,0.208333333333,360
no_return_reserve,0.310204081633,0.211111111111,360
no_return_reserve,0.3125,0.213888888889,360
no_return_reserve,0.3125,0.216666666667,360
no_return_reserve,0.315,0.219444444444,360
no_return_reserve,0.318367346939,0.222222222222,360
no_return_reserve,0.31875,0.225,360
no_return_reserve,0.32,0.227777777778,360
no_return_reserve,0.322448979592,0.230555555556,360
no_return_reserve,0.322448979592,0.233333333333,360
no_return_reserve,0.325,0.236111111111,360
no_return_reserve,0.325,0.238888888889,360
no_return_reserve,0.33125,0.241666666667,360
no_return_reserve,0.33125,0.244444444444,360
no_return_reserve,0.33125,0.247222222222,360
no_return_reserve,0.33125,0.25,360
no_return_reserve,0.334693877551,0.252777777778,360
no_return_reserve,0.334693877551,0.255555555556,360
no_return_reserve,0.334693877551,0.258333333333,360
no_return_reserve,0.3375,0.261111111111,360
no_return_reserve,0.34375,0.263888888889,360
no_return_reserve,0.34693877551,0.266666666667,360
no_return_reserve,0.34693877551,0.269444444444,360
no_return_reserve,0.34693877551,0.272222222222,360
no_return_reserve,0.35,0.275,360
no_return_reserve,0.35,0.277777777778,360
no_return_reserve,0.351020408163,0.280555555556,360
no_return_reserve,0.355,0.283333333333,360
no_return_reserve,0.35625,0.286111111111,360
no_return_reserve,0.359183673469,0.288888888889,360
no_return_reserve,0.3625,0.291666666667,360
no_return_reserve,0.363265306122,0.294444444444,360
no_return_reserve,0.367346938776,0.297222222222,360
no_return_reserve,0.367346938776,0.3,360
no_return_reserve,0.36875,0.302777777778,360
no_return_reserve,0.36875,0.305555555556,360
no_return_reserve,0.375,0.308333333333,360
no_return_reserve,0.375510204082,0.311111111111,360
no_return_reserve,0.379591836735,0.313888888889,360
no_return_reserve,0.38,0.316666666667,360
no_return_reserve,0.38125,0.319444444444,360
no_return_reserve,0.38125,0.322222222222,360
no_return_reserve,0.38125,0.325,360
no_return_reserve,0.383673469388,0.327777777778,360
no_return_reserve,0.383673469388,0.330555555556,360
no_return_reserve,0.385,0.333333333333,360
no_return_reserve,0.387755102041,0.336111111111,360
no_return_reserve,0.387755102041,0.338888888889,360
no_return_reserve,0.39,0.341666666667,360
no_return_reserve,0.39,0.344444444444,360
no_return_reserve,0.39,0.347222222222,360
no_return_reserve,0.391836734694,0.35,360
no_return_reserve,0.391836734694,0.352777777778,360
no_return_reserve,0.39375,0.355555555556,360
no_return_reserve,0.39375,0.358333333333,360
no_return_reserve,0.395,0.361111111111,360
no_return_reserve,0.4,0.363888888889,360
no_return_reserve,0.4,0.366666666667,360
no_return_reserve,0.40625,0.369444444444,360
no_return_reserve,0.412244897959,0.372222222222,360
no_return_reserve,0.4125,0.375,360
no_return_reserve,0.4125,0.377777777778,360
no_return_reserve,0.415,0.380555555556,360
no_return_reserve,0.416326530612,0.383333333333,360
no_return_reserve,0.416326530612,0.386111111111,360
no_return_reserve,0.41875,0.388888888889,360
no_return_reserve,0.42,0.391666666667,360
no_return_reserve,0.420408163265,0.394444444444,360
no_return_reserve,0.424489795918,0.397222222222,360
no_return_reserve,0.425,0.4,360
no_return_reserve,0.425,0.402777777778,360
no_return_reserve,0.425,0.405555555556,360
no_return_reserve,0.43,0.408333333333,360
no_return_reserve,0.43125,0.411111111111,360
no_return_reserve,0.43125,0.413888888889,360
no_return_reserve,0.43125,0.416666666667,360
no_return_reserve,0.432653061224,0.419444444444,360
no_return_reserve,0.435,0.422222222222,360
no_return_reserve,0.435,0.425,360
no_return_reserve,0.435,0.427777777778,360
no_return_reserve,0.436734693878,0.430555555556,360
no_return_reserve,0.4375,0.433333333333,360
no_return_reserve,0.4375,0.436111111111,360
no_return_reserve,0.4375,0.438888888889,360
no_return_reserve,0.4375,0.441666666667,360
no_return_reserve,0.44,0.444444444444,360
no_return_reserve,0.44,0.447222222222,360
no_return_reserve,0.44375,0.45,360
no_return_reserve,0.444897959184,0.452777777778,360
no_return_reserve,0.444897959184,0.455555555556,360
no_return_reserve,0.445,0.458333333333,360
no_return_reserve,0.448979591837,0.461111111111,360
no_return_reserve,0.448979591837,0.463888888889,360
no_return_reserve,0.45306122449,0.466666666667,360
no_return_reserve,0.455,0.469444444444,360
no_return_reserve,0.45625,0.472222222222,360
no_return_reserve,0.457142857143,0.475,360
no_return_reserve,0.457142857143,0.477777777778,360
no_return_reserve,0.46,0.480555555556,360
no_return_reserve,0.46,0.483333333333,360
no_return_reserve,0.4625,0.486111111111,360
no_return_reserve,0.465,0.488888888889,360
no_return_reserve,0.465306122449,0.491666666667,360
no_return_reserve,0.46875,0.494444444444,360
no_return_reserve,0.46875,0.497222222222,360
no_return_reserve,0.47,0.5,360
no_return_reserve,0.47,0.502777777778,360
no_return_reserve,0.47,0.505555555556,360
no_return_reserve,0.473469387755,0.508333333333,360
no_return_reserve,0.473469387755,0.511111111111,360
no_return_reserve,0.475,0.513888888889,360
no_return_reserve,0.475,0.516666666667,360
no_return_reserve,0.475,0.519444444444,360
no_return_reserve,0.475,0.522222222222,360
no_return_reserve,0.477551020408,0.525,360
no_return_reserve,0.477551020408,0.527777777778,360
no_return_reserve,0.48,0.530555555556,360
no_return_reserve,0.481632653061,0.533333333333,360
no_return_reserve,0.481632653061,0.536111111111,360
no_return_reserve,0.485,0.538888888889,360
no_return_reserve,0.4875,0.541666666667,360
no_return_reserve,0.4875,0.544444444444,360
no_return_reserve,0.489795918367,0.547222222222,360
no_return_reserve,0.49,0.55,360
no_return_reserve,0.49,0.552777777778,360
no_return_reserve,0.49387755102,0.555555555556,360
no_return_reserve,0.49387755102,0.558333333333,360
no_return_reserve,0.495,0.561111111111,360
no_return_reserve,0.495,0.563888888889,360
no_return_reserve,0.495,0.566666666667,360
no_return_reserve,0.505,0.569444444444,360
no_return_reserve,0.505,0.572222222222,360
no_return_reserve,0.50625,0.575,360
no_return_reserve,0.51,0.577777777778,360
no_return_reserve,0.510204081633,0.580555555556,360
no_return_reserve,0.5125,0.583333333333,360
no_return_reserve,0.514285714286,0.586111111111,360
no_return_reserve,0.514285714286,0.588888888889,360
no_return_reserve,0.514285714286,0.591666666667,360
no_return_reserve,0.51875,0.594444444444,360
no_return_reserve,0.52,0.597222222222,360
no_return_reserve,0.52,0.6,360
no_return_reserve,0.522448979592,0.602777777778,360
no_return_reserve,0.525,0.605555555556,360
no_return_reserve,0.525,0.608333333333,360
no_return_reserve,0.525,0.611111111111,360
no_return_reserve,0.526530612245,0.613888888889,360
no_return_reserve,0.530612244898,0.616666666667,360
no_return_reserve,0.53125,0.619444444444,360
no_return_reserve,0.53125,0.622222222222,360
no_return_reserve,0.53125,0.625,360
no_return_reserve,0.53125,0.627777777778,360
no_return_reserve,0.5375,0.630555555556,360
no_return_reserve,0.5375,0.633333333333,360
no_return_reserve,0.54,0.636111111111,360
no_return_reserve,0.54375,0.638888888889,360
no_return_reserve,0.54375,0.641666666667,360
no_return_reserve,0.545,0.644444444444,360
no_return_reserve,0.545,0.647222222222,360
no_return_reserve,0.545,0.65,360
no_return_reserve,0.54693877551,0.652777777778,360
no_return_reserve,0.54693877551,0.655555555556,360
no_return_reserve,0.55,0.658333333333,360
no_return_reserve,0.55,0.661111111111,360
no_return_reserve,0.55,0.663888888889,360
no_return_reserve,0.551020408163,0.666666666667,360
no_return_reserve,0.55625,0.669444444444,360
no_return_reserve,0.56,0.672222222222,360
no_return_reserve,0.5625,0.675,360
no_return_reserve,0.5625,0.677777777778,360
no_return_reserve,0.565,0.680555555556,360
no_return_reserve,0.565,0.683333333333,360
no_return_reserve,0.565,0.686111111111,360
no_return_reserve,0.567346938776,0.688888888889,360
no_return_reserve,0.56875,0.691666666667,360
no_return_reserve,0.57,0.694444444444,360
no_return_reserve,0.57,0.697222222222,360
no_return_reserve,0.571428571429,0.7,360
no_return_reserve,0.575,0.702777777778,360
no_return_reserve,0.575,0.705555555556,360
no_return_reserve,0.575,0.708333333333,360
no_return_reserve,0.575,0.711111111111,360
no_return_reserve,0.575510204082,0.713888888889,360
no_return_reserve,0.575510204082,0.716666666667,360
no_return_reserve,0.575510204082,0.719444444444,360
no_return_reserve,0.579591836735,0.722222222222,360
no_return_reserve,0.579591836735,0.725,360
no_return_reserve,0.579591836735,0.727777777778,360
no_return_reserve,0.579591836735,0.730555555556,360
no_return_reserve,0.58,0.733333333333,360
no_return_reserve,0.58125,0.736111111111,360
no_return_reserve,0.583673469388,0.738888888889,360
no_return_reserve,0.583673469388,0.741666666667,360
no_return_reserve,0.583673469388,0.744444444444,360
no_return_reserve,0.585,0.747222222222,360
no_return_reserve,0.585,0.75,360
no_return_reserve,0.5875,0.752777777778,360
no_return_reserve,0.5875,0.755555555556,360
no_return_reserve,0.59,0.758333333333,360
no_return_reserve,0.59,0.761111111111,360
no_return_reserve,0.591836734694,0.763888888889,360
no_return_reserve,0.59375,0.766666666667,360
no_return_reserve,0.59375,0.769444444444,360
no_return_reserve,0.595918367347,0.772222222222,360
no_return_reserve,0.595918367347,0.775,360
no_return_reserve,0.6,0.777777777778,360
no_return_reserve,0.6,0.780555555556,360
no_return_reserve,0.6,0.783333333333,360
no_return_reserve,0.6,0.786111111111,360
no_return_reserve,0.6,0.788888888889,360
no_return_reserve,0.6,0.791666666667,360
no_return_reserve,0.605,0.794444444444,360
no_return_reserve,0.605,0.797222222222,360
no_return_reserve,0.60625,0.8,360
no_return_reserve,0.60625,0.802777777778,360
no_return_reserve,0.608163265306,0.805555555556,360
no_return_reserve,0.61,0.808333333333,360
no_return_reserve,0.612244897959,0.811111111111,360
no_return_reserve,0.615,0.813888888889,360
no_return_reserve,0.615,0.816666666667,360
no_return_reserve,0.615,0.819444444444,360
no_return_reserve,0.61875,0.822222222222,360
no_return_reserve,0.61875,0.825,360
no_return_reserve,0.624489795918,0.827777777778,360
no_return_reserve,0.625,0.830555555556,360
no_return_reserve,0.625,0.833333333333,360
no_return_reserve,0.625,0.836111111111,360
no_return_reserve,0.625,0.838888888889,360
no_return_reserve,0.625,0.841666666667,360
no_return_reserve,0.625,0.844444444444,360
no_return_reserve,0.625,0.847222222222,360
no_return_reserve,0.625,0.85,360
no_return_reserve,0.628571428571,0.852777777778,360
no_return_reserve,0.628571428571,0.855555555556,360
no_return_reserve,0.63,0.858333333333,360
no_return_reserve,0.635,0.861111111111,360
no_return_reserve,0.635,0.863888888889,360
no_return_reserve,0.636734693878,0.866666666667,360
no_return_reserve,0.6375,0.869444444444,360
no_return_reserve,0.6375,0.872222222222,360
no_return_reserve,0.6375,0.875,360
no_return_reserve,0.64,0.877777777778,360
no_return_reserve,0.640816326531,0.880555555556,360
no_return_reserve,0.64375,0.883333333333,360
no_return_reserve,0.64375,0.886111111111,360
no_return_reserve,0.644897959184,0.888888888889,360
no_return_reserve,0.645,0.891666666667,360
no_return_reserve,0.645,0.894444444444,360
no_return_reserve,0.648979591837,0.897222222222,360
no_return_reserve,0.648979591837,0.9,360
no_return_reserve,0.65,0.902777777778,360
no_return_reserve,0.65,0.905555555556,360
no_return_reserve,0.65,0.908333333333,360
no_return_reserve,0.65,0.911111111111,360
no_return_reserve,0.65,0.913888888889,360
no_return_reserve,0.655,0.916666666667,360
no_return_reserve,0.65625,0.919444444444,360
no_return_reserve,0.657142857143,0.922222222222,360
no_return_reserve,0.657142857143,0.925,360
no_return_reserve,0.657142857143,0.927777777778,360
no_return_reserve,0.657142857143,0.930555555556,360
no_return_reserve,0.661224489796,0.933333333333,360
no_return_reserve,0.661224489796,0.936111111111,360
no_return_reserve,0.6625,0.938888888889,360
no_return_reserve,0.665,0.941666666667,360
no_return_reserve,0.665306122449,0.944444444444,360
no_return_reserve,0.66875,0.947222222222,360
no_return_reserve,0.66875,0.95,360
no_return_reserve,0.66875,0.952777777778,360
no_return_reserve,0.669387755102,0.955555555556,360
no_return_reserve,0.67,0.958333333333,360
no_return_reserve,0.673469387755,0.961111111111,360
no_return_reserve,0.68125,0.963888888889,360
no_return_reserve,0.68125,0.966666666667,360
no_return_reserve,0.685714285714,0.969444444444,360
no_return_reserve,0.69375,0.972222222222,360
no_return_reserve,0.695,0.975,360
no_return_reserve,0.7,0.977777777778,360
no_return_reserve,0.70625,0.980555555556,360
no_return_reserve,0.715,0.983333333333,360
no_return_reserve,0.725,0.986111111111,360
no_return_reserve,0.735,0.988888888889,360
no_return_reserve,0.74375,0.991666666667,360
no_return_reserve,0.74375,0.994444444444,360
no_return_reserve,0.75625,0.997222222222,360
no_return_reserve,0.75625,1,360
priority_resource_greedy,0,0.00277777777778,360
priority_resource_greedy,0,0.00555555555556,360
priority_resource_greedy,0,0.00833333333333,360
priority_resource_greedy,0,0.0111111111111,360
priority_resource_greedy,0,0.0138888888889,360
priority_resource_greedy,0,0.0166666666667,360
priority_resource_greedy,0,0.0194444444444,360
priority_resource_greedy,0,0.0222222222222,360
priority_resource_greedy,0,0.025,360
priority_resource_greedy,0,0.0277777777778,360
priority_resource_greedy,0,0.0305555555556,360
priority_resource_greedy,0,0.0333333333333,360
priority_resource_greedy,0,0.0361111111111,360
priority_resource_greedy,0,0.0388888888889,360
priority_resource_greedy,0,0.0416666666667,360
priority_resource_greedy,0,0.0444444444444,360
priority_resource_greedy,0,0.0472222222222,360
priority_resource_greedy,0,0.05,360
priority_resource_greedy,0,0.0527777777778,360
priority_resource_greedy,0,0.0555555555556,360
priority_resource_greedy,0,0.0583333333333,360
priority_resource_greedy,0,0.0611111111111,360
priority_resource_greedy,0,0.0638888888889,360
priority_resource_greedy,0,0.0666666666667,360
priority_resource_greedy,0,0.0694444444444,360
priority_resource_greedy,0,0.0722222222222,360
priority_resource_greedy,0,0.075,360
priority_resource_greedy,0,0.0777777777778,360
priority_resource_greedy,0,0.0805555555556,360
priority_resource_greedy,0.00408163265306,0.0833333333333,360
priority_resource_greedy,0.0204081632653,0.0861111111111,360
priority_resource_greedy,0.0204081632653,0.0888888888889,360
priority_resource_greedy,0.0204081632653,0.0916666666667,360
priority_resource_greedy,0.0204081632653,0.0944444444444,360
priority_resource_greedy,0.0204081632653,0.0972222222222,360
priority_resource_greedy,0.025,0.1,360
priority_resource_greedy,0.025,0.102777777778,360
priority_resource_greedy,0.025,0.105555555556,360
priority_resource_greedy,0.025,0.108333333333,360
priority_resource_greedy,0.025,0.111111111111,360
priority_resource_greedy,0.025,0.113888888889,360
priority_resource_greedy,0.025,0.116666666667,360
priority_resource_greedy,0.025,0.119444444444,360
priority_resource_greedy,0.03125,0.122222222222,360
priority_resource_greedy,0.03125,0.125,360
priority_resource_greedy,0.03125,0.127777777778,360
priority_resource_greedy,0.03125,0.130555555556,360
priority_resource_greedy,0.03125,0.133333333333,360
priority_resource_greedy,0.03125,0.136111111111,360
priority_resource_greedy,0.03125,0.138888888889,360
priority_resource_greedy,0.03125,0.141666666667,360
priority_resource_greedy,0.03125,0.144444444444,360
priority_resource_greedy,0.03125,0.147222222222,360
priority_resource_greedy,0.03125,0.15,360
priority_resource_greedy,0.03125,0.152777777778,360
priority_resource_greedy,0.03125,0.155555555556,360
priority_resource_greedy,0.03125,0.158333333333,360
priority_resource_greedy,0.0408163265306,0.161111111111,360
priority_resource_greedy,0.0408163265306,0.163888888889,360
priority_resource_greedy,0.0408163265306,0.166666666667,360
priority_resource_greedy,0.0408163265306,0.169444444444,360
priority_resource_greedy,0.0408163265306,0.172222222222,360
priority_resource_greedy,0.0408163265306,0.175,360
priority_resource_greedy,0.0408163265306,0.177777777778,360
priority_resource_greedy,0.0408163265306,0.180555555556,360
priority_resource_greedy,0.0408163265306,0.183333333333,360
priority_resource_greedy,0.0408163265306,0.186111111111,360
priority_resource_greedy,0.05,0.188888888889,360
priority_resource_greedy,0.05,0.191666666667,360
priority_resource_greedy,0.05,0.194444444444,360
priority_resource_greedy,0.05,0.197222222222,360
priority_resource_greedy,0.05,0.2,360
priority_resource_greedy,0.05,0.202777777778,360
priority_resource_greedy,0.05,0.205555555556,360
priority_resource_greedy,0.05,0.208333333333,360
priority_resource_greedy,0.05,0.211111111111,360
priority_resource_greedy,0.05,0.213888888889,360
priority_resource_greedy,0.05,0.216666666667,360
priority_resource_greedy,0.05,0.219444444444,360
priority_resource_greedy,0.05,0.222222222222,360
priority_resource_greedy,0.05,0.225,360
priority_resource_greedy,0.05,0.227777777778,360
priority_resource_greedy,0.05,0.230555555556,360
priority_resource_greedy,0.05,0.233333333333,360
priority_resource_greedy,0.05,0.236111111111,360
priority_resource_greedy,0.0612244897959,0.238888888889,360
priority_resource_greedy,0.0612244897959,0.241666666667,360
priority_resource_greedy,0.0612244897959,0.244444444444,360
priority_resource_greedy,0.0612244897959,0.247222222222,360
priority_resource_greedy,0.0612244897959,0.25,360
priority_resource_greedy,0.0612244897959,0.252777777778,360
priority_resource_greedy,0.0612244897959,0.255555555556,360
priority_resource_greedy,0.0612244897959,0.258333333333,360
priority_resource_greedy,0.0625,0.261111111111,360
priority_resource_greedy,0.0625,0.263888888889,360
priority_resource_greedy,0.0625,0.266666666667,360
priority_resource_greedy,0.0625,0.269444444444,360
priority_resource_greedy,0.0625,0.272222222222,360
priority_resource_greedy,0.0625,0.275,360
priority_resource_greedy,0.0625,0.277777777778,360
priority_resource_greedy,0.0625,0.280555555556,360
priority_resource_greedy,0.0625,0.283333333333,360
priority_resource_greedy,0.0625,0.286111111111,360
priority_resource_greedy,0.0625,0.288888888889,360
priority_resource_greedy,0.0625,0.291666666667,360
priority_resource_greedy,0.0625,0.294444444444,360
priority_resource_greedy,0.0625,0.297222222222,360
priority_resource_greedy,0.0625,0.3,360
priority_resource_greedy,0.0625,0.302777777778,360
priority_resource_greedy,0.0625,0.305555555556,360
priority_resource_greedy,0.0625,0.308333333333,360
priority_resource_greedy,0.0625,0.311111111111,360
priority_resource_greedy,0.0625,0.313888888889,360
priority_resource_greedy,0.0625,0.316666666667,360
priority_resource_greedy,0.0625,0.319444444444,360
priority_resource_greedy,0.075,0.322222222222,360
priority_resource_greedy,0.075,0.325,360
priority_resource_greedy,0.075,0.327777777778,360
priority_resource_greedy,0.075,0.330555555556,360
priority_resource_greedy,0.075,0.333333333333,360
priority_resource_greedy,0.075,0.336111111111,360
priority_resource_greedy,0.075,0.338888888889,360
priority_resource_greedy,0.075,0.341666666667,360
priority_resource_greedy,0.075,0.344444444444,360
priority_resource_greedy,0.075,0.347222222222,360
priority_resource_greedy,0.075,0.35,360
priority_resource_greedy,0.075,0.352777777778,360
priority_resource_greedy,0.075,0.355555555556,360
priority_resource_greedy,0.075,0.358333333333,360
priority_resource_greedy,0.0816326530612,0.361111111111,360
priority_resource_greedy,0.0816326530612,0.363888888889,360
priority_resource_greedy,0.0816326530612,0.366666666667,360
priority_resource_greedy,0.0816326530612,0.369444444444,360
priority_resource_greedy,0.0816326530612,0.372222222222,360
priority_resource_greedy,0.0816326530612,0.375,360
priority_resource_greedy,0.0816326530612,0.377777777778,360
priority_resource_greedy,0.0816326530612,0.380555555556,360
priority_resource_greedy,0.0816326530612,0.383333333333,360
priority_resource_greedy,0.0816326530612,0.386111111111,360
priority_resource_greedy,0.09375,0.388888888889,360
priority_resource_greedy,0.09375,0.391666666667,360
priority_resource_greedy,0.09375,0.394444444444,360
priority_resource_greedy,0.09375,0.397222222222,360
priority_resource_greedy,0.09375,0.4,360
priority_resource_greedy,0.09375,0.402777777778,360
priority_resource_greedy,0.09375,0.405555555556,360
priority_resource_greedy,0.09375,0.408333333333,360
priority_resource_greedy,0.09375,0.411111111111,360
priority_resource_greedy,0.09375,0.413888888889,360
priority_resource_greedy,0.09375,0.416666666667,360
priority_resource_greedy,0.09375,0.419444444444,360
priority_resource_greedy,0.09375,0.422222222222,360
priority_resource_greedy,0.09375,0.425,360
priority_resource_greedy,0.09375,0.427777777778,360
priority_resource_greedy,0.09375,0.430555555556,360
priority_resource_greedy,0.09375,0.433333333333,360
priority_resource_greedy,0.09375,0.436111111111,360
priority_resource_greedy,0.09375,0.438888888889,360
priority_resource_greedy,0.09375,0.441666666667,360
priority_resource_greedy,0.09375,0.444444444444,360
priority_resource_greedy,0.09375,0.447222222222,360
priority_resource_greedy,0.09375,0.45,360
priority_resource_greedy,0.09375,0.452777777778,360
priority_resource_greedy,0.09375,0.455555555556,360
priority_resource_greedy,0.1,0.458333333333,360
priority_resource_greedy,0.1,0.461111111111,360
priority_resource_greedy,0.1,0.463888888889,360
priority_resource_greedy,0.1,0.466666666667,360
priority_resource_greedy,0.1,0.469444444444,360
priority_resource_greedy,0.1,0.472222222222,360
priority_resource_greedy,0.1,0.475,360
priority_resource_greedy,0.1,0.477777777778,360
priority_resource_greedy,0.1,0.480555555556,360
priority_resource_greedy,0.1,0.483333333333,360
priority_resource_greedy,0.1,0.486111111111,360
priority_resource_greedy,0.1,0.488888888889,360
priority_resource_greedy,0.1,0.491666666667,360
priority_resource_greedy,0.1,0.494444444444,360
priority_resource_greedy,0.1,0.497222222222,360
priority_resource_greedy,0.1,0.5,360
priority_resource_greedy,0.102040816327,0.502777777778,360
priority_resource_greedy,0.102040816327,0.505555555556,360
priority_resource_greedy,0.102040816327,0.508333333333,360
priority_resource_greedy,0.102040816327,0.511111111111,360
priority_resource_greedy,0.102040816327,0.513888888889,360
priority_resource_greedy,0.102040816327,0.516666666667,360
priority_resource_greedy,0.102040816327,0.519444444444,360
priority_resource_greedy,0.102040816327,0.522222222222,360
priority_resource_greedy,0.102040816327,0.525,360
priority_resource_greedy,0.102040816327,0.527777777778,360
priority_resource_greedy,0.102040816327,0.530555555556,360
priority_resource_greedy,0.10612244898,0.533333333333,360
priority_resource_greedy,0.122448979592,0.536111111111,360
priority_resource_greedy,0.122448979592,0.538888888889,360
priority_resource_greedy,0.122448979592,0.541666666667,360
priority_resource_greedy,0.122448979592,0.544444444444,360
priority_resource_greedy,0.122448979592,0.547222222222,360
priority_resource_greedy,0.122448979592,0.55,360
priority_resource_greedy,0.122448979592,0.552777777778,360
priority_resource_greedy,0.122448979592,0.555555555556,360
priority_resource_greedy,0.122448979592,0.558333333333,360
priority_resource_greedy,0.122448979592,0.561111111111,360
priority_resource_greedy,0.122448979592,0.563888888889,360
priority_resource_greedy,0.122448979592,0.566666666667,360
priority_resource_greedy,0.122448979592,0.569444444444,360
priority_resource_greedy,0.122448979592,0.572222222222,360
priority_resource_greedy,0.122448979592,0.575,360
priority_resource_greedy,0.122448979592,0.577777777778,360
priority_resource_greedy,0.125,0.580555555556,360
priority_resource_greedy,0.125,0.583333333333,360
priority_resource_greedy,0.125,0.586111111111,360
priority_resource_greedy,0.125,0.588888888889,360
priority_resource_greedy,0.125,0.591666666667,360
priority_resource_greedy,0.125,0.594444444444,360
priority_resource_greedy,0.125,0.597222222222,360
priority_resource_greedy,0.125,0.6,360
priority_resource_greedy,0.125,0.602777777778,360
priority_resource_greedy,0.125,0.605555555556,360
priority_resource_greedy,0.125,0.608333333333,360
priority_resource_greedy,0.125,0.611111111111,360
priority_resource_greedy,0.125,0.613888888889,360
priority_resource_greedy,0.125,0.616666666667,360
priority_resource_greedy,0.125,0.619444444444,360
priority_resource_greedy,0.125,0.622222222222,360
priority_resource_greedy,0.125,0.625,360
priority_resource_greedy,0.125,0.627777777778,360
priority_resource_greedy,0.125,0.630555555556,360
priority_resource_greedy,0.125,0.633333333333,360
priority_resource_greedy,0.125,0.636111111111,360
priority_resource_greedy,0.125,0.638888888889,360
priority_resource_greedy,0.125,0.641666666667,360
priority_resource_greedy,0.125,0.644444444444,360
priority_resource_greedy,0.125,0.647222222222,360
priority_resource_greedy,0.142857142857,0.65,360
priority_resource_greedy,0.142857142857,0.652777777778,360
priority_resource_greedy,0.142857142857,0.655555555556,360
priority_resource_greedy,0.142857142857,0.658333333333,360
priority_resource_greedy,0.142857142857,0.661111111111,360
priority_resource_greedy,0.142857142857,0.663888888889,360
priority_resource_greedy,0.142857142857,0.666666666667,360
priority_resource_greedy,0.142857142857,0.669444444444,360
priority_resource_greedy,0.142857142857,0.672222222222,360
priority_resource_greedy,0.142857142857,0.675,360
priority_resource_greedy,0.142857142857,0.677777777778,360
priority_resource_greedy,0.142857142857,0.680555555556,360
priority_resource_greedy,0.142857142857,0.683333333333,360
priority_resource_greedy,0.15,0.686111111111,360
priority_resource_greedy,0.15,0.688888888889,360
priority_resource_greedy,0.15,0.691666666667,360
priority_resource_greedy,0.15,0.694444444444,360
priority_resource_greedy,0.15,0.697222222222,360
priority_resource_greedy,0.15,0.7,360
priority_resource_greedy,0.15,0.702777777778,360
priority_resource_greedy,0.15,0.705555555556,360
priority_resource_greedy,0.15,0.708333333333,360
priority_resource_greedy,0.15,0.711111111111,360
priority_resource_greedy,0.15,0.713888888889,360
priority_resource_greedy,0.15,0.716666666667,360
priority_resource_greedy,0.15,0.719444444444,360
priority_resource_greedy,0.15,0.722222222222,360
priority_resource_greedy,0.15,0.725,360
priority_resource_greedy,0.15,0.727777777778,360
priority_resource_greedy,0.15,0.730555555556,360
priority_resource_greedy,0.15625,0.733333333333,360
priority_resource_greedy,0.15625,0.736111111111,360
priority_resource_greedy,0.15625,0.738888888889,360
priority_resource_greedy,0.15625,0.741666666667,360
priority_resource_greedy,0.15625,0.744444444444,360
priority_resource_greedy,0.15625,0.747222222222,360
priority_resource_greedy,0.15625,0.75,360
priority_resource_greedy,0.15625,0.752777777778,360
priority_resource_greedy,0.15625,0.755555555556,360
priority_resource_greedy,0.163265306122,0.758333333333,360
priority_resource_greedy,0.163265306122,0.761111111111,360
priority_resource_greedy,0.163265306122,0.763888888889,360
priority_resource_greedy,0.163265306122,0.766666666667,360
priority_resource_greedy,0.163265306122,0.769444444444,360
priority_resource_greedy,0.163265306122,0.772222222222,360
priority_resource_greedy,0.163265306122,0.775,360
priority_resource_greedy,0.163265306122,0.777777777778,360
priority_resource_greedy,0.175,0.780555555556,360
priority_resource_greedy,0.175,0.783333333333,360
priority_resource_greedy,0.175,0.786111111111,360
priority_resource_greedy,0.175,0.788888888889,360
priority_resource_greedy,0.175,0.791666666667,360
priority_resource_greedy,0.183673469388,0.794444444444,360
priority_resource_greedy,0.183673469388,0.797222222222,360
priority_resource_greedy,0.183673469388,0.8,360
priority_resource_greedy,0.183673469388,0.802777777778,360
priority_resource_greedy,0.183673469388,0.805555555556,360
priority_resource_greedy,0.183673469388,0.808333333333,360
priority_resource_greedy,0.183673469388,0.811111111111,360
priority_resource_greedy,0.183673469388,0.813888888889,360
priority_resource_greedy,0.183673469388,0.816666666667,360
priority_resource_greedy,0.183673469388,0.819444444444,360
priority_resource_greedy,0.1875,0.822222222222,360
priority_resource_greedy,0.1875,0.825,360
priority_resource_greedy,0.1875,0.827777777778,360
priority_resource_greedy,0.1875,0.830555555556,360
priority_resource_greedy,0.1875,0.833333333333,360
priority_resource_greedy,0.1875,0.836111111111,360
priority_resource_greedy,0.1875,0.838888888889,360
priority_resource_greedy,0.1875,0.841666666667,360
priority_resource_greedy,0.1875,0.844444444444,360
priority_resource_greedy,0.1875,0.847222222222,360
priority_resource_greedy,0.2,0.85,360
priority_resource_greedy,0.2,0.852777777778,360
priority_resource_greedy,0.2,0.855555555556,360
priority_resource_greedy,0.2,0.858333333333,360
priority_resource_greedy,0.2,0.861111111111,360
priority_resource_greedy,0.2,0.863888888889,360
priority_resource_greedy,0.204081632653,0.866666666667,360
priority_resource_greedy,0.204081632653,0.869444444444,360
priority_resource_greedy,0.204081632653,0.872222222222,360
priority_resource_greedy,0.204081632653,0.875,360
priority_resource_greedy,0.21875,0.877777777778,360
priority_resource_greedy,0.21875,0.880555555556,360
priority_resource_greedy,0.21875,0.883333333333,360
priority_resource_greedy,0.21875,0.886111111111,360
priority_resource_greedy,0.21875,0.888888888889,360
priority_resource_greedy,0.224489795918,0.891666666667,360
priority_resource_greedy,0.224489795918,0.894444444444,360
priority_resource_greedy,0.225,0.897222222222,360
priority_resource_greedy,0.225,0.9,360
priority_resource_greedy,0.225,0.902777777778,360
priority_resource_greedy,0.225,0.905555555556,360
priority_resource_greedy,0.244897959184,0.908333333333,360
priority_resource_greedy,0.244897959184,0.911111111111,360
priority_resource_greedy,0.244897959184,0.913888888889,360
priority_resource_greedy,0.25,0.916666666667,360
priority_resource_greedy,0.25,0.919444444444,360
priority_resource_greedy,0.25,0.922222222222,360
priority_resource_greedy,0.25,0.925,360
priority_resource_greedy,0.25,0.927777777778,360
priority_resource_greedy,0.25,0.930555555556,360
priority_resource_greedy,0.25,0.933333333333,360
priority_resource_greedy,0.265306122449,0.936111111111,360
priority_resource_greedy,0.265306122449,0.938888888889,360
priority_resource_greedy,0.275,0.941666666667,360
priority_resource_greedy,0.275,0.944444444444,360
priority_resource_greedy,0.28125,0.947222222222,360
priority_resource_greedy,0.285714285714,0.95,360
priority_resource_greedy,0.285714285714,0.952777777778,360
priority_resource_greedy,0.3,0.955555555556,360
priority_resource_greedy,0.3,0.958333333333,360
priority_resource_greedy,0.3,0.961111111111,360
priority_resource_greedy,0.30612244898,0.963888888889,360
priority_resource_greedy,0.325,0.966666666667,360
priority_resource_greedy,0.326530612245,0.969444444444,360
priority_resource_greedy,0.326530612245,0.972222222222,360
priority_resource_greedy,0.326530612245,0.975,360
priority_resource_greedy,0.326530612245,0.977777777778,360
priority_resource_greedy,0.34693877551,0.980555555556,360
priority_resource_greedy,0.35,0.983333333333,360
priority_resource_greedy,0.35,0.986111111111,360
priority_resource_greedy,0.367346938776,0.988888888889,360
priority_resource_greedy,0.387755102041,0.991666666667,360
priority_resource_greedy,0.40625,0.994444444444,360
priority_resource_greedy,0.408163265306,0.997222222222,360
priority_resource_greedy,0.448979591837,1,360
pso,0,0.0138888888889,72
pso,0.00625,0.0277777777778,72
pso,0.01875,0.0416666666667,72
pso,0.02,0.0555555555556,72
pso,0.03125,0.0694444444444,72
pso,0.035,0.0833333333333,72
pso,0.0375,0.0972222222222,72
pso,0.0375,0.111111111111,72
pso,0.04375,0.125,72
pso,0.05,0.138888888889,72
pso,0.055,0.152777777778,72
pso,0.05625,0.166666666667,72
pso,0.0625,0.180555555556,72
pso,0.065,0.194444444444,72
pso,0.069387755102,0.208333333333,72
pso,0.07,0.222222222222,72
pso,0.075,0.236111111111,72
pso,0.08125,0.25,72
pso,0.08125,0.263888888889,72
pso,0.08125,0.277777777778,72
pso,0.08125,0.291666666667,72
pso,0.085,0.305555555556,72
pso,0.0875,0.319444444444,72
pso,0.0897959183673,0.333333333333,72
pso,0.0897959183673,0.347222222222,72
pso,0.09,0.361111111111,72
pso,0.0938775510204,0.375,72
pso,0.0938775510204,0.388888888889,72
pso,0.095,0.402777777778,72
pso,0.1,0.416666666667,72
pso,0.105,0.430555555556,72
pso,0.10625,0.444444444444,72
pso,0.10625,0.458333333333,72
pso,0.10625,0.472222222222,72
pso,0.11,0.486111111111,72
pso,0.12,0.5,72
pso,0.122448979592,0.513888888889,72
pso,0.125,0.527777777778,72
pso,0.125,0.541666666667,72
pso,0.130612244898,0.555555555556,72
pso,0.13125,0.569444444444,72
pso,0.13125,0.583333333333,72
pso,0.135,0.597222222222,72
pso,0.135,0.611111111111,72
pso,0.135,0.625,72
pso,0.1375,0.638888888889,72
pso,0.138775510204,0.652777777778,72
pso,0.145,0.666666666667,72
pso,0.14693877551,0.680555555556,72
pso,0.15,0.694444444444,72
pso,0.151020408163,0.708333333333,72
pso,0.155,0.722222222222,72
pso,0.155102040816,0.736111111111,72
pso,0.15625,0.75,72
pso,0.159183673469,0.763888888889,72
pso,0.159183673469,0.777777777778,72
pso,0.163265306122,0.791666666667,72
pso,0.165,0.805555555556,72
pso,0.167346938776,0.819444444444,72
pso,0.171428571429,0.833333333333,72
pso,0.171428571429,0.847222222222,72
pso,0.175510204082,0.861111111111,72
pso,0.175510204082,0.875,72
pso,0.179591836735,0.888888888889,72
pso,0.191836734694,0.902777777778,72
pso,0.195918367347,0.916666666667,72
pso,0.21,0.930555555556,72
pso,0.225,0.944444444444,72
pso,0.235,0.958333333333,72
pso,0.265306122449,0.972222222222,72
pso,0.285,0.986111111111,72
pso,0.34693877551,1,72
sa,0,0.00462962962963,216
sa,0,0.00925925925926,216
sa,0,0.0138888888889,216
sa,0,0.0185185185185,216
sa,0,0.0231481481481,216
sa,0,0.0277777777778,216
sa,0,0.0324074074074,216
sa,0,0.037037037037,216
sa,0,0.0416666666667,216
sa,0,0.0462962962963,216
sa,0,0.0509259259259,216
sa,0,0.0555555555556,216
sa,0,0.0601851851852,216
sa,0,0.0648148148148,216
sa,0,0.0694444444444,216
sa,0,0.0740740740741,216
sa,0,0.0787037037037,216
sa,0,0.0833333333333,216
sa,0,0.087962962963,216
sa,0,0.0925925925926,216
sa,0,0.0972222222222,216
sa,0,0.101851851852,216
sa,0,0.106481481481,216
sa,0,0.111111111111,216
sa,0,0.115740740741,216
sa,0,0.12037037037,216
sa,0,0.125,216
sa,0,0.12962962963,216
sa,0,0.134259259259,216
sa,0,0.138888888889,216
sa,0,0.143518518519,216
sa,0,0.148148148148,216
sa,0,0.152777777778,216
sa,0,0.157407407407,216
sa,0,0.162037037037,216
sa,0,0.166666666667,216
sa,0,0.171296296296,216
sa,0,0.175925925926,216
sa,0,0.180555555556,216
sa,0,0.185185185185,216
sa,0,0.189814814815,216
sa,0,0.194444444444,216
sa,0,0.199074074074,216
sa,0,0.203703703704,216
sa,0,0.208333333333,216
sa,0,0.212962962963,216
sa,0,0.217592592593,216
sa,0,0.222222222222,216
sa,0,0.226851851852,216
sa,0,0.231481481481,216
sa,0,0.236111111111,216
sa,0,0.240740740741,216
sa,0,0.24537037037,216
sa,0,0.25,216
sa,0,0.25462962963,216
sa,0,0.259259259259,216
sa,0,0.263888888889,216
sa,0,0.268518518519,216
sa,0,0.273148148148,216
sa,0,0.277777777778,216
sa,0,0.282407407407,216
sa,0,0.287037037037,216
sa,0.00408163265306,0.291666666667,216
sa,0.00408163265306,0.296296296296,216
sa,0.00408163265306,0.300925925926,216
sa,0.00408163265306,0.305555555556,216
sa,0.00408163265306,0.310185185185,216
sa,0.005,0.314814814815,216
sa,0.005,0.319444444444,216
sa,0.00625,0.324074074074,216
sa,0.00625,0.328703703704,216
sa,0.00625,0.333333333333,216
sa,0.00625,0.337962962963,216
sa,0.00625,0.342592592593,216
sa,0.00625,0.347222222222,216
sa,0.00625,0.351851851852,216
sa,0.00625,0.356481481481,216
sa,0.00816326530612,0.361111111111,216
sa,0.00816326530612,0.365740740741,216
sa,0.00816326530612,0.37037037037,216
sa,0.00816326530612,0.375,216
sa,0.00816326530612,0.37962962963,216
sa,0.00816326530612,0.384259259259,216
sa,0.00816326530612,0.388888888889,216
sa,0.01,0.393518518519,216
sa,0.01,0.398148148148,216
sa,0.01,0.402777777778,216
sa,0.01,0.407407407407,216
sa,0.01,0.412037037037,216
sa,0.0122448979592,0.416666666667,216
sa,0.0122448979592,0.421296296296,216
sa,0.0125,0.425925925926,216
sa,0.0125,0.430555555556,216
sa,0.0125,0.435185185185,216
sa,0.0125,0.439814814815,216
sa,0.0125,0.444444444444,216
sa,0.0125,0.449074074074,216
sa,0.0125,0.453703703704,216
sa,0.015,0.458333333333,216
sa,0.015,0.462962962963,216
sa,0.015,0.467592592593,216
sa,0.015,0.472222222222,216
sa,0.015,0.476851851852,216
sa,0.0163265306122,0.481481481481,216
sa,0.0163265306122,0.486111111111,216
sa,0.0163265306122,0.490740740741,216
sa,0.01875,0.49537037037,216
sa,0.01875,0.5,216
sa,0.01875,0.50462962963,216
sa,0.01875,0.509259259259,216
sa,0.02,0.513888888889,216
sa,0.02,0.518518518519,216
sa,0.02,0.523148148148,216
sa,0.02,0.527777777778,216
sa,0.02,0.532407407407,216
sa,0.02,0.537037037037,216
sa,0.02,0.541666666667,216
sa,0.0204081632653,0.546296296296,216
sa,0.0204081632653,0.550925925926,216
sa,0.0244897959184,0.555555555556,216
sa,0.0244897959184,0.560185185185,216
sa,0.0244897959184,0.564814814815,216
sa,0.0244897959184,0.569444444444,216
sa,0.025,0.574074074074,216
sa,0.025,0.578703703704,216
sa,0.025,0.583333333333,216
sa,0.025,0.587962962963,216
sa,0.025,0.592592592593,216
sa,0.025,0.597222222222,216
sa,0.025,0.601851851852,216
sa,0.025,0.606481481481,216
sa,0.025,0.611111111111,216
sa,0.025,0.615740740741,216
sa,0.025,0.62037037037,216
sa,0.025,0.625,216
sa,0.0285714285714,0.62962962963,216
sa,0.0285714285714,0.634259259259,216
sa,0.0285714285714,0.638888888889,216
sa,0.0285714285714,0.643518518519,216
sa,0.0285714285714,0.648148148148,216
sa,0.03,0.652777777778,216
sa,0.03,0.657407407407,216
sa,0.03125,0.662037037037,216
sa,0.03125,0.666666666667,216
sa,0.03125,0.671296296296,216
sa,0.03125,0.675925925926,216
sa,0.03125,0.680555555556,216
sa,0.03125,0.685185185185,216
sa,0.0326530612245,0.689814814815,216
sa,0.0326530612245,0.694444444444,216
sa,0.0326530612245,0.699074074074,216
sa,0.0326530612245,0.703703703704,216
sa,0.035,0.708333333333,216
sa,0.035,0.712962962963,216
sa,0.035,0.717592592593,216
sa,0.035,0.722222222222,216
sa,0.0367346938776,0.726851851852,216
sa,0.0367346938776,0.731481481481,216
sa,0.0375,0.736111111111,216
sa,0.0375,0.740740740741,216
sa,0.04,0.74537037037,216
sa,0.04,0.75,216
sa,0.04,0.75462962963,216
sa,0.0408163265306,0.759259259259,216
sa,0.0408163265306,0.763888888889,216
sa,0.0408163265306,0.768518518519,216
sa,0.0408163265306,0.773148148148,216
sa,0.04375,0.777777777778,216
sa,0.04375,0.782407407407,216
sa,0.0448979591837,0.787037037037,216
sa,0.0448979591837,0.791666666667,216
sa,0.0448979591837,0.796296296296,216
sa,0.0448979591837,0.800925925926,216
sa,0.045,0.805555555556,216
sa,0.045,0.810185185185,216
sa,0.045,0.814814814815,216
sa,0.045,0.819444444444,216
sa,0.045,0.824074074074,216
sa,0.045,0.828703703704,216
sa,0.0489795918367,0.833333333333,216
sa,0.0489795918367,0.837962962963,216
sa,0.0489795918367,0.842592592593,216
sa,0.0489795918367,0.847222222222,216
sa,0.0489795918367,0.851851851852,216
sa,0.05,0.856481481481,216
sa,0.0530612244898,0.861111111111,216
sa,0.055,0.865740740741,216
sa,0.05625,0.87037037037,216
sa,0.0571428571429,0.875,216
sa,0.0571428571429,0.87962962963,216
sa,0.0571428571429,0.884259259259,216
sa,0.06,0.888888888889,216
sa,0.0612244897959,0.893518518519,216
sa,0.0612244897959,0.898148148148,216
sa,0.0625,0.902777777778,216
sa,0.06875,0.907407407407,216
sa,0.07,0.912037037037,216
sa,0.0734693877551,0.916666666667,216
sa,0.0734693877551,0.921296296296,216
sa,0.0734693877551,0.925925925926,216
sa,0.0734693877551,0.930555555556,216
sa,0.0734693877551,0.935185185185,216
sa,0.0775510204082,0.939814814815,216
sa,0.0816326530612,0.944444444444,216
sa,0.0816326530612,0.949074074074,216
sa,0.0816326530612,0.953703703704,216
sa,0.0816326530612,0.958333333333,216
sa,0.1,0.962962962963,216
sa,0.11,0.967592592593,216
sa,0.122448979592,0.972222222222,216
sa,0.125,0.976851851852,216
sa,0.134693877551,0.981481481481,216
sa,0.1875,0.986111111111,216
sa,0.19,0.990740740741,216
sa,0.208163265306,0.99537037037,216
sa,0.265306122449,1,216
traditional_ppo,0.08,0.00277777777778,360
traditional_ppo,0.08125,0.00555555555556,360
traditional_ppo,0.0875,0.00833333333333,360
traditional_ppo,0.0875,0.0111111111111,360
traditional_ppo,0.09375,0.0138888888889,360
traditional_ppo,0.09375,0.0166666666667,360
traditional_ppo,0.095,0.0194444444444,360
traditional_ppo,0.1,0.0222222222222,360
traditional_ppo,0.105,0.025,360
traditional_ppo,0.10625,0.0277777777778,360
traditional_ppo,0.110204081633,0.0305555555556,360
traditional_ppo,0.1125,0.0333333333333,360
traditional_ppo,0.114285714286,0.0361111111111,360
traditional_ppo,0.115,0.0388888888889,360
traditional_ppo,0.11875,0.0416666666667,360
traditional_ppo,0.12,0.0444444444444,360
traditional_ppo,0.122448979592,0.0472222222222,360
traditional_ppo,0.125,0.05,360
traditional_ppo,0.125,0.0527777777778,360
traditional_ppo,0.126530612245,0.0555555555556,360
traditional_ppo,0.13,0.0583333333333,360
traditional_ppo,0.130612244898,0.0611111111111,360
traditional_ppo,0.13125,0.0638888888889,360
traditional_ppo,0.13125,0.0666666666667,360
traditional_ppo,0.134693877551,0.0694444444444,360
traditional_ppo,0.135,0.0722222222222,360
traditional_ppo,0.135,0.075,360
traditional_ppo,0.135,0.0777777777778,360
traditional_ppo,0.135,0.0805555555556,360
traditional_ppo,0.1375,0.0833333333333,360
traditional_ppo,0.14,0.0861111111111,360
traditional_ppo,0.142857142857,0.0888888888889,360
traditional_ppo,0.14375,0.0916666666667,360
traditional_ppo,0.14375,0.0944444444444,360
traditional_ppo,0.145,0.0972222222222,360
traditional_ppo,0.145,0.1,360
traditional_ppo,0.145,0.102777777778,360
traditional_ppo,0.15,0.105555555556,360
traditional_ppo,0.15,0.108333333333,360
traditional_ppo,0.15,0.111111111111,360
traditional_ppo,0.15,0.113888888889,360
traditional_ppo,0.15,0.116666666667,360
traditional_ppo,0.15,0.119444444444,360
traditional_ppo,0.15,0.122222222222,360
traditional_ppo,0.151020408163,0.125,360
traditional_ppo,0.151020408163,0.127777777778,360
traditional_ppo,0.155,0.130555555556,360
traditional_ppo,0.155102040816,0.133333333333,360
traditional_ppo,0.15625,0.136111111111,360
traditional_ppo,0.16,0.138888888889,360
traditional_ppo,0.16,0.141666666667,360
traditional_ppo,0.16,0.144444444444,360
traditional_ppo,0.1625,0.147222222222,360
traditional_ppo,0.16875,0.15,360
traditional_ppo,0.17,0.152777777778,360
traditional_ppo,0.17,0.155555555556,360
traditional_ppo,0.175,0.158333333333,360
traditional_ppo,0.179591836735,0.161111111111,360
traditional_ppo,0.18,0.163888888889,360
traditional_ppo,0.18,0.166666666667,360
traditional_ppo,0.18125,0.169444444444,360
traditional_ppo,0.18125,0.172222222222,360
traditional_ppo,0.183673469388,0.175,360
traditional_ppo,0.183673469388,0.177777777778,360
traditional_ppo,0.185,0.180555555556,360
traditional_ppo,0.185,0.183333333333,360
traditional_ppo,0.1875,0.186111111111,360
traditional_ppo,0.1875,0.188888888889,360
traditional_ppo,0.187755102041,0.191666666667,360
traditional_ppo,0.187755102041,0.194444444444,360
traditional_ppo,0.19375,0.197222222222,360
traditional_ppo,0.195,0.2,360
traditional_ppo,0.195,0.202777777778,360
traditional_ppo,0.195918367347,0.205555555556,360
traditional_ppo,0.195918367347,0.208333333333,360
traditional_ppo,0.195918367347,0.211111111111,360
traditional_ppo,0.2,0.213888888889,360
traditional_ppo,0.2,0.216666666667,360
traditional_ppo,0.2,0.219444444444,360
traditional_ppo,0.2,0.222222222222,360
traditional_ppo,0.2,0.225,360
traditional_ppo,0.2,0.227777777778,360
traditional_ppo,0.2,0.230555555556,360
traditional_ppo,0.20625,0.233333333333,360
traditional_ppo,0.20625,0.236111111111,360
traditional_ppo,0.20625,0.238888888889,360
traditional_ppo,0.20625,0.241666666667,360
traditional_ppo,0.212244897959,0.244444444444,360
traditional_ppo,0.212244897959,0.247222222222,360
traditional_ppo,0.212244897959,0.25,360
traditional_ppo,0.2125,0.252777777778,360
traditional_ppo,0.2125,0.255555555556,360
traditional_ppo,0.216326530612,0.258333333333,360
traditional_ppo,0.21875,0.261111111111,360
traditional_ppo,0.21875,0.263888888889,360
traditional_ppo,0.21875,0.266666666667,360
traditional_ppo,0.21875,0.269444444444,360
traditional_ppo,0.22,0.272222222222,360
traditional_ppo,0.22,0.275,360
traditional_ppo,0.224489795918,0.277777777778,360
traditional_ppo,0.225,0.280555555556,360
traditional_ppo,0.228571428571,0.283333333333,360
traditional_ppo,0.228571428571,0.286111111111,360
traditional_ppo,0.228571428571,0.288888888889,360
traditional_ppo,0.23125,0.291666666667,360
traditional_ppo,0.232653061224,0.294444444444,360
traditional_ppo,0.235,0.297222222222,360
traditional_ppo,0.235,0.3,360
traditional_ppo,0.2375,0.302777777778,360
traditional_ppo,0.2375,0.305555555556,360
traditional_ppo,0.24,0.308333333333,360
traditional_ppo,0.24,0.311111111111,360
traditional_ppo,0.24,0.313888888889,360
traditional_ppo,0.24,0.316666666667,360
traditional_ppo,0.240816326531,0.319444444444,360
traditional_ppo,0.24375,0.322222222222,360
traditional_ppo,0.244897959184,0.325,360
traditional_ppo,0.245,0.327777777778,360
traditional_ppo,0.245,0.330555555556,360
traditional_ppo,0.245,0.333333333333,360
traditional_ppo,0.248979591837,0.336111111111,360
traditional_ppo,0.248979591837,0.338888888889,360
traditional_ppo,0.25,0.341666666667,360
traditional_ppo,0.25,0.344444444444,360
traditional_ppo,0.25625,0.347222222222,360
traditional_ppo,0.25625,0.35,360
traditional_ppo,0.25625,0.352777777778,360
traditional_ppo,0.25625,0.355555555556,360
traditional_ppo,0.25625,0.358333333333,360
traditional_ppo,0.261224489796,0.361111111111,360
traditional_ppo,0.261224489796,0.363888888889,360
traditional_ppo,0.2625,0.366666666667,360
traditional_ppo,0.265306122449,0.369444444444,360
traditional_ppo,0.265306122449,0.372222222222,360
traditional_ppo,0.26875,0.375,360
traditional_ppo,0.26875,0.377777777778,360
traditional_ppo,0.269387755102,0.380555555556,360
traditional_ppo,0.27,0.383333333333,360
traditional_ppo,0.27,0.386111111111,360
traditional_ppo,0.27,0.388888888889,360
traditional_ppo,0.273469387755,0.391666666667,360
traditional_ppo,0.275,0.394444444444,360
traditional_ppo,0.275,0.397222222222,360
traditional_ppo,0.277551020408,0.4,360
traditional_ppo,0.277551020408,0.402777777778,360
traditional_ppo,0.28,0.405555555556,360
traditional_ppo,0.28,0.408333333333,360
traditional_ppo,0.28125,0.411111111111,360
traditional_ppo,0.28125,0.413888888889,360
traditional_ppo,0.28125,0.416666666667,360
traditional_ppo,0.28125,0.419444444444,360
traditional_ppo,0.281632653061,0.422222222222,360
traditional_ppo,0.281632653061,0.425,360
traditional_ppo,0.281632653061,0.427777777778,360
traditional_ppo,0.281632653061,0.430555555556,360
traditional_ppo,0.285,0.433333333333,360
traditional_ppo,0.285,0.436111111111,360
traditional_ppo,0.285714285714,0.438888888889,360
traditional_ppo,0.285714285714,0.441666666667,360
traditional_ppo,0.2875,0.444444444444,360
traditional_ppo,0.2875,0.447222222222,360
traditional_ppo,0.2875,0.45,360
traditional_ppo,0.289795918367,0.452777777778,360
traditional_ppo,0.29,0.455555555556,360
traditional_ppo,0.29375,0.458333333333,360
traditional_ppo,0.295,0.461111111111,360
traditional_ppo,0.295,0.463888888889,360
traditional_ppo,0.295,0.466666666667,360
traditional_ppo,0.297959183673,0.469444444444,360
traditional_ppo,0.3,0.472222222222,360
traditional_ppo,0.3,0.475,360
traditional_ppo,0.302040816327,0.477777777778,360
traditional_ppo,0.302040816327,0.480555555556,360
traditional_ppo,0.305,0.483333333333,360
traditional_ppo,0.305,0.486111111111,360
traditional_ppo,0.30612244898,0.488888888889,360
traditional_ppo,0.30612244898,0.491666666667,360
traditional_ppo,0.30625,0.494444444444,360
traditional_ppo,0.30625,0.497222222222,360
traditional_ppo,0.31,0.5,360
traditional_ppo,0.310204081633,0.502777777778,360
traditional_ppo,0.310204081633,0.505555555556,360
traditional_ppo,0.314285714286,0.508333333333,360
traditional_ppo,0.314285714286,0.511111111111,360
traditional_ppo,0.315,0.513888888889,360
traditional_ppo,0.315,0.516666666667,360
traditional_ppo,0.315,0.519444444444,360
traditional_ppo,0.318367346939,0.522222222222,360
traditional_ppo,0.31875,0.525,360
traditional_ppo,0.31875,0.527777777778,360
traditional_ppo,0.32,0.530555555556,360
traditional_ppo,0.325,0.533333333333,360
traditional_ppo,0.325,0.536111111111,360
traditional_ppo,0.325,0.538888888889,360
traditional_ppo,0.325,0.541666666667,360
traditional_ppo,0.325,0.544444444444,360
traditional_ppo,0.325,0.547222222222,360
traditional_ppo,0.325,0.55,360
traditional_ppo,0.330612244898,0.552777777778,360
traditional_ppo,0.33125,0.555555555556,360
traditional_ppo,0.33125,0.558333333333,360
traditional_ppo,0.33125,0.561111111111,360
traditional_ppo,0.33125,0.563888888889,360
traditional_ppo,0.334693877551,0.566666666667,360
traditional_ppo,0.338775510204,0.569444444444,360
traditional_ppo,0.34,0.572222222222,360
traditional_ppo,0.34,0.575,360
traditional_ppo,0.34,0.577777777778,360
traditional_ppo,0.34,0.580555555556,360
traditional_ppo,0.34,0.583333333333,360
traditional_ppo,0.342857142857,0.586111111111,360
traditional_ppo,0.34375,0.588888888889,360
traditional_ppo,0.34375,0.591666666667,360
traditional_ppo,0.35,0.594444444444,360
traditional_ppo,0.35,0.597222222222,360
traditional_ppo,0.35,0.6,360
traditional_ppo,0.35,0.602777777778,360
traditional_ppo,0.355,0.605555555556,360
traditional_ppo,0.355,0.608333333333,360
traditional_ppo,0.355,0.611111111111,360
traditional_ppo,0.355102040816,0.613888888889,360
traditional_ppo,0.355102040816,0.616666666667,360
traditional_ppo,0.35625,0.619444444444,360
traditional_ppo,0.35625,0.622222222222,360
traditional_ppo,0.359183673469,0.625,360
traditional_ppo,0.359183673469,0.627777777778,360
traditional_ppo,0.359183673469,0.630555555556,360
traditional_ppo,0.36,0.633333333333,360
traditional_ppo,0.36,0.636111111111,360
traditional_ppo,0.36,0.638888888889,360
traditional_ppo,0.3625,0.641666666667,360
traditional_ppo,0.3625,0.644444444444,360
traditional_ppo,0.363265306122,0.647222222222,360
traditional_ppo,0.363265306122,0.65,360
traditional_ppo,0.365,0.652777777778,360
traditional_ppo,0.37,0.655555555556,360
traditional_ppo,0.37,0.658333333333,360
traditional_ppo,0.371428571429,0.661111111111,360
traditional_ppo,0.371428571429,0.663888888889,360
traditional_ppo,0.375,0.666666666667,360
traditional_ppo,0.375,0.669444444444,360
traditional_ppo,0.375,0.672222222222,360
traditional_ppo,0.375,0.675,360
traditional_ppo,0.375,0.677777777778,360
traditional_ppo,0.375510204082,0.680555555556,360
traditional_ppo,0.375510204082,0.683333333333,360
traditional_ppo,0.375510204082,0.686111111111,360
traditional_ppo,0.375510204082,0.688888888889,360
traditional_ppo,0.38,0.691666666667,360
traditional_ppo,0.38125,0.694444444444,360
traditional_ppo,0.38125,0.697222222222,360
traditional_ppo,0.38125,0.7,360
traditional_ppo,0.38125,0.702777777778,360
traditional_ppo,0.38125,0.705555555556,360
traditional_ppo,0.38125,0.708333333333,360
traditional_ppo,0.383673469388,0.711111111111,360
traditional_ppo,0.385,0.713888888889,360
traditional_ppo,0.385,0.716666666667,360
traditional_ppo,0.385,0.719444444444,360
traditional_ppo,0.3875,0.722222222222,360
traditional_ppo,0.3875,0.725,360
traditional_ppo,0.3875,0.727777777778,360
traditional_ppo,0.387755102041,0.730555555556,360
traditional_ppo,0.387755102041,0.733333333333,360
traditional_ppo,0.387755102041,0.736111111111,360
traditional_ppo,0.39375,0.738888888889,360
traditional_ppo,0.39375,0.741666666667,360
traditional_ppo,0.395,0.744444444444,360
traditional_ppo,0.395,0.747222222222,360
traditional_ppo,0.395,0.75,360
traditional_ppo,0.4,0.752777777778,360
traditional_ppo,0.4,0.755555555556,360
traditional_ppo,0.4,0.758333333333,360
traditional_ppo,0.4,0.761111111111,360
traditional_ppo,0.404081632653,0.763888888889,360
traditional_ppo,0.404081632653,0.766666666667,360
traditional_ppo,0.405,0.769444444444,360
traditional_ppo,0.40625,0.772222222222,360
traditional_ppo,0.41,0.775,360
traditional_ppo,0.41,0.777777777778,360
traditional_ppo,0.41,0.780555555556,360
traditional_ppo,0.41,0.783333333333,360
traditional_ppo,0.412244897959,0.786111111111,360
traditional_ppo,0.4125,0.788888888889,360
traditional_ppo,0.4125,0.791666666667,360
traditional_ppo,0.416326530612,0.794444444444,360
traditional_ppo,0.41875,0.797222222222,360
traditional_ppo,0.41875,0.8,360
traditional_ppo,0.41875,0.802777777778,360
traditional_ppo,0.42,0.805555555556,360
traditional_ppo,0.420408163265,0.808333333333,360
traditional_ppo,0.420408163265,0.811111111111,360
traditional_ppo,0.424489795918,0.813888888889,360
traditional_ppo,0.424489795918,0.816666666667,360
traditional_ppo,0.424489795918,0.819444444444,360
traditional_ppo,0.425,0.822222222222,360
traditional_ppo,0.425,0.825,360
traditional_ppo,0.425,0.827777777778,360
traditional_ppo,0.428571428571,0.830555555556,360
traditional_ppo,0.43,0.833333333333,360
traditional_ppo,0.43125,0.836111111111,360
traditional_ppo,0.432653061224,0.838888888889,360
traditional_ppo,0.432653061224,0.841666666667,360
traditional_ppo,0.435,0.844444444444,360
traditional_ppo,0.436734693878,0.847222222222,360
traditional_ppo,0.44,0.85,360
traditional_ppo,0.44,0.852777777778,360
traditional_ppo,0.44,0.855555555556,360
traditional_ppo,0.44,0.858333333333,360
traditional_ppo,0.440816326531,0.861111111111,360
traditional_ppo,0.440816326531,0.863888888889,360
traditional_ppo,0.44375,0.866666666667,360
traditional_ppo,0.44375,0.869444444444,360
traditional_ppo,0.44375,0.872222222222,360
traditional_ppo,0.444897959184,0.875,360
traditional_ppo,0.445,0.877777777778,360
traditional_ppo,0.448979591837,0.880555555556,360
traditional_ppo,0.448979591837,0.883333333333,360
traditional_ppo,0.448979591837,0.886111111111,360
traditional_ppo,0.448979591837,0.888888888889,360
traditional_ppo,0.45,0.891666666667,360
traditional_ppo,0.455,0.894444444444,360
traditional_ppo,0.45625,0.897222222222,360
traditional_ppo,0.45625,0.9,360
traditional_ppo,0.457142857143,0.902777777778,360
traditional_ppo,0.465306122449,0.905555555556,360
traditional_ppo,0.465306122449,0.908333333333,360
traditional_ppo,0.46875,0.911111111111,360
traditional_ppo,0.469387755102,0.913888888889,360
traditional_ppo,0.469387755102,0.916666666667,360
traditional_ppo,0.473469387755,0.919444444444,360
traditional_ppo,0.48,0.922222222222,360
traditional_ppo,0.48,0.925,360
traditional_ppo,0.481632653061,0.927777777778,360
traditional_ppo,0.481632653061,0.930555555556,360
traditional_ppo,0.481632653061,0.933333333333,360
traditional_ppo,0.481632653061,0.936111111111,360
traditional_ppo,0.485,0.938888888889,360
traditional_ppo,0.485714285714,0.941666666667,360
traditional_ppo,0.485714285714,0.944444444444,360
traditional_ppo,0.485714285714,0.947222222222,360
traditional_ppo,0.49387755102,0.95,360
traditional_ppo,0.505,0.952777777778,360
traditional_ppo,0.505,0.955555555556,360
traditional_ppo,0.50612244898,0.958333333333,360
traditional_ppo,0.51,0.961111111111,360
traditional_ppo,0.510204081633,0.963888888889,360
traditional_ppo,0.515,0.966666666667,360
traditional_ppo,0.515,0.969444444444,360
traditional_ppo,0.515,0.972222222222,360
traditional_ppo,0.518367346939,0.975,360
traditional_ppo,0.522448979592,0.977777777778,360
traditional_ppo,0.525,0.980555555556,360
traditional_ppo,0.53125,0.983333333333,360
traditional_ppo,0.534693877551,0.986111111111,360
traditional_ppo,0.54,0.988888888889,360
traditional_ppo,0.555102040816,0.991666666667,360
traditional_ppo,0.55625,0.994444444444,360
traditional_ppo,0.575510204082,0.997222222222,360
traditional_ppo,0.591836734694,1,360
