record_type,model,model_label,seed,episodes_seen,environment_interactions,safe_weighted_coverage,curve_source,q25,median,q75
seed,full,PPO+Pointer,42,16,111,0.35546875,training_batch,,,
seed,full,PPO+Pointer,42,32,233,0.41015625,training_batch,,,
seed,full,PPO+Pointer,42,48,438,0.740234375,training_batch,,,
seed,full,PPO+Pointer,42,64,663,0.802734375,training_batch,,,
seed,full,PPO+Pointer,42,80,817,0.521484375,training_batch,,,
seed,full,PPO+Pointer,42,96,1000,0.68359375,training_batch,,,
seed,full,PPO+Pointer,42,112,1216,0.76953125,training_batch,,,
seed,full,PPO+Pointer,42,128,1436,0.814453125,training_batch,,,
seed,full,PPO+Pointer,42,144,1655,0.794921875,training_batch,,,
seed,full,PPO+Pointer,42,160,1877,0.83984375,training_batch,,,
seed,full,PPO+Pointer,42,176,2115,0.890625,training_batch,,,
seed,full,PPO+Pointer,42,192,2364,0.9140625,training_batch,,,
seed,full,PPO+Pointer,42,208,2617,0.943359375,training_batch,,,
seed,full,PPO+Pointer,42,224,2875,0.966796875,training_batch,,,
seed,full,PPO+Pointer,42,240,3142,0.986328125,training_batch,,,
seed,full,PPO+Pointer,42,256,3413,0.998046875,training_batch,,,
seed,full,PPO+Pointer,42,272,3685,1,training_batch,,,
seed,full,PPO+Pointer,42,288,3957,1,training_batch,,,
seed,full,PPO+Pointer,42,304,4217,0.95703125,training_batch,,,
seed,full,PPO+Pointer,42,320,4476,0.955078125,training_batch,,,
seed,full,PPO+Pointer,42,336,4748,1,training_batch,,,
seed,full,PPO+Pointer,42,352,5020,1,training_batch,,,
seed,full,PPO+Pointer,42,368,5292,1,training_batch,,,
seed,full,PPO+Pointer,42,384,5564,1,training_batch,,,
seed,full,PPO+Pointer,42,400,5836,1,training_batch,,,
seed,full,PPO+Pointer,42,416,6108,1,training_batch,,,
seed,full,PPO+Pointer,42,432,6380,1,training_batch,,,
seed,full,PPO+Pointer,42,448,6652,1,training_batch,,,
seed,full,PPO+Pointer,42,464,6917,0.98046875,training_batch,,,
seed,full,PPO+Pointer,42,480,7189,1,training_batch,,,
seed,full,PPO+Pointer,42,496,7461,1,training_batch,,,
seed,full,PPO+Pointer,42,512,7733,1,training_batch,,,
seed,full,PPO+Pointer,42,528,8005,1,training_batch,,,
seed,full,PPO+Pointer,42,544,8277,1,training_batch,,,
seed,full,PPO+Pointer,42,560,8549,1,training_batch,,,
seed,full,PPO+Pointer,42,576,8821,1,training_batch,,,
seed,full,PPO+Pointer,42,592,9086,0.98046875,training_batch,,,
seed,full,PPO+Pointer,42,608,9352,0.982421875,training_batch,,,
seed,full,PPO+Pointer,42,624,9624,1,training_batch,,,
seed,full,PPO+Pointer,42,640,9896,1,training_batch,,,
seed,full,PPO+Pointer,42,656,10168,1,training_batch,,,
seed,full,PPO+Pointer,42,672,10440,1,training_batch,,,
seed,full,PPO+Pointer,42,688,10712,1,training_batch,,,
seed,full,PPO+Pointer,42,704,10984,1,training_batch,,,
seed,full,PPO+Pointer,42,720,11242,0.947265625,training_batch,,,
seed,full,PPO+Pointer,42,736,11514,1,training_batch,,,
seed,full,PPO+Pointer,42,752,11786,1,training_batch,,,
seed,full,PPO+Pointer,42,768,12028,0.90625,training_batch,,,
seed,full,PPO+Pointer,42,784,12273,0.923828125,training_batch,,,
seed,full,PPO+Pointer,42,800,12544,0.998046875,training_batch,,,
seed,full,PPO+Pointer,42,816,12816,1,training_batch,,,
seed,full,PPO+Pointer,42,832,13082,0.986328125,training_batch,,,
seed,full,PPO+Pointer,42,848,13344,0.974609375,training_batch,,,
seed,full,PPO+Pointer,42,864,13616,1,training_batch,,,
seed,full,PPO+Pointer,42,880,13888,1,training_batch,,,
seed,full,PPO+Pointer,42,896,14160,1,training_batch,,,
seed,full,PPO+Pointer,42,912,14432,1,training_batch,,,
seed,full,PPO+Pointer,42,928,14704,1,training_batch,,,
seed,full,PPO+Pointer,42,944,14973,0.994140625,training_batch,,,
seed,full,PPO+Pointer,42,960,15243,0.990234375,training_batch,,,
seed,full,PPO+Pointer,42,976,15515,1,training_batch,,,
seed,full,PPO+Pointer,42,992,15787,1,training_batch,,,
seed,full,PPO+Pointer,42,1008,16059,1,training_batch,,,
seed,full,PPO+Pointer,42,1024,16331,1,training_batch,,,
seed,full,PPO+Pointer,42,1040,16600,0.98828125,training_batch,,,
seed,full,PPO+Pointer,42,1056,16872,1,training_batch,,,
seed,full,PPO+Pointer,42,1072,17144,1,training_batch,,,
seed,full,PPO+Pointer,42,1088,17416,1,training_batch,,,
seed,full,PPO+Pointer,42,1104,17688,1,training_batch,,,
seed,full,PPO+Pointer,42,1120,17960,1,training_batch,,,
seed,full,PPO+Pointer,42,1136,18232,1,training_batch,,,
seed,full,PPO+Pointer,42,1152,18504,1,training_batch,,,
seed,full,PPO+Pointer,42,1168,18776,1,training_batch,,,
seed,full,PPO+Pointer,42,1184,19017,0.880859375,training_batch,,,
seed,full,PPO+Pointer,42,1200,19275,0.958984375,training_batch,,,
seed,full,PPO+Pointer,42,1216,19525,0.923828125,training_batch,,,
seed,full,PPO+Pointer,42,1232,19797,1,training_batch,,,
seed,full,PPO+Pointer,42,1248,20069,1,training_batch,,,
seed,full,PPO+Pointer,42,1264,20341,1,training_batch,,,
seed,full,PPO+Pointer,42,1280,20612,0.998046875,training_batch,,,
seed,full,PPO+Pointer,42,1296,20884,1,training_batch,,,
seed,full,PPO+Pointer,42,1312,21147,0.97265625,training_batch,,,
seed,full,PPO+Pointer,42,1328,21419,1,training_batch,,,
seed,full,PPO+Pointer,42,1344,21691,1,training_batch,,,
seed,full,PPO+Pointer,42,1360,21963,1,training_batch,,,
seed,full,PPO+Pointer,42,1376,22235,1,training_batch,,,
seed,full,PPO+Pointer,42,1392,22469,0.86328125,training_batch,,,
seed,full,PPO+Pointer,42,1408,22741,1,training_batch,,,
seed,full,PPO+Pointer,42,1424,23013,1,training_batch,,,
seed,full,PPO+Pointer,42,1440,23285,1,training_batch,,,
seed,full,PPO+Pointer,42,1456,23557,1,training_batch,,,
seed,full,PPO+Pointer,42,1472,23829,1,training_batch,,,
seed,full,PPO+Pointer,42,1488,24101,1,training_batch,,,
seed,full,PPO+Pointer,42,1504,24373,1,training_batch,,,
seed,full,PPO+Pointer,42,1520,24645,1,training_batch,,,
seed,full,PPO+Pointer,42,1536,24917,1,training_batch,,,
seed,full,PPO+Pointer,42,1552,25189,1,training_batch,,,
seed,full,PPO+Pointer,42,1568,25461,1,training_batch,,,
seed,full,PPO+Pointer,42,1584,25733,1,training_batch,,,
seed,full,PPO+Pointer,42,1600,26005,1,training_batch,,,
seed,full,PPO+Pointer,42,1616,26277,1,training_batch,,,
seed,full,PPO+Pointer,42,1632,26549,1,training_batch,,,
seed,full,PPO+Pointer,42,1648,26813,0.9765625,training_batch,,,
seed,full,PPO+Pointer,42,1664,27085,1,training_batch,,,
seed,full,PPO+Pointer,42,1680,27357,1,training_batch,,,
seed,full,PPO+Pointer,42,1696,27629,1,training_batch,,,
seed,full,PPO+Pointer,42,1712,27901,1,training_batch,,,
seed,full,PPO+Pointer,42,1728,28151,0.923828125,training_batch,,,
seed,full,PPO+Pointer,42,1744,28408,0.943359375,training_batch,,,
seed,full,PPO+Pointer,42,1760,28680,1,training_batch,,,
seed,full,PPO+Pointer,42,1776,28952,1,training_batch,,,
seed,full,PPO+Pointer,42,1792,29224,1,training_batch,,,
seed,full,PPO+Pointer,42,1808,29496,1,training_batch,,,
seed,full,PPO+Pointer,42,1824,29768,1,training_batch,,,
seed,full,PPO+Pointer,42,1840,30040,1,training_batch,,,
seed,full,PPO+Pointer,42,1856,30289,0.93359375,training_batch,,,
seed,full,PPO+Pointer,42,1872,30545,0.94140625,training_batch,,,
seed,full,PPO+Pointer,42,1888,30805,0.94921875,training_batch,,,
seed,full,PPO+Pointer,42,1904,31077,1,training_batch,,,
seed,full,PPO+Pointer,42,1920,31349,1,training_batch,,,
seed,full,PPO+Pointer,42,1936,31621,1,training_batch,,,
seed,full,PPO+Pointer,42,1952,31893,1,training_batch,,,
seed,full,PPO+Pointer,42,1968,32165,1,training_batch,,,
seed,full,PPO+Pointer,42,1984,32437,1,training_batch,,,
seed,full,PPO+Pointer,42,2000,32709,1,training_batch,,,
seed,full,PPO+Pointer,42,2016,32981,1,training_batch,,,
seed,full,PPO+Pointer,42,2032,33238,0.943359375,training_batch,,,
seed,full,PPO+Pointer,42,2048,33510,1,training_batch,,,
seed,full,PPO+Pointer,42,2064,33782,1,training_batch,,,
seed,full,PPO+Pointer,42,2080,34047,0.98046875,training_batch,,,
seed,full,PPO+Pointer,42,2096,34319,1,training_batch,,,
seed,full,PPO+Pointer,42,2112,34569,0.923828125,training_batch,,,
seed,full,PPO+Pointer,42,2128,34841,1,training_batch,,,
seed,full,PPO+Pointer,42,2144,35113,1,training_batch,,,
seed,full,PPO+Pointer,42,2160,35385,1,training_batch,,,
seed,full,PPO+Pointer,42,2176,35618,0.8515625,training_batch,,,
seed,full,PPO+Pointer,42,2192,35876,0.9453125,training_batch,,,
seed,full,PPO+Pointer,42,2208,36148,1,training_batch,,,
seed,full,PPO+Pointer,42,2224,36420,1,training_batch,,,
seed,full,PPO+Pointer,42,2240,36692,1,training_batch,,,
seed,full,PPO+Pointer,42,2256,36944,0.927734375,training_batch,,,
seed,full,PPO+Pointer,42,2272,37216,1,training_batch,,,
seed,full,PPO+Pointer,42,2288,37488,1,training_batch,,,
seed,full,PPO+Pointer,42,2304,37752,0.9765625,training_batch,,,
seed,full,PPO+Pointer,42,2320,38024,1,training_batch,,,
seed,full,PPO+Pointer,42,2336,38296,1,training_batch,,,
seed,full,PPO+Pointer,42,2352,38568,1,training_batch,,,
seed,full,PPO+Pointer,42,2368,38840,1,training_batch,,,
seed,full,PPO+Pointer,42,2384,39104,0.9765625,training_batch,,,
seed,full,PPO+Pointer,42,2400,39354,0.921875,training_batch,,,
seed,full,PPO+Pointer,42,2416,39626,1,training_batch,,,
seed,full,PPO+Pointer,42,2432,39898,1,training_batch,,,
seed,full,PPO+Pointer,42,2448,40170,1,training_batch,,,
seed,full,PPO+Pointer,42,2464,40442,1,training_batch,,,
seed,full,PPO+Pointer,42,2480,40714,1,training_batch,,,
seed,full,PPO+Pointer,42,2496,40986,1,training_batch,,,
seed,full,PPO+Pointer,42,2512,41258,1,training_batch,,,
seed,full,PPO+Pointer,42,2528,41499,0.880859375,training_batch,,,
seed,full,PPO+Pointer,42,2544,41725,0.84375,training_batch,,,
seed,full,PPO+Pointer,42,2560,41980,0.939453125,training_batch,,,
seed,full,PPO+Pointer,42,2576,42244,0.9765625,training_batch,,,
seed,full,PPO+Pointer,42,2592,42516,1,training_batch,,,
seed,full,PPO+Pointer,42,2608,42788,1,training_batch,,,
seed,full,PPO+Pointer,42,2624,43060,1,training_batch,,,
seed,full,PPO+Pointer,42,2640,43332,1,training_batch,,,
seed,full,PPO+Pointer,42,2656,43604,1,training_batch,,,
seed,full,PPO+Pointer,42,2672,43866,0.970703125,training_batch,,,
seed,full,PPO+Pointer,42,2688,44138,1,training_batch,,,
seed,full,PPO+Pointer,42,2704,44399,0.96484375,training_batch,,,
seed,full,PPO+Pointer,42,2720,44671,1,training_batch,,,
seed,full,PPO+Pointer,42,2736,44943,1,training_batch,,,
seed,full,PPO+Pointer,42,2752,45210,0.984375,training_batch,,,
seed,full,PPO+Pointer,42,2768,45482,1,training_batch,,,
seed,full,PPO+Pointer,42,2784,45754,1,training_batch,,,
seed,full,PPO+Pointer,42,2800,46026,1,training_batch,,,
seed,full,PPO+Pointer,42,2816,46297,0.998046875,training_batch,,,
seed,full,PPO+Pointer,42,2832,46569,1,training_batch,,,
seed,full,PPO+Pointer,42,2848,46841,1,training_batch,,,
seed,full,PPO+Pointer,42,2864,47113,1,training_batch,,,
seed,full,PPO+Pointer,42,2880,47375,0.970703125,training_batch,,,
seed,full,PPO+Pointer,42,2896,47645,0.99609375,training_batch,,,
seed,full,PPO+Pointer,42,2912,47917,1,training_batch,,,
seed,full,PPO+Pointer,42,2928,48189,1,training_batch,,,
seed,full,PPO+Pointer,42,2944,48441,0.94140625,training_batch,,,
seed,full,PPO+Pointer,42,2960,48705,0.9765625,training_batch,,,
seed,full,PPO+Pointer,42,2976,48977,1,training_batch,,,
seed,full,PPO+Pointer,42,2992,49249,1,training_batch,,,
seed,full,PPO+Pointer,42,3000,49385,1,training_batch,,,
seed,full,PPO+Pointer,43,16,150,0.513671875,training_batch,,,
seed,full,PPO+Pointer,43,32,336,0.671875,training_batch,,,
seed,full,PPO+Pointer,43,48,522,0.673828125,training_batch,,,
seed,full,PPO+Pointer,43,64,719,0.720703125,training_batch,,,
seed,full,PPO+Pointer,43,80,923,0.75,training_batch,,,
seed,full,PPO+Pointer,43,96,1127,0.779296875,training_batch,,,
seed,full,PPO+Pointer,43,112,1347,0.837890625,training_batch,,,
seed,full,PPO+Pointer,43,128,1589,0.890625,training_batch,,,
seed,full,PPO+Pointer,43,144,1828,0.900390625,training_batch,,,
seed,full,PPO+Pointer,43,160,2077,0.94140625,training_batch,,,
seed,full,PPO+Pointer,43,176,2313,0.91796875,training_batch,,,
seed,full,PPO+Pointer,43,192,2565,0.955078125,training_batch,,,
seed,full,PPO+Pointer,43,208,2826,0.974609375,training_batch,,,
seed,full,PPO+Pointer,43,224,3087,0.96875,training_batch,,,
seed,full,PPO+Pointer,43,240,3356,0.994140625,training_batch,,,
seed,full,PPO+Pointer,43,256,3627,0.998046875,training_batch,,,
seed,full,PPO+Pointer,43,272,3898,0.99609375,training_batch,,,
seed,full,PPO+Pointer,43,288,4170,1,training_batch,,,
seed,full,PPO+Pointer,43,304,4442,1,training_batch,,,
seed,full,PPO+Pointer,43,320,4714,1,training_batch,,,
seed,full,PPO+Pointer,43,336,4986,1,training_batch,,,
seed,full,PPO+Pointer,43,352,5258,1,training_batch,,,
seed,full,PPO+Pointer,43,368,5530,1,training_batch,,,
seed,full,PPO+Pointer,43,384,5802,1,training_batch,,,
seed,full,PPO+Pointer,43,400,6074,1,training_batch,,,
seed,full,PPO+Pointer,43,416,6346,1,training_batch,,,
seed,full,PPO+Pointer,43,432,6604,0.94921875,training_batch,,,
seed,full,PPO+Pointer,43,448,6876,1,training_batch,,,
seed,full,PPO+Pointer,43,464,7148,1,training_batch,,,
seed,full,PPO+Pointer,43,480,7420,1,training_batch,,,
seed,full,PPO+Pointer,43,496,7692,1,training_batch,,,
seed,full,PPO+Pointer,43,512,7964,1,training_batch,,,
seed,full,PPO+Pointer,43,528,8236,1,training_batch,,,
seed,full,PPO+Pointer,43,544,8508,1,training_batch,,,
seed,full,PPO+Pointer,43,560,8780,1,training_batch,,,
seed,full,PPO+Pointer,43,576,9052,1,training_batch,,,
seed,full,PPO+Pointer,43,592,9324,1,training_batch,,,
seed,full,PPO+Pointer,43,608,9596,1,training_batch,,,
seed,full,PPO+Pointer,43,624,9860,0.9765625,training_batch,,,
seed,full,PPO+Pointer,43,640,10132,1,training_batch,,,
seed,full,PPO+Pointer,43,656,10404,1,training_batch,,,
seed,full,PPO+Pointer,43,672,10676,1,training_batch,,,
seed,full,PPO+Pointer,43,688,10940,0.9765625,training_batch,,,
seed,full,PPO+Pointer,43,704,11212,1,training_batch,,,
seed,full,PPO+Pointer,43,720,11484,1,training_batch,,,
seed,full,PPO+Pointer,43,736,11756,1,training_batch,,,
seed,full,PPO+Pointer,43,752,12028,1,training_batch,,,
seed,full,PPO+Pointer,43,768,12300,1,training_batch,,,
seed,full,PPO+Pointer,43,784,12572,1,training_batch,,,
seed,full,PPO+Pointer,43,800,12844,1,training_batch,,,
seed,full,PPO+Pointer,43,816,13095,0.9296875,training_batch,,,
seed,full,PPO+Pointer,43,832,13367,1,training_batch,,,
seed,full,PPO+Pointer,43,848,13639,1,training_batch,,,
seed,full,PPO+Pointer,43,864,13911,1,training_batch,,,
seed,full,PPO+Pointer,43,880,14183,1,training_batch,,,
seed,full,PPO+Pointer,43,896,14455,1,training_batch,,,
seed,full,PPO+Pointer,43,912,14727,1,training_batch,,,
seed,full,PPO+Pointer,43,928,14999,1,training_batch,,,
seed,full,PPO+Pointer,43,944,15271,1,training_batch,,,
seed,full,PPO+Pointer,43,960,15543,1,training_batch,,,
seed,full,PPO+Pointer,43,976,15815,1,training_batch,,,
seed,full,PPO+Pointer,43,992,16087,1,training_batch,,,
seed,full,PPO+Pointer,43,1008,16349,0.970703125,training_batch,,,
seed,full,PPO+Pointer,43,1024,16621,1,training_batch,,,
seed,full,PPO+Pointer,43,1040,16893,1,training_batch,,,
seed,full,PPO+Pointer,43,1056,17165,1,training_batch,,,
seed,full,PPO+Pointer,43,1072,17437,1,training_batch,,,
seed,full,PPO+Pointer,43,1088,17683,0.916015625,training_batch,,,
seed,full,PPO+Pointer,43,1104,17955,1,training_batch,,,
seed,full,PPO+Pointer,43,1120,18227,1,training_batch,,,
seed,full,PPO+Pointer,43,1136,18499,1,training_batch,,,
seed,full,PPO+Pointer,43,1152,18769,0.9921875,training_batch,,,
seed,full,PPO+Pointer,43,1168,19041,1,training_batch,,,
seed,full,PPO+Pointer,43,1184,19313,1,training_batch,,,
seed,full,PPO+Pointer,43,1200,19585,1,training_batch,,,
seed,full,PPO+Pointer,43,1216,19849,0.9765625,training_batch,,,
seed,full,PPO+Pointer,43,1232,20121,1,training_batch,,,
seed,full,PPO+Pointer,43,1248,20393,1,training_batch,,,
seed,full,PPO+Pointer,43,1264,20665,1,training_batch,,,
seed,full,PPO+Pointer,43,1280,20937,1,training_batch,,,
seed,full,PPO+Pointer,43,1296,21209,1,training_batch,,,
seed,full,PPO+Pointer,43,1312,21481,1,training_batch,,,
seed,full,PPO+Pointer,43,1328,21739,0.9453125,training_batch,,,
seed,full,PPO+Pointer,43,1344,22011,1,training_batch,,,
seed,full,PPO+Pointer,43,1360,22283,1,training_batch,,,
seed,full,PPO+Pointer,43,1376,22555,1,training_batch,,,
seed,full,PPO+Pointer,43,1392,22827,1,training_batch,,,
seed,full,PPO+Pointer,43,1408,23099,1,training_batch,,,
seed,full,PPO+Pointer,43,1424,23371,1,training_batch,,,
seed,full,PPO+Pointer,43,1440,23643,1,training_batch,,,
seed,full,PPO+Pointer,43,1456,23915,1,training_batch,,,
seed,full,PPO+Pointer,43,1472,24187,1,training_batch,,,
seed,full,PPO+Pointer,43,1488,24459,1,training_batch,,,
seed,full,PPO+Pointer,43,1504,24731,1,training_batch,,,
seed,full,PPO+Pointer,43,1520,25003,1,training_batch,,,
seed,full,PPO+Pointer,43,1536,25275,1,training_batch,,,
seed,full,PPO+Pointer,43,1552,25547,1,training_batch,,,
seed,full,PPO+Pointer,43,1568,25819,1,training_batch,,,
seed,full,PPO+Pointer,43,1584,26073,0.953125,training_batch,,,
seed,full,PPO+Pointer,43,1600,26345,1,training_batch,,,
seed,full,PPO+Pointer,43,1616,26617,1,training_batch,,,
seed,full,PPO+Pointer,43,1632,26889,1,training_batch,,,
seed,full,PPO+Pointer,43,1648,27161,1,training_batch,,,
seed,full,PPO+Pointer,43,1664,27418,0.943359375,training_batch,,,
seed,full,PPO+Pointer,43,1680,27690,1,training_batch,,,
seed,full,PPO+Pointer,43,1696,27942,0.94140625,training_batch,,,
seed,full,PPO+Pointer,43,1712,28214,1,training_batch,,,
seed,full,PPO+Pointer,43,1728,28486,1,training_batch,,,
seed,full,PPO+Pointer,43,1744,28758,1,training_batch,,,
seed,full,PPO+Pointer,43,1760,29030,1,training_batch,,,
seed,full,PPO+Pointer,43,1776,29302,1,training_batch,,,
seed,full,PPO+Pointer,43,1792,29574,1,training_batch,,,
seed,full,PPO+Pointer,43,1808,29846,1,training_batch,,,
seed,full,PPO+Pointer,43,1824,30118,1,training_batch,,,
seed,full,PPO+Pointer,43,1840,30390,1,training_batch,,,
seed,full,PPO+Pointer,43,1856,30662,1,training_batch,,,
seed,full,PPO+Pointer,43,1872,30934,1,training_batch,,,
seed,full,PPO+Pointer,43,1888,31206,1,training_batch,,,
seed,full,PPO+Pointer,43,1904,31478,1,training_batch,,,
seed,full,PPO+Pointer,43,1920,31750,1,training_batch,,,
seed,full,PPO+Pointer,43,1936,32014,0.9765625,training_batch,,,
seed,full,PPO+Pointer,43,1952,32286,1,training_batch,,,
seed,full,PPO+Pointer,43,1968,32551,0.98046875,training_batch,,,
seed,full,PPO+Pointer,43,1984,32822,0.998046875,training_batch,,,
seed,full,PPO+Pointer,43,2000,33084,0.970703125,training_batch,,,
seed,full,PPO+Pointer,43,2016,33356,1,training_batch,,,
seed,full,PPO+Pointer,43,2032,33628,1,training_batch,,,
seed,full,PPO+Pointer,43,2048,33900,1,training_batch,,,
seed,full,PPO+Pointer,43,2064,34172,1,training_batch,,,
seed,full,PPO+Pointer,43,2080,34444,1,training_batch,,,
seed,full,PPO+Pointer,43,2096,34716,1,training_batch,,,
seed,full,PPO+Pointer,43,2112,34988,1,training_batch,,,
seed,full,PPO+Pointer,43,2128,35260,1,training_batch,,,
seed,full,PPO+Pointer,43,2144,35532,1,training_batch,,,
seed,full,PPO+Pointer,43,2160,35804,1,training_batch,,,
seed,full,PPO+Pointer,43,2176,36073,0.990234375,training_batch,,,
seed,full,PPO+Pointer,43,2192,36327,0.9453125,training_batch,,,
seed,full,PPO+Pointer,43,2208,36552,0.857421875,training_batch,,,
seed,full,PPO+Pointer,43,2224,36804,0.939453125,training_batch,,,
seed,full,PPO+Pointer,43,2240,37044,0.880859375,training_batch,,,
seed,full,PPO+Pointer,43,2256,37308,0.9765625,training_batch,,,
seed,full,PPO+Pointer,43,2272,37580,1,training_batch,,,
seed,full,PPO+Pointer,43,2288,37852,1,training_batch,,,
seed,full,PPO+Pointer,43,2304,38124,1,training_batch,,,
seed,full,PPO+Pointer,43,2320,38396,1,training_batch,,,
seed,full,PPO+Pointer,43,2336,38668,1,training_batch,,,
seed,full,PPO+Pointer,43,2352,38940,1,training_batch,,,
seed,full,PPO+Pointer,43,2368,39209,0.990234375,training_batch,,,
seed,full,PPO+Pointer,43,2384,39481,1,training_batch,,,
seed,full,PPO+Pointer,43,2400,39753,1,training_batch,,,
seed,full,PPO+Pointer,43,2416,40025,1,training_batch,,,
seed,full,PPO+Pointer,43,2432,40297,1,training_batch,,,
seed,full,PPO+Pointer,43,2448,40562,0.98046875,training_batch,,,
seed,full,PPO+Pointer,43,2464,40834,1,training_batch,,,
seed,full,PPO+Pointer,43,2480,41106,1,training_batch,,,
seed,full,PPO+Pointer,43,2496,41371,0.98046875,training_batch,,,
seed,full,PPO+Pointer,43,2512,41643,1,training_batch,,,
seed,full,PPO+Pointer,43,2528,41915,1,training_batch,,,
seed,full,PPO+Pointer,43,2544,42187,1,training_batch,,,
seed,full,PPO+Pointer,43,2560,42452,0.98046875,training_batch,,,
seed,full,PPO+Pointer,43,2576,42724,1,training_batch,,,
seed,full,PPO+Pointer,43,2592,42996,1,training_batch,,,
seed,full,PPO+Pointer,43,2608,43268,1,training_batch,,,
seed,full,PPO+Pointer,43,2624,43540,1,training_batch,,,
seed,full,PPO+Pointer,43,2640,43812,1,training_batch,,,
seed,full,PPO+Pointer,43,2656,44084,1,training_batch,,,
seed,full,PPO+Pointer,43,2672,44356,1,training_batch,,,
seed,full,PPO+Pointer,43,2688,44628,1,training_batch,,,
seed,full,PPO+Pointer,43,2704,44900,1,training_batch,,,
seed,full,PPO+Pointer,43,2720,45127,0.841796875,training_batch,,,
seed,full,PPO+Pointer,43,2736,45399,1,training_batch,,,
seed,full,PPO+Pointer,43,2752,45671,1,training_batch,,,
seed,full,PPO+Pointer,43,2768,45943,1,training_batch,,,
seed,full,PPO+Pointer,43,2784,46215,1,training_batch,,,
seed,full,PPO+Pointer,43,2800,46487,1,training_batch,,,
seed,full,PPO+Pointer,43,2816,46759,1,training_batch,,,
seed,full,PPO+Pointer,43,2832,47031,1,training_batch,,,
seed,full,PPO+Pointer,43,2848,47293,0.970703125,training_batch,,,
seed,full,PPO+Pointer,43,2864,47565,1,training_batch,,,
seed,full,PPO+Pointer,43,2880,47837,1,training_batch,,,
seed,full,PPO+Pointer,43,2896,48109,1,training_batch,,,
seed,full,PPO+Pointer,43,2912,48381,1,training_batch,,,
seed,full,PPO+Pointer,43,2928,48653,1,training_batch,,,
seed,full,PPO+Pointer,43,2944,48918,0.966796875,training_batch,,,
seed,full,PPO+Pointer,43,2960,49190,1,training_batch,,,
seed,full,PPO+Pointer,43,2976,49462,1,training_batch,,,
seed,full,PPO+Pointer,43,2992,49734,1,training_batch,,,
seed,full,PPO+Pointer,43,3000,49870,1,training_batch,,,
seed,full,PPO+Pointer,44,16,131,0.443359375,training_batch,,,
seed,full,PPO+Pointer,44,32,299,0.58984375,training_batch,,,
seed,full,PPO+Pointer,44,48,485,0.6875,training_batch,,,
seed,full,PPO+Pointer,44,64,697,0.779296875,training_batch,,,
seed,full,PPO+Pointer,44,80,905,0.763671875,training_batch,,,
seed,full,PPO+Pointer,44,96,1117,0.794921875,training_batch,,,
seed,full,PPO+Pointer,44,112,1334,0.794921875,training_batch,,,
seed,full,PPO+Pointer,44,128,1527,0.7265625,training_batch,,,
seed,full,PPO+Pointer,44,144,1740,0.81640625,training_batch,,,
seed,full,PPO+Pointer,44,160,1981,0.923828125,training_batch,,,
seed,full,PPO+Pointer,44,176,2227,0.939453125,training_batch,,,
seed,full,PPO+Pointer,44,192,2471,0.927734375,training_batch,,,
seed,full,PPO+Pointer,44,208,2730,0.958984375,training_batch,,,
seed,full,PPO+Pointer,44,224,2983,0.947265625,training_batch,,,
seed,full,PPO+Pointer,44,240,3249,0.9765625,training_batch,,,
seed,full,PPO+Pointer,44,256,3520,0.99609375,training_batch,,,
seed,full,PPO+Pointer,44,272,3791,0.998046875,training_batch,,,
seed,full,PPO+Pointer,44,288,4061,0.98828125,training_batch,,,
seed,full,PPO+Pointer,44,304,4333,1,training_batch,,,
seed,full,PPO+Pointer,44,320,4605,1,training_batch,,,
seed,full,PPO+Pointer,44,336,4877,1,training_batch,,,
seed,full,PPO+Pointer,44,352,5149,1,training_batch,,,
seed,full,PPO+Pointer,44,368,5421,1,training_batch,,,
seed,full,PPO+Pointer,44,384,5693,1,training_batch,,,
seed,full,PPO+Pointer,44,400,5965,1,training_batch,,,
seed,full,PPO+Pointer,44,416,6237,1,training_batch,,,
seed,full,PPO+Pointer,44,432,6509,1,training_batch,,,
seed,full,PPO+Pointer,44,448,6781,1,training_batch,,,
seed,full,PPO+Pointer,44,464,7053,1,training_batch,,,
seed,full,PPO+Pointer,44,480,7325,1,training_batch,,,
seed,full,PPO+Pointer,44,496,7597,1,training_batch,,,
seed,full,PPO+Pointer,44,512,7869,1,training_batch,,,
seed,full,PPO+Pointer,44,528,8141,1,training_batch,,,
seed,full,PPO+Pointer,44,544,8413,1,training_batch,,,
seed,full,PPO+Pointer,44,560,8665,0.943359375,training_batch,,,
seed,full,PPO+Pointer,44,576,8907,0.888671875,training_batch,,,
seed,full,PPO+Pointer,44,592,9179,1,training_batch,,,
seed,full,PPO+Pointer,44,608,9451,1,training_batch,,,
seed,full,PPO+Pointer,44,624,9723,1,training_batch,,,
seed,full,PPO+Pointer,44,640,9995,1,training_batch,,,
seed,full,PPO+Pointer,44,656,10267,1,training_batch,,,
seed,full,PPO+Pointer,44,672,10539,1,training_batch,,,
seed,full,PPO+Pointer,44,688,10811,1,training_batch,,,
seed,full,PPO+Pointer,44,704,11083,1,training_batch,,,
seed,full,PPO+Pointer,44,720,11347,0.9765625,training_batch,,,
seed,full,PPO+Pointer,44,736,11619,1,training_batch,,,
seed,full,PPO+Pointer,44,752,11883,0.9765625,training_batch,,,
seed,full,PPO+Pointer,44,768,12155,1,training_batch,,,
seed,full,PPO+Pointer,44,784,12427,1,training_batch,,,
seed,full,PPO+Pointer,44,800,12684,0.943359375,training_batch,,,
seed,full,PPO+Pointer,44,816,12956,1,training_batch,,,
seed,full,PPO+Pointer,44,832,13228,1,training_batch,,,
seed,full,PPO+Pointer,44,848,13500,1,training_batch,,,
seed,full,PPO+Pointer,44,864,13772,1,training_batch,,,
seed,full,PPO+Pointer,44,880,14044,1,training_batch,,,
seed,full,PPO+Pointer,44,896,14316,1,training_batch,,,
seed,full,PPO+Pointer,44,912,14588,1,training_batch,,,
seed,full,PPO+Pointer,44,928,14860,1,training_batch,,,
seed,full,PPO+Pointer,44,944,15132,1,training_batch,,,
seed,full,PPO+Pointer,44,960,15404,1,training_batch,,,
seed,full,PPO+Pointer,44,976,15676,1,training_batch,,,
seed,full,PPO+Pointer,44,992,15948,1,training_batch,,,
seed,full,PPO+Pointer,44,1008,16220,1,training_batch,,,
seed,full,PPO+Pointer,44,1024,16492,1,training_batch,,,
seed,full,PPO+Pointer,44,1040,16764,1,training_batch,,,
seed,full,PPO+Pointer,44,1056,17036,1,training_batch,,,
seed,full,PPO+Pointer,44,1072,17268,0.8515625,training_batch,,,
seed,full,PPO+Pointer,44,1088,17507,0.888671875,training_batch,,,
seed,full,PPO+Pointer,44,1104,17745,0.865234375,training_batch,,,
seed,full,PPO+Pointer,44,1120,18017,1,training_batch,,,
seed,full,PPO+Pointer,44,1136,18289,1,training_batch,,,
seed,full,PPO+Pointer,44,1152,18561,1,training_batch,,,
seed,full,PPO+Pointer,44,1168,18833,1,training_batch,,,
seed,full,PPO+Pointer,44,1184,19105,1,training_batch,,,
seed,full,PPO+Pointer,44,1200,19377,1,training_batch,,,
seed,full,PPO+Pointer,44,1216,19649,1,training_batch,,,
seed,full,PPO+Pointer,44,1232,19921,1,training_batch,,,
seed,full,PPO+Pointer,44,1248,20193,1,training_batch,,,
seed,full,PPO+Pointer,44,1264,20426,0.859375,training_batch,,,
seed,full,PPO+Pointer,44,1280,20682,0.939453125,training_batch,,,
seed,full,PPO+Pointer,44,1296,20946,0.9765625,training_batch,,,
seed,full,PPO+Pointer,44,1312,21210,0.9765625,training_batch,,,
seed,full,PPO+Pointer,44,1328,21482,1,training_batch,,,
seed,full,PPO+Pointer,44,1344,21754,1,training_batch,,,
seed,full,PPO+Pointer,44,1360,22026,1,training_batch,,,
seed,full,PPO+Pointer,44,1376,22298,1,training_batch,,,
seed,full,PPO+Pointer,44,1392,22570,1,training_batch,,,
seed,full,PPO+Pointer,44,1408,22842,1,training_batch,,,
seed,full,PPO+Pointer,44,1424,23114,1,training_batch,,,
seed,full,PPO+Pointer,44,1440,23386,1,training_batch,,,
seed,full,PPO+Pointer,44,1456,23658,1,training_batch,,,
seed,full,PPO+Pointer,44,1472,23930,1,training_batch,,,
seed,full,PPO+Pointer,44,1488,24195,0.966796875,training_batch,,,
seed,full,PPO+Pointer,44,1504,24467,1,training_batch,,,
seed,full,PPO+Pointer,44,1520,24739,1,training_batch,,,
seed,full,PPO+Pointer,44,1536,25001,0.958984375,training_batch,,,
seed,full,PPO+Pointer,44,1552,25272,0.998046875,training_batch,,,
seed,full,PPO+Pointer,44,1568,25544,1,training_batch,,,
seed,full,PPO+Pointer,44,1584,25816,1,training_batch,,,
seed,full,PPO+Pointer,44,1600,26088,1,training_batch,,,
seed,full,PPO+Pointer,44,1616,26360,1,training_batch,,,
seed,full,PPO+Pointer,44,1632,26632,1,training_batch,,,
seed,full,PPO+Pointer,44,1648,26904,1,training_batch,,,
seed,full,PPO+Pointer,44,1664,27176,1,training_batch,,,
seed,full,PPO+Pointer,44,1680,27448,1,training_batch,,,
seed,full,PPO+Pointer,44,1696,27720,1,training_batch,,,
seed,full,PPO+Pointer,44,1712,27992,1,training_batch,,,
seed,full,PPO+Pointer,44,1728,28257,0.98046875,training_batch,,,
seed,full,PPO+Pointer,44,1744,28510,0.931640625,training_batch,,,
seed,full,PPO+Pointer,44,1760,28782,1,training_batch,,,
seed,full,PPO+Pointer,44,1776,29054,1,training_batch,,,
seed,full,PPO+Pointer,44,1792,29326,1,training_batch,,,
seed,full,PPO+Pointer,44,1808,29598,1,training_batch,,,
seed,full,PPO+Pointer,44,1824,29870,1,training_batch,,,
seed,full,PPO+Pointer,44,1840,30142,1,training_batch,,,
seed,full,PPO+Pointer,44,1856,30414,1,training_batch,,,
seed,full,PPO+Pointer,44,1872,30686,1,training_batch,,,
seed,full,PPO+Pointer,44,1888,30958,1,training_batch,,,
seed,full,PPO+Pointer,44,1904,31230,1,training_batch,,,
seed,full,PPO+Pointer,44,1920,31502,1,training_batch,,,
seed,full,PPO+Pointer,44,1936,31768,0.982421875,training_batch,,,
seed,full,PPO+Pointer,44,1952,32040,1,training_batch,,,
seed,full,PPO+Pointer,44,1968,32312,1,training_batch,,,
seed,full,PPO+Pointer,44,1984,32563,0.94140625,training_batch,,,
seed,full,PPO+Pointer,44,2000,32819,0.9375,training_batch,,,
seed,full,PPO+Pointer,44,2016,33072,0.9296875,training_batch,,,
seed,full,PPO+Pointer,44,2032,33344,1,training_batch,,,
seed,full,PPO+Pointer,44,2048,33616,1,training_batch,,,
seed,full,PPO+Pointer,44,2064,33888,1,training_batch,,,
seed,full,PPO+Pointer,44,2080,34160,1,training_batch,,,
seed,full,PPO+Pointer,44,2096,34423,0.974609375,training_batch,,,
seed,full,PPO+Pointer,44,2112,34695,1,training_batch,,,
seed,full,PPO+Pointer,44,2128,34967,1,training_batch,,,
seed,full,PPO+Pointer,44,2144,35239,1,training_batch,,,
seed,full,PPO+Pointer,44,2160,35511,1,training_batch,,,
seed,full,PPO+Pointer,44,2176,35783,1,training_batch,,,
seed,full,PPO+Pointer,44,2192,36055,1,training_batch,,,
seed,full,PPO+Pointer,44,2208,36327,1,training_batch,,,
seed,full,PPO+Pointer,44,2224,36599,1,training_batch,,,
seed,full,PPO+Pointer,44,2240,36871,1,training_batch,,,
seed,full,PPO+Pointer,44,2256,37143,1,training_batch,,,
seed,full,PPO+Pointer,44,2272,37415,1,training_batch,,,
seed,full,PPO+Pointer,44,2288,37686,0.998046875,training_batch,,,
seed,full,PPO+Pointer,44,2304,37958,1,training_batch,,,
seed,full,PPO+Pointer,44,2320,38225,0.98828125,training_batch,,,
seed,full,PPO+Pointer,44,2336,38497,1,training_batch,,,
seed,full,PPO+Pointer,44,2352,38769,1,training_batch,,,
seed,full,PPO+Pointer,44,2368,39041,1,training_batch,,,
seed,full,PPO+Pointer,44,2384,39313,1,training_batch,,,
seed,full,PPO+Pointer,44,2400,39578,0.966796875,training_batch,,,
seed,full,PPO+Pointer,44,2416,39850,1,training_batch,,,
seed,full,PPO+Pointer,44,2432,40122,1,training_batch,,,
seed,full,PPO+Pointer,44,2448,40394,1,training_batch,,,
seed,full,PPO+Pointer,44,2464,40666,1,training_batch,,,
seed,full,PPO+Pointer,44,2480,40938,1,training_batch,,,
seed,full,PPO+Pointer,44,2496,41210,1,training_batch,,,
seed,full,PPO+Pointer,44,2512,41482,1,training_batch,,,
seed,full,PPO+Pointer,44,2528,41754,1,training_batch,,,
seed,full,PPO+Pointer,44,2544,42026,1,training_batch,,,
seed,full,PPO+Pointer,44,2560,42298,1,training_batch,,,
seed,full,PPO+Pointer,44,2576,42570,1,training_batch,,,
seed,full,PPO+Pointer,44,2592,42842,1,training_batch,,,
seed,full,PPO+Pointer,44,2608,43114,1,training_batch,,,
seed,full,PPO+Pointer,44,2624,43385,0.998046875,training_batch,,,
seed,full,PPO+Pointer,44,2640,43624,0.890625,training_batch,,,
seed,full,PPO+Pointer,44,2656,43888,0.9765625,training_batch,,,
seed,full,PPO+Pointer,44,2672,44159,0.998046875,training_batch,,,
seed,full,PPO+Pointer,44,2688,44424,0.98046875,training_batch,,,
seed,full,PPO+Pointer,44,2704,44680,0.953125,training_batch,,,
seed,full,PPO+Pointer,44,2720,44952,1,training_batch,,,
seed,full,PPO+Pointer,44,2736,45224,1,training_batch,,,
seed,full,PPO+Pointer,44,2752,45496,1,training_batch,,,
seed,full,PPO+Pointer,44,2768,45768,1,training_batch,,,
seed,full,PPO+Pointer,44,2784,46040,1,training_batch,,,
seed,full,PPO+Pointer,44,2800,46312,1,training_batch,,,
seed,full,PPO+Pointer,44,2816,46576,0.9765625,training_batch,,,
seed,full,PPO+Pointer,44,2832,46848,1,training_batch,,,
seed,full,PPO+Pointer,44,2848,47120,1,training_batch,,,
seed,full,PPO+Pointer,44,2864,47383,0.974609375,training_batch,,,
seed,full,PPO+Pointer,44,2880,47655,1,training_batch,,,
seed,full,PPO+Pointer,44,2896,47918,0.974609375,training_batch,,,
seed,full,PPO+Pointer,44,2912,48190,1,training_batch,,,
seed,full,PPO+Pointer,44,2928,48462,1,training_batch,,,
seed,full,PPO+Pointer,44,2944,48734,1,training_batch,,,
seed,full,PPO+Pointer,44,2960,49006,1,training_batch,,,
seed,full,PPO+Pointer,44,2976,49278,1,training_batch,,,
seed,full,PPO+Pointer,44,2992,49550,1,training_batch,,,
seed,full,PPO+Pointer,44,3000,49686,1,training_batch,,,
seed,full,PPO+Pointer,45,16,126,0.42578125,training_batch,,,
seed,full,PPO+Pointer,45,32,266,0.501953125,training_batch,,,
seed,full,PPO+Pointer,45,48,442,0.65234375,training_batch,,,
seed,full,PPO+Pointer,45,64,630,0.70703125,training_batch,,,
seed,full,PPO+Pointer,45,80,843,0.8125,training_batch,,,
seed,full,PPO+Pointer,45,96,1054,0.82421875,training_batch,,,
seed,full,PPO+Pointer,45,112,1258,0.8125,training_batch,,,
seed,full,PPO+Pointer,45,128,1476,0.857421875,training_batch,,,
seed,full,PPO+Pointer,45,144,1679,0.810546875,training_batch,,,
seed,full,PPO+Pointer,45,160,1903,0.8671875,training_batch,,,
seed,full,PPO+Pointer,45,176,2125,0.873046875,training_batch,,,
seed,full,PPO+Pointer,45,192,2362,0.9140625,training_batch,,,
seed,full,PPO+Pointer,45,208,2603,0.912109375,training_batch,,,
seed,full,PPO+Pointer,45,224,2863,0.97265625,training_batch,,,
seed,full,PPO+Pointer,45,240,3131,0.98828125,training_batch,,,
seed,full,PPO+Pointer,45,256,3399,0.9921875,training_batch,,,
seed,full,PPO+Pointer,45,272,3671,1,training_batch,,,
seed,full,PPO+Pointer,45,288,3943,1,training_batch,,,
seed,full,PPO+Pointer,45,304,4215,1,training_batch,,,
seed,full,PPO+Pointer,45,320,4485,0.9921875,training_batch,,,
seed,full,PPO+Pointer,45,336,4757,1,training_batch,,,
seed,full,PPO+Pointer,45,352,5029,1,training_batch,,,
seed,full,PPO+Pointer,45,368,5301,1,training_batch,,,
seed,full,PPO+Pointer,45,384,5573,1,training_batch,,,
seed,full,PPO+Pointer,45,400,5845,1,training_batch,,,
seed,full,PPO+Pointer,45,416,6102,0.94140625,training_batch,,,
seed,full,PPO+Pointer,45,432,6369,0.9765625,training_batch,,,
seed,full,PPO+Pointer,45,448,6638,0.986328125,training_batch,,,
seed,full,PPO+Pointer,45,464,6907,0.984375,training_batch,,,
seed,full,PPO+Pointer,45,480,7178,0.994140625,training_batch,,,
seed,full,PPO+Pointer,45,496,7450,1,training_batch,,,
seed,full,PPO+Pointer,45,512,7700,0.904296875,training_batch,,,
seed,full,PPO+Pointer,45,528,7955,0.93359375,training_batch,,,
seed,full,PPO+Pointer,45,544,8218,0.970703125,training_batch,,,
seed,full,PPO+Pointer,45,560,8482,0.9765625,training_batch,,,
seed,full,PPO+Pointer,45,576,8754,1,training_batch,,,
seed,full,PPO+Pointer,45,592,9026,1,training_batch,,,
seed,full,PPO+Pointer,45,608,9289,0.97265625,training_batch,,,
seed,full,PPO+Pointer,45,624,9561,1,training_batch,,,
seed,full,PPO+Pointer,45,640,9833,1,training_batch,,,
seed,full,PPO+Pointer,45,656,10104,0.99609375,training_batch,,,
seed,full,PPO+Pointer,45,672,10376,1,training_batch,,,
seed,full,PPO+Pointer,45,688,10639,0.97265625,training_batch,,,
seed,full,PPO+Pointer,45,704,10903,0.9765625,training_batch,,,
seed,full,PPO+Pointer,45,720,11175,1,training_batch,,,
seed,full,PPO+Pointer,45,736,11447,1,training_batch,,,
seed,full,PPO+Pointer,45,752,11711,0.9765625,training_batch,,,
seed,full,PPO+Pointer,45,768,11978,0.984375,training_batch,,,
seed,full,PPO+Pointer,45,784,12250,1,training_batch,,,
seed,full,PPO+Pointer,45,800,12522,1,training_batch,,,
seed,full,PPO+Pointer,45,816,12794,1,training_batch,,,
seed,full,PPO+Pointer,45,832,13066,1,training_batch,,,
seed,full,PPO+Pointer,45,848,13338,1,training_batch,,,
seed,full,PPO+Pointer,45,864,13601,0.97265625,training_batch,,,
seed,full,PPO+Pointer,45,880,13837,0.875,training_batch,,,
seed,full,PPO+Pointer,45,896,14077,0.876953125,training_batch,,,
seed,full,PPO+Pointer,45,912,14334,0.943359375,training_batch,,,
seed,full,PPO+Pointer,45,928,14598,0.9765625,training_batch,,,
seed,full,PPO+Pointer,45,944,14870,1,training_batch,,,
seed,full,PPO+Pointer,45,960,15142,1,training_batch,,,
seed,full,PPO+Pointer,45,976,15414,1,training_batch,,,
seed,full,PPO+Pointer,45,992,15686,1,training_batch,,,
seed,full,PPO+Pointer,45,1008,15958,1,training_batch,,,
seed,full,PPO+Pointer,45,1024,16230,1,training_batch,,,
seed,full,PPO+Pointer,45,1040,16502,1,training_batch,,,
seed,full,PPO+Pointer,45,1056,16774,1,training_batch,,,
seed,full,PPO+Pointer,45,1072,17046,1,training_batch,,,
seed,full,PPO+Pointer,45,1088,17317,0.99609375,training_batch,,,
seed,full,PPO+Pointer,45,1104,17589,1,training_batch,,,
seed,full,PPO+Pointer,45,1120,17861,1,training_batch,,,
seed,full,PPO+Pointer,45,1136,18125,0.9765625,training_batch,,,
seed,full,PPO+Pointer,45,1152,18397,1,training_batch,,,
seed,full,PPO+Pointer,45,1168,18669,1,training_batch,,,
seed,full,PPO+Pointer,45,1184,18941,1,training_batch,,,
seed,full,PPO+Pointer,45,1200,19213,1,training_batch,,,
seed,full,PPO+Pointer,45,1216,19483,0.99609375,training_batch,,,
seed,full,PPO+Pointer,45,1232,19725,0.9140625,training_batch,,,
seed,full,PPO+Pointer,45,1248,19993,0.990234375,training_batch,,,
seed,full,PPO+Pointer,45,1264,20254,0.96875,training_batch,,,
seed,full,PPO+Pointer,45,1280,20526,1,training_batch,,,
seed,full,PPO+Pointer,45,1296,20798,1,training_batch,,,
seed,full,PPO+Pointer,45,1312,21060,0.970703125,training_batch,,,
seed,full,PPO+Pointer,45,1328,21332,1,training_batch,,,
seed,full,PPO+Pointer,45,1344,21604,1,training_batch,,,
seed,full,PPO+Pointer,45,1360,21876,1,training_batch,,,
seed,full,PPO+Pointer,45,1376,22148,1,training_batch,,,
seed,full,PPO+Pointer,45,1392,22420,1,training_batch,,,
seed,full,PPO+Pointer,45,1408,22692,1,training_batch,,,
seed,full,PPO+Pointer,45,1424,22964,1,training_batch,,,
seed,full,PPO+Pointer,45,1440,23228,0.9765625,training_batch,,,
seed,full,PPO+Pointer,45,1456,23500,1,training_batch,,,
seed,full,PPO+Pointer,45,1472,23772,1,training_batch,,,
seed,full,PPO+Pointer,45,1488,24044,1,training_batch,,,
seed,full,PPO+Pointer,45,1504,24316,1,training_batch,,,
seed,full,PPO+Pointer,45,1520,24587,0.99609375,training_batch,,,
seed,full,PPO+Pointer,45,1536,24859,1,training_batch,,,
seed,full,PPO+Pointer,45,1552,25131,1,training_batch,,,
seed,full,PPO+Pointer,45,1568,25403,1,training_batch,,,
seed,full,PPO+Pointer,45,1584,25675,1,training_batch,,,
seed,full,PPO+Pointer,45,1600,25947,1,training_batch,,,
seed,full,PPO+Pointer,45,1616,26195,0.916015625,training_batch,,,
seed,full,PPO+Pointer,45,1632,26467,1,training_batch,,,
seed,full,PPO+Pointer,45,1648,26739,1,training_batch,,,
seed,full,PPO+Pointer,45,1664,27011,1,training_batch,,,
seed,full,PPO+Pointer,45,1680,27283,1,training_batch,,,
seed,full,PPO+Pointer,45,1696,27555,1,training_batch,,,
seed,full,PPO+Pointer,45,1712,27783,0.8359375,training_batch,,,
seed,full,PPO+Pointer,45,1728,28055,1,training_batch,,,
seed,full,PPO+Pointer,45,1744,28327,1,training_batch,,,
seed,full,PPO+Pointer,45,1760,28599,1,training_batch,,,
seed,full,PPO+Pointer,45,1776,28871,1,training_batch,,,
seed,full,PPO+Pointer,45,1792,29143,1,training_batch,,,
seed,full,PPO+Pointer,45,1808,29415,1,training_batch,,,
seed,full,PPO+Pointer,45,1824,29687,1,training_batch,,,
seed,full,PPO+Pointer,45,1840,29959,1,training_batch,,,
seed,full,PPO+Pointer,45,1856,30211,0.9296875,training_batch,,,
seed,full,PPO+Pointer,45,1872,30473,0.970703125,training_batch,,,
seed,full,PPO+Pointer,45,1888,30745,1,training_batch,,,
seed,full,PPO+Pointer,45,1904,31017,1,training_batch,,,
seed,full,PPO+Pointer,45,1920,31289,1,training_batch,,,
seed,full,PPO+Pointer,45,1936,31561,1,training_batch,,,
seed,full,PPO+Pointer,45,1952,31833,1,training_batch,,,
seed,full,PPO+Pointer,45,1968,32105,1,training_batch,,,
seed,full,PPO+Pointer,45,1984,32377,1,training_batch,,,
seed,full,PPO+Pointer,45,2000,32649,1,training_batch,,,
seed,full,PPO+Pointer,45,2016,32921,1,training_batch,,,
seed,full,PPO+Pointer,45,2032,33185,0.9765625,training_batch,,,
seed,full,PPO+Pointer,45,2048,33457,1,training_batch,,,
seed,full,PPO+Pointer,45,2064,33729,1,training_batch,,,
seed,full,PPO+Pointer,45,2080,34001,1,training_batch,,,
seed,full,PPO+Pointer,45,2096,34273,1,training_batch,,,
seed,full,PPO+Pointer,45,2112,34545,1,training_batch,,,
seed,full,PPO+Pointer,45,2128,34817,1,training_batch,,,
seed,full,PPO+Pointer,45,2144,35078,0.96875,training_batch,,,
seed,full,PPO+Pointer,45,2160,35349,0.99609375,training_batch,,,
seed,full,PPO+Pointer,45,2176,35621,1,training_batch,,,
seed,full,PPO+Pointer,45,2192,35893,1,training_batch,,,
seed,full,PPO+Pointer,45,2208,36152,0.962890625,training_batch,,,
seed,full,PPO+Pointer,45,2224,36386,0.86328125,training_batch,,,
seed,full,PPO+Pointer,45,2240,36599,0.783203125,training_batch,,,
seed,full,PPO+Pointer,45,2256,36824,0.818359375,training_batch,,,
seed,full,PPO+Pointer,45,2272,37088,0.9765625,training_batch,,,
seed,full,PPO+Pointer,45,2288,37360,1,training_batch,,,
seed,full,PPO+Pointer,45,2304,37632,1,training_batch,,,
seed,full,PPO+Pointer,45,2320,37904,1,training_batch,,,
seed,full,PPO+Pointer,45,2336,38176,1,training_batch,,,
seed,full,PPO+Pointer,45,2352,38447,0.998046875,training_batch,,,
seed,full,PPO+Pointer,45,2368,38719,1,training_batch,,,
seed,full,PPO+Pointer,45,2384,38991,1,training_batch,,,
seed,full,PPO+Pointer,45,2400,39253,0.970703125,training_batch,,,
seed,full,PPO+Pointer,45,2416,39525,1,training_batch,,,
seed,full,PPO+Pointer,45,2432,39797,1,training_batch,,,
seed,full,PPO+Pointer,45,2448,40069,1,training_batch,,,
seed,full,PPO+Pointer,45,2464,40322,0.931640625,training_batch,,,
seed,full,PPO+Pointer,45,2480,40556,0.859375,training_batch,,,
seed,full,PPO+Pointer,45,2496,40809,0.92578125,training_batch,,,
seed,full,PPO+Pointer,45,2512,41057,0.9140625,training_batch,,,
seed,full,PPO+Pointer,45,2528,41304,0.91015625,training_batch,,,
seed,full,PPO+Pointer,45,2544,41576,1,training_batch,,,
seed,full,PPO+Pointer,45,2560,41848,1,training_batch,,,
seed,full,PPO+Pointer,45,2576,42120,1,training_batch,,,
seed,full,PPO+Pointer,45,2592,42384,0.9765625,training_batch,,,
seed,full,PPO+Pointer,45,2608,42648,0.9765625,training_batch,,,
seed,full,PPO+Pointer,45,2624,42920,1,training_batch,,,
seed,full,PPO+Pointer,45,2640,43184,0.9765625,training_batch,,,
seed,full,PPO+Pointer,45,2656,43456,1,training_batch,,,
seed,full,PPO+Pointer,45,2672,43728,1,training_batch,,,
seed,full,PPO+Pointer,45,2688,44000,1,training_batch,,,
seed,full,PPO+Pointer,45,2704,44261,0.962890625,training_batch,,,
seed,full,PPO+Pointer,45,2720,44533,1,training_batch,,,
seed,full,PPO+Pointer,45,2736,44805,1,training_batch,,,
seed,full,PPO+Pointer,45,2752,45077,1,training_batch,,,
seed,full,PPO+Pointer,45,2768,45341,0.9765625,training_batch,,,
seed,full,PPO+Pointer,45,2784,45613,1,training_batch,,,
seed,full,PPO+Pointer,45,2800,45885,1,training_batch,,,
seed,full,PPO+Pointer,45,2816,46157,1,training_batch,,,
seed,full,PPO+Pointer,45,2832,46429,1,training_batch,,,
seed,full,PPO+Pointer,45,2848,46701,1,training_batch,,,
seed,full,PPO+Pointer,45,2864,46965,0.9765625,training_batch,,,
seed,full,PPO+Pointer,45,2880,47237,1,training_batch,,,
seed,full,PPO+Pointer,45,2896,47509,1,training_batch,,,
seed,full,PPO+Pointer,45,2912,47781,1,training_batch,,,
seed,full,PPO+Pointer,45,2928,48053,1,training_batch,,,
seed,full,PPO+Pointer,45,2944,48317,0.9765625,training_batch,,,
seed,full,PPO+Pointer,45,2960,48589,1,training_batch,,,
seed,full,PPO+Pointer,45,2976,48861,1,training_batch,,,
seed,full,PPO+Pointer,45,2992,49133,1,training_batch,,,
seed,full,PPO+Pointer,45,3000,49253,0.875,training_batch,,,
seed,full,PPO+Pointer,46,16,117,0.392578125,training_batch,,,
seed,full,PPO+Pointer,46,32,263,0.515625,training_batch,,,
seed,full,PPO+Pointer,46,48,456,0.7265625,training_batch,,,
seed,full,PPO+Pointer,46,64,672,0.830078125,training_batch,,,
seed,full,PPO+Pointer,46,80,887,0.81640625,training_batch,,,
seed,full,PPO+Pointer,46,96,1110,0.84375,training_batch,,,
seed,full,PPO+Pointer,46,112,1342,0.892578125,training_batch,,,
seed,full,PPO+Pointer,46,128,1591,0.94140625,training_batch,,,
seed,full,PPO+Pointer,46,144,1842,0.9453125,training_batch,,,
seed,full,PPO+Pointer,46,160,2096,0.94921875,training_batch,,,
seed,full,PPO+Pointer,46,176,2355,0.96875,training_batch,,,
seed,full,PPO+Pointer,46,192,2624,0.9921875,training_batch,,,
seed,full,PPO+Pointer,46,208,2888,0.978515625,training_batch,,,
seed,full,PPO+Pointer,46,224,3157,0.994140625,training_batch,,,
seed,full,PPO+Pointer,46,240,3427,0.99609375,training_batch,,,
seed,full,PPO+Pointer,46,256,3699,1,training_batch,,,
seed,full,PPO+Pointer,46,272,3971,1,training_batch,,,
seed,full,PPO+Pointer,46,288,4243,1,training_batch,,,
seed,full,PPO+Pointer,46,304,4515,1,training_batch,,,
seed,full,PPO+Pointer,46,320,4787,1,training_batch,,,
seed,full,PPO+Pointer,46,336,5059,1,training_batch,,,
seed,full,PPO+Pointer,46,352,5331,1,training_batch,,,
seed,full,PPO+Pointer,46,368,5603,1,training_batch,,,
seed,full,PPO+Pointer,46,384,5868,0.98046875,training_batch,,,
seed,full,PPO+Pointer,46,400,6140,1,training_batch,,,
seed,full,PPO+Pointer,46,416,6412,1,training_batch,,,
seed,full,PPO+Pointer,46,432,6684,1,training_batch,,,
seed,full,PPO+Pointer,46,448,6949,0.98046875,training_batch,,,
seed,full,PPO+Pointer,46,464,7221,1,training_batch,,,
seed,full,PPO+Pointer,46,480,7493,1,training_batch,,,
seed,full,PPO+Pointer,46,496,7765,1,training_batch,,,
seed,full,PPO+Pointer,46,512,8037,1,training_batch,,,
seed,full,PPO+Pointer,46,528,8309,1,training_batch,,,
seed,full,PPO+Pointer,46,544,8581,1,training_batch,,,
seed,full,PPO+Pointer,46,560,8843,0.970703125,training_batch,,,
seed,full,PPO+Pointer,46,576,9107,0.9765625,training_batch,,,
seed,full,PPO+Pointer,46,592,9379,1,training_batch,,,
seed,full,PPO+Pointer,46,608,9651,1,training_batch,,,
seed,full,PPO+Pointer,46,624,9923,1,training_batch,,,
seed,full,PPO+Pointer,46,640,10195,1,training_batch,,,
seed,full,PPO+Pointer,46,656,10467,1,training_batch,,,
seed,full,PPO+Pointer,46,672,10739,1,training_batch,,,
seed,full,PPO+Pointer,46,688,11011,1,training_batch,,,
seed,full,PPO+Pointer,46,704,11283,1,training_batch,,,
seed,full,PPO+Pointer,46,720,11547,0.9765625,training_batch,,,
seed,full,PPO+Pointer,46,736,11819,1,training_batch,,,
seed,full,PPO+Pointer,46,752,12091,1,training_batch,,,
seed,full,PPO+Pointer,46,768,12363,1,training_batch,,,
seed,full,PPO+Pointer,46,784,12635,1,training_batch,,,
seed,full,PPO+Pointer,46,800,12907,1,training_batch,,,
seed,full,PPO+Pointer,46,816,13179,1,training_batch,,,
seed,full,PPO+Pointer,46,832,13443,0.9765625,training_batch,,,
seed,full,PPO+Pointer,46,848,13715,1,training_batch,,,
seed,full,PPO+Pointer,46,864,13987,1,training_batch,,,
seed,full,PPO+Pointer,46,880,14251,0.9765625,training_batch,,,
seed,full,PPO+Pointer,46,896,14523,1,training_batch,,,
seed,full,PPO+Pointer,46,912,14795,1,training_batch,,,
seed,full,PPO+Pointer,46,928,15067,1,training_batch,,,
seed,full,PPO+Pointer,46,944,15339,1,training_batch,,,
seed,full,PPO+Pointer,46,960,15611,1,training_batch,,,
seed,full,PPO+Pointer,46,976,15883,1,training_batch,,,
seed,full,PPO+Pointer,46,992,16122,0.87890625,training_batch,,,
seed,full,PPO+Pointer,46,1008,16378,0.9375,training_batch,,,
seed,full,PPO+Pointer,46,1024,16633,0.931640625,training_batch,,,
seed,full,PPO+Pointer,46,1040,16905,1,training_batch,,,
seed,full,PPO+Pointer,46,1056,17169,0.9765625,training_batch,,,
seed,full,PPO+Pointer,46,1072,17441,1,training_batch,,,
seed,full,PPO+Pointer,46,1088,17713,1,training_batch,,,
seed,full,PPO+Pointer,46,1104,17985,1,training_batch,,,
seed,full,PPO+Pointer,46,1120,18257,1,training_batch,,,
seed,full,PPO+Pointer,46,1136,18526,0.994140625,training_batch,,,
seed,full,PPO+Pointer,46,1152,18779,0.9453125,training_batch,,,
seed,full,PPO+Pointer,46,1168,19037,0.958984375,training_batch,,,
seed,full,PPO+Pointer,46,1184,19309,1,training_batch,,,
seed,full,PPO+Pointer,46,1200,19581,1,training_batch,,,
seed,full,PPO+Pointer,46,1216,19843,0.970703125,training_batch,,,
seed,full,PPO+Pointer,46,1232,20107,0.9765625,training_batch,,,
seed,full,PPO+Pointer,46,1248,20379,1,training_batch,,,
seed,full,PPO+Pointer,46,1264,20651,1,training_batch,,,
seed,full,PPO+Pointer,46,1280,20923,1,training_batch,,,
seed,full,PPO+Pointer,46,1296,21195,1,training_batch,,,
seed,full,PPO+Pointer,46,1312,21467,1,training_batch,,,
seed,full,PPO+Pointer,46,1328,21732,0.98046875,training_batch,,,
seed,full,PPO+Pointer,46,1344,22004,1,training_batch,,,
seed,full,PPO+Pointer,46,1360,22276,1,training_batch,,,
seed,full,PPO+Pointer,46,1376,22540,0.9765625,training_batch,,,
seed,full,PPO+Pointer,46,1392,22812,1,training_batch,,,
seed,full,PPO+Pointer,46,1408,23084,1,training_batch,,,
seed,full,PPO+Pointer,46,1424,23340,0.9375,training_batch,,,
seed,full,PPO+Pointer,46,1440,23589,0.919921875,training_batch,,,
seed,full,PPO+Pointer,46,1456,23861,1,training_batch,,,
seed,full,PPO+Pointer,46,1472,24133,1,training_batch,,,
seed,full,PPO+Pointer,46,1488,24405,1,training_batch,,,
seed,full,PPO+Pointer,46,1504,24677,1,training_batch,,,
seed,full,PPO+Pointer,46,1520,24949,1,training_batch,,,
seed,full,PPO+Pointer,46,1536,25221,1,training_batch,,,
seed,full,PPO+Pointer,46,1552,25493,1,training_batch,,,
seed,full,PPO+Pointer,46,1568,25765,1,training_batch,,,
seed,full,PPO+Pointer,46,1584,26030,0.98046875,training_batch,,,
seed,full,PPO+Pointer,46,1600,26302,1,training_batch,,,
seed,full,PPO+Pointer,46,1616,26574,1,training_batch,,,
seed,full,PPO+Pointer,46,1632,26846,1,training_batch,,,
seed,full,PPO+Pointer,46,1648,27118,1,training_batch,,,
seed,full,PPO+Pointer,46,1664,27390,1,training_batch,,,
seed,full,PPO+Pointer,46,1680,27662,1,training_batch,,,
seed,full,PPO+Pointer,46,1696,27934,1,training_batch,,,
seed,full,PPO+Pointer,46,1712,28206,1,training_batch,,,
seed,full,PPO+Pointer,46,1728,28478,1,training_batch,,,
seed,full,PPO+Pointer,46,1744,28750,1,training_batch,,,
seed,full,PPO+Pointer,46,1760,29022,1,training_batch,,,
seed,full,PPO+Pointer,46,1776,29294,1,training_batch,,,
seed,full,PPO+Pointer,46,1792,29566,1,training_batch,,,
seed,full,PPO+Pointer,46,1808,29838,1,training_batch,,,
seed,full,PPO+Pointer,46,1824,30110,1,training_batch,,,
seed,full,PPO+Pointer,46,1840,30382,1,training_batch,,,
seed,full,PPO+Pointer,46,1856,30654,1,training_batch,,,
seed,full,PPO+Pointer,46,1872,30926,1,training_batch,,,
seed,full,PPO+Pointer,46,1888,31198,1,training_batch,,,
seed,full,PPO+Pointer,46,1904,31469,0.998046875,training_batch,,,
seed,full,PPO+Pointer,46,1920,31741,1,training_batch,,,
seed,full,PPO+Pointer,46,1936,32013,1,training_batch,,,
seed,full,PPO+Pointer,46,1952,32277,0.9765625,training_batch,,,
seed,full,PPO+Pointer,46,1968,32549,1,training_batch,,,
seed,full,PPO+Pointer,46,1984,32821,1,training_batch,,,
seed,full,PPO+Pointer,46,2000,33093,1,training_batch,,,
seed,full,PPO+Pointer,46,2016,33365,1,training_batch,,,
seed,full,PPO+Pointer,46,2032,33636,0.998046875,training_batch,,,
seed,full,PPO+Pointer,46,2048,33907,0.998046875,training_batch,,,
seed,full,PPO+Pointer,46,2064,34163,0.953125,training_batch,,,
seed,full,PPO+Pointer,46,2080,34409,0.912109375,training_batch,,,
seed,full,PPO+Pointer,46,2096,34646,0.87109375,training_batch,,,
seed,full,PPO+Pointer,46,2112,34918,1,training_batch,,,
seed,full,PPO+Pointer,46,2128,35190,1,training_batch,,,
seed,full,PPO+Pointer,46,2144,35462,1,training_batch,,,
seed,full,PPO+Pointer,46,2160,35734,1,training_batch,,,
seed,full,PPO+Pointer,46,2176,36006,1,training_batch,,,
seed,full,PPO+Pointer,46,2192,36278,1,training_batch,,,
seed,full,PPO+Pointer,46,2208,36550,1,training_batch,,,
seed,full,PPO+Pointer,46,2224,36822,1,training_batch,,,
seed,full,PPO+Pointer,46,2240,37094,1,training_batch,,,
seed,full,PPO+Pointer,46,2256,37366,1,training_batch,,,
seed,full,PPO+Pointer,46,2272,37638,1,training_batch,,,
seed,full,PPO+Pointer,46,2288,37910,1,training_batch,,,
seed,full,PPO+Pointer,46,2304,38182,1,training_batch,,,
seed,full,PPO+Pointer,46,2320,38438,0.953125,training_batch,,,
seed,full,PPO+Pointer,46,2336,38709,0.998046875,training_batch,,,
seed,full,PPO+Pointer,46,2352,38981,1,training_batch,,,
seed,full,PPO+Pointer,46,2368,39253,1,training_batch,,,
seed,full,PPO+Pointer,46,2384,39525,1,training_batch,,,
seed,full,PPO+Pointer,46,2400,39797,1,training_batch,,,
seed,full,PPO+Pointer,46,2416,40066,0.9921875,training_batch,,,
seed,full,PPO+Pointer,46,2432,40322,0.955078125,training_batch,,,
seed,full,PPO+Pointer,46,2448,40592,0.99609375,training_batch,,,
seed,full,PPO+Pointer,46,2464,40864,1,training_batch,,,
seed,full,PPO+Pointer,46,2480,41136,1,training_batch,,,
seed,full,PPO+Pointer,46,2496,41401,0.984375,training_batch,,,
seed,full,PPO+Pointer,46,2512,41665,0.9765625,training_batch,,,
seed,full,PPO+Pointer,46,2528,41937,1,training_batch,,,
seed,full,PPO+Pointer,46,2544,42209,1,training_batch,,,
seed,full,PPO+Pointer,46,2560,42481,1,training_batch,,,
seed,full,PPO+Pointer,46,2576,42753,1,training_batch,,,
seed,full,PPO+Pointer,46,2592,43025,1,training_batch,,,
seed,full,PPO+Pointer,46,2608,43297,1,training_batch,,,
seed,full,PPO+Pointer,46,2624,43569,1,training_batch,,,
seed,full,PPO+Pointer,46,2640,43841,1,training_batch,,,
seed,full,PPO+Pointer,46,2656,44113,1,training_batch,,,
seed,full,PPO+Pointer,46,2672,44380,0.984375,training_batch,,,
seed,full,PPO+Pointer,46,2688,44644,0.9765625,training_batch,,,
seed,full,PPO+Pointer,46,2704,44916,1,training_batch,,,
seed,full,PPO+Pointer,46,2720,45188,1,training_batch,,,
seed,full,PPO+Pointer,46,2736,45460,1,training_batch,,,
seed,full,PPO+Pointer,46,2752,45732,1,training_batch,,,
seed,full,PPO+Pointer,46,2768,46004,1,training_batch,,,
seed,full,PPO+Pointer,46,2784,46272,0.9921875,training_batch,,,
seed,full,PPO+Pointer,46,2800,46544,1,training_batch,,,
seed,full,PPO+Pointer,46,2816,46816,1,training_batch,,,
seed,full,PPO+Pointer,46,2832,47069,0.951171875,training_batch,,,
seed,full,PPO+Pointer,46,2848,47325,0.94140625,training_batch,,,
seed,full,PPO+Pointer,46,2864,47589,0.9765625,training_batch,,,
seed,full,PPO+Pointer,46,2880,47861,1,training_batch,,,
seed,full,PPO+Pointer,46,2896,48133,1,training_batch,,,
seed,full,PPO+Pointer,46,2912,48405,1,training_batch,,,
seed,full,PPO+Pointer,46,2928,48641,0.87109375,training_batch,,,
seed,full,PPO+Pointer,46,2944,48913,1,training_batch,,,
seed,full,PPO+Pointer,46,2960,49185,1,training_batch,,,
seed,full,PPO+Pointer,46,2976,49457,1,training_batch,,,
seed,full,PPO+Pointer,46,2992,49729,1,training_batch,,,
seed,full,PPO+Pointer,46,3000,49865,1,training_batch,,,
seed,a2c_pointer,A2C+Pointer,42,16,111,0.35546875,training_batch,,,
seed,a2c_pointer,A2C+Pointer,42,32,225,0.38671875,training_batch,,,
seed,a2c_pointer,A2C+Pointer,42,48,409,0.642578125,training_batch,,,
seed,a2c_pointer,A2C+Pointer,42,64,607,0.685546875,training_batch,,,
seed,a2c_pointer,A2C+Pointer,42,80,813,0.751953125,training_batch,,,
seed,a2c_pointer,A2C+Pointer,42,96,1032,0.802734375,training_batch,,,
seed,a2c_pointer,A2C+Pointer,42,112,1240,0.775390625,training_batch,,,
seed,a2c_pointer,A2C+Pointer,42,128,1449,0.78515625,training_batch,,,
seed,a2c_pointer,A2C+Pointer,42,144,1663,0.818359375,training_batch,,,
seed,a2c_pointer,A2C+Pointer,42,160,1869,0.77734375,training_batch,,,
seed,a2c_pointer,A2C+Pointer,42,176,2080,0.80078125,training_batch,,,
seed,a2c_pointer,A2C+Pointer,42,192,2283,0.783203125,training_batch,,,
seed,a2c_pointer,A2C+Pointer,42,208,2491,0.828125,training_batch,,,
seed,a2c_pointer,A2C+Pointer,42,224,2708,0.85546875,training_batch,,,
seed,a2c_pointer,A2C+Pointer,42,240,2922,0.84375,training_batch,,,
seed,a2c_pointer,A2C+Pointer,42,256,3132,0.828125,training_batch,,,
seed,a2c_pointer,A2C+Pointer,42,272,3354,0.873046875,training_batch,,,
seed,a2c_pointer,A2C+Pointer,42,288,3573,0.873046875,training_batch,,,
seed,a2c_pointer,A2C+Pointer,42,304,3811,0.91796875,training_batch,,,
seed,a2c_pointer,A2C+Pointer,42,320,4046,0.912109375,training_batch,,,
seed,a2c_pointer,A2C+Pointer,42,336,4285,0.927734375,training_batch,,,
seed,a2c_pointer,A2C+Pointer,42,352,4522,0.923828125,training_batch,,,
seed,a2c_pointer,A2C+Pointer,42,368,4758,0.9140625,training_batch,,,
seed,a2c_pointer,A2C+Pointer,42,384,5003,0.943359375,training_batch,,,
seed,a2c_pointer,A2C+Pointer,42,400,5240,0.921875,training_batch,,,
seed,a2c_pointer,A2C+Pointer,42,416,5490,0.953125,training_batch,,,
seed,a2c_pointer,A2C+Pointer,42,432,5730,0.93359375,training_batch,,,
seed,a2c_pointer,A2C+Pointer,42,448,5971,0.93359375,training_batch,,,
seed,a2c_pointer,A2C+Pointer,42,464,6204,0.904296875,training_batch,,,
seed,a2c_pointer,A2C+Pointer,42,480,6446,0.93359375,training_batch,,,
seed,a2c_pointer,A2C+Pointer,42,496,6681,0.923828125,training_batch,,,
seed,a2c_pointer,A2C+Pointer,42,512,6933,0.958984375,training_batch,,,
seed,a2c_pointer,A2C+Pointer,42,528,7183,0.955078125,training_batch,,,
seed,a2c_pointer,A2C+Pointer,42,544,7444,0.978515625,training_batch,,,
seed,a2c_pointer,A2C+Pointer,42,560,7707,0.982421875,training_batch,,,
seed,a2c_pointer,A2C+Pointer,42,576,7973,0.98828125,training_batch,,,
seed,a2c_pointer,A2C+Pointer,42,592,8243,0.99609375,training_batch,,,
seed,a2c_pointer,A2C+Pointer,42,608,8512,0.994140625,training_batch,,,
seed,a2c_pointer,A2C+Pointer,42,624,8772,0.9765625,training_batch,,,
seed,a2c_pointer,A2C+Pointer,42,640,9040,0.990234375,training_batch,,,
seed,a2c_pointer,A2C+Pointer,42,656,9302,0.98046875,training_batch,,,
seed,a2c_pointer,A2C+Pointer,42,672,9565,0.982421875,training_batch,,,
seed,a2c_pointer,A2C+Pointer,42,688,9836,0.998046875,training_batch,,,
seed,a2c_pointer,A2C+Pointer,42,704,10104,0.9921875,training_batch,,,
seed,a2c_pointer,A2C+Pointer,42,720,10376,1,training_batch,,,
seed,a2c_pointer,A2C+Pointer,42,736,10648,1,training_batch,,,
seed,a2c_pointer,A2C+Pointer,42,752,10920,1,training_batch,,,
seed,a2c_pointer,A2C+Pointer,42,768,11192,1,training_batch,,,
seed,a2c_pointer,A2C+Pointer,42,784,11464,1,training_batch,,,
seed,a2c_pointer,A2C+Pointer,42,800,11736,1,training_batch,,,
seed,a2c_pointer,A2C+Pointer,42,816,12008,1,training_batch,,,
seed,a2c_pointer,A2C+Pointer,42,832,12280,1,training_batch,,,
seed,a2c_pointer,A2C+Pointer,42,848,12552,1,training_batch,,,
seed,a2c_pointer,A2C+Pointer,42,864,12824,1,training_batch,,,
seed,a2c_pointer,A2C+Pointer,42,880,13094,0.98828125,training_batch,,,
seed,a2c_pointer,A2C+Pointer,42,896,13366,1,training_batch,,,
seed,a2c_pointer,A2C+Pointer,42,912,13638,1,training_batch,,,
seed,a2c_pointer,A2C+Pointer,42,928,13910,1,training_batch,,,
seed,a2c_pointer,A2C+Pointer,42,944,14182,1,training_batch,,,
seed,a2c_pointer,A2C+Pointer,42,960,14452,0.98828125,training_batch,,,
seed,a2c_pointer,A2C+Pointer,42,976,14724,1,training_batch,,,
seed,a2c_pointer,A2C+Pointer,42,992,14996,1,training_batch,,,
seed,a2c_pointer,A2C+Pointer,42,1008,15267,0.994140625,training_batch,,,
seed,a2c_pointer,A2C+Pointer,42,1024,15539,1,training_batch,,,
seed,a2c_pointer,A2C+Pointer,42,1040,15808,0.982421875,training_batch,,,
seed,a2c_pointer,A2C+Pointer,42,1056,16068,0.955078125,training_batch,,,
seed,a2c_pointer,A2C+Pointer,42,1072,16340,1,training_batch,,,
seed,a2c_pointer,A2C+Pointer,42,1088,16610,0.98828125,training_batch,,,
seed,a2c_pointer,A2C+Pointer,42,1104,16882,1,training_batch,,,
seed,a2c_pointer,A2C+Pointer,42,1120,17154,1,training_batch,,,
seed,a2c_pointer,A2C+Pointer,42,1136,17426,1,training_batch,,,
seed,a2c_pointer,A2C+Pointer,42,1152,17698,1,training_batch,,,
seed,a2c_pointer,A2C+Pointer,42,1168,17970,1,training_batch,,,
seed,a2c_pointer,A2C+Pointer,42,1184,18242,1,training_batch,,,
seed,a2c_pointer,A2C+Pointer,42,1200,18514,1,training_batch,,,
seed,a2c_pointer,A2C+Pointer,42,1216,18786,1,training_batch,,,
seed,a2c_pointer,A2C+Pointer,42,1232,19058,1,training_batch,,,
seed,a2c_pointer,A2C+Pointer,42,1248,19330,1,training_batch,,,
seed,a2c_pointer,A2C+Pointer,42,1264,19602,1,training_batch,,,
seed,a2c_pointer,A2C+Pointer,42,1280,19874,1,training_batch,,,
seed,a2c_pointer,A2C+Pointer,42,1296,20146,1,training_batch,,,
seed,a2c_pointer,A2C+Pointer,42,1312,20418,1,training_batch,,,
seed,a2c_pointer,A2C+Pointer,42,1328,20677,0.958984375,training_batch,,,
seed,a2c_pointer,A2C+Pointer,42,1344,20949,1,training_batch,,,
seed,a2c_pointer,A2C+Pointer,42,1360,21221,1,training_batch,,,
seed,a2c_pointer,A2C+Pointer,42,1376,21493,1,training_batch,,,
seed,a2c_pointer,A2C+Pointer,42,1392,21765,1,training_batch,,,
seed,a2c_pointer,A2C+Pointer,42,1408,22037,1,training_batch,,,
seed,a2c_pointer,A2C+Pointer,42,1424,22306,0.98828125,training_batch,,,
seed,a2c_pointer,A2C+Pointer,42,1440,22578,1,training_batch,,,
seed,a2c_pointer,A2C+Pointer,42,1456,22850,1,training_batch,,,
seed,a2c_pointer,A2C+Pointer,42,1472,23122,1,training_batch,,,
seed,a2c_pointer,A2C+Pointer,42,1488,23387,0.98046875,training_batch,,,
seed,a2c_pointer,A2C+Pointer,42,1504,23659,1,training_batch,,,
seed,a2c_pointer,A2C+Pointer,42,1520,23931,1,training_batch,,,
seed,a2c_pointer,A2C+Pointer,42,1536,24203,1,training_batch,,,
seed,a2c_pointer,A2C+Pointer,42,1552,24475,1,training_batch,,,
seed,a2c_pointer,A2C+Pointer,42,1568,24747,1,training_batch,,,
seed,a2c_pointer,A2C+Pointer,42,1584,25019,1,training_batch,,,
seed,a2c_pointer,A2C+Pointer,42,1600,25291,1,training_batch,,,
seed,a2c_pointer,A2C+Pointer,42,1616,25543,0.94140625,training_batch,,,
seed,a2c_pointer,A2C+Pointer,42,1632,25815,1,training_batch,,,
seed,a2c_pointer,A2C+Pointer,42,1648,26087,1,training_batch,,,
seed,a2c_pointer,A2C+Pointer,42,1664,26359,1,training_batch,,,
seed,a2c_pointer,A2C+Pointer,42,1680,26631,1,training_batch,,,
seed,a2c_pointer,A2C+Pointer,42,1696,26903,1,training_batch,,,
seed,a2c_pointer,A2C+Pointer,42,1712,27175,1,training_batch,,,
seed,a2c_pointer,A2C+Pointer,42,1728,27447,1,training_batch,,,
seed,a2c_pointer,A2C+Pointer,42,1744,27710,0.962890625,training_batch,,,
seed,a2c_pointer,A2C+Pointer,42,1760,27982,1,training_batch,,,
seed,a2c_pointer,A2C+Pointer,42,1776,28254,1,training_batch,,,
seed,a2c_pointer,A2C+Pointer,42,1792,28519,0.98046875,training_batch,,,
seed,a2c_pointer,A2C+Pointer,42,1808,28791,1,training_batch,,,
seed,a2c_pointer,A2C+Pointer,42,1824,29063,1,training_batch,,,
seed,a2c_pointer,A2C+Pointer,42,1840,29335,1,training_batch,,,
seed,a2c_pointer,A2C+Pointer,42,1856,29607,1,training_batch,,,
seed,a2c_pointer,A2C+Pointer,42,1872,29870,0.97265625,training_batch,,,
seed,a2c_pointer,A2C+Pointer,42,1888,30133,0.974609375,training_batch,,,
seed,a2c_pointer,A2C+Pointer,42,1904,30405,1,training_batch,,,
seed,a2c_pointer,A2C+Pointer,42,1920,30677,1,training_batch,,,
seed,a2c_pointer,A2C+Pointer,42,1936,30949,1,training_batch,,,
seed,a2c_pointer,A2C+Pointer,42,1952,31221,1,training_batch,,,
seed,a2c_pointer,A2C+Pointer,42,1968,31493,1,training_batch,,,
seed,a2c_pointer,A2C+Pointer,42,1984,31765,1,training_batch,,,
seed,a2c_pointer,A2C+Pointer,42,2000,32002,0.873046875,training_batch,,,
seed,a2c_pointer,A2C+Pointer,42,2016,32255,0.94140625,training_batch,,,
seed,a2c_pointer,A2C+Pointer,42,2032,32497,0.873046875,training_batch,,,
seed,a2c_pointer,A2C+Pointer,42,2048,32769,1,training_batch,,,
seed,a2c_pointer,A2C+Pointer,42,2064,33041,1,training_batch,,,
seed,a2c_pointer,A2C+Pointer,42,2080,33313,1,training_batch,,,
seed,a2c_pointer,A2C+Pointer,42,2096,33585,1,training_batch,,,
seed,a2c_pointer,A2C+Pointer,42,2112,33857,1,training_batch,,,
seed,a2c_pointer,A2C+Pointer,42,2128,34129,1,training_batch,,,
seed,a2c_pointer,A2C+Pointer,42,2144,34401,1,training_batch,,,
seed,a2c_pointer,A2C+Pointer,42,2160,34673,1,training_batch,,,
seed,a2c_pointer,A2C+Pointer,42,2176,34945,1,training_batch,,,
seed,a2c_pointer,A2C+Pointer,42,2192,35216,0.998046875,training_batch,,,
seed,a2c_pointer,A2C+Pointer,42,2208,35488,1,training_batch,,,
seed,a2c_pointer,A2C+Pointer,42,2224,35760,1,training_batch,,,
seed,a2c_pointer,A2C+Pointer,42,2240,36017,0.943359375,training_batch,,,
seed,a2c_pointer,A2C+Pointer,42,2256,36279,0.970703125,training_batch,,,
seed,a2c_pointer,A2C+Pointer,42,2272,36551,1,training_batch,,,
seed,a2c_pointer,A2C+Pointer,42,2288,36823,1,training_batch,,,
seed,a2c_pointer,A2C+Pointer,42,2304,37095,1,training_batch,,,
seed,a2c_pointer,A2C+Pointer,42,2320,37367,1,training_batch,,,
seed,a2c_pointer,A2C+Pointer,42,2336,37639,1,training_batch,,,
seed,a2c_pointer,A2C+Pointer,42,2352,37911,1,training_batch,,,
seed,a2c_pointer,A2C+Pointer,42,2368,38183,1,training_batch,,,
seed,a2c_pointer,A2C+Pointer,42,2384,38455,1,training_batch,,,
seed,a2c_pointer,A2C+Pointer,42,2400,38713,0.947265625,training_batch,,,
seed,a2c_pointer,A2C+Pointer,42,2416,38985,1,training_batch,,,
seed,a2c_pointer,A2C+Pointer,42,2432,39257,1,training_batch,,,
seed,a2c_pointer,A2C+Pointer,42,2448,39529,1,training_batch,,,
seed,a2c_pointer,A2C+Pointer,42,2464,39801,1,training_batch,,,
seed,a2c_pointer,A2C+Pointer,42,2480,40073,1,training_batch,,,
seed,a2c_pointer,A2C+Pointer,42,2496,40345,1,training_batch,,,
seed,a2c_pointer,A2C+Pointer,42,2512,40617,1,training_batch,,,
seed,a2c_pointer,A2C+Pointer,42,2528,40889,1,training_batch,,,
seed,a2c_pointer,A2C+Pointer,42,2544,41151,0.970703125,training_batch,,,
seed,a2c_pointer,A2C+Pointer,42,2560,41423,1,training_batch,,,
seed,a2c_pointer,A2C+Pointer,42,2576,41695,1,training_batch,,,
seed,a2c_pointer,A2C+Pointer,42,2592,41967,1,training_batch,,,
seed,a2c_pointer,A2C+Pointer,42,2608,42224,0.943359375,training_batch,,,
seed,a2c_pointer,A2C+Pointer,42,2624,42449,0.84765625,training_batch,,,
seed,a2c_pointer,A2C+Pointer,42,2640,42699,0.927734375,training_batch,,,
seed,a2c_pointer,A2C+Pointer,42,2656,42963,0.9765625,training_batch,,,
seed,a2c_pointer,A2C+Pointer,42,2672,43235,1,training_batch,,,
seed,a2c_pointer,A2C+Pointer,42,2688,43507,1,training_batch,,,
seed,a2c_pointer,A2C+Pointer,42,2704,43771,0.9765625,training_batch,,,
seed,a2c_pointer,A2C+Pointer,42,2720,44043,1,training_batch,,,
seed,a2c_pointer,A2C+Pointer,42,2736,44313,0.99609375,training_batch,,,
seed,a2c_pointer,A2C+Pointer,42,2752,44585,1,training_batch,,,
seed,a2c_pointer,A2C+Pointer,42,2768,44857,1,training_batch,,,
seed,a2c_pointer,A2C+Pointer,42,2784,45129,1,training_batch,,,
seed,a2c_pointer,A2C+Pointer,42,2800,45401,1,training_batch,,,
seed,a2c_pointer,A2C+Pointer,42,2816,45673,1,training_batch,,,
seed,a2c_pointer,A2C+Pointer,42,2832,45945,1,training_batch,,,
seed,a2c_pointer,A2C+Pointer,42,2848,46191,0.923828125,training_batch,,,
seed,a2c_pointer,A2C+Pointer,42,2864,46422,0.833984375,training_batch,,,
seed,a2c_pointer,A2C+Pointer,42,2880,46658,0.861328125,training_batch,,,
seed,a2c_pointer,A2C+Pointer,42,2896,46916,0.9375,training_batch,,,
seed,a2c_pointer,A2C+Pointer,42,2912,47188,1,training_batch,,,
seed,a2c_pointer,A2C+Pointer,42,2928,47460,1,training_batch,,,
seed,a2c_pointer,A2C+Pointer,42,2944,47732,1,training_batch,,,
seed,a2c_pointer,A2C+Pointer,42,2960,48004,1,training_batch,,,
seed,a2c_pointer,A2C+Pointer,42,2976,48276,1,training_batch,,,
seed,a2c_pointer,A2C+Pointer,42,2992,48548,1,training_batch,,,
seed,a2c_pointer,A2C+Pointer,42,3000,48684,1,training_batch,,,
seed,a2c_pointer,A2C+Pointer,43,16,150,0.513671875,training_batch,,,
seed,a2c_pointer,A2C+Pointer,43,32,340,0.69140625,training_batch,,,
seed,a2c_pointer,A2C+Pointer,43,48,528,0.6796875,training_batch,,,
seed,a2c_pointer,A2C+Pointer,43,64,741,0.806640625,training_batch,,,
seed,a2c_pointer,A2C+Pointer,43,80,954,0.796875,training_batch,,,
seed,a2c_pointer,A2C+Pointer,43,96,1166,0.80859375,training_batch,,,
seed,a2c_pointer,A2C+Pointer,43,112,1383,0.822265625,training_batch,,,
seed,a2c_pointer,A2C+Pointer,43,128,1589,0.783203125,training_batch,,,
seed,a2c_pointer,A2C+Pointer,43,144,1801,0.8125,training_batch,,,
seed,a2c_pointer,A2C+Pointer,43,160,2022,0.85546875,training_batch,,,
seed,a2c_pointer,A2C+Pointer,43,176,2229,0.80078125,training_batch,,,
seed,a2c_pointer,A2C+Pointer,43,192,2452,0.865234375,training_batch,,,
seed,a2c_pointer,A2C+Pointer,43,208,2669,0.833984375,training_batch,,,
seed,a2c_pointer,A2C+Pointer,43,224,2897,0.88671875,training_batch,,,
seed,a2c_pointer,A2C+Pointer,43,240,3131,0.91015625,training_batch,,,
seed,a2c_pointer,A2C+Pointer,43,256,3368,0.91015625,training_batch,,,
seed,a2c_pointer,A2C+Pointer,43,272,3600,0.89453125,training_batch,,,
seed,a2c_pointer,A2C+Pointer,43,288,3824,0.880859375,training_batch,,,
seed,a2c_pointer,A2C+Pointer,43,304,4055,0.89453125,training_batch,,,
seed,a2c_pointer,A2C+Pointer,43,320,4285,0.890625,training_batch,,,
seed,a2c_pointer,A2C+Pointer,43,336,4518,0.904296875,training_batch,,,
seed,a2c_pointer,A2C+Pointer,43,352,4770,0.951171875,training_batch,,,
seed,a2c_pointer,A2C+Pointer,43,368,5011,0.916015625,training_batch,,,
seed,a2c_pointer,A2C+Pointer,43,384,5243,0.900390625,training_batch,,,
seed,a2c_pointer,A2C+Pointer,43,400,5486,0.9296875,training_batch,,,
seed,a2c_pointer,A2C+Pointer,43,416,5729,0.93359375,training_batch,,,
seed,a2c_pointer,A2C+Pointer,43,432,5974,0.939453125,training_batch,,,
seed,a2c_pointer,A2C+Pointer,43,448,6228,0.955078125,training_batch,,,
seed,a2c_pointer,A2C+Pointer,43,464,6492,0.98046875,training_batch,,,
seed,a2c_pointer,A2C+Pointer,43,480,6746,0.951171875,training_batch,,,
seed,a2c_pointer,A2C+Pointer,43,496,7001,0.9609375,training_batch,,,
seed,a2c_pointer,A2C+Pointer,43,512,7257,0.962890625,training_batch,,,
seed,a2c_pointer,A2C+Pointer,43,528,7521,0.984375,training_batch,,,
seed,a2c_pointer,A2C+Pointer,43,544,7788,0.990234375,training_batch,,,
seed,a2c_pointer,A2C+Pointer,43,560,8046,0.96875,training_batch,,,
seed,a2c_pointer,A2C+Pointer,43,576,8298,0.955078125,training_batch,,,
seed,a2c_pointer,A2C+Pointer,43,592,8549,0.943359375,training_batch,,,
seed,a2c_pointer,A2C+Pointer,43,608,8818,0.9921875,training_batch,,,
seed,a2c_pointer,A2C+Pointer,43,624,9083,0.984375,training_batch,,,
seed,a2c_pointer,A2C+Pointer,43,640,9351,0.98828125,training_batch,,,
seed,a2c_pointer,A2C+Pointer,43,656,9623,1,training_batch,,,
seed,a2c_pointer,A2C+Pointer,43,672,9893,0.9921875,training_batch,,,
seed,a2c_pointer,A2C+Pointer,43,688,10160,0.982421875,training_batch,,,
seed,a2c_pointer,A2C+Pointer,43,704,10430,0.990234375,training_batch,,,
seed,a2c_pointer,A2C+Pointer,43,720,10701,0.99609375,training_batch,,,
seed,a2c_pointer,A2C+Pointer,43,736,10973,1,training_batch,,,
seed,a2c_pointer,A2C+Pointer,43,752,11243,0.9921875,training_batch,,,
seed,a2c_pointer,A2C+Pointer,43,768,11514,0.99609375,training_batch,,,
seed,a2c_pointer,A2C+Pointer,43,784,11786,1,training_batch,,,
seed,a2c_pointer,A2C+Pointer,43,800,12058,1,training_batch,,,
seed,a2c_pointer,A2C+Pointer,43,816,12330,1,training_batch,,,
seed,a2c_pointer,A2C+Pointer,43,832,12602,1,training_batch,,,
seed,a2c_pointer,A2C+Pointer,43,848,12874,1,training_batch,,,
seed,a2c_pointer,A2C+Pointer,43,864,13145,0.994140625,training_batch,,,
seed,a2c_pointer,A2C+Pointer,43,880,13417,1,training_batch,,,
seed,a2c_pointer,A2C+Pointer,43,896,13689,1,training_batch,,,
seed,a2c_pointer,A2C+Pointer,43,912,13958,0.98828125,training_batch,,,
seed,a2c_pointer,A2C+Pointer,43,928,14230,1,training_batch,,,
seed,a2c_pointer,A2C+Pointer,43,944,14501,0.994140625,training_batch,,,
seed,a2c_pointer,A2C+Pointer,43,960,14773,1,training_batch,,,
seed,a2c_pointer,A2C+Pointer,43,976,15045,1,training_batch,,,
seed,a2c_pointer,A2C+Pointer,43,992,15317,1,training_batch,,,
seed,a2c_pointer,A2C+Pointer,43,1008,15589,1,training_batch,,,
seed,a2c_pointer,A2C+Pointer,43,1024,15861,1,training_batch,,,
seed,a2c_pointer,A2C+Pointer,43,1040,16133,1,training_batch,,,
seed,a2c_pointer,A2C+Pointer,43,1056,16405,1,training_batch,,,
seed,a2c_pointer,A2C+Pointer,43,1072,16674,0.98828125,training_batch,,,
seed,a2c_pointer,A2C+Pointer,43,1088,16946,1,training_batch,,,
seed,a2c_pointer,A2C+Pointer,43,1104,17218,1,training_batch,,,
seed,a2c_pointer,A2C+Pointer,43,1120,17490,1,training_batch,,,
seed,a2c_pointer,A2C+Pointer,43,1136,17762,1,training_batch,,,
seed,a2c_pointer,A2C+Pointer,43,1152,18034,1,training_batch,,,
seed,a2c_pointer,A2C+Pointer,43,1168,18306,1,training_batch,,,
seed,a2c_pointer,A2C+Pointer,43,1184,18548,0.91015625,training_batch,,,
seed,a2c_pointer,A2C+Pointer,43,1200,18809,0.96484375,training_batch,,,
seed,a2c_pointer,A2C+Pointer,43,1216,19081,1,training_batch,,,
seed,a2c_pointer,A2C+Pointer,43,1232,19353,1,training_batch,,,
seed,a2c_pointer,A2C+Pointer,43,1248,19625,1,training_batch,,,
seed,a2c_pointer,A2C+Pointer,43,1264,19897,1,training_batch,,,
seed,a2c_pointer,A2C+Pointer,43,1280,20169,1,training_batch,,,
seed,a2c_pointer,A2C+Pointer,43,1296,20441,1,training_batch,,,
seed,a2c_pointer,A2C+Pointer,43,1312,20713,1,training_batch,,,
seed,a2c_pointer,A2C+Pointer,43,1328,20985,1,training_batch,,,
seed,a2c_pointer,A2C+Pointer,43,1344,21257,1,training_batch,,,
seed,a2c_pointer,A2C+Pointer,43,1360,21529,1,training_batch,,,
seed,a2c_pointer,A2C+Pointer,43,1376,21801,1,training_batch,,,
seed,a2c_pointer,A2C+Pointer,43,1392,22073,1,training_batch,,,
seed,a2c_pointer,A2C+Pointer,43,1408,22345,1,training_batch,,,
seed,a2c_pointer,A2C+Pointer,43,1424,22617,1,training_batch,,,
seed,a2c_pointer,A2C+Pointer,43,1440,22889,1,training_batch,,,
seed,a2c_pointer,A2C+Pointer,43,1456,23160,0.99609375,training_batch,,,
seed,a2c_pointer,A2C+Pointer,43,1472,23432,1,training_batch,,,
seed,a2c_pointer,A2C+Pointer,43,1488,23704,1,training_batch,,,
seed,a2c_pointer,A2C+Pointer,43,1504,23976,1,training_batch,,,
seed,a2c_pointer,A2C+Pointer,43,1520,24248,1,training_batch,,,
seed,a2c_pointer,A2C+Pointer,43,1536,24520,1,training_batch,,,
seed,a2c_pointer,A2C+Pointer,43,1552,24792,1,training_batch,,,
seed,a2c_pointer,A2C+Pointer,43,1568,25056,0.9765625,training_batch,,,
seed,a2c_pointer,A2C+Pointer,43,1584,25328,1,training_batch,,,
seed,a2c_pointer,A2C+Pointer,43,1600,25600,1,training_batch,,,
seed,a2c_pointer,A2C+Pointer,43,1616,25872,1,training_batch,,,
seed,a2c_pointer,A2C+Pointer,43,1632,26144,1,training_batch,,,
seed,a2c_pointer,A2C+Pointer,43,1648,26406,0.970703125,training_batch,,,
seed,a2c_pointer,A2C+Pointer,43,1664,26678,1,training_batch,,,
seed,a2c_pointer,A2C+Pointer,43,1680,26950,1,training_batch,,,
seed,a2c_pointer,A2C+Pointer,43,1696,27222,1,training_batch,,,
seed,a2c_pointer,A2C+Pointer,43,1712,27494,1,training_batch,,,
seed,a2c_pointer,A2C+Pointer,43,1728,27766,1,training_batch,,,
seed,a2c_pointer,A2C+Pointer,43,1744,28038,1,training_batch,,,
seed,a2c_pointer,A2C+Pointer,43,1760,28306,0.986328125,training_batch,,,
seed,a2c_pointer,A2C+Pointer,43,1776,28578,1,training_batch,,,
seed,a2c_pointer,A2C+Pointer,43,1792,28850,1,training_batch,,,
seed,a2c_pointer,A2C+Pointer,43,1808,29122,1,training_batch,,,
seed,a2c_pointer,A2C+Pointer,43,1824,29394,1,training_batch,,,
seed,a2c_pointer,A2C+Pointer,43,1840,29666,1,training_batch,,,
seed,a2c_pointer,A2C+Pointer,43,1856,29926,0.9609375,training_batch,,,
seed,a2c_pointer,A2C+Pointer,43,1872,30198,1,training_batch,,,
seed,a2c_pointer,A2C+Pointer,43,1888,30470,1,training_batch,,,
seed,a2c_pointer,A2C+Pointer,43,1904,30742,1,training_batch,,,
seed,a2c_pointer,A2C+Pointer,43,1920,31014,1,training_batch,,,
seed,a2c_pointer,A2C+Pointer,43,1936,31286,1,training_batch,,,
seed,a2c_pointer,A2C+Pointer,43,1952,31558,1,training_batch,,,
seed,a2c_pointer,A2C+Pointer,43,1968,31830,1,training_batch,,,
seed,a2c_pointer,A2C+Pointer,43,1984,32102,1,training_batch,,,
seed,a2c_pointer,A2C+Pointer,43,2000,32374,1,training_batch,,,
seed,a2c_pointer,A2C+Pointer,43,2016,32646,1,training_batch,,,
seed,a2c_pointer,A2C+Pointer,43,2032,32918,1,training_batch,,,
seed,a2c_pointer,A2C+Pointer,43,2048,33190,1,training_batch,,,
seed,a2c_pointer,A2C+Pointer,43,2064,33462,1,training_batch,,,
seed,a2c_pointer,A2C+Pointer,43,2080,33726,0.9765625,training_batch,,,
seed,a2c_pointer,A2C+Pointer,43,2096,33998,1,training_batch,,,
seed,a2c_pointer,A2C+Pointer,43,2112,34270,1,training_batch,,,
seed,a2c_pointer,A2C+Pointer,43,2128,34542,1,training_batch,,,
seed,a2c_pointer,A2C+Pointer,43,2144,34814,1,training_batch,,,
seed,a2c_pointer,A2C+Pointer,43,2160,35086,1,training_batch,,,
seed,a2c_pointer,A2C+Pointer,43,2176,35358,1,training_batch,,,
seed,a2c_pointer,A2C+Pointer,43,2192,35630,1,training_batch,,,
seed,a2c_pointer,A2C+Pointer,43,2208,35886,0.953125,training_batch,,,
seed,a2c_pointer,A2C+Pointer,43,2224,36076,0.705078125,training_batch,,,
seed,a2c_pointer,A2C+Pointer,43,2240,36259,0.68359375,training_batch,,,
seed,a2c_pointer,A2C+Pointer,43,2256,36514,0.94921875,training_batch,,,
seed,a2c_pointer,A2C+Pointer,43,2272,36775,0.96875,training_batch,,,
seed,a2c_pointer,A2C+Pointer,43,2288,37047,1,training_batch,,,
seed,a2c_pointer,A2C+Pointer,43,2304,37319,1,training_batch,,,
seed,a2c_pointer,A2C+Pointer,43,2320,37591,1,training_batch,,,
seed,a2c_pointer,A2C+Pointer,43,2336,37863,1,training_batch,,,
seed,a2c_pointer,A2C+Pointer,43,2352,38135,1,training_batch,,,
seed,a2c_pointer,A2C+Pointer,43,2368,38407,1,training_batch,,,
seed,a2c_pointer,A2C+Pointer,43,2384,38679,1,training_batch,,,
seed,a2c_pointer,A2C+Pointer,43,2400,38951,1,training_batch,,,
seed,a2c_pointer,A2C+Pointer,43,2416,39215,0.9765625,training_batch,,,
seed,a2c_pointer,A2C+Pointer,43,2432,39450,0.87109375,training_batch,,,
seed,a2c_pointer,A2C+Pointer,43,2448,39715,0.98046875,training_batch,,,
seed,a2c_pointer,A2C+Pointer,43,2464,39972,0.943359375,training_batch,,,
seed,a2c_pointer,A2C+Pointer,43,2480,40244,1,training_batch,,,
seed,a2c_pointer,A2C+Pointer,43,2496,40516,1,training_batch,,,
seed,a2c_pointer,A2C+Pointer,43,2512,40788,1,training_batch,,,
seed,a2c_pointer,A2C+Pointer,43,2528,41060,1,training_batch,,,
seed,a2c_pointer,A2C+Pointer,43,2544,41332,1,training_batch,,,
seed,a2c_pointer,A2C+Pointer,43,2560,41604,1,training_batch,,,
seed,a2c_pointer,A2C+Pointer,43,2576,41875,0.998046875,training_batch,,,
seed,a2c_pointer,A2C+Pointer,43,2592,42147,1,training_batch,,,
seed,a2c_pointer,A2C+Pointer,43,2608,42408,0.96875,training_batch,,,
seed,a2c_pointer,A2C+Pointer,43,2624,42670,0.970703125,training_batch,,,
seed,a2c_pointer,A2C+Pointer,43,2640,42942,1,training_batch,,,
seed,a2c_pointer,A2C+Pointer,43,2656,43214,1,training_batch,,,
seed,a2c_pointer,A2C+Pointer,43,2672,43486,1,training_batch,,,
seed,a2c_pointer,A2C+Pointer,43,2688,43758,1,training_batch,,,
seed,a2c_pointer,A2C+Pointer,43,2704,44030,1,training_batch,,,
seed,a2c_pointer,A2C+Pointer,43,2720,44302,1,training_batch,,,
seed,a2c_pointer,A2C+Pointer,43,2736,44574,1,training_batch,,,
seed,a2c_pointer,A2C+Pointer,43,2752,44846,1,training_batch,,,
seed,a2c_pointer,A2C+Pointer,43,2768,45118,1,training_batch,,,
seed,a2c_pointer,A2C+Pointer,43,2784,45390,1,training_batch,,,
seed,a2c_pointer,A2C+Pointer,43,2800,45662,1,training_batch,,,
seed,a2c_pointer,A2C+Pointer,43,2816,45934,1,training_batch,,,
seed,a2c_pointer,A2C+Pointer,43,2832,46206,1,training_batch,,,
seed,a2c_pointer,A2C+Pointer,43,2848,46478,1,training_batch,,,
seed,a2c_pointer,A2C+Pointer,43,2864,46750,1,training_batch,,,
seed,a2c_pointer,A2C+Pointer,43,2880,47022,1,training_batch,,,
seed,a2c_pointer,A2C+Pointer,43,2896,47294,1,training_batch,,,
seed,a2c_pointer,A2C+Pointer,43,2912,47566,1,training_batch,,,
seed,a2c_pointer,A2C+Pointer,43,2928,47828,0.970703125,training_batch,,,
seed,a2c_pointer,A2C+Pointer,43,2944,48092,0.9765625,training_batch,,,
seed,a2c_pointer,A2C+Pointer,43,2960,48353,0.962890625,training_batch,,,
seed,a2c_pointer,A2C+Pointer,43,2976,48625,1,training_batch,,,
seed,a2c_pointer,A2C+Pointer,43,2992,48897,1,training_batch,,,
seed,a2c_pointer,A2C+Pointer,43,3000,49033,1,training_batch,,,
seed,a2c_pointer,A2C+Pointer,44,16,131,0.443359375,training_batch,,,
seed,a2c_pointer,A2C+Pointer,44,32,299,0.58984375,training_batch,,,
seed,a2c_pointer,A2C+Pointer,44,48,478,0.654296875,training_batch,,,
seed,a2c_pointer,A2C+Pointer,44,64,659,0.673828125,training_batch,,,
seed,a2c_pointer,A2C+Pointer,44,80,870,0.7734375,training_batch,,,
seed,a2c_pointer,A2C+Pointer,44,96,1079,0.783203125,training_batch,,,
seed,a2c_pointer,A2C+Pointer,44,112,1293,0.7734375,training_batch,,,
seed,a2c_pointer,A2C+Pointer,44,128,1518,0.82421875,training_batch,,,
seed,a2c_pointer,A2C+Pointer,44,144,1737,0.794921875,training_batch,,,
seed,a2c_pointer,A2C+Pointer,44,160,1933,0.740234375,training_batch,,,
seed,a2c_pointer,A2C+Pointer,44,176,2149,0.82421875,training_batch,,,
seed,a2c_pointer,A2C+Pointer,44,192,2349,0.78125,training_batch,,,
seed,a2c_pointer,A2C+Pointer,44,208,2572,0.841796875,training_batch,,,
seed,a2c_pointer,A2C+Pointer,44,224,2786,0.841796875,training_batch,,,
seed,a2c_pointer,A2C+Pointer,44,240,3005,0.826171875,training_batch,,,
seed,a2c_pointer,A2C+Pointer,44,256,3212,0.8125,training_batch,,,
seed,a2c_pointer,A2C+Pointer,44,272,3440,0.876953125,training_batch,,,
seed,a2c_pointer,A2C+Pointer,44,288,3657,0.859375,training_batch,,,
seed,a2c_pointer,A2C+Pointer,44,304,3888,0.873046875,training_batch,,,
seed,a2c_pointer,A2C+Pointer,44,320,4109,0.86328125,training_batch,,,
seed,a2c_pointer,A2C+Pointer,44,336,4334,0.8671875,training_batch,,,
seed,a2c_pointer,A2C+Pointer,44,352,4554,0.833984375,training_batch,,,
seed,a2c_pointer,A2C+Pointer,44,368,4792,0.904296875,training_batch,,,
seed,a2c_pointer,A2C+Pointer,44,384,5015,0.859375,training_batch,,,
seed,a2c_pointer,A2C+Pointer,44,400,5254,0.91015625,training_batch,,,
seed,a2c_pointer,A2C+Pointer,44,416,5491,0.90625,training_batch,,,
seed,a2c_pointer,A2C+Pointer,44,432,5726,0.90234375,training_batch,,,
seed,a2c_pointer,A2C+Pointer,44,448,5957,0.90234375,training_batch,,,
seed,a2c_pointer,A2C+Pointer,44,464,6202,0.92578125,training_batch,,,
seed,a2c_pointer,A2C+Pointer,44,480,6442,0.919921875,training_batch,,,
seed,a2c_pointer,A2C+Pointer,44,496,6698,0.958984375,training_batch,,,
seed,a2c_pointer,A2C+Pointer,44,512,6934,0.90234375,training_batch,,,
seed,a2c_pointer,A2C+Pointer,44,528,7179,0.93359375,training_batch,,,
seed,a2c_pointer,A2C+Pointer,44,544,7430,0.9453125,training_batch,,,
seed,a2c_pointer,A2C+Pointer,44,560,7682,0.94921875,training_batch,,,
seed,a2c_pointer,A2C+Pointer,44,576,7940,0.96875,training_batch,,,
seed,a2c_pointer,A2C+Pointer,44,592,8199,0.96875,training_batch,,,
seed,a2c_pointer,A2C+Pointer,44,608,8450,0.955078125,training_batch,,,
seed,a2c_pointer,A2C+Pointer,44,624,8712,0.978515625,training_batch,,,
seed,a2c_pointer,A2C+Pointer,44,640,8966,0.958984375,training_batch,,,
seed,a2c_pointer,A2C+Pointer,44,656,9225,0.974609375,training_batch,,,
seed,a2c_pointer,A2C+Pointer,44,672,9472,0.947265625,training_batch,,,
seed,a2c_pointer,A2C+Pointer,44,688,9734,0.9765625,training_batch,,,
seed,a2c_pointer,A2C+Pointer,44,704,9992,0.966796875,training_batch,,,
seed,a2c_pointer,A2C+Pointer,44,720,10258,0.98828125,training_batch,,,
seed,a2c_pointer,A2C+Pointer,44,736,10528,0.99609375,training_batch,,,
seed,a2c_pointer,A2C+Pointer,44,752,10799,0.998046875,training_batch,,,
seed,a2c_pointer,A2C+Pointer,44,768,11065,0.986328125,training_batch,,,
seed,a2c_pointer,A2C+Pointer,44,784,11330,0.982421875,training_batch,,,
seed,a2c_pointer,A2C+Pointer,44,800,11602,1,training_batch,,,
seed,a2c_pointer,A2C+Pointer,44,816,11871,0.994140625,training_batch,,,
seed,a2c_pointer,A2C+Pointer,44,832,12143,1,training_batch,,,
seed,a2c_pointer,A2C+Pointer,44,848,12411,0.990234375,training_batch,,,
seed,a2c_pointer,A2C+Pointer,44,864,12683,1,training_batch,,,
seed,a2c_pointer,A2C+Pointer,44,880,12950,0.982421875,training_batch,,,
seed,a2c_pointer,A2C+Pointer,44,896,13220,0.9921875,training_batch,,,
seed,a2c_pointer,A2C+Pointer,44,912,13485,0.9765625,training_batch,,,
seed,a2c_pointer,A2C+Pointer,44,928,13757,1,training_batch,,,
seed,a2c_pointer,A2C+Pointer,44,944,14026,0.98828125,training_batch,,,
seed,a2c_pointer,A2C+Pointer,44,960,14298,1,training_batch,,,
seed,a2c_pointer,A2C+Pointer,44,976,14567,0.986328125,training_batch,,,
seed,a2c_pointer,A2C+Pointer,44,992,14835,0.982421875,training_batch,,,
seed,a2c_pointer,A2C+Pointer,44,1008,15106,0.994140625,training_batch,,,
seed,a2c_pointer,A2C+Pointer,44,1024,15377,0.994140625,training_batch,,,
seed,a2c_pointer,A2C+Pointer,44,1040,15649,1,training_batch,,,
seed,a2c_pointer,A2C+Pointer,44,1056,15921,1,training_batch,,,
seed,a2c_pointer,A2C+Pointer,44,1072,16181,0.93359375,training_batch,,,
seed,a2c_pointer,A2C+Pointer,44,1088,16447,0.96875,training_batch,,,
seed,a2c_pointer,A2C+Pointer,44,1104,16713,0.966796875,training_batch,,,
seed,a2c_pointer,A2C+Pointer,44,1120,16981,0.978515625,training_batch,,,
seed,a2c_pointer,A2C+Pointer,44,1136,17253,1,training_batch,,,
seed,a2c_pointer,A2C+Pointer,44,1152,17524,0.994140625,training_batch,,,
seed,a2c_pointer,A2C+Pointer,44,1168,17796,1,training_batch,,,
seed,a2c_pointer,A2C+Pointer,44,1184,18060,0.9609375,training_batch,,,
seed,a2c_pointer,A2C+Pointer,44,1200,18330,0.98828125,training_batch,,,
seed,a2c_pointer,A2C+Pointer,44,1216,18602,1,training_batch,,,
seed,a2c_pointer,A2C+Pointer,44,1232,18874,1,training_batch,,,
seed,a2c_pointer,A2C+Pointer,44,1248,19146,1,training_batch,,,
seed,a2c_pointer,A2C+Pointer,44,1264,19418,1,training_batch,,,
seed,a2c_pointer,A2C+Pointer,44,1280,19690,1,training_batch,,,
seed,a2c_pointer,A2C+Pointer,44,1296,19962,1,training_batch,,,
seed,a2c_pointer,A2C+Pointer,44,1312,20234,1,training_batch,,,
seed,a2c_pointer,A2C+Pointer,44,1328,20506,1,training_batch,,,
seed,a2c_pointer,A2C+Pointer,44,1344,20778,1,training_batch,,,
seed,a2c_pointer,A2C+Pointer,44,1360,21050,1,training_batch,,,
seed,a2c_pointer,A2C+Pointer,44,1376,21322,1,training_batch,,,
seed,a2c_pointer,A2C+Pointer,44,1392,21594,1,training_batch,,,
seed,a2c_pointer,A2C+Pointer,44,1408,21866,1,training_batch,,,
seed,a2c_pointer,A2C+Pointer,44,1424,22138,1,training_batch,,,
seed,a2c_pointer,A2C+Pointer,44,1440,22410,1,training_batch,,,
seed,a2c_pointer,A2C+Pointer,44,1456,22682,1,training_batch,,,
seed,a2c_pointer,A2C+Pointer,44,1472,22954,1,training_batch,,,
seed,a2c_pointer,A2C+Pointer,44,1488,23226,1,training_batch,,,
seed,a2c_pointer,A2C+Pointer,44,1504,23498,1,training_batch,,,
seed,a2c_pointer,A2C+Pointer,44,1520,23770,1,training_batch,,,
seed,a2c_pointer,A2C+Pointer,44,1536,24042,1,training_batch,,,
seed,a2c_pointer,A2C+Pointer,44,1552,24314,1,training_batch,,,
seed,a2c_pointer,A2C+Pointer,44,1568,24586,1,training_batch,,,
seed,a2c_pointer,A2C+Pointer,44,1584,24858,1,training_batch,,,
seed,a2c_pointer,A2C+Pointer,44,1600,25130,1,training_batch,,,
seed,a2c_pointer,A2C+Pointer,44,1616,25402,1,training_batch,,,
seed,a2c_pointer,A2C+Pointer,44,1632,25674,1,training_batch,,,
seed,a2c_pointer,A2C+Pointer,44,1648,25946,1,training_batch,,,
seed,a2c_pointer,A2C+Pointer,44,1664,26218,1,training_batch,,,
seed,a2c_pointer,A2C+Pointer,44,1680,26488,0.9921875,training_batch,,,
seed,a2c_pointer,A2C+Pointer,44,1696,26751,0.974609375,training_batch,,,
seed,a2c_pointer,A2C+Pointer,44,1712,27023,1,training_batch,,,
seed,a2c_pointer,A2C+Pointer,44,1728,27295,1,training_batch,,,
seed,a2c_pointer,A2C+Pointer,44,1744,27567,1,training_batch,,,
seed,a2c_pointer,A2C+Pointer,44,1760,27839,1,training_batch,,,
seed,a2c_pointer,A2C+Pointer,44,1776,28101,0.97265625,training_batch,,,
seed,a2c_pointer,A2C+Pointer,44,1792,28369,0.9921875,training_batch,,,
seed,a2c_pointer,A2C+Pointer,44,1808,28641,1,training_batch,,,
seed,a2c_pointer,A2C+Pointer,44,1824,28913,1,training_batch,,,
seed,a2c_pointer,A2C+Pointer,44,1840,29185,1,training_batch,,,
seed,a2c_pointer,A2C+Pointer,44,1856,29457,1,training_batch,,,
seed,a2c_pointer,A2C+Pointer,44,1872,29729,1,training_batch,,,
seed,a2c_pointer,A2C+Pointer,44,1888,30001,1,training_batch,,,
seed,a2c_pointer,A2C+Pointer,44,1904,30273,1,training_batch,,,
seed,a2c_pointer,A2C+Pointer,44,1920,30545,1,training_batch,,,
seed,a2c_pointer,A2C+Pointer,44,1936,30817,1,training_batch,,,
seed,a2c_pointer,A2C+Pointer,44,1952,31089,1,training_batch,,,
seed,a2c_pointer,A2C+Pointer,44,1968,31361,1,training_batch,,,
seed,a2c_pointer,A2C+Pointer,44,1984,31633,1,training_batch,,,
seed,a2c_pointer,A2C+Pointer,44,2000,31905,1,training_batch,,,
seed,a2c_pointer,A2C+Pointer,44,2016,32177,1,training_batch,,,
seed,a2c_pointer,A2C+Pointer,44,2032,32449,1,training_batch,,,
seed,a2c_pointer,A2C+Pointer,44,2048,32721,1,training_batch,,,
seed,a2c_pointer,A2C+Pointer,44,2064,32993,1,training_batch,,,
seed,a2c_pointer,A2C+Pointer,44,2080,33258,0.98046875,training_batch,,,
seed,a2c_pointer,A2C+Pointer,44,2096,33530,1,training_batch,,,
seed,a2c_pointer,A2C+Pointer,44,2112,33802,1,training_batch,,,
seed,a2c_pointer,A2C+Pointer,44,2128,34074,1,training_batch,,,
seed,a2c_pointer,A2C+Pointer,44,2144,34346,1,training_batch,,,
seed,a2c_pointer,A2C+Pointer,44,2160,34618,1,training_batch,,,
seed,a2c_pointer,A2C+Pointer,44,2176,34890,1,training_batch,,,
seed,a2c_pointer,A2C+Pointer,44,2192,35155,0.98046875,training_batch,,,
seed,a2c_pointer,A2C+Pointer,44,2208,35427,1,training_batch,,,
seed,a2c_pointer,A2C+Pointer,44,2224,35699,1,training_batch,,,
seed,a2c_pointer,A2C+Pointer,44,2240,35971,1,training_batch,,,
seed,a2c_pointer,A2C+Pointer,44,2256,36236,0.98046875,training_batch,,,
seed,a2c_pointer,A2C+Pointer,44,2272,36508,1,training_batch,,,
seed,a2c_pointer,A2C+Pointer,44,2288,36780,1,training_batch,,,
seed,a2c_pointer,A2C+Pointer,44,2304,37052,1,training_batch,,,
seed,a2c_pointer,A2C+Pointer,44,2320,37324,1,training_batch,,,
seed,a2c_pointer,A2C+Pointer,44,2336,37596,1,training_batch,,,
seed,a2c_pointer,A2C+Pointer,44,2352,37867,0.99609375,training_batch,,,
seed,a2c_pointer,A2C+Pointer,44,2368,38125,0.95703125,training_batch,,,
seed,a2c_pointer,A2C+Pointer,44,2384,38396,0.99609375,training_batch,,,
seed,a2c_pointer,A2C+Pointer,44,2400,38668,1,training_batch,,,
seed,a2c_pointer,A2C+Pointer,44,2416,38940,1,training_batch,,,
seed,a2c_pointer,A2C+Pointer,44,2432,39212,1,training_batch,,,
seed,a2c_pointer,A2C+Pointer,44,2448,39484,1,training_batch,,,
seed,a2c_pointer,A2C+Pointer,44,2464,39756,1,training_batch,,,
seed,a2c_pointer,A2C+Pointer,44,2480,40028,1,training_batch,,,
seed,a2c_pointer,A2C+Pointer,44,2496,40300,1,training_batch,,,
seed,a2c_pointer,A2C+Pointer,44,2512,40572,1,training_batch,,,
seed,a2c_pointer,A2C+Pointer,44,2528,40844,1,training_batch,,,
seed,a2c_pointer,A2C+Pointer,44,2544,41104,0.966796875,training_batch,,,
seed,a2c_pointer,A2C+Pointer,44,2560,41354,0.927734375,training_batch,,,
seed,a2c_pointer,A2C+Pointer,44,2576,41607,0.9375,training_batch,,,
seed,a2c_pointer,A2C+Pointer,44,2592,41867,0.97265625,training_batch,,,
seed,a2c_pointer,A2C+Pointer,44,2608,42138,0.998046875,training_batch,,,
seed,a2c_pointer,A2C+Pointer,44,2624,42408,0.99609375,training_batch,,,
seed,a2c_pointer,A2C+Pointer,44,2640,42673,0.986328125,training_batch,,,
seed,a2c_pointer,A2C+Pointer,44,2656,42923,0.947265625,training_batch,,,
seed,a2c_pointer,A2C+Pointer,44,2672,43180,0.966796875,training_batch,,,
seed,a2c_pointer,A2C+Pointer,44,2688,43452,1,training_batch,,,
seed,a2c_pointer,A2C+Pointer,44,2704,43724,1,training_batch,,,
seed,a2c_pointer,A2C+Pointer,44,2720,43996,1,training_batch,,,
seed,a2c_pointer,A2C+Pointer,44,2736,44268,1,training_batch,,,
seed,a2c_pointer,A2C+Pointer,44,2752,44540,1,training_batch,,,
seed,a2c_pointer,A2C+Pointer,44,2768,44812,1,training_batch,,,
seed,a2c_pointer,A2C+Pointer,44,2784,45084,1,training_batch,,,
seed,a2c_pointer,A2C+Pointer,44,2800,45356,1,training_batch,,,
seed,a2c_pointer,A2C+Pointer,44,2816,45628,1,training_batch,,,
seed,a2c_pointer,A2C+Pointer,44,2832,45900,1,training_batch,,,
seed,a2c_pointer,A2C+Pointer,44,2848,46172,1,training_batch,,,
seed,a2c_pointer,A2C+Pointer,44,2864,46436,0.962890625,training_batch,,,
seed,a2c_pointer,A2C+Pointer,44,2880,46693,0.943359375,training_batch,,,
seed,a2c_pointer,A2C+Pointer,44,2896,46964,0.994140625,training_batch,,,
seed,a2c_pointer,A2C+Pointer,44,2912,47232,0.986328125,training_batch,,,
seed,a2c_pointer,A2C+Pointer,44,2928,47504,1,training_batch,,,
seed,a2c_pointer,A2C+Pointer,44,2944,47776,1,training_batch,,,
seed,a2c_pointer,A2C+Pointer,44,2960,48048,1,training_batch,,,
seed,a2c_pointer,A2C+Pointer,44,2976,48320,1,training_batch,,,
seed,a2c_pointer,A2C+Pointer,44,2992,48592,1,training_batch,,,
seed,a2c_pointer,A2C+Pointer,44,3000,48728,1,training_batch,,,
seed,a2c_pointer,A2C+Pointer,45,16,126,0.42578125,training_batch,,,
seed,a2c_pointer,A2C+Pointer,45,32,225,0.33984375,training_batch,,,
seed,a2c_pointer,A2C+Pointer,45,48,382,0.552734375,training_batch,,,
seed,a2c_pointer,A2C+Pointer,45,64,557,0.66796875,training_batch,,,
seed,a2c_pointer,A2C+Pointer,45,80,762,0.7734375,training_batch,,,
seed,a2c_pointer,A2C+Pointer,45,96,963,0.748046875,training_batch,,,
seed,a2c_pointer,A2C+Pointer,45,112,1189,0.87890625,training_batch,,,
seed,a2c_pointer,A2C+Pointer,45,128,1400,0.822265625,training_batch,,,
seed,a2c_pointer,A2C+Pointer,45,144,1609,0.82421875,training_batch,,,
seed,a2c_pointer,A2C+Pointer,45,160,1821,0.837890625,training_batch,,,
seed,a2c_pointer,A2C+Pointer,45,176,2049,0.888671875,training_batch,,,
seed,a2c_pointer,A2C+Pointer,45,192,2276,0.880859375,training_batch,,,
seed,a2c_pointer,A2C+Pointer,45,208,2499,0.880859375,training_batch,,,
seed,a2c_pointer,A2C+Pointer,45,224,2726,0.88671875,training_batch,,,
seed,a2c_pointer,A2C+Pointer,45,240,2959,0.91015625,training_batch,,,
seed,a2c_pointer,A2C+Pointer,45,256,3191,0.90234375,training_batch,,,
seed,a2c_pointer,A2C+Pointer,45,272,3428,0.912109375,training_batch,,,
seed,a2c_pointer,A2C+Pointer,45,288,3671,0.93359375,training_batch,,,
seed,a2c_pointer,A2C+Pointer,45,304,3906,0.9140625,training_batch,,,
seed,a2c_pointer,A2C+Pointer,45,320,4130,0.890625,training_batch,,,
seed,a2c_pointer,A2C+Pointer,45,336,4366,0.921875,training_batch,,,
seed,a2c_pointer,A2C+Pointer,45,352,4604,0.916015625,training_batch,,,
seed,a2c_pointer,A2C+Pointer,45,368,4847,0.93359375,training_batch,,,
seed,a2c_pointer,A2C+Pointer,45,384,5087,0.931640625,training_batch,,,
seed,a2c_pointer,A2C+Pointer,45,400,5331,0.935546875,training_batch,,,
seed,a2c_pointer,A2C+Pointer,45,416,5581,0.955078125,training_batch,,,
seed,a2c_pointer,A2C+Pointer,45,432,5832,0.955078125,training_batch,,,
seed,a2c_pointer,A2C+Pointer,45,448,6081,0.951171875,training_batch,,,
seed,a2c_pointer,A2C+Pointer,45,464,6327,0.947265625,training_batch,,,
seed,a2c_pointer,A2C+Pointer,45,480,6574,0.94921875,training_batch,,,
seed,a2c_pointer,A2C+Pointer,45,496,6822,0.94921875,training_batch,,,
seed,a2c_pointer,A2C+Pointer,45,512,7074,0.958984375,training_batch,,,
seed,a2c_pointer,A2C+Pointer,45,528,7331,0.96875,training_batch,,,
seed,a2c_pointer,A2C+Pointer,45,544,7585,0.96484375,training_batch,,,
seed,a2c_pointer,A2C+Pointer,45,560,7843,0.970703125,training_batch,,,
seed,a2c_pointer,A2C+Pointer,45,576,8102,0.974609375,training_batch,,,
seed,a2c_pointer,A2C+Pointer,45,592,8365,0.98046875,training_batch,,,
seed,a2c_pointer,A2C+Pointer,45,608,8630,0.986328125,training_batch,,,
seed,a2c_pointer,A2C+Pointer,45,624,8893,0.982421875,training_batch,,,
seed,a2c_pointer,A2C+Pointer,45,640,9164,0.998046875,training_batch,,,
seed,a2c_pointer,A2C+Pointer,45,656,9432,0.9921875,training_batch,,,
seed,a2c_pointer,A2C+Pointer,45,672,9701,0.994140625,training_batch,,,
seed,a2c_pointer,A2C+Pointer,45,688,9971,0.99609375,training_batch,,,
seed,a2c_pointer,A2C+Pointer,45,704,10242,0.998046875,training_batch,,,
seed,a2c_pointer,A2C+Pointer,45,720,10514,1,training_batch,,,
seed,a2c_pointer,A2C+Pointer,45,736,10780,0.9765625,training_batch,,,
seed,a2c_pointer,A2C+Pointer,45,752,11049,0.986328125,training_batch,,,
seed,a2c_pointer,A2C+Pointer,45,768,11312,0.951171875,training_batch,,,
seed,a2c_pointer,A2C+Pointer,45,784,11552,0.833984375,training_batch,,,
seed,a2c_pointer,A2C+Pointer,45,800,11801,0.87890625,training_batch,,,
seed,a2c_pointer,A2C+Pointer,45,816,12050,0.880859375,training_batch,,,
seed,a2c_pointer,A2C+Pointer,45,832,12309,0.939453125,training_batch,,,
seed,a2c_pointer,A2C+Pointer,45,848,12572,0.955078125,training_batch,,,
seed,a2c_pointer,A2C+Pointer,45,864,12838,0.9765625,training_batch,,,
seed,a2c_pointer,A2C+Pointer,45,880,13108,0.9921875,training_batch,,,
seed,a2c_pointer,A2C+Pointer,45,896,13373,0.970703125,training_batch,,,
seed,a2c_pointer,A2C+Pointer,45,912,13645,1,training_batch,,,
seed,a2c_pointer,A2C+Pointer,45,928,13917,1,training_batch,,,
seed,a2c_pointer,A2C+Pointer,45,944,14189,1,training_batch,,,
seed,a2c_pointer,A2C+Pointer,45,960,14460,0.99609375,training_batch,,,
seed,a2c_pointer,A2C+Pointer,45,976,14732,1,training_batch,,,
seed,a2c_pointer,A2C+Pointer,45,992,14996,0.974609375,training_batch,,,
seed,a2c_pointer,A2C+Pointer,45,1008,15267,0.994140625,training_batch,,,
seed,a2c_pointer,A2C+Pointer,45,1024,15539,1,training_batch,,,
seed,a2c_pointer,A2C+Pointer,45,1040,15811,1,training_batch,,,
seed,a2c_pointer,A2C+Pointer,45,1056,16083,1,training_batch,,,
seed,a2c_pointer,A2C+Pointer,45,1072,16354,0.994140625,training_batch,,,
seed,a2c_pointer,A2C+Pointer,45,1088,16626,1,training_batch,,,
seed,a2c_pointer,A2C+Pointer,45,1104,16897,0.994140625,training_batch,,,
seed,a2c_pointer,A2C+Pointer,45,1120,17168,0.99609375,training_batch,,,
seed,a2c_pointer,A2C+Pointer,45,1136,17440,1,training_batch,,,
seed,a2c_pointer,A2C+Pointer,45,1152,17711,0.99609375,training_batch,,,
seed,a2c_pointer,A2C+Pointer,45,1168,17983,1,training_batch,,,
seed,a2c_pointer,A2C+Pointer,45,1184,18253,0.990234375,training_batch,,,
seed,a2c_pointer,A2C+Pointer,45,1200,18514,0.962890625,training_batch,,,
seed,a2c_pointer,A2C+Pointer,45,1216,18784,0.990234375,training_batch,,,
seed,a2c_pointer,A2C+Pointer,45,1232,19053,0.98828125,training_batch,,,
seed,a2c_pointer,A2C+Pointer,45,1248,19325,1,training_batch,,,
seed,a2c_pointer,A2C+Pointer,45,1264,19597,1,training_batch,,,
seed,a2c_pointer,A2C+Pointer,45,1280,19869,1,training_batch,,,
seed,a2c_pointer,A2C+Pointer,45,1296,20141,1,training_batch,,,
seed,a2c_pointer,A2C+Pointer,45,1312,20413,1,training_batch,,,
seed,a2c_pointer,A2C+Pointer,45,1328,20683,0.9921875,training_batch,,,
seed,a2c_pointer,A2C+Pointer,45,1344,20955,1,training_batch,,,
seed,a2c_pointer,A2C+Pointer,45,1360,21227,1,training_batch,,,
seed,a2c_pointer,A2C+Pointer,45,1376,21499,1,training_batch,,,
seed,a2c_pointer,A2C+Pointer,45,1392,21743,0.919921875,training_batch,,,
seed,a2c_pointer,A2C+Pointer,45,1408,22007,0.9765625,training_batch,,,
seed,a2c_pointer,A2C+Pointer,45,1424,22261,0.9453125,training_batch,,,
seed,a2c_pointer,A2C+Pointer,45,1440,22523,0.970703125,training_batch,,,
seed,a2c_pointer,A2C+Pointer,45,1456,22795,1,training_batch,,,
seed,a2c_pointer,A2C+Pointer,45,1472,23067,1,training_batch,,,
seed,a2c_pointer,A2C+Pointer,45,1488,23339,1,training_batch,,,
seed,a2c_pointer,A2C+Pointer,45,1504,23611,1,training_batch,,,
seed,a2c_pointer,A2C+Pointer,45,1520,23883,1,training_batch,,,
seed,a2c_pointer,A2C+Pointer,45,1536,24155,1,training_batch,,,
seed,a2c_pointer,A2C+Pointer,45,1552,24427,1,training_batch,,,
seed,a2c_pointer,A2C+Pointer,45,1568,24699,1,training_batch,,,
seed,a2c_pointer,A2C+Pointer,45,1584,24971,1,training_batch,,,
seed,a2c_pointer,A2C+Pointer,45,1600,25243,1,training_batch,,,
seed,a2c_pointer,A2C+Pointer,45,1616,25515,1,training_batch,,,
seed,a2c_pointer,A2C+Pointer,45,1632,25779,0.9765625,training_batch,,,
seed,a2c_pointer,A2C+Pointer,45,1648,26042,0.974609375,training_batch,,,
seed,a2c_pointer,A2C+Pointer,45,1664,26314,1,training_batch,,,
seed,a2c_pointer,A2C+Pointer,45,1680,26586,1,training_batch,,,
seed,a2c_pointer,A2C+Pointer,45,1696,26858,1,training_batch,,,
seed,a2c_pointer,A2C+Pointer,45,1712,27130,1,training_batch,,,
seed,a2c_pointer,A2C+Pointer,45,1728,27402,1,training_batch,,,
seed,a2c_pointer,A2C+Pointer,45,1744,27674,1,training_batch,,,
seed,a2c_pointer,A2C+Pointer,45,1760,27946,1,training_batch,,,
seed,a2c_pointer,A2C+Pointer,45,1776,28218,1,training_batch,,,
seed,a2c_pointer,A2C+Pointer,45,1792,28490,1,training_batch,,,
seed,a2c_pointer,A2C+Pointer,45,1808,28762,1,training_batch,,,
seed,a2c_pointer,A2C+Pointer,45,1824,29027,0.978515625,training_batch,,,
seed,a2c_pointer,A2C+Pointer,45,1840,29299,1,training_batch,,,
seed,a2c_pointer,A2C+Pointer,45,1856,29571,1,training_batch,,,
seed,a2c_pointer,A2C+Pointer,45,1872,29843,1,training_batch,,,
seed,a2c_pointer,A2C+Pointer,45,1888,30115,1,training_batch,,,
seed,a2c_pointer,A2C+Pointer,45,1904,30387,1,training_batch,,,
seed,a2c_pointer,A2C+Pointer,45,1920,30659,1,training_batch,,,
seed,a2c_pointer,A2C+Pointer,45,1936,30931,1,training_batch,,,
seed,a2c_pointer,A2C+Pointer,45,1952,31195,0.9765625,training_batch,,,
seed,a2c_pointer,A2C+Pointer,45,1968,31467,1,training_batch,,,
seed,a2c_pointer,A2C+Pointer,45,1984,31739,1,training_batch,,,
seed,a2c_pointer,A2C+Pointer,45,2000,32011,1,training_batch,,,
seed,a2c_pointer,A2C+Pointer,45,2016,32283,1,training_batch,,,
seed,a2c_pointer,A2C+Pointer,45,2032,32547,0.9765625,training_batch,,,
seed,a2c_pointer,A2C+Pointer,45,2048,32811,0.9765625,training_batch,,,
seed,a2c_pointer,A2C+Pointer,45,2064,33083,1,training_batch,,,
seed,a2c_pointer,A2C+Pointer,45,2080,33355,1,training_batch,,,
seed,a2c_pointer,A2C+Pointer,45,2096,33627,1,training_batch,,,
seed,a2c_pointer,A2C+Pointer,45,2112,33899,1,training_batch,,,
seed,a2c_pointer,A2C+Pointer,45,2128,34171,1,training_batch,,,
seed,a2c_pointer,A2C+Pointer,45,2144,34443,1,training_batch,,,
seed,a2c_pointer,A2C+Pointer,45,2160,34715,1,training_batch,,,
seed,a2c_pointer,A2C+Pointer,45,2176,34976,0.966796875,training_batch,,,
seed,a2c_pointer,A2C+Pointer,45,2192,35239,0.974609375,training_batch,,,
seed,a2c_pointer,A2C+Pointer,45,2208,35504,0.98046875,training_batch,,,
seed,a2c_pointer,A2C+Pointer,45,2224,35776,1,training_batch,,,
seed,a2c_pointer,A2C+Pointer,45,2240,36048,1,training_batch,,,
seed,a2c_pointer,A2C+Pointer,45,2256,36320,1,training_batch,,,
seed,a2c_pointer,A2C+Pointer,45,2272,36592,1,training_batch,,,
seed,a2c_pointer,A2C+Pointer,45,2288,36827,0.875,training_batch,,,
seed,a2c_pointer,A2C+Pointer,45,2304,37073,0.912109375,training_batch,,,
seed,a2c_pointer,A2C+Pointer,45,2320,37279,0.783203125,training_batch,,,
seed,a2c_pointer,A2C+Pointer,45,2336,37536,0.955078125,training_batch,,,
seed,a2c_pointer,A2C+Pointer,45,2352,37808,1,training_batch,,,
seed,a2c_pointer,A2C+Pointer,45,2368,38080,1,training_batch,,,
seed,a2c_pointer,A2C+Pointer,45,2384,38352,1,training_batch,,,
seed,a2c_pointer,A2C+Pointer,45,2400,38624,1,training_batch,,,
seed,a2c_pointer,A2C+Pointer,45,2416,38896,1,training_batch,,,
seed,a2c_pointer,A2C+Pointer,45,2432,39162,0.982421875,training_batch,,,
seed,a2c_pointer,A2C+Pointer,45,2448,39409,0.92578125,training_batch,,,
seed,a2c_pointer,A2C+Pointer,45,2464,39644,0.888671875,training_batch,,,
seed,a2c_pointer,A2C+Pointer,45,2480,39896,0.943359375,training_batch,,,
seed,a2c_pointer,A2C+Pointer,45,2496,40168,1,training_batch,,,
seed,a2c_pointer,A2C+Pointer,45,2512,40440,1,training_batch,,,
seed,a2c_pointer,A2C+Pointer,45,2528,40712,1,training_batch,,,
seed,a2c_pointer,A2C+Pointer,45,2544,40984,1,training_batch,,,
seed,a2c_pointer,A2C+Pointer,45,2560,41256,1,training_batch,,,
seed,a2c_pointer,A2C+Pointer,45,2576,41528,1,training_batch,,,
seed,a2c_pointer,A2C+Pointer,45,2592,41800,1,training_batch,,,
seed,a2c_pointer,A2C+Pointer,45,2608,42065,0.978515625,training_batch,,,
seed,a2c_pointer,A2C+Pointer,45,2624,42337,1,training_batch,,,
seed,a2c_pointer,A2C+Pointer,45,2640,42609,1,training_batch,,,
seed,a2c_pointer,A2C+Pointer,45,2656,42881,1,training_batch,,,
seed,a2c_pointer,A2C+Pointer,45,2672,43153,1,training_batch,,,
seed,a2c_pointer,A2C+Pointer,45,2688,43425,1,training_batch,,,
seed,a2c_pointer,A2C+Pointer,45,2704,43691,0.984375,training_batch,,,
seed,a2c_pointer,A2C+Pointer,45,2720,43963,1,training_batch,,,
seed,a2c_pointer,A2C+Pointer,45,2736,44235,1,training_batch,,,
seed,a2c_pointer,A2C+Pointer,45,2752,44507,1,training_batch,,,
seed,a2c_pointer,A2C+Pointer,45,2768,44779,1,training_batch,,,
seed,a2c_pointer,A2C+Pointer,45,2784,45051,1,training_batch,,,
seed,a2c_pointer,A2C+Pointer,45,2800,45323,1,training_batch,,,
seed,a2c_pointer,A2C+Pointer,45,2816,45595,1,training_batch,,,
seed,a2c_pointer,A2C+Pointer,45,2832,45856,0.96875,training_batch,,,
seed,a2c_pointer,A2C+Pointer,45,2848,46120,0.9765625,training_batch,,,
seed,a2c_pointer,A2C+Pointer,45,2864,46366,0.921875,training_batch,,,
seed,a2c_pointer,A2C+Pointer,45,2880,46626,0.9609375,training_batch,,,
seed,a2c_pointer,A2C+Pointer,45,2896,46896,0.9921875,training_batch,,,
seed,a2c_pointer,A2C+Pointer,45,2912,47168,1,training_batch,,,
seed,a2c_pointer,A2C+Pointer,45,2928,47440,1,training_batch,,,
seed,a2c_pointer,A2C+Pointer,45,2944,47704,0.9765625,training_batch,,,
seed,a2c_pointer,A2C+Pointer,45,2960,47976,1,training_batch,,,
seed,a2c_pointer,A2C+Pointer,45,2976,48248,1,training_batch,,,
seed,a2c_pointer,A2C+Pointer,45,2992,48520,1,training_batch,,,
seed,a2c_pointer,A2C+Pointer,45,3000,48656,1,training_batch,,,
seed,a2c_pointer,A2C+Pointer,46,16,117,0.392578125,training_batch,,,
seed,a2c_pointer,A2C+Pointer,46,32,259,0.478515625,training_batch,,,
seed,a2c_pointer,A2C+Pointer,46,48,438,0.646484375,training_batch,,,
seed,a2c_pointer,A2C+Pointer,46,64,650,0.806640625,training_batch,,,
seed,a2c_pointer,A2C+Pointer,46,80,841,0.71875,training_batch,,,
seed,a2c_pointer,A2C+Pointer,46,96,1063,0.849609375,training_batch,,,
seed,a2c_pointer,A2C+Pointer,46,112,1277,0.826171875,training_batch,,,
seed,a2c_pointer,A2C+Pointer,46,128,1500,0.857421875,training_batch,,,
seed,a2c_pointer,A2C+Pointer,46,144,1710,0.818359375,training_batch,,,
seed,a2c_pointer,A2C+Pointer,46,160,1929,0.8515625,training_batch,,,
seed,a2c_pointer,A2C+Pointer,46,176,2157,0.87890625,training_batch,,,
seed,a2c_pointer,A2C+Pointer,46,192,2381,0.8671875,training_batch,,,
seed,a2c_pointer,A2C+Pointer,46,208,2609,0.884765625,training_batch,,,
seed,a2c_pointer,A2C+Pointer,46,224,2849,0.919921875,training_batch,,,
seed,a2c_pointer,A2C+Pointer,46,240,3089,0.919921875,training_batch,,,
seed,a2c_pointer,A2C+Pointer,46,256,3332,0.93359375,training_batch,,,
seed,a2c_pointer,A2C+Pointer,46,272,3585,0.95703125,training_batch,,,
seed,a2c_pointer,A2C+Pointer,46,288,3844,0.966796875,training_batch,,,
seed,a2c_pointer,A2C+Pointer,46,304,4087,0.93359375,training_batch,,,
seed,a2c_pointer,A2C+Pointer,46,320,4336,0.953125,training_batch,,,
seed,a2c_pointer,A2C+Pointer,46,336,4583,0.9453125,training_batch,,,
seed,a2c_pointer,A2C+Pointer,46,352,4835,0.953125,training_batch,,,
seed,a2c_pointer,A2C+Pointer,46,368,5099,0.982421875,training_batch,,,
seed,a2c_pointer,A2C+Pointer,46,384,5355,0.966796875,training_batch,,,
seed,a2c_pointer,A2C+Pointer,46,400,5620,0.986328125,training_batch,,,
seed,a2c_pointer,A2C+Pointer,46,416,5881,0.978515625,training_batch,,,
seed,a2c_pointer,A2C+Pointer,46,432,6141,0.970703125,training_batch,,,
seed,a2c_pointer,A2C+Pointer,46,448,6406,0.986328125,training_batch,,,
seed,a2c_pointer,A2C+Pointer,46,464,6667,0.978515625,training_batch,,,
seed,a2c_pointer,A2C+Pointer,46,480,6929,0.978515625,training_batch,,,
seed,a2c_pointer,A2C+Pointer,46,496,7196,0.990234375,training_batch,,,
seed,a2c_pointer,A2C+Pointer,46,512,7467,0.998046875,training_batch,,,
seed,a2c_pointer,A2C+Pointer,46,528,7730,0.982421875,training_batch,,,
seed,a2c_pointer,A2C+Pointer,46,544,8002,1,training_batch,,,
seed,a2c_pointer,A2C+Pointer,46,560,8274,1,training_batch,,,
seed,a2c_pointer,A2C+Pointer,46,576,8546,1,training_batch,,,
seed,a2c_pointer,A2C+Pointer,46,592,8813,0.986328125,training_batch,,,
seed,a2c_pointer,A2C+Pointer,46,608,9085,1,training_batch,,,
seed,a2c_pointer,A2C+Pointer,46,624,9352,0.98046875,training_batch,,,
seed,a2c_pointer,A2C+Pointer,46,640,9620,0.982421875,training_batch,,,
seed,a2c_pointer,A2C+Pointer,46,656,9891,0.994140625,training_batch,,,
seed,a2c_pointer,A2C+Pointer,46,672,10162,0.99609375,training_batch,,,
seed,a2c_pointer,A2C+Pointer,46,688,10432,0.9921875,training_batch,,,
seed,a2c_pointer,A2C+Pointer,46,704,10701,0.990234375,training_batch,,,
seed,a2c_pointer,A2C+Pointer,46,720,10973,1,training_batch,,,
seed,a2c_pointer,A2C+Pointer,46,736,11245,1,training_batch,,,
seed,a2c_pointer,A2C+Pointer,46,752,11516,0.99609375,training_batch,,,
seed,a2c_pointer,A2C+Pointer,46,768,11788,1,training_batch,,,
seed,a2c_pointer,A2C+Pointer,46,784,12060,1,training_batch,,,
seed,a2c_pointer,A2C+Pointer,46,800,12332,1,training_batch,,,
seed,a2c_pointer,A2C+Pointer,46,816,12604,1,training_batch,,,
seed,a2c_pointer,A2C+Pointer,46,832,12876,1,training_batch,,,
seed,a2c_pointer,A2C+Pointer,46,848,13148,1,training_batch,,,
seed,a2c_pointer,A2C+Pointer,46,864,13420,1,training_batch,,,
seed,a2c_pointer,A2C+Pointer,46,880,13692,1,training_batch,,,
seed,a2c_pointer,A2C+Pointer,46,896,13964,1,training_batch,,,
seed,a2c_pointer,A2C+Pointer,46,912,14236,1,training_batch,,,
seed,a2c_pointer,A2C+Pointer,46,928,14508,1,training_batch,,,
seed,a2c_pointer,A2C+Pointer,46,944,14780,1,training_batch,,,
seed,a2c_pointer,A2C+Pointer,46,960,15052,1,training_batch,,,
seed,a2c_pointer,A2C+Pointer,46,976,15324,1,training_batch,,,
seed,a2c_pointer,A2C+Pointer,46,992,15596,1,training_batch,,,
seed,a2c_pointer,A2C+Pointer,46,1008,15868,1,training_batch,,,
seed,a2c_pointer,A2C+Pointer,46,1024,16138,0.9921875,training_batch,,,
seed,a2c_pointer,A2C+Pointer,46,1040,16410,1,training_batch,,,
seed,a2c_pointer,A2C+Pointer,46,1056,16682,1,training_batch,,,
seed,a2c_pointer,A2C+Pointer,46,1072,16954,1,training_batch,,,
seed,a2c_pointer,A2C+Pointer,46,1088,17226,1,training_batch,,,
seed,a2c_pointer,A2C+Pointer,46,1104,17498,1,training_batch,,,
seed,a2c_pointer,A2C+Pointer,46,1120,17770,1,training_batch,,,
seed,a2c_pointer,A2C+Pointer,46,1136,18028,0.95703125,training_batch,,,
seed,a2c_pointer,A2C+Pointer,46,1152,18287,0.95703125,training_batch,,,
seed,a2c_pointer,A2C+Pointer,46,1168,18549,0.97265625,training_batch,,,
seed,a2c_pointer,A2C+Pointer,46,1184,18787,0.87890625,training_batch,,,
seed,a2c_pointer,A2C+Pointer,46,1200,19059,1,training_batch,,,
seed,a2c_pointer,A2C+Pointer,46,1216,19331,1,training_batch,,,
seed,a2c_pointer,A2C+Pointer,46,1232,19603,1,training_batch,,,
seed,a2c_pointer,A2C+Pointer,46,1248,19875,1,training_batch,,,
seed,a2c_pointer,A2C+Pointer,46,1264,20147,1,training_batch,,,
seed,a2c_pointer,A2C+Pointer,46,1280,20419,1,training_batch,,,
seed,a2c_pointer,A2C+Pointer,46,1296,20691,1,training_batch,,,
seed,a2c_pointer,A2C+Pointer,46,1312,20953,0.970703125,training_batch,,,
seed,a2c_pointer,A2C+Pointer,46,1328,21225,1,training_batch,,,
seed,a2c_pointer,A2C+Pointer,46,1344,21497,1,training_batch,,,
seed,a2c_pointer,A2C+Pointer,46,1360,21769,1,training_batch,,,
seed,a2c_pointer,A2C+Pointer,46,1376,22041,1,training_batch,,,
seed,a2c_pointer,A2C+Pointer,46,1392,22313,1,training_batch,,,
seed,a2c_pointer,A2C+Pointer,46,1408,22585,1,training_batch,,,
seed,a2c_pointer,A2C+Pointer,46,1424,22857,1,training_batch,,,
seed,a2c_pointer,A2C+Pointer,46,1440,23129,1,training_batch,,,
seed,a2c_pointer,A2C+Pointer,46,1456,23401,1,training_batch,,,
seed,a2c_pointer,A2C+Pointer,46,1472,23673,1,training_batch,,,
seed,a2c_pointer,A2C+Pointer,46,1488,23945,1,training_batch,,,
seed,a2c_pointer,A2C+Pointer,46,1504,24217,1,training_batch,,,
seed,a2c_pointer,A2C+Pointer,46,1520,24489,1,training_batch,,,
seed,a2c_pointer,A2C+Pointer,46,1536,24753,0.9765625,training_batch,,,
seed,a2c_pointer,A2C+Pointer,46,1552,25025,1,training_batch,,,
seed,a2c_pointer,A2C+Pointer,46,1568,25297,1,training_batch,,,
seed,a2c_pointer,A2C+Pointer,46,1584,25569,1,training_batch,,,
seed,a2c_pointer,A2C+Pointer,46,1600,25841,1,training_batch,,,
seed,a2c_pointer,A2C+Pointer,46,1616,26113,1,training_batch,,,
seed,a2c_pointer,A2C+Pointer,46,1632,26385,1,training_batch,,,
seed,a2c_pointer,A2C+Pointer,46,1648,26649,0.9765625,training_batch,,,
seed,a2c_pointer,A2C+Pointer,46,1664,26921,1,training_batch,,,
seed,a2c_pointer,A2C+Pointer,46,1680,27193,1,training_batch,,,
seed,a2c_pointer,A2C+Pointer,46,1696,27451,0.9609375,training_batch,,,
seed,a2c_pointer,A2C+Pointer,46,1712,27723,1,training_batch,,,
seed,a2c_pointer,A2C+Pointer,46,1728,27995,1,training_batch,,,
seed,a2c_pointer,A2C+Pointer,46,1744,28267,1,training_batch,,,
seed,a2c_pointer,A2C+Pointer,46,1760,28539,1,training_batch,,,
seed,a2c_pointer,A2C+Pointer,46,1776,28811,1,training_batch,,,
seed,a2c_pointer,A2C+Pointer,46,1792,29083,1,training_batch,,,
seed,a2c_pointer,A2C+Pointer,46,1808,29355,1,training_batch,,,
seed,a2c_pointer,A2C+Pointer,46,1824,29627,1,training_batch,,,
seed,a2c_pointer,A2C+Pointer,46,1840,29899,1,training_batch,,,
seed,a2c_pointer,A2C+Pointer,46,1856,30171,1,training_batch,,,
seed,a2c_pointer,A2C+Pointer,46,1872,30442,0.99609375,training_batch,,,
seed,a2c_pointer,A2C+Pointer,46,1888,30714,1,training_batch,,,
seed,a2c_pointer,A2C+Pointer,46,1904,30986,1,training_batch,,,
seed,a2c_pointer,A2C+Pointer,46,1920,31257,0.99609375,training_batch,,,
seed,a2c_pointer,A2C+Pointer,46,1936,31525,0.982421875,training_batch,,,
seed,a2c_pointer,A2C+Pointer,46,1952,31797,1,training_batch,,,
seed,a2c_pointer,A2C+Pointer,46,1968,32068,0.99609375,training_batch,,,
seed,a2c_pointer,A2C+Pointer,46,1984,32332,0.974609375,training_batch,,,
seed,a2c_pointer,A2C+Pointer,46,2000,32603,0.994140625,training_batch,,,
seed,a2c_pointer,A2C+Pointer,46,2016,32875,1,training_batch,,,
seed,a2c_pointer,A2C+Pointer,46,2032,33147,1,training_batch,,,
seed,a2c_pointer,A2C+Pointer,46,2048,33418,0.99609375,training_batch,,,
seed,a2c_pointer,A2C+Pointer,46,2064,33690,1,training_batch,,,
seed,a2c_pointer,A2C+Pointer,46,2080,33962,1,training_batch,,,
seed,a2c_pointer,A2C+Pointer,46,2096,34234,1,training_batch,,,
seed,a2c_pointer,A2C+Pointer,46,2112,34506,1,training_batch,,,
seed,a2c_pointer,A2C+Pointer,46,2128,34771,0.978515625,training_batch,,,
seed,a2c_pointer,A2C+Pointer,46,2144,35033,0.970703125,training_batch,,,
seed,a2c_pointer,A2C+Pointer,46,2160,35305,1,training_batch,,,
seed,a2c_pointer,A2C+Pointer,46,2176,35577,1,training_batch,,,
seed,a2c_pointer,A2C+Pointer,46,2192,35849,1,training_batch,,,
seed,a2c_pointer,A2C+Pointer,46,2208,36121,1,training_batch,,,
seed,a2c_pointer,A2C+Pointer,46,2224,36393,1,training_batch,,,
seed,a2c_pointer,A2C+Pointer,46,2240,36657,0.9765625,training_batch,,,
seed,a2c_pointer,A2C+Pointer,46,2256,36929,1,training_batch,,,
seed,a2c_pointer,A2C+Pointer,46,2272,37201,1,training_batch,,,
seed,a2c_pointer,A2C+Pointer,46,2288,37473,1,training_batch,,,
seed,a2c_pointer,A2C+Pointer,46,2304,37745,1,training_batch,,,
seed,a2c_pointer,A2C+Pointer,46,2320,38017,1,training_batch,,,
seed,a2c_pointer,A2C+Pointer,46,2336,38289,1,training_batch,,,
seed,a2c_pointer,A2C+Pointer,46,2352,38561,1,training_batch,,,
seed,a2c_pointer,A2C+Pointer,46,2368,38833,1,training_batch,,,
seed,a2c_pointer,A2C+Pointer,46,2384,39105,1,training_batch,,,
seed,a2c_pointer,A2C+Pointer,46,2400,39377,1,training_batch,,,
seed,a2c_pointer,A2C+Pointer,46,2416,39637,0.962890625,training_batch,,,
seed,a2c_pointer,A2C+Pointer,46,2432,39887,0.921875,training_batch,,,
seed,a2c_pointer,A2C+Pointer,46,2448,40159,1,training_batch,,,
seed,a2c_pointer,A2C+Pointer,46,2464,40431,1,training_batch,,,
seed,a2c_pointer,A2C+Pointer,46,2480,40703,1,training_batch,,,
seed,a2c_pointer,A2C+Pointer,46,2496,40964,0.96484375,training_batch,,,
seed,a2c_pointer,A2C+Pointer,46,2512,41236,1,training_batch,,,
seed,a2c_pointer,A2C+Pointer,46,2528,41508,1,training_batch,,,
seed,a2c_pointer,A2C+Pointer,46,2544,41770,0.970703125,training_batch,,,
seed,a2c_pointer,A2C+Pointer,46,2560,42042,1,training_batch,,,
seed,a2c_pointer,A2C+Pointer,46,2576,42314,1,training_batch,,,
seed,a2c_pointer,A2C+Pointer,46,2592,42586,1,training_batch,,,
seed,a2c_pointer,A2C+Pointer,46,2608,42857,0.998046875,training_batch,,,
seed,a2c_pointer,A2C+Pointer,46,2624,43086,0.8828125,training_batch,,,
seed,a2c_pointer,A2C+Pointer,46,2640,43314,0.875,training_batch,,,
seed,a2c_pointer,A2C+Pointer,46,2656,43521,0.80859375,training_batch,,,
seed,a2c_pointer,A2C+Pointer,46,2672,43733,0.80859375,training_batch,,,
seed,a2c_pointer,A2C+Pointer,46,2688,43923,0.71484375,training_batch,,,
seed,a2c_pointer,A2C+Pointer,46,2704,44078,0.580078125,training_batch,,,
seed,a2c_pointer,A2C+Pointer,46,2720,44264,0.75390625,training_batch,,,
seed,a2c_pointer,A2C+Pointer,46,2736,44488,0.86328125,training_batch,,,
seed,a2c_pointer,A2C+Pointer,46,2752,44750,0.970703125,training_batch,,,
seed,a2c_pointer,A2C+Pointer,46,2768,45022,1,training_batch,,,
seed,a2c_pointer,A2C+Pointer,46,2784,45294,1,training_batch,,,
seed,a2c_pointer,A2C+Pointer,46,2800,45566,1,training_batch,,,
seed,a2c_pointer,A2C+Pointer,46,2816,45838,1,training_batch,,,
seed,a2c_pointer,A2C+Pointer,46,2832,46110,1,training_batch,,,
seed,a2c_pointer,A2C+Pointer,46,2848,46382,1,training_batch,,,
seed,a2c_pointer,A2C+Pointer,46,2864,46654,1,training_batch,,,
seed,a2c_pointer,A2C+Pointer,46,2880,46926,1,training_batch,,,
seed,a2c_pointer,A2C+Pointer,46,2896,47159,0.86328125,training_batch,,,
seed,a2c_pointer,A2C+Pointer,46,2912,47431,1,training_batch,,,
seed,a2c_pointer,A2C+Pointer,46,2928,47703,1,training_batch,,,
seed,a2c_pointer,A2C+Pointer,46,2944,47967,0.9765625,training_batch,,,
seed,a2c_pointer,A2C+Pointer,46,2960,48239,1,training_batch,,,
seed,a2c_pointer,A2C+Pointer,46,2976,48511,1,training_batch,,,
seed,a2c_pointer,A2C+Pointer,46,2992,48781,0.9921875,training_batch,,,
seed,a2c_pointer,A2C+Pointer,46,3000,48917,1,training_batch,,,
seed,traditional_ppo,传统PPO,42,16,66,0.193359375,training_batch,,,
seed,traditional_ppo,传统PPO,42,32,136,0.1703125,training_batch,,,
seed,traditional_ppo,传统PPO,42,48,221,0.186224489796,training_batch,,,
seed,traditional_ppo,传统PPO,42,64,292,0.208984375,training_batch,,,
seed,traditional_ppo,传统PPO,42,80,372,0.1875,training_batch,,,
seed,traditional_ppo,传统PPO,42,96,459,0.188775510204,training_batch,,,
seed,traditional_ppo,传统PPO,42,112,533,0.24609375,training_batch,,,
seed,traditional_ppo,传统PPO,42,128,610,0.184375,training_batch,,,
seed,traditional_ppo,传统PPO,42,144,692,0.182397959184,training_batch,,,
seed,traditional_ppo,传统PPO,42,160,765,0.234375,training_batch,,,
seed,traditional_ppo,传统PPO,42,176,850,0.221875,training_batch,,,
seed,traditional_ppo,传统PPO,42,192,938,0.202806122449,training_batch,,,
seed,traditional_ppo,传统PPO,42,208,1008,0.224609375,training_batch,,,
seed,traditional_ppo,传统PPO,42,224,1092,0.2203125,training_batch,,,
seed,traditional_ppo,传统PPO,42,240,1189,0.207908163265,training_batch,,,
seed,traditional_ppo,传统PPO,42,250,1237,0.240625,training_batch,,,
seed,traditional_ppo,传统PPO,42,266,1322,0.234375,training_batch,,,
seed,traditional_ppo,传统PPO,42,282,1420,0.21556122449,training_batch,,,
seed,traditional_ppo,传统PPO,42,298,1506,0.296875,training_batch,,,
seed,traditional_ppo,传统PPO,42,314,1592,0.21875,training_batch,,,
seed,traditional_ppo,传统PPO,42,330,1679,0.182397959184,training_batch,,,
seed,traditional_ppo,传统PPO,42,346,1776,0.318359375,training_batch,,,
seed,traditional_ppo,传统PPO,42,362,1871,0.25,training_batch,,,
seed,traditional_ppo,传统PPO,42,378,1974,0.235969387755,training_batch,,,
seed,traditional_ppo,传统PPO,42,394,2056,0.28125,training_batch,,,
seed,traditional_ppo,传统PPO,42,410,2149,0.2453125,training_batch,,,
seed,traditional_ppo,传统PPO,42,426,2250,0.219387755102,training_batch,,,
seed,traditional_ppo,传统PPO,42,442,2339,0.30859375,training_batch,,,
seed,traditional_ppo,传统PPO,42,458,2442,0.2703125,training_batch,,,
seed,traditional_ppo,传统PPO,42,474,2536,0.234693877551,training_batch,,,
seed,traditional_ppo,传统PPO,42,490,2646,0.37890625,training_batch,,,
seed,traditional_ppo,传统PPO,42,500,2705,0.27,training_batch,,,
seed,traditional_ppo,传统PPO,42,516,2806,0.233418367347,training_batch,,,
seed,traditional_ppo,传统PPO,42,532,2896,0.3046875,training_batch,,,
seed,traditional_ppo,传统PPO,42,548,2998,0.2765625,training_batch,,,
seed,traditional_ppo,传统PPO,42,564,3114,0.255102040816,training_batch,,,
seed,traditional_ppo,传统PPO,42,580,3200,0.291015625,training_batch,,,
seed,traditional_ppo,传统PPO,42,596,3296,0.2421875,training_batch,,,
seed,traditional_ppo,传统PPO,42,612,3397,0.238520408163,training_batch,,,
seed,traditional_ppo,传统PPO,42,628,3482,0.2890625,training_batch,,,
seed,traditional_ppo,传统PPO,42,644,3580,0.26875,training_batch,,,
seed,traditional_ppo,传统PPO,42,660,3683,0.230867346939,training_batch,,,
seed,traditional_ppo,传统PPO,42,676,3780,0.32421875,training_batch,,,
seed,traditional_ppo,传统PPO,42,692,3881,0.2640625,training_batch,,,
seed,traditional_ppo,传统PPO,42,708,3996,0.267857142857,training_batch,,,
seed,traditional_ppo,传统PPO,42,724,4078,0.259765625,training_batch,,,
seed,traditional_ppo,传统PPO,42,740,4177,0.2765625,training_batch,,,
seed,traditional_ppo,传统PPO,42,756,4282,0.234693877551,training_batch,,,
seed,traditional_ppo,传统PPO,42,772,4375,0.310546875,training_batch,,,
seed,traditional_ppo,传统PPO,42,788,4468,0.2625,training_batch,,,
seed,traditional_ppo,传统PPO,42,804,4563,0.207908163265,training_batch,,,
seed,traditional_ppo,传统PPO,42,820,4662,0.310546875,training_batch,,,
seed,traditional_ppo,传统PPO,42,836,4759,0.2515625,training_batch,,,
seed,traditional_ppo,传统PPO,42,852,4870,0.255102040816,training_batch,,,
seed,traditional_ppo,传统PPO,42,868,4958,0.275390625,training_batch,,,
seed,traditional_ppo,传统PPO,42,884,5062,0.2671875,training_batch,,,
seed,traditional_ppo,传统PPO,42,900,5159,0.214285714286,training_batch,,,
seed,traditional_ppo,传统PPO,42,916,5253,0.314453125,training_batch,,,
seed,traditional_ppo,传统PPO,42,932,5358,0.3,training_batch,,,
seed,traditional_ppo,传统PPO,42,948,5464,0.252551020408,training_batch,,,
seed,traditional_ppo,传统PPO,42,964,5554,0.291015625,training_batch,,,
seed,traditional_ppo,传统PPO,42,980,5657,0.284375,training_batch,,,
seed,traditional_ppo,传统PPO,42,996,5754,0.224489795918,training_batch,,,
seed,traditional_ppo,传统PPO,42,1000,5777,0.3359375,training_batch,,,
seed,traditional_ppo,传统PPO,42,1016,5872,0.2375,training_batch,,,
seed,traditional_ppo,传统PPO,42,1032,5977,0.241071428571,training_batch,,,
seed,traditional_ppo,传统PPO,42,1048,6059,0.251953125,training_batch,,,
seed,traditional_ppo,传统PPO,42,1064,6144,0.23125,training_batch,,,
seed,traditional_ppo,传统PPO,42,1080,6248,0.228316326531,training_batch,,,
seed,traditional_ppo,传统PPO,42,1096,6328,0.259765625,training_batch,,,
seed,traditional_ppo,传统PPO,42,1112,6423,0.259375,training_batch,,,
seed,traditional_ppo,传统PPO,42,1128,6526,0.22193877551,training_batch,,,
seed,traditional_ppo,传统PPO,42,1144,6624,0.30859375,training_batch,,,
seed,traditional_ppo,传统PPO,42,1160,6734,0.2984375,training_batch,,,
seed,traditional_ppo,传统PPO,42,1176,6840,0.247448979592,training_batch,,,
seed,traditional_ppo,传统PPO,42,1192,6921,0.24609375,training_batch,,,
seed,traditional_ppo,传统PPO,42,1208,7014,0.2375,training_batch,,,
seed,traditional_ppo,传统PPO,42,1224,7104,0.200255102041,training_batch,,,
seed,traditional_ppo,传统PPO,42,1240,7191,0.26953125,training_batch,,,
seed,traditional_ppo,传统PPO,42,1256,7294,0.2796875,training_batch,,,
seed,traditional_ppo,传统PPO,42,1272,7393,0.223214285714,training_batch,,,
seed,traditional_ppo,传统PPO,42,1288,7482,0.2890625,training_batch,,,
seed,traditional_ppo,传统PPO,42,1304,7584,0.2765625,training_batch,,,
seed,traditional_ppo,传统PPO,42,1320,7688,0.237244897959,training_batch,,,
seed,traditional_ppo,传统PPO,42,1336,7768,0.2578125,training_batch,,,
seed,traditional_ppo,传统PPO,42,1352,7857,0.2296875,training_batch,,,
seed,traditional_ppo,传统PPO,42,1368,7960,0.227040816327,training_batch,,,
seed,traditional_ppo,传统PPO,42,1384,8057,0.322265625,training_batch,,,
seed,traditional_ppo,传统PPO,42,1400,8155,0.2515625,training_batch,,,
seed,traditional_ppo,传统PPO,42,1416,8256,0.241071428571,training_batch,,,
seed,traditional_ppo,传统PPO,42,1432,8338,0.275390625,training_batch,,,
seed,traditional_ppo,传统PPO,42,1448,8441,0.275,training_batch,,,
seed,traditional_ppo,传统PPO,42,1464,8555,0.25,training_batch,,,
seed,traditional_ppo,传统PPO,42,1480,8635,0.26171875,training_batch,,,
seed,traditional_ppo,传统PPO,42,1496,8739,0.28125,training_batch,,,
seed,traditional_ppo,传统PPO,42,1500,8762,0.214285714286,training_batch,,,
seed,traditional_ppo,传统PPO,42,1516,8848,0.265625,training_batch,,,
seed,traditional_ppo,传统PPO,42,1532,8930,0.2203125,training_batch,,,
seed,traditional_ppo,传统PPO,42,1548,9024,0.205357142857,training_batch,,,
seed,traditional_ppo,传统PPO,42,1564,9106,0.25,training_batch,,,
seed,traditional_ppo,传统PPO,42,1580,9186,0.2125,training_batch,,,
seed,traditional_ppo,传统PPO,42,1596,9289,0.230867346939,training_batch,,,
seed,traditional_ppo,传统PPO,42,1612,9380,0.298828125,training_batch,,,
seed,traditional_ppo,传统PPO,42,1628,9482,0.3,training_batch,,,
seed,traditional_ppo,传统PPO,42,1644,9562,0.174744897959,training_batch,,,
seed,traditional_ppo,传统PPO,42,1660,9655,0.291015625,training_batch,,,
seed,traditional_ppo,传统PPO,42,1676,9745,0.24375,training_batch,,,
seed,traditional_ppo,传统PPO,42,1692,9847,0.247448979592,training_batch,,,
seed,traditional_ppo,传统PPO,42,1708,9950,0.337890625,training_batch,,,
seed,traditional_ppo,传统PPO,42,1724,10060,0.296875,training_batch,,,
seed,traditional_ppo,传统PPO,42,1740,10158,0.230867346939,training_batch,,,
seed,traditional_ppo,传统PPO,42,1756,10246,0.294921875,training_batch,,,
seed,traditional_ppo,传统PPO,42,1772,10335,0.2390625,training_batch,,,
seed,traditional_ppo,传统PPO,42,1788,10437,0.228316326531,training_batch,,,
seed,traditional_ppo,传统PPO,42,1804,10536,0.34765625,training_batch,,,
seed,traditional_ppo,传统PPO,42,1820,10638,0.2640625,training_batch,,,
seed,traditional_ppo,传统PPO,42,1836,10744,0.239795918367,training_batch,,,
seed,traditional_ppo,传统PPO,42,1852,10840,0.310546875,training_batch,,,
seed,traditional_ppo,传统PPO,42,1868,10946,0.2890625,training_batch,,,
seed,traditional_ppo,传统PPO,42,1884,11039,0.213010204082,training_batch,,,
seed,traditional_ppo,传统PPO,42,1900,11123,0.26953125,training_batch,,,
seed,traditional_ppo,传统PPO,42,1916,11219,0.2515625,training_batch,,,
seed,traditional_ppo,传统PPO,42,1932,11328,0.257653061224,training_batch,,,
seed,traditional_ppo,传统PPO,42,1948,11414,0.275390625,training_batch,,,
seed,traditional_ppo,传统PPO,42,1964,11512,0.275,training_batch,,,
seed,traditional_ppo,传统PPO,42,1980,11617,0.233418367347,training_batch,,,
seed,traditional_ppo,传统PPO,42,1996,11701,0.259765625,training_batch,,,
seed,traditional_ppo,传统PPO,42,2000,11726,0.2375,training_batch,,,
seed,traditional_ppo,传统PPO,42,2016,11831,0.248724489796,training_batch,,,
seed,traditional_ppo,传统PPO,42,2032,11921,0.310546875,training_batch,,,
seed,traditional_ppo,传统PPO,42,2048,12001,0.20625,training_batch,,,
seed,traditional_ppo,传统PPO,42,2064,12114,0.269132653061,training_batch,,,
seed,traditional_ppo,传统PPO,42,2080,12202,0.29296875,training_batch,,,
seed,traditional_ppo,传统PPO,42,2096,12299,0.275,training_batch,,,
seed,traditional_ppo,传统PPO,42,2112,12398,0.218112244898,training_batch,,,
seed,traditional_ppo,传统PPO,42,2128,12496,0.326171875,training_batch,,,
seed,traditional_ppo,传统PPO,42,2144,12592,0.2640625,training_batch,,,
seed,traditional_ppo,传统PPO,42,2160,12690,0.234693877551,training_batch,,,
seed,traditional_ppo,传统PPO,42,2176,12785,0.328125,training_batch,,,
seed,traditional_ppo,传统PPO,42,2192,12887,0.2875,training_batch,,,
seed,traditional_ppo,传统PPO,42,2208,12991,0.234693877551,training_batch,,,
seed,traditional_ppo,传统PPO,42,2224,13082,0.30859375,training_batch,,,
seed,traditional_ppo,传统PPO,42,2240,13181,0.2625,training_batch,,,
seed,traditional_ppo,传统PPO,42,2256,13282,0.22193877551,training_batch,,,
seed,traditional_ppo,传统PPO,42,2272,13374,0.298828125,training_batch,,,
seed,traditional_ppo,传统PPO,42,2288,13473,0.2671875,training_batch,,,
seed,traditional_ppo,传统PPO,42,2304,13567,0.210459183673,training_batch,,,
seed,traditional_ppo,传统PPO,42,2320,13650,0.287109375,training_batch,,,
seed,traditional_ppo,传统PPO,42,2336,13737,0.246875,training_batch,,,
seed,traditional_ppo,传统PPO,42,2352,13825,0.204081632653,training_batch,,,
seed,traditional_ppo,传统PPO,42,2368,13929,0.359375,training_batch,,,
seed,traditional_ppo,传统PPO,42,2384,14028,0.2625,training_batch,,,
seed,traditional_ppo,传统PPO,42,2400,14132,0.257653061224,training_batch,,,
seed,traditional_ppo,传统PPO,42,2416,14212,0.25390625,training_batch,,,
seed,traditional_ppo,传统PPO,42,2432,14305,0.2375,training_batch,,,
seed,traditional_ppo,传统PPO,42,2448,14413,0.261479591837,training_batch,,,
seed,traditional_ppo,传统PPO,42,2464,14506,0.294921875,training_batch,,,
seed,traditional_ppo,传统PPO,42,2480,14608,0.28125,training_batch,,,
seed,traditional_ppo,传统PPO,42,2496,14713,0.247448979592,training_batch,,,
seed,traditional_ppo,传统PPO,42,2500,14738,0.3125,training_batch,,,
seed,traditional_ppo,传统PPO,42,2516,14829,0.2375,training_batch,,,
seed,traditional_ppo,传统PPO,42,2532,14934,0.242346938776,training_batch,,,
seed,traditional_ppo,传统PPO,42,2548,15038,0.33203125,training_batch,,,
seed,traditional_ppo,传统PPO,42,2564,15129,0.2421875,training_batch,,,
seed,traditional_ppo,传统PPO,42,2580,15233,0.225765306122,training_batch,,,
seed,traditional_ppo,传统PPO,42,2596,15320,0.28515625,training_batch,,,
seed,traditional_ppo,传统PPO,42,2612,15418,0.265625,training_batch,,,
seed,traditional_ppo,传统PPO,42,2628,15521,0.248724489796,training_batch,,,
seed,traditional_ppo,传统PPO,42,2644,15610,0.306640625,training_batch,,,
seed,traditional_ppo,传统PPO,42,2660,15697,0.2546875,training_batch,,,
seed,traditional_ppo,传统PPO,42,2676,15794,0.22193877551,training_batch,,,
seed,traditional_ppo,传统PPO,42,2692,15884,0.294921875,training_batch,,,
seed,traditional_ppo,传统PPO,42,2708,15978,0.259375,training_batch,,,
seed,traditional_ppo,传统PPO,42,2724,16087,0.248724489796,training_batch,,,
seed,traditional_ppo,传统PPO,42,2740,16181,0.296875,training_batch,,,
seed,traditional_ppo,传统PPO,42,2756,16279,0.2671875,training_batch,,,
seed,traditional_ppo,传统PPO,42,2772,16384,0.24362244898,training_batch,,,
seed,traditional_ppo,传统PPO,42,2788,16478,0.298828125,training_batch,,,
seed,traditional_ppo,传统PPO,42,2804,16584,0.29375,training_batch,,,
seed,traditional_ppo,传统PPO,42,2820,16679,0.213010204082,training_batch,,,
seed,traditional_ppo,传统PPO,42,2836,16770,0.30859375,training_batch,,,
seed,traditional_ppo,传统PPO,42,2852,16865,0.246875,training_batch,,,
seed,traditional_ppo,传统PPO,42,2868,16968,0.241071428571,training_batch,,,
seed,traditional_ppo,传统PPO,42,2884,17048,0.25,training_batch,,,
seed,traditional_ppo,传统PPO,42,2900,17154,0.3078125,training_batch,,,
seed,traditional_ppo,传统PPO,42,2916,17246,0.202806122449,training_batch,,,
seed,traditional_ppo,传统PPO,42,2932,17345,0.31640625,training_batch,,,
seed,traditional_ppo,传统PPO,42,2948,17438,0.25625,training_batch,,,
seed,traditional_ppo,传统PPO,42,2964,17539,0.229591836735,training_batch,,,
seed,traditional_ppo,传统PPO,42,2980,17630,0.302734375,training_batch,,,
seed,traditional_ppo,传统PPO,42,2996,17727,0.2546875,training_batch,,,
seed,traditional_ppo,传统PPO,42,3000,17753,0.275510204082,training_batch,,,
seed,traditional_ppo,传统PPO,43,16,69,0.201171875,training_batch,,,
seed,traditional_ppo,传统PPO,43,32,146,0.18125,training_batch,,,
seed,traditional_ppo,传统PPO,43,48,224,0.167091836735,training_batch,,,
seed,traditional_ppo,传统PPO,43,64,297,0.216796875,training_batch,,,
seed,traditional_ppo,传统PPO,43,80,376,0.1875,training_batch,,,
seed,traditional_ppo,传统PPO,43,96,450,0.154336734694,training_batch,,,
seed,traditional_ppo,传统PPO,43,112,525,0.220703125,training_batch,,,
seed,traditional_ppo,传统PPO,43,128,610,0.2203125,training_batch,,,
seed,traditional_ppo,传统PPO,43,144,705,0.211734693878,training_batch,,,
seed,traditional_ppo,传统PPO,43,160,786,0.267578125,training_batch,,,
seed,traditional_ppo,传统PPO,43,176,863,0.190625,training_batch,,,
seed,traditional_ppo,传统PPO,43,192,960,0.214285714286,training_batch,,,
seed,traditional_ppo,传统PPO,43,208,1031,0.2109375,training_batch,,,
seed,traditional_ppo,传统PPO,43,224,1124,0.2375,training_batch,,,
seed,traditional_ppo,传统PPO,43,240,1212,0.195153061224,training_batch,,,
seed,traditional_ppo,传统PPO,43,250,1270,0.284375,training_batch,,,
seed,traditional_ppo,传统PPO,43,266,1365,0.25625,training_batch,,,
seed,traditional_ppo,传统PPO,43,282,1460,0.211734693878,training_batch,,,
seed,traditional_ppo,传统PPO,43,298,1549,0.28515625,training_batch,,,
seed,traditional_ppo,传统PPO,43,314,1654,0.2765625,training_batch,,,
seed,traditional_ppo,传统PPO,43,330,1745,0.200255102041,training_batch,,,
seed,traditional_ppo,传统PPO,43,346,1830,0.26953125,training_batch,,,
seed,traditional_ppo,传统PPO,43,362,1927,0.2546875,training_batch,,,
seed,traditional_ppo,传统PPO,43,378,2027,0.224489795918,training_batch,,,
seed,traditional_ppo,传统PPO,43,394,2117,0.2890625,training_batch,,,
seed,traditional_ppo,传统PPO,43,410,2213,0.2515625,training_batch,,,
seed,traditional_ppo,传统PPO,43,426,2314,0.220663265306,training_batch,,,
seed,traditional_ppo,传统PPO,43,442,2403,0.28125,training_batch,,,
seed,traditional_ppo,传统PPO,43,458,2492,0.253125,training_batch,,,
seed,traditional_ppo,传统PPO,43,474,2581,0.202806122449,training_batch,,,
seed,traditional_ppo,传统PPO,43,490,2677,0.33203125,training_batch,,,
seed,traditional_ppo,传统PPO,43,500,2732,0.245,training_batch,,,
seed,traditional_ppo,传统PPO,43,516,2827,0.204081632653,training_batch,,,
seed,traditional_ppo,传统PPO,43,532,2914,0.296875,training_batch,,,
seed,traditional_ppo,传统PPO,43,548,3001,0.2296875,training_batch,,,
seed,traditional_ppo,传统PPO,43,564,3093,0.216836734694,training_batch,,,
seed,traditional_ppo,传统PPO,43,580,3185,0.28515625,training_batch,,,
seed,traditional_ppo,传统PPO,43,596,3274,0.23125,training_batch,,,
seed,traditional_ppo,传统PPO,43,612,3359,0.183673469388,training_batch,,,
seed,traditional_ppo,传统PPO,43,628,3448,0.296875,training_batch,,,
seed,traditional_ppo,传统PPO,43,644,3547,0.2640625,training_batch,,,
seed,traditional_ppo,传统PPO,43,660,3643,0.207908163265,training_batch,,,
seed,traditional_ppo,传统PPO,43,676,3725,0.28515625,training_batch,,,
seed,traditional_ppo,传统PPO,43,692,3824,0.2640625,training_batch,,,
seed,traditional_ppo,传统PPO,43,708,3927,0.235969387755,training_batch,,,
seed,traditional_ppo,传统PPO,43,724,4013,0.26953125,training_batch,,,
seed,traditional_ppo,传统PPO,43,740,4122,0.29375,training_batch,,,
seed,traditional_ppo,传统PPO,43,756,4203,0.169642857143,training_batch,,,
seed,traditional_ppo,传统PPO,43,772,4307,0.349609375,training_batch,,,
seed,traditional_ppo,传统PPO,43,788,4396,0.25,training_batch,,,
seed,traditional_ppo,传统PPO,43,804,4490,0.209183673469,training_batch,,,
seed,traditional_ppo,传统PPO,43,820,4576,0.275390625,training_batch,,,
seed,traditional_ppo,传统PPO,43,836,4671,0.2609375,training_batch,,,
seed,traditional_ppo,传统PPO,43,852,4791,0.28443877551,training_batch,,,
seed,traditional_ppo,传统PPO,43,868,4872,0.283203125,training_batch,,,
seed,traditional_ppo,传统PPO,43,884,4973,0.28125,training_batch,,,
seed,traditional_ppo,传统PPO,43,900,5078,0.238520408163,training_batch,,,
seed,traditional_ppo,传统PPO,43,916,5171,0.3046875,training_batch,,,
seed,traditional_ppo,传统PPO,43,932,5264,0.2515625,training_batch,,,
seed,traditional_ppo,传统PPO,43,948,5358,0.201530612245,training_batch,,,
seed,traditional_ppo,传统PPO,43,964,5446,0.28515625,training_batch,,,
seed,traditional_ppo,传统PPO,43,980,5544,0.2546875,training_batch,,,
seed,traditional_ppo,传统PPO,43,996,5647,0.24362244898,training_batch,,,
seed,traditional_ppo,传统PPO,43,1000,5668,0.265625,training_batch,,,
seed,traditional_ppo,传统PPO,43,1016,5760,0.2375,training_batch,,,
seed,traditional_ppo,传统PPO,43,1032,5862,0.229591836735,training_batch,,,
seed,traditional_ppo,传统PPO,43,1048,5946,0.271484375,training_batch,,,
seed,traditional_ppo,传统PPO,43,1064,6031,0.221875,training_batch,,,
seed,traditional_ppo,传统PPO,43,1080,6133,0.219387755102,training_batch,,,
seed,traditional_ppo,传统PPO,43,1096,6232,0.35546875,training_batch,,,
seed,traditional_ppo,传统PPO,43,1112,6325,0.2515625,training_batch,,,
seed,traditional_ppo,传统PPO,43,1128,6430,0.242346938776,training_batch,,,
seed,traditional_ppo,传统PPO,43,1144,6517,0.294921875,training_batch,,,
seed,traditional_ppo,传统PPO,43,1160,6604,0.2140625,training_batch,,,
seed,traditional_ppo,传统PPO,43,1176,6705,0.218112244898,training_batch,,,
seed,traditional_ppo,传统PPO,43,1192,6802,0.310546875,training_batch,,,
seed,traditional_ppo,传统PPO,43,1208,6899,0.2765625,training_batch,,,
seed,traditional_ppo,传统PPO,43,1224,6995,0.227040816327,training_batch,,,
seed,traditional_ppo,传统PPO,43,1240,7088,0.279296875,training_batch,,,
seed,traditional_ppo,传统PPO,43,1256,7180,0.2421875,training_batch,,,
seed,traditional_ppo,传统PPO,43,1272,7268,0.201530612245,training_batch,,,
seed,traditional_ppo,传统PPO,43,1288,7346,0.263671875,training_batch,,,
seed,traditional_ppo,传统PPO,43,1304,7447,0.278125,training_batch,,,
seed,traditional_ppo,传统PPO,43,1320,7555,0.232142857143,training_batch,,,
seed,traditional_ppo,传统PPO,43,1336,7641,0.279296875,training_batch,,,
seed,traditional_ppo,传统PPO,43,1352,7725,0.24375,training_batch,,,
seed,traditional_ppo,传统PPO,43,1368,7827,0.237244897959,training_batch,,,
seed,traditional_ppo,传统PPO,43,1384,7909,0.2734375,training_batch,,,
seed,traditional_ppo,传统PPO,43,1400,8012,0.2859375,training_batch,,,
seed,traditional_ppo,传统PPO,43,1416,8123,0.257653061224,training_batch,,,
seed,traditional_ppo,传统PPO,43,1432,8218,0.32421875,training_batch,,,
seed,traditional_ppo,传统PPO,43,1448,8322,0.2765625,training_batch,,,
seed,traditional_ppo,传统PPO,43,1464,8421,0.224489795918,training_batch,,,
seed,traditional_ppo,传统PPO,43,1480,8516,0.3046875,training_batch,,,
seed,traditional_ppo,传统PPO,43,1496,8611,0.275,training_batch,,,
seed,traditional_ppo,传统PPO,43,1500,8639,0.270408163265,training_batch,,,
seed,traditional_ppo,传统PPO,43,1516,8731,0.30078125,training_batch,,,
seed,traditional_ppo,传统PPO,43,1532,8837,0.275,training_batch,,,
seed,traditional_ppo,传统PPO,43,1548,8955,0.28443877551,training_batch,,,
seed,traditional_ppo,传统PPO,43,1564,9037,0.26171875,training_batch,,,
seed,traditional_ppo,传统PPO,43,1580,9131,0.2546875,training_batch,,,
seed,traditional_ppo,传统PPO,43,1596,9243,0.270408163265,training_batch,,,
seed,traditional_ppo,传统PPO,43,1612,9342,0.333984375,training_batch,,,
seed,traditional_ppo,传统PPO,43,1628,9434,0.2484375,training_batch,,,
seed,traditional_ppo,传统PPO,43,1644,9530,0.225765306122,training_batch,,,
seed,traditional_ppo,传统PPO,43,1660,9619,0.296875,training_batch,,,
seed,traditional_ppo,传统PPO,43,1676,9719,0.271875,training_batch,,,
seed,traditional_ppo,传统PPO,43,1692,9802,0.183673469388,training_batch,,,
seed,traditional_ppo,传统PPO,43,1708,9903,0.322265625,training_batch,,,
seed,traditional_ppo,传统PPO,43,1724,9993,0.2296875,training_batch,,,
seed,traditional_ppo,传统PPO,43,1740,10092,0.219387755102,training_batch,,,
seed,traditional_ppo,传统PPO,43,1756,10188,0.330078125,training_batch,,,
seed,traditional_ppo,传统PPO,43,1772,10282,0.2546875,training_batch,,,
seed,traditional_ppo,传统PPO,43,1788,10379,0.232142857143,training_batch,,,
seed,traditional_ppo,传统PPO,43,1804,10470,0.302734375,training_batch,,,
seed,traditional_ppo,传统PPO,43,1820,10567,0.2734375,training_batch,,,
seed,traditional_ppo,传统PPO,43,1836,10661,0.210459183673,training_batch,,,
seed,traditional_ppo,传统PPO,43,1852,10747,0.29296875,training_batch,,,
seed,traditional_ppo,传统PPO,43,1868,10845,0.259375,training_batch,,,
seed,traditional_ppo,传统PPO,43,1884,10956,0.266581632653,training_batch,,,
seed,traditional_ppo,传统PPO,43,1900,11046,0.275390625,training_batch,,,
seed,traditional_ppo,传统PPO,43,1916,11139,0.25625,training_batch,,,
seed,traditional_ppo,传统PPO,43,1932,11233,0.219387755102,training_batch,,,
seed,traditional_ppo,传统PPO,43,1948,11321,0.275390625,training_batch,,,
seed,traditional_ppo,传统PPO,43,1964,11413,0.2421875,training_batch,,,
seed,traditional_ppo,传统PPO,43,1980,11501,0.184948979592,training_batch,,,
seed,traditional_ppo,传统PPO,43,1996,11587,0.27734375,training_batch,,,
seed,traditional_ppo,传统PPO,43,2000,11614,0.28125,training_batch,,,
seed,traditional_ppo,传统PPO,43,2016,11716,0.213010204082,training_batch,,,
seed,traditional_ppo,传统PPO,43,2032,11807,0.298828125,training_batch,,,
seed,traditional_ppo,传统PPO,43,2048,11902,0.259375,training_batch,,,
seed,traditional_ppo,传统PPO,43,2064,12005,0.241071428571,training_batch,,,
seed,traditional_ppo,传统PPO,43,2080,12093,0.283203125,training_batch,,,
seed,traditional_ppo,传统PPO,43,2096,12191,0.2859375,training_batch,,,
seed,traditional_ppo,传统PPO,43,2112,12301,0.261479591837,training_batch,,,
seed,traditional_ppo,传统PPO,43,2128,12381,0.2578125,training_batch,,,
seed,traditional_ppo,传统PPO,43,2144,12471,0.2484375,training_batch,,,
seed,traditional_ppo,传统PPO,43,2160,12566,0.201530612245,training_batch,,,
seed,traditional_ppo,传统PPO,43,2176,12650,0.271484375,training_batch,,,
seed,traditional_ppo,传统PPO,43,2192,12744,0.2546875,training_batch,,,
seed,traditional_ppo,传统PPO,43,2208,12847,0.232142857143,training_batch,,,
seed,traditional_ppo,传统PPO,43,2224,12944,0.314453125,training_batch,,,
seed,traditional_ppo,传统PPO,43,2240,13047,0.275,training_batch,,,
seed,traditional_ppo,传统PPO,43,2256,13153,0.25637755102,training_batch,,,
seed,traditional_ppo,传统PPO,43,2272,13238,0.265625,training_batch,,,
seed,traditional_ppo,传统PPO,43,2288,13342,0.3,training_batch,,,
seed,traditional_ppo,传统PPO,43,2304,13437,0.233418367347,training_batch,,,
seed,traditional_ppo,传统PPO,43,2320,13544,0.357421875,training_batch,,,
seed,traditional_ppo,传统PPO,43,2336,13640,0.2609375,training_batch,,,
seed,traditional_ppo,传统PPO,43,2352,13745,0.244897959184,training_batch,,,
seed,traditional_ppo,传统PPO,43,2368,13832,0.291015625,training_batch,,,
seed,traditional_ppo,传统PPO,43,2384,13934,0.2828125,training_batch,,,
seed,traditional_ppo,传统PPO,43,2400,14040,0.257653061224,training_batch,,,
seed,traditional_ppo,传统PPO,43,2416,14135,0.31640625,training_batch,,,
seed,traditional_ppo,传统PPO,43,2432,14236,0.2625,training_batch,,,
seed,traditional_ppo,传统PPO,43,2448,14334,0.205357142857,training_batch,,,
seed,traditional_ppo,传统PPO,43,2464,14427,0.298828125,training_batch,,,
seed,traditional_ppo,传统PPO,43,2480,14514,0.225,training_batch,,,
seed,traditional_ppo,传统PPO,43,2496,14614,0.223214285714,training_batch,,,
seed,traditional_ppo,传统PPO,43,2500,14638,0.3046875,training_batch,,,
seed,traditional_ppo,传统PPO,43,2516,14729,0.25,training_batch,,,
seed,traditional_ppo,传统PPO,43,2532,14826,0.224489795918,training_batch,,,
seed,traditional_ppo,传统PPO,43,2548,14922,0.3359375,training_batch,,,
seed,traditional_ppo,传统PPO,43,2564,15027,0.28125,training_batch,,,
seed,traditional_ppo,传统PPO,43,2580,15133,0.247448979592,training_batch,,,
seed,traditional_ppo,传统PPO,43,2596,15226,0.296875,training_batch,,,
seed,traditional_ppo,传统PPO,43,2612,15319,0.240625,training_batch,,,
seed,traditional_ppo,传统PPO,43,2628,15410,0.207908163265,training_batch,,,
seed,traditional_ppo,传统PPO,43,2644,15504,0.3046875,training_batch,,,
seed,traditional_ppo,传统PPO,43,2660,15608,0.290625,training_batch,,,
seed,traditional_ppo,传统PPO,43,2676,15709,0.224489795918,training_batch,,,
seed,traditional_ppo,传统PPO,43,2692,15798,0.3046875,training_batch,,,
seed,traditional_ppo,传统PPO,43,2708,15904,0.2875,training_batch,,,
seed,traditional_ppo,传统PPO,43,2724,16017,0.261479591837,training_batch,,,
seed,traditional_ppo,传统PPO,43,2740,16107,0.283203125,training_batch,,,
seed,traditional_ppo,传统PPO,43,2756,16210,0.2953125,training_batch,,,
seed,traditional_ppo,传统PPO,43,2772,16305,0.216836734694,training_batch,,,
seed,traditional_ppo,传统PPO,43,2788,16398,0.310546875,training_batch,,,
seed,traditional_ppo,传统PPO,43,2804,16505,0.3015625,training_batch,,,
seed,traditional_ppo,传统PPO,43,2820,16611,0.257653061224,training_batch,,,
seed,traditional_ppo,传统PPO,43,2836,16703,0.306640625,training_batch,,,
seed,traditional_ppo,传统PPO,43,2852,16796,0.2484375,training_batch,,,
seed,traditional_ppo,传统PPO,43,2868,16908,0.257653061224,training_batch,,,
seed,traditional_ppo,传统PPO,43,2884,17004,0.31640625,training_batch,,,
seed,traditional_ppo,传统PPO,43,2900,17099,0.2484375,training_batch,,,
seed,traditional_ppo,传统PPO,43,2916,17206,0.248724489796,training_batch,,,
seed,traditional_ppo,传统PPO,43,2932,17294,0.30859375,training_batch,,,
seed,traditional_ppo,传统PPO,43,2948,17392,0.25625,training_batch,,,
seed,traditional_ppo,传统PPO,43,2964,17490,0.219387755102,training_batch,,,
seed,traditional_ppo,传统PPO,43,2980,17573,0.26953125,training_batch,,,
seed,traditional_ppo,传统PPO,43,2996,17679,0.3,training_batch,,,
seed,traditional_ppo,传统PPO,43,3000,17702,0.19387755102,training_batch,,,
seed,traditional_ppo,传统PPO,44,16,80,0.26953125,training_batch,,,
seed,traditional_ppo,传统PPO,44,32,153,0.1765625,training_batch,,,
seed,traditional_ppo,传统PPO,44,48,235,0.173469387755,training_batch,,,
seed,traditional_ppo,传统PPO,44,64,327,0.306640625,training_batch,,,
seed,traditional_ppo,传统PPO,44,80,410,0.2171875,training_batch,,,
seed,traditional_ppo,传统PPO,44,96,500,0.188775510204,training_batch,,,
seed,traditional_ppo,传统PPO,44,112,557,0.158203125,training_batch,,,
seed,traditional_ppo,传统PPO,44,128,634,0.1953125,training_batch,,,
seed,traditional_ppo,传统PPO,44,144,733,0.216836734694,training_batch,,,
seed,traditional_ppo,传统PPO,44,160,826,0.287109375,training_batch,,,
seed,traditional_ppo,传统PPO,44,176,902,0.1953125,training_batch,,,
seed,traditional_ppo,传统PPO,44,192,989,0.192602040816,training_batch,,,
seed,traditional_ppo,传统PPO,44,208,1061,0.21484375,training_batch,,,
seed,traditional_ppo,传统PPO,44,224,1147,0.23125,training_batch,,,
seed,traditional_ppo,传统PPO,44,240,1241,0.201530612245,training_batch,,,
seed,traditional_ppo,传统PPO,44,250,1292,0.26875,training_batch,,,
seed,traditional_ppo,传统PPO,44,266,1371,0.2046875,training_batch,,,
seed,traditional_ppo,传统PPO,44,282,1468,0.213010204082,training_batch,,,
seed,traditional_ppo,传统PPO,44,298,1562,0.30859375,training_batch,,,
seed,traditional_ppo,传统PPO,44,314,1650,0.246875,training_batch,,,
seed,traditional_ppo,传统PPO,44,330,1736,0.18112244898,training_batch,,,
seed,traditional_ppo,传统PPO,44,346,1816,0.2578125,training_batch,,,
seed,traditional_ppo,传统PPO,44,362,1905,0.253125,training_batch,,,
seed,traditional_ppo,传统PPO,44,378,1998,0.211734693878,training_batch,,,
seed,traditional_ppo,传统PPO,44,394,2078,0.224609375,training_batch,,,
seed,traditional_ppo,传统PPO,44,410,2188,0.296875,training_batch,,,
seed,traditional_ppo,传统PPO,44,426,2285,0.219387755102,training_batch,,,
seed,traditional_ppo,传统PPO,44,442,2367,0.265625,training_batch,,,
seed,traditional_ppo,传统PPO,44,458,2463,0.2609375,training_batch,,,
seed,traditional_ppo,传统PPO,44,474,2554,0.201530612245,training_batch,,,
seed,traditional_ppo,传统PPO,44,490,2641,0.29296875,training_batch,,,
seed,traditional_ppo,传统PPO,44,500,2697,0.2325,training_batch,,,
seed,traditional_ppo,传统PPO,44,516,2797,0.224489795918,training_batch,,,
seed,traditional_ppo,传统PPO,44,532,2879,0.24609375,training_batch,,,
seed,traditional_ppo,传统PPO,44,548,2976,0.259375,training_batch,,,
seed,traditional_ppo,传统PPO,44,564,3072,0.205357142857,training_batch,,,
seed,traditional_ppo,传统PPO,44,580,3155,0.263671875,training_batch,,,
seed,traditional_ppo,传统PPO,44,596,3261,0.278125,training_batch,,,
seed,traditional_ppo,传统PPO,44,612,3371,0.255102040816,training_batch,,,
seed,traditional_ppo,传统PPO,44,628,3452,0.255859375,training_batch,,,
seed,traditional_ppo,传统PPO,44,644,3545,0.2546875,training_batch,,,
seed,traditional_ppo,传统PPO,44,660,3642,0.214285714286,training_batch,,,
seed,traditional_ppo,传统PPO,44,676,3733,0.28515625,training_batch,,,
seed,traditional_ppo,传统PPO,44,692,3822,0.2296875,training_batch,,,
seed,traditional_ppo,传统PPO,44,708,3919,0.216836734694,training_batch,,,
seed,traditional_ppo,传统PPO,44,724,4002,0.263671875,training_batch,,,
seed,traditional_ppo,传统PPO,44,740,4097,0.25,training_batch,,,
seed,traditional_ppo,传统PPO,44,756,4192,0.214285714286,training_batch,,,
seed,traditional_ppo,传统PPO,44,772,4281,0.30859375,training_batch,,,
seed,traditional_ppo,传统PPO,44,788,4380,0.2640625,training_batch,,,
seed,traditional_ppo,传统PPO,44,804,4478,0.227040816327,training_batch,,,
seed,traditional_ppo,传统PPO,44,820,4572,0.28515625,training_batch,,,
seed,traditional_ppo,传统PPO,44,836,4671,0.2625,training_batch,,,
seed,traditional_ppo,传统PPO,44,852,4773,0.232142857143,training_batch,,,
seed,traditional_ppo,传统PPO,44,868,4857,0.2890625,training_batch,,,
seed,traditional_ppo,传统PPO,44,884,4950,0.221875,training_batch,,,
seed,traditional_ppo,传统PPO,44,900,5046,0.210459183673,training_batch,,,
seed,traditional_ppo,传统PPO,44,916,5137,0.29296875,training_batch,,,
seed,traditional_ppo,传统PPO,44,932,5228,0.2625,training_batch,,,
seed,traditional_ppo,传统PPO,44,948,5329,0.230867346939,training_batch,,,
seed,traditional_ppo,传统PPO,44,964,5426,0.30078125,training_batch,,,
seed,traditional_ppo,传统PPO,44,980,5517,0.2375,training_batch,,,
seed,traditional_ppo,传统PPO,44,996,5618,0.238520408163,training_batch,,,
seed,traditional_ppo,传统PPO,44,1000,5647,0.4140625,training_batch,,,
seed,traditional_ppo,传统PPO,44,1016,5749,0.2796875,training_batch,,,
seed,traditional_ppo,传统PPO,44,1032,5848,0.21556122449,training_batch,,,
seed,traditional_ppo,传统PPO,44,1048,5932,0.279296875,training_batch,,,
seed,traditional_ppo,传统PPO,44,1064,6034,0.265625,training_batch,,,
seed,traditional_ppo,传统PPO,44,1080,6142,0.234693877551,training_batch,,,
seed,traditional_ppo,传统PPO,44,1096,6234,0.279296875,training_batch,,,
seed,traditional_ppo,传统PPO,44,1112,6348,0.296875,training_batch,,,
seed,traditional_ppo,传统PPO,44,1128,6456,0.232142857143,training_batch,,,
seed,traditional_ppo,传统PPO,44,1144,6539,0.26171875,training_batch,,,
seed,traditional_ppo,传统PPO,44,1160,6634,0.2625,training_batch,,,
seed,traditional_ppo,传统PPO,44,1176,6735,0.234693877551,training_batch,,,
seed,traditional_ppo,传统PPO,44,1192,6838,0.341796875,training_batch,,,
seed,traditional_ppo,传统PPO,44,1208,6943,0.28125,training_batch,,,
seed,traditional_ppo,传统PPO,44,1224,7054,0.248724489796,training_batch,,,
seed,traditional_ppo,传统PPO,44,1240,7151,0.333984375,training_batch,,,
seed,traditional_ppo,传统PPO,44,1256,7243,0.246875,training_batch,,,
seed,traditional_ppo,传统PPO,44,1272,7349,0.229591836735,training_batch,,,
seed,traditional_ppo,传统PPO,44,1288,7434,0.283203125,training_batch,,,
seed,traditional_ppo,传统PPO,44,1304,7523,0.246875,training_batch,,,
seed,traditional_ppo,传统PPO,44,1320,7617,0.211734693878,training_batch,,,
seed,traditional_ppo,传统PPO,44,1336,7712,0.326171875,training_batch,,,
seed,traditional_ppo,传统PPO,44,1352,7822,0.3,training_batch,,,
seed,traditional_ppo,传统PPO,44,1368,7919,0.21556122449,training_batch,,,
seed,traditional_ppo,传统PPO,44,1384,8003,0.275390625,training_batch,,,
seed,traditional_ppo,传统PPO,44,1400,8104,0.2546875,training_batch,,,
seed,traditional_ppo,传统PPO,44,1416,8208,0.219387755102,training_batch,,,
seed,traditional_ppo,传统PPO,44,1432,8308,0.33984375,training_batch,,,
seed,traditional_ppo,传统PPO,44,1448,8410,0.26875,training_batch,,,
seed,traditional_ppo,传统PPO,44,1464,8520,0.248724489796,training_batch,,,
seed,traditional_ppo,传统PPO,44,1480,8617,0.30859375,training_batch,,,
seed,traditional_ppo,传统PPO,44,1496,8720,0.2765625,training_batch,,,
seed,traditional_ppo,传统PPO,44,1500,8739,0.168367346939,training_batch,,,
seed,traditional_ppo,传统PPO,44,1516,8827,0.287109375,training_batch,,,
seed,traditional_ppo,传统PPO,44,1532,8915,0.2328125,training_batch,,,
seed,traditional_ppo,传统PPO,44,1548,9015,0.224489795918,training_batch,,,
seed,traditional_ppo,传统PPO,44,1564,9103,0.279296875,training_batch,,,
seed,traditional_ppo,传统PPO,44,1580,9205,0.2765625,training_batch,,,
seed,traditional_ppo,传统PPO,44,1596,9320,0.276785714286,training_batch,,,
seed,traditional_ppo,传统PPO,44,1612,9411,0.298828125,training_batch,,,
seed,traditional_ppo,传统PPO,44,1628,9505,0.2546875,training_batch,,,
seed,traditional_ppo,传统PPO,44,1644,9611,0.261479591837,training_batch,,,
seed,traditional_ppo,传统PPO,44,1660,9689,0.2578125,training_batch,,,
seed,traditional_ppo,传统PPO,44,1676,9784,0.2453125,training_batch,,,
seed,traditional_ppo,传统PPO,44,1692,9894,0.246173469388,training_batch,,,
seed,traditional_ppo,传统PPO,44,1708,9978,0.28125,training_batch,,,
seed,traditional_ppo,传统PPO,44,1724,10080,0.2765625,training_batch,,,
seed,traditional_ppo,传统PPO,44,1740,10193,0.257653061224,training_batch,,,
seed,traditional_ppo,传统PPO,44,1756,10290,0.318359375,training_batch,,,
seed,traditional_ppo,传统PPO,44,1772,10372,0.21875,training_batch,,,
seed,traditional_ppo,传统PPO,44,1788,10472,0.207908163265,training_batch,,,
seed,traditional_ppo,传统PPO,44,1804,10551,0.251953125,training_batch,,,
seed,traditional_ppo,传统PPO,44,1820,10652,0.259375,training_batch,,,
seed,traditional_ppo,传统PPO,44,1836,10745,0.205357142857,training_batch,,,
seed,traditional_ppo,传统PPO,44,1852,10828,0.275390625,training_batch,,,
seed,traditional_ppo,传统PPO,44,1868,10924,0.2625,training_batch,,,
seed,traditional_ppo,传统PPO,44,1884,11016,0.184948979592,training_batch,,,
seed,traditional_ppo,传统PPO,44,1900,11107,0.296875,training_batch,,,
seed,traditional_ppo,传统PPO,44,1916,11200,0.25,training_batch,,,
seed,traditional_ppo,传统PPO,44,1932,11299,0.228316326531,training_batch,,,
seed,traditional_ppo,传统PPO,44,1948,11386,0.279296875,training_batch,,,
seed,traditional_ppo,传统PPO,44,1964,11472,0.2375,training_batch,,,
seed,traditional_ppo,传统PPO,44,1980,11575,0.227040816327,training_batch,,,
seed,traditional_ppo,传统PPO,44,1996,11669,0.306640625,training_batch,,,
seed,traditional_ppo,传统PPO,44,2000,11691,0.20625,training_batch,,,
seed,traditional_ppo,传统PPO,44,2016,11804,0.247448979592,training_batch,,,
seed,traditional_ppo,传统PPO,44,2032,11890,0.283203125,training_batch,,,
seed,traditional_ppo,传统PPO,44,2048,12000,0.3,training_batch,,,
seed,traditional_ppo,传统PPO,44,2064,12102,0.238520408163,training_batch,,,
seed,traditional_ppo,传统PPO,44,2080,12199,0.322265625,training_batch,,,
seed,traditional_ppo,传统PPO,44,2096,12293,0.265625,training_batch,,,
seed,traditional_ppo,传统PPO,44,2112,12402,0.248724489796,training_batch,,,
seed,traditional_ppo,传统PPO,44,2128,12488,0.2890625,training_batch,,,
seed,traditional_ppo,传统PPO,44,2144,12589,0.2796875,training_batch,,,
seed,traditional_ppo,传统PPO,44,2160,12694,0.241071428571,training_batch,,,
seed,traditional_ppo,传统PPO,44,2176,12780,0.27734375,training_batch,,,
seed,traditional_ppo,传统PPO,44,2192,12867,0.2328125,training_batch,,,
seed,traditional_ppo,传统PPO,44,2208,12965,0.228316326531,training_batch,,,
seed,traditional_ppo,传统PPO,44,2224,13050,0.29296875,training_batch,,,
seed,traditional_ppo,传统PPO,44,2240,13139,0.24375,training_batch,,,
seed,traditional_ppo,传统PPO,44,2256,13231,0.204081632653,training_batch,,,
seed,traditional_ppo,传统PPO,44,2272,13332,0.333984375,training_batch,,,
seed,traditional_ppo,传统PPO,44,2288,13426,0.246875,training_batch,,,
seed,traditional_ppo,传统PPO,44,2304,13519,0.204081632653,training_batch,,,
seed,traditional_ppo,传统PPO,44,2320,13616,0.310546875,training_batch,,,
seed,traditional_ppo,传统PPO,44,2336,13728,0.309375,training_batch,,,
seed,traditional_ppo,传统PPO,44,2352,13849,0.266581632653,training_batch,,,
seed,traditional_ppo,传统PPO,44,2368,13942,0.3125,training_batch,,,
seed,traditional_ppo,传统PPO,44,2384,14033,0.25,training_batch,,,
seed,traditional_ppo,传统PPO,44,2400,14141,0.251275510204,training_batch,,,
seed,traditional_ppo,传统PPO,44,2416,14228,0.2890625,training_batch,,,
seed,traditional_ppo,传统PPO,44,2432,14323,0.275,training_batch,,,
seed,traditional_ppo,传统PPO,44,2448,14409,0.192602040816,training_batch,,,
seed,traditional_ppo,传统PPO,44,2464,14493,0.279296875,training_batch,,,
seed,traditional_ppo,传统PPO,44,2480,14592,0.253125,training_batch,,,
seed,traditional_ppo,传统PPO,44,2496,14693,0.214285714286,training_batch,,,
seed,traditional_ppo,传统PPO,44,2500,14713,0.2734375,training_batch,,,
seed,traditional_ppo,传统PPO,44,2516,14814,0.26875,training_batch,,,
seed,traditional_ppo,传统PPO,44,2532,14928,0.252551020408,training_batch,,,
seed,traditional_ppo,传统PPO,44,2548,15009,0.263671875,training_batch,,,
seed,traditional_ppo,传统PPO,44,2564,15112,0.2859375,training_batch,,,
seed,traditional_ppo,传统PPO,44,2580,15228,0.266581632653,training_batch,,,
seed,traditional_ppo,传统PPO,44,2596,15310,0.275390625,training_batch,,,
seed,traditional_ppo,传统PPO,44,2612,15414,0.2875,training_batch,,,
seed,traditional_ppo,传统PPO,44,2628,15521,0.246173469388,training_batch,,,
seed,traditional_ppo,传统PPO,44,2644,15606,0.291015625,training_batch,,,
seed,traditional_ppo,传统PPO,44,2660,15707,0.2703125,training_batch,,,
seed,traditional_ppo,传统PPO,44,2676,15809,0.233418367347,training_batch,,,
seed,traditional_ppo,传统PPO,44,2692,15889,0.263671875,training_batch,,,
seed,traditional_ppo,传统PPO,44,2708,15978,0.2375,training_batch,,,
seed,traditional_ppo,传统PPO,44,2724,16099,0.271683673469,training_batch,,,
seed,traditional_ppo,传统PPO,44,2740,16193,0.302734375,training_batch,,,
seed,traditional_ppo,传统PPO,44,2756,16303,0.3078125,training_batch,,,
seed,traditional_ppo,传统PPO,44,2772,16411,0.251275510204,training_batch,,,
seed,traditional_ppo,传统PPO,44,2788,16501,0.275390625,training_batch,,,
seed,traditional_ppo,传统PPO,44,2804,16599,0.2609375,training_batch,,,
seed,traditional_ppo,传统PPO,44,2820,16709,0.257653061224,training_batch,,,
seed,traditional_ppo,传统PPO,44,2836,16809,0.328125,training_batch,,,
seed,traditional_ppo,传统PPO,44,2852,16916,0.3,training_batch,,,
seed,traditional_ppo,传统PPO,44,2868,17032,0.269132653061,training_batch,,,
seed,traditional_ppo,传统PPO,44,2884,17121,0.3046875,training_batch,,,
seed,traditional_ppo,传统PPO,44,2900,17221,0.278125,training_batch,,,
seed,traditional_ppo,传统PPO,44,2916,17326,0.232142857143,training_batch,,,
seed,traditional_ppo,传统PPO,44,2932,17408,0.26171875,training_batch,,,
seed,traditional_ppo,传统PPO,44,2948,17503,0.2640625,training_batch,,,
seed,traditional_ppo,传统PPO,44,2964,17598,0.202806122449,training_batch,,,
seed,traditional_ppo,传统PPO,44,2980,17678,0.26171875,training_batch,,,
seed,traditional_ppo,传统PPO,44,2996,17772,0.2390625,training_batch,,,
seed,traditional_ppo,传统PPO,44,3000,17796,0.229591836735,training_batch,,,
seed,traditional_ppo,传统PPO,45,16,72,0.21875,training_batch,,,
seed,traditional_ppo,传统PPO,45,32,140,0.171875,training_batch,,,
seed,traditional_ppo,传统PPO,45,48,229,0.196428571429,training_batch,,,
seed,traditional_ppo,传统PPO,45,64,296,0.19140625,training_batch,,,
seed,traditional_ppo,传统PPO,45,80,385,0.2359375,training_batch,,,
seed,traditional_ppo,传统PPO,45,96,478,0.214285714286,training_batch,,,
seed,traditional_ppo,传统PPO,45,112,557,0.2734375,training_batch,,,
seed,traditional_ppo,传统PPO,45,128,647,0.2265625,training_batch,,,
seed,traditional_ppo,传统PPO,45,144,733,0.191326530612,training_batch,,,
seed,traditional_ppo,传统PPO,45,160,797,0.18359375,training_batch,,,
seed,traditional_ppo,传统PPO,45,176,873,0.178125,training_batch,,,
seed,traditional_ppo,传统PPO,45,192,957,0.174744897959,training_batch,,,
seed,traditional_ppo,传统PPO,45,208,1040,0.26953125,training_batch,,,
seed,traditional_ppo,传统PPO,45,224,1118,0.19375,training_batch,,,
seed,traditional_ppo,传统PPO,45,240,1234,0.267857142857,training_batch,,,
seed,traditional_ppo,传统PPO,45,250,1286,0.271875,training_batch,,,
seed,traditional_ppo,传统PPO,45,266,1357,0.171875,training_batch,,,
seed,traditional_ppo,传统PPO,45,282,1442,0.183673469388,training_batch,,,
seed,traditional_ppo,传统PPO,45,298,1526,0.267578125,training_batch,,,
seed,traditional_ppo,传统PPO,45,314,1611,0.2234375,training_batch,,,
seed,traditional_ppo,传统PPO,45,330,1711,0.209183673469,training_batch,,,
seed,traditional_ppo,传统PPO,45,346,1801,0.302734375,training_batch,,,
seed,traditional_ppo,传统PPO,45,362,1893,0.24375,training_batch,,,
seed,traditional_ppo,传统PPO,45,378,1990,0.211734693878,training_batch,,,
seed,traditional_ppo,传统PPO,45,394,2075,0.2890625,training_batch,,,
seed,traditional_ppo,传统PPO,45,410,2175,0.2609375,training_batch,,,
seed,traditional_ppo,传统PPO,45,426,2270,0.201530612245,training_batch,,,
seed,traditional_ppo,传统PPO,45,442,2356,0.28125,training_batch,,,
seed,traditional_ppo,传统PPO,45,458,2454,0.2546875,training_batch,,,
seed,traditional_ppo,传统PPO,45,474,2553,0.22193877551,training_batch,,,
seed,traditional_ppo,传统PPO,45,490,2638,0.271484375,training_batch,,,
seed,traditional_ppo,传统PPO,45,500,2695,0.2375,training_batch,,,
seed,traditional_ppo,传统PPO,45,516,2785,0.210459183673,training_batch,,,
seed,traditional_ppo,传统PPO,45,532,2861,0.248046875,training_batch,,,
seed,traditional_ppo,传统PPO,45,548,2964,0.26875,training_batch,,,
seed,traditional_ppo,传统PPO,45,564,3059,0.21556122449,training_batch,,,
seed,traditional_ppo,传统PPO,45,580,3135,0.234375,training_batch,,,
seed,traditional_ppo,传统PPO,45,596,3232,0.2640625,training_batch,,,
seed,traditional_ppo,传统PPO,45,612,3324,0.196428571429,training_batch,,,
seed,traditional_ppo,传统PPO,45,628,3411,0.30078125,training_batch,,,
seed,traditional_ppo,传统PPO,45,644,3504,0.2546875,training_batch,,,
seed,traditional_ppo,传统PPO,45,660,3604,0.230867346939,training_batch,,,
seed,traditional_ppo,传统PPO,45,676,3699,0.3359375,training_batch,,,
seed,traditional_ppo,传统PPO,45,692,3782,0.209375,training_batch,,,
seed,traditional_ppo,传统PPO,45,708,3870,0.200255102041,training_batch,,,
seed,traditional_ppo,传统PPO,45,724,3957,0.28515625,training_batch,,,
seed,traditional_ppo,传统PPO,45,740,4057,0.25625,training_batch,,,
seed,traditional_ppo,传统PPO,45,756,4158,0.232142857143,training_batch,,,
seed,traditional_ppo,传统PPO,45,772,4249,0.302734375,training_batch,,,
seed,traditional_ppo,传统PPO,45,788,4344,0.2640625,training_batch,,,
seed,traditional_ppo,传统PPO,45,804,4450,0.239795918367,training_batch,,,
seed,traditional_ppo,传统PPO,45,820,4545,0.322265625,training_batch,,,
seed,traditional_ppo,传统PPO,45,836,4654,0.3,training_batch,,,
seed,traditional_ppo,传统PPO,45,852,4747,0.210459183673,training_batch,,,
seed,traditional_ppo,传统PPO,45,868,4828,0.271484375,training_batch,,,
seed,traditional_ppo,传统PPO,45,884,4927,0.2765625,training_batch,,,
seed,traditional_ppo,传统PPO,45,900,5037,0.248724489796,training_batch,,,
seed,traditional_ppo,传统PPO,45,916,5108,0.208984375,training_batch,,,
seed,traditional_ppo,传统PPO,45,932,5209,0.284375,training_batch,,,
seed,traditional_ppo,传统PPO,45,948,5316,0.246173469388,training_batch,,,
seed,traditional_ppo,传统PPO,45,964,5413,0.322265625,training_batch,,,
seed,traditional_ppo,传统PPO,45,980,5495,0.21875,training_batch,,,
seed,traditional_ppo,传统PPO,45,996,5600,0.246173469388,training_batch,,,
seed,traditional_ppo,传统PPO,45,1000,5623,0.296875,training_batch,,,
seed,traditional_ppo,传统PPO,45,1016,5723,0.2703125,training_batch,,,
seed,traditional_ppo,传统PPO,45,1032,5833,0.241071428571,training_batch,,,
seed,traditional_ppo,传统PPO,45,1048,5925,0.328125,training_batch,,,
seed,traditional_ppo,传统PPO,45,1064,6033,0.2859375,training_batch,,,
seed,traditional_ppo,传统PPO,45,1080,6133,0.235969387755,training_batch,,,
seed,traditional_ppo,传统PPO,45,1096,6214,0.263671875,training_batch,,,
seed,traditional_ppo,传统PPO,45,1112,6311,0.2609375,training_batch,,,
seed,traditional_ppo,传统PPO,45,1128,6408,0.22193877551,training_batch,,,
seed,traditional_ppo,传统PPO,45,1144,6504,0.30078125,training_batch,,,
seed,traditional_ppo,传统PPO,45,1160,6602,0.2734375,training_batch,,,
seed,traditional_ppo,传统PPO,45,1176,6708,0.255102040816,training_batch,,,
seed,traditional_ppo,传统PPO,45,1192,6799,0.29296875,training_batch,,,
seed,traditional_ppo,传统PPO,45,1208,6890,0.2390625,training_batch,,,
seed,traditional_ppo,传统PPO,45,1224,6999,0.244897959184,training_batch,,,
seed,traditional_ppo,传统PPO,45,1240,7088,0.30078125,training_batch,,,
seed,traditional_ppo,传统PPO,45,1256,7190,0.2828125,training_batch,,,
seed,traditional_ppo,传统PPO,45,1272,7292,0.214285714286,training_batch,,,
seed,traditional_ppo,传统PPO,45,1288,7381,0.28515625,training_batch,,,
seed,traditional_ppo,传统PPO,45,1304,7483,0.2609375,training_batch,,,
seed,traditional_ppo,传统PPO,45,1320,7588,0.228316326531,training_batch,,,
seed,traditional_ppo,传统PPO,45,1336,7693,0.357421875,training_batch,,,
seed,traditional_ppo,传统PPO,45,1352,7802,0.315625,training_batch,,,
seed,traditional_ppo,传统PPO,45,1368,7900,0.228316326531,training_batch,,,
seed,traditional_ppo,传统PPO,45,1384,7995,0.3046875,training_batch,,,
seed,traditional_ppo,传统PPO,45,1400,8095,0.265625,training_batch,,,
seed,traditional_ppo,传统PPO,45,1416,8201,0.229591836735,training_batch,,,
seed,traditional_ppo,传统PPO,45,1432,8296,0.328125,training_batch,,,
seed,traditional_ppo,传统PPO,45,1448,8393,0.2546875,training_batch,,,
seed,traditional_ppo,传统PPO,45,1464,8496,0.239795918367,training_batch,,,
seed,traditional_ppo,传统PPO,45,1480,8586,0.302734375,training_batch,,,
seed,traditional_ppo,传统PPO,45,1496,8685,0.2609375,training_batch,,,
seed,traditional_ppo,传统PPO,45,1500,8706,0.188775510204,training_batch,,,
seed,traditional_ppo,传统PPO,45,1516,8798,0.314453125,training_batch,,,
seed,traditional_ppo,传统PPO,45,1532,8889,0.2375,training_batch,,,
seed,traditional_ppo,传统PPO,45,1548,8987,0.201530612245,training_batch,,,
seed,traditional_ppo,传统PPO,45,1564,9074,0.27734375,training_batch,,,
seed,traditional_ppo,传统PPO,45,1580,9170,0.259375,training_batch,,,
seed,traditional_ppo,传统PPO,45,1596,9271,0.237244897959,training_batch,,,
seed,traditional_ppo,传统PPO,45,1612,9376,0.349609375,training_batch,,,
seed,traditional_ppo,传统PPO,45,1628,9473,0.25625,training_batch,,,
seed,traditional_ppo,传统PPO,45,1644,9581,0.238520408163,training_batch,,,
seed,traditional_ppo,传统PPO,45,1660,9676,0.3125,training_batch,,,
seed,traditional_ppo,传统PPO,45,1676,9770,0.2375,training_batch,,,
seed,traditional_ppo,传统PPO,45,1692,9872,0.227040816327,training_batch,,,
seed,traditional_ppo,传统PPO,45,1708,9951,0.24609375,training_batch,,,
seed,traditional_ppo,传统PPO,45,1724,10043,0.2359375,training_batch,,,
seed,traditional_ppo,传统PPO,45,1740,10155,0.264030612245,training_batch,,,
seed,traditional_ppo,传统PPO,45,1756,10245,0.287109375,training_batch,,,
seed,traditional_ppo,传统PPO,45,1772,10338,0.240625,training_batch,,,
seed,traditional_ppo,传统PPO,45,1788,10445,0.235969387755,training_batch,,,
seed,traditional_ppo,传统PPO,45,1804,10535,0.294921875,training_batch,,,
seed,traditional_ppo,传统PPO,45,1820,10626,0.234375,training_batch,,,
seed,traditional_ppo,传统PPO,45,1836,10733,0.246173469388,training_batch,,,
seed,traditional_ppo,传统PPO,45,1852,10828,0.310546875,training_batch,,,
seed,traditional_ppo,传统PPO,45,1868,10924,0.246875,training_batch,,,
seed,traditional_ppo,传统PPO,45,1884,11032,0.234693877551,training_batch,,,
seed,traditional_ppo,传统PPO,45,1900,11123,0.291015625,training_batch,,,
seed,traditional_ppo,传统PPO,45,1916,11215,0.2421875,training_batch,,,
seed,traditional_ppo,传统PPO,45,1932,11315,0.227040816327,training_batch,,,
seed,traditional_ppo,传统PPO,45,1948,11404,0.287109375,training_batch,,,
seed,traditional_ppo,传统PPO,45,1964,11507,0.2921875,training_batch,,,
seed,traditional_ppo,传统PPO,45,1980,11611,0.244897959184,training_batch,,,
seed,traditional_ppo,传统PPO,45,1996,11697,0.28515625,training_batch,,,
seed,traditional_ppo,传统PPO,45,2000,11723,0.2375,training_batch,,,
seed,traditional_ppo,传统PPO,45,2016,11836,0.261479591837,training_batch,,,
seed,traditional_ppo,传统PPO,45,2032,11924,0.28515625,training_batch,,,
seed,traditional_ppo,传统PPO,45,2048,12026,0.278125,training_batch,,,
seed,traditional_ppo,传统PPO,45,2064,12132,0.246173469388,training_batch,,,
seed,traditional_ppo,传统PPO,45,2080,12224,0.30859375,training_batch,,,
seed,traditional_ppo,传统PPO,45,2096,12327,0.2734375,training_batch,,,
seed,traditional_ppo,传统PPO,45,2112,12434,0.246173469388,training_batch,,,
seed,traditional_ppo,传统PPO,45,2128,12531,0.314453125,training_batch,,,
seed,traditional_ppo,传统PPO,45,2144,12640,0.2921875,training_batch,,,
seed,traditional_ppo,传统PPO,45,2160,12728,0.197704081633,training_batch,,,
seed,traditional_ppo,传统PPO,45,2176,12828,0.33203125,training_batch,,,
seed,traditional_ppo,传统PPO,45,2192,12919,0.2453125,training_batch,,,
seed,traditional_ppo,传统PPO,45,2208,13032,0.252551020408,training_batch,,,
seed,traditional_ppo,传统PPO,45,2224,13131,0.33984375,training_batch,,,
seed,traditional_ppo,传统PPO,45,2240,13220,0.234375,training_batch,,,
seed,traditional_ppo,传统PPO,45,2256,13329,0.241071428571,training_batch,,,
seed,traditional_ppo,传统PPO,45,2272,13417,0.287109375,training_batch,,,
seed,traditional_ppo,传统PPO,45,2288,13528,0.2984375,training_batch,,,
seed,traditional_ppo,传统PPO,45,2304,13631,0.244897959184,training_batch,,,
seed,traditional_ppo,传统PPO,45,2320,13713,0.251953125,training_batch,,,
seed,traditional_ppo,传统PPO,45,2336,13800,0.2390625,training_batch,,,
seed,traditional_ppo,传统PPO,45,2352,13904,0.233418367347,training_batch,,,
seed,traditional_ppo,传统PPO,45,2368,13989,0.271484375,training_batch,,,
seed,traditional_ppo,传统PPO,45,2384,14083,0.2390625,training_batch,,,
seed,traditional_ppo,传统PPO,45,2400,14178,0.218112244898,training_batch,,,
seed,traditional_ppo,传统PPO,45,2416,14271,0.310546875,training_batch,,,
seed,traditional_ppo,传统PPO,45,2432,14371,0.284375,training_batch,,,
seed,traditional_ppo,传统PPO,45,2448,14473,0.235969387755,training_batch,,,
seed,traditional_ppo,传统PPO,45,2464,14561,0.291015625,training_batch,,,
seed,traditional_ppo,传统PPO,45,2480,14652,0.2375,training_batch,,,
seed,traditional_ppo,传统PPO,45,2496,14753,0.232142857143,training_batch,,,
seed,traditional_ppo,传统PPO,45,2500,14773,0.21875,training_batch,,,
seed,traditional_ppo,传统PPO,45,2516,14877,0.278125,training_batch,,,
seed,traditional_ppo,传统PPO,45,2532,14981,0.241071428571,training_batch,,,
seed,traditional_ppo,传统PPO,45,2548,15076,0.3203125,training_batch,,,
seed,traditional_ppo,传统PPO,45,2564,15176,0.275,training_batch,,,
seed,traditional_ppo,传统PPO,45,2580,15283,0.238520408163,training_batch,,,
seed,traditional_ppo,传统PPO,45,2596,15373,0.283203125,training_batch,,,
seed,traditional_ppo,传统PPO,45,2612,15461,0.23125,training_batch,,,
seed,traditional_ppo,传统PPO,45,2628,15564,0.228316326531,training_batch,,,
seed,traditional_ppo,传统PPO,45,2644,15649,0.27734375,training_batch,,,
seed,traditional_ppo,传统PPO,45,2660,15746,0.253125,training_batch,,,
seed,traditional_ppo,传统PPO,45,2676,15858,0.25,training_batch,,,
seed,traditional_ppo,传统PPO,45,2692,15959,0.33984375,training_batch,,,
seed,traditional_ppo,传统PPO,45,2708,16052,0.2640625,training_batch,,,
seed,traditional_ppo,传统PPO,45,2724,16164,0.260204081633,training_batch,,,
seed,traditional_ppo,传统PPO,45,2740,16258,0.291015625,training_batch,,,
seed,traditional_ppo,传统PPO,45,2756,16356,0.2671875,training_batch,,,
seed,traditional_ppo,传统PPO,45,2772,16472,0.262755102041,training_batch,,,
seed,traditional_ppo,传统PPO,45,2788,16570,0.322265625,training_batch,,,
seed,traditional_ppo,传统PPO,45,2804,16674,0.2734375,training_batch,,,
seed,traditional_ppo,传统PPO,45,2820,16769,0.205357142857,training_batch,,,
seed,traditional_ppo,传统PPO,45,2836,16852,0.2578125,training_batch,,,
seed,traditional_ppo,传统PPO,45,2852,16957,0.303125,training_batch,,,
seed,traditional_ppo,传统PPO,45,2868,17065,0.248724489796,training_batch,,,
seed,traditional_ppo,传统PPO,45,2884,17160,0.310546875,training_batch,,,
seed,traditional_ppo,传统PPO,45,2900,17266,0.296875,training_batch,,,
seed,traditional_ppo,传统PPO,45,2916,17366,0.224489795918,training_batch,,,
seed,traditional_ppo,传统PPO,45,2932,17445,0.2734375,training_batch,,,
seed,traditional_ppo,传统PPO,45,2948,17544,0.2546875,training_batch,,,
seed,traditional_ppo,传统PPO,45,2964,17648,0.233418367347,training_batch,,,
seed,traditional_ppo,传统PPO,45,2980,17741,0.32421875,training_batch,,,
seed,traditional_ppo,传统PPO,45,2996,17836,0.259375,training_batch,,,
seed,traditional_ppo,传统PPO,45,3000,17864,0.265306122449,training_batch,,,
seed,traditional_ppo,传统PPO,46,16,79,0.2421875,training_batch,,,
seed,traditional_ppo,传统PPO,46,32,156,0.18125,training_batch,,,
seed,traditional_ppo,传统PPO,46,48,232,0.149234693878,training_batch,,,
seed,traditional_ppo,传统PPO,46,64,302,0.212890625,training_batch,,,
seed,traditional_ppo,传统PPO,46,80,373,0.184375,training_batch,,,
seed,traditional_ppo,传统PPO,46,96,456,0.170918367347,training_batch,,,
seed,traditional_ppo,传统PPO,46,112,523,0.20703125,training_batch,,,
seed,traditional_ppo,传统PPO,46,128,613,0.2375,training_batch,,,
seed,traditional_ppo,传统PPO,46,144,699,0.184948979592,training_batch,,,
seed,traditional_ppo,传统PPO,46,160,769,0.212890625,training_batch,,,
seed,traditional_ppo,传统PPO,46,176,853,0.2171875,training_batch,,,
seed,traditional_ppo,传统PPO,46,192,952,0.204081632653,training_batch,,,
seed,traditional_ppo,传统PPO,46,208,1029,0.25390625,training_batch,,,
seed,traditional_ppo,传统PPO,46,224,1117,0.2171875,training_batch,,,
seed,traditional_ppo,传统PPO,46,240,1210,0.204081632653,training_batch,,,
seed,traditional_ppo,传统PPO,46,250,1262,0.253125,training_batch,,,
seed,traditional_ppo,传统PPO,46,266,1346,0.2203125,training_batch,,,
seed,traditional_ppo,传统PPO,46,282,1448,0.219387755102,training_batch,,,
seed,traditional_ppo,传统PPO,46,298,1519,0.224609375,training_batch,,,
seed,traditional_ppo,传统PPO,46,314,1617,0.2625,training_batch,,,
seed,traditional_ppo,传统PPO,46,330,1709,0.192602040816,training_batch,,,
seed,traditional_ppo,传统PPO,46,346,1797,0.283203125,training_batch,,,
seed,traditional_ppo,传统PPO,46,362,1892,0.2296875,training_batch,,,
seed,traditional_ppo,传统PPO,46,378,1985,0.201530612245,training_batch,,,
seed,traditional_ppo,传统PPO,46,394,2068,0.294921875,training_batch,,,
seed,traditional_ppo,传统PPO,46,410,2161,0.24375,training_batch,,,
seed,traditional_ppo,传统PPO,46,426,2263,0.230867346939,training_batch,,,
seed,traditional_ppo,传统PPO,46,442,2343,0.25,training_batch,,,
seed,traditional_ppo,传统PPO,46,458,2430,0.2328125,training_batch,,,
seed,traditional_ppo,传统PPO,46,474,2517,0.183673469388,training_batch,,,
seed,traditional_ppo,传统PPO,46,490,2599,0.236328125,training_batch,,,
seed,traditional_ppo,传统PPO,46,500,2646,0.195,training_batch,,,
seed,traditional_ppo,传统PPO,46,516,2752,0.24362244898,training_batch,,,
seed,traditional_ppo,传统PPO,46,532,2844,0.298828125,training_batch,,,
seed,traditional_ppo,传统PPO,46,548,2930,0.215625,training_batch,,,
seed,traditional_ppo,传统PPO,46,564,3028,0.213010204082,training_batch,,,
seed,traditional_ppo,传统PPO,46,580,3110,0.28515625,training_batch,,,
seed,traditional_ppo,传统PPO,46,596,3207,0.265625,training_batch,,,
seed,traditional_ppo,传统PPO,46,612,3310,0.233418367347,training_batch,,,
seed,traditional_ppo,传统PPO,46,628,3389,0.236328125,training_batch,,,
seed,traditional_ppo,传统PPO,46,644,3485,0.2546875,training_batch,,,
seed,traditional_ppo,传统PPO,46,660,3584,0.216836734694,training_batch,,,
seed,traditional_ppo,传统PPO,46,676,3668,0.28515625,training_batch,,,
seed,traditional_ppo,传统PPO,46,692,3763,0.246875,training_batch,,,
seed,traditional_ppo,传统PPO,46,708,3867,0.225765306122,training_batch,,,
seed,traditional_ppo,传统PPO,46,724,3952,0.29296875,training_batch,,,
seed,traditional_ppo,传统PPO,46,740,4043,0.234375,training_batch,,,
seed,traditional_ppo,传统PPO,46,756,4143,0.229591836735,training_batch,,,
seed,traditional_ppo,传统PPO,46,772,4235,0.30859375,training_batch,,,
seed,traditional_ppo,传统PPO,46,788,4329,0.2484375,training_batch,,,
seed,traditional_ppo,传统PPO,46,804,4430,0.224489795918,training_batch,,,
seed,traditional_ppo,传统PPO,46,820,4511,0.267578125,training_batch,,,
seed,traditional_ppo,传统PPO,46,836,4601,0.2359375,training_batch,,,
seed,traditional_ppo,传统PPO,46,852,4703,0.230867346939,training_batch,,,
seed,traditional_ppo,传统PPO,46,868,4793,0.28515625,training_batch,,,
seed,traditional_ppo,传统PPO,46,884,4896,0.275,training_batch,,,
seed,traditional_ppo,传统PPO,46,900,5009,0.269132653061,training_batch,,,
seed,traditional_ppo,传统PPO,46,916,5096,0.27734375,training_batch,,,
seed,traditional_ppo,传统PPO,46,932,5194,0.253125,training_batch,,,
seed,traditional_ppo,传统PPO,46,948,5293,0.216836734694,training_batch,,,
seed,traditional_ppo,传统PPO,46,964,5378,0.26953125,training_batch,,,
seed,traditional_ppo,传统PPO,46,980,5476,0.25625,training_batch,,,
seed,traditional_ppo,传统PPO,46,996,5567,0.206632653061,training_batch,,,
seed,traditional_ppo,传统PPO,46,1000,5591,0.3203125,training_batch,,,
seed,traditional_ppo,传统PPO,46,1016,5702,0.3015625,training_batch,,,
seed,traditional_ppo,传统PPO,46,1032,5804,0.230867346939,training_batch,,,
seed,traditional_ppo,传统PPO,46,1048,5896,0.30859375,training_batch,,,
seed,traditional_ppo,传统PPO,46,1064,5995,0.25625,training_batch,,,
seed,traditional_ppo,传统PPO,46,1080,6107,0.258928571429,training_batch,,,
seed,traditional_ppo,传统PPO,46,1096,6207,0.314453125,training_batch,,,
seed,traditional_ppo,传统PPO,46,1112,6294,0.234375,training_batch,,,
seed,traditional_ppo,传统PPO,46,1128,6397,0.227040816327,training_batch,,,
seed,traditional_ppo,传统PPO,46,1144,6493,0.337890625,training_batch,,,
seed,traditional_ppo,传统PPO,46,1160,6590,0.278125,training_batch,,,
seed,traditional_ppo,传统PPO,46,1176,6689,0.225765306122,training_batch,,,
seed,traditional_ppo,传统PPO,46,1192,6776,0.3046875,training_batch,,,
seed,traditional_ppo,传统PPO,46,1208,6877,0.2890625,training_batch,,,
seed,traditional_ppo,传统PPO,46,1224,6975,0.242346938776,training_batch,,,
seed,traditional_ppo,传统PPO,46,1240,7065,0.294921875,training_batch,,,
seed,traditional_ppo,传统PPO,46,1256,7169,0.25,training_batch,,,
seed,traditional_ppo,传统PPO,46,1272,7268,0.219387755102,training_batch,,,
seed,traditional_ppo,传统PPO,46,1288,7347,0.236328125,training_batch,,,
seed,traditional_ppo,传统PPO,46,1304,7443,0.2515625,training_batch,,,
seed,traditional_ppo,传统PPO,46,1320,7542,0.21556122449,training_batch,,,
seed,traditional_ppo,传统PPO,46,1336,7628,0.271484375,training_batch,,,
seed,traditional_ppo,传统PPO,46,1352,7727,0.271875,training_batch,,,
seed,traditional_ppo,传统PPO,46,1368,7836,0.24362244898,training_batch,,,
seed,traditional_ppo,传统PPO,46,1384,7926,0.28515625,training_batch,,,
seed,traditional_ppo,传统PPO,46,1400,8016,0.23125,training_batch,,,
seed,traditional_ppo,传统PPO,46,1416,8115,0.22193877551,training_batch,,,
seed,traditional_ppo,传统PPO,46,1432,8206,0.302734375,training_batch,,,
seed,traditional_ppo,传统PPO,46,1448,8314,0.303125,training_batch,,,
seed,traditional_ppo,传统PPO,46,1464,8426,0.261479591837,training_batch,,,
seed,traditional_ppo,传统PPO,46,1480,8530,0.34375,training_batch,,,
seed,traditional_ppo,传统PPO,46,1496,8619,0.2234375,training_batch,,,
seed,traditional_ppo,传统PPO,46,1500,8643,0.19387755102,training_batch,,,
seed,traditional_ppo,传统PPO,46,1516,8732,0.26953125,training_batch,,,
seed,traditional_ppo,传统PPO,46,1532,8833,0.2703125,training_batch,,,
seed,traditional_ppo,传统PPO,46,1548,8945,0.260204081633,training_batch,,,
seed,traditional_ppo,传统PPO,46,1564,9028,0.279296875,training_batch,,,
seed,traditional_ppo,传统PPO,46,1580,9130,0.2875,training_batch,,,
seed,traditional_ppo,传统PPO,46,1596,9242,0.261479591837,training_batch,,,
seed,traditional_ppo,传统PPO,46,1612,9337,0.3046875,training_batch,,,
seed,traditional_ppo,传统PPO,46,1628,9432,0.2515625,training_batch,,,
seed,traditional_ppo,传统PPO,46,1644,9526,0.205357142857,training_batch,,,
seed,traditional_ppo,传统PPO,46,1660,9611,0.265625,training_batch,,,
seed,traditional_ppo,传统PPO,46,1676,9699,0.2484375,training_batch,,,
seed,traditional_ppo,传统PPO,46,1692,9806,0.230867346939,training_batch,,,
seed,traditional_ppo,传统PPO,46,1708,9896,0.283203125,training_batch,,,
seed,traditional_ppo,传统PPO,46,1724,9996,0.2703125,training_batch,,,
seed,traditional_ppo,传统PPO,46,1740,10105,0.252551020408,training_batch,,,
seed,traditional_ppo,传统PPO,46,1756,10197,0.294921875,training_batch,,,
seed,traditional_ppo,传统PPO,46,1772,10290,0.240625,training_batch,,,
seed,traditional_ppo,传统PPO,46,1788,10392,0.24362244898,training_batch,,,
seed,traditional_ppo,传统PPO,46,1804,10487,0.314453125,training_batch,,,
seed,traditional_ppo,传统PPO,46,1820,10571,0.20625,training_batch,,,
seed,traditional_ppo,传统PPO,46,1836,10665,0.218112244898,training_batch,,,
seed,traditional_ppo,传统PPO,46,1852,10747,0.265625,training_batch,,,
seed,traditional_ppo,传统PPO,46,1868,10849,0.2890625,training_batch,,,
seed,traditional_ppo,传统PPO,46,1884,10944,0.204081632653,training_batch,,,
seed,traditional_ppo,传统PPO,46,1900,11042,0.30859375,training_batch,,,
seed,traditional_ppo,传统PPO,46,1916,11152,0.3078125,training_batch,,,
seed,traditional_ppo,传统PPO,46,1932,11245,0.200255102041,training_batch,,,
seed,traditional_ppo,传统PPO,46,1948,11331,0.2890625,training_batch,,,
seed,traditional_ppo,传统PPO,46,1964,11431,0.25625,training_batch,,,
seed,traditional_ppo,传统PPO,46,1980,11518,0.188775510204,training_batch,,,
seed,traditional_ppo,传统PPO,46,1996,11604,0.287109375,training_batch,,,
seed,traditional_ppo,传统PPO,46,2000,11632,0.3125,training_batch,,,
seed,traditional_ppo,传统PPO,46,2016,11728,0.206632653061,training_batch,,,
seed,traditional_ppo,传统PPO,46,2032,11827,0.31640625,training_batch,,,
seed,traditional_ppo,传统PPO,46,2048,11920,0.2453125,training_batch,,,
seed,traditional_ppo,传统PPO,46,2064,12030,0.252551020408,training_batch,,,
seed,traditional_ppo,传统PPO,46,2080,12126,0.341796875,training_batch,,,
seed,traditional_ppo,传统PPO,46,2096,12226,0.275,training_batch,,,
seed,traditional_ppo,传统PPO,46,2112,12340,0.266581632653,training_batch,,,
seed,traditional_ppo,传统PPO,46,2128,12424,0.2578125,training_batch,,,
seed,traditional_ppo,传统PPO,46,2144,12519,0.246875,training_batch,,,
seed,traditional_ppo,传统PPO,46,2160,12624,0.230867346939,training_batch,,,
seed,traditional_ppo,传统PPO,46,2176,12707,0.2578125,training_batch,,,
seed,traditional_ppo,传统PPO,46,2192,12807,0.2640625,training_batch,,,
seed,traditional_ppo,传统PPO,46,2208,12901,0.206632653061,training_batch,,,
seed,traditional_ppo,传统PPO,46,2224,13002,0.302734375,training_batch,,,
seed,traditional_ppo,传统PPO,46,2240,13110,0.3,training_batch,,,
seed,traditional_ppo,传统PPO,46,2256,13223,0.266581632653,training_batch,,,
seed,traditional_ppo,传统PPO,46,2272,13312,0.28125,training_batch,,,
seed,traditional_ppo,传统PPO,46,2288,13408,0.2453125,training_batch,,,
seed,traditional_ppo,传统PPO,46,2304,13511,0.229591836735,training_batch,,,
seed,traditional_ppo,传统PPO,46,2320,13609,0.318359375,training_batch,,,
seed,traditional_ppo,传统PPO,46,2336,13702,0.2625,training_batch,,,
seed,traditional_ppo,传统PPO,46,2352,13799,0.218112244898,training_batch,,,
seed,traditional_ppo,传统PPO,46,2368,13887,0.275390625,training_batch,,,
seed,traditional_ppo,传统PPO,46,2384,13985,0.2671875,training_batch,,,
seed,traditional_ppo,传统PPO,46,2400,14086,0.232142857143,training_batch,,,
seed,traditional_ppo,传统PPO,46,2416,14178,0.28515625,training_batch,,,
seed,traditional_ppo,传统PPO,46,2432,14278,0.2765625,training_batch,,,
seed,traditional_ppo,传统PPO,46,2448,14375,0.224489795918,training_batch,,,
seed,traditional_ppo,传统PPO,46,2464,14467,0.318359375,training_batch,,,
seed,traditional_ppo,传统PPO,46,2480,14551,0.2328125,training_batch,,,
seed,traditional_ppo,传统PPO,46,2496,14661,0.241071428571,training_batch,,,
seed,traditional_ppo,传统PPO,46,2500,14683,0.2890625,training_batch,,,
seed,traditional_ppo,传统PPO,46,2516,14774,0.2625,training_batch,,,
seed,traditional_ppo,传统PPO,46,2532,14865,0.206632653061,training_batch,,,
seed,traditional_ppo,传统PPO,46,2548,14945,0.255859375,training_batch,,,
seed,traditional_ppo,传统PPO,46,2564,15054,0.3,training_batch,,,
seed,traditional_ppo,传统PPO,46,2580,15163,0.255102040816,training_batch,,,
seed,traditional_ppo,传统PPO,46,2596,15248,0.27734375,training_batch,,,
seed,traditional_ppo,传统PPO,46,2612,15351,0.3078125,training_batch,,,
seed,traditional_ppo,传统PPO,46,2628,15465,0.252551020408,training_batch,,,
seed,traditional_ppo,传统PPO,46,2644,15559,0.28515625,training_batch,,,
seed,traditional_ppo,传统PPO,46,2660,15663,0.2796875,training_batch,,,
seed,traditional_ppo,传统PPO,46,2676,15765,0.246173469388,training_batch,,,
seed,traditional_ppo,传统PPO,46,2692,15859,0.3125,training_batch,,,
seed,traditional_ppo,传统PPO,46,2708,15955,0.24375,training_batch,,,
seed,traditional_ppo,传统PPO,46,2724,16060,0.253826530612,training_batch,,,
seed,traditional_ppo,传统PPO,46,2740,16156,0.330078125,training_batch,,,
seed,traditional_ppo,传统PPO,46,2756,16248,0.2390625,training_batch,,,
seed,traditional_ppo,传统PPO,46,2772,16350,0.230867346939,training_batch,,,
seed,traditional_ppo,传统PPO,46,2788,16442,0.3046875,training_batch,,,
seed,traditional_ppo,传统PPO,46,2804,16545,0.278125,training_batch,,,
seed,traditional_ppo,传统PPO,46,2820,16645,0.233418367347,training_batch,,,
seed,traditional_ppo,传统PPO,46,2836,16737,0.298828125,training_batch,,,
seed,traditional_ppo,传统PPO,46,2852,16833,0.2671875,training_batch,,,
seed,traditional_ppo,传统PPO,46,2868,16941,0.252551020408,training_batch,,,
seed,traditional_ppo,传统PPO,46,2884,17022,0.228515625,training_batch,,,
seed,traditional_ppo,传统PPO,46,2900,17124,0.278125,training_batch,,,
seed,traditional_ppo,传统PPO,46,2916,17221,0.232142857143,training_batch,,,
seed,traditional_ppo,传统PPO,46,2932,17305,0.248046875,training_batch,,,
seed,traditional_ppo,传统PPO,46,2948,17395,0.2421875,training_batch,,,
seed,traditional_ppo,传统PPO,46,2964,17499,0.238520408163,training_batch,,,
seed,traditional_ppo,传统PPO,46,2980,17585,0.27734375,training_batch,,,
seed,traditional_ppo,传统PPO,46,2996,17681,0.265625,training_batch,,,
seed,traditional_ppo,传统PPO,46,3000,17709,0.285714285714,training_batch,,,
summary,full,PPO+Pointer,,16,,,training_batch_seed_summary,0.392578125,0.42578125,0.443359375
summary,full,PPO+Pointer,,46.1414141414,,,training_batch_seed_summary,0.673601246843,0.676156092172,0.70189196654
summary,full,PPO+Pointer,,76.2828282828,,,training_batch_seed_summary,0.743193655303,0.767301925505,0.787997159091
summary,full,PPO+Pointer,,106.424242424,,,training_batch_seed_summary,0.794921875,0.816583806818,0.817471590909
summary,full,PPO+Pointer,,136.565656566,,,training_batch_seed_summary,0.803997001263,0.83232717803,0.895853061869
summary,full,PPO+Pointer,,166.707070707,,,training_batch_seed_summary,0.869643702652,0.930377998737,0.931581439394
summary,full,PPO+Pointer,,196.848484848,,,training_batch_seed_summary,0.922940340909,0.93720407197,0.960996685606
summary,full,PPO+Pointer,,226.98989899,,,training_batch_seed_summary,0.97044665404,0.973494712753,0.975576073232
summary,full,PPO+Pointer,,257.131313131,,,training_batch_seed_summary,0.996231849747,0.997908775253,0.998184974747
summary,full,PPO+Pointer,,287.272727273,,,training_batch_seed_summary,0.999822443182,1,1
summary,full,PPO+Pointer,,317.414141414,,,training_batch_seed_summary,0.993450126263,1,1
summary,full,PPO+Pointer,,347.555555556,,,training_batch_seed_summary,1,1,1
summary,full,PPO+Pointer,,377.696969697,,,training_batch_seed_summary,1,1,1
summary,full,PPO+Pointer,,407.838383838,,,training_batch_seed_summary,1,1,1
summary,full,PPO+Pointer,,437.97979798,,,training_batch_seed_summary,0.98021227904,0.992700441919,1
summary,full,PPO+Pointer,,468.121212121,,,training_batch_seed_summary,0.986890388258,1,1
summary,full,PPO+Pointer,,498.262626263,,,training_batch_seed_summary,1,1,1
summary,full,PPO+Pointer,,528.404040404,,,training_batch_seed_summary,1,1,1
summary,full,PPO+Pointer,,558.545454545,,,training_batch_seed_summary,0.973366477273,0.976029829545,1
summary,full,PPO+Pointer,,588.686868687,,,training_batch_seed_summary,0.984513099747,0.995146780303,1
summary,full,PPO+Pointer,,618.828282828,,,training_batch_seed_summary,0.991161616162,0.994318181818,1
summary,full,PPO+Pointer,,648.96969697,,,training_batch_seed_summary,1,1,1
summary,full,PPO+Pointer,,679.111111111,,,training_batch_seed_summary,0.989583333333,1,1
summary,full,PPO+Pointer,,709.252525253,,,training_batch_seed_summary,0.984256628788,0.992305871212,0.992305871212
summary,full,PPO+Pointer,,739.393939394,,,training_batch_seed_summary,0.995028409091,1,1
summary,full,PPO+Pointer,,769.535353535,,,training_batch_seed_summary,0.985874368687,1,1
summary,full,PPO+Pointer,,799.676767677,,,training_batch_seed_summary,0.996547506313,1,1
summary,full,PPO+Pointer,,829.818181818,,,training_batch_seed_summary,0.988192471591,0.990411931818,1
summary,full,PPO+Pointer,,859.95959596,,,training_batch_seed_summary,0.99358822601,1,1
summary,full,PPO+Pointer,,890.101010101,,,training_batch_seed_summary,0.991358901515,1,1
summary,full,PPO+Pointer,,920.242424242,,,training_batch_seed_summary,1,1,1
summary,full,PPO+Pointer,,950.383838384,,,training_batch_seed_summary,1,1,1
summary,full,PPO+Pointer,,980.525252525,,,training_batch_seed_summary,1,1,1
summary,full,PPO+Pointer,,1010.66666667,,,training_batch_seed_summary,0.9755859375,1,1
summary,full,PPO+Pointer,,1040.80808081,,,training_batch_seed_summary,0.998816287879,1,1
summary,full,PPO+Pointer,,1070.94949495,,,training_batch_seed_summary,0.998461174242,1,1
summary,full,PPO+Pointer,,1101.09090909,,,training_batch_seed_summary,0.984730113636,0.999289772727,1
summary,full,PPO+Pointer,,1131.23232323,,,training_batch_seed_summary,0.995886600379,1,1
summary,full,PPO+Pointer,,1161.37373737,,,training_batch_seed_summary,0.996764520202,1,1
summary,full,PPO+Pointer,,1191.51515152,,,training_batch_seed_summary,1,1,1
summary,full,PPO+Pointer,,1221.65656566,,,training_batch_seed_summary,0.96709280303,0.972774621212,0.984848484848
summary,full,PPO+Pointer,,1251.7979798,,,training_batch_seed_summary,0.985134548611,1,1
summary,full,PPO+Pointer,,1281.93939394,,,training_batch_seed_summary,0.998283617424,1,1
summary,full,PPO+Pointer,,1312.08080808,,,training_batch_seed_summary,0.972794349747,0.976680871212,0.999723800505
summary,full,PPO+Pointer,,1342.22222222,,,training_batch_seed_summary,0.997829861111,1,1
summary,full,PPO+Pointer,,1372.36363636,,,training_batch_seed_summary,1,1,1
summary,full,PPO+Pointer,,1402.50505051,,,training_batch_seed_summary,1,1,1
summary,full,PPO+Pointer,,1432.64646465,,,training_batch_seed_summary,0.987334280303,1,1
summary,full,PPO+Pointer,,1462.78787879,,,training_batch_seed_summary,1,1,1
summary,full,PPO+Pointer,,1492.92929293,,,training_batch_seed_summary,1,1,1
summary,full,PPO+Pointer,,1523.07070707,,,training_batch_seed_summary,0.996843434343,1,1
summary,full,PPO+Pointer,,1553.21212121,,,training_batch_seed_summary,1,1,1
summary,full,PPO+Pointer,,1583.35353535,,,training_batch_seed_summary,0.981257891414,1,1
summary,full,PPO+Pointer,,1613.49494949,,,training_batch_seed_summary,1,1,1
summary,full,PPO+Pointer,,1643.63636364,,,training_batch_seed_summary,1,1,1
summary,full,PPO+Pointer,,1673.77777778,,,training_batch_seed_summary,1,1,1
summary,full,PPO+Pointer,,1703.91919192,,,training_batch_seed_summary,0.97040719697,1,1
summary,full,PPO+Pointer,,1734.06060606,,,training_batch_seed_summary,0.961973248106,1,1
summary,full,PPO+Pointer,,1764.2020202,,,training_batch_seed_summary,1,1,1
summary,full,PPO+Pointer,,1794.34343434,,,training_batch_seed_summary,1,1,1
summary,full,PPO+Pointer,,1824.48484848,,,training_batch_seed_summary,1,1,1
summary,full,PPO+Pointer,,1854.62626263,,,training_batch_seed_summary,0.939295296717,1,1
summary,full,PPO+Pointer,,1884.76767677,,,training_batch_seed_summary,0.994081439394,1,1
summary,full,PPO+Pointer,,1914.90909091,,,training_batch_seed_summary,1,1,1
summary,full,PPO+Pointer,,1945.05050505,,,training_batch_seed_summary,0.989820075758,0.992365056818,1
summary,full,PPO+Pointer,,1975.19191919,,,training_batch_seed_summary,0.988370028409,1,1
summary,full,PPO+Pointer,,2005.33333333,,,training_batch_seed_summary,0.98046875,1,1
summary,full,PPO+Pointer,,2035.47474747,,,training_batch_seed_summary,0.981652462121,0.998046875,1
summary,full,PPO+Pointer,,2065.61616162,,,training_batch_seed_summary,0.998027146465,1,1
summary,full,PPO+Pointer,,2095.75757576,,,training_batch_seed_summary,0.974994081439,0.99970407197,1
summary,full,PPO+Pointer,,2125.8989899,,,training_batch_seed_summary,1,1,1
summary,full,PPO+Pointer,,2156.04040404,,,training_batch_seed_summary,1,1,1
summary,full,PPO+Pointer,,2186.18181818,,,training_batch_seed_summary,0.961647727273,1,1
summary,full,PPO+Pointer,,2216.32323232,,,training_batch_seed_summary,0.911073626894,1,1
summary,full,PPO+Pointer,,2246.46464646,,,training_batch_seed_summary,0.919527304293,0.970801767677,1
summary,full,PPO+Pointer,,2276.60606061,,,training_batch_seed_summary,0.999437736742,1,1
summary,full,PPO+Pointer,,2306.74747475,,,training_batch_seed_summary,0.991950757576,0.997987689394,1
summary,full,PPO+Pointer,,2336.88888889,,,training_batch_seed_summary,0.999891493056,1,1
summary,full,PPO+Pointer,,2367.03030303,,,training_batch_seed_summary,0.999881628788,1,1
summary,full,PPO+Pointer,,2397.17171717,,,training_batch_seed_summary,0.972666114268,0.97588186553,1
summary,full,PPO+Pointer,,2427.31313131,,,training_batch_seed_summary,1,1,1
summary,full,PPO+Pointer,,2457.45454545,,,training_batch_seed_summary,0.992009943182,0.998401988636,1
summary,full,PPO+Pointer,,2487.5959596,,,training_batch_seed_summary,0.990727588384,0.992582070707,1
summary,full,PPO+Pointer,,2517.73737374,,,training_batch_seed_summary,0.957277856692,0.984966856061,1
summary,full,PPO+Pointer,,2547.87878788,,,training_batch_seed_summary,0.995265151515,1,1
summary,full,PPO+Pointer,,2578.02020202,,,training_batch_seed_summary,0.997040719697,1,1
summary,full,PPO+Pointer,,2608.16161616,,,training_batch_seed_summary,0.999980271465,1,1
summary,full,PPO+Pointer,,2638.3030303,,,training_batch_seed_summary,0.979048295455,1,1
summary,full,PPO+Pointer,,2668.44444444,,,training_batch_seed_summary,0.987847222222,0.993272569444,1
summary,full,PPO+Pointer,,2698.58585859,,,training_batch_seed_summary,0.975447837753,0.976740056818,0.992069128788
summary,full,PPO+Pointer,,2728.72727273,,,training_batch_seed_summary,1,1,1
summary,full,PPO+Pointer,,2758.86868687,,,training_batch_seed_summary,0.99108270202,1,1
summary,full,PPO+Pointer,,2789.01010101,,,training_batch_seed_summary,1,1,1
summary,full,PPO+Pointer,,2819.15151515,,,training_batch_seed_summary,0.990382339015,0.998431581439,1
summary,full,PPO+Pointer,,2849.29292929,,,training_batch_seed_summary,0.973070549242,0.997948232323,0.998106060606
summary,full,PPO+Pointer,,2879.43434343,,,training_batch_seed_summary,0.999102351641,0.999171401515,0.999171401515
summary,full,PPO+Pointer,,2909.57575758,,,training_batch_seed_summary,0.999408143939,1,1
summary,full,PPO+Pointer,,2939.71717172,,,training_batch_seed_summary,0.965494791667,0.975684580177,0.982836174242
summary,full,PPO+Pointer,,2969.85858586,,,training_batch_seed_summary,1,1,1
summary,full,PPO+Pointer,,3000,,,training_batch_seed_summary,1,1,1
summary,a2c_pointer,A2C+Pointer,,16,,,training_batch_seed_summary,0.392578125,0.42578125,0.443359375
summary,a2c_pointer,A2C+Pointer,,46.1414141414,,,training_batch_seed_summary,0.61285708649,0.626972853535,0.646809895833
summary,a2c_pointer,A2C+Pointer,,76.2828282828,,,training_batch_seed_summary,0.739169034091,0.748934659091,0.75029592803
summary,a2c_pointer,A2C+Pointer,,106.424242424,,,training_batch_seed_summary,0.784919507576,0.817501183712,0.83330374053
summary,a2c_pointer,A2C+Pointer,,136.565656566,,,training_batch_seed_summary,0.802931660354,0.808534564394,0.823311237374
summary,a2c_pointer,A2C+Pointer,,166.707070707,,,training_batch_seed_summary,0.787168560606,0.832544191919,0.859177714646
summary,a2c_pointer,A2C+Pointer,,196.848484848,,,training_batch_seed_summary,0.799597537879,0.85576467803,0.872514204545
summary,a2c_pointer,A2C+Pointer,,226.98989899,,,training_batch_seed_summary,0.853278882576,0.891098484848,0.891098484848
summary,a2c_pointer,A2C+Pointer,,257.131313131,,,training_batch_seed_summary,0.831301294192,0.903034248737,0.90905145202
summary,a2c_pointer,A2C+Pointer,,287.272727273,,,training_batch_seed_summary,0.873046875,0.881480823864,0.9326171875
summary,a2c_pointer,A2C+Pointer,,317.414141414,,,training_batch_seed_summary,0.891256313131,0.894412878788,0.913056344697
summary,a2c_pointer,A2C+Pointer,,347.555555556,,,training_batch_seed_summary,0.917643229167,0.924913194444,0.938151041667
summary,a2c_pointer,A2C+Pointer,,377.696969697,,,training_batch_seed_summary,0.90654592803,0.931818181818,0.932410037879
summary,a2c_pointer,A2C+Pointer,,407.838383838,,,training_batch_seed_summary,0.931601167929,0.937184343434,0.945115214646
summary,a2c_pointer,A2C+Pointer,,437.97979798,,,training_batch_seed_summary,0.93359375,0.945292771465,0.953618213384
summary,a2c_pointer,A2C+Pointer,,468.121212121,,,training_batch_seed_summary,0.924272017045,0.947768702652,0.972922585227
summary,a2c_pointer,A2C+Pointer,,498.262626263,,,training_batch_seed_summary,0.950599747475,0.950974589646,0.961213699495
summary,a2c_pointer,A2C+Pointer,,528.404040404,,,training_batch_seed_summary,0.955669981061,0.968651357323,0.982865767045
summary,a2c_pointer,A2C+Pointer,,558.545454545,,,training_batch_seed_summary,0.970170454545,0.970703125,0.982066761364
summary,a2c_pointer,A2C+Pointer,,588.686868687,,,training_batch_seed_summary,0.96875,0.979255445076,0.989159169823
summary,a2c_pointer,A2C+Pointer,,618.828282828,,,training_batch_seed_summary,0.982244318182,0.983684501263,0.986781881313
summary,a2c_pointer,A2C+Pointer,,648.96969697,,,training_batch_seed_summary,0.984759706439,0.988991477273,0.994762073864
summary,a2c_pointer,A2C+Pointer,,679.111111111,,,training_batch_seed_summary,0.987847222222,0.989366319444,0.994357638889
summary,a2c_pointer,A2C+Pointer,,709.252525253,,,training_batch_seed_summary,0.992157907197,0.993440261995,0.994752209596
summary,a2c_pointer,A2C+Pointer,,739.393939394,,,training_batch_seed_summary,0.996508049242,0.99834280303,0.999171401515
summary,a2c_pointer,A2C+Pointer,,769.535353535,,,training_batch_seed_summary,0.985953282828,0.996468592172,1
summary,a2c_pointer,A2C+Pointer,,799.676767677,,,training_batch_seed_summary,0.999644886364,1,1
summary,a2c_pointer,A2C+Pointer,,829.818181818,,,training_batch_seed_summary,0.999200994318,1,1
summary,a2c_pointer,A2C+Pointer,,859.95959596,,,training_batch_seed_summary,0.995620265152,0.997533933081,1
summary,a2c_pointer,A2C+Pointer,,890.101010101,,,training_batch_seed_summary,0.988587042298,0.995679450758,1
summary,a2c_pointer,A2C+Pointer,,920.242424242,,,training_batch_seed_summary,0.994318181818,1,1
summary,a2c_pointer,A2C+Pointer,,950.383838384,,,training_batch_seed_summary,0.995324337121,0.996478456439,0.998441445707
summary,a2c_pointer,A2C+Pointer,,980.525252525,,,training_batch_seed_summary,0.992818813131,1,1
summary,a2c_pointer,A2C+Pointer,,1010.66666667,,,training_batch_seed_summary,0.9951171875,0.9951171875,0.998697916667
summary,a2c_pointer,A2C+Pointer,,1040.80808081,,,training_batch_seed_summary,1,1,1
summary,a2c_pointer,A2C+Pointer,,1070.94949495,,,training_batch_seed_summary,0.989050662879,0.994525331439,0.997050583965
summary,a2c_pointer,A2C+Pointer,,1101.09090909,,,training_batch_seed_summary,0.995205965909,0.997869318182,1
summary,a2c_pointer,A2C+Pointer,,1131.23232323,,,training_batch_seed_summary,0.993598090278,0.998836016414,1
summary,a2c_pointer,A2C+Pointer,,1161.37373737,,,training_batch_seed_summary,0.997573390152,0.998382260101,1
summary,a2c_pointer,A2C+Pointer,,1191.51515152,,,training_batch_seed_summary,0.93584280303,0.973780776515,0.977391098485
summary,a2c_pointer,A2C+Pointer,,1221.65656566,,,training_batch_seed_summary,1,1,1
summary,a2c_pointer,A2C+Pointer,,1251.7979798,,,training_batch_seed_summary,1,1,1
summary,a2c_pointer,A2C+Pointer,,1281.93939394,,,training_batch_seed_summary,1,1,1
summary,a2c_pointer,A2C+Pointer,,1312.08080808,,,training_batch_seed_summary,0.999792850379,0.999960542929,1
summary,a2c_pointer,A2C+Pointer,,1342.22222222,,,training_batch_seed_summary,0.999131944444,1,1
summary,a2c_pointer,A2C+Pointer,,1372.36363636,,,training_batch_seed_summary,1,1,1
summary,a2c_pointer,A2C+Pointer,,1402.50505051,,,training_batch_seed_summary,1,1,1
summary,a2c_pointer,A2C+Pointer,,1432.64646465,,,training_batch_seed_summary,0.994614109848,1,1
summary,a2c_pointer,A2C+Pointer,,1462.78787879,,,training_batch_seed_summary,1,1,1
summary,a2c_pointer,A2C+Pointer,,1492.92929293,,,training_batch_seed_summary,1,1,1
summary,a2c_pointer,A2C+Pointer,,1523.07070707,,,training_batch_seed_summary,1,1,1
summary,a2c_pointer,A2C+Pointer,,1553.21212121,,,training_batch_seed_summary,1,1,1
summary,a2c_pointer,A2C+Pointer,,1583.35353535,,,training_batch_seed_summary,1,1,1
summary,a2c_pointer,A2C+Pointer,,1613.49494949,,,training_batch_seed_summary,1,1,1
summary,a2c_pointer,A2C+Pointer,,1643.63636364,,,training_batch_seed_summary,0.978693181818,0.982954545455,1
summary,a2c_pointer,A2C+Pointer,,1673.77777778,,,training_batch_seed_summary,1,1,1
summary,a2c_pointer,A2C+Pointer,,1703.91919192,,,training_batch_seed_summary,0.98717645202,1,1
summary,a2c_pointer,A2C+Pointer,,1734.06060606,,,training_batch_seed_summary,1,1,1
summary,a2c_pointer,A2C+Pointer,,1764.2020202,,,training_batch_seed_summary,0.992818813131,1,1
summary,a2c_pointer,A2C+Pointer,,1794.34343434,,,training_batch_seed_summary,0.993331755051,1,1
summary,a2c_pointer,A2C+Pointer,,1824.48484848,,,training_batch_seed_summary,1,1,1
summary,a2c_pointer,A2C+Pointer,,1854.62626263,,,training_batch_seed_summary,1,1,1
summary,a2c_pointer,A2C+Pointer,,1884.76767677,,,training_batch_seed_summary,0.999210858586,1,1
summary,a2c_pointer,A2C+Pointer,,1914.90909091,,,training_batch_seed_summary,1,1,1
summary,a2c_pointer,A2C+Pointer,,1945.05050505,,,training_batch_seed_summary,0.992365056818,1,1
summary,a2c_pointer,A2C+Pointer,,1975.19191919,,,training_batch_seed_summary,1,1,1
summary,a2c_pointer,A2C+Pointer,,2005.33333333,,,training_batch_seed_summary,0.99609375,1,1
summary,a2c_pointer,A2C+Pointer,,2035.47474747,,,training_batch_seed_summary,0.9765625,0.99915167298,1
summary,a2c_pointer,A2C+Pointer,,2065.61616162,,,training_batch_seed_summary,0.998027146465,1,1
summary,a2c_pointer,A2C+Pointer,,2095.75757576,,,training_batch_seed_summary,0.99970407197,1,1
summary,a2c_pointer,A2C+Pointer,,2125.8989899,,,training_batch_seed_summary,1,1,1
summary,a2c_pointer,A2C+Pointer,,2156.04040404,,,training_batch_seed_summary,1,1,1
summary,a2c_pointer,A2C+Pointer,,2186.18181818,,,training_batch_seed_summary,0.987571022727,0.998757102273,1
summary,a2c_pointer,A2C+Pointer,,2216.32323232,,,training_batch_seed_summary,0.990628945707,1,1
summary,a2c_pointer,A2C+Pointer,,2246.46464646,,,training_batch_seed_summary,0.954407354798,0.98603219697,0.992108585859
summary,a2c_pointer,A2C+Pointer,,2276.60606061,,,training_batch_seed_summary,0.977746212121,1,1
summary,a2c_pointer,A2C+Pointer,,2306.74747475,,,training_batch_seed_summary,1,1,1
summary,a2c_pointer,A2C+Pointer,,2336.88888889,,,training_batch_seed_summary,0.999782986111,1,1
summary,a2c_pointer,A2C+Pointer,,2367.03030303,,,training_batch_seed_summary,1,1,1
summary,a2c_pointer,A2C+Pointer,,2397.17171717,,,training_batch_seed_summary,0.999309501263,1,1
summary,a2c_pointer,A2C+Pointer,,2427.31313131,,,training_batch_seed_summary,0.93388967803,0.987571022727,1
summary,a2c_pointer,A2C+Pointer,,2457.45454545,,,training_batch_seed_summary,0.958540482955,1,1
summary,a2c_pointer,A2C+Pointer,,2487.5959596,,,training_batch_seed_summary,0.983309659091,1,1
summary,a2c_pointer,A2C+Pointer,,2517.73737374,,,training_batch_seed_summary,1,1,1
summary,a2c_pointer,A2C+Pointer,,2547.87878788,,,training_batch_seed_summary,0.977805397727,0.977805397727,1
summary,a2c_pointer,A2C+Pointer,,2578.02020202,,,training_batch_seed_summary,0.998293481692,1,1
summary,a2c_pointer,A2C+Pointer,,2608.16161616,,,training_batch_seed_summary,0.968769728535,0.978732638889,0.996882891414
summary,a2c_pointer,A2C+Pointer,,2638.3030303,,,training_batch_seed_summary,0.91924124053,0.987363873106,0.996892755682
summary,a2c_pointer,A2C+Pointer,,2668.44444444,,,training_batch_seed_summary,0.962456597222,0.994791666667,1
summary,a2c_pointer,A2C+Pointer,,2698.58585859,,,training_batch_seed_summary,0.984493371212,0.989662247475,1
summary,a2c_pointer,A2C+Pointer,,2728.72727273,,,training_batch_seed_summary,0.997869318182,1,1
summary,a2c_pointer,A2C+Pointer,,2758.86868687,,,training_batch_seed_summary,1,1,1
summary,a2c_pointer,A2C+Pointer,,2789.01010101,,,training_batch_seed_summary,1,1,1
summary,a2c_pointer,A2C+Pointer,,2819.15151515,,,training_batch_seed_summary,1,1,1
summary,a2c_pointer,A2C+Pointer,,2849.29292929,,,training_batch_seed_summary,0.972143308081,0.997001262626,1
summary,a2c_pointer,A2C+Pointer,,2879.43434343,,,training_batch_seed_summary,0.944049873737,0.959556502525,1
summary,a2c_pointer,A2C+Pointer,,2909.57575758,,,training_batch_seed_summary,0.987511837121,0.99053030303,0.998816287879
summary,a2c_pointer,A2C+Pointer,,2939.71717172,,,training_batch_seed_summary,0.982836174242,0.982836174242,1
summary,a2c_pointer,A2C+Pointer,,2969.85858586,,,training_batch_seed_summary,1,1,1
summary,a2c_pointer,A2C+Pointer,,3000,,,training_batch_seed_summary,1,1,1
summary,traditional_ppo,传统PPO,,16,,,training_batch_seed_summary,0.201171875,0.21875,0.2421875
summary,traditional_ppo,传统PPO,,46.1414141414,,,training_batch_seed_summary,0.168736471861,0.173828688672,0.184376127345
summary,traditional_ppo,传统PPO,,76.2828282828,,,training_batch_seed_summary,0.192491319444,0.194306344697,0.225591856061
summary,traditional_ppo,传统PPO,,106.424242424,,,training_batch_seed_summary,0.19444645756,0.19757544353,0.226119211889
summary,traditional_ppo,传统PPO,,136.565656566,,,training_batch_seed_summary,0.206835575139,0.207698799217,0.209366625438
summary,traditional_ppo,传统PPO,,166.707070707,,,training_batch_seed_summary,0.214691840278,0.22913510101,0.235319996843
summary,traditional_ppo,传统PPO,,196.848484848,,,training_batch_seed_summary,0.203468034941,0.209413168677,0.213271103896
summary,traditional_ppo,传统PPO,,226.98989899,,,training_batch_seed_summary,0.214738423779,0.217994517883,0.225696377036
summary,traditional_ppo,传统PPO,,257.131313131,,,training_batch_seed_summary,0.237839330808,0.238500236742,0.240196890783
summary,traditional_ppo,传统PPO,,287.272727273,,,training_batch_seed_summary,0.221108516205,0.235930433963,0.242357809601
summary,traditional_ppo,传统PPO,,317.414141414,,,training_batch_seed_summary,0.220395963783,0.23284446828,0.247584905174
summary,traditional_ppo,传统PPO,,347.555555556,,,training_batch_seed_summary,0.268088107639,0.278000217014,0.296999782986
summary,traditional_ppo,传统PPO,,377.696969697,,,training_batch_seed_summary,0.212341044372,0.21251860119,0.225061722132
summary,traditional_ppo,传统PPO,,407.838383838,,,training_batch_seed_summary,0.250663372001,0.256628787879,0.264737215909
summary,traditional_ppo,传统PPO,,437.97979798,,,training_batch_seed_summary,0.254007308416,0.261219497269,0.266026817924
summary,traditional_ppo,传统PPO,,468.121212121,,,training_batch_seed_summary,0.221294497913,0.223358142973,0.233971450796
summary,traditional_ppo,传统PPO,,498.262626263,,,training_batch_seed_summary,0.243005681818,0.243404356061,0.260120580808
summary,traditional_ppo,传统PPO,,528.404040404,,,training_batch_seed_summary,0.241238315876,0.276019925015,0.286420788723
summary,traditional_ppo,传统PPO,,558.545454545,,,training_batch_seed_summary,0.221217677412,0.223772321429,0.233693761596
summary,traditional_ppo,传统PPO,,588.686868687,,,training_batch_seed_summary,0.255888967803,0.264505405619,0.271518899937
summary,traditional_ppo,传统PPO,,618.828282828,,,training_batch_seed_summary,0.23466015786,0.240962921627,0.255425246566
summary,traditional_ppo,传统PPO,,648.96969697,,,training_batch_seed_summary,0.242930822897,0.246620622681,0.247288816095
summary,traditional_ppo,传统PPO,,679.111111111,,,training_batch_seed_summary,0.277712673611,0.2810546875,0.311328125
summary,traditional_ppo,传统PPO,,709.252525253,,,training_batch_seed_summary,0.22050312194,0.23102618178,0.238596705254
summary,traditional_ppo,传统PPO,,739.393939394,,,training_batch_seed_summary,0.250517874053,0.257344933712,0.275926254735
summary,traditional_ppo,传统PPO,,769.535353535,,,training_batch_seed_summary,0.294066502074,0.296424263361,0.298862448625
summary,traditional_ppo,传统PPO,,799.676767677,,,training_batch_seed_summary,0.222658987838,0.23096051394,0.237044150046
summary,traditional_ppo,传统PPO,,829.818181818,,,training_batch_seed_summary,0.266521661932,0.271253551136,0.274351917614
summary,traditional_ppo,传统PPO,,859.95959596,,,training_batch_seed_summary,0.25787470528,0.2604589421,0.26519509911
summary,traditional_ppo,传统PPO,,890.101010101,,,training_batch_seed_summary,0.247015354437,0.264956645537,0.26594750116
summary,traditional_ppo,传统PPO,,920.242424242,,,training_batch_seed_summary,0.270922111742,0.284889914773,0.290601325758
summary,traditional_ppo,传统PPO,,950.383838384,,,training_batch_seed_summary,0.224687685207,0.241283812294,0.257510431966
summary,traditional_ppo,传统PPO,,980.525252525,,,training_batch_seed_summary,0.237533498248,0.254324253376,0.254621147702
summary,traditional_ppo,传统PPO,,1010.66666667,,,training_batch_seed_summary,0.2703125,0.279166666667,0.3078125
summary,traditional_ppo,传统PPO,,1040.80808081,,,training_batch_seed_summary,0.250648021993,0.252653890628,0.273656124382
summary,traditional_ppo,传统PPO,,1070.94949495,,,training_batch_seed_summary,0.22997577819,0.252190270047,0.257413419913
summary,traditional_ppo,传统PPO,,1101.09090909,,,training_batch_seed_summary,0.262801846591,0.284889914773,0.288973721591
summary,traditional_ppo,传统PPO,,1131.23232323,,,training_batch_seed_summary,0.238117784993,0.239444830963,0.249434717069
summary,traditional_ppo,传统PPO,,1161.37373737,,,training_batch_seed_summary,0.260112605648,0.271863243403,0.273629470728
summary,traditional_ppo,传统PPO,,1191.51515152,,,training_batch_seed_summary,0.291821273964,0.302295918367,0.307745825603
summary,traditional_ppo,传统PPO,,1221.65656566,,,training_batch_seed_summary,0.234293992218,0.244043270717,0.249189116935
summary,traditional_ppo,传统PPO,,1251.7979798,,,training_batch_seed_summary,0.261797664141,0.269752209596,0.27702020202
summary,traditional_ppo,传统PPO,,1281.93939394,,,training_batch_seed_summary,0.240133517896,0.258311350108,0.262895818839
summary,traditional_ppo,传统PPO,,1312.08080808,,,training_batch_seed_summary,0.233380037621,0.244462159864,0.254901695527
summary,traditional_ppo,传统PPO,,1342.22222222,,,training_batch_seed_summary,0.265473090278,0.271636284722,0.315993923611
summary,traditional_ppo,传统PPO,,1372.36363636,,,training_batch_seed_summary,0.247115607607,0.249144828386,0.253011218692
summary,traditional_ppo,传统PPO,,1402.50505051,,,training_batch_seed_summary,0.249160772263,0.249919958514,0.259983444135
summary,traditional_ppo,传统PPO,,1432.64646465,,,training_batch_seed_summary,0.302750157828,0.322293244949,0.325157828283
summary,traditional_ppo,传统PPO,,1462.78787879,,,training_batch_seed_summary,0.240924068491,0.250241573902,0.251893939394
summary,traditional_ppo,传统PPO,,1492.92929293,,,training_batch_seed_summary,0.268959122475,0.277501578283,0.28069760101
summary,traditional_ppo,传统PPO,,1523.07070707,,,training_batch_seed_summary,0.263114543876,0.269876499369,0.280446062184
summary,traditional_ppo,传统PPO,,1553.21212121,,,training_batch_seed_summary,0.226227316211,0.242343617134,0.266423703714
summary,traditional_ppo,传统PPO,,1583.35353535,,,training_batch_seed_summary,0.254736620027,0.257982487503,0.276609284812
summary,traditional_ppo,传统PPO,,1613.49494949,,,training_batch_seed_summary,0.298937618371,0.299723800505,0.325991358902
summary,traditional_ppo,传统PPO,,1643.63636364,,,training_batch_seed_summary,0.20640726461,0.226280583256,0.238923353432
summary,traditional_ppo,传统PPO,,1673.77777778,,,training_batch_seed_summary,0.247916666667,0.250314670139,0.250824652778
summary,traditional_ppo,传统PPO,,1703.91919192,,,training_batch_seed_summary,0.269854858373,0.272303713152,0.286917625715
summary,traditional_ppo,传统PPO,,1734.06060606,,,training_batch_seed_summary,0.253602108457,0.255370187848,0.259144296923
summary,traditional_ppo,传统PPO,,1764.2020202,,,training_batch_seed_summary,0.266286892361,0.267087870896,0.267296993371
summary,traditional_ppo,传统PPO,,1794.34343434,,,training_batch_seed_summary,0.259341964769,0.260129898313,0.271704307907
summary,traditional_ppo,传统PPO,,1824.48484848,,,training_batch_seed_summary,0.237682146722,0.244233630952,0.25578448709
summary,traditional_ppo,传统PPO,,1854.62626263,,,training_batch_seed_summary,0.273274739583,0.287454624369,0.300095683396
summary,traditional_ppo,传统PPO,,1884.76767677,,,training_batch_seed_summary,0.20909610293,0.215722072446,0.237396183615
summary,traditional_ppo,传统PPO,,1914.90909091,,,training_batch_seed_summary,0.252787642045,0.253196022727,0.257555042614
summary,traditional_ppo,传统PPO,,1945.05050505,,,training_batch_seed_summary,0.26989894561,0.272120821577,0.272691439265
summary,traditional_ppo,传统PPO,,1975.19191919,,,training_batch_seed_summary,0.209051935168,0.230183853845,0.245913857967
summary,traditional_ppo,传统PPO,,2005.33333333,,,training_batch_seed_summary,0.241241496599,0.245493197279,0.258503401361
summary,traditional_ppo,传统PPO,,2035.47474747,,,training_batch_seed_summary,0.286850931187,0.287896543561,0.290260022096
summary,traditional_ppo,传统PPO,,2065.61616162,,,training_batch_seed_summary,0.246979520975,0.252478548237,0.261565753195
summary,traditional_ppo,传统PPO,,2095.75757576,,,training_batch_seed_summary,0.273970170455,0.275272253788,0.276012073864
summary,traditional_ppo,传统PPO,,2125.8989899,,,training_batch_seed_summary,0.258964002268,0.283765589569,0.305487109617
summary,traditional_ppo,传统PPO,,2156.04040404,,,training_batch_seed_summary,0.221086341734,0.234828836838,0.241961869975
summary,traditional_ppo,传统PPO,,2186.18181818,,,training_batch_seed_summary,0.260795454545,0.261789772727,0.276846590909
summary,traditional_ppo,传统PPO,,2216.32323232,,,training_batch_seed_summary,0.26194864783,0.273136740492,0.274960824766
summary,traditional_ppo,传统PPO,,2246.46464646,,,training_batch_seed_summary,0.237080627706,0.246111626469,0.26747577819
summary,traditional_ppo,传统PPO,,2276.60606061,,,training_batch_seed_summary,0.275520833333,0.289719460227,0.290370501894
summary,traditional_ppo,传统PPO,,2306.74747475,,,training_batch_seed_summary,0.22362133774,0.244834747346,0.246109452304
summary,traditional_ppo,传统PPO,,2336.88888889,,,training_batch_seed_summary,0.244497590703,0.260034013605,0.260046414399
summary,traditional_ppo,传统PPO,,2367.03030303,,,training_batch_seed_summary,0.271919208024,0.288220614951,0.309717068646
summary,traditional_ppo,传统PPO,,2397.17171717,,,training_batch_seed_summary,0.238337617244,0.251050041229,0.258509843331
summary,traditional_ppo,传统PPO,,2427.31313131,,,training_batch_seed_summary,0.278290719697,0.279079861111,0.279119318182
summary,traditional_ppo,传统PPO,,2457.45454545,,,training_batch_seed_summary,0.260589995942,0.268496709763,0.279958183558
summary,traditional_ppo,传统PPO,,2487.5959596,,,training_batch_seed_summary,0.234686147186,0.234956709957,0.236733405483
summary,traditional_ppo,传统PPO,,2517.73737374,,,training_batch_seed_summary,0.247229952587,0.256433596166,0.266991019893
summary,traditional_ppo,传统PPO,,2547.87878788,,,training_batch_seed_summary,0.263587626102,0.319712188853,0.3313518234
summary,traditional_ppo,传统PPO,,2578.02020202,,,training_batch_seed_summary,0.243034297052,0.251631429087,0.260657596372
summary,traditional_ppo,传统PPO,,2608.16161616,,,training_batch_seed_summary,0.254119318182,0.270310527146,0.284594973169
summary,traditional_ppo,传统PPO,,2638.3030303,,,training_batch_seed_summary,0.270228190708,0.273546812191,0.275049099896
summary,traditional_ppo,传统PPO,,2668.44444444,,,training_batch_seed_summary,0.250840596655,0.251475694444,0.255720308957
summary,traditional_ppo,传统PPO,,2698.58585859,,,training_batch_seed_summary,0.280290206755,0.284201388889,0.297612847222
summary,traditional_ppo,传统PPO,,2728.72727273,,,training_batch_seed_summary,0.267897908453,0.269307492173,0.276355410772
summary,traditional_ppo,传统PPO,,2758.86868687,,,training_batch_seed_summary,0.262962452974,0.266392802386,0.28124235016
summary,traditional_ppo,传统PPO,,2789.01010101,,,training_batch_seed_summary,0.298507536301,0.303010574495,0.309979679609
summary,traditional_ppo,传统PPO,,2819.15151515,,,training_batch_seed_summary,0.217291859926,0.235789173624,0.257827236008
summary,traditional_ppo,传统PPO,,2849.29292929,,,training_batch_seed_summary,0.258284998422,0.272540838068,0.295458491162
summary,traditional_ppo,传统PPO,,2879.43434343,,,training_batch_seed_summary,0.247452200577,0.292905638818,0.294541798727
summary,traditional_ppo,传统PPO,,2909.57575758,,,training_batch_seed_summary,0.248609259045,0.250605384199,0.250605384199
summary,traditional_ppo,传统PPO,,2939.71717172,,,training_batch_seed_summary,0.262849195076,0.264393939394,0.283347143308
summary,traditional_ppo,传统PPO,,2969.85858586,,,training_batch_seed_summary,0.237748378234,0.252736025755,0.256373826756
summary,traditional_ppo,传统PPO,,3000,,,training_batch_seed_summary,0.229591836735,0.265306122449,0.275510204082
