aggregation,grid_id,is_first,model,rank,scope,score,weight_D1,weight_D2,weight_D3,weight_D4,weight_D5,weight_D6,weight_D7
geometric,0,1.0,full,1,core_learning_training_aware,0.7160173042447399,0.2,0.1,0.1,0.05,0.15,0.2,0.2
arithmetic,0,1.0,full,1,core_learning_training_aware,0.7573077717625044,0.2,0.1,0.1,0.05,0.15,0.2,0.2
geometric,0,0.0,traditional_ppo,3,core_learning_training_aware,0.465575464187037,0.2,0.1,0.1,0.05,0.15,0.2,0.2
arithmetic,0,0.0,traditional_ppo,3,core_learning_training_aware,0.5655466562635766,0.2,0.1,0.1,0.05,0.15,0.2,0.2
geometric,0,0.0,a2c_pointer,2,core_learning_training_aware,0.7136561209935409,0.2,0.1,0.1,0.05,0.15,0.2,0.2
arithmetic,0,0.0,a2c_pointer,2,core_learning_training_aware,0.7521718412389894,0.2,0.1,0.1,0.05,0.15,0.2,0.2
geometric,1,1.0,full,1,core_learning_training_aware,0.737813136084694,0.2,0.1,0.1,0.1,0.1,0.2,0.2
arithmetic,1,1.0,full,1,core_learning_training_aware,0.7780830480218229,0.2,0.1,0.1,0.1,0.1,0.2,0.2
geometric,1,0.0,traditional_ppo,3,core_learning_training_aware,0.47498027682157995,0.2,0.1,0.1,0.1,0.1,0.2,0.2
arithmetic,1,0.0,traditional_ppo,3,core_learning_training_aware,0.5811493877533618,0.2,0.1,0.1,0.1,0.1,0.2,0.2
geometric,1,0.0,a2c_pointer,2,core_learning_training_aware,0.734192636014754,0.2,0.1,0.1,0.1,0.1,0.2,0.2
arithmetic,1,0.0,a2c_pointer,2,core_learning_training_aware,0.7718030215087734,0.2,0.1,0.1,0.1,0.1,0.2,0.2
geometric,2,1.0,full,1,core_learning_training_aware,0.7135873649301451,0.2,0.1,0.1,0.1,0.15,0.15,0.2
arithmetic,2,1.0,full,1,core_learning_training_aware,0.754067202028078,0.2,0.1,0.1,0.1,0.15,0.15,0.2
geometric,2,0.0,traditional_ppo,3,core_learning_training_aware,0.464621154173897,0.2,0.1,0.1,0.1,0.15,0.15,0.2
arithmetic,2,0.0,traditional_ppo,3,core_learning_training_aware,0.5635640307577684,0.2,0.1,0.1,0.1,0.15,0.15,0.2
geometric,2,0.0,a2c_pointer,2,core_learning_training_aware,0.7112503275327383,0.2,0.1,0.1,0.1,0.15,0.15,0.2
arithmetic,2,0.0,a2c_pointer,2,core_learning_training_aware,0.7490042157635409,0.2,0.1,0.1,0.1,0.15,0.15,0.2
geometric,3,1.0,full,1,core_learning_training_aware,0.7143426190146059,0.2,0.1,0.1,0.1,0.15,0.2,0.15
arithmetic,3,1.0,full,1,core_learning_training_aware,0.7550993018750847,0.2,0.1,0.1,0.1,0.15,0.2,0.15
geometric,3,0.0,traditional_ppo,3,core_learning_training_aware,0.5059160018044901,0.2,0.1,0.1,0.1,0.15,0.2,0.15
arithmetic,3,0.0,traditional_ppo,3,core_learning_training_aware,0.6038936434266035,0.2,0.1,0.1,0.1,0.15,0.2,0.15
geometric,3,0.0,a2c_pointer,2,core_learning_training_aware,0.7121211627491613,0.2,0.1,0.1,0.1,0.15,0.2,0.15
arithmetic,3,0.0,a2c_pointer,2,core_learning_training_aware,0.750176839104735,0.2,0.1,0.1,0.1,0.15,0.2,0.15
geometric,4,1.0,full,1,core_learning_training_aware,0.7602724411155604,0.2,0.1,0.1,0.15,0.05,0.2,0.2
arithmetic,4,1.0,full,1,core_learning_training_aware,0.7988583242811413,0.2,0.1,0.1,0.15,0.05,0.2,0.2
geometric,4,0.0,traditional_ppo,3,core_learning_training_aware,0.48457507047422765,0.2,0.1,0.1,0.15,0.05,0.2,0.2
arithmetic,4,0.0,traditional_ppo,3,core_learning_training_aware,0.5967521192431469,0.2,0.1,0.1,0.15,0.05,0.2,0.2
geometric,4,0.0,a2c_pointer,2,core_learning_training_aware,0.7553201197627951,0.2,0.1,0.1,0.15,0.05,0.2,0.2
arithmetic,4,0.0,a2c_pointer,2,core_learning_training_aware,0.7914342017785575,0.2,0.1,0.1,0.15,0.05,0.2,0.2
geometric,5,1.0,full,1,core_learning_training_aware,0.7353092285177005,0.2,0.1,0.1,0.15,0.1,0.15,0.2
arithmetic,5,1.0,full,1,core_learning_training_aware,0.7748424782873965,0.2,0.1,0.1,0.15,0.1,0.15,0.2
geometric,5,0.0,traditional_ppo,3,core_learning_training_aware,0.4740066893602941,0.2,0.1,0.1,0.15,0.1,0.15,0.2
arithmetic,5,0.0,traditional_ppo,3,core_learning_training_aware,0.5791667622475535,0.2,0.1,0.1,0.15,0.1,0.15,0.2
geometric,5,0.0,a2c_pointer,2,core_learning_training_aware,0.731717612273299,0.2,0.1,0.1,0.15,0.1,0.15,0.2
arithmetic,5,0.0,a2c_pointer,2,core_learning_training_aware,0.768635396033325,0.2,0.1,0.1,0.15,0.1,0.15,0.2
geometric,6,1.0,full,1,core_learning_training_aware,0.7360874728161183,0.2,0.1,0.1,0.15,0.1,0.2,0.15
arithmetic,6,1.0,full,1,core_learning_training_aware,0.7758745781344032,0.2,0.1,0.1,0.15,0.1,0.2,0.15
geometric,6,0.0,traditional_ppo,3,core_learning_training_aware,0.5161357096108209,0.2,0.1,0.1,0.15,0.1,0.2,0.15
arithmetic,6,0.0,traditional_ppo,3,core_learning_training_aware,0.6194963749163885,0.2,0.1,0.1,0.15,0.1,0.2,0.15
geometric,6,0.0,a2c_pointer,2,core_learning_training_aware,0.7326135070667045,0.2,0.1,0.1,0.15,0.1,0.2,0.15
arithmetic,6,0.0,a2c_pointer,2,core_learning_training_aware,0.769808019374519,0.2,0.1,0.1,0.15,0.1,0.2,0.15
geometric,7,1.0,full,1,core_learning_training_aware,0.7111656720713798,0.2,0.1,0.1,0.15,0.15,0.1,0.2
arithmetic,7,1.0,full,1,core_learning_training_aware,0.7508266322936517,0.2,0.1,0.1,0.15,0.15,0.1,0.2
geometric,7,0.0,traditional_ppo,3,core_learning_training_aware,0.46366880025095336,0.2,0.1,0.1,0.15,0.15,0.1,0.2
arithmetic,7,0.0,traditional_ppo,3,core_learning_training_aware,0.5615814052519602,0.2,0.1,0.1,0.15,0.15,0.1,0.2
geometric,7,0.0,a2c_pointer,2,core_learning_training_aware,0.7088526441994968,0.2,0.1,0.1,0.15,0.15,0.1,0.2
arithmetic,7,0.0,a2c_pointer,2,core_learning_training_aware,0.7458365902880925,0.2,0.1,0.1,0.15,0.15,0.1,0.2
geometric,8,1.0,full,1,core_learning_training_aware,0.7119183630591369,0.2,0.1,0.1,0.15,0.15,0.15,0.15
arithmetic,8,1.0,full,1,core_learning_training_aware,0.7518587321406582,0.2,0.1,0.1,0.15,0.15,0.15,0.15
geometric,8,0.0,traditional_ppo,3,core_learning_training_aware,0.5048790040598328,0.2,0.1,0.1,0.15,0.15,0.15,0.15
arithmetic,8,0.0,traditional_ppo,3,core_learning_training_aware,0.6019110179207952,0.2,0.1,0.1,0.15,0.15,0.15,0.15
geometric,8,0.0,a2c_pointer,2,core_learning_training_aware,0.709720543758805,0.2,0.1,0.1,0.15,0.15,0.15,0.15
arithmetic,8,0.0,a2c_pointer,2,core_learning_training_aware,0.7470092136292865,0.2,0.1,0.1,0.15,0.15,0.15,0.15
geometric,9,1.0,full,1,core_learning_training_aware,0.7126718506878814,0.2,0.1,0.1,0.15,0.15,0.2,0.1
arithmetic,9,1.0,full,1,core_learning_training_aware,0.7528908319876648,0.2,0.1,0.1,0.15,0.15,0.2,0.1
geometric,9,0.0,traditional_ppo,3,core_learning_training_aware,0.5497519104207281,0.2,0.1,0.1,0.15,0.15,0.2,0.1
arithmetic,9,0.0,traditional_ppo,3,core_learning_training_aware,0.6422406305896301,0.2,0.1,0.1,0.15,0.15,0.2,0.1
geometric,9,0.0,a2c_pointer,2,core_learning_training_aware,0.7105895059503136,0.2,0.1,0.1,0.15,0.15,0.2,0.1
arithmetic,9,0.0,a2c_pointer,2,core_learning_training_aware,0.7481818369704806,0.2,0.1,0.1,0.15,0.15,0.2,0.1
geometric,10,1.0,full,1,core_learning_training_aware,0.7380143457550568,0.2,0.1,0.15,0.05,0.1,0.2,0.2
arithmetic,10,1.0,full,1,core_learning_training_aware,0.7783349271479991,0.2,0.1,0.15,0.05,0.1,0.2,0.2
geometric,10,0.0,traditional_ppo,3,core_learning_training_aware,0.47453893175060924,0.2,0.1,0.15,0.05,0.1,0.2,0.2
arithmetic,10,0.0,traditional_ppo,3,core_learning_training_aware,0.5802775657710401,0.2,0.1,0.15,0.05,0.1,0.2,0.2
geometric,10,0.0,a2c_pointer,2,core_learning_training_aware,0.7349817097215764,0.2,0.1,0.15,0.05,0.1,0.2,0.2
arithmetic,10,0.0,a2c_pointer,2,core_learning_training_aware,0.7727875571480648,0.2,0.1,0.15,0.05,0.1,0.2,0.2
geometric,11,1.0,full,1,core_learning_training_aware,0.7137819679691131,0.2,0.1,0.15,0.05,0.15,0.15,0.2
arithmetic,11,1.0,full,1,core_learning_training_aware,0.754319081154254,0.2,0.1,0.15,0.05,0.15,0.15,0.2
geometric,11,0.0,traditional_ppo,3,core_learning_training_aware,0.4641894346556981,0.2,0.1,0.15,0.05,0.15,0.15,0.2
arithmetic,11,0.0,traditional_ppo,3,core_learning_training_aware,0.5626922087754467,0.2,0.1,0.15,0.05,0.15,0.15,0.2
geometric,11,0.0,a2c_pointer,2,core_learning_training_aware,0.7120147439881679,0.2,0.1,0.15,0.05,0.15,0.15,0.2
arithmetic,11,0.0,a2c_pointer,2,core_learning_training_aware,0.7499887514028322,0.2,0.1,0.15,0.05,0.15,0.15,0.2
geometric,12,1.0,full,1,core_learning_training_aware,0.7145374280195808,0.2,0.1,0.15,0.05,0.15,0.2,0.15
arithmetic,12,1.0,full,1,core_learning_training_aware,0.7553511810012609,0.2,0.1,0.15,0.05,0.15,0.2,0.15
geometric,12,0.0,traditional_ppo,3,core_learning_training_aware,0.5054459116878735,0.2,0.1,0.15,0.05,0.15,0.2,0.15
arithmetic,12,0.0,traditional_ppo,3,core_learning_training_aware,0.6030218214442817,0.2,0.1,0.15,0.05,0.15,0.2,0.15
geometric,12,0.0,a2c_pointer,2,core_learning_training_aware,0.7128865151349428,0.2,0.1,0.15,0.05,0.15,0.2,0.15
arithmetic,12,0.0,a2c_pointer,2,core_learning_training_aware,0.7511613747440263,0.2,0.1,0.15,0.05,0.15,0.2,0.15
geometric,13,1.0,full,1,core_learning_training_aware,0.760479775682785,0.2,0.1,0.15,0.1,0.05,0.2,0.2
arithmetic,13,1.0,full,1,core_learning_training_aware,0.7991102034073175,0.2,0.1,0.15,0.1,0.05,0.2,0.2
geometric,13,0.0,traditional_ppo,3,core_learning_training_aware,0.4841248100543631,0.2,0.1,0.15,0.1,0.05,0.2,0.2
arithmetic,13,0.0,traditional_ppo,3,core_learning_training_aware,0.5958802972608251,0.2,0.1,0.15,0.1,0.05,0.2,0.2
geometric,13,0.0,a2c_pointer,2,core_learning_training_aware,0.756131900237704,0.2,0.1,0.15,0.1,0.05,0.2,0.2
arithmetic,13,0.0,a2c_pointer,2,core_learning_training_aware,0.7924187374178487,0.2,0.1,0.15,0.1,0.05,0.2,0.2
geometric,14,1.0,full,1,core_learning_training_aware,0.7355097553452248,0.2,0.1,0.15,0.1,0.1,0.15,0.2
arithmetic,14,1.0,full,1,core_learning_training_aware,0.7750943574135727,0.2,0.1,0.15,0.1,0.1,0.15,0.2
geometric,14,0.0,traditional_ppo,3,core_learning_training_aware,0.4735662489332595,0.2,0.1,0.15,0.1,0.1,0.15,0.2
arithmetic,14,0.0,traditional_ppo,3,core_learning_training_aware,0.5782949402652319,0.2,0.1,0.15,0.1,0.1,0.15,0.2
geometric,14,0.0,a2c_pointer,2,core_learning_training_aware,0.732504025947778,0.2,0.1,0.15,0.1,0.1,0.15,0.2
arithmetic,14,0.0,a2c_pointer,2,core_learning_training_aware,0.7696199316726162,0.2,0.1,0.15,0.1,0.1,0.15,0.2
geometric,15,1.0,full,1,core_learning_training_aware,0.7362882118793307,0.2,0.1,0.15,0.1,0.1,0.2,0.15
arithmetic,15,1.0,full,1,core_learning_training_aware,0.7761264572605794,0.2,0.1,0.15,0.1,0.1,0.2,0.15
geometric,15,0.0,traditional_ppo,3,core_learning_training_aware,0.5156561234837651,0.2,0.1,0.15,0.1,0.1,0.2,0.15
arithmetic,15,0.0,traditional_ppo,3,core_learning_training_aware,0.6186245529340668,0.2,0.1,0.15,0.1,0.1,0.2,0.15
geometric,15,0.0,a2c_pointer,2,core_learning_training_aware,0.7334008836043215,0.2,0.1,0.15,0.1,0.1,0.2,0.15
arithmetic,15,0.0,a2c_pointer,2,core_learning_training_aware,0.7707925550138103,0.2,0.1,0.15,0.1,0.1,0.2,0.15
geometric,16,1.0,full,1,core_learning_training_aware,0.7113596146883547,0.2,0.1,0.15,0.1,0.15,0.1,0.2
arithmetic,16,1.0,full,1,core_learning_training_aware,0.7510785114198277,0.2,0.1,0.15,0.1,0.15,0.1,0.2
geometric,16,0.0,traditional_ppo,3,core_learning_training_aware,0.4632379656467819,0.2,0.1,0.15,0.1,0.15,0.1,0.2
arithmetic,16,0.0,traditional_ppo,3,core_learning_training_aware,0.5607095832696385,0.2,0.1,0.15,0.1,0.15,0.1,0.2
geometric,16,0.0,a2c_pointer,2,core_learning_training_aware,0.7096144837442047,0.2,0.1,0.15,0.1,0.15,0.1,0.2
arithmetic,16,0.0,a2c_pointer,2,core_learning_training_aware,0.7468211259273837,0.2,0.1,0.15,0.1,0.15,0.1,0.2
geometric,17,1.0,full,1,core_learning_training_aware,0.7121125109431343,0.2,0.1,0.15,0.1,0.15,0.15,0.15
arithmetic,17,1.0,full,1,core_learning_training_aware,0.7521106112668344,0.2,0.1,0.15,0.1,0.15,0.15,0.15
geometric,17,0.0,traditional_ppo,3,core_learning_training_aware,0.5044098775071061,0.2,0.1,0.15,0.1,0.15,0.15,0.15
arithmetic,17,0.0,traditional_ppo,3,core_learning_training_aware,0.6010391959384735,0.2,0.1,0.15,0.1,0.15,0.15,0.15
geometric,17,0.0,a2c_pointer,2,core_learning_training_aware,0.7104833160787667,0.2,0.1,0.15,0.1,0.15,0.15,0.15
arithmetic,17,0.0,a2c_pointer,2,core_learning_training_aware,0.7479937492685778,0.2,0.1,0.15,0.1,0.15,0.15,0.15
geometric,18,1.0,full,1,core_learning_training_aware,0.7128662040561539,0.2,0.1,0.15,0.1,0.15,0.2,0.1
arithmetic,18,1.0,full,1,core_learning_training_aware,0.7531427111138409,0.2,0.1,0.15,0.1,0.15,0.2,0.1
geometric,18,0.0,traditional_ppo,3,core_learning_training_aware,0.5492410885871469,0.2,0.1,0.15,0.1,0.15,0.2,0.1
arithmetic,18,0.0,traditional_ppo,3,core_learning_training_aware,0.6413688086073084,0.2,0.1,0.15,0.1,0.15,0.2,0.1
geometric,18,0.0,a2c_pointer,2,core_learning_training_aware,0.7113532121875933,0.2,0.1,0.15,0.1,0.15,0.2,0.1
arithmetic,18,0.0,a2c_pointer,2,core_learning_training_aware,0.7491663726097718,0.2,0.1,0.15,0.1,0.15,0.2,0.1
geometric,19,1.0,full,1,core_learning_training_aware,0.7578989446135764,0.2,0.1,0.15,0.15,0.05,0.15,0.2
arithmetic,19,1.0,full,1,core_learning_training_aware,0.7958696336728909,0.2,0.1,0.15,0.15,0.05,0.15,0.2
geometric,19,0.0,traditional_ppo,3,core_learning_training_aware,0.4831324786507933,0.2,0.1,0.15,0.15,0.05,0.15,0.2
arithmetic,19,0.0,traditional_ppo,3,core_learning_training_aware,0.5938976717550168,0.2,0.1,0.15,0.15,0.05,0.15,0.2
geometric,19,0.0,a2c_pointer,2,core_learning_training_aware,0.7535829174327034,0.2,0.1,0.15,0.15,0.05,0.15,0.2
arithmetic,19,0.0,a2c_pointer,2,core_learning_training_aware,0.7892511119424,0.2,0.1,0.15,0.15,0.05,0.15,0.2
geometric,20,1.0,full,1,core_learning_training_aware,0.7587010976527968,0.2,0.1,0.15,0.15,0.05,0.2,0.15
arithmetic,20,1.0,full,1,core_learning_training_aware,0.7969017335198978,0.2,0.1,0.15,0.15,0.05,0.2,0.15
geometric,20,0.0,traditional_ppo,3,core_learning_training_aware,0.5260725856864883,0.2,0.1,0.15,0.15,0.05,0.2,0.15
arithmetic,20,0.0,traditional_ppo,3,core_learning_training_aware,0.6342272844238519,0.2,0.1,0.15,0.15,0.05,0.2,0.15
geometric,20,0.0,a2c_pointer,2,core_learning_training_aware,0.7545055835006004,0.2,0.1,0.15,0.15,0.05,0.2,0.15
arithmetic,20,0.0,a2c_pointer,2,core_learning_training_aware,0.7904237352835943,0.2,0.1,0.15,0.15,0.05,0.2,0.15
geometric,21,1.0,full,1,core_learning_training_aware,0.7330136647337464,0.2,0.1,0.15,0.15,0.1,0.1,0.2
arithmetic,21,1.0,full,1,core_learning_training_aware,0.7718537876791463,0.2,0.1,0.15,0.15,0.1,0.1,0.2
geometric,21,0.0,traditional_ppo,3,core_learning_training_aware,0.4725955598656315,0.2,0.1,0.15,0.15,0.1,0.1,0.2
arithmetic,21,0.0,traditional_ppo,3,core_learning_training_aware,0.5763123147594236,0.2,0.1,0.15,0.15,0.1,0.1,0.2
geometric,21,0.0,a2c_pointer,2,core_learning_training_aware,0.7300346946496965,0.2,0.1,0.15,0.15,0.1,0.1,0.2
arithmetic,21,0.0,a2c_pointer,2,core_learning_training_aware,0.7664523061971676,0.2,0.1,0.15,0.15,0.1,0.1,0.2
geometric,22,1.0,full,1,core_learning_training_aware,0.7337894794292743,0.2,0.1,0.15,0.15,0.1,0.15,0.15
arithmetic,22,1.0,full,1,core_learning_training_aware,0.772885887526153,0.2,0.1,0.15,0.15,0.1,0.15,0.15
geometric,22,0.0,traditional_ppo,3,core_learning_training_aware,0.5145991609936201,0.2,0.1,0.15,0.15,0.1,0.15,0.15
arithmetic,22,0.0,traditional_ppo,3,core_learning_training_aware,0.6166419274282586,0.2,0.1,0.15,0.15,0.1,0.15,0.15
geometric,22,0.0,a2c_pointer,2,core_learning_training_aware,0.7309285289253402,0.2,0.1,0.15,0.15,0.1,0.15,0.15
arithmetic,22,0.0,a2c_pointer,2,core_learning_training_aware,0.7676249295383618,0.2,0.1,0.15,0.15,0.1,0.15,0.15
geometric,23,1.0,full,1,core_learning_training_aware,0.734566115239702,0.2,0.1,0.15,0.15,0.1,0.2,0.1
arithmetic,23,1.0,full,1,core_learning_training_aware,0.7739179873731594,0.2,0.1,0.15,0.15,0.1,0.2,0.1
geometric,23,0.0,traditional_ppo,3,core_learning_training_aware,0.5603359806652212,0.2,0.1,0.15,0.15,0.1,0.2,0.1
arithmetic,23,0.0,traditional_ppo,3,core_learning_training_aware,0.6569715400970935,0.2,0.1,0.15,0.15,0.1,0.2,0.1
geometric,23,0.0,a2c_pointer,2,core_learning_training_aware,0.7318234575869331,0.2,0.1,0.15,0.15,0.1,0.2,0.1
arithmetic,23,0.0,a2c_pointer,2,core_learning_training_aware,0.7687975528795556,0.2,0.1,0.15,0.15,0.1,0.2,0.1
geometric,24,1.0,full,1,core_learning_training_aware,0.7089454821187942,0.2,0.1,0.15,0.15,0.15,0.05,0.2
arithmetic,24,1.0,full,1,core_learning_training_aware,0.7478379416854012,0.2,0.1,0.15,0.15,0.15,0.05,0.2
geometric,24,0.0,traditional_ppo,3,core_learning_training_aware,0.46228844690473386,0.2,0.1,0.15,0.15,0.15,0.05,0.2
arithmetic,24,0.0,traditional_ppo,3,core_learning_training_aware,0.5587269577638302,0.2,0.1,0.15,0.15,0.15,0.05,0.2
geometric,24,0.0,a2c_pointer,2,core_learning_training_aware,0.7072223149748738,0.2,0.1,0.15,0.15,0.15,0.05,0.2
arithmetic,24,0.0,a2c_pointer,2,core_learning_training_aware,0.743653500451935,0.2,0.1,0.15,0.15,0.15,0.05,0.2
geometric,25,1.0,full,1,core_learning_training_aware,0.7096958232786081,0.2,0.1,0.15,0.15,0.15,0.1,0.15
arithmetic,25,1.0,full,1,core_learning_training_aware,0.7488700415324081,0.2,0.1,0.15,0.15,0.15,0.1,0.15
geometric,25,0.0,traditional_ppo,3,core_learning_training_aware,0.5033759669300694,0.2,0.1,0.15,0.15,0.15,0.1,0.15
arithmetic,25,0.0,traditional_ppo,3,core_learning_training_aware,0.5990565704326652,0.2,0.1,0.15,0.15,0.15,0.1,0.15
geometric,25,0.0,a2c_pointer,2,core_learning_training_aware,0.7080882184042004,0.2,0.1,0.15,0.15,0.15,0.1,0.15
arithmetic,25,0.0,a2c_pointer,2,core_learning_training_aware,0.7448261237931292,0.2,0.1,0.15,0.15,0.15,0.1,0.15
geometric,26,1.0,full,1,core_learning_training_aware,0.710446958592374,0.2,0.1,0.15,0.15,0.15,0.15,0.1
arithmetic,26,1.0,full,1,core_learning_training_aware,0.7499021413794146,0.2,0.1,0.15,0.15,0.15,0.15,0.1
geometric,26,0.0,traditional_ppo,3,core_learning_training_aware,0.5481152855524404,0.2,0.1,0.15,0.15,0.15,0.15,0.1
arithmetic,26,0.0,traditional_ppo,3,core_learning_training_aware,0.6393861831015002,0.2,0.1,0.15,0.15,0.15,0.15,0.1
geometric,26,0.0,a2c_pointer,2,core_learning_training_aware,0.7089551820217211,0.2,0.1,0.15,0.15,0.15,0.15,0.1
arithmetic,26,0.0,a2c_pointer,2,core_learning_training_aware,0.7459987471343233,0.2,0.1,0.15,0.15,0.15,0.15,0.1
geometric,27,1.0,full,1,core_learning_training_aware,0.7111988889006163,0.2,0.1,0.15,0.15,0.15,0.2,0.05
arithmetic,27,1.0,full,1,core_learning_training_aware,0.7509342412264213,0.2,0.1,0.15,0.15,0.15,0.2,0.05
geometric,27,0.0,traditional_ppo,3,core_learning_training_aware,0.5968309692821906,0.2,0.1,0.15,0.15,0.15,0.2,0.05
arithmetic,27,0.0,traditional_ppo,3,core_learning_training_aware,0.6797157957703353,0.2,0.1,0.15,0.15,0.15,0.2,0.05
geometric,27,0.0,a2c_pointer,2,core_learning_training_aware,0.709823207125501,0.2,0.1,0.15,0.15,0.15,0.2,0.05
arithmetic,27,0.0,a2c_pointer,2,core_learning_training_aware,0.7471713704755174,0.2,0.1,0.15,0.15,0.15,0.2,0.05
geometric,28,1.0,full,1,core_learning_training_aware,0.7606871667924021,0.2,0.1,0.2,0.05,0.05,0.2,0.2
arithmetic,28,1.0,full,1,core_learning_training_aware,0.7993620825334937,0.2,0.1,0.2,0.05,0.05,0.2,0.2
geometric,28,0.0,traditional_ppo,3,core_learning_training_aware,0.48367496801022186,0.2,0.1,0.2,0.05,0.05,0.2,0.2
arithmetic,28,0.0,traditional_ppo,3,core_learning_training_aware,0.5950084752785035,0.2,0.1,0.2,0.05,0.05,0.2,0.2
geometric,28,0.0,a2c_pointer,2,core_learning_training_aware,0.7569445531738679,0.2,0.1,0.2,0.05,0.05,0.2,0.2
arithmetic,28,0.0,a2c_pointer,2,core_learning_training_aware,0.7934032730571402,0.2,0.1,0.2,0.05,0.05,0.2,0.2
geometric,29,1.0,full,1,core_learning_training_aware,0.7357103368585968,0.2,0.1,0.2,0.05,0.1,0.15,0.2
arithmetic,29,1.0,full,1,core_learning_training_aware,0.7753462365397489,0.2,0.1,0.2,0.05,0.1,0.15,0.2
geometric,29,0.0,traditional_ppo,3,core_learning_training_aware,0.4731262177573474,0.2,0.1,0.2,0.05,0.1,0.15,0.2
arithmetic,29,0.0,traditional_ppo,3,core_learning_training_aware,0.5774231182829102,0.2,0.1,0.2,0.05,0.1,0.15,0.2
geometric,29,0.0,a2c_pointer,2,core_learning_training_aware,0.733291284820537,0.2,0.1,0.2,0.05,0.1,0.15,0.2
arithmetic,29,0.0,a2c_pointer,2,core_learning_training_aware,0.7706044673119077,0.2,0.1,0.2,0.05,0.1,0.15,0.2
geometric,30,1.0,full,1,core_learning_training_aware,0.73648900568627,0.2,0.1,0.2,0.05,0.1,0.2,0.15
arithmetic,30,1.0,full,1,core_learning_training_aware,0.7763783363867556,0.2,0.1,0.2,0.05,0.1,0.2,0.15
geometric,30,0.0,traditional_ppo,3,core_learning_training_aware,0.5151769829814724,0.2,0.1,0.2,0.05,0.1,0.2,0.15
arithmetic,30,0.0,traditional_ppo,3,core_learning_training_aware,0.6177527309517452,0.2,0.1,0.2,0.05,0.1,0.2,0.15
geometric,30,0.0,a2c_pointer,2,core_learning_training_aware,0.7341891063750562,0.2,0.1,0.2,0.05,0.1,0.2,0.15
arithmetic,30,0.0,a2c_pointer,2,core_learning_training_aware,0.7717770906531017,0.2,0.1,0.2,0.05,0.1,0.2,0.15
geometric,31,1.0,full,1,core_learning_training_aware,0.7115536101955917,0.2,0.1,0.2,0.05,0.15,0.1,0.2
arithmetic,31,1.0,full,1,core_learning_training_aware,0.751330390546004,0.2,0.1,0.2,0.05,0.15,0.1,0.2
geometric,31,0.0,traditional_ppo,3,core_learning_training_aware,0.46280753136813596,0.2,0.1,0.2,0.05,0.15,0.1,0.2
arithmetic,31,0.0,traditional_ppo,3,core_learning_training_aware,0.5598377612873169,0.2,0.1,0.2,0.05,0.15,0.1,0.2
geometric,31,0.0,a2c_pointer,2,core_learning_training_aware,0.710377142076141,0.2,0.1,0.2,0.05,0.15,0.1,0.2
arithmetic,31,0.0,a2c_pointer,2,core_learning_training_aware,0.7478056615666752,0.2,0.1,0.2,0.05,0.15,0.1,0.2
geometric,32,1.0,full,1,core_learning_training_aware,0.7123067117733721,0.2,0.1,0.2,0.05,0.15,0.15,0.15
arithmetic,32,1.0,full,1,core_learning_training_aware,0.7523624903930106,0.2,0.1,0.2,0.05,0.15,0.15,0.15
geometric,32,0.0,traditional_ppo,3,core_learning_training_aware,0.5039411868602515,0.2,0.1,0.2,0.05,0.15,0.15,0.15
arithmetic,32,0.0,traditional_ppo,3,core_learning_training_aware,0.6001673739561518,0.2,0.1,0.2,0.05,0.15,0.15,0.15
geometric,32,0.0,a2c_pointer,2,core_learning_training_aware,0.7112469081884573,0.2,0.1,0.2,0.05,0.15,0.15,0.15
arithmetic,32,0.0,a2c_pointer,2,core_learning_training_aware,0.7489782849078692,0.2,0.1,0.2,0.05,0.15,0.15,0.15
geometric,33,1.0,full,1,core_learning_training_aware,0.7130606104267047,0.2,0.1,0.2,0.05,0.15,0.2,0.1
arithmetic,33,1.0,full,1,core_learning_training_aware,0.7533945902400172,0.2,0.1,0.2,0.05,0.15,0.2,0.1
geometric,33,0.0,traditional_ppo,3,core_learning_training_aware,0.5487307414021129,0.2,0.1,0.2,0.05,0.15,0.2,0.1
arithmetic,33,0.0,traditional_ppo,3,core_learning_training_aware,0.6404969866249868,0.2,0.1,0.2,0.05,0.15,0.2,0.1
geometric,33,0.0,a2c_pointer,2,core_learning_training_aware,0.7121177392183298,0.2,0.1,0.2,0.05,0.15,0.2,0.1
arithmetic,33,0.0,a2c_pointer,2,core_learning_training_aware,0.7501509082490632,0.2,0.1,0.2,0.05,0.15,0.2,0.1
geometric,34,1.0,full,1,core_learning_training_aware,0.7581056319024788,0.2,0.1,0.2,0.1,0.05,0.15,0.2
arithmetic,34,1.0,full,1,core_learning_training_aware,0.7961215127990673,0.2,0.1,0.2,0.1,0.05,0.15,0.2
geometric,34,0.0,traditional_ppo,3,core_learning_training_aware,0.4826835586671988,0.2,0.1,0.2,0.1,0.05,0.15,0.2
arithmetic,34,0.0,traditional_ppo,3,core_learning_training_aware,0.5930258497726952,0.2,0.1,0.2,0.1,0.05,0.15,0.2
geometric,34,0.0,a2c_pointer,2,core_learning_training_aware,0.7543928308490029,0.2,0.1,0.2,0.1,0.05,0.15,0.2
arithmetic,34,0.0,a2c_pointer,2,core_learning_training_aware,0.7902356475816916,0.2,0.1,0.2,0.1,0.05,0.15,0.2
geometric,35,1.0,full,1,core_learning_training_aware,0.7589080036975613,0.2,0.1,0.2,0.1,0.05,0.2,0.15
arithmetic,35,1.0,full,1,core_learning_training_aware,0.7971536126460741,0.2,0.1,0.2,0.1,0.05,0.2,0.15
geometric,35,0.0,traditional_ppo,3,core_learning_training_aware,0.5255837663523062,0.2,0.1,0.2,0.1,0.05,0.2,0.15
arithmetic,35,0.0,traditional_ppo,3,core_learning_training_aware,0.6333554624415303,0.2,0.1,0.2,0.1,0.05,0.2,0.15
geometric,35,0.0,a2c_pointer,2,core_learning_training_aware,0.7553164885524717,0.2,0.1,0.2,0.1,0.05,0.2,0.15
arithmetic,35,0.0,a2c_pointer,2,core_learning_training_aware,0.7914082709228857,0.2,0.1,0.2,0.1,0.05,0.2,0.15
geometric,36,1.0,full,1,core_learning_training_aware,0.7332135655360487,0.2,0.1,0.2,0.1,0.1,0.1,0.2
arithmetic,36,1.0,full,1,core_learning_training_aware,0.7721056668053226,0.2,0.1,0.2,0.1,0.1,0.1,0.2
geometric,36,0.0,traditional_ppo,3,core_learning_training_aware,0.4721564306405085,0.2,0.1,0.2,0.1,0.1,0.1,0.2
arithmetic,36,0.0,traditional_ppo,3,core_learning_training_aware,0.575440492777102,0.2,0.1,0.2,0.1,0.1,0.1,0.2
geometric,36,0.0,a2c_pointer,2,core_learning_training_aware,0.7308192996080669,0.2,0.1,0.2,0.1,0.1,0.1,0.2
arithmetic,36,0.0,a2c_pointer,2,core_learning_training_aware,0.7674368418364591,0.2,0.1,0.2,0.1,0.1,0.1,0.2
geometric,37,1.0,full,1,core_learning_training_aware,0.7339895918046857,0.2,0.1,0.2,0.1,0.1,0.15,0.15
arithmetic,37,1.0,full,1,core_learning_training_aware,0.7731377666523291,0.2,0.1,0.2,0.1,0.1,0.15,0.15
geometric,37,0.0,traditional_ppo,3,core_learning_training_aware,0.5141210026061814,0.2,0.1,0.2,0.1,0.1,0.15,0.15
arithmetic,37,0.0,traditional_ppo,3,core_learning_training_aware,0.6157701054459369,0.2,0.1,0.2,0.1,0.1,0.15,0.15
geometric,37,0.0,a2c_pointer,2,core_learning_training_aware,0.7317140945323068,0.2,0.1,0.2,0.1,0.1,0.15,0.15
arithmetic,37,0.0,a2c_pointer,2,core_learning_training_aware,0.7686094651776532,0.2,0.1,0.2,0.1,0.1,0.15,0.15
geometric,38,1.0,full,1,core_learning_training_aware,0.7347664394121494,0.2,0.1,0.2,0.1,0.1,0.2,0.1
arithmetic,38,1.0,full,1,core_learning_training_aware,0.7741698664993361,0.2,0.1,0.2,0.1,0.1,0.2,0.1
geometric,38,0.0,traditional_ppo,3,core_learning_training_aware,0.5598153242606877,0.2,0.1,0.2,0.1,0.1,0.2,0.1
arithmetic,38,0.0,traditional_ppo,3,core_learning_training_aware,0.6560997181147721,0.2,0.1,0.2,0.1,0.1,0.2,0.1
geometric,38,0.0,a2c_pointer,2,core_learning_training_aware,0.7326099850186875,0.2,0.1,0.2,0.1,0.1,0.2,0.1
arithmetic,38,0.0,a2c_pointer,2,core_learning_training_aware,0.7697820885188474,0.2,0.1,0.2,0.1,0.1,0.2,0.1
geometric,39,1.0,full,1,core_learning_training_aware,0.7091388192658111,0.2,0.1,0.2,0.1,0.15,0.05,0.2
arithmetic,39,1.0,full,1,core_learning_training_aware,0.7480898208115776,0.2,0.1,0.2,0.1,0.15,0.05,0.2
geometric,39,0.0,traditional_ppo,3,core_learning_training_aware,0.4618588949057046,0.2,0.1,0.2,0.1,0.15,0.05,0.2
arithmetic,39,0.0,traditional_ppo,3,core_learning_training_aware,0.5578551357815086,0.2,0.1,0.2,0.1,0.15,0.05,0.2
geometric,39,0.0,a2c_pointer,2,core_learning_training_aware,0.7079824023228671,0.2,0.1,0.2,0.1,0.15,0.05,0.2
arithmetic,39,0.0,a2c_pointer,2,core_learning_training_aware,0.7446380360912266,0.2,0.1,0.2,0.1,0.15,0.05,0.2
geometric,40,1.0,full,1,core_learning_training_aware,0.7098893650518239,0.2,0.1,0.2,0.1,0.15,0.1,0.15
arithmetic,40,1.0,full,1,core_learning_training_aware,0.7491219206585844,0.2,0.1,0.2,0.1,0.15,0.1,0.15
geometric,40,0.0,traditional_ppo,3,core_learning_training_aware,0.5029082369785515,0.2,0.1,0.2,0.1,0.15,0.1,0.15
arithmetic,40,0.0,traditional_ppo,3,core_learning_training_aware,0.5981847484503436,0.2,0.1,0.2,0.1,0.15,0.1,0.15
geometric,40,0.0,a2c_pointer,2,core_learning_training_aware,0.7088492363821065,0.2,0.1,0.2,0.1,0.15,0.1,0.15
arithmetic,40,0.0,a2c_pointer,2,core_learning_training_aware,0.7458106594324206,0.2,0.1,0.2,0.1,0.15,0.1,0.15
geometric,41,1.0,full,1,core_learning_training_aware,0.7106407052083628,0.2,0.1,0.2,0.1,0.15,0.15,0.1
arithmetic,41,1.0,full,1,core_learning_training_aware,0.750154020505591,0.2,0.1,0.2,0.1,0.15,0.15,0.1
geometric,41,0.0,traditional_ppo,3,core_learning_training_aware,0.5476059844479375,0.2,0.1,0.2,0.1,0.15,0.15,0.1
arithmetic,41,0.0,traditional_ppo,3,core_learning_training_aware,0.6385143611191786,0.2,0.1,0.2,0.1,0.15,0.15,0.1
geometric,41,0.0,a2c_pointer,2,core_learning_training_aware,0.7097171317689773,0.2,0.1,0.2,0.1,0.15,0.15,0.1
arithmetic,41,0.0,a2c_pointer,2,core_learning_training_aware,0.7469832827736149,0.2,0.1,0.2,0.1,0.15,0.15,0.1
geometric,42,1.0,full,1,core_learning_training_aware,0.7113928405761819,0.2,0.1,0.2,0.1,0.15,0.2,0.05
arithmetic,42,1.0,full,1,core_learning_training_aware,0.7511861203525978,0.2,0.1,0.2,0.1,0.15,0.2,0.05
geometric,42,0.0,traditional_ppo,3,core_learning_training_aware,0.5962764022415167,0.2,0.1,0.2,0.1,0.15,0.2,0.05
arithmetic,42,0.0,traditional_ppo,3,core_learning_training_aware,0.6788439737880138,0.2,0.1,0.2,0.1,0.15,0.2,0.05
geometric,42,0.0,a2c_pointer,2,core_learning_training_aware,0.7105860897829399,0.2,0.1,0.2,0.1,0.15,0.2,0.05
arithmetic,42,0.0,a2c_pointer,2,core_learning_training_aware,0.748155906114809,0.2,0.1,0.2,0.1,0.15,0.2,0.05
geometric,43,1.0,full,1,core_learning_training_aware,0.7555328579364661,0.2,0.1,0.2,0.15,0.05,0.1,0.2
arithmetic,43,1.0,full,1,core_learning_training_aware,0.7928809430646411,0.2,0.1,0.2,0.15,0.05,0.1,0.2
geometric,43,0.0,traditional_ppo,3,core_learning_training_aware,0.4816941814584611,0.2,0.1,0.2,0.15,0.05,0.1,0.2
arithmetic,43,0.0,traditional_ppo,3,core_learning_training_aware,0.591043224266887,0.2,0.1,0.2,0.15,0.05,0.1,0.2
geometric,43,0.0,a2c_pointer,2,core_learning_training_aware,0.7518497105898979,0.2,0.1,0.2,0.15,0.05,0.1,0.2
arithmetic,43,0.0,a2c_pointer,2,core_learning_training_aware,0.787068022106243,0.2,0.1,0.2,0.15,0.05,0.1,0.2
geometric,44,1.0,full,1,core_learning_training_aware,0.7563325067320369,0.2,0.1,0.2,0.15,0.05,0.15,0.15
arithmetic,44,1.0,full,1,core_learning_training_aware,0.7939130429116477,0.2,0.1,0.2,0.15,0.05,0.15,0.15
geometric,44,0.0,traditional_ppo,3,core_learning_training_aware,0.524506454746443,0.2,0.1,0.2,0.15,0.05,0.15,0.15
arithmetic,44,0.0,traditional_ppo,3,core_learning_training_aware,0.631372836935722,0.2,0.1,0.2,0.15,0.05,0.15,0.15
geometric,44,0.0,a2c_pointer,2,core_learning_training_aware,0.7527702545673051,0.2,0.1,0.2,0.15,0.05,0.15,0.15
arithmetic,44,0.0,a2c_pointer,2,core_learning_training_aware,0.7882406454474372,0.2,0.1,0.2,0.15,0.05,0.15,0.15
geometric,45,1.0,full,1,core_learning_training_aware,0.7571330018682925,0.2,0.1,0.2,0.15,0.05,0.2,0.1
arithmetic,45,1.0,full,1,core_learning_training_aware,0.7949451427586542,0.2,0.1,0.2,0.15,0.05,0.2,0.1
geometric,45,0.0,traditional_ppo,3,core_learning_training_aware,0.5711238201751173,0.2,0.1,0.2,0.15,0.05,0.2,0.1
arithmetic,45,0.0,traditional_ppo,3,core_learning_training_aware,0.6717024496045569,0.2,0.1,0.2,0.15,0.05,0.2,0.1
geometric,45,0.0,a2c_pointer,2,core_learning_training_aware,0.7536919256332811,0.2,0.1,0.2,0.15,0.05,0.2,0.1
arithmetic,45,0.0,a2c_pointer,2,core_learning_training_aware,0.789413268788631,0.2,0.1,0.2,0.15,0.05,0.2,0.1
geometric,46,1.0,full,1,core_learning_training_aware,0.7307252674763117,0.2,0.1,0.2,0.15,0.1,0.05,0.2
arithmetic,46,1.0,full,1,core_learning_training_aware,0.768865097070896,0.2,0.1,0.2,0.15,0.1,0.05,0.2
geometric,46,0.0,traditional_ppo,3,core_learning_training_aware,0.47118863133794975,0.2,0.1,0.2,0.15,0.1,0.05,0.2
arithmetic,46,0.0,traditional_ppo,3,core_learning_training_aware,0.5734578672712937,0.2,0.1,0.2,0.15,0.1,0.05,0.2
geometric,46,0.0,a2c_pointer,2,core_learning_training_aware,0.7283556476609951,0.2,0.1,0.2,0.15,0.1,0.05,0.2
arithmetic,46,0.0,a2c_pointer,2,core_learning_training_aware,0.7642692163610105,0.2,0.1,0.2,0.15,0.1,0.05,0.2
geometric,47,1.0,full,1,core_learning_training_aware,0.7314986601539333,0.2,0.1,0.2,0.15,0.1,0.1,0.15
arithmetic,47,1.0,full,1,core_learning_training_aware,0.7698971969179027,0.2,0.1,0.2,0.15,0.1,0.1,0.15
geometric,47,0.0,traditional_ppo,3,core_learning_training_aware,0.5130671867191923,0.2,0.1,0.2,0.15,0.1,0.1,0.15
arithmetic,47,0.0,traditional_ppo,3,core_learning_training_aware,0.6137874799401287,0.2,0.1,0.2,0.15,0.1,0.1,0.15
geometric,47,0.0,a2c_pointer,2,core_learning_training_aware,0.7292474261579752,0.2,0.1,0.2,0.15,0.1,0.1,0.15
arithmetic,47,0.0,a2c_pointer,2,core_learning_training_aware,0.7654418397022046,0.2,0.1,0.2,0.15,0.1,0.1,0.15
geometric,48,1.0,full,1,core_learning_training_aware,0.732272871383014,0.2,0.1,0.2,0.15,0.1,0.15,0.1
arithmetic,48,1.0,full,1,core_learning_training_aware,0.7709292967649095,0.2,0.1,0.2,0.15,0.1,0.15,0.1
geometric,48,0.0,traditional_ppo,3,core_learning_training_aware,0.5586678467612365,0.2,0.1,0.2,0.15,0.1,0.15,0.1
arithmetic,48,0.0,traditional_ppo,3,core_learning_training_aware,0.6541170926089637,0.2,0.1,0.2,0.15,0.1,0.15,0.1
geometric,48,0.0,a2c_pointer,2,core_learning_training_aware,0.7301402965238661,0.2,0.1,0.2,0.15,0.1,0.15,0.1
arithmetic,48,0.0,a2c_pointer,2,core_learning_training_aware,0.7666144630433989,0.2,0.1,0.2,0.15,0.1,0.15,0.1
geometric,49,1.0,full,1,core_learning_training_aware,0.7330479020299007,0.2,0.1,0.2,0.15,0.1,0.2,0.05
arithmetic,49,1.0,full,1,core_learning_training_aware,0.7719613966119162,0.2,0.1,0.2,0.15,0.1,0.2,0.05
geometric,49,0.0,traditional_ppo,3,core_learning_training_aware,0.6083214266743935,0.2,0.1,0.2,0.15,0.1,0.2,0.05
arithmetic,49,0.0,traditional_ppo,3,core_learning_training_aware,0.6944467052777988,0.2,0.1,0.2,0.15,0.1,0.2,0.05
geometric,49,0.0,a2c_pointer,2,core_learning_training_aware,0.7310342600955219,0.2,0.1,0.2,0.15,0.1,0.2,0.05
arithmetic,49,0.0,a2c_pointer,2,core_learning_training_aware,0.7677870863845929,0.2,0.1,0.2,0.15,0.1,0.2,0.05
geometric,50,1.0,full,1,core_learning_training_aware,0.7074802220507737,0.2,0.1,0.2,0.15,0.15,0.05,0.15
arithmetic,50,1.0,full,1,core_learning_training_aware,0.7458813509241579,0.2,0.1,0.2,0.15,0.15,0.05,0.15
geometric,50,0.0,traditional_ppo,3,core_learning_training_aware,0.501877404378562,0.2,0.1,0.2,0.15,0.15,0.05,0.15
arithmetic,50,0.0,traditional_ppo,3,core_learning_training_aware,0.5962021229445353,0.2,0.1,0.2,0.15,0.15,0.05,0.15
geometric,50,0.0,a2c_pointer,2,core_learning_training_aware,0.7064596473245519,0.2,0.1,0.2,0.15,0.15,0.05,0.15
arithmetic,50,0.0,a2c_pointer,2,core_learning_training_aware,0.7426430339569721,0.2,0.1,0.2,0.15,0.15,0.05,0.15
geometric,51,1.0,full,1,core_learning_training_aware,0.7082290123932589,0.2,0.1,0.2,0.15,0.15,0.1,0.1
arithmetic,51,1.0,full,1,core_learning_training_aware,0.7469134507711646,0.2,0.1,0.2,0.15,0.15,0.1,0.1
geometric,51,0.0,traditional_ppo,3,core_learning_training_aware,0.5464835329563698,0.2,0.1,0.2,0.15,0.15,0.1,0.1
arithmetic,51,0.0,traditional_ppo,3,core_learning_training_aware,0.6365317356133704,0.2,0.1,0.2,0.15,0.15,0.1,0.1
geometric,51,0.0,a2c_pointer,2,core_learning_training_aware,0.7073246169647152,0.2,0.1,0.2,0.15,0.15,0.1,0.1
arithmetic,51,0.0,a2c_pointer,2,core_learning_training_aware,0.7438156572981662,0.2,0.1,0.2,0.15,0.15,0.1,0.1
geometric,52,1.0,full,1,core_learning_training_aware,0.7089785952483254,0.2,0.1,0.2,0.15,0.15,0.15,0.05
arithmetic,52,1.0,full,1,core_learning_training_aware,0.7479455506181714,0.2,0.1,0.2,0.15,0.15,0.15,0.05
geometric,52,0.0,traditional_ppo,3,core_learning_training_aware,0.5950541889054858,0.2,0.1,0.2,0.15,0.15,0.15,0.05
arithmetic,52,0.0,traditional_ppo,3,core_learning_training_aware,0.6768613482822055,0.2,0.1,0.2,0.15,0.15,0.15,0.05
geometric,52,0.0,a2c_pointer,2,core_learning_training_aware,0.7081906456497669,0.2,0.1,0.2,0.15,0.15,0.15,0.05
arithmetic,52,0.0,a2c_pointer,2,core_learning_training_aware,0.7449882806393604,0.2,0.1,0.2,0.15,0.15,0.15,0.05
geometric,53,1.0,full,1,core_learning_training_aware,0.758312375557254,0.2,0.1,0.25,0.05,0.05,0.15,0.2
arithmetic,53,1.0,full,1,core_learning_training_aware,0.7963733919252433,0.2,0.1,0.25,0.05,0.05,0.15,0.2
geometric,53,0.0,traditional_ppo,3,core_learning_training_aware,0.4822350558138132,0.2,0.1,0.25,0.05,0.05,0.15,0.2
arithmetic,53,0.0,traditional_ppo,3,core_learning_training_aware,0.5921540277903735,0.2,0.1,0.25,0.05,0.05,0.15,0.2
geometric,53,0.0,a2c_pointer,2,core_learning_training_aware,0.7552036147199356,0.2,0.1,0.25,0.05,0.05,0.15,0.2
arithmetic,53,0.0,a2c_pointer,2,core_learning_training_aware,0.7912201832209829,0.2,0.1,0.25,0.05,0.05,0.15,0.2
geometric,54,1.0,full,1,core_learning_training_aware,0.7591149661678556,0.2,0.1,0.25,0.05,0.05,0.2,0.15
arithmetic,54,1.0,full,1,core_learning_training_aware,0.7974054917722502,0.2,0.1,0.25,0.05,0.05,0.2,0.15
geometric,54,0.0,traditional_ppo,3,core_learning_training_aware,0.5250954012222546,0.2,0.1,0.25,0.05,0.05,0.2,0.15
arithmetic,54,0.0,traditional_ppo,3,core_learning_training_aware,0.6324836404592087,0.2,0.1,0.25,0.05,0.05,0.2,0.15
geometric,54,0.0,a2c_pointer,2,core_learning_training_aware,0.7561282651247365,0.2,0.1,0.25,0.05,0.05,0.2,0.15
arithmetic,54,0.0,a2c_pointer,2,core_learning_training_aware,0.7923928065621771,0.2,0.1,0.25,0.05,0.05,0.2,0.15
geometric,55,1.0,full,1,core_learning_training_aware,0.7334135208534748,0.2,0.1,0.25,0.05,0.1,0.1,0.2
arithmetic,55,1.0,full,1,core_learning_training_aware,0.7723575459314986,0.2,0.1,0.25,0.05,0.1,0.1,0.2
geometric,55,0.0,traditional_ppo,3,core_learning_training_aware,0.47171770944815755,0.2,0.1,0.25,0.05,0.1,0.1,0.2
arithmetic,55,0.0,traditional_ppo,3,core_learning_training_aware,0.5745686707947804,0.2,0.1,0.25,0.05,0.1,0.1,0.2
geometric,55,0.0,a2c_pointer,2,core_learning_training_aware,0.7316047478207993,0.2,0.1,0.25,0.05,0.1,0.1,0.2
arithmetic,55,0.0,a2c_pointer,2,core_learning_training_aware,0.7684213774757506,0.2,0.1,0.25,0.05,0.1,0.1,0.2
geometric,56,1.0,full,1,core_learning_training_aware,0.7341897587529191,0.2,0.1,0.25,0.05,0.1,0.15,0.15
arithmetic,56,1.0,full,1,core_learning_training_aware,0.7733896457785053,0.2,0.1,0.25,0.05,0.1,0.15,0.15
geometric,56,0.0,traditional_ppo,3,core_learning_training_aware,0.5136432885168698,0.2,0.1,0.25,0.05,0.1,0.15,0.15
arithmetic,56,0.0,traditional_ppo,3,core_learning_training_aware,0.6148982834636153,0.2,0.1,0.25,0.05,0.1,0.15,0.15
geometric,56,0.0,a2c_pointer,2,core_learning_training_aware,0.7325005044260928,0.2,0.1,0.25,0.05,0.1,0.15,0.15
arithmetic,56,0.0,a2c_pointer,2,core_learning_training_aware,0.7695940008169446,0.2,0.1,0.25,0.05,0.1,0.15,0.15
geometric,57,1.0,full,1,core_learning_training_aware,0.7349668182151784,0.2,0.1,0.25,0.05,0.1,0.2,0.1
arithmetic,57,1.0,full,1,core_learning_training_aware,0.7744217456255118,0.2,0.1,0.25,0.05,0.1,0.2,0.1
geometric,57,0.0,traditional_ppo,3,core_learning_training_aware,0.5592951516428485,0.2,0.1,0.25,0.05,0.1,0.2,0.1
arithmetic,57,0.0,traditional_ppo,3,core_learning_training_aware,0.6552278961324502,0.2,0.1,0.25,0.05,0.1,0.2,0.1
geometric,57,0.0,a2c_pointer,2,core_learning_training_aware,0.7333973577709828,0.2,0.1,0.25,0.05,0.1,0.2,0.1
arithmetic,57,0.0,a2c_pointer,2,core_learning_training_aware,0.7707666241581386,0.2,0.1,0.25,0.05,0.1,0.2,0.1
geometric,58,1.0,full,1,core_learning_training_aware,0.7093322091379718,0.2,0.1,0.25,0.05,0.15,0.05,0.2
arithmetic,58,1.0,full,1,core_learning_training_aware,0.7483416999377536,0.2,0.1,0.25,0.05,0.15,0.05,0.2
geometric,58,0.0,traditional_ppo,3,core_learning_training_aware,0.46142974204042225,0.2,0.1,0.25,0.05,0.15,0.05,0.2
arithmetic,58,0.0,traditional_ppo,3,core_learning_training_aware,0.5569833137991869,0.2,0.1,0.25,0.05,0.15,0.05,0.2
geometric,58,0.0,a2c_pointer,2,core_learning_training_aware,0.7087433065749152,0.2,0.1,0.25,0.05,0.15,0.05,0.2
arithmetic,58,0.0,a2c_pointer,2,core_learning_training_aware,0.7456225717305178,0.2,0.1,0.25,0.05,0.15,0.05,0.2
geometric,59,1.0,full,1,core_learning_training_aware,0.7100829596059871,0.2,0.1,0.25,0.05,0.15,0.1,0.15
arithmetic,59,1.0,full,1,core_learning_training_aware,0.7493737997847605,0.2,0.1,0.25,0.05,0.15,0.1,0.15
geometric,59,0.0,traditional_ppo,3,core_learning_training_aware,0.502440941635203,0.2,0.1,0.25,0.05,0.15,0.1,0.15
arithmetic,59,0.0,traditional_ppo,3,core_learning_training_aware,0.597312926468022,0.2,0.1,0.25,0.05,0.15,0.1,0.15
geometric,59,0.0,a2c_pointer,2,core_learning_training_aware,0.7096110722642618,0.2,0.1,0.25,0.05,0.15,0.1,0.15
arithmetic,59,0.0,a2c_pointer,2,core_learning_training_aware,0.7467951950717121,0.2,0.1,0.25,0.05,0.15,0.1,0.15
geometric,60,1.0,full,1,core_learning_training_aware,0.710834504661162,0.2,0.1,0.25,0.05,0.15,0.15,0.1
arithmetic,60,1.0,full,1,core_learning_training_aware,0.7504058996317668,0.2,0.1,0.25,0.05,0.15,0.15,0.1
geometric,60,0.0,traditional_ppo,3,core_learning_training_aware,0.5470971565789416,0.2,0.1,0.25,0.05,0.15,0.15,0.1
arithmetic,60,0.0,traditional_ppo,3,core_learning_training_aware,0.6376425391368569,0.2,0.1,0.25,0.05,0.15,0.15,0.1
geometric,60,0.0,a2c_pointer,2,core_learning_training_aware,0.7104799004219022,0.2,0.1,0.25,0.05,0.15,0.15,0.1
arithmetic,60,0.0,a2c_pointer,2,core_learning_training_aware,0.747967818412906,0.2,0.1,0.25,0.05,0.15,0.15,0.1
geometric,61,1.0,full,1,core_learning_training_aware,0.71158684514448,0.2,0.1,0.25,0.05,0.15,0.2,0.05
arithmetic,61,1.0,full,1,core_learning_training_aware,0.7514379994787737,0.2,0.1,0.25,0.05,0.15,0.2,0.05
geometric,61,0.0,traditional_ppo,3,core_learning_training_aware,0.5957223504968285,0.2,0.1,0.25,0.05,0.15,0.2,0.05
arithmetic,61,0.0,traditional_ppo,3,core_learning_training_aware,0.677972151805692,0.2,0.1,0.25,0.05,0.15,0.2,0.05
geometric,61,0.0,a2c_pointer,2,core_learning_training_aware,0.7113497923486931,0.2,0.1,0.25,0.05,0.15,0.2,0.05
arithmetic,61,0.0,a2c_pointer,2,core_learning_training_aware,0.7491404417541002,0.2,0.1,0.25,0.05,0.15,0.2,0.05
geometric,62,1.0,full,1,core_learning_training_aware,0.7557388999677862,0.2,0.1,0.25,0.1,0.05,0.1,0.2
arithmetic,62,1.0,full,1,core_learning_training_aware,0.7931328221908172,0.2,0.1,0.25,0.1,0.05,0.1,0.2
geometric,62,0.0,traditional_ppo,3,core_learning_training_aware,0.48124659792062535,0.2,0.1,0.25,0.1,0.05,0.1,0.2
arithmetic,62,0.0,traditional_ppo,3,core_learning_training_aware,0.5901714022845654,0.2,0.1,0.25,0.1,0.05,0.1,0.2
geometric,62,0.0,a2c_pointer,2,core_learning_training_aware,0.7526577612417389,0.2,0.1,0.25,0.1,0.05,0.1,0.2
arithmetic,62,0.0,a2c_pointer,2,core_learning_training_aware,0.7880525577455345,0.2,0.1,0.25,0.1,0.05,0.1,0.2
geometric,63,1.0,full,1,core_learning_training_aware,0.7565387668362846,0.2,0.1,0.25,0.1,0.05,0.15,0.15
arithmetic,63,1.0,full,1,core_learning_training_aware,0.7941649220378237,0.2,0.1,0.25,0.1,0.05,0.15,0.15
geometric,63,0.0,traditional_ppo,3,core_learning_training_aware,0.5240190906393609,0.2,0.1,0.25,0.1,0.05,0.15,0.15
arithmetic,63,0.0,traditional_ppo,3,core_learning_training_aware,0.6305010149534004,0.2,0.1,0.25,0.1,0.05,0.15,0.15
geometric,63,0.0,a2c_pointer,2,core_learning_training_aware,0.7535792945740005,0.2,0.1,0.25,0.1,0.05,0.15,0.15
arithmetic,63,0.0,a2c_pointer,2,core_learning_training_aware,0.7892251810867287,0.2,0.1,0.25,0.1,0.05,0.15,0.15
geometric,64,1.0,full,1,core_learning_training_aware,0.7573394802762741,0.2,0.1,0.25,0.1,0.05,0.2,0.1
arithmetic,64,1.0,full,1,core_learning_training_aware,0.7951970218848303,0.2,0.1,0.25,0.1,0.05,0.2,0.1
geometric,64,0.0,traditional_ppo,3,core_learning_training_aware,0.5705931398600629,0.2,0.1,0.25,0.1,0.05,0.2,0.1
arithmetic,64,0.0,traditional_ppo,3,core_learning_training_aware,0.6708306276222353,0.2,0.1,0.25,0.1,0.05,0.2,0.1
geometric,64,0.0,a2c_pointer,2,core_learning_training_aware,0.7545019562061697,0.2,0.1,0.25,0.1,0.05,0.2,0.1
arithmetic,64,0.0,a2c_pointer,2,core_learning_training_aware,0.7903978044279225,0.2,0.1,0.25,0.1,0.05,0.2,0.1
geometric,65,1.0,full,1,core_learning_training_aware,0.7309245442077817,0.2,0.1,0.25,0.1,0.1,0.05,0.2
arithmetic,65,1.0,full,1,core_learning_training_aware,0.7691169761970722,0.2,0.1,0.25,0.1,0.1,0.05,0.2
geometric,65,0.0,traditional_ppo,3,core_learning_training_aware,0.4707508094112583,0.2,0.1,0.25,0.1,0.1,0.05,0.2
arithmetic,65,0.0,traditional_ppo,3,core_learning_training_aware,0.5725860452889721,0.2,0.1,0.25,0.1,0.1,0.05,0.2
geometric,65,0.0,a2c_pointer,2,core_learning_training_aware,0.7291384480632227,0.2,0.1,0.25,0.1,0.1,0.05,0.2
arithmetic,65,0.0,a2c_pointer,2,core_learning_training_aware,0.765253752000302,0.2,0.1,0.25,0.1,0.1,0.05,0.2
geometric,66,1.0,full,1,core_learning_training_aware,0.7316981477980018,0.2,0.1,0.25,0.1,0.1,0.1,0.15
arithmetic,66,1.0,full,1,core_learning_training_aware,0.770149076044079,0.2,0.1,0.25,0.1,0.1,0.1,0.15
geometric,66,0.0,traditional_ppo,3,core_learning_training_aware,0.5125904518209548,0.2,0.1,0.25,0.1,0.1,0.1,0.15
arithmetic,66,0.0,traditional_ppo,3,core_learning_training_aware,0.6129156579578071,0.2,0.1,0.25,0.1,0.1,0.1,0.15
geometric,66,0.0,a2c_pointer,2,core_learning_training_aware,0.7300311849993505,0.2,0.1,0.25,0.1,0.1,0.1,0.15
arithmetic,66,0.0,a2c_pointer,2,core_learning_training_aware,0.766426375341496,0.2,0.1,0.25,0.1,0.1,0.1,0.15
geometric,67,1.0,full,1,core_learning_training_aware,0.7324725701629088,0.2,0.1,0.25,0.1,0.1,0.15,0.1
arithmetic,67,1.0,full,1,core_learning_training_aware,0.7711811758910856,0.2,0.1,0.25,0.1,0.1,0.15,0.1
geometric,67,0.0,traditional_ppo,3,core_learning_training_aware,0.5581487403635397,0.2,0.1,0.25,0.1,0.1,0.15,0.1
arithmetic,67,0.0,traditional_ppo,3,core_learning_training_aware,0.6532452706266421,0.2,0.1,0.25,0.1,0.1,0.15,0.1
geometric,67,0.0,a2c_pointer,2,core_learning_training_aware,0.7309250149778754,0.2,0.1,0.25,0.1,0.1,0.15,0.1
arithmetic,67,0.0,a2c_pointer,2,core_learning_training_aware,0.7675989986826903,0.2,0.1,0.25,0.1,0.1,0.15,0.1
geometric,68,1.0,full,1,core_learning_training_aware,0.7332478121690861,0.2,0.1,0.25,0.1,0.1,0.2,0.05
arithmetic,68,1.0,full,1,core_learning_training_aware,0.7722132757380924,0.2,0.1,0.25,0.1,0.1,0.2,0.05
geometric,68,0.0,traditional_ppo,3,core_learning_training_aware,0.6077561828604288,0.2,0.1,0.25,0.1,0.1,0.2,0.05
arithmetic,68,0.0,traditional_ppo,3,core_learning_training_aware,0.6935748832954772,0.2,0.1,0.25,0.1,0.1,0.2,0.05
geometric,68,0.0,a2c_pointer,2,core_learning_training_aware,0.7318199393370882,0.2,0.1,0.25,0.1,0.1,0.2,0.05
arithmetic,68,0.0,a2c_pointer,2,core_learning_training_aware,0.7687716220238844,0.2,0.1,0.25,0.1,0.1,0.2,0.05
geometric,69,1.0,full,1,core_learning_training_aware,0.7076731596054265,0.2,0.1,0.25,0.1,0.15,0.05,0.15
arithmetic,69,1.0,full,1,core_learning_training_aware,0.746133230050334,0.2,0.1,0.25,0.1,0.15,0.05,0.15
geometric,69,0.0,traditional_ppo,3,core_learning_training_aware,0.5014110668705368,0.2,0.1,0.25,0.1,0.15,0.05,0.15
arithmetic,69,0.0,traditional_ppo,3,core_learning_training_aware,0.5953303009622137,0.2,0.1,0.25,0.1,0.15,0.05,0.15
geometric,69,0.0,a2c_pointer,2,core_learning_training_aware,0.7072189149953103,0.2,0.1,0.25,0.1,0.15,0.05,0.15
arithmetic,69,0.0,a2c_pointer,2,core_learning_training_aware,0.7436275695962635,0.2,0.1,0.25,0.1,0.15,0.05,0.15
geometric,70,1.0,full,1,core_learning_training_aware,0.7084221541511857,0.2,0.1,0.25,0.1,0.15,0.1,0.1
arithmetic,70,1.0,full,1,core_learning_training_aware,0.7471653298973409,0.2,0.1,0.25,0.1,0.15,0.1,0.1
geometric,70,0.0,traditional_ppo,3,core_learning_training_aware,0.5459757480536978,0.2,0.1,0.25,0.1,0.15,0.1,0.1
arithmetic,70,0.0,traditional_ppo,3,core_learning_training_aware,0.6356599136310488,0.2,0.1,0.25,0.1,0.15,0.1,0.1
geometric,70,0.0,a2c_pointer,2,core_learning_training_aware,0.708084814261796,0.2,0.1,0.25,0.1,0.15,0.1,0.1
arithmetic,70,0.0,a2c_pointer,2,core_learning_training_aware,0.7448001929374577,0.2,0.1,0.25,0.1,0.15,0.1,0.1
geometric,71,1.0,full,1,core_learning_training_aware,0.7091719414256531,0.2,0.1,0.25,0.1,0.15,0.15,0.05
arithmetic,71,1.0,full,1,core_learning_training_aware,0.7481974297443474,0.2,0.1,0.25,0.1,0.15,0.15,0.05
geometric,71,0.0,traditional_ppo,3,core_learning_training_aware,0.5945012728244405,0.2,0.1,0.25,0.1,0.15,0.15,0.05
arithmetic,71,0.0,traditional_ppo,3,core_learning_training_aware,0.6759895262998838,0.2,0.1,0.25,0.1,0.15,0.15,0.05
geometric,71,0.0,a2c_pointer,2,core_learning_training_aware,0.708951773711379,0.2,0.1,0.25,0.1,0.15,0.15,0.05
arithmetic,71,0.0,a2c_pointer,2,core_learning_training_aware,0.7459728162786519,0.2,0.1,0.25,0.1,0.15,0.15,0.05
geometric,72,1.0,full,1,core_learning_training_aware,0.7531741579514779,0.2,0.1,0.25,0.15,0.05,0.05,0.2
arithmetic,72,1.0,full,1,core_learning_training_aware,0.7898922524563905,0.2,0.1,0.25,0.15,0.05,0.05,0.2
geometric,72,0.0,traditional_ppo,3,core_learning_training_aware,0.4802601661120095,0.2,0.1,0.25,0.15,0.05,0.05,0.2
arithmetic,72,0.0,traditional_ppo,3,core_learning_training_aware,0.588188776778757,0.2,0.1,0.25,0.15,0.05,0.05,0.2
geometric,72,0.0,a2c_pointer,2,core_learning_training_aware,0.7501204900449379,0.2,0.1,0.25,0.15,0.05,0.05,0.2
arithmetic,72,0.0,a2c_pointer,2,core_learning_training_aware,0.7848849322700857,0.2,0.1,0.25,0.15,0.05,0.05,0.2
geometric,73,1.0,full,1,core_learning_training_aware,0.7539713103214037,0.2,0.1,0.25,0.15,0.05,0.1,0.15
arithmetic,73,1.0,full,1,core_learning_training_aware,0.7909243523033975,0.2,0.1,0.25,0.15,0.05,0.1,0.15
geometric,73,0.0,traditional_ppo,3,core_learning_training_aware,0.5229449862164682,0.2,0.1,0.25,0.15,0.05,0.1,0.15
arithmetic,73,0.0,traditional_ppo,3,core_learning_training_aware,0.6285183894475922,0.2,0.1,0.25,0.15,0.05,0.1,0.15
geometric,73,0.0,a2c_pointer,2,core_learning_training_aware,0.7510389168125677,0.2,0.1,0.25,0.15,0.05,0.1,0.15
arithmetic,73,0.0,a2c_pointer,2,core_learning_training_aware,0.78605755561128,0.2,0.1,0.25,0.15,0.05,0.1,0.15
geometric,74,1.0,full,1,core_learning_training_aware,0.7547693063898213,0.2,0.1,0.25,0.15,0.05,0.15,0.1
arithmetic,74,1.0,full,1,core_learning_training_aware,0.7919564521504039,0.2,0.1,0.25,0.15,0.05,0.15,0.1
geometric,74,0.0,traditional_ppo,3,core_learning_training_aware,0.5694235706093546,0.2,0.1,0.25,0.15,0.05,0.15,0.1
arithmetic,74,0.0,traditional_ppo,3,core_learning_training_aware,0.668848002116427,0.2,0.1,0.25,0.15,0.05,0.15,0.1
geometric,74,0.0,a2c_pointer,2,core_learning_training_aware,0.7519584680765135,0.2,0.1,0.25,0.15,0.05,0.15,0.1
arithmetic,74,0.0,a2c_pointer,2,core_learning_training_aware,0.787230178952474,0.2,0.1,0.25,0.15,0.05,0.15,0.1
geometric,75,1.0,full,1,core_learning_training_aware,0.7555681470496927,0.2,0.1,0.25,0.15,0.05,0.2,0.05
arithmetic,75,1.0,full,1,core_learning_training_aware,0.7929885519974107,0.2,0.1,0.25,0.15,0.05,0.2,0.05
geometric,75,0.0,traditional_ppo,3,core_learning_training_aware,0.6200331035037193,0.2,0.1,0.25,0.15,0.05,0.2,0.05
arithmetic,75,0.0,traditional_ppo,3,core_learning_training_aware,0.7091776147852622,0.2,0.1,0.25,0.15,0.05,0.2,0.05
geometric,75,0.0,a2c_pointer,2,core_learning_training_aware,0.7528791452135771,0.2,0.1,0.25,0.15,0.05,0.2,0.05
arithmetic,75,0.0,a2c_pointer,2,core_learning_training_aware,0.7884028022936681,0.2,0.1,0.25,0.15,0.05,0.2,0.05
geometric,76,1.0,full,1,core_learning_training_aware,0.7292149925932182,0.2,0.1,0.25,0.15,0.1,0.05,0.15
arithmetic,76,1.0,full,1,core_learning_training_aware,0.7669085063096525,0.2,0.1,0.25,0.15,0.1,0.05,0.15
geometric,76,0.0,traditional_ppo,3,core_learning_training_aware,0.5115397731696069,0.2,0.1,0.25,0.15,0.1,0.05,0.15
arithmetic,76,0.0,traditional_ppo,3,core_learning_training_aware,0.6109330324519988,0.2,0.1,0.25,0.15,0.1,0.05,0.15
geometric,76,0.0,a2c_pointer,2,core_learning_training_aware,0.7275701898514236,0.2,0.1,0.25,0.15,0.1,0.05,0.15
arithmetic,76,0.0,a2c_pointer,2,core_learning_training_aware,0.7632587498660475,0.2,0.1,0.25,0.15,0.1,0.05,0.15
geometric,77,1.0,full,1,core_learning_training_aware,0.7299867868102585,0.2,0.1,0.25,0.15,0.1,0.1,0.1
arithmetic,77,1.0,full,1,core_learning_training_aware,0.7679406061566592,0.2,0.1,0.25,0.15,0.1,0.1,0.1
geometric,77,0.0,traditional_ppo,3,core_learning_training_aware,0.5570046789326383,0.2,0.1,0.25,0.15,0.1,0.1,0.1
arithmetic,77,0.0,traditional_ppo,3,core_learning_training_aware,0.6512626451208339,0.2,0.1,0.25,0.15,0.1,0.1,0.1
geometric,77,0.0,a2c_pointer,2,core_learning_training_aware,0.7284610066556001,0.2,0.1,0.25,0.15,0.1,0.1,0.1
arithmetic,77,0.0,a2c_pointer,2,core_learning_training_aware,0.7644313732072416,0.2,0.1,0.25,0.15,0.1,0.1,0.1
geometric,78,1.0,full,1,core_learning_training_aware,0.7307593978869624,0.2,0.1,0.25,0.15,0.1,0.15,0.05
arithmetic,78,1.0,full,1,core_learning_training_aware,0.768972706003666,0.2,0.1,0.25,0.15,0.1,0.15,0.05
geometric,78,0.0,traditional_ppo,3,core_learning_training_aware,0.6065104389253092,0.2,0.1,0.25,0.15,0.1,0.15,0.05
arithmetic,78,0.0,traditional_ppo,3,core_learning_training_aware,0.6915922577896689,0.2,0.1,0.25,0.15,0.1,0.15,0.05
geometric,78,0.0,a2c_pointer,2,core_learning_training_aware,0.7293529141512172,0.2,0.1,0.25,0.15,0.1,0.15,0.05
arithmetic,78,0.0,a2c_pointer,2,core_learning_training_aware,0.7656039965484358,0.2,0.1,0.25,0.15,0.1,0.15,0.05
geometric,79,1.0,full,1,core_learning_training_aware,0.7060179904061243,0.2,0.1,0.25,0.15,0.15,0.05,0.1
arithmetic,79,1.0,full,1,core_learning_training_aware,0.7439247601629142,0.2,0.1,0.25,0.15,0.15,0.05,0.1
geometric,79,0.0,traditional_ppo,3,core_learning_training_aware,0.5448566381276431,0.2,0.1,0.25,0.15,0.15,0.05,0.1
arithmetic,79,0.0,traditional_ppo,3,core_learning_training_aware,0.6336772881252404,0.2,0.1,0.25,0.15,0.15,0.05,0.1
geometric,79,0.0,a2c_pointer,2,core_learning_training_aware,0.7056978021340601,0.2,0.1,0.25,0.15,0.15,0.05,0.1
arithmetic,79,0.0,a2c_pointer,2,core_learning_training_aware,0.7416325674620089,0.2,0.1,0.25,0.15,0.15,0.05,0.1
geometric,80,1.0,full,1,core_learning_training_aware,0.7067652331365352,0.2,0.1,0.25,0.15,0.15,0.1,0.05
arithmetic,80,1.0,full,1,core_learning_training_aware,0.744956860009921,0.2,0.1,0.25,0.15,0.15,0.1,0.05
geometric,80,0.0,traditional_ppo,3,core_learning_training_aware,0.5932826980473708,0.2,0.1,0.25,0.15,0.15,0.1,0.05
arithmetic,80,0.0,traditional_ppo,3,core_learning_training_aware,0.6740069007940757,0.2,0.1,0.25,0.15,0.15,0.1,0.05
geometric,80,0.0,a2c_pointer,2,core_learning_training_aware,0.7065618389920568,0.2,0.1,0.25,0.15,0.15,0.1,0.05
arithmetic,80,0.0,a2c_pointer,2,core_learning_training_aware,0.7428051908032032,0.2,0.1,0.25,0.15,0.15,0.1,0.05
geometric,81,1.0,full,1,core_learning_training_aware,0.7040667324370173,0.2,0.15,0.1,0.05,0.1,0.2,0.2
arithmetic,81,1.0,full,1,core_learning_training_aware,0.750080516267742,0.2,0.15,0.1,0.05,0.1,0.2,0.2
geometric,81,0.0,traditional_ppo,3,core_learning_training_aware,0.45281364380051686,0.2,0.15,0.1,0.05,0.1,0.2,0.2
arithmetic,81,0.0,traditional_ppo,3,core_learning_training_aware,0.5520178467049067,0.2,0.15,0.1,0.05,0.1,0.2,0.2
geometric,81,0.0,a2c_pointer,2,core_learning_training_aware,0.7012096823873585,0.2,0.15,0.1,0.05,0.1,0.2,0.2
arithmetic,81,0.0,a2c_pointer,2,core_learning_training_aware,0.7445464584535362,0.2,0.15,0.1,0.05,0.1,0.2,0.2
geometric,82,1.0,full,1,core_learning_training_aware,0.6809490096650114,0.2,0.15,0.1,0.05,0.15,0.15,0.2
arithmetic,82,1.0,full,1,core_learning_training_aware,0.726064670273997,0.2,0.15,0.1,0.05,0.15,0.15,0.2
geometric,82,0.0,traditional_ppo,3,core_learning_training_aware,0.44293796621646464,0.2,0.15,0.1,0.05,0.15,0.15,0.2
arithmetic,82,0.0,traditional_ppo,3,core_learning_training_aware,0.5344324897093135,0.2,0.15,0.1,0.05,0.15,0.15,0.2
geometric,82,0.0,a2c_pointer,2,core_learning_training_aware,0.6792980367854217,0.2,0.15,0.1,0.05,0.15,0.15,0.2
arithmetic,82,0.0,a2c_pointer,2,core_learning_training_aware,0.7217476527083037,0.2,0.15,0.1,0.05,0.15,0.15,0.2
geometric,83,1.0,full,1,core_learning_training_aware,0.6816697196244842,0.2,0.15,0.1,0.05,0.15,0.2,0.15
arithmetic,83,1.0,full,1,core_learning_training_aware,0.7270967701210039,0.2,0.15,0.1,0.05,0.15,0.2,0.15
geometric,83,0.0,traditional_ppo,3,core_learning_training_aware,0.48230564386178293,0.2,0.15,0.1,0.05,0.15,0.2,0.15
arithmetic,83,0.0,traditional_ppo,3,core_learning_training_aware,0.5747621023781485,0.2,0.15,0.1,0.05,0.15,0.2,0.15
geometric,83,0.0,a2c_pointer,2,core_learning_training_aware,0.6801297505013671,0.2,0.15,0.1,0.05,0.15,0.2,0.15
arithmetic,83,0.0,a2c_pointer,2,core_learning_training_aware,0.7229202760494978,0.2,0.15,0.1,0.05,0.15,0.2,0.15
geometric,84,1.0,full,1,core_learning_training_aware,0.7254987844465565,0.2,0.15,0.1,0.1,0.05,0.2,0.2
arithmetic,84,1.0,full,1,core_learning_training_aware,0.7708557925270605,0.2,0.15,0.1,0.1,0.05,0.2,0.2
geometric,84,0.0,traditional_ppo,3,core_learning_training_aware,0.4619606625029408,0.2,0.15,0.1,0.1,0.05,0.2,0.2
arithmetic,84,0.0,traditional_ppo,3,core_learning_training_aware,0.5676205781946919,0.2,0.15,0.1,0.1,0.05,0.2,0.2
geometric,84,0.0,a2c_pointer,2,core_learning_training_aware,0.7213880326484339,0.2,0.15,0.1,0.1,0.05,0.2,0.2
arithmetic,84,0.0,a2c_pointer,2,core_learning_training_aware,0.7641776387233202,0.2,0.15,0.1,0.1,0.05,0.2,0.2
geometric,85,1.0,full,1,core_learning_training_aware,0.7016773496342489,0.2,0.15,0.1,0.1,0.1,0.15,0.2
arithmetic,85,1.0,full,1,core_learning_training_aware,0.7468399465333155,0.2,0.15,0.1,0.1,0.1,0.15,0.2
geometric,85,0.0,traditional_ppo,3,core_learning_training_aware,0.45188549223840696,0.2,0.15,0.1,0.1,0.1,0.15,0.2
arithmetic,85,0.0,traditional_ppo,3,core_learning_training_aware,0.5500352211990985,0.2,0.15,0.1,0.1,0.1,0.15,0.2
geometric,85,0.0,a2c_pointer,2,core_learning_training_aware,0.6988458468944457,0.2,0.15,0.1,0.1,0.1,0.15,0.2
arithmetic,85,0.0,a2c_pointer,2,core_learning_training_aware,0.7413788329780876,0.2,0.15,0.1,0.1,0.1,0.15,0.2
geometric,86,1.0,full,1,core_learning_training_aware,0.7024199982717242,0.2,0.15,0.1,0.1,0.1,0.2,0.15
arithmetic,86,1.0,full,1,core_learning_training_aware,0.7478720463803225,0.2,0.15,0.1,0.1,0.1,0.2,0.15
geometric,86,0.0,traditional_ppo,3,core_learning_training_aware,0.4920484128906947,0.2,0.15,0.1,0.1,0.1,0.2,0.15
arithmetic,86,0.0,traditional_ppo,3,core_learning_training_aware,0.5903648338679337,0.2,0.15,0.1,0.1,0.1,0.2,0.15
geometric,86,0.0,a2c_pointer,2,core_learning_training_aware,0.6997014944080823,0.2,0.15,0.1,0.1,0.1,0.2,0.15
arithmetic,86,0.0,a2c_pointer,2,core_learning_training_aware,0.7425514563192819,0.2,0.15,0.1,0.1,0.1,0.2,0.15
geometric,87,1.0,full,1,core_learning_training_aware,0.6786380812000007,0.2,0.15,0.1,0.1,0.15,0.1,0.2
arithmetic,87,1.0,full,1,core_learning_training_aware,0.7228241005395707,0.2,0.15,0.1,0.1,0.15,0.1,0.2
geometric,87,0.0,traditional_ppo,3,core_learning_training_aware,0.4420300572545989,0.2,0.15,0.1,0.1,0.15,0.1,0.2
arithmetic,87,0.0,traditional_ppo,3,core_learning_training_aware,0.5324498642035053,0.2,0.15,0.1,0.1,0.15,0.1,0.2
geometric,87,0.0,a2c_pointer,2,core_learning_training_aware,0.6770080672514125,0.2,0.15,0.1,0.1,0.15,0.1,0.2
arithmetic,87,0.0,a2c_pointer,2,core_learning_training_aware,0.7185800272328551,0.2,0.15,0.1,0.1,0.15,0.1,0.2
geometric,88,1.0,full,1,core_learning_training_aware,0.6793563452947513,0.2,0.15,0.1,0.1,0.15,0.15,0.15
arithmetic,88,1.0,full,1,core_learning_training_aware,0.7238562003865774,0.2,0.15,0.1,0.1,0.15,0.15,0.15
geometric,88,0.0,traditional_ppo,3,core_learning_training_aware,0.48131704128124336,0.2,0.15,0.1,0.1,0.15,0.15,0.15
arithmetic,88,0.0,traditional_ppo,3,core_learning_training_aware,0.5727794768723402,0.2,0.15,0.1,0.1,0.15,0.15,0.15
geometric,88,0.0,a2c_pointer,2,core_learning_training_aware,0.677836977192038,0.2,0.15,0.1,0.1,0.15,0.15,0.15
arithmetic,88,0.0,a2c_pointer,2,core_learning_training_aware,0.7197526505740491,0.2,0.15,0.1,0.1,0.15,0.15,0.15
geometric,89,1.0,full,1,core_learning_training_aware,0.6800753695933928,0.2,0.15,0.1,0.1,0.15,0.2,0.1
arithmetic,89,1.0,full,1,core_learning_training_aware,0.7248883002335843,0.2,0.15,0.1,0.1,0.15,0.2,0.1
geometric,89,0.0,traditional_ppo,3,core_learning_training_aware,0.524095794902689,0.2,0.15,0.1,0.1,0.15,0.2,0.1
arithmetic,89,0.0,traditional_ppo,3,core_learning_training_aware,0.6131090895411754,0.2,0.15,0.1,0.1,0.15,0.2,0.1
geometric,89,0.0,a2c_pointer,2,core_learning_training_aware,0.6786669020270536,0.2,0.15,0.1,0.1,0.15,0.2,0.1
arithmetic,89,0.0,a2c_pointer,2,core_learning_training_aware,0.7209252739152435,0.2,0.15,0.1,0.1,0.15,0.2,0.1
geometric,90,1.0,full,1,core_learning_training_aware,0.723036667946625,0.2,0.15,0.1,0.15,0.05,0.15,0.2
arithmetic,90,1.0,full,1,core_learning_training_aware,0.767615222792634,0.2,0.15,0.1,0.15,0.05,0.15,0.2
geometric,90,0.0,traditional_ppo,3,core_learning_training_aware,0.4610137619039732,0.2,0.15,0.1,0.15,0.05,0.15,0.2
arithmetic,90,0.0,traditional_ppo,3,core_learning_training_aware,0.5656379526888836,0.2,0.15,0.1,0.15,0.05,0.15,0.2
geometric,90,0.0,a2c_pointer,2,core_learning_training_aware,0.7189561742777235,0.2,0.15,0.1,0.15,0.05,0.15,0.2
arithmetic,90,0.0,a2c_pointer,2,core_learning_training_aware,0.7610100132478717,0.2,0.15,0.1,0.15,0.05,0.15,0.2
geometric,91,1.0,full,1,core_learning_training_aware,0.7238019230835838,0.2,0.15,0.1,0.15,0.05,0.2,0.15
arithmetic,91,1.0,full,1,core_learning_training_aware,0.7686473226396409,0.2,0.15,0.1,0.15,0.05,0.2,0.15
geometric,91,0.0,traditional_ppo,3,core_learning_training_aware,0.5019879897935321,0.2,0.15,0.1,0.15,0.05,0.2,0.15
arithmetic,91,0.0,traditional_ppo,3,core_learning_training_aware,0.6059675653577187,0.2,0.15,0.1,0.15,0.05,0.2,0.15
geometric,91,0.0,a2c_pointer,2,core_learning_training_aware,0.7198364443196335,0.2,0.15,0.1,0.15,0.05,0.2,0.15
arithmetic,91,0.0,a2c_pointer,2,core_learning_training_aware,0.7621826365890657,0.2,0.15,0.1,0.15,0.05,0.2,0.15
geometric,92,1.0,full,1,core_learning_training_aware,0.6992960756511636,0.2,0.15,0.1,0.15,0.1,0.1,0.2
arithmetic,92,1.0,full,1,core_learning_training_aware,0.7435993767988892,0.2,0.15,0.1,0.15,0.1,0.1,0.2
geometric,92,0.0,traditional_ppo,3,core_learning_training_aware,0.45095924314839353,0.2,0.15,0.1,0.15,0.1,0.1,0.2
arithmetic,92,0.0,traditional_ppo,3,core_learning_training_aware,0.5480525956932903,0.2,0.15,0.1,0.15,0.1,0.1,0.2
geometric,92,0.0,a2c_pointer,2,core_learning_training_aware,0.6964899800853345,0.2,0.15,0.1,0.15,0.1,0.1,0.2
arithmetic,92,0.0,a2c_pointer,2,core_learning_training_aware,0.7382112075026391,0.2,0.15,0.1,0.15,0.1,0.1,0.2
geometric,93,1.0,full,1,core_learning_training_aware,0.700036203970889,0.2,0.15,0.1,0.15,0.1,0.15,0.15
arithmetic,93,1.0,full,1,core_learning_training_aware,0.7446314766458959,0.2,0.15,0.1,0.15,0.1,0.15,0.15
geometric,93,0.0,traditional_ppo,3,core_learning_training_aware,0.4910398401382814,0.2,0.15,0.1,0.15,0.1,0.15,0.15
arithmetic,93,0.0,traditional_ppo,3,core_learning_training_aware,0.5883822083621253,0.2,0.15,0.1,0.15,0.1,0.15,0.15
geometric,93,0.0,a2c_pointer,2,core_learning_training_aware,0.6973427431408512,0.2,0.15,0.1,0.15,0.1,0.15,0.15
arithmetic,93,0.0,a2c_pointer,2,core_learning_training_aware,0.7393838308438332,0.2,0.15,0.1,0.15,0.1,0.15,0.15
geometric,94,1.0,full,1,core_learning_training_aware,0.7007771156353931,0.2,0.15,0.1,0.15,0.1,0.2,0.1
arithmetic,94,1.0,full,1,core_learning_training_aware,0.7456635764929028,0.2,0.15,0.1,0.15,0.1,0.2,0.1
geometric,94,0.0,traditional_ppo,3,core_learning_training_aware,0.5346827418807013,0.2,0.15,0.1,0.15,0.1,0.2,0.1
arithmetic,94,0.0,traditional_ppo,3,core_learning_training_aware,0.6287118210309605,0.2,0.15,0.1,0.15,0.1,0.2,0.1
geometric,94,0.0,a2c_pointer,2,core_learning_training_aware,0.6981965502958518,0.2,0.15,0.1,0.15,0.1,0.2,0.1
arithmetic,94,0.0,a2c_pointer,2,core_learning_training_aware,0.7405564541850275,0.2,0.15,0.1,0.15,0.1,0.2,0.1
geometric,95,1.0,full,1,core_learning_training_aware,0.6763349953051305,0.2,0.15,0.1,0.15,0.15,0.05,0.2
arithmetic,95,1.0,full,1,core_learning_training_aware,0.7195835308051443,0.2,0.15,0.1,0.15,0.15,0.05,0.2
geometric,95,0.0,traditional_ppo,3,core_learning_training_aware,0.4411240092727029,0.2,0.15,0.1,0.15,0.15,0.05,0.2
arithmetic,95,0.0,traditional_ppo,3,core_learning_training_aware,0.530467238697697,0.2,0.15,0.1,0.15,0.15,0.05,0.2
geometric,95,0.0,a2c_pointer,2,core_learning_training_aware,0.6747258173929841,0.2,0.15,0.1,0.15,0.15,0.05,0.2
arithmetic,95,0.0,a2c_pointer,2,core_learning_training_aware,0.7154124017574065,0.2,0.15,0.1,0.15,0.15,0.05,0.2
geometric,96,1.0,full,1,core_learning_training_aware,0.6770508218356606,0.2,0.15,0.1,0.15,0.15,0.1,0.15
arithmetic,96,1.0,full,1,core_learning_training_aware,0.720615630652151,0.2,0.15,0.1,0.15,0.15,0.1,0.15
geometric,96,0.0,traditional_ppo,3,core_learning_training_aware,0.48033046508184746,0.2,0.15,0.1,0.15,0.15,0.1,0.15
arithmetic,96,0.0,traditional_ppo,3,core_learning_training_aware,0.570796851366532,0.2,0.15,0.1,0.15,0.15,0.1,0.15
geometric,96,0.0,a2c_pointer,2,core_learning_training_aware,0.6755519330100466,0.2,0.15,0.1,0.15,0.15,0.1,0.15
arithmetic,96,0.0,a2c_pointer,2,core_learning_training_aware,0.7165850250986007,0.2,0.15,0.1,0.15,0.15,0.1,0.15
geometric,97,1.0,full,1,core_learning_training_aware,0.6777674059901867,0.2,0.15,0.1,0.15,0.15,0.15,0.1
arithmetic,97,1.0,full,1,core_learning_training_aware,0.7216477304991578,0.2,0.15,0.1,0.15,0.15,0.15,0.1
geometric,97,0.0,traditional_ppo,3,core_learning_training_aware,0.5230215332557753,0.2,0.15,0.1,0.15,0.15,0.15,0.1
arithmetic,97,0.0,traditional_ppo,3,core_learning_training_aware,0.611126464035367,0.2,0.15,0.1,0.15,0.15,0.15,0.1
geometric,97,0.0,a2c_pointer,2,core_learning_training_aware,0.6763790601002069,0.2,0.15,0.1,0.15,0.15,0.15,0.1
arithmetic,97,0.0,a2c_pointer,2,core_learning_training_aware,0.7177576484397947,0.2,0.15,0.1,0.15,0.15,0.15,0.1
geometric,98,1.0,full,1,core_learning_training_aware,0.6784847485705711,0.2,0.15,0.1,0.15,0.15,0.2,0.05
arithmetic,98,1.0,full,1,core_learning_training_aware,0.7226798303461645,0.2,0.15,0.1,0.15,0.15,0.2,0.05
geometric,98,0.0,traditional_ppo,3,core_learning_training_aware,0.5695069210373931,0.2,0.15,0.1,0.15,0.15,0.2,0.05
arithmetic,98,0.0,traditional_ppo,3,core_learning_training_aware,0.6514560767042021,0.2,0.15,0.1,0.15,0.15,0.2,0.05
geometric,98,0.0,a2c_pointer,2,core_learning_training_aware,0.6772071999018847,0.2,0.15,0.1,0.15,0.15,0.2,0.05
arithmetic,98,0.0,a2c_pointer,2,core_learning_training_aware,0.7189302717809889,0.2,0.15,0.1,0.15,0.15,0.2,0.05
geometric,99,1.0,full,1,core_learning_training_aware,0.7256966358592349,0.2,0.15,0.15,0.05,0.05,0.2,0.2
arithmetic,99,1.0,full,1,core_learning_training_aware,0.7711076716532366,0.2,0.15,0.15,0.05,0.05,0.2,0.2
geometric,99,0.0,traditional_ppo,3,core_learning_training_aware,0.4615314150766216,0.2,0.15,0.15,0.05,0.05,0.2,0.2
arithmetic,99,0.0,traditional_ppo,3,core_learning_training_aware,0.5667487562123702,0.2,0.15,0.15,0.05,0.05,0.2,0.2
geometric,99,0.0,a2c_pointer,2,core_learning_training_aware,0.7221633446048014,0.2,0.15,0.15,0.05,0.05,0.2,0.2
arithmetic,99,0.0,a2c_pointer,2,core_learning_training_aware,0.7651621743626115,0.2,0.15,0.15,0.05,0.05,0.2,0.2
geometric,100,1.0,full,1,core_learning_training_aware,0.7018687046824528,0.2,0.15,0.15,0.05,0.1,0.15,0.2
arithmetic,100,1.0,full,1,core_learning_training_aware,0.7470918256594917,0.2,0.15,0.15,0.05,0.1,0.15,0.2
geometric,100,0.0,traditional_ppo,3,core_learning_training_aware,0.45146560652025214,0.2,0.15,0.15,0.05,0.1,0.15,0.2
arithmetic,100,0.0,traditional_ppo,3,core_learning_training_aware,0.5491633992167769,0.2,0.15,0.15,0.05,0.1,0.15,0.2
geometric,100,0.0,a2c_pointer,2,core_learning_training_aware,0.6995969316314157,0.2,0.15,0.15,0.05,0.1,0.15,0.2
arithmetic,100,0.0,a2c_pointer,2,core_learning_training_aware,0.742363368617379,0.2,0.15,0.15,0.05,0.1,0.15,0.2
geometric,101,1.0,full,1,core_learning_training_aware,0.7026115558482923,0.2,0.15,0.15,0.05,0.1,0.2,0.15
arithmetic,101,1.0,full,1,core_learning_training_aware,0.7481239255064984,0.2,0.15,0.15,0.05,0.1,0.2,0.15
geometric,101,0.0,traditional_ppo,3,core_learning_training_aware,0.4915912083449366,0.2,0.15,0.15,0.05,0.1,0.2,0.15
arithmetic,101,0.0,traditional_ppo,3,core_learning_training_aware,0.5894930118856119,0.2,0.15,0.15,0.05,0.1,0.2,0.15
geometric,101,0.0,a2c_pointer,2,core_learning_training_aware,0.7004534987524172,0.2,0.15,0.15,0.05,0.1,0.2,0.15
arithmetic,101,0.0,a2c_pointer,2,core_learning_training_aware,0.743535991958573,0.2,0.15,0.15,0.05,0.1,0.2,0.15
geometric,102,1.0,full,1,core_learning_training_aware,0.678823153189012,0.2,0.15,0.15,0.05,0.15,0.1,0.2
arithmetic,102,1.0,full,1,core_learning_training_aware,0.7230759796657469,0.2,0.15,0.15,0.05,0.15,0.1,0.2
geometric,102,0.0,traditional_ppo,3,core_learning_training_aware,0.44161932906963985,0.2,0.15,0.15,0.05,0.15,0.1,0.2
arithmetic,102,0.0,traditional_ppo,3,core_learning_training_aware,0.5315780422211835,0.2,0.15,0.15,0.05,0.15,0.1,0.2
geometric,102,0.0,a2c_pointer,2,core_learning_training_aware,0.677735681829617,0.2,0.15,0.15,0.05,0.15,0.1,0.2
arithmetic,102,0.0,a2c_pointer,2,core_learning_training_aware,0.7195645628721464,0.2,0.15,0.15,0.05,0.15,0.1,0.2
geometric,103,1.0,full,1,core_learning_training_aware,0.6795416131621966,0.2,0.15,0.15,0.05,0.15,0.15,0.15
arithmetic,103,1.0,full,1,core_learning_training_aware,0.7241080795127535,0.2,0.15,0.15,0.05,0.15,0.15,0.15
geometric,103,0.0,traditional_ppo,3,core_learning_training_aware,0.48086980817681807,0.2,0.15,0.15,0.05,0.15,0.15,0.15
arithmetic,103,0.0,traditional_ppo,3,core_learning_training_aware,0.5719076548900186,0.2,0.15,0.15,0.05,0.15,0.15,0.15
geometric,103,0.0,a2c_pointer,2,core_learning_training_aware,0.6785654826413945,0.2,0.15,0.15,0.05,0.15,0.15,0.15
arithmetic,103,0.0,a2c_pointer,2,core_learning_training_aware,0.7207371862133405,0.2,0.15,0.15,0.05,0.15,0.15,0.15
geometric,104,1.0,full,1,core_learning_training_aware,0.6802608335465882,0.2,0.15,0.15,0.05,0.15,0.2,0.1
arithmetic,104,1.0,full,1,core_learning_training_aware,0.7251401793597602,0.2,0.15,0.15,0.05,0.15,0.2,0.1
geometric,104,0.0,traditional_ppo,3,core_learning_training_aware,0.5236088123750258,0.2,0.15,0.15,0.05,0.15,0.2,0.1
arithmetic,104,0.0,traditional_ppo,3,core_learning_training_aware,0.6122372675588534,0.2,0.15,0.15,0.05,0.15,0.2,0.1
geometric,104,0.0,a2c_pointer,2,core_learning_training_aware,0.6793962994383203,0.2,0.15,0.15,0.05,0.15,0.2,0.1
arithmetic,104,0.0,a2c_pointer,2,core_learning_training_aware,0.7219098095545345,0.2,0.15,0.15,0.05,0.15,0.2,0.1
geometric,105,1.0,full,1,core_learning_training_aware,0.7232338479133436,0.2,0.15,0.15,0.1,0.05,0.15,0.2
arithmetic,105,1.0,full,1,core_learning_training_aware,0.7678671019188101,0.2,0.15,0.15,0.1,0.05,0.15,0.2
geometric,105,0.0,traditional_ppo,3,core_learning_training_aware,0.46058539432452855,0.2,0.15,0.15,0.1,0.05,0.15,0.2
arithmetic,105,0.0,traditional_ppo,3,core_learning_training_aware,0.564766130706562,0.2,0.15,0.15,0.1,0.05,0.15,0.2
geometric,105,0.0,a2c_pointer,2,core_learning_training_aware,0.7197288725937399,0.2,0.15,0.15,0.1,0.05,0.15,0.2
arithmetic,105,0.0,a2c_pointer,2,core_learning_training_aware,0.761994548887163,0.2,0.15,0.15,0.1,0.05,0.15,0.2
geometric,106,1.0,full,1,core_learning_training_aware,0.723999311743705,0.2,0.15,0.15,0.1,0.05,0.2,0.15
arithmetic,106,1.0,full,1,core_learning_training_aware,0.7688992017658169,0.2,0.15,0.15,0.1,0.05,0.2,0.15
geometric,106,0.0,traditional_ppo,3,core_learning_training_aware,0.5015215495310764,0.2,0.15,0.15,0.1,0.05,0.2,0.15
arithmetic,106,0.0,traditional_ppo,3,core_learning_training_aware,0.6050957433753971,0.2,0.15,0.15,0.1,0.05,0.2,0.15
geometric,106,0.0,a2c_pointer,2,core_learning_training_aware,0.7206100887060827,0.2,0.15,0.15,0.1,0.05,0.2,0.15
arithmetic,106,0.0,a2c_pointer,2,core_learning_training_aware,0.7631671722283571,0.2,0.15,0.15,0.1,0.05,0.2,0.15
geometric,107,1.0,full,1,core_learning_training_aware,0.6994867813000415,0.2,0.15,0.15,0.1,0.1,0.1,0.2
arithmetic,107,1.0,full,1,core_learning_training_aware,0.7438512559250654,0.2,0.15,0.15,0.1,0.1,0.1,0.2
geometric,107,0.0,traditional_ppo,3,core_learning_training_aware,0.45054021808801825,0.2,0.15,0.15,0.1,0.1,0.1,0.2
arithmetic,107,0.0,traditional_ppo,3,core_learning_training_aware,0.5471807737109687,0.2,0.15,0.15,0.1,0.1,0.1,0.2
geometric,107,0.0,a2c_pointer,2,core_learning_training_aware,0.6972385328539019,0.2,0.15,0.15,0.1,0.1,0.1,0.2
arithmetic,107,0.0,a2c_pointer,2,core_learning_training_aware,0.7391957431419304,0.2,0.15,0.15,0.1,0.1,0.1,0.2
geometric,108,1.0,full,1,core_learning_training_aware,0.7002271114608131,0.2,0.15,0.15,0.1,0.1,0.15,0.15
arithmetic,108,1.0,full,1,core_learning_training_aware,0.744883355772072,0.2,0.15,0.15,0.1,0.1,0.15,0.15
geometric,108,0.0,traditional_ppo,3,core_learning_training_aware,0.4905835727443056,0.2,0.15,0.15,0.1,0.1,0.15,0.15
arithmetic,108,0.0,traditional_ppo,3,core_learning_training_aware,0.5875103863798037,0.2,0.15,0.15,0.1,0.1,0.15,0.15
geometric,108,0.0,a2c_pointer,2,core_learning_training_aware,0.6980922124167114,0.2,0.15,0.15,0.1,0.1,0.15,0.15
arithmetic,108,0.0,a2c_pointer,2,core_learning_training_aware,0.7403683664831245,0.2,0.15,0.15,0.1,0.1,0.15,0.15
geometric,109,1.0,full,1,core_learning_training_aware,0.70096822517999,0.2,0.15,0.15,0.1,0.1,0.2,0.1
arithmetic,109,1.0,full,1,core_learning_training_aware,0.7459154556190789,0.2,0.15,0.15,0.1,0.1,0.2,0.1
geometric,109,0.0,traditional_ppo,3,core_learning_training_aware,0.5341859221090651,0.2,0.15,0.15,0.1,0.1,0.2,0.1
arithmetic,109,0.0,traditional_ppo,3,core_learning_training_aware,0.6278399990486389,0.2,0.15,0.15,0.1,0.1,0.2,0.1
geometric,109,0.0,a2c_pointer,2,core_learning_training_aware,0.6989469372011511,0.2,0.15,0.15,0.1,0.1,0.2,0.1
arithmetic,109,0.0,a2c_pointer,2,core_learning_training_aware,0.7415409898243187,0.2,0.15,0.15,0.1,0.1,0.2,0.1
geometric,110,1.0,full,1,core_learning_training_aware,0.6765194392175583,0.2,0.15,0.15,0.1,0.15,0.05,0.2
arithmetic,110,1.0,full,1,core_learning_training_aware,0.7198354099313204,0.2,0.15,0.15,0.1,0.15,0.05,0.2
geometric,110,0.0,traditional_ppo,3,core_learning_training_aware,0.4407141229749347,0.2,0.15,0.15,0.1,0.15,0.05,0.2
arithmetic,110,0.0,traditional_ppo,3,core_learning_training_aware,0.5295954167153754,0.2,0.15,0.15,0.1,0.15,0.05,0.2
geometric,110,0.0,a2c_pointer,2,core_learning_training_aware,0.6754509791226209,0.2,0.15,0.15,0.1,0.15,0.05,0.2
arithmetic,110,0.0,a2c_pointer,2,core_learning_training_aware,0.7163969373966979,0.2,0.15,0.15,0.1,0.15,0.05,0.2
geometric,111,1.0,full,1,core_learning_training_aware,0.6772354609617722,0.2,0.15,0.15,0.1,0.15,0.1,0.15
arithmetic,111,1.0,full,1,core_learning_training_aware,0.7208675097783271,0.2,0.15,0.15,0.1,0.15,0.1,0.15
geometric,111,0.0,traditional_ppo,3,core_learning_training_aware,0.4798841486903132,0.2,0.15,0.15,0.1,0.15,0.1,0.15
arithmetic,111,0.0,traditional_ppo,3,core_learning_training_aware,0.5699250293842104,0.2,0.15,0.15,0.1,0.15,0.1,0.15
geometric,111,0.0,a2c_pointer,2,core_learning_training_aware,0.6762779826076355,0.2,0.15,0.15,0.1,0.15,0.1,0.15
arithmetic,111,0.0,a2c_pointer,2,core_learning_training_aware,0.7175695607378919,0.2,0.15,0.15,0.1,0.15,0.1,0.15
geometric,112,1.0,full,1,core_learning_training_aware,0.6779522405365944,0.2,0.15,0.15,0.1,0.15,0.15,0.1
arithmetic,112,1.0,full,1,core_learning_training_aware,0.7218996096253338,0.2,0.15,0.15,0.1,0.15,0.15,0.1
geometric,112,0.0,traditional_ppo,3,core_learning_training_aware,0.522535548917102,0.2,0.15,0.15,0.1,0.15,0.15,0.1
arithmetic,112,0.0,traditional_ppo,3,core_learning_training_aware,0.6102546420530454,0.2,0.15,0.15,0.1,0.15,0.15,0.1
geometric,112,0.0,a2c_pointer,2,core_learning_training_aware,0.6771059986528289,0.2,0.15,0.15,0.1,0.15,0.15,0.1
arithmetic,112,0.0,a2c_pointer,2,core_learning_training_aware,0.7187421840790862,0.2,0.15,0.15,0.1,0.15,0.15,0.1
geometric,113,1.0,full,1,core_learning_training_aware,0.6786697787441058,0.2,0.15,0.15,0.1,0.15,0.2,0.05
arithmetic,113,1.0,full,1,core_learning_training_aware,0.7229317094723406,0.2,0.15,0.15,0.1,0.15,0.2,0.05
geometric,113,0.0,traditional_ppo,3,core_learning_training_aware,0.5689777431225425,0.2,0.15,0.15,0.1,0.15,0.2,0.05
arithmetic,113,0.0,traditional_ppo,3,core_learning_training_aware,0.6505842547218805,0.2,0.15,0.15,0.1,0.15,0.2,0.05
geometric,113,0.0,a2c_pointer,2,core_learning_training_aware,0.6779350284979518,0.2,0.15,0.15,0.1,0.15,0.2,0.05
arithmetic,113,0.0,a2c_pointer,2,core_learning_training_aware,0.7199148074202802,0.2,0.15,0.15,0.1,0.15,0.2,0.05
geometric,114,1.0,full,1,core_learning_training_aware,0.7207794179012869,0.2,0.15,0.15,0.15,0.05,0.1,0.2
arithmetic,114,1.0,full,1,core_learning_training_aware,0.7646265321843838,0.2,0.15,0.15,0.15,0.05,0.1,0.2
geometric,114,0.0,traditional_ppo,3,core_learning_training_aware,0.4596413126717777,0.2,0.15,0.15,0.15,0.05,0.1,0.2
arithmetic,114,0.0,traditional_ppo,3,core_learning_training_aware,0.5627835052007538,0.2,0.15,0.15,0.15,0.05,0.1,0.2
geometric,114,0.0,a2c_pointer,2,core_learning_training_aware,0.7173026073879902,0.2,0.15,0.15,0.15,0.05,0.1,0.2
arithmetic,114,0.0,a2c_pointer,2,core_learning_training_aware,0.7588269234117145,0.2,0.15,0.15,0.15,0.05,0.1,0.2
geometric,115,1.0,full,1,core_learning_training_aware,0.7215422839862526,0.2,0.15,0.15,0.15,0.05,0.15,0.15
arithmetic,115,1.0,full,1,core_learning_training_aware,0.7656586320313905,0.2,0.15,0.15,0.15,0.05,0.15,0.15
geometric,115,0.0,traditional_ppo,3,core_learning_training_aware,0.5004935592838697,0.2,0.15,0.15,0.15,0.05,0.15,0.15
arithmetic,115,0.0,traditional_ppo,3,core_learning_training_aware,0.6031131178695888,0.2,0.15,0.15,0.15,0.05,0.15,0.15
geometric,115,0.0,a2c_pointer,2,core_learning_training_aware,0.7181808528483646,0.2,0.15,0.15,0.15,0.05,0.15,0.15
arithmetic,115,0.0,a2c_pointer,2,core_learning_training_aware,0.7599995467529086,0.2,0.15,0.15,0.15,0.05,0.15,0.15
geometric,116,1.0,full,1,core_learning_training_aware,0.7223059574814319,0.2,0.15,0.15,0.15,0.05,0.2,0.1
arithmetic,116,1.0,full,1,core_learning_training_aware,0.7666907318783971,0.2,0.15,0.15,0.15,0.05,0.2,0.1
geometric,116,0.0,traditional_ppo,3,core_learning_training_aware,0.5449766937366441,0.2,0.15,0.15,0.15,0.05,0.2,0.1
arithmetic,116,0.0,traditional_ppo,3,core_learning_training_aware,0.6434427305384237,0.2,0.15,0.15,0.15,0.05,0.2,0.1
geometric,116,0.0,a2c_pointer,2,core_learning_training_aware,0.7190601736081744,0.2,0.15,0.15,0.15,0.05,0.2,0.1
arithmetic,116,0.0,a2c_pointer,2,core_learning_training_aware,0.7611721700941025,0.2,0.15,0.15,0.15,0.05,0.2,0.1
geometric,117,1.0,full,1,core_learning_training_aware,0.6971129414223681,0.2,0.15,0.15,0.15,0.1,0.05,0.2
arithmetic,117,1.0,full,1,core_learning_training_aware,0.740610686190639,0.2,0.15,0.15,0.15,0.1,0.05,0.2
geometric,117,0.0,traditional_ppo,3,core_learning_training_aware,0.44961672646417494,0.2,0.15,0.15,0.15,0.1,0.05,0.2
arithmetic,117,0.0,traditional_ppo,3,core_learning_training_aware,0.5451981482051604,0.2,0.15,0.15,0.15,0.1,0.05,0.2
geometric,117,0.0,a2c_pointer,2,core_learning_training_aware,0.694888084432575,0.2,0.15,0.15,0.15,0.1,0.05,0.2
arithmetic,117,0.0,a2c_pointer,2,core_learning_training_aware,0.7360281176664819,0.2,0.15,0.15,0.15,0.1,0.05,0.2
geometric,118,1.0,full,1,core_learning_training_aware,0.6978507591335763,0.2,0.15,0.15,0.15,0.1,0.1,0.15
arithmetic,118,1.0,full,1,core_learning_training_aware,0.7416427860376457,0.2,0.15,0.15,0.15,0.1,0.1,0.15
geometric,118,0.0,traditional_ppo,3,core_learning_training_aware,0.4895780025376166,0.2,0.15,0.15,0.15,0.1,0.1,0.15
arithmetic,118,0.0,traditional_ppo,3,core_learning_training_aware,0.5855277608739955,0.2,0.15,0.15,0.15,0.1,0.1,0.15
geometric,118,0.0,a2c_pointer,2,core_learning_training_aware,0.6957388861713886,0.2,0.15,0.15,0.15,0.1,0.1,0.15
arithmetic,118,0.0,a2c_pointer,2,core_learning_training_aware,0.7372007410076761,0.2,0.15,0.15,0.15,0.1,0.1,0.15
geometric,119,1.0,full,1,core_learning_training_aware,0.6985893577440371,0.2,0.15,0.15,0.15,0.1,0.15,0.1
arithmetic,119,1.0,full,1,core_learning_training_aware,0.7426748858846524,0.2,0.15,0.15,0.15,0.1,0.15,0.1
geometric,119,0.0,traditional_ppo,3,core_learning_training_aware,0.5330909782953115,0.2,0.15,0.15,0.15,0.1,0.15,0.1
arithmetic,119,0.0,traditional_ppo,3,core_learning_training_aware,0.6258573735428304,0.2,0.15,0.15,0.15,0.1,0.15,0.1
geometric,119,0.0,a2c_pointer,2,core_learning_training_aware,0.6965907296083044,0.2,0.15,0.15,0.15,0.1,0.15,0.1
arithmetic,119,0.0,a2c_pointer,2,core_learning_training_aware,0.7383733643488701,0.2,0.15,0.15,0.15,0.1,0.15,0.1
geometric,120,1.0,full,1,core_learning_training_aware,0.699328738080247,0.2,0.15,0.15,0.15,0.1,0.2,0.05
arithmetic,120,1.0,full,1,core_learning_training_aware,0.7437069857316592,0.2,0.15,0.15,0.15,0.1,0.2,0.05
geometric,120,0.0,traditional_ppo,3,core_learning_training_aware,0.5804713236028551,0.2,0.15,0.15,0.15,0.1,0.2,0.05
arithmetic,120,0.0,traditional_ppo,3,core_learning_training_aware,0.6661869862116656,0.2,0.15,0.15,0.15,0.1,0.2,0.05
geometric,120,0.0,a2c_pointer,2,core_learning_training_aware,0.6974436160187485,0.2,0.15,0.15,0.15,0.1,0.2,0.05
arithmetic,120,0.0,a2c_pointer,2,core_learning_training_aware,0.7395459876900643,0.2,0.15,0.15,0.15,0.1,0.2,0.05
geometric,121,1.0,full,1,core_learning_training_aware,0.6749371351223366,0.2,0.15,0.15,0.15,0.15,0.05,0.15
arithmetic,121,1.0,full,1,core_learning_training_aware,0.7176269400439007,0.2,0.15,0.15,0.15,0.15,0.05,0.15
geometric,121,0.0,traditional_ppo,3,core_learning_training_aware,0.4789005095523659,0.2,0.15,0.15,0.15,0.15,0.05,0.15
arithmetic,121,0.0,traditional_ppo,3,core_learning_training_aware,0.5679424038784021,0.2,0.15,0.15,0.15,0.15,0.05,0.15
geometric,121,0.0,a2c_pointer,2,core_learning_training_aware,0.673998193924569,0.2,0.15,0.15,0.15,0.15,0.05,0.15
arithmetic,121,0.0,a2c_pointer,2,core_learning_training_aware,0.7144019352624434,0.2,0.15,0.15,0.15,0.15,0.05,0.15
geometric,122,1.0,full,1,core_learning_training_aware,0.6756514821709357,0.2,0.15,0.15,0.15,0.15,0.1,0.1
arithmetic,122,1.0,full,1,core_learning_training_aware,0.7186590398909074,0.2,0.15,0.15,0.15,0.15,0.1,0.1
geometric,122,0.0,traditional_ppo,3,core_learning_training_aware,0.5214644853733562,0.2,0.15,0.15,0.15,0.15,0.1,0.1
arithmetic,122,0.0,traditional_ppo,3,core_learning_training_aware,0.6082720165472372,0.2,0.15,0.15,0.15,0.15,0.1,0.1
geometric,122,0.0,a2c_pointer,2,core_learning_training_aware,0.6748234186595944,0.2,0.15,0.15,0.15,0.15,0.1,0.1
arithmetic,122,0.0,a2c_pointer,2,core_learning_training_aware,0.7155745586036377,0.2,0.15,0.15,0.15,0.15,0.1,0.1
geometric,123,1.0,full,1,core_learning_training_aware,0.6763665852776614,0.2,0.15,0.15,0.15,0.15,0.15,0.05
arithmetic,123,1.0,full,1,core_learning_training_aware,0.7196911397379142,0.2,0.15,0.15,0.15,0.15,0.15,0.05
geometric,123,0.0,traditional_ppo,3,core_learning_training_aware,0.5678114850198657,0.2,0.15,0.15,0.15,0.15,0.15,0.05
arithmetic,123,0.0,traditional_ppo,3,core_learning_training_aware,0.6486016292160722,0.2,0.15,0.15,0.15,0.15,0.15,0.05
geometric,123,0.0,a2c_pointer,2,core_learning_training_aware,0.6756496537769465,0.2,0.15,0.15,0.15,0.15,0.15,0.05
arithmetic,123,0.0,a2c_pointer,2,core_learning_training_aware,0.7167471819448318,0.2,0.15,0.15,0.15,0.15,0.15,0.05
geometric,124,1.0,full,1,core_learning_training_aware,0.7234310816531847,0.2,0.15,0.2,0.05,0.05,0.15,0.2
arithmetic,124,1.0,full,1,core_learning_training_aware,0.7681189810449862,0.2,0.15,0.2,0.05,0.05,0.15,0.2
geometric,124,0.0,traditional_ppo,3,core_learning_training_aware,0.4601574247782845,0.2,0.15,0.2,0.05,0.05,0.15,0.2
arithmetic,124,0.0,traditional_ppo,3,core_learning_training_aware,0.5638943087242403,0.2,0.15,0.2,0.05,0.05,0.15,0.2
geometric,124,0.0,a2c_pointer,2,core_learning_training_aware,0.7205024013674515,0.2,0.15,0.2,0.05,0.05,0.15,0.2
arithmetic,124,0.0,a2c_pointer,2,core_learning_training_aware,0.7629790845264541,0.2,0.15,0.2,0.05,0.05,0.15,0.2
geometric,125,1.0,full,1,core_learning_training_aware,0.7241967542338617,0.2,0.15,0.2,0.05,0.05,0.2,0.15
arithmetic,125,1.0,full,1,core_learning_training_aware,0.7691510808919932,0.2,0.15,0.2,0.05,0.05,0.2,0.15
geometric,125,0.0,traditional_ppo,3,core_learning_training_aware,0.5010555426784291,0.2,0.15,0.2,0.05,0.05,0.2,0.15
arithmetic,125,0.0,traditional_ppo,3,core_learning_training_aware,0.6042239213930753,0.2,0.15,0.2,0.05,0.05,0.2,0.15
geometric,125,0.0,a2c_pointer,2,core_learning_training_aware,0.7213845645670167,0.2,0.15,0.2,0.05,0.05,0.2,0.15
arithmetic,125,0.0,a2c_pointer,2,core_learning_training_aware,0.7641517078676484,0.2,0.15,0.2,0.05,0.05,0.2,0.15
geometric,126,1.0,full,1,core_learning_training_aware,0.699677538956425,0.2,0.15,0.2,0.05,0.1,0.1,0.2
arithmetic,126,1.0,full,1,core_learning_training_aware,0.7441031350512416,0.2,0.15,0.2,0.05,0.1,0.1,0.2
geometric,126,0.0,traditional_ppo,3,core_learning_training_aware,0.4501215823799045,0.2,0.15,0.2,0.05,0.1,0.1,0.2
arithmetic,126,0.0,traditional_ppo,3,core_learning_training_aware,0.546308951728647,0.2,0.15,0.2,0.05,0.1,0.1,0.2
geometric,126,0.0,a2c_pointer,2,core_learning_training_aware,0.6979878901297318,0.2,0.15,0.2,0.05,0.1,0.1,0.2
arithmetic,126,0.0,a2c_pointer,2,core_learning_training_aware,0.7401802787812218,0.2,0.15,0.2,0.05,0.1,0.1,0.2
geometric,127,1.0,full,1,core_learning_training_aware,0.7004180710132869,0.2,0.15,0.2,0.05,0.1,0.15,0.15
arithmetic,127,1.0,full,1,core_learning_training_aware,0.7451352348982483,0.2,0.15,0.2,0.05,0.1,0.15,0.15
geometric,127,0.0,traditional_ppo,3,core_learning_training_aware,0.4901277293076501,0.2,0.15,0.2,0.05,0.1,0.15,0.15
arithmetic,127,0.0,traditional_ppo,3,core_learning_training_aware,0.5866385643974821,0.2,0.15,0.2,0.05,0.1,0.15,0.15
geometric,127,0.0,a2c_pointer,2,core_learning_training_aware,0.6988424871848506,0.2,0.15,0.2,0.05,0.1,0.15,0.15
arithmetic,127,0.0,a2c_pointer,2,core_learning_training_aware,0.7413529021224159,0.2,0.15,0.2,0.05,0.1,0.15,0.15
geometric,128,1.0,full,1,core_learning_training_aware,0.7011593868422393,0.2,0.15,0.2,0.05,0.1,0.2,0.1
arithmetic,128,1.0,full,1,core_learning_training_aware,0.746167334745255,0.2,0.15,0.2,0.05,0.1,0.2,0.1
geometric,128,0.0,traditional_ppo,3,core_learning_training_aware,0.5336895639754551,0.2,0.15,0.2,0.05,0.1,0.2,0.1
arithmetic,128,0.0,traditional_ppo,3,core_learning_training_aware,0.6269681770663169,0.2,0.15,0.2,0.05,0.1,0.2,0.1
geometric,128,0.0,a2c_pointer,2,core_learning_training_aware,0.6996981305849518,0.2,0.15,0.2,0.05,0.1,0.2,0.1
arithmetic,128,0.0,a2c_pointer,2,core_learning_training_aware,0.74252552546361,0.2,0.15,0.2,0.05,0.1,0.2,0.1
geometric,129,1.0,full,1,core_learning_training_aware,0.6767039334298481,0.2,0.15,0.2,0.05,0.15,0.05,0.2
arithmetic,129,1.0,full,1,core_learning_training_aware,0.7200872890574965,0.2,0.15,0.2,0.05,0.15,0.05,0.2
geometric,129,0.0,traditional_ppo,3,core_learning_training_aware,0.4403046175378168,0.2,0.15,0.2,0.05,0.15,0.05,0.2
arithmetic,129,0.0,traditional_ppo,3,core_learning_training_aware,0.5287235947330536,0.2,0.15,0.2,0.05,0.15,0.05,0.2
geometric,129,0.0,a2c_pointer,2,core_learning_training_aware,0.6761769202199959,0.2,0.15,0.2,0.05,0.15,0.05,0.2
arithmetic,129,0.0,a2c_pointer,2,core_learning_training_aware,0.7173814730359891,0.2,0.15,0.2,0.05,0.15,0.05,0.2
geometric,130,1.0,full,1,core_learning_training_aware,0.6774201504409827,0.2,0.15,0.2,0.05,0.15,0.1,0.15
arithmetic,130,1.0,full,1,core_learning_training_aware,0.7211193889045033,0.2,0.15,0.2,0.05,0.15,0.1,0.15
geometric,130,0.0,traditional_ppo,3,core_learning_training_aware,0.47943824700976606,0.2,0.15,0.2,0.05,0.15,0.1,0.15
arithmetic,130,0.0,traditional_ppo,3,core_learning_training_aware,0.5690532074018887,0.2,0.15,0.2,0.05,0.15,0.1,0.15
geometric,130,0.0,a2c_pointer,2,core_learning_training_aware,0.6770048125271988,0.2,0.15,0.2,0.05,0.15,0.1,0.15
arithmetic,130,0.0,a2c_pointer,2,core_learning_training_aware,0.7185540963771834,0.2,0.15,0.2,0.05,0.15,0.1,0.15
geometric,131,1.0,full,1,core_learning_training_aware,0.6781371254893943,0.2,0.15,0.2,0.05,0.15,0.15,0.1
arithmetic,131,1.0,full,1,core_learning_training_aware,0.72215148875151,0.2,0.15,0.2,0.05,0.15,0.15,0.1
geometric,131,0.0,traditional_ppo,3,core_learning_training_aware,0.5220500161483209,0.2,0.15,0.2,0.05,0.15,0.15,0.1
arithmetic,131,0.0,traditional_ppo,3,core_learning_training_aware,0.6093828200707236,0.2,0.15,0.2,0.05,0.15,0.15,0.1
geometric,131,0.0,a2c_pointer,2,core_learning_training_aware,0.67783371848283,0.2,0.15,0.2,0.05,0.15,0.15,0.1
arithmetic,131,0.0,a2c_pointer,2,core_learning_training_aware,0.7197267197183773,0.2,0.15,0.2,0.05,0.15,0.15,0.1
geometric,132,1.0,full,1,core_learning_training_aware,0.6788548593773824,0.2,0.15,0.2,0.05,0.15,0.2,0.05
arithmetic,132,1.0,full,1,core_learning_training_aware,0.7231835885985167,0.2,0.15,0.2,0.05,0.15,0.2,0.05
geometric,132,0.0,traditional_ppo,3,core_learning_training_aware,0.568449056912455,0.2,0.15,0.2,0.05,0.15,0.2,0.05
arithmetic,132,0.0,traditional_ppo,3,core_learning_training_aware,0.6497124327395587,0.2,0.15,0.2,0.05,0.15,0.2,0.05
geometric,132,0.0,a2c_pointer,2,core_learning_training_aware,0.6786636393279724,0.2,0.15,0.2,0.05,0.15,0.2,0.05
arithmetic,132,0.0,a2c_pointer,2,core_learning_training_aware,0.7208993430595715,0.2,0.15,0.2,0.05,0.15,0.2,0.05
geometric,133,1.0,full,1,core_learning_training_aware,0.7209759822913568,0.2,0.15,0.2,0.1,0.05,0.1,0.2
arithmetic,133,1.0,full,1,core_learning_training_aware,0.76487841131056,0.2,0.15,0.2,0.1,0.05,0.1,0.2
geometric,133,0.0,traditional_ppo,3,core_learning_training_aware,0.4592142203530825,0.2,0.15,0.2,0.1,0.05,0.1,0.2
arithmetic,133,0.0,traditional_ppo,3,core_learning_training_aware,0.5619116832184322,0.2,0.15,0.2,0.1,0.05,0.1,0.2
geometric,133,0.0,a2c_pointer,2,core_learning_training_aware,0.7180735285326061,0.2,0.15,0.2,0.1,0.05,0.1,0.2
arithmetic,133,0.0,a2c_pointer,2,core_learning_training_aware,0.7598114590510058,0.2,0.15,0.2,0.1,0.05,0.1,0.2
geometric,134,1.0,full,1,core_learning_training_aware,0.7217390564182048,0.2,0.15,0.2,0.1,0.05,0.15,0.15
arithmetic,134,1.0,full,1,core_learning_training_aware,0.7659105111575668,0.2,0.15,0.2,0.1,0.05,0.15,0.15
geometric,134,0.0,traditional_ppo,3,core_learning_training_aware,0.5000285076254711,0.2,0.15,0.2,0.1,0.05,0.15,0.15
arithmetic,134,0.0,traditional_ppo,3,core_learning_training_aware,0.6022412958872672,0.2,0.15,0.2,0.1,0.05,0.15,0.15
geometric,134,0.0,a2c_pointer,2,core_learning_training_aware,0.7189527178874939,0.2,0.15,0.2,0.1,0.05,0.15,0.15
arithmetic,134,0.0,a2c_pointer,2,core_learning_training_aware,0.7609840823922,0.2,0.15,0.2,0.1,0.05,0.15,0.15
geometric,135,1.0,full,1,core_learning_training_aware,0.7225029381754557,0.2,0.15,0.2,0.1,0.05,0.2,0.1
arithmetic,135,1.0,full,1,core_learning_training_aware,0.7669426110045733,0.2,0.15,0.2,0.1,0.05,0.2,0.1
geometric,135,0.0,traditional_ppo,3,core_learning_training_aware,0.5444703089680298,0.2,0.15,0.2,0.1,0.05,0.2,0.1
arithmetic,135,0.0,traditional_ppo,3,core_learning_training_aware,0.6425709085561021,0.2,0.15,0.2,0.1,0.05,0.2,0.1
geometric,135,0.0,a2c_pointer,2,core_learning_training_aware,0.7198329836974954,0.2,0.15,0.2,0.1,0.05,0.2,0.1
arithmetic,135,0.0,a2c_pointer,2,core_learning_training_aware,0.7621567057333938,0.2,0.15,0.2,0.1,0.05,0.2,0.1
geometric,136,1.0,full,1,core_learning_training_aware,0.6973030517067872,0.2,0.15,0.2,0.1,0.1,0.05,0.2
arithmetic,136,1.0,full,1,core_learning_training_aware,0.7408625653168152,0.2,0.15,0.2,0.1,0.1,0.05,0.2
geometric,136,0.0,traditional_ppo,3,core_learning_training_aware,0.4491989488516415,0.2,0.15,0.2,0.1,0.1,0.05,0.2
arithmetic,136,0.0,traditional_ppo,3,core_learning_training_aware,0.5443263262228388,0.2,0.15,0.2,0.1,0.1,0.05,0.2
geometric,136,0.0,a2c_pointer,2,core_learning_training_aware,0.695634915563416,0.2,0.15,0.2,0.1,0.1,0.05,0.2
arithmetic,136,0.0,a2c_pointer,2,core_learning_training_aware,0.7370126533057733,0.2,0.15,0.2,0.1,0.1,0.05,0.2
geometric,137,1.0,full,1,core_learning_training_aware,0.6980410706289134,0.2,0.15,0.2,0.1,0.1,0.1,0.15
arithmetic,137,1.0,full,1,core_learning_training_aware,0.7418946651638219,0.2,0.15,0.2,0.1,0.1,0.1,0.15
geometric,137,0.0,traditional_ppo,3,core_learning_training_aware,0.4891230934628197,0.2,0.15,0.2,0.1,0.1,0.1,0.15
arithmetic,137,0.0,traditional_ppo,3,core_learning_training_aware,0.5846559388916739,0.2,0.15,0.2,0.1,0.1,0.1,0.15
geometric,137,0.0,a2c_pointer,2,core_learning_training_aware,0.6964866317015967,0.2,0.15,0.2,0.1,0.1,0.1,0.15
arithmetic,137,0.0,a2c_pointer,2,core_learning_training_aware,0.7381852766469673,0.2,0.15,0.2,0.1,0.1,0.1,0.15
geometric,138,1.0,full,1,core_learning_training_aware,0.698779870663252,0.2,0.15,0.2,0.1,0.1,0.15,0.1
arithmetic,138,1.0,full,1,core_learning_training_aware,0.7429267650108287,0.2,0.15,0.2,0.1,0.1,0.15,0.1
geometric,138,0.0,traditional_ppo,3,core_learning_training_aware,0.5325956375682732,0.2,0.15,0.2,0.1,0.1,0.15,0.1
arithmetic,138,0.0,traditional_ppo,3,core_learning_training_aware,0.6249855515605088,0.2,0.15,0.2,0.1,0.1,0.15,0.1
geometric,138,0.0,a2c_pointer,2,core_learning_training_aware,0.697339390657445,0.2,0.15,0.2,0.1,0.1,0.15,0.1
arithmetic,138,0.0,a2c_pointer,2,core_learning_training_aware,0.7393578999881616,0.2,0.15,0.2,0.1,0.1,0.15,0.1
geometric,139,1.0,full,1,core_learning_training_aware,0.6995194526365247,0.2,0.15,0.2,0.1,0.1,0.2,0.05
arithmetic,139,1.0,full,1,core_learning_training_aware,0.7439588648578354,0.2,0.15,0.2,0.1,0.1,0.2,0.05
geometric,139,0.0,traditional_ppo,3,core_learning_training_aware,0.5799319577175466,0.2,0.15,0.2,0.1,0.1,0.2,0.05
arithmetic,139,0.0,traditional_ppo,3,core_learning_training_aware,0.665315164229344,0.2,0.15,0.2,0.1,0.1,0.2,0.05
geometric,139,0.0,a2c_pointer,2,core_learning_training_aware,0.6981931937077578,0.2,0.15,0.2,0.1,0.1,0.2,0.05
arithmetic,139,0.0,a2c_pointer,2,core_learning_training_aware,0.7405305233293556,0.2,0.15,0.2,0.1,0.1,0.2,0.05
geometric,140,1.0,full,1,core_learning_training_aware,0.6751211978230824,0.2,0.15,0.2,0.1,0.15,0.05,0.15
arithmetic,140,1.0,full,1,core_learning_training_aware,0.717878819170077,0.2,0.15,0.2,0.1,0.15,0.05,0.15
geometric,140,0.0,traditional_ppo,3,core_learning_training_aware,0.47845552185563317,0.2,0.15,0.2,0.1,0.15,0.05,0.15
arithmetic,140,0.0,traditional_ppo,3,core_learning_training_aware,0.5670705818960805,0.2,0.15,0.2,0.1,0.15,0.05,0.15
geometric,140,0.0,a2c_pointer,2,core_learning_training_aware,0.6747225736407134,0.2,0.15,0.2,0.1,0.15,0.05,0.15
arithmetic,140,0.0,a2c_pointer,2,core_learning_training_aware,0.7153864709017348,0.2,0.15,0.2,0.1,0.15,0.05,0.15
geometric,141,1.0,full,1,core_learning_training_aware,0.6758357396818946,0.2,0.15,0.2,0.1,0.15,0.1,0.1
arithmetic,141,1.0,full,1,core_learning_training_aware,0.7189109190170837,0.2,0.15,0.2,0.1,0.15,0.1,0.1
geometric,141,0.0,traditional_ppo,3,core_learning_training_aware,0.5209799478219322,0.2,0.15,0.2,0.1,0.15,0.1,0.1
arithmetic,141,0.0,traditional_ppo,3,core_learning_training_aware,0.6074001945649156,0.2,0.15,0.2,0.1,0.15,0.1,0.1
geometric,141,0.0,a2c_pointer,2,core_learning_training_aware,0.6755486852862153,0.2,0.15,0.2,0.1,0.15,0.1,0.1
arithmetic,141,0.0,a2c_pointer,2,core_learning_training_aware,0.716559094242929,0.2,0.15,0.2,0.1,0.15,0.1,0.1
geometric,142,1.0,full,1,core_learning_training_aware,0.6765510378050185,0.2,0.15,0.2,0.1,0.15,0.15,0.05
arithmetic,142,1.0,full,1,core_learning_training_aware,0.7199430188640905,0.2,0.15,0.2,0.1,0.15,0.15,0.05
geometric,142,0.0,traditional_ppo,3,core_learning_training_aware,0.5672838824805959,0.2,0.15,0.2,0.1,0.15,0.15,0.05
arithmetic,142,0.0,traditional_ppo,3,core_learning_training_aware,0.6477298072337506,0.2,0.15,0.2,0.1,0.15,0.15,0.05
geometric,142,0.0,a2c_pointer,2,core_learning_training_aware,0.6763758083999525,0.2,0.15,0.2,0.1,0.15,0.15,0.05
arithmetic,142,0.0,a2c_pointer,2,core_learning_training_aware,0.7177317175841231,0.2,0.15,0.2,0.1,0.15,0.15,0.05
geometric,143,1.0,full,1,core_learning_training_aware,0.7185292147707084,0.2,0.15,0.2,0.15,0.05,0.05,0.2
arithmetic,143,1.0,full,1,core_learning_training_aware,0.7616378415761335,0.2,0.15,0.2,0.15,0.05,0.05,0.2
geometric,143,0.0,traditional_ppo,3,core_learning_training_aware,0.45827294925447676,0.2,0.15,0.2,0.15,0.05,0.05,0.2
arithmetic,143,0.0,traditional_ppo,3,core_learning_training_aware,0.5599290577126238,0.2,0.15,0.2,0.15,0.05,0.05,0.2
geometric,143,0.0,a2c_pointer,2,core_learning_training_aware,0.7156528436277892,0.2,0.15,0.2,0.15,0.05,0.05,0.2
arithmetic,143,0.0,a2c_pointer,2,core_learning_training_aware,0.7566438335755571,0.2,0.15,0.2,0.15,0.05,0.05,0.2
geometric,144,1.0,full,1,core_learning_training_aware,0.7192896992620686,0.2,0.15,0.2,0.15,0.05,0.1,0.15
arithmetic,144,1.0,full,1,core_learning_training_aware,0.7626699414231404,0.2,0.15,0.2,0.15,0.05,0.1,0.15
geometric,144,0.0,traditional_ppo,3,core_learning_training_aware,0.4990035777303451,0.2,0.15,0.2,0.15,0.05,0.1,0.15
arithmetic,144,0.0,traditional_ppo,3,core_learning_training_aware,0.600258670381459,0.2,0.15,0.2,0.15,0.05,0.1,0.15
geometric,144,0.0,a2c_pointer,2,core_learning_training_aware,0.7165290691630747,0.2,0.15,0.2,0.15,0.05,0.1,0.15
arithmetic,144,0.0,a2c_pointer,2,core_learning_training_aware,0.7578164569167515,0.2,0.15,0.2,0.15,0.05,0.1,0.15
geometric,145,1.0,full,1,core_learning_training_aware,0.7200509886429864,0.2,0.15,0.2,0.15,0.05,0.15,0.1
arithmetic,145,1.0,full,1,core_learning_training_aware,0.763702041270147,0.2,0.15,0.2,0.15,0.05,0.15,0.1
geometric,145,0.0,traditional_ppo,3,core_learning_training_aware,0.543354284805088,0.2,0.15,0.2,0.15,0.05,0.15,0.1
arithmetic,145,0.0,traditional_ppo,3,core_learning_training_aware,0.6405882830502938,0.2,0.15,0.2,0.15,0.05,0.15,0.1
geometric,145,0.0,a2c_pointer,2,core_learning_training_aware,0.717406367524655,0.2,0.15,0.2,0.15,0.05,0.15,0.1
arithmetic,145,0.0,a2c_pointer,2,core_learning_training_aware,0.7589890802579453,0.2,0.15,0.2,0.15,0.05,0.15,0.1
geometric,146,1.0,full,1,core_learning_training_aware,0.7208130837653489,0.2,0.15,0.2,0.15,0.05,0.2,0.05
arithmetic,146,1.0,full,1,core_learning_training_aware,0.7647341411171537,0.2,0.15,0.2,0.15,0.05,0.2,0.05
geometric,146,0.0,traditional_ppo,3,core_learning_training_aware,0.5916468177620744,0.2,0.15,0.2,0.15,0.05,0.2,0.05
arithmetic,146,0.0,traditional_ppo,3,core_learning_training_aware,0.680917895719129,0.2,0.15,0.2,0.15,0.05,0.2,0.05
geometric,146,0.0,a2c_pointer,2,core_learning_training_aware,0.7182847400260691,0.2,0.15,0.2,0.15,0.05,0.2,0.05
arithmetic,146,0.0,a2c_pointer,2,core_learning_training_aware,0.7601617035991395,0.2,0.15,0.2,0.15,0.05,0.2,0.05
geometric,147,1.0,full,1,core_learning_training_aware,0.6956721370421586,0.2,0.15,0.2,0.15,0.1,0.05,0.15
arithmetic,147,1.0,full,1,core_learning_training_aware,0.7386540954293954,0.2,0.15,0.2,0.15,0.1,0.05,0.15
geometric,147,0.0,traditional_ppo,3,core_learning_training_aware,0.48812051686320296,0.2,0.15,0.2,0.15,0.1,0.05,0.15
arithmetic,147,0.0,traditional_ppo,3,core_learning_training_aware,0.5826733133858656,0.2,0.15,0.2,0.15,0.1,0.05,0.15
geometric,147,0.0,a2c_pointer,2,core_learning_training_aware,0.6941387180008758,0.2,0.15,0.2,0.15,0.1,0.05,0.15
arithmetic,147,0.0,a2c_pointer,2,core_learning_training_aware,0.7350176511715188,0.2,0.15,0.2,0.15,0.1,0.05,0.15
geometric,148,1.0,full,1,core_learning_training_aware,0.6964084298197054,0.2,0.15,0.2,0.15,0.1,0.1,0.1
arithmetic,148,1.0,full,1,core_learning_training_aware,0.7396861952764022,0.2,0.15,0.2,0.15,0.1,0.1,0.1
geometric,148,0.0,traditional_ppo,3,core_learning_training_aware,0.5315039534290036,0.2,0.15,0.2,0.15,0.1,0.1,0.1
arithmetic,148,0.0,traditional_ppo,3,core_learning_training_aware,0.6230029260547006,0.2,0.15,0.2,0.15,0.1,0.1,0.1
geometric,148,0.0,a2c_pointer,2,core_learning_training_aware,0.6949886022361699,0.2,0.15,0.2,0.15,0.1,0.1,0.1
arithmetic,148,0.0,a2c_pointer,2,core_learning_training_aware,0.7361902745127131,0.2,0.15,0.2,0.15,0.1,0.1,0.1
geometric,149,1.0,full,1,core_learning_training_aware,0.6971455018825297,0.2,0.15,0.2,0.15,0.1,0.15,0.05
arithmetic,149,1.0,full,1,core_learning_training_aware,0.7407182951234088,0.2,0.15,0.2,0.15,0.1,0.15,0.05
geometric,149,0.0,traditional_ppo,3,core_learning_training_aware,0.5787432462910196,0.2,0.15,0.2,0.15,0.1,0.15,0.05
arithmetic,149,0.0,traditional_ppo,3,core_learning_training_aware,0.6633325387235357,0.2,0.15,0.2,0.15,0.1,0.15,0.05
geometric,149,0.0,a2c_pointer,2,core_learning_training_aware,0.6958395270462002,0.2,0.15,0.2,0.15,0.1,0.15,0.05
arithmetic,149,0.0,a2c_pointer,2,core_learning_training_aware,0.7373628978539072,0.2,0.15,0.2,0.15,0.1,0.15,0.05
geometric,150,1.0,full,1,core_learning_training_aware,0.6735421640597337,0.2,0.15,0.2,0.15,0.15,0.05,0.1
arithmetic,150,1.0,full,1,core_learning_training_aware,0.7156703492826572,0.2,0.15,0.2,0.15,0.15,0.05,0.1
geometric,150,0.0,traditional_ppo,3,core_learning_training_aware,0.5199120728605234,0.2,0.15,0.2,0.15,0.15,0.05,0.1
arithmetic,150,0.0,traditional_ppo,3,core_learning_training_aware,0.6054175690591072,0.2,0.15,0.2,0.15,0.15,0.05,0.1
geometric,150,0.0,a2c_pointer,2,core_learning_training_aware,0.6732713551243822,0.2,0.15,0.2,0.15,0.15,0.05,0.1
arithmetic,150,0.0,a2c_pointer,2,core_learning_training_aware,0.7133914687674804,0.2,0.15,0.2,0.15,0.15,0.05,0.1
geometric,151,1.0,full,1,core_learning_training_aware,0.6742550346842191,0.2,0.15,0.2,0.15,0.15,0.1,0.05
arithmetic,151,1.0,full,1,core_learning_training_aware,0.7167024491296641,0.2,0.15,0.2,0.15,0.15,0.1,0.05
geometric,151,0.0,traditional_ppo,3,core_learning_training_aware,0.5661210963567835,0.2,0.15,0.2,0.15,0.15,0.1,0.05
arithmetic,151,0.0,traditional_ppo,3,core_learning_training_aware,0.6457471817279424,0.2,0.15,0.2,0.15,0.15,0.1,0.05
geometric,151,0.0,a2c_pointer,2,core_learning_training_aware,0.6740956899380968,0.2,0.15,0.2,0.15,0.15,0.1,0.05
arithmetic,151,0.0,a2c_pointer,2,core_learning_training_aware,0.7145640921086747,0.2,0.15,0.2,0.15,0.15,0.1,0.05
geometric,152,1.0,full,1,core_learning_training_aware,0.721172600286675,0.2,0.15,0.25,0.05,0.05,0.1,0.2
arithmetic,152,1.0,full,1,core_learning_training_aware,0.7651302904367362,0.2,0.15,0.25,0.05,0.05,0.1,0.2
geometric,152,0.0,traditional_ppo,3,core_learning_training_aware,0.4587875248826332,0.2,0.15,0.25,0.05,0.05,0.1,0.2
arithmetic,152,0.0,traditional_ppo,3,core_learning_training_aware,0.5610398612361105,0.2,0.15,0.25,0.05,0.05,0.1,0.2
geometric,152,0.0,a2c_pointer,2,core_learning_training_aware,0.7188452782249019,0.2,0.15,0.25,0.05,0.05,0.1,0.2
arithmetic,152,0.0,a2c_pointer,2,core_learning_training_aware,0.7607959946902972,0.2,0.15,0.25,0.05,0.05,0.1,0.2
geometric,153,1.0,full,1,core_learning_training_aware,0.7219358825121402,0.2,0.15,0.25,0.05,0.05,0.15,0.15
arithmetic,153,1.0,full,1,core_learning_training_aware,0.7661623902837429,0.2,0.15,0.25,0.05,0.05,0.15,0.15
geometric,153,0.0,traditional_ppo,3,core_learning_training_aware,0.49956388808660906,0.2,0.15,0.25,0.05,0.05,0.15,0.15
arithmetic,153,0.0,traditional_ppo,3,core_learning_training_aware,0.6013694739049454,0.2,0.15,0.25,0.05,0.05,0.15,0.15
geometric,153,0.0,a2c_pointer,2,core_learning_training_aware,0.7197254124887541,0.2,0.15,0.25,0.05,0.05,0.15,0.15
arithmetic,153,0.0,a2c_pointer,2,core_learning_training_aware,0.7619686180314913,0.2,0.15,0.25,0.05,0.05,0.15,0.15
geometric,154,1.0,full,1,core_learning_training_aware,0.7226999725882582,0.2,0.15,0.25,0.05,0.05,0.2,0.1
arithmetic,154,1.0,full,1,core_learning_training_aware,0.7671944901307495,0.2,0.15,0.25,0.05,0.05,0.2,0.1
geometric,154,0.0,traditional_ppo,3,core_learning_training_aware,0.5439643947251039,0.2,0.15,0.25,0.05,0.05,0.2,0.1
arithmetic,154,0.0,traditional_ppo,3,core_learning_training_aware,0.6416990865737804,0.2,0.15,0.25,0.05,0.05,0.2,0.1
geometric,154,0.0,a2c_pointer,2,core_learning_training_aware,0.7206066243646402,0.2,0.15,0.25,0.05,0.05,0.2,0.1
arithmetic,154,0.0,a2c_pointer,2,core_learning_training_aware,0.7631412413726852,0.2,0.15,0.25,0.05,0.05,0.2,0.1
geometric,155,1.0,full,1,core_learning_training_aware,0.6974932138363495,0.2,0.15,0.25,0.05,0.1,0.05,0.2
arithmetic,155,1.0,full,1,core_learning_training_aware,0.7411144444429913,0.2,0.15,0.25,0.05,0.1,0.05,0.2
geometric,155,0.0,traditional_ppo,3,core_learning_training_aware,0.44878155943225856,0.2,0.15,0.25,0.05,0.1,0.05,0.2
arithmetic,155,0.0,traditional_ppo,3,core_learning_training_aware,0.5434545042405171,0.2,0.15,0.25,0.05,0.1,0.05,0.2
geometric,155,0.0,a2c_pointer,2,core_learning_training_aware,0.6963825493511888,0.2,0.15,0.25,0.05,0.1,0.05,0.2
arithmetic,155,0.0,a2c_pointer,2,core_learning_training_aware,0.7379971889450646,0.2,0.15,0.25,0.05,0.1,0.05,0.2
geometric,156,1.0,full,1,core_learning_training_aware,0.6982314340242661,0.2,0.15,0.25,0.05,0.1,0.1,0.15
arithmetic,156,1.0,full,1,core_learning_training_aware,0.742146544289998,0.2,0.15,0.25,0.05,0.1,0.1,0.15
geometric,156,0.0,traditional_ppo,3,core_learning_training_aware,0.48866860708321175,0.2,0.15,0.25,0.05,0.1,0.1,0.15
arithmetic,156,0.0,traditional_ppo,3,core_learning_training_aware,0.5837841169093522,0.2,0.15,0.25,0.05,0.1,0.1,0.15
geometric,156,0.0,a2c_pointer,2,core_learning_training_aware,0.6972351808714878,0.2,0.15,0.25,0.05,0.1,0.1,0.15
arithmetic,156,0.0,a2c_pointer,2,core_learning_training_aware,0.7391698122862588,0.2,0.15,0.25,0.05,0.1,0.1,0.15
geometric,157,1.0,full,1,core_learning_training_aware,0.698970435537413,0.2,0.15,0.25,0.05,0.1,0.15,0.1
arithmetic,157,1.0,full,1,core_learning_training_aware,0.7431786441370047,0.2,0.15,0.25,0.05,0.1,0.15,0.1
geometric,157,0.0,traditional_ppo,3,core_learning_training_aware,0.5321007571049533,0.2,0.15,0.25,0.05,0.1,0.15,0.1
arithmetic,157,0.0,traditional_ppo,3,core_learning_training_aware,0.6241137295781871,0.2,0.15,0.25,0.05,0.1,0.15,0.1
geometric,157,0.0,a2c_pointer,2,core_learning_training_aware,0.6980888563302229,0.2,0.15,0.25,0.05,0.1,0.15,0.1
arithmetic,157,0.0,a2c_pointer,2,core_learning_training_aware,0.7403424356274528,0.2,0.15,0.25,0.05,0.1,0.15,0.1
geometric,158,1.0,full,1,core_learning_training_aware,0.6997102192027372,0.2,0.15,0.25,0.05,0.1,0.2,0.05
arithmetic,158,1.0,full,1,core_learning_training_aware,0.7442107439840115,0.2,0.15,0.25,0.05,0.1,0.2,0.05
geometric,158,0.0,traditional_ppo,3,core_learning_training_aware,0.5793930930035213,0.2,0.15,0.25,0.05,0.1,0.2,0.05
arithmetic,158,0.0,traditional_ppo,3,core_learning_training_aware,0.6644433422470223,0.2,0.15,0.25,0.05,0.1,0.2,0.05
geometric,158,0.0,a2c_pointer,2,core_learning_training_aware,0.6989435770055631,0.2,0.15,0.25,0.05,0.1,0.2,0.05
arithmetic,158,0.0,a2c_pointer,2,core_learning_training_aware,0.741515058968647,0.2,0.15,0.25,0.05,0.1,0.2,0.05
geometric,159,0.0,full,2,core_learning_training_aware,0.6753053107197297,0.2,0.15,0.25,0.05,0.15,0.05,0.15
arithmetic,159,1.0,full,1,core_learning_training_aware,0.7181306982962531,0.2,0.15,0.25,0.05,0.15,0.05,0.15
geometric,159,0.0,traditional_ppo,3,core_learning_training_aware,0.4780109476352828,0.2,0.15,0.25,0.05,0.15,0.05,0.15
arithmetic,159,0.0,traditional_ppo,3,core_learning_training_aware,0.5661987599137588,0.2,0.15,0.25,0.05,0.15,0.05,0.15
geometric,159,1.0,a2c_pointer,1,core_learning_training_aware,0.6754477318841267,0.2,0.15,0.25,0.05,0.15,0.05,0.15
arithmetic,159,0.0,a2c_pointer,2,core_learning_training_aware,0.7163710065410261,0.2,0.15,0.25,0.05,0.15,0.05,0.15
geometric,160,0.0,full,2,core_learning_training_aware,0.6760200474418817,0.2,0.15,0.25,0.05,0.15,0.1,0.1
arithmetic,160,1.0,full,1,core_learning_training_aware,0.7191627981432598,0.2,0.15,0.25,0.05,0.15,0.1,0.1
geometric,160,0.0,traditional_ppo,3,core_learning_training_aware,0.5204958604960659,0.2,0.15,0.25,0.05,0.15,0.1,0.1
arithmetic,160,0.0,traditional_ppo,3,core_learning_training_aware,0.6065283725825938,0.2,0.15,0.25,0.05,0.15,0.1,0.1
geometric,160,1.0,a2c_pointer,1,core_learning_training_aware,0.6762747313933123,0.2,0.15,0.25,0.05,0.15,0.1,0.1
arithmetic,160,0.0,a2c_pointer,2,core_learning_training_aware,0.7175436298822204,0.2,0.15,0.25,0.05,0.15,0.1,0.1
geometric,161,0.0,full,2,core_learning_training_aware,0.6767355406345869,0.2,0.15,0.25,0.05,0.15,0.15,0.05
arithmetic,161,1.0,full,1,core_learning_training_aware,0.7201948979902666,0.2,0.15,0.25,0.05,0.15,0.15,0.05
geometric,161,0.0,traditional_ppo,3,core_learning_training_aware,0.566756770182272,0.2,0.15,0.25,0.05,0.15,0.15,0.05
arithmetic,161,0.0,traditional_ppo,3,core_learning_training_aware,0.6468579852514289,0.2,0.15,0.25,0.05,0.15,0.15,0.05
geometric,161,1.0,a2c_pointer,1,core_learning_training_aware,0.6771027434578089,0.2,0.15,0.25,0.05,0.15,0.15,0.05
arithmetic,161,0.0,a2c_pointer,2,core_learning_training_aware,0.7187162532234145,0.2,0.15,0.25,0.05,0.15,0.15,0.05
geometric,162,1.0,full,1,core_learning_training_aware,0.7187251655059002,0.2,0.15,0.25,0.1,0.05,0.05,0.2
arithmetic,162,1.0,full,1,core_learning_training_aware,0.7618897207023098,0.2,0.15,0.25,0.1,0.05,0.05,0.2
geometric,162,0.0,traditional_ppo,3,core_learning_training_aware,0.4578471284000485,0.2,0.15,0.25,0.1,0.05,0.05,0.2
arithmetic,162,0.0,traditional_ppo,3,core_learning_training_aware,0.5590572357303022,0.2,0.15,0.25,0.1,0.05,0.05,0.2
geometric,162,0.0,a2c_pointer,2,core_learning_training_aware,0.716421991688419,0.2,0.15,0.25,0.1,0.05,0.05,0.2
arithmetic,162,0.0,a2c_pointer,2,core_learning_training_aware,0.7576283692148487,0.2,0.15,0.25,0.1,0.05,0.05,0.2
geometric,163,1.0,full,1,core_learning_training_aware,0.7194858573896562,0.2,0.15,0.25,0.1,0.05,0.1,0.15
arithmetic,163,1.0,full,1,core_learning_training_aware,0.7629218205493165,0.2,0.15,0.25,0.1,0.05,0.1,0.15
geometric,163,0.0,traditional_ppo,3,core_learning_training_aware,0.49853991054209507,0.2,0.15,0.25,0.1,0.05,0.1,0.15
arithmetic,163,0.0,traditional_ppo,3,core_learning_training_aware,0.5993868483991373,0.2,0.15,0.25,0.1,0.05,0.1,0.15
geometric,163,0.0,a2c_pointer,2,core_learning_training_aware,0.7172991589473029,0.2,0.15,0.25,0.1,0.05,0.1,0.15
arithmetic,163,0.0,a2c_pointer,2,core_learning_training_aware,0.7588009925560427,0.2,0.15,0.25,0.1,0.05,0.1,0.15
geometric,164,1.0,full,1,core_learning_training_aware,0.7202473543824717,0.2,0.15,0.25,0.1,0.05,0.15,0.1
arithmetic,164,1.0,full,1,core_learning_training_aware,0.7639539203963233,0.2,0.15,0.25,0.1,0.05,0.15,0.1
geometric,164,0.0,traditional_ppo,3,core_learning_training_aware,0.5428494075563014,0.2,0.15,0.25,0.1,0.05,0.15,0.1
arithmetic,164,0.0,traditional_ppo,3,core_learning_training_aware,0.6397164610679722,0.2,0.15,0.25,0.1,0.05,0.15,0.1
geometric,164,0.0,a2c_pointer,2,core_learning_training_aware,0.718177400185502,0.2,0.15,0.25,0.1,0.05,0.15,0.1
arithmetic,164,0.0,a2c_pointer,2,core_learning_training_aware,0.759973615897237,0.2,0.15,0.25,0.1,0.05,0.15,0.1
geometric,165,1.0,full,1,core_learning_training_aware,0.7210096573364664,0.2,0.15,0.25,0.1,0.05,0.2,0.05
arithmetic,165,1.0,full,1,core_learning_training_aware,0.76498602024333,0.2,0.15,0.25,0.1,0.05,0.2,0.05
geometric,165,0.0,traditional_ppo,3,core_learning_training_aware,0.591097067762933,0.2,0.15,0.25,0.1,0.05,0.2,0.05
arithmetic,165,0.0,traditional_ppo,3,core_learning_training_aware,0.6800460737368074,0.2,0.15,0.25,0.1,0.05,0.2,0.05
geometric,165,0.0,a2c_pointer,2,core_learning_training_aware,0.7190567167179669,0.2,0.15,0.25,0.1,0.05,0.2,0.05
arithmetic,165,0.0,a2c_pointer,2,core_learning_training_aware,0.761146239238431,0.2,0.15,0.25,0.1,0.05,0.2,0.05
geometric,166,1.0,full,1,core_learning_training_aware,0.6958618544035458,0.2,0.15,0.25,0.1,0.1,0.05,0.15
arithmetic,166,1.0,full,1,core_learning_training_aware,0.7389059745555716,0.2,0.15,0.25,0.1,0.1,0.05,0.15
geometric,166,0.0,traditional_ppo,3,core_learning_training_aware,0.4876669620638356,0.2,0.15,0.25,0.1,0.1,0.05,0.15
arithmetic,166,0.0,traditional_ppo,3,core_learning_training_aware,0.5818014914035439,0.2,0.15,0.25,0.1,0.1,0.05,0.15
geometric,166,0.0,a2c_pointer,2,core_learning_training_aware,0.6948847437499693,0.2,0.15,0.25,0.1,0.1,0.05,0.15
arithmetic,166,0.0,a2c_pointer,2,core_learning_training_aware,0.7360021868108102,0.2,0.15,0.25,0.1,0.1,0.05,0.15
geometric,167,1.0,full,1,core_learning_training_aware,0.6965983479761447,0.2,0.15,0.25,0.1,0.1,0.1,0.1
arithmetic,167,1.0,full,1,core_learning_training_aware,0.7399380744025784,0.2,0.15,0.25,0.1,0.1,0.1,0.1
geometric,167,0.0,traditional_ppo,3,core_learning_training_aware,0.5310100873434114,0.2,0.15,0.25,0.1,0.1,0.1,0.1
arithmetic,167,0.0,traditional_ppo,3,core_learning_training_aware,0.622131104072379,0.2,0.15,0.25,0.1,0.1,0.1,0.1
geometric,167,0.0,a2c_pointer,2,core_learning_training_aware,0.6957355413985435,0.2,0.15,0.25,0.1,0.1,0.1,0.1
arithmetic,167,0.0,a2c_pointer,2,core_learning_training_aware,0.7371748101520045,0.2,0.15,0.25,0.1,0.1,0.1,0.1
geometric,168,1.0,full,1,core_learning_training_aware,0.6973356210465406,0.2,0.15,0.25,0.1,0.1,0.15,0.05
arithmetic,168,1.0,full,1,core_learning_training_aware,0.7409701742495851,0.2,0.15,0.25,0.1,0.1,0.15,0.05
geometric,168,0.0,traditional_ppo,3,core_learning_training_aware,0.5782054861111288,0.2,0.15,0.25,0.1,0.1,0.15,0.05
arithmetic,168,0.0,traditional_ppo,3,core_learning_training_aware,0.662460716741214,0.2,0.15,0.25,0.1,0.1,0.15,0.05
geometric,168,0.0,a2c_pointer,2,core_learning_training_aware,0.696587380740212,0.2,0.15,0.25,0.1,0.1,0.15,0.05
arithmetic,168,0.0,a2c_pointer,2,core_learning_training_aware,0.7383474334931985,0.2,0.15,0.25,0.1,0.1,0.15,0.05
geometric,169,0.0,full,2,core_learning_training_aware,0.6737258463366919,0.2,0.15,0.25,0.1,0.15,0.05,0.1
arithmetic,169,1.0,full,1,core_learning_training_aware,0.7159222284088335,0.2,0.15,0.25,0.1,0.15,0.05,0.1
geometric,169,0.0,traditional_ppo,3,core_learning_training_aware,0.5194289777892277,0.2,0.15,0.25,0.1,0.15,0.05,0.1
arithmetic,169,0.0,traditional_ppo,3,core_learning_training_aware,0.6045457470767855,0.2,0.15,0.25,0.1,0.15,0.05,0.1
geometric,169,1.0,a2c_pointer,1,core_learning_training_aware,0.6739949536703566,0.2,0.15,0.25,0.1,0.15,0.05,0.1
arithmetic,169,0.0,a2c_pointer,2,core_learning_training_aware,0.7143760044067717,0.2,0.15,0.25,0.1,0.15,0.05,0.1
geometric,170,0.0,full,2,core_learning_training_aware,0.6744389113687536,0.2,0.15,0.25,0.1,0.15,0.1,0.05
arithmetic,170,1.0,full,1,core_learning_training_aware,0.7169543282558402,0.2,0.15,0.25,0.1,0.15,0.1,0.05
geometric,170,0.0,traditional_ppo,3,core_learning_training_aware,0.5655950645031631,0.2,0.15,0.25,0.1,0.15,0.1,0.05
arithmetic,170,0.0,traditional_ppo,3,core_learning_training_aware,0.6448753597456207,0.2,0.15,0.25,0.1,0.15,0.1,0.05
geometric,170,1.0,a2c_pointer,1,core_learning_training_aware,0.6748201744381045,0.2,0.15,0.25,0.1,0.15,0.1,0.05
arithmetic,170,0.0,a2c_pointer,2,core_learning_training_aware,0.7155486277479659,0.2,0.15,0.25,0.1,0.15,0.1,0.05
geometric,171,1.0,full,1,core_learning_training_aware,0.7170441468879664,0.2,0.15,0.25,0.15,0.05,0.05,0.15
arithmetic,171,1.0,full,1,core_learning_training_aware,0.7596812508148901,0.2,0.15,0.25,0.15,0.05,0.05,0.15
geometric,171,0.0,traditional_ppo,3,core_learning_training_aware,0.4975180318883069,0.2,0.15,0.25,0.15,0.05,0.05,0.15
arithmetic,171,0.0,traditional_ppo,3,core_learning_training_aware,0.597404222893329,0.2,0.15,0.25,0.15,0.05,0.05,0.15
geometric,171,0.0,a2c_pointer,2,core_learning_training_aware,0.7148810845060269,0.2,0.15,0.25,0.15,0.05,0.05,0.15
arithmetic,171,0.0,a2c_pointer,2,core_learning_training_aware,0.7556333670805941,0.2,0.15,0.25,0.15,0.05,0.05,0.15
geometric,172,1.0,full,1,core_learning_training_aware,0.717803059597595,0.2,0.15,0.25,0.15,0.05,0.1,0.1
arithmetic,172,1.0,full,1,core_learning_training_aware,0.7607133506618968,0.2,0.15,0.25,0.15,0.05,0.1,0.1
geometric,172,0.0,traditional_ppo,3,core_learning_training_aware,0.541736705824558,0.2,0.15,0.25,0.15,0.05,0.1,0.1
arithmetic,172,0.0,traditional_ppo,3,core_learning_training_aware,0.637733835562164,0.2,0.15,0.25,0.15,0.05,0.1,0.1
geometric,172,0.0,a2c_pointer,2,core_learning_training_aware,0.7157563651208029,0.2,0.15,0.25,0.15,0.05,0.1,0.1
arithmetic,172,0.0,a2c_pointer,2,core_learning_training_aware,0.7568059904217883,0.2,0.15,0.25,0.15,0.05,0.1,0.1
geometric,173,1.0,full,1,core_learning_training_aware,0.7185627755332222,0.2,0.15,0.25,0.15,0.05,0.15,0.05
arithmetic,173,1.0,full,1,core_learning_training_aware,0.7617454505089036,0.2,0.15,0.25,0.15,0.05,0.15,0.05
geometric,173,0.0,traditional_ppo,3,core_learning_training_aware,0.5898854707310988,0.2,0.15,0.25,0.15,0.05,0.15,0.05
arithmetic,173,0.0,traditional_ppo,3,core_learning_training_aware,0.6780634482309991,0.2,0.15,0.25,0.15,0.05,0.15,0.05
geometric,173,0.0,a2c_pointer,2,core_learning_training_aware,0.7166327174049393,0.2,0.15,0.25,0.15,0.05,0.15,0.05
arithmetic,173,0.0,a2c_pointer,2,core_learning_training_aware,0.7579786137629825,0.2,0.15,0.25,0.15,0.05,0.15,0.05
geometric,174,1.0,full,1,core_learning_training_aware,0.6942343105399064,0.2,0.15,0.25,0.15,0.1,0.05,0.1
arithmetic,174,1.0,full,1,core_learning_training_aware,0.7366975046681519,0.2,0.15,0.25,0.15,0.1,0.05,0.1
geometric,174,0.0,traditional_ppo,3,core_learning_training_aware,0.5299216531744952,0.2,0.15,0.25,0.15,0.1,0.05,0.1
arithmetic,174,0.0,traditional_ppo,3,core_learning_training_aware,0.6201484785665706,0.2,0.15,0.25,0.15,0.1,0.05,0.1
geometric,174,0.0,a2c_pointer,2,core_learning_training_aware,0.693390159684989,0.2,0.15,0.25,0.15,0.1,0.05,0.1
arithmetic,174,0.0,a2c_pointer,2,core_learning_training_aware,0.7340071846765557,0.2,0.15,0.25,0.15,0.1,0.05,0.1
geometric,175,1.0,full,1,core_learning_training_aware,0.6949690815355497,0.2,0.15,0.25,0.15,0.1,0.1,0.05
arithmetic,175,1.0,full,1,core_learning_training_aware,0.7377296045151587,0.2,0.15,0.25,0.15,0.1,0.1,0.05
geometric,175,0.0,traditional_ppo,3,core_learning_training_aware,0.5770203135075599,0.2,0.15,0.25,0.15,0.1,0.1,0.05
arithmetic,175,0.0,traditional_ppo,3,core_learning_training_aware,0.6604780912354058,0.2,0.15,0.25,0.15,0.1,0.1,0.05
geometric,175,0.0,a2c_pointer,2,core_learning_training_aware,0.6942391274061982,0.2,0.15,0.25,0.15,0.1,0.1,0.05
arithmetic,175,0.0,a2c_pointer,2,core_learning_training_aware,0.7351798080177498,0.2,0.15,0.25,0.15,0.1,0.1,0.05
geometric,176,0.0,full,2,core_learning_training_aware,0.6721500761460405,0.2,0.15,0.25,0.15,0.15,0.05,0.05
arithmetic,176,1.0,full,1,core_learning_training_aware,0.7137137585214137,0.2,0.15,0.25,0.15,0.15,0.05,0.05
geometric,176,0.0,traditional_ppo,3,core_learning_training_aware,0.5644357400220493,0.2,0.15,0.25,0.15,0.15,0.05,0.05
arithmetic,176,0.0,traditional_ppo,3,core_learning_training_aware,0.6428927342398124,0.2,0.15,0.25,0.15,0.15,0.05,0.05
geometric,176,1.0,a2c_pointer,1,core_learning_training_aware,0.6725453001462387,0.2,0.15,0.25,0.15,0.15,0.05,0.05
arithmetic,176,0.0,a2c_pointer,2,core_learning_training_aware,0.7123810022725173,0.2,0.15,0.25,0.15,0.15,0.05,0.05
geometric,177,1.0,full,1,core_learning_training_aware,0.6923156197285162,0.2,0.2,0.1,0.05,0.05,0.2,0.2
arithmetic,177,1.0,full,1,core_learning_training_aware,0.7428532607729796,0.2,0.2,0.1,0.05,0.05,0.2,0.2
geometric,177,0.0,traditional_ppo,3,core_learning_training_aware,0.44040163579051916,0.2,0.2,0.1,0.05,0.05,0.2,0.2
arithmetic,177,0.0,traditional_ppo,3,core_learning_training_aware,0.5384890371462369,0.2,0.2,0.1,0.05,0.05,0.2,0.2
geometric,177,0.0,a2c_pointer,2,core_learning_training_aware,0.688980314481504,0.2,0.2,0.1,0.05,0.05,0.2,0.2
arithmetic,177,0.0,a2c_pointer,2,core_learning_training_aware,0.7369210756680828,0.2,0.2,0.1,0.05,0.05,0.2,0.2
geometric,178,1.0,full,1,core_learning_training_aware,0.6695837395952007,0.2,0.2,0.1,0.05,0.1,0.15,0.2
arithmetic,178,1.0,full,1,core_learning_training_aware,0.7188374147792347,0.2,0.2,0.1,0.05,0.1,0.15,0.2
geometric,178,0.0,traditional_ppo,3,core_learning_training_aware,0.4307966589482746,0.2,0.2,0.1,0.05,0.1,0.15,0.2
arithmetic,178,0.0,traditional_ppo,3,core_learning_training_aware,0.5209036801506436,0.2,0.2,0.1,0.05,0.1,0.15,0.2
geometric,178,0.0,a2c_pointer,2,core_learning_training_aware,0.6674508164485747,0.2,0.2,0.1,0.05,0.1,0.15,0.2
arithmetic,178,0.0,a2c_pointer,2,core_learning_training_aware,0.7141222699228503,0.2,0.2,0.1,0.05,0.1,0.15,0.2
geometric,179,1.0,full,1,core_learning_training_aware,0.6702924206608575,0.2,0.2,0.1,0.05,0.1,0.2,0.15
arithmetic,179,1.0,full,1,core_learning_training_aware,0.7198695146262415,0.2,0.2,0.1,0.05,0.1,0.2,0.15
geometric,179,0.0,traditional_ppo,3,core_learning_training_aware,0.469085234987538,0.2,0.2,0.1,0.05,0.1,0.2,0.15
arithmetic,179,0.0,traditional_ppo,3,core_learning_training_aware,0.5612332928194785,0.2,0.2,0.1,0.05,0.1,0.2,0.15
geometric,179,0.0,a2c_pointer,2,core_learning_training_aware,0.6682680247558241,0.2,0.2,0.1,0.05,0.1,0.2,0.15
arithmetic,179,0.0,a2c_pointer,2,core_learning_training_aware,0.7152948932640444,0.2,0.2,0.1,0.05,0.1,0.2,0.15
geometric,180,1.0,full,1,core_learning_training_aware,0.6475982507892947,0.2,0.2,0.1,0.05,0.15,0.1,0.2
arithmetic,180,1.0,full,1,core_learning_training_aware,0.6948215687854897,0.2,0.2,0.1,0.05,0.15,0.1,0.2
geometric,180,0.0,traditional_ppo,3,core_learning_training_aware,0.42140116266341815,0.2,0.2,0.1,0.05,0.15,0.1,0.2
arithmetic,180,0.0,traditional_ppo,3,core_learning_training_aware,0.5033183231550502,0.2,0.2,0.1,0.05,0.15,0.1,0.2
geometric,180,0.0,a2c_pointer,2,core_learning_training_aware,0.6465940797062182,0.2,0.2,0.1,0.05,0.15,0.1,0.2
arithmetic,180,0.0,a2c_pointer,2,core_learning_training_aware,0.6913234641776177,0.2,0.2,0.1,0.05,0.15,0.1,0.2
geometric,181,1.0,full,1,core_learning_training_aware,0.6482836626225693,0.2,0.2,0.1,0.05,0.15,0.15,0.15
arithmetic,181,1.0,full,1,core_learning_training_aware,0.6958536686324965,0.2,0.2,0.1,0.05,0.15,0.15,0.15
geometric,181,0.0,traditional_ppo,3,core_learning_training_aware,0.4588546807549074,0.2,0.2,0.1,0.05,0.15,0.15,0.15
arithmetic,181,0.0,traditional_ppo,3,core_learning_training_aware,0.5436479358238853,0.2,0.2,0.1,0.05,0.15,0.15,0.15
geometric,181,0.0,a2c_pointer,2,core_learning_training_aware,0.6473857516022328,0.2,0.2,0.1,0.05,0.15,0.15,0.15
arithmetic,181,0.0,a2c_pointer,2,core_learning_training_aware,0.6924960875188119,0.2,0.2,0.1,0.05,0.15,0.15,0.15
geometric,182,1.0,full,1,core_learning_training_aware,0.6489697998892137,0.2,0.2,0.1,0.05,0.15,0.2,0.1
arithmetic,182,1.0,full,1,core_learning_training_aware,0.6968857684795031,0.2,0.2,0.1,0.05,0.15,0.2,0.1
geometric,182,0.0,traditional_ppo,3,core_learning_training_aware,0.49963701267444466,0.2,0.2,0.1,0.05,0.15,0.2,0.1
arithmetic,182,0.0,traditional_ppo,3,core_learning_training_aware,0.5839775484927201,0.2,0.2,0.1,0.05,0.15,0.2,0.1
geometric,182,0.0,a2c_pointer,2,core_learning_training_aware,0.6481783927994064,0.2,0.2,0.1,0.05,0.15,0.2,0.1
arithmetic,182,0.0,a2c_pointer,2,core_learning_training_aware,0.6936687108600058,0.2,0.2,0.1,0.05,0.15,0.2,0.1
geometric,183,1.0,full,1,core_learning_training_aware,0.6899661165356277,0.2,0.2,0.1,0.1,0.05,0.15,0.2
arithmetic,183,1.0,full,1,core_learning_training_aware,0.7396126910385532,0.2,0.2,0.1,0.1,0.05,0.15,0.2
geometric,183,0.0,traditional_ppo,3,core_learning_training_aware,0.439498925653996,0.2,0.2,0.1,0.1,0.05,0.15,0.2
arithmetic,183,0.0,traditional_ppo,3,core_learning_training_aware,0.5365064116404287,0.2,0.2,0.1,0.1,0.05,0.15,0.2
geometric,183,0.0,a2c_pointer,2,core_learning_training_aware,0.6866577051933027,0.2,0.2,0.1,0.1,0.05,0.15,0.2
arithmetic,183,0.0,a2c_pointer,2,core_learning_training_aware,0.7337534501926344,0.2,0.2,0.1,0.1,0.05,0.15,0.2
geometric,184,1.0,full,1,core_learning_training_aware,0.6906963701153057,0.2,0.2,0.1,0.1,0.05,0.2,0.15
arithmetic,184,1.0,full,1,core_learning_training_aware,0.7406447908855599,0.2,0.2,0.1,0.1,0.05,0.2,0.15
geometric,184,0.0,traditional_ppo,3,core_learning_training_aware,0.47856094641144603,0.2,0.2,0.1,0.1,0.05,0.2,0.15
arithmetic,184,0.0,traditional_ppo,3,core_learning_training_aware,0.5768360243092637,0.2,0.2,0.1,0.1,0.05,0.2,0.15
geometric,184,0.0,a2c_pointer,2,core_learning_training_aware,0.6874984298835602,0.2,0.2,0.1,0.1,0.05,0.2,0.15
arithmetic,184,0.0,a2c_pointer,2,core_learning_training_aware,0.7349260735338284,0.2,0.2,0.1,0.1,0.05,0.2,0.15
geometric,185,1.0,full,1,core_learning_training_aware,0.6673113813105472,0.2,0.2,0.1,0.1,0.1,0.1,0.2
arithmetic,185,1.0,full,1,core_learning_training_aware,0.7155968450448082,0.2,0.2,0.1,0.1,0.1,0.1,0.2
geometric,185,0.0,traditional_ppo,3,core_learning_training_aware,0.42991363654506554,0.2,0.2,0.1,0.1,0.1,0.1,0.2
arithmetic,185,0.0,traditional_ppo,3,core_learning_training_aware,0.5189210546448354,0.2,0.2,0.1,0.1,0.1,0.1,0.2
geometric,185,0.0,a2c_pointer,2,core_learning_training_aware,0.6652007848684015,0.2,0.2,0.1,0.1,0.1,0.1,0.2
arithmetic,185,0.0,a2c_pointer,2,core_learning_training_aware,0.7109546444474019,0.2,0.2,0.1,0.1,0.1,0.1,0.2
geometric,186,1.0,full,1,core_learning_training_aware,0.6680176573337941,0.2,0.2,0.1,0.1,0.1,0.15,0.15
arithmetic,186,1.0,full,1,core_learning_training_aware,0.7166289448918151,0.2,0.2,0.1,0.1,0.1,0.15,0.15
geometric,186,0.0,traditional_ppo,3,core_learning_training_aware,0.4681237308465361,0.2,0.2,0.1,0.1,0.1,0.15,0.15
arithmetic,186,0.0,traditional_ppo,3,core_learning_training_aware,0.5592506673136703,0.2,0.2,0.1,0.1,0.1,0.15,0.15
geometric,186,0.0,a2c_pointer,2,core_learning_training_aware,0.6660152382992564,0.2,0.2,0.1,0.1,0.1,0.15,0.15
arithmetic,186,0.0,a2c_pointer,2,core_learning_training_aware,0.7121272677885959,0.2,0.2,0.1,0.1,0.1,0.15,0.15
geometric,187,1.0,full,1,core_learning_training_aware,0.6687246808728708,0.2,0.2,0.1,0.1,0.1,0.2,0.1
arithmetic,187,1.0,full,1,core_learning_training_aware,0.7176610447388219,0.2,0.2,0.1,0.1,0.1,0.2,0.1
geometric,187,0.0,traditional_ppo,3,core_learning_training_aware,0.509729882361405,0.2,0.2,0.1,0.1,0.1,0.2,0.1
arithmetic,187,0.0,traditional_ppo,3,core_learning_training_aware,0.5995802799825055,0.2,0.2,0.1,0.1,0.1,0.2,0.1
geometric,187,0.0,a2c_pointer,2,core_learning_training_aware,0.6668306889243508,0.2,0.2,0.1,0.1,0.1,0.2,0.1
arithmetic,187,0.0,a2c_pointer,2,core_learning_training_aware,0.7132998911297902,0.2,0.2,0.1,0.1,0.1,0.2,0.1
geometric,188,1.0,full,1,core_learning_training_aware,0.6454005043936044,0.2,0.2,0.1,0.1,0.15,0.05,0.2
arithmetic,188,1.0,full,1,core_learning_training_aware,0.6915809990510634,0.2,0.2,0.1,0.1,0.15,0.05,0.2
geometric,188,0.0,traditional_ppo,3,core_learning_training_aware,0.42053739861223316,0.2,0.2,0.1,0.1,0.15,0.05,0.2
arithmetic,188,0.0,traditional_ppo,3,core_learning_training_aware,0.501335697649242,0.2,0.2,0.1,0.1,0.15,0.05,0.2
geometric,188,0.0,a2c_pointer,2,core_learning_training_aware,0.6444143579004482,0.2,0.2,0.1,0.1,0.15,0.05,0.2
arithmetic,188,0.0,a2c_pointer,2,core_learning_training_aware,0.6881558387021692,0.2,0.2,0.1,0.1,0.15,0.05,0.2
geometric,189,1.0,full,1,core_learning_training_aware,0.6460835901529832,0.2,0.2,0.1,0.1,0.15,0.1,0.15
arithmetic,189,1.0,full,1,core_learning_training_aware,0.6926130988980701,0.2,0.2,0.1,0.1,0.15,0.1,0.15
geometric,189,0.0,traditional_ppo,3,core_learning_training_aware,0.4579141466200487,0.2,0.2,0.1,0.1,0.15,0.1,0.15
arithmetic,189,0.0,traditional_ppo,3,core_learning_training_aware,0.5416653103180771,0.2,0.2,0.1,0.1,0.15,0.1,0.15
geometric,189,0.0,a2c_pointer,2,core_learning_training_aware,0.6452033610054098,0.2,0.2,0.1,0.1,0.15,0.1,0.15
arithmetic,189,0.0,a2c_pointer,2,core_learning_training_aware,0.6893284620433634,0.2,0.2,0.1,0.1,0.15,0.1,0.15
geometric,190,1.0,full,1,core_learning_training_aware,0.6467673988838372,0.2,0.2,0.1,0.1,0.15,0.15,0.1
arithmetic,190,1.0,full,1,core_learning_training_aware,0.6936451987450768,0.2,0.2,0.1,0.1,0.15,0.15,0.1
geometric,190,0.0,traditional_ppo,3,core_learning_training_aware,0.4986128852433242,0.2,0.2,0.1,0.1,0.15,0.15,0.1
arithmetic,190,0.0,traditional_ppo,3,core_learning_training_aware,0.581994922986912,0.2,0.2,0.1,0.1,0.15,0.15,0.1
geometric,190,0.0,a2c_pointer,2,core_learning_training_aware,0.6459933301439367,0.2,0.2,0.1,0.1,0.15,0.15,0.1
arithmetic,190,0.0,a2c_pointer,2,core_learning_training_aware,0.6905010853845575,0.2,0.2,0.1,0.1,0.15,0.15,0.1
geometric,191,1.0,full,1,core_learning_training_aware,0.6474519313513522,0.2,0.2,0.1,0.1,0.15,0.2,0.05
arithmetic,191,1.0,full,1,core_learning_training_aware,0.6946772985920835,0.2,0.2,0.1,0.1,0.15,0.2,0.05
geometric,191,0.0,traditional_ppo,3,core_learning_training_aware,0.5429288681420863,0.2,0.2,0.1,0.1,0.15,0.2,0.05
arithmetic,191,0.0,traditional_ppo,3,core_learning_training_aware,0.6223245356557472,0.2,0.2,0.1,0.1,0.15,0.2,0.05
geometric,191,0.0,a2c_pointer,2,core_learning_training_aware,0.6467842664988134,0.2,0.2,0.1,0.1,0.15,0.2,0.05
arithmetic,191,0.0,a2c_pointer,2,core_learning_training_aware,0.6916737087257516,0.2,0.2,0.1,0.1,0.15,0.2,0.05
geometric,192,1.0,full,1,core_learning_training_aware,0.6876245868234699,0.2,0.2,0.1,0.15,0.05,0.1,0.2
arithmetic,192,1.0,full,1,core_learning_training_aware,0.7363721213041268,0.2,0.2,0.1,0.15,0.05,0.1,0.2
geometric,192,0.0,traditional_ppo,3,core_learning_training_aware,0.4385980658411872,0.2,0.2,0.1,0.15,0.05,0.1,0.2
arithmetic,192,0.0,traditional_ppo,3,core_learning_training_aware,0.5345237861346205,0.2,0.2,0.1,0.15,0.05,0.1,0.2
geometric,192,0.0,a2c_pointer,2,core_learning_training_aware,0.6843429256119773,0.2,0.2,0.1,0.15,0.05,0.1,0.2
arithmetic,192,0.0,a2c_pointer,2,core_learning_training_aware,0.7305858247171858,0.2,0.2,0.1,0.15,0.05,0.1,0.2
geometric,193,1.0,full,1,core_learning_training_aware,0.6883523621503566,0.2,0.2,0.1,0.15,0.05,0.15,0.15
arithmetic,193,1.0,full,1,core_learning_training_aware,0.7374042211511335,0.2,0.2,0.1,0.15,0.05,0.15,0.15
geometric,193,0.0,traditional_ppo,3,core_learning_training_aware,0.4775800194980064,0.2,0.2,0.1,0.15,0.05,0.15,0.15
arithmetic,193,0.0,traditional_ppo,3,core_learning_training_aware,0.5748533988034554,0.2,0.2,0.1,0.15,0.05,0.15,0.15
geometric,193,0.0,a2c_pointer,2,core_learning_training_aware,0.6851808161501795,0.2,0.2,0.1,0.15,0.05,0.15,0.15
arithmetic,193,0.0,a2c_pointer,2,core_learning_training_aware,0.73175844805838,0.2,0.2,0.1,0.15,0.05,0.15,0.15
geometric,194,1.0,full,1,core_learning_training_aware,0.6890809077477318,0.2,0.2,0.1,0.15,0.05,0.2,0.1
arithmetic,194,1.0,full,1,core_learning_training_aware,0.73843632099814,0.2,0.2,0.1,0.15,0.05,0.2,0.1
geometric,194,0.0,traditional_ppo,3,core_learning_training_aware,0.5200266320971489,0.2,0.2,0.1,0.15,0.05,0.2,0.1
arithmetic,194,0.0,traditional_ppo,3,core_learning_training_aware,0.6151830114722904,0.2,0.2,0.1,0.15,0.05,0.2,0.1
geometric,194,0.0,a2c_pointer,2,core_learning_training_aware,0.686019732578367,0.2,0.2,0.1,0.15,0.05,0.2,0.1
arithmetic,194,0.0,a2c_pointer,2,core_learning_training_aware,0.7329310713995739,0.2,0.2,0.1,0.15,0.05,0.2,0.1
geometric,195,1.0,full,1,core_learning_training_aware,0.665046734700877,0.2,0.2,0.1,0.15,0.1,0.05,0.2
arithmetic,195,1.0,full,1,core_learning_training_aware,0.7123562753103819,0.2,0.2,0.1,0.15,0.1,0.05,0.2
geometric,195,0.0,traditional_ppo,3,core_learning_training_aware,0.4290324241107789,0.2,0.2,0.1,0.15,0.1,0.05,0.2
arithmetic,195,0.0,traditional_ppo,3,core_learning_training_aware,0.5169384291390271,0.2,0.2,0.1,0.15,0.1,0.05,0.2
geometric,195,0.0,a2c_pointer,2,core_learning_training_aware,0.6629583383296832,0.2,0.2,0.1,0.15,0.1,0.05,0.2
arithmetic,195,0.0,a2c_pointer,2,core_learning_training_aware,0.7077870189719533,0.2,0.2,0.1,0.15,0.1,0.05,0.2
geometric,196,1.0,full,1,core_learning_training_aware,0.6657506138436775,0.2,0.2,0.1,0.15,0.1,0.1,0.15
arithmetic,196,1.0,full,1,core_learning_training_aware,0.7133883751573886,0.2,0.2,0.1,0.15,0.1,0.1,0.15
geometric,196,0.0,traditional_ppo,3,core_learning_training_aware,0.4671641975418432,0.2,0.2,0.1,0.15,0.1,0.1,0.15
arithmetic,196,0.0,traditional_ppo,3,core_learning_training_aware,0.5572680418078622,0.2,0.2,0.1,0.15,0.1,0.1,0.15
geometric,196,0.0,a2c_pointer,2,core_learning_training_aware,0.663770046171058,0.2,0.2,0.1,0.15,0.1,0.1,0.15
arithmetic,196,0.0,a2c_pointer,2,core_learning_training_aware,0.7089596423131473,0.2,0.2,0.1,0.15,0.1,0.1,0.15
geometric,197,1.0,full,1,core_learning_training_aware,0.6664552379654723,0.2,0.2,0.1,0.15,0.1,0.15,0.1
arithmetic,197,1.0,full,1,core_learning_training_aware,0.7144204750043953,0.2,0.2,0.1,0.15,0.1,0.15,0.1
geometric,197,0.0,traditional_ppo,3,core_learning_training_aware,0.5086850671420646,0.2,0.2,0.1,0.15,0.1,0.15,0.1
arithmetic,197,0.0,traditional_ppo,3,core_learning_training_aware,0.5975976544766971,0.2,0.2,0.1,0.15,0.1,0.15,0.1
geometric,197,0.0,a2c_pointer,2,core_learning_training_aware,0.6645827478450489,0.2,0.2,0.1,0.15,0.1,0.15,0.1
arithmetic,197,0.0,a2c_pointer,2,core_learning_training_aware,0.7101322656543416,0.2,0.2,0.1,0.15,0.1,0.15,0.1
geometric,198,1.0,full,1,core_learning_training_aware,0.6671606078547404,0.2,0.2,0.1,0.15,0.1,0.2,0.05
arithmetic,198,1.0,full,1,core_learning_training_aware,0.715452574851402,0.2,0.2,0.1,0.15,0.1,0.2,0.05
geometric,198,0.0,traditional_ppo,3,core_learning_training_aware,0.5538962508147898,0.2,0.2,0.1,0.15,0.1,0.2,0.05
arithmetic,198,0.0,traditional_ppo,3,core_learning_training_aware,0.6379272671455323,0.2,0.2,0.1,0.15,0.1,0.2,0.05
geometric,198,0.0,a2c_pointer,2,core_learning_training_aware,0.665396444568477,0.2,0.2,0.1,0.15,0.1,0.2,0.05
arithmetic,198,0.0,a2c_pointer,2,core_learning_training_aware,0.7113048889955357,0.2,0.2,0.1,0.15,0.1,0.2,0.05
geometric,199,1.0,full,1,core_learning_training_aware,0.6438909840428791,0.2,0.2,0.1,0.15,0.15,0.05,0.15
arithmetic,199,1.0,full,1,core_learning_training_aware,0.6893725291636437,0.2,0.2,0.1,0.15,0.15,0.05,0.15
geometric,199,0.0,traditional_ppo,3,core_learning_training_aware,0.45697554033837745,0.2,0.2,0.1,0.15,0.15,0.05,0.15
arithmetic,199,0.0,traditional_ppo,3,core_learning_training_aware,0.5396826848122688,0.2,0.2,0.1,0.15,0.15,0.05,0.15
geometric,199,0.0,a2c_pointer,2,core_learning_training_aware,0.6430283274267253,0.2,0.2,0.1,0.15,0.15,0.05,0.15
arithmetic,199,0.0,a2c_pointer,2,core_learning_training_aware,0.6861608365679148,0.2,0.2,0.1,0.15,0.15,0.05,0.15
geometric,200,1.0,full,1,core_learning_training_aware,0.6445724721402667,0.2,0.2,0.1,0.15,0.15,0.1,0.1
arithmetic,200,1.0,full,1,core_learning_training_aware,0.6904046290106505,0.2,0.2,0.1,0.15,0.15,0.1,0.1
geometric,200,0.0,traditional_ppo,3,core_learning_training_aware,0.49759085701015854,0.2,0.2,0.1,0.15,0.15,0.1,0.1
arithmetic,200,0.0,traditional_ppo,3,core_learning_training_aware,0.5800122974811038,0.2,0.2,0.1,0.15,0.15,0.1,0.1
geometric,200,0.0,a2c_pointer,2,core_learning_training_aware,0.6438156335143347,0.2,0.2,0.1,0.15,0.15,0.1,0.1
arithmetic,200,0.0,a2c_pointer,2,core_learning_training_aware,0.687333459909109,0.2,0.2,0.1,0.15,0.15,0.1,0.1
geometric,201,1.0,full,1,core_learning_training_aware,0.6452546815181789,0.2,0.2,0.1,0.15,0.15,0.15,0.05
arithmetic,201,1.0,full,1,core_learning_training_aware,0.6914367288576571,0.2,0.2,0.1,0.15,0.15,0.15,0.05
geometric,201,0.0,traditional_ppo,3,core_learning_training_aware,0.5418160035365696,0.2,0.2,0.1,0.15,0.15,0.15,0.05
arithmetic,201,0.0,traditional_ppo,3,core_learning_training_aware,0.6203419101499389,0.2,0.2,0.1,0.15,0.15,0.15,0.05
geometric,201,0.0,a2c_pointer,2,core_learning_training_aware,0.6446039035577283,0.2,0.2,0.1,0.15,0.15,0.15,0.05
arithmetic,201,0.0,a2c_pointer,2,core_learning_training_aware,0.6885060832503032,0.2,0.2,0.1,0.15,0.15,0.15,0.05
geometric,202,1.0,full,1,core_learning_training_aware,0.6901542778031355,0.2,0.2,0.15,0.05,0.05,0.15,0.2
arithmetic,202,1.0,full,1,core_learning_training_aware,0.7398645701647292,0.2,0.2,0.15,0.05,0.05,0.15,0.2
geometric,202,0.0,traditional_ppo,3,core_learning_training_aware,0.43909054936133746,0.2,0.2,0.15,0.05,0.05,0.15,0.2
arithmetic,202,0.0,traditional_ppo,3,core_learning_training_aware,0.535634589658107,0.2,0.2,0.15,0.05,0.05,0.15,0.2
geometric,202,0.0,a2c_pointer,2,core_learning_training_aware,0.6873956907221364,0.2,0.2,0.15,0.05,0.05,0.15,0.2
arithmetic,202,0.0,a2c_pointer,2,core_learning_training_aware,0.7347379858319256,0.2,0.2,0.15,0.05,0.05,0.15,0.2
geometric,203,1.0,full,1,core_learning_training_aware,0.6908847305309106,0.2,0.2,0.15,0.05,0.05,0.2,0.15
arithmetic,203,1.0,full,1,core_learning_training_aware,0.7408966700117361,0.2,0.2,0.15,0.05,0.05,0.2,0.15
geometric,203,0.0,traditional_ppo,3,core_learning_training_aware,0.4781162742320638,0.2,0.2,0.15,0.05,0.05,0.2,0.15
arithmetic,203,0.0,traditional_ppo,3,core_learning_training_aware,0.575964202326942,0.2,0.2,0.15,0.05,0.05,0.2,0.15
geometric,203,0.0,a2c_pointer,2,core_learning_training_aware,0.6882373189814508,0.2,0.2,0.15,0.05,0.05,0.2,0.15
arithmetic,203,0.0,a2c_pointer,2,core_learning_training_aware,0.7359106091731198,0.2,0.2,0.15,0.05,0.05,0.2,0.15
geometric,204,1.0,full,1,core_learning_training_aware,0.6674933643852528,0.2,0.2,0.15,0.05,0.1,0.1,0.2
arithmetic,204,1.0,full,1,core_learning_training_aware,0.7158487241709844,0.2,0.2,0.15,0.05,0.1,0.1,0.2
geometric,204,0.0,traditional_ppo,3,core_learning_training_aware,0.42951416676981097,0.2,0.2,0.15,0.05,0.1,0.1,0.2
arithmetic,204,0.0,traditional_ppo,3,core_learning_training_aware,0.5180492326625137,0.2,0.2,0.15,0.05,0.1,0.1,0.2
geometric,204,0.0,a2c_pointer,2,core_learning_training_aware,0.6659157095671107,0.2,0.2,0.15,0.05,0.1,0.1,0.2
arithmetic,204,0.0,a2c_pointer,2,core_learning_training_aware,0.7119391800866931,0.2,0.2,0.15,0.05,0.1,0.1,0.2
geometric,205,1.0,full,1,core_learning_training_aware,0.6681998330176562,0.2,0.2,0.15,0.05,0.1,0.15,0.15
arithmetic,205,1.0,full,1,core_learning_training_aware,0.7168808240179911,0.2,0.2,0.15,0.05,0.1,0.15,0.15
geometric,205,0.0,traditional_ppo,3,core_learning_training_aware,0.467688756782779,0.2,0.2,0.15,0.05,0.1,0.15,0.15
arithmetic,205,0.0,traditional_ppo,3,core_learning_training_aware,0.5583788453313487,0.2,0.2,0.15,0.05,0.1,0.15,0.15
geometric,205,0.0,a2c_pointer,2,core_learning_training_aware,0.6667310383319802,0.2,0.2,0.15,0.05,0.1,0.15,0.15
arithmetic,205,0.0,a2c_pointer,2,core_learning_training_aware,0.7131118034278873,0.2,0.2,0.15,0.05,0.1,0.15,0.15
geometric,206,1.0,full,1,core_learning_training_aware,0.6689070493697453,0.2,0.2,0.15,0.05,0.1,0.2,0.1
arithmetic,206,1.0,full,1,core_learning_training_aware,0.7179129238649978,0.2,0.2,0.15,0.05,0.1,0.2,0.1
geometric,206,0.0,traditional_ppo,3,core_learning_training_aware,0.5092562484399883,0.2,0.2,0.15,0.05,0.1,0.2,0.1
arithmetic,206,0.0,traditional_ppo,3,core_learning_training_aware,0.5987084580001836,0.2,0.2,0.15,0.05,0.1,0.2,0.1
geometric,206,0.0,a2c_pointer,2,core_learning_training_aware,0.6675473653628243,0.2,0.2,0.15,0.05,0.1,0.2,0.1
arithmetic,206,0.0,a2c_pointer,2,core_learning_training_aware,0.7142844267690812,0.2,0.2,0.15,0.05,0.1,0.2,0.1
geometric,207,1.0,full,1,core_learning_training_aware,0.6455765121337623,0.2,0.2,0.15,0.05,0.15,0.05,0.2
arithmetic,207,1.0,full,1,core_learning_training_aware,0.6918328781772394,0.2,0.2,0.15,0.05,0.15,0.05,0.2
geometric,207,0.0,traditional_ppo,3,core_learning_training_aware,0.42014664110693567,0.2,0.2,0.15,0.05,0.15,0.05,0.2
arithmetic,207,0.0,traditional_ppo,3,core_learning_training_aware,0.5004638756669203,0.2,0.2,0.15,0.05,0.15,0.05,0.2
geometric,207,0.0,a2c_pointer,2,core_learning_training_aware,0.6451069423819247,0.2,0.2,0.15,0.05,0.15,0.05,0.2
arithmetic,207,0.0,a2c_pointer,2,core_learning_training_aware,0.6891403743414605,0.2,0.2,0.15,0.05,0.15,0.05,0.2
geometric,208,1.0,full,1,core_learning_training_aware,0.6462597841780603,0.2,0.2,0.15,0.05,0.15,0.1,0.15
arithmetic,208,1.0,full,1,core_learning_training_aware,0.6928649780242462,0.2,0.2,0.15,0.05,0.15,0.1,0.15
geometric,208,0.0,traditional_ppo,3,core_learning_training_aware,0.45748865916004106,0.2,0.2,0.15,0.05,0.15,0.1,0.15
arithmetic,208,0.0,traditional_ppo,3,core_learning_training_aware,0.5407934883357554,0.2,0.2,0.15,0.05,0.15,0.1,0.15
geometric,208,0.0,a2c_pointer,2,core_learning_training_aware,0.6458967934681573,0.2,0.2,0.15,0.05,0.15,0.1,0.15
arithmetic,208,0.0,a2c_pointer,2,core_learning_training_aware,0.6903129976826546,0.2,0.2,0.15,0.05,0.15,0.1,0.15
geometric,209,1.0,full,1,core_learning_training_aware,0.6469437793909957,0.2,0.2,0.15,0.05,0.15,0.15,0.1
arithmetic,209,1.0,full,1,core_learning_training_aware,0.6938970778712529,0.2,0.2,0.15,0.05,0.15,0.15,0.1
geometric,209,0.0,traditional_ppo,3,core_learning_training_aware,0.4981495810811026,0.2,0.2,0.15,0.05,0.15,0.15,0.1
arithmetic,209,0.0,traditional_ppo,3,core_learning_training_aware,0.5811231010045903,0.2,0.2,0.15,0.05,0.15,0.15,0.1
geometric,209,0.0,a2c_pointer,2,core_learning_training_aware,0.6466876116262001,0.2,0.2,0.15,0.05,0.15,0.15,0.1
arithmetic,209,0.0,a2c_pointer,2,core_learning_training_aware,0.6914856210238488,0.2,0.2,0.15,0.05,0.15,0.15,0.1
geometric,210,1.0,full,1,core_learning_training_aware,0.647628498537963,0.2,0.2,0.15,0.05,0.15,0.2,0.05
arithmetic,210,1.0,full,1,core_learning_training_aware,0.6949291777182596,0.2,0.2,0.15,0.05,0.15,0.2,0.05
geometric,210,0.0,traditional_ppo,3,core_learning_training_aware,0.5424243861845497,0.2,0.2,0.15,0.05,0.15,0.2,0.05
arithmetic,210,0.0,traditional_ppo,3,core_learning_training_aware,0.6214527136734254,0.2,0.2,0.15,0.05,0.15,0.2,0.05
geometric,210,0.0,a2c_pointer,2,core_learning_training_aware,0.6474793980401088,0.2,0.2,0.15,0.05,0.15,0.2,0.05
arithmetic,210,0.0,a2c_pointer,2,core_learning_training_aware,0.6926582443650429,0.2,0.2,0.15,0.05,0.15,0.2,0.05
geometric,211,1.0,full,1,core_learning_training_aware,0.687812109530347,0.2,0.2,0.15,0.1,0.05,0.1,0.2
arithmetic,211,1.0,full,1,core_learning_training_aware,0.7366240004303028,0.2,0.2,0.15,0.1,0.05,0.1,0.2
geometric,211,0.0,traditional_ppo,3,core_learning_training_aware,0.43819052661494473,0.2,0.2,0.15,0.1,0.05,0.1,0.2
arithmetic,211,0.0,traditional_ppo,3,core_learning_training_aware,0.5336519641522989,0.2,0.2,0.15,0.1,0.05,0.1,0.2
geometric,211,0.0,a2c_pointer,2,core_learning_training_aware,0.6850784233309158,0.2,0.2,0.15,0.1,0.05,0.1,0.2
arithmetic,211,0.0,a2c_pointer,2,core_learning_training_aware,0.7315703603564772,0.2,0.2,0.15,0.1,0.05,0.1,0.2
geometric,212,1.0,full,1,core_learning_training_aware,0.6885400833294841,0.2,0.2,0.15,0.1,0.05,0.15,0.15
arithmetic,212,1.0,full,1,core_learning_training_aware,0.7376561002773097,0.2,0.2,0.15,0.1,0.05,0.15,0.15
geometric,212,0.0,traditional_ppo,3,core_learning_training_aware,0.4771362587822773,0.2,0.2,0.15,0.1,0.05,0.15,0.15
arithmetic,212,0.0,traditional_ppo,3,core_learning_training_aware,0.5739815768211338,0.2,0.2,0.15,0.1,0.05,0.15,0.15
geometric,212,0.0,a2c_pointer,2,core_learning_training_aware,0.6859172143921693,0.2,0.2,0.15,0.1,0.05,0.15,0.15
arithmetic,212,0.0,a2c_pointer,2,core_learning_training_aware,0.7327429836976712,0.2,0.2,0.15,0.1,0.05,0.15,0.15
geometric,213,1.0,full,1,core_learning_training_aware,0.6892688276091712,0.2,0.2,0.15,0.1,0.05,0.2,0.1
arithmetic,213,1.0,full,1,core_learning_training_aware,0.7386882001243162,0.2,0.2,0.15,0.1,0.05,0.2,0.1
geometric,213,0.0,traditional_ppo,3,core_learning_training_aware,0.519543430579003,0.2,0.2,0.15,0.1,0.05,0.2,0.1
arithmetic,213,0.0,traditional_ppo,3,core_learning_training_aware,0.6143111894899688,0.2,0.2,0.15,0.1,0.05,0.2,0.1
geometric,213,0.0,a2c_pointer,2,core_learning_training_aware,0.6867570324459839,0.2,0.2,0.15,0.1,0.05,0.2,0.1
arithmetic,213,0.0,a2c_pointer,2,core_learning_training_aware,0.7339156070388654,0.2,0.2,0.15,0.1,0.05,0.2,0.1
geometric,214,1.0,full,1,core_learning_training_aware,0.6652281001818104,0.2,0.2,0.15,0.1,0.1,0.05,0.2
arithmetic,214,1.0,full,1,core_learning_training_aware,0.712608154436558,0.2,0.2,0.15,0.1,0.1,0.05,0.2
geometric,214,0.0,traditional_ppo,3,core_learning_training_aware,0.42863377314586937,0.2,0.2,0.15,0.1,0.1,0.05,0.2
arithmetic,214,0.0,traditional_ppo,3,core_learning_training_aware,0.5160666071567055,0.2,0.2,0.15,0.1,0.1,0.05,0.2
geometric,214,0.0,a2c_pointer,2,core_learning_training_aware,0.6636708529584517,0.2,0.2,0.15,0.1,0.1,0.05,0.2
arithmetic,214,0.0,a2c_pointer,2,core_learning_training_aware,0.7087715546112446,0.2,0.2,0.15,0.1,0.1,0.05,0.2
geometric,215,1.0,full,1,core_learning_training_aware,0.6659321712801121,0.2,0.2,0.15,0.1,0.1,0.1,0.15
arithmetic,215,1.0,full,1,core_learning_training_aware,0.7136402542835647,0.2,0.2,0.15,0.1,0.1,0.1,0.15
geometric,215,0.0,traditional_ppo,3,core_learning_training_aware,0.46673011506309525,0.2,0.2,0.15,0.1,0.1,0.1,0.15
arithmetic,215,0.0,traditional_ppo,3,core_learning_training_aware,0.5563962198255406,0.2,0.2,0.15,0.1,0.1,0.1,0.15
geometric,215,0.0,a2c_pointer,2,core_learning_training_aware,0.6644834331830184,0.2,0.2,0.15,0.1,0.1,0.1,0.15
arithmetic,215,0.0,a2c_pointer,2,core_learning_training_aware,0.7099441779524387,0.2,0.2,0.15,0.1,0.1,0.1,0.15
geometric,216,1.0,full,1,core_learning_training_aware,0.666636987560572,0.2,0.2,0.15,0.1,0.1,0.15,0.1
arithmetic,216,1.0,full,1,core_learning_training_aware,0.7146723541305715,0.2,0.2,0.15,0.1,0.1,0.15,0.1
geometric,216,0.0,traditional_ppo,3,core_learning_training_aware,0.5082124040484265,0.2,0.2,0.15,0.1,0.1,0.15,0.1
arithmetic,216,0.0,traditional_ppo,3,core_learning_training_aware,0.5967258324943755,0.2,0.2,0.15,0.1,0.1,0.15,0.1
geometric,216,0.0,a2c_pointer,2,core_learning_training_aware,0.665297008308323,0.2,0.2,0.15,0.1,0.1,0.15,0.1
arithmetic,216,0.0,a2c_pointer,2,core_learning_training_aware,0.7111168012936329,0.2,0.2,0.15,0.1,0.1,0.15,0.1
geometric,217,1.0,full,1,core_learning_training_aware,0.6673425498118839,0.2,0.2,0.15,0.1,0.1,0.2,0.05
arithmetic,217,1.0,full,1,core_learning_training_aware,0.7157044539775782,0.2,0.2,0.15,0.1,0.1,0.2,0.05
geometric,217,0.0,traditional_ppo,3,core_learning_training_aware,0.5533815781177208,0.2,0.2,0.15,0.1,0.1,0.2,0.05
arithmetic,217,0.0,traditional_ppo,3,core_learning_training_aware,0.6370554451632107,0.2,0.2,0.15,0.1,0.1,0.2,0.05
geometric,217,0.0,a2c_pointer,2,core_learning_training_aware,0.6661115795524944,0.2,0.2,0.15,0.1,0.1,0.2,0.05
arithmetic,217,0.0,a2c_pointer,2,core_learning_training_aware,0.712289424634827,0.2,0.2,0.15,0.1,0.1,0.2,0.05
geometric,218,1.0,full,1,core_learning_training_aware,0.6440665801204122,0.2,0.2,0.15,0.1,0.15,0.05,0.15
arithmetic,218,1.0,full,1,core_learning_training_aware,0.6896244082898199,0.2,0.2,0.15,0.1,0.15,0.05,0.15
geometric,218,0.0,traditional_ppo,3,core_learning_training_aware,0.4565509250182801,0.2,0.2,0.15,0.1,0.15,0.05,0.15
arithmetic,218,0.0,traditional_ppo,3,core_learning_training_aware,0.5388108628299472,0.2,0.2,0.15,0.1,0.15,0.05,0.15
geometric,218,0.0,a2c_pointer,2,core_learning_training_aware,0.6437194222716268,0.2,0.2,0.15,0.1,0.15,0.05,0.15
arithmetic,218,0.0,a2c_pointer,2,core_learning_training_aware,0.6871453722072062,0.2,0.2,0.15,0.1,0.15,0.05,0.15
geometric,219,1.0,full,1,core_learning_training_aware,0.6447482540670191,0.2,0.2,0.15,0.1,0.15,0.1,0.1
arithmetic,219,1.0,full,1,core_learning_training_aware,0.6906565081368266,0.2,0.2,0.15,0.1,0.15,0.1,0.1
geometric,219,0.0,traditional_ppo,3,core_learning_training_aware,0.49712850250236484,0.2,0.2,0.15,0.1,0.15,0.1,0.1
arithmetic,219,0.0,traditional_ppo,3,core_learning_training_aware,0.5791404754987822,0.2,0.2,0.15,0.1,0.15,0.1,0.1
geometric,219,0.0,a2c_pointer,2,core_learning_training_aware,0.6445075745166375,0.2,0.2,0.15,0.1,0.15,0.1,0.1
arithmetic,219,0.0,a2c_pointer,2,core_learning_training_aware,0.6883179955484002,0.2,0.2,0.15,0.1,0.15,0.1,0.1
geometric,220,1.0,full,1,core_learning_training_aware,0.6454306494908518,0.2,0.2,0.15,0.1,0.15,0.15,0.05
arithmetic,220,1.0,full,1,core_learning_training_aware,0.6916886079838332,0.2,0.2,0.15,0.1,0.15,0.15,0.05
geometric,220,0.0,traditional_ppo,3,core_learning_training_aware,0.5413125556373555,0.2,0.2,0.15,0.1,0.15,0.15,0.05
arithmetic,220,0.0,traditional_ppo,3,core_learning_training_aware,0.6194700881676173,0.2,0.2,0.15,0.1,0.15,0.15,0.05
geometric,220,0.0,a2c_pointer,2,core_learning_training_aware,0.6452966917534442,0.2,0.2,0.15,0.1,0.15,0.15,0.05
arithmetic,220,0.0,a2c_pointer,2,core_learning_training_aware,0.6894906188895944,0.2,0.2,0.15,0.1,0.15,0.15,0.05
geometric,221,1.0,full,1,core_learning_training_aware,0.685477889845859,0.2,0.2,0.15,0.15,0.05,0.05,0.2
arithmetic,221,1.0,full,1,core_learning_training_aware,0.7333834306958764,0.2,0.2,0.15,0.15,0.05,0.05,0.2
geometric,221,0.0,traditional_ppo,3,core_learning_training_aware,0.4372923486838077,0.2,0.2,0.15,0.15,0.05,0.05,0.2
arithmetic,221,0.0,traditional_ppo,3,core_learning_training_aware,0.5316693386464905,0.2,0.2,0.15,0.15,0.05,0.05,0.2
geometric,221,0.0,a2c_pointer,2,core_learning_training_aware,0.6827689676385974,0.2,0.2,0.15,0.15,0.05,0.05,0.2
arithmetic,221,0.0,a2c_pointer,2,core_learning_training_aware,0.7284027348810285,0.2,0.2,0.15,0.15,0.05,0.05,0.2
geometric,222,1.0,full,1,core_learning_training_aware,0.6862033931290686,0.2,0.2,0.15,0.15,0.05,0.1,0.15
arithmetic,222,1.0,full,1,core_learning_training_aware,0.7344155305428832,0.2,0.2,0.15,0.15,0.05,0.1,0.15
geometric,222,0.0,traditional_ppo,3,core_learning_training_aware,0.47615825211222396,0.2,0.2,0.15,0.15,0.05,0.1,0.15
arithmetic,222,0.0,traditional_ppo,3,core_learning_training_aware,0.5719989513153256,0.2,0.2,0.15,0.15,0.05,0.1,0.15
geometric,222,0.0,a2c_pointer,2,core_learning_training_aware,0.6836049310662178,0.2,0.2,0.15,0.15,0.05,0.1,0.15
arithmetic,222,0.0,a2c_pointer,2,core_learning_training_aware,0.7295753582222227,0.2,0.2,0.15,0.15,0.05,0.1,0.15
geometric,223,1.0,full,1,core_learning_training_aware,0.6869296642780575,0.2,0.2,0.15,0.15,0.05,0.15,0.1
arithmetic,223,1.0,full,1,core_learning_training_aware,0.7354476303898898,0.2,0.2,0.15,0.15,0.05,0.15,0.1
geometric,223,0.0,traditional_ppo,3,core_learning_training_aware,0.5184785001086476,0.2,0.2,0.15,0.15,0.05,0.15,0.1
arithmetic,223,0.0,traditional_ppo,3,core_learning_training_aware,0.6123285639841605,0.2,0.2,0.15,0.15,0.05,0.15,0.1
geometric,223,0.0,a2c_pointer,2,core_learning_training_aware,0.6844419180243229,0.2,0.2,0.15,0.15,0.05,0.15,0.1
arithmetic,223,0.0,a2c_pointer,2,core_learning_training_aware,0.7307479815634167,0.2,0.2,0.15,0.15,0.05,0.15,0.1
geometric,224,1.0,full,1,core_learning_training_aware,0.6876567041055272,0.2,0.2,0.15,0.15,0.05,0.2,0.05
arithmetic,224,1.0,full,1,core_learning_training_aware,0.7364797302368965,0.2,0.2,0.15,0.15,0.05,0.2,0.05
geometric,224,0.0,traditional_ppo,3,core_learning_training_aware,0.5645601097585422,0.2,0.2,0.15,0.15,0.05,0.2,0.05
arithmetic,224,0.0,traditional_ppo,3,core_learning_training_aware,0.6526581766529956,0.2,0.2,0.15,0.15,0.05,0.2,0.05
geometric,224,0.0,a2c_pointer,2,core_learning_training_aware,0.6852799297660949,0.2,0.2,0.15,0.15,0.05,0.2,0.05
arithmetic,224,0.0,a2c_pointer,2,core_learning_training_aware,0.7319206049046109,0.2,0.2,0.15,0.15,0.05,0.2,0.05
geometric,225,1.0,full,1,core_learning_training_aware,0.6636722052789358,0.2,0.2,0.15,0.15,0.1,0.05,0.15
arithmetic,225,1.0,full,1,core_learning_training_aware,0.7103996845491383,0.2,0.2,0.15,0.15,0.1,0.05,0.15
geometric,225,0.0,traditional_ppo,3,core_learning_training_aware,0.46577343831249274,0.2,0.2,0.15,0.15,0.1,0.05,0.15
arithmetic,225,0.0,traditional_ppo,3,core_learning_training_aware,0.5544135943197323,0.2,0.2,0.15,0.15,0.1,0.05,0.15
geometric,225,0.0,a2c_pointer,2,core_learning_training_aware,0.6622434048958122,0.2,0.2,0.15,0.15,0.1,0.05,0.15
arithmetic,225,0.0,a2c_pointer,2,core_learning_training_aware,0.7067765524769901,0.2,0.2,0.15,0.15,0.1,0.05,0.15
geometric,226,1.0,full,1,core_learning_training_aware,0.6643746296328609,0.2,0.2,0.15,0.15,0.1,0.1,0.1
arithmetic,226,1.0,full,1,core_learning_training_aware,0.7114317843961451,0.2,0.2,0.15,0.15,0.1,0.1,0.1
geometric,226,0.0,traditional_ppo,3,core_learning_training_aware,0.5071706992695196,0.2,0.2,0.15,0.15,0.1,0.1,0.1
arithmetic,226,0.0,traditional_ppo,3,core_learning_training_aware,0.5947432069885673,0.2,0.2,0.15,0.15,0.1,0.1,0.1
geometric,226,0.0,a2c_pointer,2,core_learning_training_aware,0.663054237392477,0.2,0.2,0.15,0.15,0.1,0.1,0.1
arithmetic,226,0.0,a2c_pointer,2,core_learning_training_aware,0.7079491758181844,0.2,0.2,0.15,0.15,0.1,0.1,0.1
geometric,227,1.0,full,1,core_learning_training_aware,0.6650777974260456,0.2,0.2,0.15,0.15,0.1,0.15,0.05
arithmetic,227,1.0,full,1,core_learning_training_aware,0.7124638842431517,0.2,0.2,0.15,0.15,0.1,0.15,0.05
geometric,227,0.0,traditional_ppo,3,core_learning_training_aware,0.5522472881438987,0.2,0.2,0.15,0.15,0.1,0.15,0.05
arithmetic,227,0.0,traditional_ppo,3,core_learning_training_aware,0.6350728196574024,0.2,0.2,0.15,0.15,0.1,0.15,0.05
geometric,227,0.0,a2c_pointer,2,core_learning_training_aware,0.6638660626500102,0.2,0.2,0.15,0.15,0.1,0.15,0.05
arithmetic,227,0.0,a2c_pointer,2,core_learning_training_aware,0.7091217991593785,0.2,0.2,0.15,0.15,0.1,0.15,0.05
geometric,228,1.0,full,1,core_learning_training_aware,0.6425601796709313,0.2,0.2,0.15,0.15,0.15,0.05,0.1
arithmetic,228,1.0,full,1,core_learning_training_aware,0.6874159384024,0.2,0.2,0.15,0.15,0.15,0.05,0.1
geometric,228,0.0,traditional_ppo,3,core_learning_training_aware,0.4961095168722186,0.2,0.2,0.15,0.15,0.15,0.05,0.1
arithmetic,228,0.0,traditional_ppo,3,core_learning_training_aware,0.5771578499929738,0.2,0.2,0.15,0.15,0.15,0.05,0.1
geometric,228,0.0,a2c_pointer,2,core_learning_training_aware,0.6423348864914145,0.2,0.2,0.15,0.15,0.15,0.05,0.1
arithmetic,228,0.0,a2c_pointer,2,core_learning_training_aware,0.6851503700729517,0.2,0.2,0.15,0.15,0.15,0.05,0.1
geometric,229,1.0,full,1,core_learning_training_aware,0.6432402592576205,0.2,0.2,0.15,0.15,0.15,0.1,0.05
arithmetic,229,1.0,full,1,core_learning_training_aware,0.6884480382494069,0.2,0.2,0.15,0.15,0.15,0.1,0.05
geometric,229,0.0,traditional_ppo,3,core_learning_training_aware,0.5402030040569576,0.2,0.2,0.15,0.15,0.15,0.1,0.05
arithmetic,229,0.0,traditional_ppo,3,core_learning_training_aware,0.6174874626618091,0.2,0.2,0.15,0.15,0.15,0.1,0.05
geometric,229,0.0,a2c_pointer,2,core_learning_training_aware,0.6431213435491343,0.2,0.2,0.15,0.15,0.15,0.1,0.05
arithmetic,229,0.0,a2c_pointer,2,core_learning_training_aware,0.6863229934141459,0.2,0.2,0.15,0.15,0.15,0.1,0.05
geometric,230,1.0,full,1,core_learning_training_aware,0.6879996833767068,0.2,0.2,0.2,0.05,0.05,0.1,0.2
arithmetic,230,1.0,full,1,core_learning_training_aware,0.736875879556479,0.2,0.2,0.2,0.05,0.05,0.1,0.2
geometric,230,0.0,traditional_ppo,3,core_learning_training_aware,0.4377833660684865,0.2,0.2,0.2,0.05,0.05,0.1,0.2
arithmetic,230,0.0,traditional_ppo,3,core_learning_training_aware,0.532780142169977,0.2,0.2,0.2,0.05,0.05,0.1,0.2
geometric,230,0.0,a2c_pointer,2,core_learning_training_aware,0.6858147115261994,0.2,0.2,0.2,0.05,0.05,0.1,0.2
arithmetic,230,0.0,a2c_pointer,2,core_learning_training_aware,0.7325548959957684,0.2,0.2,0.2,0.05,0.05,0.1,0.2
geometric,231,1.0,full,1,core_learning_training_aware,0.6887278557022201,0.2,0.2,0.2,0.05,0.05,0.15,0.15
arithmetic,231,1.0,full,1,core_learning_training_aware,0.7379079794034857,0.2,0.2,0.2,0.05,0.05,0.15,0.15
geometric,231,0.0,traditional_ppo,3,core_learning_training_aware,0.47669291040283696,0.2,0.2,0.2,0.05,0.05,0.15,0.15
arithmetic,231,0.0,traditional_ppo,3,core_learning_training_aware,0.5731097548388121,0.2,0.2,0.2,0.05,0.05,0.15,0.15
geometric,231,0.0,a2c_pointer,2,core_learning_training_aware,0.6866544040783418,0.2,0.2,0.2,0.05,0.05,0.15,0.15
arithmetic,231,0.0,a2c_pointer,2,core_learning_training_aware,0.7337275193369626,0.2,0.2,0.2,0.05,0.05,0.15,0.15
geometric,232,1.0,full,1,core_learning_training_aware,0.6894567987184015,0.2,0.2,0.2,0.05,0.05,0.2,0.1
arithmetic,232,1.0,full,1,core_learning_training_aware,0.7389400792504924,0.2,0.2,0.2,0.05,0.05,0.2,0.1
geometric,232,0.0,traditional_ppo,3,core_learning_training_aware,0.5190606780449911,0.2,0.2,0.2,0.05,0.05,0.2,0.1
arithmetic,232,0.0,traditional_ppo,3,core_learning_training_aware,0.613439367507647,0.2,0.2,0.2,0.05,0.05,0.2,0.1
geometric,232,0.0,a2c_pointer,2,core_learning_training_aware,0.6874951247268054,0.2,0.2,0.2,0.05,0.05,0.2,0.1
arithmetic,232,0.0,a2c_pointer,2,core_learning_training_aware,0.7349001426781566,0.2,0.2,0.2,0.05,0.05,0.2,0.1
geometric,233,1.0,full,1,core_learning_training_aware,0.6654095151230841,0.2,0.2,0.2,0.05,0.1,0.05,0.2
arithmetic,233,1.0,full,1,core_learning_training_aware,0.7128600335627342,0.2,0.2,0.2,0.05,0.1,0.05,0.2
geometric,233,0.0,traditional_ppo,3,core_learning_training_aware,0.4282354926018952,0.2,0.2,0.2,0.05,0.1,0.05,0.2
arithmetic,233,0.0,traditional_ppo,3,core_learning_training_aware,0.5151947851743838,0.2,0.2,0.2,0.05,0.1,0.05,0.2
geometric,233,0.0,a2c_pointer,2,core_learning_training_aware,0.6643841333624837,0.2,0.2,0.2,0.05,0.1,0.05,0.2
arithmetic,233,0.0,a2c_pointer,2,core_learning_training_aware,0.7097560902505359,0.2,0.2,0.2,0.05,0.1,0.05,0.2
geometric,234,1.0,full,1,core_learning_training_aware,0.666113778229235,0.2,0.2,0.2,0.05,0.1,0.1,0.15
arithmetic,234,1.0,full,1,core_learning_training_aware,0.713892133409741,0.2,0.2,0.2,0.05,0.1,0.1,0.15
geometric,234,0.0,traditional_ppo,3,core_learning_training_aware,0.4662964359277528,0.2,0.2,0.2,0.05,0.1,0.1,0.15
arithmetic,234,0.0,traditional_ppo,3,core_learning_training_aware,0.5555243978432188,0.2,0.2,0.2,0.05,0.1,0.1,0.15
geometric,234,0.0,a2c_pointer,2,core_learning_training_aware,0.6651975869078363,0.2,0.2,0.2,0.05,0.1,0.1,0.15
arithmetic,234,0.0,a2c_pointer,2,core_learning_training_aware,0.71092871359173,0.2,0.2,0.2,0.05,0.1,0.1,0.15
geometric,235,1.0,full,1,core_learning_training_aware,0.6668187867207639,0.2,0.2,0.2,0.05,0.1,0.15,0.1
arithmetic,235,1.0,full,1,core_learning_training_aware,0.7149242332567476,0.2,0.2,0.2,0.05,0.1,0.15,0.1
geometric,235,0.0,traditional_ppo,3,core_learning_training_aware,0.5077401801467649,0.2,0.2,0.2,0.05,0.1,0.15,0.1
arithmetic,235,0.0,traditional_ppo,3,core_learning_training_aware,0.5958540105120538,0.2,0.2,0.2,0.05,0.1,0.15,0.1
geometric,235,0.0,a2c_pointer,2,core_learning_training_aware,0.6660120364231966,0.2,0.2,0.2,0.05,0.1,0.15,0.1
arithmetic,235,0.0,a2c_pointer,2,core_learning_training_aware,0.7121013369329242,0.2,0.2,0.2,0.05,0.1,0.15,0.1
geometric,236,1.0,full,1,core_learning_training_aware,0.667524541386579,0.2,0.2,0.2,0.05,0.1,0.2,0.05
arithmetic,236,1.0,full,1,core_learning_training_aware,0.7159563331037543,0.2,0.2,0.2,0.05,0.1,0.2,0.05
geometric,236,0.0,traditional_ppo,3,core_learning_training_aware,0.5528673836473682,0.2,0.2,0.2,0.05,0.1,0.2,0.05
arithmetic,236,0.0,traditional_ppo,3,core_learning_training_aware,0.6361836231808888,0.2,0.2,0.2,0.05,0.1,0.2,0.05
geometric,236,0.0,a2c_pointer,2,core_learning_training_aware,0.6668274831280028,0.2,0.2,0.2,0.05,0.1,0.2,0.05
arithmetic,236,0.0,a2c_pointer,2,core_learning_training_aware,0.7132739602741183,0.2,0.2,0.2,0.05,0.1,0.2,0.05
geometric,237,0.0,full,2,core_learning_training_aware,0.6442422240849064,0.2,0.2,0.2,0.05,0.15,0.05,0.15
arithmetic,237,1.0,full,1,core_learning_training_aware,0.6898762874159959,0.2,0.2,0.2,0.05,0.15,0.05,0.15
geometric,237,0.0,traditional_ppo,3,core_learning_training_aware,0.45612670424483603,0.2,0.2,0.2,0.05,0.15,0.05,0.15
arithmetic,237,0.0,traditional_ppo,3,core_learning_training_aware,0.5379390408476254,0.2,0.2,0.2,0.05,0.15,0.05,0.15
geometric,237,1.0,a2c_pointer,1,core_learning_training_aware,0.6444112598708741,0.2,0.2,0.2,0.05,0.15,0.05,0.15
arithmetic,237,0.0,a2c_pointer,2,core_learning_training_aware,0.6881299078464974,0.2,0.2,0.2,0.05,0.15,0.05,0.15
geometric,238,0.0,full,2,core_learning_training_aware,0.6449240839314158,0.2,0.2,0.2,0.05,0.15,0.1,0.1
arithmetic,238,1.0,full,1,core_learning_training_aware,0.6909083872630027,0.2,0.2,0.2,0.05,0.15,0.1,0.1
geometric,238,0.0,traditional_ppo,3,core_learning_training_aware,0.49666657760795313,0.2,0.2,0.2,0.05,0.15,0.1,0.1
arithmetic,238,0.0,traditional_ppo,3,core_learning_training_aware,0.5782686535164604,0.2,0.2,0.2,0.05,0.15,0.1,0.1
geometric,238,1.0,a2c_pointer,1,core_learning_training_aware,0.645200259182694,0.2,0.2,0.2,0.05,0.15,0.1,0.1
arithmetic,238,0.0,a2c_pointer,2,core_learning_training_aware,0.6893025311876916,0.2,0.2,0.2,0.05,0.15,0.1,0.1
geometric,239,0.0,full,2,core_learning_training_aware,0.6456066654519057,0.2,0.2,0.2,0.05,0.15,0.15,0.05
arithmetic,239,1.0,full,1,core_learning_training_aware,0.6919404871100093,0.2,0.2,0.2,0.05,0.15,0.15,0.05
geometric,239,0.0,traditional_ppo,3,core_learning_training_aware,0.5408095755349314,0.2,0.2,0.2,0.05,0.15,0.15,0.05
arithmetic,239,0.0,traditional_ppo,3,core_learning_training_aware,0.6185982661852956,0.2,0.2,0.2,0.05,0.15,0.15,0.05
geometric,239,1.0,a2c_pointer,1,core_learning_training_aware,0.6459902245234349,0.2,0.2,0.2,0.05,0.15,0.15,0.05
arithmetic,239,0.0,a2c_pointer,2,core_learning_training_aware,0.6904751545288857,0.2,0.2,0.2,0.05,0.15,0.15,0.05
geometric,240,1.0,full,1,core_learning_training_aware,0.685664827125112,0.2,0.2,0.2,0.1,0.05,0.05,0.2
arithmetic,240,1.0,full,1,core_learning_training_aware,0.7336353098220526,0.2,0.2,0.2,0.1,0.05,0.05,0.2
geometric,240,0.0,traditional_ppo,3,core_learning_training_aware,0.4368860227117982,0.2,0.2,0.2,0.1,0.05,0.05,0.2
arithmetic,240,0.0,traditional_ppo,3,core_learning_training_aware,0.5307975166641689,0.2,0.2,0.2,0.1,0.05,0.05,0.2
geometric,240,0.0,a2c_pointer,2,core_learning_training_aware,0.6835027737458369,0.2,0.2,0.2,0.1,0.05,0.05,0.2
arithmetic,240,0.0,a2c_pointer,2,core_learning_training_aware,0.7293872705203199,0.2,0.2,0.2,0.1,0.05,0.05,0.2
geometric,241,1.0,full,1,core_learning_training_aware,0.6863905282609611,0.2,0.2,0.2,0.1,0.05,0.1,0.15
arithmetic,241,1.0,full,1,core_learning_training_aware,0.7346674096690595,0.2,0.2,0.2,0.1,0.05,0.1,0.15
geometric,241,0.0,traditional_ppo,3,core_learning_training_aware,0.47571581248298705,0.2,0.2,0.2,0.1,0.05,0.1,0.15
arithmetic,241,0.0,traditional_ppo,3,core_learning_training_aware,0.571127129333004,0.2,0.2,0.2,0.1,0.05,0.1,0.15
geometric,241,0.0,a2c_pointer,2,core_learning_training_aware,0.6843396356253462,0.2,0.2,0.2,0.1,0.05,0.1,0.15
arithmetic,241,0.0,a2c_pointer,2,core_learning_training_aware,0.7305598938615141,0.2,0.2,0.2,0.1,0.05,0.1,0.15
geometric,242,1.0,full,1,core_learning_training_aware,0.687116997471995,0.2,0.2,0.2,0.1,0.05,0.15,0.1
arithmetic,242,1.0,full,1,core_learning_training_aware,0.735699509516066,0.2,0.2,0.2,0.1,0.05,0.15,0.1
geometric,242,0.0,traditional_ppo,3,core_learning_training_aware,0.5179967370932261,0.2,0.2,0.2,0.1,0.05,0.15,0.1
arithmetic,242,0.0,traditional_ppo,3,core_learning_training_aware,0.6114567420018389,0.2,0.2,0.2,0.1,0.05,0.15,0.1
geometric,242,0.0,a2c_pointer,2,core_learning_training_aware,0.6851775221353797,0.2,0.2,0.2,0.1,0.05,0.15,0.1
arithmetic,242,0.0,a2c_pointer,2,core_learning_training_aware,0.7317325172027082,0.2,0.2,0.2,0.1,0.05,0.15,0.1
geometric,243,1.0,full,1,core_learning_training_aware,0.6878442355711365,0.2,0.2,0.2,0.1,0.05,0.2,0.05
arithmetic,243,1.0,full,1,core_learning_training_aware,0.7367316093630728,0.2,0.2,0.2,0.1,0.05,0.2,0.05
geometric,243,0.0,traditional_ppo,3,core_learning_training_aware,0.564035528351971,0.2,0.2,0.2,0.1,0.05,0.2,0.05
arithmetic,243,0.0,traditional_ppo,3,core_learning_training_aware,0.651786354670674,0.2,0.2,0.2,0.1,0.05,0.2,0.05
geometric,243,0.0,a2c_pointer,2,core_learning_training_aware,0.6860164345304668,0.2,0.2,0.2,0.1,0.05,0.2,0.05
arithmetic,243,0.0,a2c_pointer,2,core_learning_training_aware,0.7329051405439023,0.2,0.2,0.2,0.1,0.05,0.2,0.05
geometric,244,1.0,full,1,core_learning_training_aware,0.6638531959107395,0.2,0.2,0.2,0.1,0.1,0.05,0.15
arithmetic,244,1.0,full,1,core_learning_training_aware,0.7106515636753146,0.2,0.2,0.2,0.1,0.1,0.05,0.15
geometric,244,0.0,traditional_ppo,3,core_learning_training_aware,0.46534064810788905,0.2,0.2,0.2,0.1,0.1,0.05,0.15
arithmetic,244,0.0,traditional_ppo,3,core_learning_training_aware,0.5535417723374106,0.2,0.2,0.2,0.1,0.1,0.05,0.15
geometric,244,0.0,a2c_pointer,2,core_learning_training_aware,0.6629551511497059,0.2,0.2,0.2,0.1,0.1,0.05,0.15
arithmetic,244,0.0,a2c_pointer,2,core_learning_training_aware,0.7077610881162816,0.2,0.2,0.2,0.1,0.1,0.05,0.15
geometric,245,1.0,full,1,core_learning_training_aware,0.6645558118234289,0.2,0.2,0.2,0.1,0.1,0.1,0.1
arithmetic,245,1.0,full,1,core_learning_training_aware,0.7116836635223214,0.2,0.2,0.2,0.1,0.1,0.1,0.1
geometric,245,0.0,traditional_ppo,3,core_learning_training_aware,0.5066994433054589,0.2,0.2,0.2,0.1,0.1,0.1,0.1
arithmetic,245,0.0,traditional_ppo,3,core_learning_training_aware,0.5938713850062457,0.2,0.2,0.2,0.1,0.1,0.1,0.1
geometric,245,0.0,a2c_pointer,2,core_learning_training_aware,0.6637668550887857,0.2,0.2,0.2,0.1,0.1,0.1,0.1
arithmetic,245,0.0,a2c_pointer,2,core_learning_training_aware,0.7089337114574759,0.2,0.2,0.2,0.1,0.1,0.1,0.1
geometric,246,1.0,full,1,core_learning_training_aware,0.6652591713781221,0.2,0.2,0.2,0.1,0.1,0.15,0.05
arithmetic,246,1.0,full,1,core_learning_training_aware,0.712715763369328,0.2,0.2,0.2,0.1,0.1,0.15,0.05
geometric,246,0.0,traditional_ppo,3,core_learning_training_aware,0.5517341476400228,0.2,0.2,0.2,0.1,0.1,0.15,0.05
arithmetic,246,0.0,traditional_ppo,3,core_learning_training_aware,0.6342009976750808,0.2,0.2,0.2,0.1,0.1,0.15,0.05
geometric,246,0.0,a2c_pointer,2,core_learning_training_aware,0.6645795528557038,0.2,0.2,0.2,0.1,0.1,0.15,0.05
arithmetic,246,0.0,a2c_pointer,2,core_learning_training_aware,0.7101063347986699,0.2,0.2,0.2,0.1,0.1,0.15,0.05
geometric,247,0.0,full,2,core_learning_training_aware,0.6427354128236316,0.2,0.2,0.2,0.1,0.15,0.05,0.1
arithmetic,247,1.0,full,1,core_learning_training_aware,0.6876678175285763,0.2,0.2,0.2,0.1,0.15,0.05,0.1
geometric,247,0.0,traditional_ppo,3,core_learning_training_aware,0.49564853880509036,0.2,0.2,0.2,0.1,0.15,0.05,0.1
arithmetic,247,0.0,traditional_ppo,3,core_learning_training_aware,0.5762860280106522,0.2,0.2,0.2,0.1,0.15,0.05,0.1
geometric,247,1.0,a2c_pointer,1,core_learning_training_aware,0.6430252360605089,0.2,0.2,0.2,0.1,0.15,0.05,0.1
arithmetic,247,0.0,a2c_pointer,2,core_learning_training_aware,0.6861349057122431,0.2,0.2,0.2,0.1,0.15,0.05,0.1
geometric,248,0.0,full,2,core_learning_training_aware,0.6434156778754241,0.2,0.2,0.2,0.1,0.15,0.1,0.05
arithmetic,248,1.0,full,1,core_learning_training_aware,0.6886999173755832,0.2,0.2,0.2,0.1,0.15,0.1,0.05
geometric,248,0.0,traditional_ppo,3,core_learning_training_aware,0.5397010549344392,0.2,0.2,0.2,0.1,0.15,0.1,0.05
arithmetic,248,0.0,traditional_ppo,3,core_learning_training_aware,0.6166156406794875,0.2,0.2,0.2,0.1,0.15,0.1,0.05
geometric,248,1.0,a2c_pointer,1,core_learning_training_aware,0.6438125383631351,0.2,0.2,0.2,0.1,0.15,0.1,0.05
arithmetic,248,0.0,a2c_pointer,2,core_learning_training_aware,0.6873075290534374,0.2,0.2,0.2,0.1,0.15,0.1,0.05
geometric,249,1.0,full,1,core_learning_training_aware,0.6840611329797311,0.2,0.2,0.2,0.15,0.05,0.05,0.15
arithmetic,249,1.0,full,1,core_learning_training_aware,0.731426839934633,0.2,0.2,0.2,0.15,0.05,0.05,0.15
geometric,249,0.0,traditional_ppo,3,core_learning_training_aware,0.4747407173626842,0.2,0.2,0.2,0.15,0.05,0.05,0.15
arithmetic,249,0.0,traditional_ppo,3,core_learning_training_aware,0.5691445038271956,0.2,0.2,0.2,0.15,0.05,0.05,0.15
geometric,249,0.0,a2c_pointer,2,core_learning_training_aware,0.6820326704471265,0.2,0.2,0.2,0.15,0.05,0.05,0.15
arithmetic,249,0.0,a2c_pointer,2,core_learning_training_aware,0.7273922683860654,0.2,0.2,0.2,0.15,0.05,0.05,0.15
geometric,250,1.0,full,1,core_learning_training_aware,0.6847851367809399,0.2,0.2,0.2,0.15,0.05,0.1,0.1
arithmetic,250,1.0,full,1,core_learning_training_aware,0.7324589397816398,0.2,0.2,0.2,0.15,0.05,0.1,0.1
geometric,250,0.0,traditional_ppo,3,core_learning_training_aware,0.5169349769468982,0.2,0.2,0.2,0.15,0.05,0.1,0.1
arithmetic,250,0.0,traditional_ppo,3,core_learning_training_aware,0.6094741164960307,0.2,0.2,0.2,0.15,0.05,0.1,0.1
geometric,250,0.0,a2c_pointer,2,core_learning_training_aware,0.6828677323728434,0.2,0.2,0.2,0.15,0.05,0.1,0.1
arithmetic,250,0.0,a2c_pointer,2,core_learning_training_aware,0.7285648917272597,0.2,0.2,0.2,0.15,0.05,0.1,0.1
geometric,251,1.0,full,1,core_learning_training_aware,0.6855099068608902,0.2,0.2,0.2,0.15,0.05,0.15,0.05
arithmetic,251,1.0,full,1,core_learning_training_aware,0.7334910396286464,0.2,0.2,0.2,0.15,0.05,0.15,0.05
geometric,251,0.0,traditional_ppo,3,core_learning_training_aware,0.5628794005190474,0.2,0.2,0.2,0.15,0.05,0.15,0.05
arithmetic,251,0.0,traditional_ppo,3,core_learning_training_aware,0.6498037291648657,0.2,0.2,0.2,0.15,0.05,0.15,0.05
geometric,251,0.0,a2c_pointer,2,core_learning_training_aware,0.683703816725271,0.2,0.2,0.2,0.15,0.05,0.15,0.05
arithmetic,251,0.0,a2c_pointer,2,core_learning_training_aware,0.7297375150684537,0.2,0.2,0.2,0.15,0.05,0.15,0.05
geometric,252,1.0,full,1,core_learning_training_aware,0.6623005167567889,0.2,0.2,0.2,0.15,0.1,0.05,0.1
arithmetic,252,1.0,full,1,core_learning_training_aware,0.7084430937878947,0.2,0.2,0.2,0.15,0.1,0.05,0.1
geometric,252,0.0,traditional_ppo,3,core_learning_training_aware,0.5056608397071289,0.2,0.2,0.2,0.15,0.1,0.05,0.1
arithmetic,252,0.0,traditional_ppo,3,core_learning_training_aware,0.5918887595004373,0.2,0.2,0.2,0.15,0.1,0.05,0.1
geometric,252,0.0,a2c_pointer,2,core_learning_training_aware,0.6615292424452525,0.2,0.2,0.2,0.15,0.1,0.05,0.1
arithmetic,252,0.0,a2c_pointer,2,core_learning_training_aware,0.7057660859820271,0.2,0.2,0.2,0.15,0.1,0.05,0.1
geometric,253,1.0,full,1,core_learning_training_aware,0.6630014893286197,0.2,0.2,0.2,0.15,0.1,0.1,0.05
arithmetic,253,1.0,full,1,core_learning_training_aware,0.7094751936349015,0.2,0.2,0.2,0.15,0.1,0.1,0.05
geometric,253,0.0,traditional_ppo,3,core_learning_training_aware,0.5506032344751645,0.2,0.2,0.2,0.15,0.1,0.1,0.05
arithmetic,253,0.0,traditional_ppo,3,core_learning_training_aware,0.6322183721692726,0.2,0.2,0.2,0.15,0.1,0.1,0.05
geometric,253,0.0,a2c_pointer,2,core_learning_training_aware,0.662339200541178,0.2,0.2,0.2,0.15,0.1,0.1,0.05
arithmetic,253,0.0,a2c_pointer,2,core_learning_training_aware,0.7069387093232213,0.2,0.2,0.2,0.15,0.1,0.1,0.05
geometric,254,0.0,full,2,core_learning_training_aware,0.6412321258271321,0.2,0.2,0.2,0.15,0.15,0.05,0.05
arithmetic,254,1.0,full,1,core_learning_training_aware,0.6854593476411566,0.2,0.2,0.2,0.15,0.15,0.05,0.05
geometric,254,0.0,traditional_ppo,3,core_learning_training_aware,0.5385948065162038,0.2,0.2,0.2,0.15,0.15,0.05,0.05
arithmetic,254,0.0,traditional_ppo,3,core_learning_training_aware,0.6146330151736791,0.2,0.2,0.2,0.15,0.15,0.05,0.05
geometric,254,1.0,a2c_pointer,1,core_learning_training_aware,0.6416421933619314,0.2,0.2,0.2,0.15,0.15,0.05,0.05
arithmetic,254,0.0,a2c_pointer,2,core_learning_training_aware,0.6841399035779886,0.2,0.2,0.2,0.15,0.15,0.05,0.05
geometric,255,1.0,full,1,core_learning_training_aware,0.6858518153841953,0.2,0.2,0.25,0.05,0.05,0.05,0.2
arithmetic,255,1.0,full,1,core_learning_training_aware,0.7338871889482288,0.2,0.2,0.25,0.05,0.05,0.05,0.2
geometric,255,0.0,traditional_ppo,3,core_learning_training_aware,0.43648007429223407,0.2,0.2,0.25,0.05,0.05,0.05,0.2
arithmetic,255,0.0,traditional_ppo,3,core_learning_training_aware,0.5299256946818471,0.2,0.2,0.25,0.05,0.05,0.05,0.2
geometric,255,0.0,a2c_pointer,2,core_learning_training_aware,0.6842373685113614,0.2,0.2,0.25,0.05,0.05,0.05,0.2
arithmetic,255,0.0,a2c_pointer,2,core_learning_training_aware,0.7303718061596113,0.2,0.2,0.25,0.05,0.05,0.05,0.2
geometric,256,1.0,full,1,core_learning_training_aware,0.6865777144266405,0.2,0.2,0.25,0.05,0.05,0.1,0.15
arithmetic,256,1.0,full,1,core_learning_training_aware,0.7349192887952356,0.2,0.2,0.25,0.05,0.05,0.1,0.15
geometric,256,0.0,traditional_ppo,3,core_learning_training_aware,0.47527378396250364,0.2,0.2,0.25,0.05,0.05,0.1,0.15
arithmetic,256,0.0,traditional_ppo,3,core_learning_training_aware,0.5702553073506823,0.2,0.2,0.25,0.05,0.05,0.1,0.15
geometric,256,0.0,a2c_pointer,2,core_learning_training_aware,0.6850751298083708,0.2,0.2,0.25,0.05,0.05,0.1,0.15
arithmetic,256,0.0,a2c_pointer,2,core_learning_training_aware,0.7315444295008054,0.2,0.2,0.25,0.05,0.05,0.1,0.15
geometric,257,1.0,full,1,core_learning_training_aware,0.6873043817537328,0.2,0.2,0.25,0.05,0.05,0.15,0.1
arithmetic,257,1.0,full,1,core_learning_training_aware,0.7359513886422422,0.2,0.2,0.25,0.05,0.05,0.15,0.1
geometric,257,0.0,traditional_ppo,3,core_learning_training_aware,0.5175154217253021,0.2,0.2,0.25,0.05,0.05,0.15,0.1
arithmetic,257,0.0,traditional_ppo,3,core_learning_training_aware,0.6105849200195171,0.2,0.2,0.25,0.05,0.05,0.15,0.1
geometric,257,0.0,a2c_pointer,2,core_learning_training_aware,0.6859139168371265,0.2,0.2,0.25,0.05,0.05,0.15,0.1
arithmetic,257,0.0,a2c_pointer,2,core_learning_training_aware,0.7327170528419996,0.2,0.2,0.25,0.05,0.05,0.15,0.1
geometric,258,1.0,full,1,core_learning_training_aware,0.6880318181786171,0.2,0.2,0.25,0.05,0.05,0.2,0.05
arithmetic,258,1.0,full,1,core_learning_training_aware,0.7369834884892489,0.2,0.2,0.25,0.05,0.05,0.2,0.05
geometric,258,0.0,traditional_ppo,3,core_learning_training_aware,0.5635114343791511,0.2,0.2,0.25,0.05,0.05,0.2,0.05
arithmetic,258,0.0,traditional_ppo,3,core_learning_training_aware,0.6509145326883523,0.2,0.2,0.25,0.05,0.05,0.2,0.05
geometric,258,0.0,a2c_pointer,2,core_learning_training_aware,0.6867537308535058,0.2,0.2,0.25,0.05,0.05,0.2,0.05
arithmetic,258,0.0,a2c_pointer,2,core_learning_training_aware,0.7338896761831937,0.2,0.2,0.25,0.05,0.05,0.2,0.05
geometric,259,1.0,full,1,core_learning_training_aware,0.664034235900658,0.2,0.2,0.25,0.05,0.1,0.05,0.15
arithmetic,259,1.0,full,1,core_learning_training_aware,0.7109034428014906,0.2,0.2,0.25,0.05,0.1,0.05,0.15
geometric,259,0.0,traditional_ppo,3,core_learning_training_aware,0.4649082600459277,0.2,0.2,0.25,0.05,0.1,0.05,0.15
arithmetic,259,0.0,traditional_ppo,3,core_learning_training_aware,0.5526699503550889,0.2,0.2,0.25,0.05,0.1,0.05,0.15
geometric,259,0.0,a2c_pointer,2,core_learning_training_aware,0.663667662353052,0.2,0.2,0.25,0.05,0.1,0.05,0.15
arithmetic,259,0.0,a2c_pointer,2,core_learning_training_aware,0.7087456237555729,0.2,0.2,0.25,0.05,0.1,0.05,0.15
geometric,260,1.0,full,1,core_learning_training_aware,0.664737043424352,0.2,0.2,0.25,0.05,0.1,0.1,0.1
arithmetic,260,1.0,full,1,core_learning_training_aware,0.7119355426484975,0.2,0.2,0.25,0.05,0.1,0.1,0.1
geometric,260,0.0,traditional_ppo,3,core_learning_training_aware,0.5062286252258895,0.2,0.2,0.25,0.05,0.1,0.1,0.1
arithmetic,260,0.0,traditional_ppo,3,core_learning_training_aware,0.592999563023924,0.2,0.2,0.25,0.05,0.1,0.1,0.1
geometric,260,0.0,a2c_pointer,2,core_learning_training_aware,0.6644802386711297,0.2,0.2,0.25,0.05,0.1,0.1,0.1
arithmetic,260,0.0,a2c_pointer,2,core_learning_training_aware,0.7099182470967671,0.2,0.2,0.25,0.05,0.1,0.1,0.1
geometric,261,1.0,full,1,core_learning_training_aware,0.6654405947928489,0.2,0.2,0.25,0.05,0.1,0.15,0.05
arithmetic,261,1.0,full,1,core_learning_training_aware,0.712967642495504,0.2,0.2,0.25,0.05,0.1,0.15,0.05
geometric,261,0.0,traditional_ppo,3,core_learning_training_aware,0.5512214839391706,0.2,0.2,0.25,0.05,0.1,0.15,0.05
arithmetic,261,0.0,traditional_ppo,3,core_learning_training_aware,0.633329175692759,0.2,0.2,0.25,0.05,0.1,0.15,0.05
geometric,261,0.0,a2c_pointer,2,core_learning_training_aware,0.6652938098851624,0.2,0.2,0.25,0.05,0.1,0.15,0.05
arithmetic,261,0.0,a2c_pointer,2,core_learning_training_aware,0.7110908704379613,0.2,0.2,0.25,0.05,0.1,0.15,0.05
geometric,262,0.0,full,2,core_learning_training_aware,0.6429106937643193,0.2,0.2,0.25,0.05,0.15,0.05,0.1
arithmetic,262,1.0,full,1,core_learning_training_aware,0.6879196966547524,0.2,0.2,0.25,0.05,0.15,0.05,0.1
geometric,262,0.0,traditional_ppo,3,core_learning_training_aware,0.4951879890723745,0.2,0.2,0.25,0.05,0.15,0.05,0.1
arithmetic,262,0.0,traditional_ppo,3,core_learning_training_aware,0.5754142060283305,0.2,0.2,0.25,0.05,0.15,0.05,0.1
geometric,262,1.0,a2c_pointer,1,core_learning_training_aware,0.6437163275829638,0.2,0.2,0.25,0.05,0.15,0.05,0.1
arithmetic,262,0.0,a2c_pointer,2,core_learning_training_aware,0.6871194413515344,0.2,0.2,0.25,0.05,0.15,0.05,0.1
geometric,263,0.0,full,2,core_learning_training_aware,0.6435911443317934,0.2,0.2,0.25,0.05,0.15,0.1,0.05
arithmetic,263,1.0,full,1,core_learning_training_aware,0.6889517965017593,0.2,0.2,0.25,0.05,0.15,0.1,0.05
geometric,263,0.0,traditional_ppo,3,core_learning_training_aware,0.5391995722160684,0.2,0.2,0.25,0.05,0.15,0.1,0.05
arithmetic,263,0.0,traditional_ppo,3,core_learning_training_aware,0.6157438186971658,0.2,0.2,0.25,0.05,0.15,0.1,0.05
geometric,263,1.0,a2c_pointer,1,core_learning_training_aware,0.6445044760389234,0.2,0.2,0.25,0.05,0.15,0.1,0.05
arithmetic,263,0.0,a2c_pointer,2,core_learning_training_aware,0.6882920646927286,0.2,0.2,0.25,0.05,0.15,0.1,0.05
geometric,264,1.0,full,1,core_learning_training_aware,0.684247683893971,0.2,0.2,0.25,0.1,0.05,0.05,0.15
arithmetic,264,1.0,full,1,core_learning_training_aware,0.7316787190608093,0.2,0.2,0.25,0.1,0.05,0.05,0.15
geometric,264,0.0,traditional_ppo,3,core_learning_training_aware,0.47429959488703266,0.2,0.2,0.25,0.1,0.05,0.05,0.15
arithmetic,264,0.0,traditional_ppo,3,core_learning_training_aware,0.568272681844874,0.2,0.2,0.25,0.1,0.05,0.05,0.15
geometric,264,0.0,a2c_pointer,2,core_learning_training_aware,0.6827656852187877,0.2,0.2,0.25,0.1,0.05,0.05,0.15
arithmetic,264,0.0,a2c_pointer,2,core_learning_training_aware,0.7283768040253569,0.2,0.2,0.25,0.1,0.05,0.05,0.15
geometric,265,1.0,full,1,core_learning_training_aware,0.6849718851388942,0.2,0.2,0.25,0.1,0.05,0.1,0.1
arithmetic,265,1.0,full,1,core_learning_training_aware,0.732710818907816,0.2,0.2,0.25,0.1,0.05,0.1,0.1
geometric,265,0.0,traditional_ppo,3,core_learning_training_aware,0.5164546481517436,0.2,0.2,0.25,0.1,0.05,0.1,0.1
arithmetic,265,0.0,traditional_ppo,3,core_learning_training_aware,0.6086022945137091,0.2,0.2,0.25,0.1,0.05,0.1,0.1
geometric,265,0.0,a2c_pointer,2,core_learning_training_aware,0.6836016446275041,0.2,0.2,0.25,0.1,0.05,0.1,0.1
arithmetic,265,0.0,a2c_pointer,2,core_learning_training_aware,0.729549427366551,0.2,0.2,0.25,0.1,0.05,0.1,0.1
geometric,266,1.0,full,1,core_learning_training_aware,0.6856968528715315,0.2,0.2,0.25,0.1,0.05,0.15,0.05
arithmetic,266,1.0,full,1,core_learning_training_aware,0.7337429187548228,0.2,0.2,0.25,0.1,0.05,0.15,0.05
geometric,266,0.0,traditional_ppo,3,core_learning_training_aware,0.5623563808041394,0.2,0.2,0.25,0.1,0.05,0.15,0.05
arithmetic,266,0.0,traditional_ppo,3,core_learning_training_aware,0.6489319071825441,0.2,0.2,0.25,0.1,0.05,0.15,0.05
geometric,266,0.0,a2c_pointer,2,core_learning_training_aware,0.6844386275617845,0.2,0.2,0.25,0.1,0.05,0.15,0.05
arithmetic,266,0.0,a2c_pointer,2,core_learning_training_aware,0.7307220507077452,0.2,0.2,0.25,0.1,0.05,0.15,0.05
geometric,267,1.0,full,1,core_learning_training_aware,0.6624811333142072,0.2,0.2,0.25,0.1,0.1,0.05,0.1
arithmetic,267,1.0,full,1,core_learning_training_aware,0.708694972914071,0.2,0.2,0.25,0.1,0.1,0.05,0.1
geometric,267,0.0,traditional_ppo,3,core_learning_training_aware,0.5051909866835863,0.2,0.2,0.25,0.1,0.1,0.05,0.1
arithmetic,267,0.0,traditional_ppo,3,core_learning_training_aware,0.5910169375181157,0.2,0.2,0.25,0.1,0.1,0.05,0.1
geometric,267,0.0,a2c_pointer,2,core_learning_training_aware,0.6622402211528857,0.2,0.2,0.25,0.1,0.1,0.05,0.1
arithmetic,267,0.0,a2c_pointer,2,core_learning_training_aware,0.7067506216213184,0.2,0.2,0.25,0.1,0.1,0.05,0.1
geometric,268,1.0,full,1,core_learning_training_aware,0.6631822970488858,0.2,0.2,0.25,0.1,0.1,0.1,0.05
arithmetic,268,1.0,full,1,core_learning_training_aware,0.7097270727610778,0.2,0.2,0.25,0.1,0.1,0.1,0.05
geometric,268,0.0,traditional_ppo,3,core_learning_training_aware,0.5500916216031053,0.2,0.2,0.25,0.1,0.1,0.1,0.05
arithmetic,268,0.0,traditional_ppo,3,core_learning_training_aware,0.6313465501869509,0.2,0.2,0.25,0.1,0.1,0.1,0.05
geometric,268,0.0,a2c_pointer,2,core_learning_training_aware,0.6630510497514639,0.2,0.2,0.25,0.1,0.1,0.1,0.05
arithmetic,268,0.0,a2c_pointer,2,core_learning_training_aware,0.7079232449625126,0.2,0.2,0.25,0.1,0.1,0.1,0.05
geometric,269,0.0,full,2,core_learning_training_aware,0.6414069968050986,0.2,0.2,0.25,0.1,0.15,0.05,0.05
arithmetic,269,1.0,full,1,core_learning_training_aware,0.6857112267673329,0.2,0.2,0.25,0.1,0.15,0.05,0.05
geometric,269,0.0,traditional_ppo,3,core_learning_training_aware,0.5380943517084862,0.2,0.2,0.25,0.1,0.15,0.05,0.05
arithmetic,269,0.0,traditional_ppo,3,core_learning_training_aware,0.6137611931913575,0.2,0.2,0.25,0.1,0.15,0.05,0.05
geometric,269,1.0,a2c_pointer,1,core_learning_training_aware,0.6423317984589234,0.2,0.2,0.25,0.1,0.15,0.05,0.05
arithmetic,269,0.0,a2c_pointer,2,core_learning_training_aware,0.6851244392172801,0.2,0.2,0.25,0.1,0.15,0.05,0.05
geometric,270,1.0,full,1,core_learning_training_aware,0.6826473042897669,0.2,0.2,0.25,0.15,0.05,0.05,0.1
arithmetic,270,1.0,full,1,core_learning_training_aware,0.7294702491733894,0.2,0.2,0.25,0.15,0.05,0.05,0.1
geometric,270,0.0,traditional_ppo,3,core_learning_training_aware,0.5153960488913111,0.2,0.2,0.25,0.15,0.05,0.05,0.1
arithmetic,270,0.0,traditional_ppo,3,core_learning_training_aware,0.6066196690079007,0.2,0.2,0.25,0.15,0.05,0.05,0.1
geometric,270,0.0,a2c_pointer,2,core_learning_training_aware,0.6812971672776158,0.2,0.2,0.25,0.15,0.05,0.05,0.1
arithmetic,270,0.0,a2c_pointer,2,core_learning_training_aware,0.7263818018911025,0.2,0.2,0.25,0.15,0.05,0.05,0.1
geometric,271,1.0,full,1,core_learning_training_aware,0.6833698117081284,0.2,0.2,0.25,0.15,0.05,0.1,0.05
arithmetic,271,1.0,full,1,core_learning_training_aware,0.7305023490203963,0.2,0.2,0.25,0.15,0.05,0.1,0.05
geometric,271,0.0,traditional_ppo,3,core_learning_training_aware,0.5612036947920197,0.2,0.2,0.25,0.15,0.05,0.1,0.05
arithmetic,271,0.0,traditional_ppo,3,core_learning_training_aware,0.6469492816767359,0.2,0.2,0.25,0.15,0.05,0.1,0.05
geometric,271,0.0,a2c_pointer,2,core_learning_training_aware,0.6821313286736078,0.2,0.2,0.25,0.15,0.05,0.1,0.05
arithmetic,271,0.0,a2c_pointer,2,core_learning_training_aware,0.7275544252322967,0.2,0.2,0.25,0.15,0.05,0.1,0.05
geometric,272,1.0,full,1,core_learning_training_aware,0.660931663262818,0.2,0.2,0.25,0.15,0.1,0.05,0.05
arithmetic,272,1.0,full,1,core_learning_training_aware,0.7064865030266513,0.2,0.2,0.25,0.15,0.1,0.05,0.05
geometric,272,0.0,traditional_ppo,3,core_learning_training_aware,0.5489640751943681,0.2,0.2,0.25,0.15,0.1,0.05,0.05
arithmetic,272,0.0,traditional_ppo,3,core_learning_training_aware,0.6293639246811426,0.2,0.2,0.25,0.15,0.1,0.05,0.05
geometric,272,0.0,a2c_pointer,2,core_learning_training_aware,0.6608158501465764,0.2,0.2,0.25,0.15,0.1,0.05,0.05
arithmetic,272,0.0,a2c_pointer,2,core_learning_training_aware,0.7047556194870641,0.2,0.2,0.25,0.15,0.1,0.05,0.05
geometric,273,1.0,full,1,core_learning_training_aware,0.6584081597399677,0.2,0.25,0.1,0.05,0.05,0.15,0.2
arithmetic,273,1.0,full,1,core_learning_training_aware,0.7116101592844721,0.2,0.25,0.1,0.05,0.05,0.15,0.2
geometric,273,0.0,traditional_ppo,3,core_learning_training_aware,0.4189881552630328,0.2,0.25,0.1,0.05,0.05,0.15,0.2
arithmetic,273,0.0,traditional_ppo,3,core_learning_training_aware,0.5073748705919736,0.2,0.25,0.1,0.05,0.05,0.15,0.2
geometric,273,0.0,a2c_pointer,2,core_learning_training_aware,0.6558102162138172,0.2,0.25,0.1,0.05,0.05,0.15,0.2
arithmetic,273,0.0,a2c_pointer,2,core_learning_training_aware,0.706496887137397,0.2,0.25,0.1,0.05,0.05,0.15,0.2
geometric,274,1.0,full,1,core_learning_training_aware,0.6591050126781285,0.2,0.25,0.1,0.05,0.05,0.2,0.15
arithmetic,274,1.0,full,1,core_learning_training_aware,0.7126422591314789,0.2,0.25,0.1,0.05,0.05,0.2,0.15
geometric,274,0.0,traditional_ppo,3,core_learning_training_aware,0.4562272087912207,0.2,0.25,0.1,0.05,0.05,0.2,0.15
arithmetic,274,0.0,traditional_ppo,3,core_learning_training_aware,0.5477044832608088,0.2,0.25,0.1,0.05,0.05,0.2,0.15
geometric,274,0.0,a2c_pointer,2,core_learning_training_aware,0.6566131720923052,0.2,0.25,0.1,0.05,0.05,0.2,0.15
arithmetic,274,0.0,a2c_pointer,2,core_learning_training_aware,0.7076695104785912,0.2,0.25,0.1,0.05,0.05,0.2,0.15
geometric,275,1.0,full,1,core_learning_training_aware,0.6367896162036037,0.2,0.25,0.1,0.05,0.1,0.1,0.2
arithmetic,275,1.0,full,1,core_learning_training_aware,0.6875943132907274,0.2,0.25,0.1,0.05,0.1,0.1,0.2
geometric,275,0.0,traditional_ppo,3,core_learning_training_aware,0.409850197541208,0.2,0.25,0.1,0.05,0.1,0.1,0.2
arithmetic,275,0.0,traditional_ppo,3,core_learning_training_aware,0.48978951359638045,0.2,0.25,0.1,0.05,0.1,0.1,0.2
geometric,275,0.0,a2c_pointer,2,core_learning_training_aware,0.6353172290221935,0.2,0.25,0.1,0.05,0.1,0.1,0.2
arithmetic,275,0.0,a2c_pointer,2,core_learning_training_aware,0.6836980813921645,0.2,0.25,0.1,0.05,0.1,0.1,0.2
geometric,276,1.0,full,1,core_learning_training_aware,0.6374635882807679,0.2,0.25,0.1,0.05,0.1,0.15,0.15
arithmetic,276,1.0,full,1,core_learning_training_aware,0.6886264131377341,0.2,0.25,0.1,0.05,0.1,0.15,0.15
geometric,276,0.0,traditional_ppo,3,core_learning_training_aware,0.4462770827718752,0.2,0.25,0.1,0.05,0.1,0.15,0.15
arithmetic,276,0.0,traditional_ppo,3,core_learning_training_aware,0.5301191262652154,0.2,0.25,0.1,0.05,0.1,0.15,0.15
geometric,276,0.0,a2c_pointer,2,core_learning_training_aware,0.6360950938543293,0.2,0.25,0.1,0.05,0.1,0.15,0.15
arithmetic,276,0.0,a2c_pointer,2,core_learning_training_aware,0.6848707047333586,0.2,0.25,0.1,0.05,0.1,0.15,0.15
geometric,277,1.0,full,1,core_learning_training_aware,0.6381382736835726,0.2,0.25,0.1,0.05,0.1,0.2,0.1
arithmetic,277,1.0,full,1,core_learning_training_aware,0.6896585129847407,0.2,0.25,0.1,0.05,0.1,0.2,0.1
geometric,277,0.0,traditional_ppo,3,core_learning_training_aware,0.4859415362056779,0.2,0.25,0.1,0.05,0.1,0.2,0.1
arithmetic,277,0.0,traditional_ppo,3,core_learning_training_aware,0.5704487389340503,0.2,0.25,0.1,0.05,0.1,0.2,0.1
geometric,277,0.0,a2c_pointer,2,core_learning_training_aware,0.6368739110826372,0.2,0.25,0.1,0.05,0.1,0.2,0.1
arithmetic,277,0.0,a2c_pointer,2,core_learning_training_aware,0.6860433280745527,0.2,0.25,0.1,0.05,0.1,0.2,0.1
geometric,278,1.0,full,1,core_learning_training_aware,0.6158809080751397,0.2,0.25,0.1,0.05,0.15,0.05,0.2
arithmetic,278,1.0,full,1,core_learning_training_aware,0.6635784672969823,0.2,0.25,0.1,0.05,0.15,0.05,0.2
geometric,278,0.0,traditional_ppo,3,core_learning_training_aware,0.40091153488363984,0.2,0.25,0.1,0.05,0.15,0.05,0.2
arithmetic,278,0.0,traditional_ppo,3,core_learning_training_aware,0.47220415660078696,0.2,0.25,0.1,0.05,0.15,0.05,0.2
geometric,278,0.0,a2c_pointer,2,core_learning_training_aware,0.6154646138675604,0.2,0.25,0.1,0.05,0.15,0.05,0.2
arithmetic,278,0.0,a2c_pointer,2,core_learning_training_aware,0.6608992756469318,0.2,0.25,0.1,0.05,0.15,0.05,0.2
geometric,279,1.0,full,1,core_learning_training_aware,0.616532750574356,0.2,0.25,0.1,0.05,0.15,0.1,0.15
arithmetic,279,1.0,full,1,core_learning_training_aware,0.6646105671439893,0.2,0.25,0.1,0.05,0.15,0.1,0.15
geometric,279,0.0,traditional_ppo,3,core_learning_training_aware,0.4365439648701805,0.2,0.25,0.1,0.05,0.15,0.1,0.15
arithmetic,279,0.0,traditional_ppo,3,core_learning_training_aware,0.5125337692696221,0.2,0.25,0.1,0.05,0.15,0.1,0.15
geometric,279,0.0,a2c_pointer,2,core_learning_training_aware,0.6162181717071429,0.2,0.25,0.1,0.05,0.15,0.1,0.15
arithmetic,279,0.0,a2c_pointer,2,core_learning_training_aware,0.6620718989881261,0.2,0.25,0.1,0.05,0.15,0.1,0.15
geometric,280,1.0,full,1,core_learning_training_aware,0.6171852829774779,0.2,0.25,0.1,0.05,0.15,0.15,0.1
arithmetic,280,1.0,full,1,core_learning_training_aware,0.6656426669909957,0.2,0.25,0.1,0.05,0.15,0.15,0.1
geometric,280,0.0,traditional_ppo,3,core_learning_training_aware,0.4753433530414346,0.2,0.25,0.1,0.05,0.15,0.15,0.1
arithmetic,280,0.0,traditional_ppo,3,core_learning_training_aware,0.552863381938457,0.2,0.25,0.1,0.05,0.15,0.15,0.1
geometric,280,0.0,a2c_pointer,2,core_learning_training_aware,0.6169726521820889,0.2,0.25,0.1,0.05,0.15,0.15,0.1
arithmetic,280,0.0,a2c_pointer,2,core_learning_training_aware,0.6632445223293201,0.2,0.25,0.1,0.05,0.15,0.15,0.1
geometric,281,1.0,full,1,core_learning_training_aware,0.6178385060146929,0.2,0.25,0.1,0.05,0.15,0.2,0.05
arithmetic,281,1.0,full,1,core_learning_training_aware,0.6666747668380025,0.2,0.25,0.1,0.05,0.15,0.2,0.05
geometric,281,0.0,traditional_ppo,3,core_learning_training_aware,0.5175911740020672,0.2,0.25,0.1,0.05,0.15,0.2,0.05
arithmetic,281,0.0,traditional_ppo,3,core_learning_training_aware,0.5931929946072921,0.2,0.25,0.1,0.05,0.15,0.2,0.05
geometric,281,0.0,a2c_pointer,2,core_learning_training_aware,0.6177280564220473,0.2,0.25,0.1,0.05,0.15,0.2,0.05
arithmetic,281,0.0,a2c_pointer,2,core_learning_training_aware,0.6644171456705142,0.2,0.25,0.1,0.05,0.15,0.2,0.05
geometric,282,1.0,full,1,core_learning_training_aware,0.6561737278862715,0.2,0.25,0.1,0.1,0.05,0.1,0.2
arithmetic,282,1.0,full,1,core_learning_training_aware,0.7083695895500459,0.2,0.25,0.1,0.1,0.05,0.1,0.2
geometric,282,0.0,traditional_ppo,3,core_learning_training_aware,0.41812933725669127,0.2,0.25,0.1,0.1,0.05,0.1,0.2
arithmetic,282,0.0,traditional_ppo,3,core_learning_training_aware,0.5053922450861655,0.2,0.25,0.1,0.1,0.05,0.1,0.2
geometric,282,0.0,a2c_pointer,2,core_learning_training_aware,0.6535994260541276,0.2,0.25,0.1,0.1,0.05,0.1,0.2
arithmetic,282,0.0,a2c_pointer,2,core_learning_training_aware,0.7033292616619485,0.2,0.25,0.1,0.1,0.05,0.1,0.2
geometric,283,1.0,full,1,core_learning_training_aware,0.6568682159229964,0.2,0.25,0.1,0.1,0.05,0.15,0.15
arithmetic,283,1.0,full,1,core_learning_training_aware,0.7094016893970525,0.2,0.25,0.1,0.1,0.05,0.15,0.15
geometric,283,0.0,traditional_ppo,3,core_learning_training_aware,0.45529206029842667,0.2,0.25,0.1,0.1,0.05,0.15,0.15
arithmetic,283,0.0,traditional_ppo,3,core_learning_training_aware,0.5457218577550005,0.2,0.25,0.1,0.1,0.05,0.15,0.15
geometric,283,0.0,a2c_pointer,2,core_learning_training_aware,0.6543996751023301,0.2,0.25,0.1,0.1,0.05,0.15,0.15
arithmetic,283,0.0,a2c_pointer,2,core_learning_training_aware,0.7045018850031426,0.2,0.25,0.1,0.1,0.05,0.15,0.15
geometric,284,1.0,full,1,core_learning_training_aware,0.6575634389992585,0.2,0.25,0.1,0.1,0.05,0.2,0.1
arithmetic,284,1.0,full,1,core_learning_training_aware,0.7104337892440592,0.2,0.25,0.1,0.1,0.05,0.2,0.1
geometric,284,0.0,traditional_ppo,3,core_learning_training_aware,0.49575775173012915,0.2,0.25,0.1,0.1,0.05,0.2,0.1
arithmetic,284,0.0,traditional_ppo,3,core_learning_training_aware,0.5860514704238354,0.2,0.25,0.1,0.1,0.05,0.2,0.1
geometric,284,0.0,a2c_pointer,2,core_learning_training_aware,0.6552009039533195,0.2,0.25,0.1,0.1,0.05,0.2,0.1
arithmetic,284,0.0,a2c_pointer,2,core_learning_training_aware,0.7056745083443366,0.2,0.25,0.1,0.1,0.05,0.2,0.1
geometric,285,1.0,full,1,core_learning_training_aware,0.6346285509411222,0.2,0.25,0.1,0.1,0.1,0.05,0.2
arithmetic,285,1.0,full,1,core_learning_training_aware,0.684353743556301,0.2,0.25,0.1,0.1,0.1,0.05,0.2
geometric,285,0.0,traditional_ppo,3,core_learning_training_aware,0.40901010999904347,0.2,0.25,0.1,0.1,0.1,0.05,0.2
arithmetic,285,0.0,traditional_ppo,3,core_learning_training_aware,0.48780688809057215,0.2,0.25,0.1,0.1,0.1,0.05,0.2
geometric,285,0.0,a2c_pointer,2,core_learning_training_aware,0.6331755224072639,0.2,0.25,0.1,0.1,0.1,0.05,0.2
arithmetic,285,0.0,a2c_pointer,2,core_learning_training_aware,0.680530455916716,0.2,0.25,0.1,0.1,0.1,0.05,0.2
geometric,286,1.0,full,1,core_learning_training_aware,0.6353002357673534,0.2,0.25,0.1,0.1,0.1,0.1,0.15
arithmetic,286,1.0,full,1,core_learning_training_aware,0.6853858434033078,0.2,0.25,0.1,0.1,0.1,0.1,0.15
geometric,286,0.0,traditional_ppo,3,core_learning_training_aware,0.4453623294794787,0.2,0.25,0.1,0.1,0.1,0.1,0.15
arithmetic,286,0.0,traditional_ppo,3,core_learning_training_aware,0.5281365007594072,0.2,0.25,0.1,0.1,0.1,0.1,0.15
geometric,286,0.0,a2c_pointer,2,core_learning_training_aware,0.6339507649930943,0.2,0.25,0.1,0.1,0.1,0.1,0.15
arithmetic,286,0.0,a2c_pointer,2,core_learning_training_aware,0.6817030792579101,0.2,0.25,0.1,0.1,0.1,0.1,0.15
geometric,287,1.0,full,1,core_learning_training_aware,0.6359726314984202,0.2,0.25,0.1,0.1,0.1,0.15,0.1
arithmetic,287,1.0,full,1,core_learning_training_aware,0.6864179432503144,0.2,0.25,0.1,0.1,0.1,0.15,0.1
geometric,287,0.0,traditional_ppo,3,core_learning_training_aware,0.4849454809805352,0.2,0.25,0.1,0.1,0.1,0.15,0.1
arithmetic,287,0.0,traditional_ppo,3,core_learning_training_aware,0.5684661134282422,0.2,0.25,0.1,0.1,0.1,0.15,0.1
geometric,287,0.0,a2c_pointer,2,core_learning_training_aware,0.6347269567644913,0.2,0.25,0.1,0.1,0.1,0.15,0.1
arithmetic,287,0.0,a2c_pointer,2,core_learning_training_aware,0.6828757025991041,0.2,0.25,0.1,0.1,0.1,0.15,0.1
geometric,288,1.0,full,1,core_learning_training_aware,0.6366457388867379,0.2,0.25,0.1,0.1,0.1,0.2,0.05
arithmetic,288,1.0,full,1,core_learning_training_aware,0.6874500430973212,0.2,0.25,0.1,0.1,0.1,0.2,0.05
geometric,288,0.0,traditional_ppo,3,core_learning_training_aware,0.5280467250077082,0.2,0.25,0.1,0.1,0.1,0.2,0.05
arithmetic,288,0.0,traditional_ppo,3,core_learning_training_aware,0.6087957260970773,0.2,0.25,0.1,0.1,0.1,0.2,0.05
geometric,288,0.0,a2c_pointer,2,core_learning_training_aware,0.6355040988836111,0.2,0.25,0.1,0.1,0.1,0.2,0.05
arithmetic,288,0.0,a2c_pointer,2,core_learning_training_aware,0.6840483259402983,0.2,0.25,0.1,0.1,0.1,0.2,0.05
geometric,289,1.0,full,1,core_learning_training_aware,0.6144404307931516,0.2,0.25,0.1,0.1,0.15,0.05,0.15
arithmetic,289,1.0,full,1,core_learning_training_aware,0.6613699974095628,0.2,0.25,0.1,0.1,0.15,0.05,0.15
geometric,289,0.0,traditional_ppo,3,core_learning_training_aware,0.435649161967328,0.2,0.25,0.1,0.1,0.15,0.05,0.15
arithmetic,289,0.0,traditional_ppo,3,core_learning_training_aware,0.5105511437638139,0.2,0.25,0.1,0.1,0.15,0.05,0.15
geometric,289,0.0,a2c_pointer,2,core_learning_training_aware,0.6141408495847503,0.2,0.25,0.1,0.1,0.15,0.05,0.15
arithmetic,289,0.0,a2c_pointer,2,core_learning_training_aware,0.6589042735126776,0.2,0.25,0.1,0.1,0.15,0.05,0.15
geometric,290,1.0,full,1,core_learning_training_aware,0.6150907487049043,0.2,0.25,0.1,0.1,0.15,0.1,0.1
arithmetic,290,1.0,full,1,core_learning_training_aware,0.6624020972565695,0.2,0.25,0.1,0.1,0.15,0.1,0.1
geometric,290,0.0,traditional_ppo,3,core_learning_training_aware,0.4743690213672363,0.2,0.25,0.1,0.1,0.15,0.1,0.1
arithmetic,290,0.0,traditional_ppo,3,core_learning_training_aware,0.5508807564326489,0.2,0.25,0.1,0.1,0.15,0.1,0.1
geometric,290,0.0,a2c_pointer,2,core_learning_training_aware,0.6148927866439816,0.2,0.25,0.1,0.1,0.15,0.1,0.1
arithmetic,290,0.0,a2c_pointer,2,core_learning_training_aware,0.6600768968538717,0.2,0.25,0.1,0.1,0.15,0.1,0.1
geometric,291,1.0,full,1,core_learning_training_aware,0.6157417549069536,0.2,0.25,0.1,0.1,0.15,0.15,0.05
arithmetic,291,1.0,full,1,core_learning_training_aware,0.6634341971035762,0.2,0.25,0.1,0.1,0.15,0.15,0.05
geometric,291,0.0,traditional_ppo,3,core_learning_training_aware,0.5165302451558155,0.2,0.25,0.1,0.1,0.15,0.15,0.05
arithmetic,291,0.0,traditional_ppo,3,core_learning_training_aware,0.591210369101484,0.2,0.25,0.1,0.1,0.15,0.15,0.05
geometric,291,0.0,a2c_pointer,2,core_learning_training_aware,0.6156456443541377,0.2,0.25,0.1,0.1,0.15,0.15,0.05
arithmetic,291,0.0,a2c_pointer,2,core_learning_training_aware,0.6612495201950658,0.2,0.25,0.1,0.1,0.15,0.15,0.05
geometric,292,1.0,full,1,core_learning_training_aware,0.6539468789970859,0.2,0.25,0.1,0.15,0.05,0.05,0.2
arithmetic,292,1.0,full,1,core_learning_training_aware,0.7051290198156194,0.2,0.25,0.1,0.15,0.05,0.05,0.2
geometric,292,0.0,traditional_ppo,3,core_learning_training_aware,0.41727227960648117,0.2,0.25,0.1,0.15,0.05,0.05,0.2
arithmetic,292,0.0,traditional_ppo,3,core_learning_training_aware,0.5034096195803571,0.2,0.25,0.1,0.15,0.05,0.05,0.2
geometric,292,0.0,a2c_pointer,2,core_learning_training_aware,0.651396088649838,0.2,0.25,0.1,0.15,0.05,0.05,0.2
arithmetic,292,0.0,a2c_pointer,2,core_learning_training_aware,0.7001616361864998,0.2,0.25,0.1,0.15,0.05,0.05,0.2
geometric,293,1.0,full,1,core_learning_training_aware,0.6546390101581124,0.2,0.25,0.1,0.15,0.05,0.1,0.15
arithmetic,293,1.0,full,1,core_learning_training_aware,0.7061611196626262,0.2,0.25,0.1,0.15,0.05,0.1,0.15
geometric,293,0.0,traditional_ppo,3,core_learning_training_aware,0.4543588286196383,0.2,0.25,0.1,0.15,0.05,0.1,0.15
arithmetic,293,0.0,traditional_ppo,3,core_learning_training_aware,0.5437392322491923,0.2,0.25,0.1,0.15,0.05,0.1,0.15
geometric,293,0.0,a2c_pointer,2,core_learning_training_aware,0.6521936399927023,0.2,0.25,0.1,0.15,0.05,0.1,0.15
arithmetic,293,0.0,a2c_pointer,2,core_learning_training_aware,0.701334259527694,0.2,0.25,0.1,0.15,0.05,0.1,0.15
geometric,294,1.0,full,1,core_learning_training_aware,0.6553318738641813,0.2,0.25,0.1,0.15,0.05,0.15,0.1
arithmetic,294,1.0,full,1,core_learning_training_aware,0.7071932195096328,0.2,0.25,0.1,0.15,0.05,0.15,0.1
geometric,294,0.0,traditional_ppo,3,core_learning_training_aware,0.49474157578667827,0.2,0.25,0.1,0.15,0.05,0.15,0.1
arithmetic,294,0.0,traditional_ppo,3,core_learning_training_aware,0.5840688449180271,0.2,0.25,0.1,0.15,0.05,0.15,0.1
geometric,294,0.0,a2c_pointer,2,core_learning_training_aware,0.6529921678353579,0.2,0.25,0.1,0.15,0.05,0.15,0.1
arithmetic,294,0.0,a2c_pointer,2,core_learning_training_aware,0.7025068828688882,0.2,0.25,0.1,0.15,0.05,0.15,0.1
geometric,295,1.0,full,1,core_learning_training_aware,0.6560254708906111,0.2,0.25,0.1,0.15,0.05,0.2,0.05
arithmetic,295,1.0,full,1,core_learning_training_aware,0.7082253193566396,0.2,0.25,0.1,0.15,0.05,0.2,0.05
geometric,295,0.0,traditional_ppo,3,core_learning_training_aware,0.538713482371422,0.2,0.25,0.1,0.15,0.05,0.2,0.05
arithmetic,295,0.0,traditional_ppo,3,core_learning_training_aware,0.6243984575868623,0.2,0.25,0.1,0.15,0.05,0.2,0.05
geometric,295,0.0,a2c_pointer,2,core_learning_training_aware,0.6537916733734037,0.2,0.25,0.1,0.15,0.05,0.2,0.05
arithmetic,295,0.0,a2c_pointer,2,core_learning_training_aware,0.7036795062100822,0.2,0.25,0.1,0.15,0.05,0.2,0.05
geometric,296,1.0,full,1,core_learning_training_aware,0.6331442249973472,0.2,0.25,0.1,0.15,0.1,0.05,0.15
arithmetic,296,1.0,full,1,core_learning_training_aware,0.6821452736688813,0.2,0.25,0.1,0.15,0.1,0.05,0.15
geometric,296,0.0,traditional_ppo,3,core_learning_training_aware,0.4444494511961702,0.2,0.25,0.1,0.15,0.1,0.05,0.15
arithmetic,296,0.0,traditional_ppo,3,core_learning_training_aware,0.526153875253599,0.2,0.25,0.1,0.15,0.1,0.05,0.15
geometric,296,0.0,a2c_pointer,2,core_learning_training_aware,0.6318136648407578,0.2,0.25,0.1,0.15,0.1,0.05,0.15
arithmetic,296,0.0,a2c_pointer,2,core_learning_training_aware,0.6785354537824615,0.2,0.25,0.1,0.15,0.1,0.05,0.15
geometric,297,1.0,full,1,core_learning_training_aware,0.6338143388271079,0.2,0.25,0.1,0.15,0.1,0.1,0.1
arithmetic,297,1.0,full,1,core_learning_training_aware,0.683177373515888,0.2,0.25,0.1,0.15,0.1,0.1,0.1
geometric,297,0.0,traditional_ppo,3,core_learning_training_aware,0.4839514674125418,0.2,0.25,0.1,0.15,0.1,0.1,0.1
arithmetic,297,0.0,traditional_ppo,3,core_learning_training_aware,0.566483487922434,0.2,0.25,0.1,0.15,0.1,0.1,0.1
geometric,297,0.0,a2c_pointer,2,core_learning_training_aware,0.6325872400058747,0.2,0.25,0.1,0.15,0.1,0.1,0.1
arithmetic,297,0.0,a2c_pointer,2,core_learning_training_aware,0.6797080771236557,0.2,0.25,0.1,0.15,0.1,0.1,0.1
geometric,298,1.0,full,1,core_learning_training_aware,0.6344851618989765,0.2,0.25,0.1,0.15,0.1,0.15,0.05
arithmetic,298,1.0,full,1,core_learning_training_aware,0.6842094733628947,0.2,0.25,0.1,0.15,0.1,0.15,0.05
geometric,298,0.0,traditional_ppo,3,core_learning_training_aware,0.5269643649697698,0.2,0.25,0.1,0.15,0.1,0.15,0.05
arithmetic,298,0.0,traditional_ppo,3,core_learning_training_aware,0.606813100591269,0.2,0.25,0.1,0.15,0.1,0.15,0.05
geometric,298,0.0,a2c_pointer,2,core_learning_training_aware,0.6333617623150143,0.2,0.25,0.1,0.15,0.1,0.15,0.05
arithmetic,298,0.0,a2c_pointer,2,core_learning_training_aware,0.6808807004648498,0.2,0.25,0.1,0.15,0.1,0.15,0.05
geometric,299,1.0,full,1,core_learning_training_aware,0.6130033226281029,0.2,0.25,0.1,0.15,0.15,0.05,0.1
arithmetic,299,1.0,full,1,core_learning_training_aware,0.659161527522143,0.2,0.25,0.1,0.15,0.15,0.05,0.1
geometric,299,0.0,traditional_ppo,3,core_learning_training_aware,0.4733966868224926,0.2,0.25,0.1,0.15,0.15,0.05,0.1
arithmetic,299,0.0,traditional_ppo,3,core_learning_training_aware,0.5488981309268405,0.2,0.25,0.1,0.15,0.15,0.05,0.1
geometric,299,0.0,a2c_pointer,2,core_learning_training_aware,0.6128199325036104,0.2,0.25,0.1,0.15,0.15,0.05,0.1
arithmetic,299,0.0,a2c_pointer,2,core_learning_training_aware,0.6569092713784229,0.2,0.25,0.1,0.15,0.15,0.05,0.1
geometric,300,1.0,full,1,core_learning_training_aware,0.6136521195182332,0.2,0.25,0.1,0.15,0.15,0.1,0.05
arithmetic,300,1.0,full,1,core_learning_training_aware,0.6601936273691498,0.2,0.25,0.1,0.15,0.15,0.1,0.05
geometric,300,0.0,traditional_ppo,3,core_learning_training_aware,0.5154714909409588,0.2,0.25,0.1,0.15,0.15,0.1,0.05
arithmetic,300,0.0,traditional_ppo,3,core_learning_training_aware,0.5892277435956758,0.2,0.25,0.1,0.15,0.15,0.1,0.05
geometric,300,0.0,a2c_pointer,2,core_learning_training_aware,0.6135702522685254,0.2,0.25,0.1,0.15,0.15,0.1,0.05
arithmetic,300,0.0,a2c_pointer,2,core_learning_training_aware,0.6580818947196172,0.2,0.25,0.1,0.15,0.15,0.1,0.05
geometric,301,1.0,full,1,core_learning_training_aware,0.6563526736016992,0.2,0.25,0.15,0.05,0.05,0.1,0.2
arithmetic,301,1.0,full,1,core_learning_training_aware,0.708621468676222,0.2,0.25,0.15,0.05,0.05,0.1,0.2
geometric,301,0.0,traditional_ppo,3,core_learning_training_aware,0.417740817288533,0.2,0.25,0.15,0.05,0.05,0.1,0.2
arithmetic,301,0.0,traditional_ppo,3,core_learning_training_aware,0.5045204231038439,0.2,0.25,0.15,0.05,0.05,0.1,0.2
geometric,301,0.0,a2c_pointer,2,core_learning_training_aware,0.6543018821897448,0.2,0.25,0.15,0.05,0.05,0.1,0.2
arithmetic,301,0.0,a2c_pointer,2,core_learning_training_aware,0.7043137973012398,0.2,0.25,0.15,0.05,0.05,0.1,0.2
geometric,302,1.0,full,1,core_learning_training_aware,0.6570473510328685,0.2,0.25,0.15,0.05,0.05,0.15,0.15
arithmetic,302,1.0,full,1,core_learning_training_aware,0.7096535685232287,0.2,0.25,0.15,0.05,0.05,0.15,0.15
geometric,302,0.0,traditional_ppo,3,core_learning_training_aware,0.4548690092445819,0.2,0.25,0.15,0.05,0.05,0.15,0.15
arithmetic,302,0.0,traditional_ppo,3,core_learning_training_aware,0.5448500357726789,0.2,0.25,0.15,0.05,0.05,0.15,0.15
geometric,302,0.0,a2c_pointer,2,core_learning_training_aware,0.6551029913057985,0.2,0.25,0.15,0.05,0.05,0.15,0.15
arithmetic,302,0.0,a2c_pointer,2,core_learning_training_aware,0.7054864206424339,0.2,0.25,0.15,0.05,0.05,0.15,0.15
geometric,303,1.0,full,1,core_learning_training_aware,0.6577427637040282,0.2,0.25,0.15,0.05,0.05,0.2,0.1
arithmetic,303,1.0,full,1,core_learning_training_aware,0.7106856683702353,0.2,0.25,0.15,0.05,0.05,0.2,0.1
geometric,303,0.0,traditional_ppo,3,core_learning_training_aware,0.4952971005182814,0.2,0.25,0.15,0.05,0.05,0.2,0.1
arithmetic,303,0.0,traditional_ppo,3,core_learning_training_aware,0.5851796484415138,0.2,0.25,0.15,0.05,0.05,0.2,0.1
geometric,303,0.0,a2c_pointer,2,core_learning_training_aware,0.6559050812776824,0.2,0.25,0.15,0.05,0.05,0.2,0.1
arithmetic,303,0.0,a2c_pointer,2,core_learning_training_aware,0.7066590439836279,0.2,0.25,0.15,0.05,0.05,0.2,0.1
geometric,304,1.0,full,1,core_learning_training_aware,0.6348016210523638,0.2,0.25,0.15,0.05,0.1,0.05,0.2
arithmetic,304,1.0,full,1,core_learning_training_aware,0.6846056226824772,0.2,0.25,0.15,0.05,0.1,0.05,0.2
geometric,304,0.0,traditional_ppo,3,core_learning_training_aware,0.4086300634900953,0.2,0.25,0.15,0.05,0.1,0.05,0.2
arithmetic,304,0.0,traditional_ppo,3,core_learning_training_aware,0.48693506610825055,0.2,0.25,0.15,0.05,0.1,0.05,0.2
geometric,304,0.0,a2c_pointer,2,core_learning_training_aware,0.6338560279476724,0.2,0.25,0.15,0.05,0.1,0.05,0.2
arithmetic,304,0.0,a2c_pointer,2,core_learning_training_aware,0.6815149915560073,0.2,0.25,0.15,0.05,0.1,0.05,0.2
geometric,305,1.0,full,1,core_learning_training_aware,0.6354734890543556,0.2,0.25,0.15,0.05,0.1,0.1,0.15
arithmetic,305,1.0,full,1,core_learning_training_aware,0.6856377225294839,0.2,0.25,0.15,0.05,0.1,0.1,0.15
geometric,305,0.0,traditional_ppo,3,core_learning_training_aware,0.4449485049934871,0.2,0.25,0.15,0.05,0.1,0.1,0.15
arithmetic,305,0.0,traditional_ppo,3,core_learning_training_aware,0.5272646787770856,0.2,0.25,0.15,0.05,0.1,0.1,0.15
geometric,305,0.0,a2c_pointer,2,core_learning_training_aware,0.6346321037256528,0.2,0.25,0.15,0.05,0.1,0.1,0.15
arithmetic,305,0.0,a2c_pointer,2,core_learning_training_aware,0.6826876148972013,0.2,0.25,0.15,0.05,0.1,0.1,0.15
geometric,306,1.0,full,1,core_learning_training_aware,0.6361460681550548,0.2,0.25,0.15,0.05,0.1,0.15,0.1
arithmetic,306,1.0,full,1,core_learning_training_aware,0.6866698223764905,0.2,0.25,0.15,0.05,0.1,0.15,0.1
geometric,306,0.0,traditional_ppo,3,core_learning_training_aware,0.4844948763803768,0.2,0.25,0.15,0.05,0.1,0.15,0.1
arithmetic,306,0.0,traditional_ppo,3,core_learning_training_aware,0.5675942914459206,0.2,0.25,0.15,0.05,0.1,0.15,0.1
geometric,306,0.0,a2c_pointer,2,core_learning_training_aware,0.635409129709337,0.2,0.25,0.15,0.05,0.1,0.15,0.1
arithmetic,306,0.0,a2c_pointer,2,core_learning_training_aware,0.6838602382383956,0.2,0.25,0.15,0.05,0.1,0.15,0.1
geometric,307,1.0,full,1,core_learning_training_aware,0.6368193591070812,0.2,0.25,0.15,0.05,0.1,0.2,0.05
arithmetic,307,1.0,full,1,core_learning_training_aware,0.6877019222234972,0.2,0.25,0.15,0.05,0.1,0.2,0.05
geometric,307,0.0,traditional_ppo,3,core_learning_training_aware,0.5275560713307094,0.2,0.25,0.15,0.05,0.1,0.2,0.05
arithmetic,307,0.0,traditional_ppo,3,core_learning_training_aware,0.6079239041147557,0.2,0.25,0.15,0.05,0.1,0.2,0.05
geometric,307,0.0,a2c_pointer,2,core_learning_training_aware,0.6361871070621307,0.2,0.25,0.15,0.05,0.1,0.2,0.05
arithmetic,307,0.0,a2c_pointer,2,core_learning_training_aware,0.6850328615795896,0.2,0.25,0.15,0.05,0.1,0.2,0.05
geometric,308,0.0,full,2,core_learning_training_aware,0.6146079953843616,0.2,0.25,0.15,0.05,0.15,0.05,0.15
arithmetic,308,1.0,full,1,core_learning_training_aware,0.6616218765357389,0.2,0.25,0.15,0.05,0.15,0.05,0.15
geometric,308,0.0,traditional_ppo,3,core_learning_training_aware,0.4352443628215752,0.2,0.25,0.15,0.05,0.15,0.05,0.15
arithmetic,308,0.0,traditional_ppo,3,core_learning_training_aware,0.5096793217814923,0.2,0.25,0.15,0.05,0.15,0.05,0.15
geometric,308,1.0,a2c_pointer,1,core_learning_training_aware,0.6148008976061025,0.2,0.25,0.15,0.05,0.15,0.05,0.15
arithmetic,308,0.0,a2c_pointer,2,core_learning_training_aware,0.6598888091519688,0.2,0.25,0.15,0.05,0.15,0.05,0.15
geometric,309,0.0,full,2,core_learning_training_aware,0.615258490644885,0.2,0.25,0.15,0.05,0.15,0.1,0.1
arithmetic,309,1.0,full,1,core_learning_training_aware,0.6626539763827457,0.2,0.25,0.15,0.05,0.15,0.1,0.1
geometric,309,0.0,traditional_ppo,3,core_learning_training_aware,0.47392824426633723,0.2,0.25,0.15,0.05,0.15,0.1,0.1
arithmetic,309,0.0,traditional_ppo,3,core_learning_training_aware,0.5500089344503273,0.2,0.25,0.15,0.05,0.15,0.1,0.1
geometric,309,1.0,a2c_pointer,1,core_learning_training_aware,0.6155536428098637,0.2,0.25,0.15,0.05,0.15,0.1,0.1
arithmetic,309,0.0,a2c_pointer,2,core_learning_training_aware,0.661061432493163,0.2,0.25,0.15,0.05,0.15,0.1,0.1
geometric,310,0.0,full,2,core_learning_training_aware,0.6159096743834092,0.2,0.25,0.15,0.05,0.15,0.15,0.05
arithmetic,310,1.0,full,1,core_learning_training_aware,0.6636860762297523,0.2,0.25,0.15,0.05,0.15,0.15,0.05
geometric,310,0.0,traditional_ppo,3,core_learning_training_aware,0.5160502924318153,0.2,0.25,0.15,0.05,0.15,0.15,0.05
arithmetic,310,0.0,traditional_ppo,3,core_learning_training_aware,0.5903385471191623,0.2,0.25,0.15,0.05,0.15,0.15,0.05
geometric,310,1.0,a2c_pointer,1,core_learning_training_aware,0.6163073096540193,0.2,0.25,0.15,0.05,0.15,0.15,0.05
arithmetic,310,0.0,a2c_pointer,2,core_learning_training_aware,0.6622340558343571,0.2,0.25,0.15,0.05,0.15,0.15,0.05
geometric,311,1.0,full,1,core_learning_training_aware,0.6541252174265911,0.2,0.25,0.15,0.1,0.05,0.05,0.2
arithmetic,311,1.0,full,1,core_learning_training_aware,0.7053808989417956,0.2,0.25,0.15,0.1,0.05,0.05,0.2
geometric,311,0.0,traditional_ppo,3,core_learning_training_aware,0.4168845560043783,0.2,0.25,0.15,0.1,0.05,0.05,0.2
arithmetic,311,0.0,traditional_ppo,3,core_learning_training_aware,0.5025377975980356,0.2,0.25,0.15,0.1,0.05,0.05,0.2
geometric,311,0.0,a2c_pointer,2,core_learning_training_aware,0.6520961767480659,0.2,0.25,0.15,0.1,0.05,0.05,0.2
arithmetic,311,0.0,a2c_pointer,2,core_learning_training_aware,0.7011461718257913,0.2,0.25,0.15,0.1,0.05,0.05,0.2
geometric,312,1.0,full,1,core_learning_training_aware,0.6548175373393165,0.2,0.25,0.15,0.1,0.05,0.1,0.15
arithmetic,312,1.0,full,1,core_learning_training_aware,0.7064129987888024,0.2,0.25,0.15,0.1,0.05,0.1,0.15
geometric,312,0.0,traditional_ppo,3,core_learning_training_aware,0.4539366447116975,0.2,0.25,0.15,0.1,0.05,0.1,0.15
arithmetic,312,0.0,traditional_ppo,3,core_learning_training_aware,0.5428674102668707,0.2,0.25,0.15,0.1,0.05,0.1,0.15
geometric,312,0.0,a2c_pointer,2,core_learning_training_aware,0.652894585259422,0.2,0.25,0.15,0.1,0.05,0.1,0.15
arithmetic,312,0.0,a2c_pointer,2,core_learning_training_aware,0.7023187951669855,0.2,0.25,0.15,0.1,0.05,0.1,0.15
geometric,313,1.0,full,1,core_learning_training_aware,0.655510589996857,0.2,0.25,0.15,0.1,0.05,0.15,0.1
arithmetic,313,1.0,full,1,core_learning_training_aware,0.707445098635809,0.2,0.25,0.15,0.1,0.05,0.15,0.1
geometric,313,0.0,traditional_ppo,3,core_learning_training_aware,0.4942818687913922,0.2,0.25,0.15,0.1,0.05,0.15,0.1
arithmetic,313,0.0,traditional_ppo,3,core_learning_training_aware,0.5831970229357056,0.2,0.25,0.15,0.1,0.05,0.15,0.1
geometric,313,0.0,a2c_pointer,2,core_learning_training_aware,0.6536939713200627,0.2,0.25,0.15,0.1,0.05,0.15,0.1
arithmetic,313,0.0,a2c_pointer,2,core_learning_training_aware,0.7034914185081795,0.2,0.25,0.15,0.1,0.05,0.15,0.1
geometric,314,1.0,full,1,core_learning_training_aware,0.6562043761747429,0.2,0.25,0.15,0.1,0.05,0.2,0.05
arithmetic,314,1.0,full,1,core_learning_training_aware,0.7084771984828158,0.2,0.25,0.15,0.1,0.05,0.2,0.05
geometric,314,0.0,traditional_ppo,3,core_learning_training_aware,0.5382129172917492,0.2,0.25,0.15,0.1,0.05,0.2,0.05
arithmetic,314,0.0,traditional_ppo,3,core_learning_training_aware,0.6235266356045408,0.2,0.25,0.15,0.1,0.05,0.2,0.05
geometric,314,0.0,a2c_pointer,2,core_learning_training_aware,0.6544943361268721,0.2,0.25,0.15,0.1,0.05,0.2,0.05
arithmetic,314,0.0,a2c_pointer,2,core_learning_training_aware,0.7046640418493737,0.2,0.25,0.15,0.1,0.05,0.2,0.05
geometric,315,1.0,full,1,core_learning_training_aware,0.633316890316753,0.2,0.25,0.15,0.1,0.1,0.05,0.15
arithmetic,315,1.0,full,1,core_learning_training_aware,0.6823971527950574,0.2,0.25,0.15,0.1,0.1,0.05,0.15
geometric,315,0.0,traditional_ppo,3,core_learning_training_aware,0.4440364749439904,0.2,0.25,0.15,0.1,0.1,0.05,0.15
arithmetic,315,0.0,traditional_ppo,3,core_learning_training_aware,0.5252820532712774,0.2,0.25,0.15,0.1,0.1,0.05,0.15
geometric,315,0.0,a2c_pointer,2,core_learning_training_aware,0.632492706724429,0.2,0.25,0.15,0.1,0.1,0.05,0.15
arithmetic,315,0.0,a2c_pointer,2,core_learning_training_aware,0.6795199894217528,0.2,0.25,0.15,0.1,0.1,0.05,0.15
geometric,316,1.0,full,1,core_learning_training_aware,0.6339871868938464,0.2,0.25,0.15,0.1,0.1,0.1,0.1
arithmetic,316,1.0,full,1,core_learning_training_aware,0.6834292526420643,0.2,0.25,0.15,0.1,0.1,0.1,0.1
geometric,316,0.0,traditional_ppo,3,core_learning_training_aware,0.4835017864359739,0.2,0.25,0.15,0.1,0.1,0.1,0.1
arithmetic,316,0.0,traditional_ppo,3,core_learning_training_aware,0.5656116659401125,0.2,0.25,0.15,0.1,0.1,0.1,0.1
geometric,316,0.0,a2c_pointer,2,core_learning_training_aware,0.633267113289635,0.2,0.25,0.15,0.1,0.1,0.1,0.1
arithmetic,316,0.0,a2c_pointer,2,core_learning_training_aware,0.6806926127629472,0.2,0.25,0.15,0.1,0.1,0.1,0.1
geometric,317,1.0,full,1,core_learning_training_aware,0.634658192906466,0.2,0.25,0.15,0.1,0.1,0.15,0.05
arithmetic,317,1.0,full,1,core_learning_training_aware,0.6844613524890708,0.2,0.25,0.15,0.1,0.1,0.15,0.05
geometric,317,0.0,traditional_ppo,3,core_learning_training_aware,0.5264747170066735,0.2,0.25,0.15,0.1,0.1,0.15,0.05
arithmetic,317,0.0,traditional_ppo,3,core_learning_training_aware,0.6059412786089474,0.2,0.25,0.15,0.1,0.1,0.15,0.05
geometric,317,0.0,a2c_pointer,2,core_learning_training_aware,0.634042468016807,0.2,0.25,0.15,0.1,0.1,0.15,0.05
arithmetic,317,0.0,a2c_pointer,2,core_learning_training_aware,0.6818652361041412,0.2,0.25,0.15,0.1,0.1,0.15,0.05
geometric,318,0.0,full,2,core_learning_training_aware,0.613170495304279,0.2,0.25,0.15,0.1,0.15,0.05,0.1
arithmetic,318,1.0,full,1,core_learning_training_aware,0.6594134066483193,0.2,0.25,0.15,0.1,0.15,0.05,0.1
geometric,318,0.0,traditional_ppo,3,core_learning_training_aware,0.4729568132013369,0.2,0.25,0.15,0.1,0.15,0.05,0.1
arithmetic,318,0.0,traditional_ppo,3,core_learning_training_aware,0.548026308944519,0.2,0.25,0.15,0.1,0.15,0.05,0.1
geometric,318,1.0,a2c_pointer,1,core_learning_training_aware,0.6134785608690215,0.2,0.25,0.15,0.1,0.15,0.05,0.1
arithmetic,318,0.0,a2c_pointer,2,core_learning_training_aware,0.6578938070177145,0.2,0.25,0.15,0.1,0.15,0.05,0.1
geometric,319,0.0,full,2,core_learning_training_aware,0.6138194691283809,0.2,0.25,0.15,0.1,0.15,0.1,0.05
arithmetic,319,1.0,full,1,core_learning_training_aware,0.6604455064953261,0.2,0.25,0.15,0.1,0.15,0.1,0.05
geometric,319,0.0,traditional_ppo,3,core_learning_training_aware,0.5149925219966583,0.2,0.25,0.15,0.1,0.15,0.1,0.05
arithmetic,319,0.0,traditional_ppo,3,core_learning_training_aware,0.5883559216133541,0.2,0.25,0.15,0.1,0.15,0.1,0.05
geometric,319,1.0,a2c_pointer,1,core_learning_training_aware,0.6142296870402788,0.2,0.25,0.15,0.1,0.15,0.1,0.05
arithmetic,319,0.0,a2c_pointer,2,core_learning_training_aware,0.6590664303589087,0.2,0.25,0.15,0.1,0.15,0.1,0.05
geometric,320,1.0,full,1,core_learning_training_aware,0.6525952909376805,0.2,0.25,0.15,0.15,0.05,0.05,0.15
arithmetic,320,1.0,full,1,core_learning_training_aware,0.7031724290543759,0.2,0.25,0.15,0.15,0.05,0.05,0.15
geometric,320,0.0,traditional_ppo,3,core_learning_training_aware,0.4530061912864167,0.2,0.25,0.15,0.15,0.05,0.05,0.15
arithmetic,320,0.0,traditional_ppo,3,core_learning_training_aware,0.5408847847610624,0.2,0.25,0.15,0.15,0.05,0.05,0.15
geometric,320,0.0,a2c_pointer,2,core_learning_training_aware,0.6506936239314035,0.2,0.25,0.15,0.15,0.05,0.05,0.15
arithmetic,320,0.0,a2c_pointer,2,core_learning_training_aware,0.6991511696915369,0.2,0.25,0.15,0.15,0.05,0.05,0.15
geometric,321,1.0,full,1,core_learning_training_aware,0.6532859915907518,0.2,0.25,0.15,0.15,0.05,0.1,0.1
arithmetic,321,1.0,full,1,core_learning_training_aware,0.7042045289013827,0.2,0.25,0.15,0.15,0.05,0.1,0.1
geometric,321,0.0,traditional_ppo,3,core_learning_training_aware,0.49326871802855116,0.2,0.25,0.15,0.15,0.05,0.1,0.1
arithmetic,321,0.0,traditional_ppo,3,core_learning_training_aware,0.5812143974298974,0.2,0.25,0.15,0.15,0.05,0.1,0.1
geometric,321,0.0,a2c_pointer,2,core_learning_training_aware,0.6514903151959079,0.2,0.25,0.15,0.15,0.05,0.1,0.1
arithmetic,321,0.0,a2c_pointer,2,core_learning_training_aware,0.7003237930327311,0.2,0.25,0.15,0.15,0.05,0.1,0.1
geometric,322,1.0,full,1,core_learning_training_aware,0.6539774232748292,0.2,0.25,0.15,0.15,0.05,0.15,0.05
arithmetic,322,1.0,full,1,core_learning_training_aware,0.7052366287483893,0.2,0.25,0.15,0.15,0.05,0.15,0.05
geometric,322,0.0,traditional_ppo,3,core_learning_training_aware,0.5371097191731165,0.2,0.25,0.15,0.15,0.05,0.15,0.05
arithmetic,322,0.0,traditional_ppo,3,core_learning_training_aware,0.6215440100987325,0.2,0.25,0.15,0.15,0.05,0.15,0.05
geometric,322,0.0,a2c_pointer,2,core_learning_training_aware,0.6522879819071475,0.2,0.25,0.15,0.15,0.05,0.15,0.05
arithmetic,322,0.0,a2c_pointer,2,core_learning_training_aware,0.7014964163739252,0.2,0.25,0.15,0.15,0.05,0.15,0.05
geometric,323,1.0,full,1,core_learning_training_aware,0.6318356322020117,0.2,0.25,0.15,0.15,0.1,0.05,0.1
arithmetic,323,1.0,full,1,core_learning_training_aware,0.6801886829076377,0.2,0.25,0.15,0.15,0.1,0.05,0.1
geometric,323,0.0,traditional_ppo,3,core_learning_training_aware,0.4825107320706573,0.2,0.25,0.15,0.15,0.1,0.05,0.1
arithmetic,323,0.0,traditional_ppo,3,core_learning_training_aware,0.5636290404343041,0.2,0.25,0.15,0.15,0.1,0.05,0.1
geometric,323,0.0,a2c_pointer,2,core_learning_training_aware,0.6311323177834008,0.2,0.25,0.15,0.15,0.1,0.05,0.1
arithmetic,323,0.0,a2c_pointer,2,core_learning_training_aware,0.6775249872874984,0.2,0.25,0.15,0.15,0.1,0.05,0.1
geometric,324,1.0,full,1,core_learning_training_aware,0.6325043610295957,0.2,0.25,0.15,0.15,0.1,0.1,0.05
arithmetic,324,1.0,full,1,core_learning_training_aware,0.6812207827546444,0.2,0.25,0.15,0.15,0.1,0.1,0.05
geometric,324,0.0,traditional_ppo,3,core_learning_training_aware,0.5253955791810112,0.2,0.25,0.15,0.15,0.1,0.1,0.05
arithmetic,324,0.0,traditional_ppo,3,core_learning_training_aware,0.6039586531031392,0.2,0.25,0.15,0.15,0.1,0.1,0.05
geometric,324,0.0,a2c_pointer,2,core_learning_training_aware,0.6319050587260376,0.2,0.25,0.15,0.15,0.1,0.1,0.05
arithmetic,324,0.0,a2c_pointer,2,core_learning_training_aware,0.6786976106286926,0.2,0.25,0.15,0.15,0.1,0.1,0.05
geometric,325,0.0,full,2,core_learning_training_aware,0.6117363573777899,0.2,0.25,0.15,0.15,0.15,0.05,0.05
arithmetic,325,1.0,full,1,core_learning_training_aware,0.6572049367608995,0.2,0.25,0.15,0.15,0.15,0.05,0.05
geometric,325,0.0,traditional_ppo,3,core_learning_training_aware,0.5139369197189658,0.2,0.25,0.15,0.15,0.15,0.05,0.05
arithmetic,325,0.0,traditional_ppo,3,core_learning_training_aware,0.5863732961075458,0.2,0.25,0.15,0.15,0.15,0.05,0.05
geometric,325,1.0,a2c_pointer,1,core_learning_training_aware,0.6121590682631918,0.2,0.25,0.15,0.15,0.15,0.05,0.05
arithmetic,325,0.0,a2c_pointer,2,core_learning_training_aware,0.6558988048834601,0.2,0.25,0.15,0.15,0.15,0.05,0.05
geometric,326,1.0,full,1,core_learning_training_aware,0.6543036044909268,0.2,0.25,0.2,0.05,0.05,0.05,0.2
arithmetic,326,1.0,full,1,core_learning_training_aware,0.7056327780679716,0.2,0.25,0.2,0.05,0.05,0.05,0.2
geometric,326,0.0,traditional_ppo,3,core_learning_training_aware,0.41649719266965723,0.2,0.25,0.2,0.05,0.05,0.05,0.2
arithmetic,326,0.0,traditional_ppo,3,core_learning_training_aware,0.5016659756157139,0.2,0.25,0.2,0.05,0.05,0.05,0.2
geometric,326,0.0,a2c_pointer,2,core_learning_training_aware,0.6527970172661408,0.2,0.25,0.2,0.05,0.05,0.05,0.2
arithmetic,326,0.0,a2c_pointer,2,core_learning_training_aware,0.7021307074650825,0.2,0.25,0.2,0.05,0.05,0.05,0.2
geometric,327,1.0,full,1,core_learning_training_aware,0.6549961132068254,0.2,0.25,0.2,0.05,0.05,0.1,0.15
arithmetic,327,1.0,full,1,core_learning_training_aware,0.7066648779149785,0.2,0.25,0.2,0.05,0.05,0.1,0.15
geometric,327,0.0,traditional_ppo,3,core_learning_training_aware,0.4535148530911756,0.2,0.25,0.2,0.05,0.05,0.1,0.15
arithmetic,327,0.0,traditional_ppo,3,core_learning_training_aware,0.5419955882845491,0.2,0.25,0.2,0.05,0.05,0.1,0.15
geometric,327,0.0,a2c_pointer,2,core_learning_training_aware,0.6535962838672307,0.2,0.25,0.2,0.05,0.05,0.1,0.15
arithmetic,327,0.0,a2c_pointer,2,core_learning_training_aware,0.7033033308062767,0.2,0.25,0.2,0.05,0.05,0.1,0.15
geometric,328,1.0,full,1,core_learning_training_aware,0.6556893548673669,0.2,0.25,0.2,0.05,0.05,0.15,0.1
arithmetic,328,1.0,full,1,core_learning_training_aware,0.707696977761985,0.2,0.25,0.2,0.05,0.05,0.15,0.1
geometric,328,0.0,traditional_ppo,3,core_learning_training_aware,0.49382258894945635,0.2,0.25,0.2,0.05,0.05,0.15,0.1
arithmetic,328,0.0,traditional_ppo,3,core_learning_training_aware,0.5823252009533839,0.2,0.25,0.2,0.05,0.05,0.15,0.1
geometric,328,0.0,a2c_pointer,2,core_learning_training_aware,0.6543965290682265,0.2,0.25,0.2,0.05,0.05,0.15,0.1
arithmetic,328,0.0,a2c_pointer,2,core_learning_training_aware,0.7044759541474709,0.2,0.25,0.2,0.05,0.05,0.15,0.1
geometric,329,1.0,full,1,core_learning_training_aware,0.6563833302482925,0.2,0.25,0.2,0.05,0.05,0.2,0.05
arithmetic,329,1.0,full,1,core_learning_training_aware,0.7087290776089917,0.2,0.25,0.2,0.05,0.05,0.2,0.05
geometric,329,0.0,traditional_ppo,3,core_learning_training_aware,0.5377128173301909,0.2,0.25,0.2,0.05,0.05,0.2,0.05
arithmetic,329,0.0,traditional_ppo,3,core_learning_training_aware,0.6226548136222191,0.2,0.25,0.2,0.05,0.05,0.2,0.05
geometric,329,0.0,a2c_pointer,2,core_learning_training_aware,0.6551977540672989,0.2,0.25,0.2,0.05,0.05,0.2,0.05
arithmetic,329,0.0,a2c_pointer,2,core_learning_training_aware,0.7056485774886649,0.2,0.25,0.2,0.05,0.05,0.2,0.05
geometric,330,1.0,full,1,core_learning_training_aware,0.63348960272387,0.2,0.25,0.2,0.05,0.1,0.05,0.15
arithmetic,330,1.0,full,1,core_learning_training_aware,0.6826490319212336,0.2,0.25,0.2,0.05,0.1,0.05,0.15
geometric,330,0.0,traditional_ppo,3,core_learning_training_aware,0.4436238824236038,0.2,0.25,0.2,0.05,0.1,0.05,0.15
arithmetic,330,0.0,traditional_ppo,3,core_learning_training_aware,0.5244102312889558,0.2,0.25,0.2,0.05,0.1,0.05,0.15
geometric,330,0.0,a2c_pointer,2,core_learning_training_aware,0.6331724784085231,0.2,0.25,0.2,0.05,0.1,0.05,0.15
arithmetic,330,0.0,a2c_pointer,2,core_learning_training_aware,0.6805045250610442,0.2,0.25,0.2,0.05,0.1,0.05,0.15
geometric,331,1.0,full,1,core_learning_training_aware,0.6341600820981337,0.2,0.25,0.2,0.05,0.1,0.1,0.1
arithmetic,331,1.0,full,1,core_learning_training_aware,0.6836811317682403,0.2,0.25,0.2,0.05,0.1,0.1,0.1
geometric,331,0.0,traditional_ppo,3,core_learning_training_aware,0.48305252329671894,0.2,0.25,0.2,0.05,0.1,0.1,0.1
arithmetic,331,0.0,traditional_ppo,3,core_learning_training_aware,0.5647398439577908,0.2,0.25,0.2,0.05,0.1,0.1,0.1
geometric,331,0.0,a2c_pointer,2,core_learning_training_aware,0.6339477172673657,0.2,0.25,0.2,0.05,0.1,0.1,0.1
arithmetic,331,0.0,a2c_pointer,2,core_learning_training_aware,0.6816771484022384,0.2,0.25,0.2,0.05,0.1,0.1,0.1
geometric,332,1.0,full,1,core_learning_training_aware,0.634831271101394,0.2,0.25,0.2,0.05,0.1,0.15,0.05
arithmetic,332,1.0,full,1,core_learning_training_aware,0.684713231615247,0.2,0.25,0.2,0.05,0.1,0.15,0.05
geometric,332,0.0,traditional_ppo,3,core_learning_training_aware,0.5259855240176582,0.2,0.25,0.2,0.05,0.1,0.15,0.05
arithmetic,332,0.0,traditional_ppo,3,core_learning_training_aware,0.6050694566266258,0.2,0.25,0.2,0.05,0.1,0.15,0.05
geometric,332,0.0,a2c_pointer,2,core_learning_training_aware,0.6347239053072116,0.2,0.25,0.2,0.05,0.1,0.15,0.05
arithmetic,332,0.0,a2c_pointer,2,core_learning_training_aware,0.6828497717434325,0.2,0.25,0.2,0.05,0.1,0.15,0.05
geometric,333,0.0,full,2,core_learning_training_aware,0.6133377135702632,0.2,0.25,0.2,0.05,0.15,0.05,0.1
arithmetic,333,1.0,full,1,core_learning_training_aware,0.6596652857744952,0.2,0.25,0.2,0.05,0.15,0.05,0.1
geometric,333,0.0,traditional_ppo,3,core_learning_training_aware,0.4725173483046359,0.2,0.25,0.2,0.05,0.15,0.05,0.1
arithmetic,333,0.0,traditional_ppo,3,core_learning_training_aware,0.5471544869621973,0.2,0.25,0.2,0.05,0.15,0.05,0.1
geometric,333,1.0,a2c_pointer,1,core_learning_training_aware,0.6141378970954221,0.2,0.25,0.2,0.05,0.15,0.05,0.1
arithmetic,333,0.0,a2c_pointer,2,core_learning_training_aware,0.6588783426570056,0.2,0.25,0.2,0.05,0.15,0.05,0.1
geometric,334,0.0,full,2,core_learning_training_aware,0.6139868643765883,0.2,0.25,0.2,0.05,0.15,0.1,0.05
arithmetic,334,1.0,full,1,core_learning_training_aware,0.6606973856215022,0.2,0.25,0.2,0.05,0.15,0.1,0.05
geometric,334,0.0,traditional_ppo,3,core_learning_training_aware,0.5145139981036433,0.2,0.25,0.2,0.05,0.15,0.1,0.05
arithmetic,334,0.0,traditional_ppo,3,core_learning_training_aware,0.5874840996310325,0.2,0.25,0.2,0.05,0.15,0.1,0.05
geometric,334,1.0,a2c_pointer,1,core_learning_training_aware,0.614889830539707,0.2,0.25,0.2,0.05,0.15,0.1,0.05
arithmetic,334,0.0,a2c_pointer,2,core_learning_training_aware,0.6600509659981999,0.2,0.25,0.2,0.05,0.15,0.1,0.05
geometric,335,1.0,full,1,core_learning_training_aware,0.6527732607744154,0.2,0.25,0.2,0.1,0.05,0.05,0.15
arithmetic,335,1.0,full,1,core_learning_training_aware,0.7034243081805521,0.2,0.25,0.2,0.1,0.05,0.05,0.15
geometric,335,0.0,traditional_ppo,3,core_learning_training_aware,0.45258526423028417,0.2,0.25,0.2,0.1,0.05,0.05,0.15
arithmetic,335,0.0,traditional_ppo,3,core_learning_training_aware,0.5400129627787408,0.2,0.25,0.2,0.1,0.05,0.05,0.15
geometric,335,0.0,a2c_pointer,2,core_learning_training_aware,0.6513929570555115,0.2,0.25,0.2,0.1,0.05,0.05,0.15
arithmetic,335,0.0,a2c_pointer,2,core_learning_training_aware,0.7001357053308283,0.2,0.25,0.2,0.1,0.05,0.05,0.15
geometric,336,1.0,full,1,core_learning_training_aware,0.6534641497890703,0.2,0.25,0.2,0.1,0.05,0.1,0.1
arithmetic,336,1.0,full,1,core_learning_training_aware,0.7044564080275588,0.2,0.25,0.2,0.1,0.05,0.1,0.1
geometric,336,0.0,traditional_ppo,3,core_learning_training_aware,0.4928103795922211,0.2,0.25,0.2,0.1,0.05,0.1,0.1
arithmetic,336,0.0,traditional_ppo,3,core_learning_training_aware,0.5803425754475758,0.2,0.25,0.2,0.1,0.05,0.1,0.1
geometric,336,0.0,a2c_pointer,2,core_learning_training_aware,0.6521905045641383,0.2,0.25,0.2,0.1,0.05,0.1,0.1
arithmetic,336,0.0,a2c_pointer,2,core_learning_training_aware,0.7013083286720225,0.2,0.25,0.2,0.1,0.05,0.1,0.1
geometric,337,1.0,full,1,core_learning_training_aware,0.6541557700340914,0.2,0.25,0.2,0.1,0.05,0.15,0.05
arithmetic,337,1.0,full,1,core_learning_training_aware,0.7054885078745656,0.2,0.25,0.2,0.1,0.05,0.15,0.05
geometric,337,0.0,traditional_ppo,3,core_learning_training_aware,0.5366106442879152,0.2,0.25,0.2,0.1,0.05,0.15,0.05
arithmetic,337,0.0,traditional_ppo,3,core_learning_training_aware,0.6206721881164109,0.2,0.25,0.2,0.1,0.05,0.15,0.05
geometric,337,0.0,a2c_pointer,2,core_learning_training_aware,0.6529890285678619,0.2,0.25,0.2,0.1,0.05,0.15,0.05
arithmetic,337,0.0,a2c_pointer,2,core_learning_training_aware,0.7024809520132166,0.2,0.25,0.2,0.1,0.05,0.15,0.05
geometric,338,1.0,full,1,core_learning_training_aware,0.6320079406539232,0.2,0.25,0.2,0.1,0.1,0.05,0.1
arithmetic,338,1.0,full,1,core_learning_training_aware,0.6804405620338139,0.2,0.25,0.2,0.1,0.1,0.05,0.1
geometric,338,0.0,traditional_ppo,3,core_learning_training_aware,0.4820623898053428,0.2,0.25,0.2,0.1,0.1,0.05,0.1
arithmetic,338,0.0,traditional_ppo,3,core_learning_training_aware,0.5627572184519825,0.2,0.25,0.2,0.1,0.1,0.05,0.1
geometric,338,0.0,a2c_pointer,2,core_learning_training_aware,0.6318106273891632,0.2,0.25,0.2,0.1,0.1,0.05,0.1
arithmetic,338,0.0,a2c_pointer,2,core_learning_training_aware,0.6785095229267899,0.2,0.25,0.2,0.1,0.1,0.05,0.1
geometric,339,1.0,full,1,core_learning_training_aware,0.632676851851135,0.2,0.25,0.2,0.1,0.1,0.1,0.05
arithmetic,339,1.0,full,1,core_learning_training_aware,0.6814726618808207,0.2,0.25,0.2,0.1,0.1,0.1,0.05
geometric,339,0.0,traditional_ppo,3,core_learning_training_aware,0.5249073889118634,0.2,0.25,0.2,0.1,0.1,0.1,0.05
arithmetic,339,0.0,traditional_ppo,3,core_learning_training_aware,0.6030868311208176,0.2,0.25,0.2,0.1,0.1,0.1,0.05
geometric,339,0.0,a2c_pointer,2,core_learning_training_aware,0.6325841988353084,0.2,0.25,0.2,0.1,0.1,0.1,0.05
arithmetic,339,0.0,a2c_pointer,2,core_learning_training_aware,0.6796821462679841,0.2,0.25,0.2,0.1,0.1,0.1,0.05
geometric,340,0.0,full,2,core_learning_training_aware,0.6119031845387565,0.2,0.25,0.2,0.1,0.15,0.05,0.05
arithmetic,340,1.0,full,1,core_learning_training_aware,0.6574568158870757,0.2,0.25,0.2,0.1,0.15,0.05,0.05
geometric,340,0.0,traditional_ppo,3,core_learning_training_aware,0.5134593766769142,0.2,0.25,0.2,0.1,0.15,0.05,0.05
arithmetic,340,0.0,traditional_ppo,3,core_learning_training_aware,0.5855014741252242,0.2,0.25,0.2,0.1,0.15,0.05,0.05
geometric,340,1.0,a2c_pointer,1,core_learning_training_aware,0.6128169863646064,0.2,0.25,0.2,0.1,0.15,0.05,0.05
arithmetic,340,0.0,a2c_pointer,2,core_learning_training_aware,0.6568833405227514,0.2,0.25,0.2,0.1,0.15,0.05,0.05
geometric,341,1.0,full,1,core_learning_training_aware,0.651246496362488,0.2,0.25,0.2,0.15,0.05,0.05,0.1
arithmetic,341,1.0,full,1,core_learning_training_aware,0.7012158382931324,0.2,0.25,0.2,0.15,0.05,0.05,0.1
geometric,341,0.0,traditional_ppo,3,core_learning_training_aware,0.4918002450039534,0.2,0.25,0.2,0.15,0.05,0.05,0.1
arithmetic,341,0.0,traditional_ppo,3,core_learning_training_aware,0.5783599499417674,0.2,0.25,0.2,0.15,0.05,0.05,0.1
geometric,341,0.0,a2c_pointer,2,core_learning_training_aware,0.6499919167500333,0.2,0.25,0.2,0.15,0.05,0.05,0.1
arithmetic,341,0.0,a2c_pointer,2,core_learning_training_aware,0.6981407031965737,0.2,0.25,0.2,0.15,0.05,0.05,0.1
geometric,342,1.0,full,1,core_learning_training_aware,0.6519357694642008,0.2,0.25,0.2,0.15,0.05,0.1,0.05
arithmetic,342,1.0,full,1,core_learning_training_aware,0.7022479381401392,0.2,0.25,0.2,0.15,0.05,0.1,0.05
geometric,342,0.0,traditional_ppo,3,core_learning_training_aware,0.5355107304170336,0.2,0.25,0.2,0.15,0.05,0.1,0.05
arithmetic,342,0.0,traditional_ppo,3,core_learning_training_aware,0.6186895626106027,0.2,0.25,0.2,0.15,0.05,0.1,0.05
geometric,342,0.0,a2c_pointer,2,core_learning_training_aware,0.6507877488636853,0.2,0.25,0.2,0.15,0.05,0.1,0.05
arithmetic,342,0.0,a2c_pointer,2,core_learning_training_aware,0.699313326537768,0.2,0.25,0.2,0.15,0.05,0.1,0.05
geometric,343,1.0,full,1,core_learning_training_aware,0.6305297440275766,0.2,0.25,0.2,0.15,0.1,0.05,0.05
arithmetic,343,1.0,full,1,core_learning_training_aware,0.6782320921463942,0.2,0.25,0.2,0.15,0.1,0.05,0.05
geometric,343,0.0,traditional_ppo,3,core_learning_training_aware,0.5238314637058725,0.2,0.25,0.2,0.15,0.1,0.05,0.05
arithmetic,343,0.0,traditional_ppo,3,core_learning_training_aware,0.6011042056150093,0.2,0.25,0.2,0.15,0.1,0.05,0.05
geometric,343,0.0,a2c_pointer,2,core_learning_training_aware,0.6304517054898491,0.2,0.25,0.2,0.15,0.1,0.05,0.05
arithmetic,343,0.0,a2c_pointer,2,core_learning_training_aware,0.6765145207925355,0.2,0.25,0.2,0.15,0.1,0.05,0.05
geometric,344,1.0,full,1,core_learning_training_aware,0.6529512791454614,0.2,0.25,0.25,0.05,0.05,0.05,0.15
arithmetic,344,1.0,full,1,core_learning_training_aware,0.7036761873067283,0.2,0.25,0.25,0.05,0.05,0.05,0.15
geometric,344,0.0,traditional_ppo,3,core_learning_training_aware,0.45216472829372134,0.2,0.25,0.25,0.05,0.05,0.05,0.15
arithmetic,344,0.0,traditional_ppo,3,core_learning_training_aware,0.5391411407964192,0.2,0.25,0.25,0.05,0.05,0.05,0.15
geometric,344,0.0,a2c_pointer,2,core_learning_training_aware,0.6520930417880577,0.2,0.25,0.25,0.05,0.05,0.05,0.15
arithmetic,344,0.0,a2c_pointer,2,core_learning_training_aware,0.7011202409701196,0.2,0.25,0.25,0.05,0.05,0.05,0.15
geometric,345,1.0,full,1,core_learning_training_aware,0.653642356573068,0.2,0.25,0.25,0.05,0.05,0.1,0.1
arithmetic,345,1.0,full,1,core_learning_training_aware,0.7047082871537351,0.2,0.25,0.25,0.05,0.05,0.1,0.1
geometric,345,0.0,traditional_ppo,3,core_learning_training_aware,0.49235246703759533,0.2,0.25,0.25,0.05,0.05,0.1,0.1
arithmetic,345,0.0,traditional_ppo,3,core_learning_training_aware,0.5794707534652541,0.2,0.25,0.25,0.05,0.05,0.1,0.1
geometric,345,0.0,a2c_pointer,2,core_learning_training_aware,0.6528914464610555,0.2,0.25,0.25,0.05,0.05,0.1,0.1
arithmetic,345,0.0,a2c_pointer,2,core_learning_training_aware,0.7022928643113138,0.2,0.25,0.25,0.05,0.05,0.1,0.1
geometric,346,1.0,full,1,core_learning_training_aware,0.6543341654304555,0.2,0.25,0.25,0.05,0.05,0.15,0.05
arithmetic,346,1.0,full,1,core_learning_training_aware,0.7057403870007417,0.2,0.25,0.25,0.05,0.05,0.15,0.05
geometric,346,0.0,traditional_ppo,3,core_learning_training_aware,0.5361120331361602,0.2,0.25,0.25,0.05,0.05,0.15,0.05
arithmetic,346,0.0,traditional_ppo,3,core_learning_training_aware,0.6198003661340893,0.2,0.25,0.25,0.05,0.05,0.15,0.05
geometric,346,0.0,a2c_pointer,2,core_learning_training_aware,0.6536908286786383,0.2,0.25,0.25,0.05,0.05,0.15,0.05
arithmetic,346,0.0,a2c_pointer,2,core_learning_training_aware,0.7034654876525079,0.2,0.25,0.25,0.05,0.05,0.15,0.05
geometric,347,0.0,full,2,core_learning_training_aware,0.6321802960962246,0.2,0.25,0.25,0.05,0.1,0.05,0.1
arithmetic,347,1.0,full,1,core_learning_training_aware,0.6806924411599901,0.2,0.25,0.25,0.05,0.1,0.05,0.1
geometric,347,0.0,traditional_ppo,3,core_learning_training_aware,0.48161446413342923,0.2,0.25,0.25,0.05,0.1,0.05,0.1
arithmetic,347,0.0,traditional_ppo,3,core_learning_training_aware,0.5618853964696608,0.2,0.25,0.25,0.05,0.1,0.05,0.1
geometric,347,1.0,a2c_pointer,1,core_learning_training_aware,0.6324896660083326,0.2,0.25,0.25,0.05,0.1,0.05,0.1
arithmetic,347,0.0,a2c_pointer,2,core_learning_training_aware,0.6794940585660811,0.2,0.25,0.25,0.05,0.1,0.05,0.1
geometric,348,0.0,full,2,core_learning_training_aware,0.6328493897127982,0.2,0.25,0.25,0.05,0.1,0.1,0.05
arithmetic,348,1.0,full,1,core_learning_training_aware,0.6817245410069968,0.2,0.25,0.25,0.05,0.1,0.1,0.05
geometric,348,0.0,traditional_ppo,3,core_learning_training_aware,0.524419652262328,0.2,0.25,0.25,0.05,0.1,0.1,0.05
arithmetic,348,0.0,traditional_ppo,3,core_learning_training_aware,0.6022150091384959,0.2,0.25,0.25,0.05,0.1,0.1,0.05
geometric,348,1.0,a2c_pointer,1,core_learning_training_aware,0.6332640688505699,0.2,0.25,0.25,0.05,0.1,0.1,0.05
arithmetic,348,0.0,a2c_pointer,2,core_learning_training_aware,0.6806666819072753,0.2,0.25,0.25,0.05,0.1,0.1,0.05
geometric,349,0.0,full,2,core_learning_training_aware,0.6120700571953052,0.2,0.25,0.25,0.05,0.15,0.05,0.05
arithmetic,349,0.0,full,2,core_learning_training_aware,0.6577086950132519,0.2,0.25,0.25,0.05,0.15,0.05,0.05
geometric,349,0.0,traditional_ppo,3,core_learning_training_aware,0.5129822773612195,0.2,0.25,0.25,0.05,0.15,0.05,0.05
arithmetic,349,0.0,traditional_ppo,3,core_learning_training_aware,0.5846296521429025,0.2,0.25,0.25,0.05,0.15,0.05,0.05
geometric,349,1.0,a2c_pointer,1,core_learning_training_aware,0.6134756115636539,0.2,0.25,0.25,0.05,0.15,0.05,0.05
arithmetic,349,1.0,a2c_pointer,1,core_learning_training_aware,0.6578678761620428,0.2,0.25,0.25,0.05,0.15,0.05,0.05
geometric,350,1.0,full,1,core_learning_training_aware,0.6514240983682658,0.2,0.25,0.25,0.1,0.05,0.05,0.1
arithmetic,350,1.0,full,1,core_learning_training_aware,0.7014677174193086,0.2,0.25,0.25,0.1,0.05,0.05,0.1
geometric,350,0.0,traditional_ppo,3,core_learning_training_aware,0.491343271052346,0.2,0.25,0.25,0.1,0.05,0.05,0.1
arithmetic,350,0.0,traditional_ppo,3,core_learning_training_aware,0.5774881279594459,0.2,0.25,0.25,0.1,0.05,0.05,0.1
geometric,350,0.0,a2c_pointer,2,core_learning_training_aware,0.6506904957141844,0.2,0.25,0.25,0.1,0.05,0.05,0.1
arithmetic,350,0.0,a2c_pointer,2,core_learning_training_aware,0.6991252388358651,0.2,0.25,0.25,0.1,0.05,0.05,0.1
geometric,351,1.0,full,1,core_learning_training_aware,0.6521135594422537,0.2,0.25,0.25,0.1,0.05,0.1,0.05
arithmetic,351,1.0,full,1,core_learning_training_aware,0.7024998172663153,0.2,0.25,0.25,0.1,0.05,0.1,0.05
geometric,351,0.0,traditional_ppo,3,core_learning_training_aware,0.5350131412899585,0.2,0.25,0.25,0.1,0.05,0.1,0.05
arithmetic,351,0.0,traditional_ppo,3,core_learning_training_aware,0.6178177406282811,0.2,0.25,0.25,0.1,0.05,0.1,0.05
geometric,351,0.0,a2c_pointer,2,core_learning_training_aware,0.6514871831485862,0.2,0.25,0.25,0.1,0.05,0.1,0.05
arithmetic,351,0.0,a2c_pointer,2,core_learning_training_aware,0.7002978621770592,0.2,0.25,0.25,0.1,0.05,0.1,0.05
geometric,352,0.0,full,2,core_learning_training_aware,0.6307016963495736,0.2,0.25,0.25,0.1,0.1,0.05,0.05
arithmetic,352,1.0,full,1,core_learning_training_aware,0.6784839712725703,0.2,0.25,0.25,0.1,0.1,0.05,0.05
geometric,352,0.0,traditional_ppo,3,core_learning_training_aware,0.523344726791083,0.2,0.25,0.25,0.1,0.1,0.05,0.05
arithmetic,352,0.0,traditional_ppo,3,core_learning_training_aware,0.6002323836326877,0.2,0.25,0.25,0.1,0.1,0.05,0.05
geometric,352,1.0,a2c_pointer,1,core_learning_training_aware,0.6311292836073902,0.2,0.25,0.25,0.1,0.1,0.05,0.05
arithmetic,352,0.0,a2c_pointer,2,core_learning_training_aware,0.6774990564318267,0.2,0.25,0.25,0.1,0.1,0.05,0.05
geometric,353,1.0,full,1,core_learning_training_aware,0.649900489497889,0.2,0.25,0.25,0.15,0.05,0.05,0.05
arithmetic,353,1.0,full,1,core_learning_training_aware,0.699259247531889,0.2,0.25,0.25,0.15,0.05,0.05,0.05
geometric,353,0.0,traditional_ppo,3,core_learning_training_aware,0.5339165018895425,0.2,0.25,0.25,0.15,0.05,0.05,0.05
arithmetic,353,0.0,traditional_ppo,3,core_learning_training_aware,0.6158351151224728,0.2,0.25,0.25,0.15,0.05,0.05,0.05
geometric,353,0.0,a2c_pointer,2,core_learning_training_aware,0.6492909662888001,0.2,0.25,0.25,0.15,0.05,0.05,0.05
arithmetic,353,0.0,a2c_pointer,2,core_learning_training_aware,0.6971302367016108,0.2,0.25,0.25,0.15,0.05,0.05,0.05
geometric,354,1.0,full,1,core_learning_training_aware,0.7210528754116483,0.25,0.1,0.1,0.05,0.1,0.2,0.2
arithmetic,354,1.0,full,1,core_learning_training_aware,0.7611122999111426,0.25,0.1,0.1,0.05,0.1,0.2,0.2
geometric,354,0.0,traditional_ppo,3,core_learning_training_aware,0.44866869628037365,0.25,0.1,0.1,0.05,0.1,0.2,0.2
arithmetic,354,0.0,traditional_ppo,3,core_learning_training_aware,0.5489607984190675,0.25,0.1,0.1,0.05,0.1,0.2,0.2
geometric,354,0.0,a2c_pointer,2,core_learning_training_aware,0.7184528916592882,0.25,0.1,0.1,0.05,0.1,0.2,0.2
arithmetic,354,0.0,a2c_pointer,2,core_learning_training_aware,0.7558572481654009,0.25,0.1,0.1,0.05,0.1,0.2,0.2
geometric,355,1.0,full,1,core_learning_training_aware,0.6973774200751537,0.25,0.1,0.1,0.05,0.15,0.15,0.2
arithmetic,355,1.0,full,1,core_learning_training_aware,0.7370964539173976,0.25,0.1,0.1,0.05,0.15,0.15,0.2
geometric,355,0.0,traditional_ppo,3,core_learning_training_aware,0.4388834182809457,0.25,0.1,0.1,0.05,0.15,0.15,0.2
arithmetic,355,0.0,traditional_ppo,3,core_learning_training_aware,0.5313754414234741,0.25,0.1,0.1,0.05,0.15,0.15,0.2
geometric,355,0.0,a2c_pointer,2,core_learning_training_aware,0.6960024242183258,0.25,0.1,0.1,0.05,0.15,0.15,0.2
arithmetic,355,0.0,a2c_pointer,2,core_learning_training_aware,0.7330584424201684,0.25,0.1,0.1,0.05,0.15,0.15,0.2
geometric,356,1.0,full,1,core_learning_training_aware,0.6981155177080541,0.25,0.1,0.1,0.05,0.15,0.2,0.15
arithmetic,356,1.0,full,1,core_learning_training_aware,0.7381285537644044,0.25,0.1,0.1,0.05,0.15,0.2,0.15
geometric,356,0.0,traditional_ppo,3,core_learning_training_aware,0.4778907336446414,0.25,0.1,0.1,0.05,0.15,0.2,0.15
arithmetic,356,0.0,traditional_ppo,3,core_learning_training_aware,0.5717050540923093,0.25,0.1,0.1,0.05,0.15,0.2,0.15
geometric,356,0.0,a2c_pointer,2,core_learning_training_aware,0.6968545903239324,0.25,0.1,0.1,0.05,0.15,0.2,0.15
arithmetic,356,0.0,a2c_pointer,2,core_learning_training_aware,0.7342310657613625,0.25,0.1,0.1,0.05,0.15,0.2,0.15
geometric,357,1.0,full,1,core_learning_training_aware,0.7430019919022965,0.25,0.1,0.1,0.1,0.05,0.2,0.2
arithmetic,357,1.0,full,1,core_learning_training_aware,0.781887576170461,0.25,0.1,0.1,0.1,0.05,0.2,0.2
geometric,357,0.0,traditional_ppo,3,core_learning_training_aware,0.4577319853668587,0.25,0.1,0.1,0.1,0.05,0.2,0.2
arithmetic,357,0.0,traditional_ppo,3,core_learning_training_aware,0.5645635299088526,0.25,0.1,0.1,0.1,0.05,0.2,0.2
geometric,357,0.0,a2c_pointer,2,core_learning_training_aware,0.7391274408820342,0.25,0.1,0.1,0.1,0.05,0.2,0.2
arithmetic,357,0.0,a2c_pointer,2,core_learning_training_aware,0.775488428435185,0.25,0.1,0.1,0.1,0.05,0.2,0.2
geometric,358,1.0,full,1,core_learning_training_aware,0.718605846939742,0.25,0.1,0.1,0.1,0.1,0.15,0.2
arithmetic,358,1.0,full,1,core_learning_training_aware,0.7578717301767162,0.25,0.1,0.1,0.1,0.1,0.15,0.2
geometric,358,0.0,traditional_ppo,3,core_learning_training_aware,0.447749040795112,0.25,0.1,0.1,0.1,0.1,0.15,0.2
arithmetic,358,0.0,traditional_ppo,3,core_learning_training_aware,0.5469781729132592,0.25,0.1,0.1,0.1,0.1,0.15,0.2
geometric,358,0.0,a2c_pointer,2,core_learning_training_aware,0.71603092789018,0.25,0.1,0.1,0.1,0.1,0.15,0.2
arithmetic,358,0.0,a2c_pointer,2,core_learning_training_aware,0.7526896226899524,0.25,0.1,0.1,0.1,0.1,0.15,0.2
geometric,359,1.0,full,1,core_learning_training_aware,0.7193664125378617,0.25,0.1,0.1,0.1,0.1,0.2,0.15
arithmetic,359,1.0,full,1,core_learning_training_aware,0.758903830023723,0.25,0.1,0.1,0.1,0.1,0.2,0.15
geometric,359,0.0,traditional_ppo,3,core_learning_training_aware,0.48754431970197404,0.25,0.1,0.1,0.1,0.1,0.2,0.15
arithmetic,359,0.0,traditional_ppo,3,core_learning_training_aware,0.5873077855820944,0.25,0.1,0.1,0.1,0.1,0.2,0.15
geometric,359,0.0,a2c_pointer,2,core_learning_training_aware,0.7169076163413725,0.25,0.1,0.1,0.1,0.1,0.2,0.15
arithmetic,359,0.0,a2c_pointer,2,core_learning_training_aware,0.7538622460311466,0.25,0.1,0.1,0.1,0.1,0.2,0.15
geometric,360,1.0,full,1,core_learning_training_aware,0.6950107387113021,0.25,0.1,0.1,0.1,0.15,0.1,0.2
arithmetic,360,1.0,full,1,core_learning_training_aware,0.7338558841829712,0.25,0.1,0.1,0.1,0.15,0.1,0.2
geometric,360,0.0,traditional_ppo,3,core_learning_training_aware,0.43798382010001924,0.25,0.1,0.1,0.1,0.15,0.1,0.2
arithmetic,360,0.0,traditional_ppo,3,core_learning_training_aware,0.529392815917666,0.25,0.1,0.1,0.1,0.15,0.1,0.2
geometric,360,0.0,a2c_pointer,2,core_learning_training_aware,0.6936561428208424,0.25,0.1,0.1,0.1,0.15,0.1,0.2
arithmetic,360,0.0,a2c_pointer,2,core_learning_training_aware,0.7298908169447199,0.25,0.1,0.1,0.1,0.15,0.1,0.2
geometric,361,1.0,full,1,core_learning_training_aware,0.6957463314711421,0.25,0.1,0.1,0.1,0.15,0.15,0.15
arithmetic,361,1.0,full,1,core_learning_training_aware,0.7348879840299779,0.25,0.1,0.1,0.1,0.15,0.15,0.15
geometric,361,0.0,traditional_ppo,3,core_learning_training_aware,0.47691118049507797,0.25,0.1,0.1,0.1,0.15,0.15,0.15
arithmetic,361,0.0,traditional_ppo,3,core_learning_training_aware,0.5697224285865009,0.25,0.1,0.1,0.1,0.15,0.15,0.15
geometric,361,0.0,a2c_pointer,2,core_learning_training_aware,0.6945054362044419,0.25,0.1,0.1,0.1,0.15,0.15,0.15
arithmetic,361,0.0,a2c_pointer,2,core_learning_training_aware,0.731063440285914,0.25,0.1,0.1,0.1,0.15,0.15,0.15
geometric,362,1.0,full,1,core_learning_training_aware,0.6964827027753674,0.25,0.1,0.1,0.1,0.15,0.2,0.1
arithmetic,362,1.0,full,1,core_learning_training_aware,0.7359200838769847,0.25,0.1,0.1,0.1,0.15,0.2,0.1
geometric,362,0.0,traditional_ppo,3,core_learning_training_aware,0.5192983476633201,0.25,0.1,0.1,0.1,0.15,0.2,0.1
arithmetic,362,0.0,traditional_ppo,3,core_learning_training_aware,0.6100520412553361,0.25,0.1,0.1,0.1,0.15,0.2,0.1
geometric,362,0.0,a2c_pointer,2,core_learning_training_aware,0.6953557694393552,0.25,0.1,0.1,0.1,0.15,0.2,0.1
arithmetic,362,0.0,a2c_pointer,2,core_learning_training_aware,0.7322360636271082,0.25,0.1,0.1,0.1,0.15,0.2,0.1
geometric,363,1.0,full,1,core_learning_training_aware,0.7404804749777161,0.25,0.1,0.1,0.15,0.05,0.15,0.2
arithmetic,363,1.0,full,1,core_learning_training_aware,0.7786470064360346,0.25,0.1,0.1,0.15,0.05,0.15,0.2
geometric,363,0.0,traditional_ppo,3,core_learning_training_aware,0.4567937524689271,0.25,0.1,0.1,0.15,0.05,0.15,0.2
arithmetic,363,0.0,traditional_ppo,3,core_learning_training_aware,0.5625809044030443,0.25,0.1,0.1,0.15,0.05,0.15,0.2
geometric,363,0.0,a2c_pointer,2,core_learning_training_aware,0.7366357815076311,0.25,0.1,0.1,0.15,0.05,0.15,0.2
arithmetic,363,0.0,a2c_pointer,2,core_learning_training_aware,0.7723208029597365,0.25,0.1,0.1,0.15,0.05,0.15,0.2
geometric,364,1.0,full,1,core_learning_training_aware,0.7412641924742348,0.25,0.1,0.1,0.15,0.05,0.2,0.15
arithmetic,364,1.0,full,1,core_learning_training_aware,0.7796791062830413,0.25,0.1,0.1,0.15,0.05,0.2,0.15
geometric,364,0.0,traditional_ppo,3,core_learning_training_aware,0.4973929121011447,0.25,0.1,0.1,0.15,0.05,0.2,0.15
arithmetic,364,0.0,traditional_ppo,3,core_learning_training_aware,0.6029105170718794,0.25,0.1,0.1,0.15,0.05,0.2,0.15
geometric,364,0.0,a2c_pointer,2,core_learning_training_aware,0.7375376979713315,0.25,0.1,0.1,0.15,0.05,0.2,0.15
arithmetic,364,0.0,a2c_pointer,2,core_learning_training_aware,0.7734934263009305,0.25,0.1,0.1,0.15,0.05,0.2,0.15
geometric,365,1.0,full,1,core_learning_training_aware,0.7161671229189331,0.25,0.1,0.1,0.15,0.1,0.1,0.2
arithmetic,365,1.0,full,1,core_learning_training_aware,0.7546311604422897,0.25,0.1,0.1,0.15,0.1,0.1,0.2
geometric,365,0.0,traditional_ppo,3,core_learning_training_aware,0.4468312703671735,0.25,0.1,0.1,0.15,0.1,0.1,0.2
arithmetic,365,0.0,traditional_ppo,3,core_learning_training_aware,0.544995547407451,0.25,0.1,0.1,0.15,0.1,0.1,0.2
geometric,365,0.0,a2c_pointer,2,core_learning_training_aware,0.7136171287600718,0.25,0.1,0.1,0.15,0.1,0.1,0.2
arithmetic,365,0.0,a2c_pointer,2,core_learning_training_aware,0.7495219972145039,0.25,0.1,0.1,0.15,0.1,0.1,0.2
geometric,366,1.0,full,1,core_learning_training_aware,0.716925107394729,0.25,0.1,0.1,0.15,0.1,0.15,0.15
arithmetic,366,1.0,full,1,core_learning_training_aware,0.7556632602892964,0.25,0.1,0.1,0.15,0.1,0.15,0.15
geometric,366,0.0,traditional_ppo,3,core_learning_training_aware,0.4865449791827018,0.25,0.1,0.1,0.15,0.1,0.15,0.15
arithmetic,366,0.0,traditional_ppo,3,core_learning_training_aware,0.585325160076286,0.25,0.1,0.1,0.15,0.1,0.15,0.15
geometric,366,0.0,a2c_pointer,2,core_learning_training_aware,0.7144908618224138,0.25,0.1,0.1,0.15,0.1,0.15,0.15
arithmetic,366,0.0,a2c_pointer,2,core_learning_training_aware,0.750694620555698,0.25,0.1,0.1,0.15,0.1,0.15,0.15
geometric,367,1.0,full,1,core_learning_training_aware,0.7176838941140895,0.25,0.1,0.1,0.15,0.1,0.2,0.1
arithmetic,367,1.0,full,1,core_learning_training_aware,0.7566953601363032,0.25,0.1,0.1,0.15,0.1,0.2,0.1
geometric,367,0.0,traditional_ppo,3,core_learning_training_aware,0.5297883842672233,0.25,0.1,0.1,0.15,0.1,0.2,0.1
arithmetic,367,0.0,traditional_ppo,3,core_learning_training_aware,0.6256547727451212,0.25,0.1,0.1,0.15,0.1,0.2,0.1
geometric,367,0.0,a2c_pointer,2,core_learning_training_aware,0.7153656646593357,0.25,0.1,0.1,0.15,0.1,0.2,0.1
arithmetic,367,0.0,a2c_pointer,2,core_learning_training_aware,0.7518672438968922,0.25,0.1,0.1,0.15,0.1,0.2,0.1
geometric,368,1.0,full,1,core_learning_training_aware,0.6926520891255333,0.25,0.1,0.1,0.15,0.15,0.05,0.2
arithmetic,368,1.0,full,1,core_learning_training_aware,0.7306153144485448,0.25,0.1,0.1,0.15,0.15,0.05,0.2
geometric,368,0.0,traditional_ppo,3,core_learning_training_aware,0.4370860658640983,0.25,0.1,0.1,0.15,0.15,0.05,0.2
arithmetic,368,0.0,traditional_ppo,3,core_learning_training_aware,0.5274101904118577,0.25,0.1,0.1,0.15,0.15,0.05,0.2
geometric,368,0.0,a2c_pointer,2,core_learning_training_aware,0.6913177709308619,0.25,0.1,0.1,0.15,0.15,0.05,0.2
arithmetic,368,0.0,a2c_pointer,2,core_learning_training_aware,0.7267231914692713,0.25,0.1,0.1,0.15,0.15,0.05,0.2
geometric,369,1.0,full,1,core_learning_training_aware,0.6933851855130705,0.25,0.1,0.1,0.15,0.15,0.1,0.15
arithmetic,369,1.0,full,1,core_learning_training_aware,0.7316474142955516,0.25,0.1,0.1,0.15,0.15,0.1,0.15
geometric,369,0.0,traditional_ppo,3,core_learning_training_aware,0.4759336351776511,0.25,0.1,0.1,0.15,0.15,0.1,0.15
arithmetic,369,0.0,traditional_ppo,3,core_learning_training_aware,0.5677398030806927,0.25,0.1,0.1,0.15,0.15,0.1,0.15
geometric,369,0.0,a2c_pointer,2,core_learning_training_aware,0.6921642012766361,0.25,0.1,0.1,0.15,0.15,0.1,0.15
arithmetic,369,0.0,a2c_pointer,2,core_learning_training_aware,0.7278958148104654,0.25,0.1,0.1,0.15,0.15,0.1,0.15
geometric,370,1.0,full,1,core_learning_training_aware,0.6941190578028562,0.25,0.1,0.1,0.15,0.15,0.15,0.1
arithmetic,370,1.0,full,1,core_learning_training_aware,0.7326795141425582,0.25,0.1,0.1,0.15,0.15,0.15,0.1
geometric,370,0.0,traditional_ppo,3,core_learning_training_aware,0.5182339195499367,0.25,0.1,0.1,0.15,0.15,0.15,0.1
arithmetic,370,0.0,traditional_ppo,3,core_learning_training_aware,0.6080694157495277,0.25,0.1,0.1,0.15,0.15,0.15,0.1
geometric,370,0.0,a2c_pointer,2,core_learning_training_aware,0.6930116679682999,0.25,0.1,0.1,0.15,0.15,0.15,0.1
arithmetic,370,0.0,a2c_pointer,2,core_learning_training_aware,0.7290684381516597,0.25,0.1,0.1,0.15,0.15,0.15,0.1
geometric,371,1.0,full,1,core_learning_training_aware,0.6948537068160981,0.25,0.1,0.1,0.15,0.15,0.2,0.05
arithmetic,371,1.0,full,1,core_learning_training_aware,0.733711613989565,0.25,0.1,0.1,0.15,0.15,0.2,0.05
geometric,371,0.0,traditional_ppo,3,core_learning_training_aware,0.5642937912380218,0.25,0.1,0.1,0.15,0.15,0.2,0.05
arithmetic,371,0.0,traditional_ppo,3,core_learning_training_aware,0.6483990284183628,0.25,0.1,0.1,0.15,0.15,0.2,0.05
geometric,371,0.0,a2c_pointer,2,core_learning_training_aware,0.6938601722747264,0.25,0.1,0.1,0.15,0.15,0.2,0.05
arithmetic,371,0.0,a2c_pointer,2,core_learning_training_aware,0.7302410614928537,0.25,0.1,0.1,0.15,0.15,0.2,0.05
geometric,372,1.0,full,1,core_learning_training_aware,0.7432046166301007,0.25,0.1,0.15,0.05,0.05,0.2,0.2
arithmetic,372,1.0,full,1,core_learning_training_aware,0.7821394552966372,0.25,0.1,0.15,0.05,0.05,0.2,0.2
geometric,372,0.0,traditional_ppo,3,core_learning_training_aware,0.4573066671685555,0.25,0.1,0.15,0.05,0.05,0.2,0.2
arithmetic,372,0.0,traditional_ppo,3,core_learning_training_aware,0.563691707926531,0.25,0.1,0.15,0.05,0.05,0.2,0.2
geometric,372,0.0,a2c_pointer,2,core_learning_training_aware,0.7399218182715389,0.25,0.1,0.15,0.05,0.05,0.2,0.2
arithmetic,372,0.0,a2c_pointer,2,core_learning_training_aware,0.7764729640744763,0.25,0.1,0.15,0.05,0.05,0.2,0.2
geometric,373,1.0,full,1,core_learning_training_aware,0.7188018185733602,0.25,0.1,0.15,0.05,0.1,0.15,0.2
arithmetic,373,1.0,full,1,core_learning_training_aware,0.7581236093028922,0.25,0.1,0.15,0.05,0.1,0.15,0.2
geometric,373,0.0,traditional_ppo,3,core_learning_training_aware,0.44733299861014136,0.25,0.1,0.15,0.05,0.1,0.15,0.2
arithmetic,373,0.0,traditional_ppo,3,core_learning_training_aware,0.5461063509309376,0.25,0.1,0.15,0.05,0.1,0.15,0.2
geometric,373,0.0,a2c_pointer,2,core_learning_training_aware,0.7168004822969589,0.25,0.1,0.15,0.05,0.1,0.15,0.2
arithmetic,373,0.0,a2c_pointer,2,core_learning_training_aware,0.7536741583292438,0.25,0.1,0.15,0.05,0.1,0.15,0.2
geometric,374,1.0,full,1,core_learning_training_aware,0.7195625915859943,0.25,0.1,0.15,0.05,0.1,0.2,0.15
arithmetic,374,1.0,full,1,core_learning_training_aware,0.759155709149899,0.25,0.1,0.15,0.05,0.1,0.2,0.15
geometric,374,0.0,traditional_ppo,3,core_learning_training_aware,0.4870913002969997,0.25,0.1,0.15,0.05,0.1,0.2,0.15
arithmetic,374,0.0,traditional_ppo,3,core_learning_training_aware,0.5864359635997727,0.25,0.1,0.15,0.05,0.1,0.2,0.15
geometric,374,0.0,a2c_pointer,2,core_learning_training_aware,0.7176781129692688,0.25,0.1,0.15,0.05,0.1,0.2,0.15
arithmetic,374,0.0,a2c_pointer,2,core_learning_training_aware,0.7548467816704378,0.25,0.1,0.15,0.05,0.1,0.2,0.15
geometric,375,1.0,full,1,core_learning_training_aware,0.6952002757021678,0.25,0.1,0.15,0.05,0.15,0.1,0.2
arithmetic,375,1.0,full,1,core_learning_training_aware,0.7341077633091473,0.25,0.1,0.15,0.05,0.15,0.1,0.2
geometric,375,0.0,traditional_ppo,3,core_learning_training_aware,0.4375768516223814,0.25,0.1,0.15,0.05,0.15,0.1,0.2
arithmetic,375,0.0,traditional_ppo,3,core_learning_training_aware,0.5285209939353444,0.25,0.1,0.15,0.05,0.15,0.1,0.2
geometric,375,0.0,a2c_pointer,2,core_learning_training_aware,0.6944016499221487,0.25,0.1,0.15,0.05,0.15,0.1,0.2
arithmetic,375,0.0,a2c_pointer,2,core_learning_training_aware,0.7308753525840112,0.25,0.1,0.15,0.05,0.15,0.1,0.2
geometric,376,1.0,full,1,core_learning_training_aware,0.6959360690661575,0.25,0.1,0.15,0.05,0.15,0.15,0.15
arithmetic,376,1.0,full,1,core_learning_training_aware,0.7351398631561541,0.25,0.1,0.15,0.05,0.15,0.15,0.15
geometric,376,0.0,traditional_ppo,3,core_learning_training_aware,0.47646804125525344,0.25,0.1,0.15,0.05,0.15,0.15,0.15
arithmetic,376,0.0,traditional_ppo,3,core_learning_training_aware,0.5688506066041793,0.25,0.1,0.15,0.05,0.15,0.15,0.15
geometric,376,0.0,a2c_pointer,2,core_learning_training_aware,0.6952518560840104,0.25,0.1,0.15,0.05,0.15,0.15,0.15
arithmetic,376,0.0,a2c_pointer,2,core_learning_training_aware,0.7320479759252053,0.25,0.1,0.15,0.05,0.15,0.15,0.15
geometric,377,1.0,full,1,core_learning_training_aware,0.6966726411868499,0.25,0.1,0.15,0.05,0.15,0.2,0.1
arithmetic,377,1.0,full,1,core_learning_training_aware,0.7361719630031607,0.25,0.1,0.15,0.05,0.15,0.2,0.1
geometric,377,0.0,traditional_ppo,3,core_learning_training_aware,0.5188158228569468,0.25,0.1,0.15,0.05,0.15,0.2,0.1
arithmetic,377,0.0,traditional_ppo,3,core_learning_training_aware,0.6091802192730142,0.25,0.1,0.15,0.05,0.15,0.2,0.1
geometric,377,0.0,a2c_pointer,2,core_learning_training_aware,0.6961031032147662,0.25,0.1,0.15,0.05,0.15,0.2,0.1
arithmetic,377,0.0,a2c_pointer,2,core_learning_training_aware,0.7332205992663993,0.25,0.1,0.15,0.05,0.15,0.2,0.1
geometric,378,1.0,full,1,core_learning_training_aware,0.7406824120604182,0.25,0.1,0.15,0.1,0.05,0.15,0.2
arithmetic,378,1.0,full,1,core_learning_training_aware,0.7788988855622108,0.25,0.1,0.15,0.1,0.05,0.15,0.2
geometric,378,0.0,traditional_ppo,3,core_learning_training_aware,0.45636930606359116,0.25,0.1,0.15,0.1,0.05,0.15,0.2
arithmetic,378,0.0,traditional_ppo,3,core_learning_training_aware,0.5617090824207227,0.25,0.1,0.15,0.1,0.05,0.15,0.2
geometric,378,0.0,a2c_pointer,2,core_learning_training_aware,0.7374274809856419,0.25,0.1,0.15,0.1,0.05,0.15,0.2
arithmetic,378,0.0,a2c_pointer,2,core_learning_training_aware,0.7733053385990277,0.25,0.1,0.15,0.1,0.05,0.15,0.2
geometric,379,1.0,full,1,core_learning_training_aware,0.741466343285226,0.25,0.1,0.15,0.1,0.05,0.2,0.15
arithmetic,379,1.0,full,1,core_learning_training_aware,0.7799309854092175,0.25,0.1,0.15,0.1,0.05,0.2,0.15
geometric,379,0.0,traditional_ppo,3,core_learning_training_aware,0.496930741521009,0.25,0.1,0.15,0.1,0.05,0.2,0.15
arithmetic,379,0.0,traditional_ppo,3,core_learning_training_aware,0.6020386950895578,0.25,0.1,0.15,0.1,0.05,0.2,0.15
geometric,379,0.0,a2c_pointer,2,core_learning_training_aware,0.738330366784272,0.25,0.1,0.15,0.1,0.05,0.2,0.15
arithmetic,379,0.0,a2c_pointer,2,core_learning_training_aware,0.7744779619402219,0.25,0.1,0.15,0.1,0.05,0.2,0.15
geometric,380,1.0,full,1,core_learning_training_aware,0.7163624294859751,0.25,0.1,0.15,0.1,0.1,0.1,0.2
arithmetic,380,1.0,full,1,core_learning_training_aware,0.7548830395684658,0.25,0.1,0.15,0.1,0.1,0.1,0.2
geometric,380,0.0,traditional_ppo,3,core_learning_training_aware,0.44641608096172747,0.25,0.1,0.15,0.1,0.1,0.1,0.2
arithmetic,380,0.0,traditional_ppo,3,core_learning_training_aware,0.5441237254251294,0.25,0.1,0.15,0.1,0.1,0.1,0.2
geometric,380,0.0,a2c_pointer,2,core_learning_training_aware,0.7143840889356726,0.25,0.1,0.15,0.1,0.1,0.1,0.2
arithmetic,380,0.0,a2c_pointer,2,core_learning_training_aware,0.7505065328537952,0.25,0.1,0.15,0.1,0.1,0.1,0.2
geometric,381,1.0,full,1,core_learning_training_aware,0.7171206206723851,0.25,0.1,0.15,0.1,0.1,0.15,0.15
arithmetic,381,1.0,full,1,core_learning_training_aware,0.7559151394154726,0.25,0.1,0.15,0.1,0.1,0.15,0.15
geometric,381,0.0,traditional_ppo,3,core_learning_training_aware,0.486092888351047,0.25,0.1,0.15,0.1,0.1,0.15,0.15
arithmetic,381,0.0,traditional_ppo,3,core_learning_training_aware,0.5844533380939644,0.25,0.1,0.15,0.1,0.1,0.15,0.15
geometric,381,0.0,a2c_pointer,2,core_learning_training_aware,0.7152587610428272,0.25,0.1,0.15,0.1,0.1,0.15,0.15
arithmetic,381,0.0,a2c_pointer,2,core_learning_training_aware,0.7516791561949893,0.25,0.1,0.15,0.1,0.1,0.15,0.15
geometric,382,1.0,full,1,core_learning_training_aware,0.7178796143211403,0.25,0.1,0.15,0.1,0.1,0.2,0.1
arithmetic,382,1.0,full,1,core_learning_training_aware,0.7569472392624794,0.25,0.1,0.15,0.1,0.1,0.2,0.1
geometric,382,0.0,traditional_ppo,3,core_learning_training_aware,0.5292961122646497,0.25,0.1,0.15,0.1,0.1,0.2,0.1
arithmetic,382,0.0,traditional_ppo,3,core_learning_training_aware,0.6247829507627995,0.25,0.1,0.15,0.1,0.1,0.2,0.1
geometric,382,0.0,a2c_pointer,2,core_learning_training_aware,0.7161345040743021,0.25,0.1,0.15,0.1,0.1,0.2,0.1
arithmetic,382,0.0,a2c_pointer,2,core_learning_training_aware,0.7528517795361837,0.25,0.1,0.15,0.1,0.1,0.2,0.1
geometric,383,1.0,full,1,core_learning_training_aware,0.6928409828869925,0.25,0.1,0.15,0.1,0.15,0.05,0.2
arithmetic,383,1.0,full,1,core_learning_training_aware,0.730867193574721,0.25,0.1,0.15,0.1,0.15,0.05,0.2
geometric,383,0.0,traditional_ppo,3,core_learning_training_aware,0.4366799315672177,0.25,0.1,0.15,0.1,0.15,0.05,0.2
arithmetic,383,0.0,traditional_ppo,3,core_learning_training_aware,0.526538368429536,0.25,0.1,0.15,0.1,0.15,0.05,0.2
geometric,383,0.0,a2c_pointer,2,core_learning_training_aware,0.6920607648664339,0.25,0.1,0.15,0.1,0.15,0.05,0.2
arithmetic,383,0.0,a2c_pointer,2,core_learning_training_aware,0.7277077271085627,0.25,0.1,0.15,0.1,0.15,0.05,0.2
geometric,384,1.0,full,1,core_learning_training_aware,0.6935742791978914,0.25,0.1,0.15,0.1,0.15,0.1,0.15
arithmetic,384,1.0,full,1,core_learning_training_aware,0.7318992934217277,0.25,0.1,0.15,0.1,0.15,0.1,0.15
geometric,384,0.0,traditional_ppo,3,core_learning_training_aware,0.4754914042593476,0.25,0.1,0.15,0.1,0.15,0.1,0.15
arithmetic,384,0.0,traditional_ppo,3,core_learning_training_aware,0.5668679810983711,0.25,0.1,0.15,0.1,0.15,0.1,0.15
geometric,384,0.0,a2c_pointer,2,core_learning_training_aware,0.6929081049134197,0.25,0.1,0.15,0.1,0.15,0.1,0.15
arithmetic,384,0.0,a2c_pointer,2,core_learning_training_aware,0.7288803504497567,0.25,0.1,0.15,0.1,0.15,0.1,0.15
geometric,385,1.0,full,1,core_learning_training_aware,0.6943083516226358,0.25,0.1,0.15,0.1,0.15,0.15,0.1
arithmetic,385,1.0,full,1,core_learning_training_aware,0.7329313932687344,0.25,0.1,0.15,0.1,0.15,0.15,0.1
geometric,385,0.0,traditional_ppo,3,core_learning_training_aware,0.5177523837953708,0.25,0.1,0.15,0.1,0.15,0.15,0.1
arithmetic,385,0.0,traditional_ppo,3,core_learning_training_aware,0.6071975937672061,0.25,0.1,0.15,0.1,0.15,0.15,0.1
geometric,385,0.0,a2c_pointer,2,core_learning_training_aware,0.6937564824201081,0.25,0.1,0.15,0.1,0.15,0.15,0.1
arithmetic,385,0.0,a2c_pointer,2,core_learning_training_aware,0.7300529737909509,0.25,0.1,0.15,0.1,0.15,0.15,0.1
geometric,386,1.0,full,1,core_learning_training_aware,0.6950432009826573,0.25,0.1,0.15,0.1,0.15,0.2,0.05
arithmetic,386,1.0,full,1,core_learning_training_aware,0.733963493115741,0.25,0.1,0.15,0.1,0.15,0.2,0.05
geometric,386,0.0,traditional_ppo,3,core_learning_training_aware,0.563769457290918,0.25,0.1,0.15,0.1,0.15,0.2,0.05
arithmetic,386,0.0,traditional_ppo,3,core_learning_training_aware,0.6475272064360412,0.25,0.1,0.15,0.1,0.15,0.2,0.05
geometric,386,0.0,a2c_pointer,2,core_learning_training_aware,0.6946058986567358,0.25,0.1,0.15,0.1,0.15,0.2,0.05
arithmetic,386,0.0,a2c_pointer,2,core_learning_training_aware,0.7312255971321451,0.25,0.1,0.15,0.1,0.15,0.2,0.05
geometric,387,1.0,full,1,core_learning_training_aware,0.7381687670660518,0.25,0.1,0.15,0.15,0.05,0.1,0.2
arithmetic,387,1.0,full,1,core_learning_training_aware,0.7756583158277843,0.25,0.1,0.15,0.15,0.05,0.1,0.2
geometric,387,0.0,traditional_ppo,3,core_learning_training_aware,0.4554338663079186,0.25,0.1,0.15,0.15,0.05,0.1,0.2
arithmetic,387,0.0,traditional_ppo,3,core_learning_training_aware,0.5597264569149145,0.25,0.1,0.15,0.15,0.05,0.1,0.2
geometric,387,0.0,a2c_pointer,2,core_learning_training_aware,0.7349415523158205,0.25,0.1,0.15,0.15,0.05,0.1,0.2
arithmetic,387,0.0,a2c_pointer,2,core_learning_training_aware,0.7701377131235793,0.25,0.1,0.15,0.15,0.05,0.1,0.2
geometric,388,1.0,full,1,core_learning_training_aware,0.7389500378728895,0.25,0.1,0.15,0.15,0.05,0.15,0.15
arithmetic,388,1.0,full,1,core_learning_training_aware,0.776690415674791,0.25,0.1,0.15,0.15,0.05,0.15,0.15
geometric,388,0.0,traditional_ppo,3,core_learning_training_aware,0.49591216125003473,0.25,0.1,0.15,0.15,0.05,0.15,0.15
arithmetic,388,0.0,traditional_ppo,3,core_learning_training_aware,0.6000560695837495,0.25,0.1,0.15,0.15,0.05,0.15,0.15
geometric,388,0.0,a2c_pointer,2,core_learning_training_aware,0.7358413944121881,0.25,0.1,0.15,0.15,0.05,0.15,0.15
arithmetic,388,0.0,a2c_pointer,2,core_learning_training_aware,0.7713103364647733,0.25,0.1,0.15,0.15,0.05,0.15,0.15
geometric,389,1.0,full,1,core_learning_training_aware,0.7397321355693233,0.25,0.1,0.15,0.15,0.05,0.2,0.1
arithmetic,389,1.0,full,1,core_learning_training_aware,0.7777225155217975,0.25,0.1,0.15,0.15,0.05,0.2,0.1
geometric,389,0.0,traditional_ppo,3,core_learning_training_aware,0.5399881077561504,0.25,0.1,0.15,0.15,0.05,0.2,0.1
arithmetic,389,0.0,traditional_ppo,3,core_learning_training_aware,0.6403856822525844,0.25,0.1,0.15,0.15,0.05,0.2,0.1
geometric,389,0.0,a2c_pointer,2,core_learning_training_aware,0.7367423382503143,0.25,0.1,0.15,0.15,0.05,0.2,0.1
arithmetic,389,0.0,a2c_pointer,2,core_learning_training_aware,0.7724829598059673,0.25,0.1,0.15,0.15,0.05,0.2,0.1
geometric,390,1.0,full,1,core_learning_training_aware,0.7139313189239995,0.25,0.1,0.15,0.15,0.1,0.05,0.2
arithmetic,390,1.0,full,1,core_learning_training_aware,0.7516424698340394,0.25,0.1,0.15,0.15,0.1,0.05,0.2
geometric,390,0.0,traditional_ppo,3,core_learning_training_aware,0.4455010427587749,0.25,0.1,0.15,0.15,0.1,0.05,0.2
arithmetic,390,0.0,traditional_ppo,3,core_learning_training_aware,0.5421410999193211,0.25,0.1,0.15,0.15,0.1,0.05,0.2
geometric,390,0.0,a2c_pointer,2,core_learning_training_aware,0.7119758414350834,0.25,0.1,0.15,0.15,0.1,0.05,0.2
arithmetic,390,0.0,a2c_pointer,2,core_learning_training_aware,0.7473389073783466,0.25,0.1,0.15,0.15,0.1,0.05,0.2
geometric,391,1.0,full,1,core_learning_training_aware,0.7146869370460983,0.25,0.1,0.15,0.15,0.1,0.1,0.15
arithmetic,391,1.0,full,1,core_learning_training_aware,0.7526745696810462,0.25,0.1,0.15,0.15,0.1,0.1,0.15
geometric,391,0.0,traditional_ppo,3,core_learning_training_aware,0.48509652289291544,0.25,0.1,0.15,0.15,0.1,0.1,0.15
arithmetic,391,0.0,traditional_ppo,3,core_learning_training_aware,0.5824707125881562,0.25,0.1,0.15,0.15,0.1,0.1,0.15
geometric,391,0.0,a2c_pointer,2,core_learning_training_aware,0.712847564950649,0.25,0.1,0.15,0.15,0.1,0.1,0.15
arithmetic,391,0.0,a2c_pointer,2,core_learning_training_aware,0.7485115307195408,0.25,0.1,0.15,0.15,0.1,0.1,0.15
geometric,392,1.0,full,1,core_learning_training_aware,0.7154433549072354,0.25,0.1,0.15,0.15,0.1,0.15,0.1
arithmetic,392,1.0,full,1,core_learning_training_aware,0.7537066695280528,0.25,0.1,0.15,0.15,0.1,0.15,0.1
geometric,392,0.0,traditional_ppo,3,core_learning_training_aware,0.5282111913040226,0.25,0.1,0.15,0.15,0.1,0.15,0.1
arithmetic,392,0.0,traditional_ppo,3,core_learning_training_aware,0.6228003252569911,0.25,0.1,0.15,0.15,0.1,0.15,0.1
geometric,392,0.0,a2c_pointer,2,core_learning_training_aware,0.7137203557803613,0.25,0.1,0.15,0.15,0.1,0.15,0.1
arithmetic,392,0.0,a2c_pointer,2,core_learning_training_aware,0.7496841540607349,0.25,0.1,0.15,0.15,0.1,0.15,0.1
geometric,393,1.0,full,1,core_learning_training_aware,0.7162005733538471,0.25,0.1,0.15,0.15,0.1,0.2,0.05
arithmetic,393,1.0,full,1,core_learning_training_aware,0.7547387693750596,0.25,0.1,0.15,0.15,0.1,0.2,0.05
geometric,393,0.0,traditional_ppo,3,core_learning_training_aware,0.5751578282914332,0.25,0.1,0.15,0.15,0.1,0.2,0.05
arithmetic,393,0.0,traditional_ppo,3,core_learning_training_aware,0.6631299379258263,0.25,0.1,0.15,0.15,0.1,0.2,0.05
geometric,393,0.0,a2c_pointer,2,core_learning_training_aware,0.7145942152310099,0.25,0.1,0.15,0.15,0.1,0.2,0.05
arithmetic,393,0.0,a2c_pointer,2,core_learning_training_aware,0.750856777401929,0.25,0.1,0.15,0.15,0.1,0.2,0.05
geometric,394,1.0,full,1,core_learning_training_aware,0.6912205045074984,0.25,0.1,0.15,0.15,0.15,0.05,0.15
arithmetic,394,1.0,full,1,core_learning_training_aware,0.7286587236873012,0.25,0.1,0.15,0.15,0.15,0.05,0.15
geometric,394,0.0,traditional_ppo,3,core_learning_training_aware,0.47451676911821306,0.25,0.1,0.15,0.15,0.15,0.05,0.15
arithmetic,394,0.0,traditional_ppo,3,core_learning_training_aware,0.5648853555925628,0.25,0.1,0.15,0.15,0.15,0.05,0.15
geometric,394,0.0,a2c_pointer,2,core_learning_training_aware,0.6905722547207288,0.25,0.1,0.15,0.15,0.15,0.05,0.15
arithmetic,394,0.0,a2c_pointer,2,core_learning_training_aware,0.7257127249743082,0.25,0.1,0.15,0.15,0.15,0.05,0.15
geometric,395,1.0,full,1,core_learning_training_aware,0.691952085719483,0.25,0.1,0.15,0.15,0.15,0.1,0.1
arithmetic,395,1.0,full,1,core_learning_training_aware,0.729690823534308,0.25,0.1,0.15,0.15,0.15,0.1,0.1
geometric,395,0.0,traditional_ppo,3,core_learning_training_aware,0.5166911245104859,0.25,0.1,0.15,0.15,0.15,0.1,0.1
arithmetic,395,0.0,traditional_ppo,3,core_learning_training_aware,0.6052149682613979,0.25,0.1,0.15,0.15,0.15,0.1,0.1
geometric,395,0.0,a2c_pointer,2,core_learning_training_aware,0.6914177722770883,0.25,0.1,0.15,0.15,0.15,0.1,0.1
arithmetic,395,0.0,a2c_pointer,2,core_learning_training_aware,0.7268853483155024,0.25,0.1,0.15,0.15,0.15,0.1,0.1
geometric,396,1.0,full,1,core_learning_training_aware,0.6926844412300686,0.25,0.1,0.15,0.15,0.15,0.15,0.05
arithmetic,396,1.0,full,1,core_learning_training_aware,0.7307229233813146,0.25,0.1,0.15,0.15,0.15,0.15,0.05
geometric,396,0.0,traditional_ppo,3,core_learning_training_aware,0.5626138748352689,0.25,0.1,0.15,0.15,0.15,0.15,0.05
arithmetic,396,0.0,traditional_ppo,3,core_learning_training_aware,0.6455445809302329,0.25,0.1,0.15,0.15,0.15,0.15,0.05
geometric,396,0.0,a2c_pointer,2,core_learning_training_aware,0.6922643250617433,0.25,0.1,0.15,0.15,0.15,0.15,0.05
arithmetic,396,0.0,a2c_pointer,2,core_learning_training_aware,0.7280579716566965,0.25,0.1,0.15,0.15,0.15,0.15,0.05
geometric,397,1.0,full,1,core_learning_training_aware,0.7408844042135602,0.25,0.1,0.2,0.05,0.05,0.15,0.2
arithmetic,397,1.0,full,1,core_learning_training_aware,0.7791507646883867,0.25,0.1,0.2,0.05,0.05,0.15,0.2
geometric,397,0.0,traditional_ppo,3,core_learning_training_aware,0.4559452540479553,0.25,0.1,0.2,0.05,0.05,0.15,0.2
arithmetic,397,0.0,traditional_ppo,3,core_learning_training_aware,0.560837260438401,0.25,0.1,0.2,0.05,0.05,0.15,0.2
geometric,397,0.0,a2c_pointer,2,core_learning_training_aware,0.7382200313428514,0.25,0.1,0.2,0.05,0.05,0.15,0.2
arithmetic,397,0.0,a2c_pointer,2,core_learning_training_aware,0.774289874238319,0.25,0.1,0.2,0.05,0.05,0.15,0.2
geometric,398,1.0,full,1,core_learning_training_aware,0.7416685492249429,0.25,0.1,0.2,0.05,0.05,0.2,0.15
arithmetic,398,1.0,full,1,core_learning_training_aware,0.7801828645353936,0.25,0.1,0.2,0.05,0.05,0.2,0.15
geometric,398,0.0,traditional_ppo,3,core_learning_training_aware,0.49646900038335223,0.25,0.1,0.2,0.05,0.05,0.2,0.15
arithmetic,398,0.0,traditional_ppo,3,core_learning_training_aware,0.6011668731072362,0.25,0.1,0.2,0.05,0.05,0.2,0.15
geometric,398,0.0,a2c_pointer,2,core_learning_training_aware,0.7391238875182042,0.25,0.1,0.2,0.05,0.05,0.2,0.15
arithmetic,398,0.0,a2c_pointer,2,core_learning_training_aware,0.7754624975795132,0.25,0.1,0.2,0.05,0.05,0.2,0.15
geometric,399,1.0,full,1,core_learning_training_aware,0.7165577893152429,0.25,0.1,0.2,0.05,0.1,0.1,0.2
arithmetic,399,1.0,full,1,core_learning_training_aware,0.7551349186946421,0.25,0.1,0.2,0.05,0.1,0.1,0.2
geometric,399,0.0,traditional_ppo,3,core_learning_training_aware,0.4460012773445058,0.25,0.1,0.2,0.05,0.1,0.1,0.2
arithmetic,399,0.0,traditional_ppo,3,core_learning_training_aware,0.5432519034428078,0.25,0.1,0.2,0.05,0.1,0.1,0.2
geometric,399,0.0,a2c_pointer,2,core_learning_training_aware,0.715151873401901,0.25,0.1,0.2,0.05,0.1,0.1,0.2
arithmetic,399,0.0,a2c_pointer,2,core_learning_training_aware,0.7514910684930866,0.25,0.1,0.2,0.05,0.1,0.1,0.2
geometric,400,1.0,full,1,core_learning_training_aware,0.7173161872686394,0.25,0.1,0.2,0.05,0.1,0.15,0.15
arithmetic,400,1.0,full,1,core_learning_training_aware,0.7561670185416488,0.25,0.1,0.2,0.05,0.1,0.15,0.15
geometric,400,0.0,traditional_ppo,3,core_learning_training_aware,0.48564121759590906,0.25,0.1,0.2,0.05,0.1,0.15,0.15
arithmetic,400,0.0,traditional_ppo,3,core_learning_training_aware,0.5835815161116428,0.25,0.1,0.2,0.05,0.1,0.15,0.15
geometric,400,0.0,a2c_pointer,2,core_learning_training_aware,0.7160274855631068,0.25,0.1,0.2,0.05,0.1,0.15,0.15
arithmetic,400,0.0,a2c_pointer,2,core_learning_training_aware,0.7526636918342807,0.25,0.1,0.2,0.05,0.1,0.15,0.15
geometric,401,1.0,full,1,core_learning_training_aware,0.7180753879032215,0.25,0.1,0.2,0.05,0.1,0.2,0.1
arithmetic,401,1.0,full,1,core_learning_training_aware,0.7571991183886553,0.25,0.1,0.2,0.05,0.1,0.2,0.1
geometric,401,0.0,traditional_ppo,3,core_learning_training_aware,0.5288042976743784,0.25,0.1,0.2,0.05,0.1,0.2,0.1
arithmetic,401,0.0,traditional_ppo,3,core_learning_training_aware,0.6239111287804777,0.25,0.1,0.2,0.05,0.1,0.2,0.1
geometric,401,0.0,a2c_pointer,2,core_learning_training_aware,0.7169041697996092,0.25,0.1,0.2,0.05,0.1,0.2,0.1
arithmetic,401,0.0,a2c_pointer,2,core_learning_training_aware,0.7538363151754746,0.25,0.1,0.2,0.05,0.1,0.2,0.1
geometric,402,1.0,full,1,core_learning_training_aware,0.6930299281618357,0.25,0.1,0.2,0.05,0.15,0.05,0.2
arithmetic,402,1.0,full,1,core_learning_training_aware,0.731119072700897,0.25,0.1,0.2,0.05,0.15,0.05,0.2
geometric,402,0.0,traditional_ppo,3,core_learning_training_aware,0.43627417464468043,0.25,0.1,0.2,0.05,0.15,0.05,0.2
arithmetic,402,0.0,traditional_ppo,3,core_learning_training_aware,0.5256665464472143,0.25,0.1,0.2,0.05,0.15,0.05,0.2
geometric,402,0.0,a2c_pointer,2,core_learning_training_aware,0.6928045573349115,0.25,0.1,0.2,0.05,0.15,0.05,0.2
arithmetic,402,0.0,a2c_pointer,2,core_learning_training_aware,0.7286922627478539,0.25,0.1,0.2,0.05,0.15,0.05,0.2
geometric,403,1.0,full,1,core_learning_training_aware,0.6937634244506176,0.25,0.1,0.2,0.05,0.15,0.1,0.15
arithmetic,403,1.0,full,1,core_learning_training_aware,0.732151172547904,0.25,0.1,0.2,0.05,0.15,0.1,0.15
geometric,403,0.0,traditional_ppo,3,core_learning_training_aware,0.47504958425586635,0.25,0.1,0.2,0.05,0.15,0.1,0.15
arithmetic,403,0.0,traditional_ppo,3,core_learning_training_aware,0.5659961591160495,0.25,0.1,0.2,0.05,0.15,0.1,0.15
geometric,403,0.0,a2c_pointer,2,core_learning_training_aware,0.6936528080608105,0.25,0.1,0.2,0.05,0.15,0.1,0.15
arithmetic,403,0.0,a2c_pointer,2,core_learning_training_aware,0.7298648860890481,0.25,0.1,0.2,0.05,0.15,0.1,0.15
geometric,404,0.0,full,2,core_learning_training_aware,0.6944976970648997,0.25,0.1,0.2,0.05,0.15,0.15,0.1
arithmetic,404,1.0,full,1,core_learning_training_aware,0.7331832723949104,0.25,0.1,0.2,0.05,0.15,0.15,0.1
geometric,404,0.0,traditional_ppo,3,core_learning_training_aware,0.5172712954771347,0.25,0.1,0.2,0.05,0.15,0.15,0.1
arithmetic,404,0.0,traditional_ppo,3,core_learning_training_aware,0.6063257717848843,0.25,0.1,0.2,0.05,0.15,0.15,0.1
geometric,404,1.0,a2c_pointer,1,core_learning_training_aware,0.6945020973614221,0.25,0.1,0.2,0.05,0.15,0.15,0.1
arithmetic,404,0.0,a2c_pointer,2,core_learning_training_aware,0.7310375094302423,0.25,0.1,0.2,0.05,0.15,0.15,0.1
geometric,405,0.0,full,2,core_learning_training_aware,0.6952327468263376,0.25,0.1,0.2,0.05,0.15,0.2,0.05
arithmetic,405,1.0,full,1,core_learning_training_aware,0.7342153722419172,0.25,0.1,0.2,0.05,0.15,0.2,0.05
geometric,405,0.0,traditional_ppo,3,core_learning_training_aware,0.5632456105476297,0.25,0.1,0.2,0.05,0.15,0.2,0.05
arithmetic,405,0.0,traditional_ppo,3,core_learning_training_aware,0.6466553844537195,0.25,0.1,0.2,0.05,0.15,0.2,0.05
geometric,405,1.0,a2c_pointer,1,core_learning_training_aware,0.6953524265083484,0.25,0.1,0.2,0.05,0.15,0.2,0.05
arithmetic,405,0.0,a2c_pointer,2,core_learning_training_aware,0.7322101327714363,0.25,0.1,0.2,0.05,0.15,0.2,0.05
geometric,406,1.0,full,1,core_learning_training_aware,0.7383700737208528,0.25,0.1,0.2,0.1,0.05,0.1,0.2
arithmetic,406,1.0,full,1,core_learning_training_aware,0.7759101949539606,0.25,0.1,0.2,0.1,0.05,0.1,0.2
geometric,406,0.0,traditional_ppo,3,core_learning_training_aware,0.455010683489901,0.25,0.1,0.2,0.1,0.05,0.1,0.2
arithmetic,406,0.0,traditional_ppo,3,core_learning_training_aware,0.5588546349325929,0.25,0.1,0.2,0.1,0.05,0.1,0.2
geometric,406,0.0,a2c_pointer,2,core_learning_training_aware,0.7357314309206121,0.25,0.1,0.2,0.1,0.05,0.1,0.2
arithmetic,406,0.0,a2c_pointer,2,core_learning_training_aware,0.7711222487628706,0.25,0.1,0.2,0.1,0.05,0.1,0.2
geometric,407,1.0,full,1,core_learning_training_aware,0.7391515575887405,0.25,0.1,0.2,0.1,0.05,0.15,0.15
arithmetic,407,1.0,full,1,core_learning_training_aware,0.7769422948009672,0.25,0.1,0.2,0.1,0.05,0.15,0.15
geometric,407,0.0,traditional_ppo,3,core_learning_training_aware,0.4954513665630075,0.25,0.1,0.2,0.1,0.05,0.15,0.15
arithmetic,407,0.0,traditional_ppo,3,core_learning_training_aware,0.5991842476014279,0.25,0.1,0.2,0.1,0.05,0.15,0.15
geometric,407,0.0,a2c_pointer,2,core_learning_training_aware,0.7366322401224827,0.25,0.1,0.2,0.1,0.05,0.15,0.15
arithmetic,407,0.0,a2c_pointer,2,core_learning_training_aware,0.7722948721040647,0.25,0.1,0.2,0.1,0.05,0.15,0.15
geometric,408,1.0,full,1,core_learning_training_aware,0.7399338685717262,0.25,0.1,0.2,0.1,0.05,0.2,0.1
arithmetic,408,1.0,full,1,core_learning_training_aware,0.7779743946479738,0.25,0.1,0.2,0.1,0.05,0.2,0.1
geometric,408,0.0,traditional_ppo,3,core_learning_training_aware,0.5394863583122876,0.25,0.1,0.2,0.1,0.05,0.2,0.1
arithmetic,408,0.0,traditional_ppo,3,core_learning_training_aware,0.6395138602702628,0.25,0.1,0.2,0.1,0.05,0.2,0.1
geometric,408,0.0,a2c_pointer,2,core_learning_training_aware,0.7375341522502092,0.25,0.1,0.2,0.1,0.05,0.2,0.1
arithmetic,408,0.0,a2c_pointer,2,core_learning_training_aware,0.7734674954452587,0.25,0.1,0.2,0.1,0.05,0.2,0.1
geometric,409,1.0,full,1,core_learning_training_aware,0.7141260157629642,0.25,0.1,0.2,0.1,0.1,0.05,0.2
arithmetic,409,1.0,full,1,core_learning_training_aware,0.7518943489602157,0.25,0.1,0.2,0.1,0.1,0.05,0.2
geometric,409,0.0,traditional_ppo,3,core_learning_training_aware,0.4450870893823324,0.25,0.1,0.2,0.1,0.1,0.05,0.2
arithmetic,409,0.0,traditional_ppo,3,core_learning_training_aware,0.5412692779369995,0.25,0.1,0.2,0.1,0.1,0.05,0.2
geometric,409,0.0,a2c_pointer,2,core_learning_training_aware,0.7127410376367488,0.25,0.1,0.2,0.1,0.1,0.05,0.2
arithmetic,409,0.0,a2c_pointer,2,core_learning_training_aware,0.7483234430176381,0.25,0.1,0.2,0.1,0.1,0.05,0.2
geometric,410,1.0,full,1,core_learning_training_aware,0.7148818399503468,0.25,0.1,0.2,0.1,0.1,0.1,0.15
arithmetic,410,1.0,full,1,core_learning_training_aware,0.7529264488072225,0.25,0.1,0.2,0.1,0.1,0.1,0.15
geometric,410,0.0,traditional_ppo,3,core_learning_training_aware,0.48464577794671154,0.25,0.1,0.2,0.1,0.1,0.1,0.15
arithmetic,410,0.0,traditional_ppo,3,core_learning_training_aware,0.5815988906058346,0.25,0.1,0.2,0.1,0.1,0.1,0.15
geometric,410,0.0,a2c_pointer,2,core_learning_training_aware,0.7136136980373661,0.25,0.1,0.2,0.1,0.1,0.1,0.15
arithmetic,410,0.0,a2c_pointer,2,core_learning_training_aware,0.7494960663588323,0.25,0.1,0.2,0.1,0.1,0.1,0.15
geometric,411,1.0,full,1,core_learning_training_aware,0.7156384640948653,0.25,0.1,0.2,0.1,0.1,0.15,0.1
arithmetic,411,1.0,full,1,core_learning_training_aware,0.7539585486542291,0.25,0.1,0.2,0.1,0.1,0.15,0.1
geometric,411,0.0,traditional_ppo,3,core_learning_training_aware,0.5277203848072274,0.25,0.1,0.2,0.1,0.1,0.15,0.1
arithmetic,411,0.0,traditional_ppo,3,core_learning_training_aware,0.6219285032746695,0.25,0.1,0.2,0.1,0.1,0.15,0.1
geometric,411,0.0,a2c_pointer,2,core_learning_training_aware,0.7144874268992262,0.25,0.1,0.2,0.1,0.1,0.15,0.1
arithmetic,411,0.0,a2c_pointer,2,core_learning_training_aware,0.7506686897000263,0.25,0.1,0.2,0.1,0.1,0.15,0.1
geometric,412,1.0,full,1,core_learning_training_aware,0.7163958890431866,0.25,0.1,0.2,0.1,0.1,0.2,0.05
arithmetic,412,1.0,full,1,core_learning_training_aware,0.7549906485012359,0.25,0.1,0.2,0.1,0.1,0.2,0.05
geometric,412,0.0,traditional_ppo,3,core_learning_training_aware,0.5746233996321102,0.25,0.1,0.2,0.1,0.1,0.2,0.05
arithmetic,412,0.0,traditional_ppo,3,core_learning_training_aware,0.6622581159435047,0.25,0.1,0.2,0.1,0.1,0.2,0.05
geometric,412,0.0,a2c_pointer,2,core_learning_training_aware,0.7153622255305232,0.25,0.1,0.2,0.1,0.1,0.2,0.05
arithmetic,412,0.0,a2c_pointer,2,core_learning_training_aware,0.7518413130412205,0.25,0.1,0.2,0.1,0.1,0.2,0.05
geometric,413,1.0,full,1,core_learning_training_aware,0.691409007860255,0.25,0.1,0.2,0.1,0.15,0.05,0.15
arithmetic,413,1.0,full,1,core_learning_training_aware,0.7289106028134775,0.25,0.1,0.2,0.1,0.15,0.05,0.15
geometric,413,0.0,traditional_ppo,3,core_learning_training_aware,0.4740758547321575,0.25,0.1,0.2,0.1,0.15,0.05,0.15
arithmetic,413,0.0,traditional_ppo,3,core_learning_training_aware,0.5640135336102412,0.25,0.1,0.2,0.1,0.15,0.05,0.15
geometric,413,0.0,a2c_pointer,2,core_learning_training_aware,0.6913144474125801,0.25,0.1,0.2,0.1,0.15,0.05,0.15
arithmetic,413,0.0,a2c_pointer,2,core_learning_training_aware,0.7266972606135996,0.25,0.1,0.2,0.1,0.15,0.05,0.15
geometric,414,0.0,full,2,core_learning_training_aware,0.6921407885823965,0.25,0.1,0.2,0.1,0.15,0.1,0.1
arithmetic,414,1.0,full,1,core_learning_training_aware,0.7299427026604843,0.25,0.1,0.2,0.1,0.15,0.1,0.1
geometric,414,0.0,traditional_ppo,3,core_learning_training_aware,0.5162110222996258,0.25,0.1,0.2,0.1,0.15,0.1,0.1
arithmetic,414,0.0,traditional_ppo,3,core_learning_training_aware,0.6043431462790763,0.25,0.1,0.2,0.1,0.15,0.1,0.1
geometric,414,1.0,a2c_pointer,1,core_learning_training_aware,0.6921608736891306,0.25,0.1,0.2,0.1,0.15,0.1,0.1
arithmetic,414,0.0,a2c_pointer,2,core_learning_training_aware,0.7278698839547939,0.25,0.1,0.2,0.1,0.15,0.1,0.1
geometric,415,0.0,full,2,core_learning_training_aware,0.6928733438142987,0.25,0.1,0.2,0.1,0.15,0.15,0.05
arithmetic,415,1.0,full,1,core_learning_training_aware,0.7309748025074909,0.25,0.1,0.2,0.1,0.15,0.15,0.05
geometric,415,0.0,traditional_ppo,3,core_learning_training_aware,0.5620911018431357,0.25,0.1,0.2,0.1,0.15,0.15,0.05
arithmetic,415,0.0,traditional_ppo,3,core_learning_training_aware,0.6446727589479113,0.25,0.1,0.2,0.1,0.15,0.15,0.05
geometric,415,1.0,a2c_pointer,1,core_learning_training_aware,0.6930083363065883,0.25,0.1,0.2,0.1,0.15,0.15,0.05
arithmetic,415,0.0,a2c_pointer,2,core_learning_training_aware,0.729042507295988,0.25,0.1,0.2,0.1,0.15,0.15,0.05
geometric,416,1.0,full,1,core_learning_training_aware,0.7358642760813013,0.25,0.1,0.2,0.15,0.05,0.05,0.2
arithmetic,416,1.0,full,1,core_learning_training_aware,0.772669625219534,0.25,0.1,0.2,0.15,0.05,0.05,0.2
geometric,416,0.0,traditional_ppo,3,core_learning_training_aware,0.45407802856123486,0.25,0.1,0.2,0.15,0.05,0.05,0.2
arithmetic,416,0.0,traditional_ppo,3,core_learning_training_aware,0.5568720094267845,0.25,0.1,0.2,0.15,0.05,0.05,0.2
geometric,416,0.0,a2c_pointer,2,core_learning_training_aware,0.7332512197750095,0.25,0.1,0.2,0.15,0.05,0.05,0.2
arithmetic,416,0.0,a2c_pointer,2,core_learning_training_aware,0.7679546232874218,0.25,0.1,0.2,0.15,0.05,0.05,0.2
geometric,417,1.0,full,1,core_learning_training_aware,0.7366431078367847,0.25,0.1,0.2,0.15,0.05,0.1,0.15
arithmetic,417,1.0,full,1,core_learning_training_aware,0.773701725066541,0.25,0.1,0.2,0.15,0.05,0.1,0.15
geometric,417,0.0,traditional_ppo,3,core_learning_training_aware,0.49443581863038477,0.25,0.1,0.2,0.15,0.05,0.1,0.15
arithmetic,417,0.0,traditional_ppo,3,core_learning_training_aware,0.5972016220956197,0.25,0.1,0.2,0.15,0.05,0.1,0.15
geometric,417,0.0,a2c_pointer,2,core_learning_training_aware,0.7341489922749959,0.25,0.1,0.2,0.15,0.05,0.1,0.15
arithmetic,417,0.0,a2c_pointer,2,core_learning_training_aware,0.7691272466286162,0.25,0.1,0.2,0.15,0.05,0.1,0.15
geometric,418,1.0,full,1,core_learning_training_aware,0.7374227639003953,0.25,0.1,0.2,0.15,0.05,0.15,0.1
arithmetic,418,1.0,full,1,core_learning_training_aware,0.7747338249135474,0.25,0.1,0.2,0.15,0.05,0.15,0.1
geometric,418,0.0,traditional_ppo,3,core_learning_training_aware,0.5383805499669341,0.25,0.1,0.2,0.15,0.05,0.15,0.1
arithmetic,418,0.0,traditional_ppo,3,core_learning_training_aware,0.6375312347644545,0.25,0.1,0.2,0.15,0.05,0.15,0.1
geometric,418,0.0,a2c_pointer,2,core_learning_training_aware,0.7350478639827843,0.25,0.1,0.2,0.15,0.05,0.15,0.1
arithmetic,418,0.0,a2c_pointer,2,core_learning_training_aware,0.77029986996981,0.25,0.1,0.2,0.15,0.05,0.15,0.1
geometric,419,1.0,full,1,core_learning_training_aware,0.7382032451445731,0.25,0.1,0.2,0.15,0.05,0.2,0.05
arithmetic,419,1.0,full,1,core_learning_training_aware,0.7757659247605542,0.25,0.1,0.2,0.15,0.05,0.2,0.05
geometric,419,0.0,traditional_ppo,3,core_learning_training_aware,0.586231024656768,0.25,0.1,0.2,0.15,0.05,0.2,0.05
arithmetic,419,0.0,traditional_ppo,3,core_learning_training_aware,0.6778608474332897,0.25,0.1,0.2,0.15,0.05,0.2,0.05
geometric,419,0.0,a2c_pointer,2,core_learning_training_aware,0.7359478362442147,0.25,0.1,0.2,0.15,0.05,0.2,0.05
arithmetic,419,0.0,a2c_pointer,2,core_learning_training_aware,0.7714724933110042,0.25,0.1,0.2,0.15,0.05,0.2,0.05
geometric,420,1.0,full,1,core_learning_training_aware,0.7124557540472728,0.25,0.1,0.2,0.15,0.1,0.05,0.15
arithmetic,420,1.0,full,1,core_learning_training_aware,0.7496858790727959,0.25,0.1,0.2,0.15,0.1,0.05,0.15
geometric,420,0.0,traditional_ppo,3,core_learning_training_aware,0.48365237869289096,0.25,0.1,0.2,0.15,0.1,0.05,0.15
arithmetic,420,0.0,traditional_ppo,3,core_learning_training_aware,0.5796162651000263,0.25,0.1,0.2,0.15,0.1,0.05,0.15
geometric,420,0.0,a2c_pointer,2,core_learning_training_aware,0.7112080475878368,0.25,0.1,0.2,0.15,0.1,0.05,0.15
arithmetic,420,0.0,a2c_pointer,2,core_learning_training_aware,0.7463284408833836,0.25,0.1,0.2,0.15,0.1,0.05,0.15
geometric,421,1.0,full,1,core_learning_training_aware,0.7132098104455312,0.25,0.1,0.2,0.15,0.1,0.1,0.1
arithmetic,421,1.0,full,1,core_learning_training_aware,0.7507179789198026,0.25,0.1,0.2,0.15,0.1,0.1,0.1
geometric,421,0.0,traditional_ppo,3,core_learning_training_aware,0.5266386936828057,0.25,0.1,0.2,0.15,0.1,0.1,0.1
arithmetic,421,0.0,traditional_ppo,3,core_learning_training_aware,0.6199458777688613,0.25,0.1,0.2,0.15,0.1,0.1,0.1
geometric,421,0.0,a2c_pointer,2,core_learning_training_aware,0.7120788310378654,0.25,0.1,0.2,0.15,0.1,0.1,0.1
arithmetic,421,0.0,a2c_pointer,2,core_learning_training_aware,0.7475010642245778,0.25,0.1,0.2,0.15,0.1,0.1,0.1
geometric,422,1.0,full,1,core_learning_training_aware,0.7139646649299143,0.25,0.1,0.2,0.15,0.1,0.15,0.05
arithmetic,422,1.0,full,1,core_learning_training_aware,0.7517500787668094,0.25,0.1,0.2,0.15,0.1,0.15,0.05
geometric,422,0.0,traditional_ppo,3,core_learning_training_aware,0.5734455693849536,0.25,0.1,0.2,0.15,0.1,0.15,0.05
arithmetic,422,0.0,traditional_ppo,3,core_learning_training_aware,0.6602754904376964,0.25,0.1,0.2,0.15,0.1,0.15,0.05
geometric,422,0.0,a2c_pointer,2,core_learning_training_aware,0.7129506806510503,0.25,0.1,0.2,0.15,0.1,0.15,0.05
arithmetic,422,0.0,a2c_pointer,2,core_learning_training_aware,0.7486736875657719,0.25,0.1,0.2,0.15,0.1,0.15,0.05
geometric,423,0.0,full,2,core_learning_training_aware,0.6897918787118662,0.25,0.1,0.2,0.15,0.15,0.05,0.1
arithmetic,423,1.0,full,1,core_learning_training_aware,0.7267021329260577,0.25,0.1,0.2,0.15,0.15,0.05,0.1
geometric,423,0.0,traditional_ppo,3,core_learning_training_aware,0.5151529224095598,0.25,0.1,0.2,0.15,0.15,0.05,0.1
arithmetic,423,0.0,traditional_ppo,3,core_learning_training_aware,0.6023605207732678,0.25,0.1,0.2,0.15,0.15,0.05,0.1
geometric,423,1.0,a2c_pointer,1,core_learning_training_aware,0.6898275424743343,0.25,0.1,0.2,0.15,0.15,0.05,0.1
arithmetic,423,0.0,a2c_pointer,2,core_learning_training_aware,0.7247022584793451,0.25,0.1,0.2,0.15,0.15,0.05,0.1
geometric,424,0.0,full,2,core_learning_training_aware,0.6905219478798875,0.25,0.1,0.2,0.15,0.15,0.1,0.05
arithmetic,424,1.0,full,1,core_learning_training_aware,0.7277342327730645,0.25,0.1,0.2,0.15,0.15,0.1,0.05
geometric,424,0.0,traditional_ppo,3,core_learning_training_aware,0.560938959584689,0.25,0.1,0.2,0.15,0.15,0.1,0.05
arithmetic,424,0.0,traditional_ppo,3,core_learning_training_aware,0.6426901334421031,0.25,0.1,0.2,0.15,0.15,0.1,0.05
geometric,424,1.0,a2c_pointer,1,core_learning_training_aware,0.69067214822563,0.25,0.1,0.2,0.15,0.15,0.1,0.05
arithmetic,424,0.0,a2c_pointer,2,core_learning_training_aware,0.7258748818205394,0.25,0.1,0.2,0.15,0.15,0.1,0.05
geometric,425,1.0,full,1,core_learning_training_aware,0.738571435274169,0.25,0.1,0.25,0.05,0.05,0.1,0.2
arithmetic,425,1.0,full,1,core_learning_training_aware,0.7761620740801367,0.25,0.1,0.25,0.05,0.05,0.1,0.2
geometric,425,0.0,traditional_ppo,3,core_learning_training_aware,0.45458789388747556,0.25,0.1,0.25,0.05,0.05,0.1,0.2
arithmetic,425,0.0,traditional_ppo,3,core_learning_training_aware,0.5579828129502712,0.25,0.1,0.25,0.05,0.05,0.1,0.2
geometric,425,0.0,a2c_pointer,2,core_learning_training_aware,0.7365221584476186,0.25,0.1,0.25,0.05,0.05,0.1,0.2
arithmetic,425,0.0,a2c_pointer,2,core_learning_training_aware,0.772106784402162,0.25,0.1,0.25,0.05,0.05,0.1,0.2
geometric,426,1.0,full,1,core_learning_training_aware,0.7393531322612108,0.25,0.1,0.25,0.05,0.05,0.15,0.15
arithmetic,426,1.0,full,1,core_learning_training_aware,0.7771941739271434,0.25,0.1,0.25,0.05,0.05,0.15,0.15
geometric,426,0.0,traditional_ppo,3,core_learning_training_aware,0.49499100003999824,0.25,0.1,0.25,0.05,0.05,0.15,0.15
arithmetic,426,0.0,traditional_ppo,3,core_learning_training_aware,0.5983124256191062,0.25,0.1,0.25,0.05,0.05,0.15,0.15
geometric,426,0.0,a2c_pointer,2,core_learning_training_aware,0.737423935794389,0.25,0.1,0.25,0.05,0.05,0.15,0.15
arithmetic,426,0.0,a2c_pointer,2,core_learning_training_aware,0.7732794077433561,0.25,0.1,0.25,0.05,0.05,0.15,0.15
geometric,427,1.0,full,1,core_learning_training_aware,0.7401356565889138,0.25,0.1,0.25,0.05,0.05,0.2,0.1
arithmetic,427,1.0,full,1,core_learning_training_aware,0.7782262737741499,0.25,0.1,0.25,0.05,0.05,0.2,0.1
geometric,427,0.0,traditional_ppo,3,core_learning_training_aware,0.5389850750870337,0.25,0.1,0.25,0.05,0.05,0.2,0.1
arithmetic,427,0.0,traditional_ppo,3,core_learning_training_aware,0.6386420382879411,0.25,0.1,0.25,0.05,0.05,0.2,0.1
geometric,427,0.0,a2c_pointer,2,core_learning_training_aware,0.7383268172523851,0.25,0.1,0.25,0.05,0.05,0.2,0.1
arithmetic,427,0.0,a2c_pointer,2,core_learning_training_aware,0.77445203108455,0.25,0.1,0.25,0.05,0.05,0.2,0.1
geometric,428,1.0,full,1,core_learning_training_aware,0.7143207656978754,0.25,0.1,0.25,0.05,0.1,0.05,0.2
arithmetic,428,1.0,full,1,core_learning_training_aware,0.7521462280863918,0.25,0.1,0.25,0.05,0.1,0.05,0.2
geometric,428,0.0,traditional_ppo,3,core_learning_training_aware,0.44467352064561316,0.25,0.1,0.25,0.05,0.1,0.05,0.2
arithmetic,428,0.0,traditional_ppo,3,core_learning_training_aware,0.5403974559546779,0.25,0.1,0.25,0.05,0.1,0.05,0.2
geometric,428,0.0,a2c_pointer,2,core_learning_training_aware,0.7135070562332104,0.25,0.1,0.25,0.05,0.1,0.05,0.2
arithmetic,428,0.0,a2c_pointer,2,core_learning_training_aware,0.7493079786569294,0.25,0.1,0.25,0.05,0.1,0.05,0.2
geometric,429,1.0,full,1,core_learning_training_aware,0.715076796006738,0.25,0.1,0.25,0.05,0.1,0.1,0.15
arithmetic,429,1.0,full,1,core_learning_training_aware,0.7531783279333986,0.25,0.1,0.25,0.05,0.1,0.1,0.15
geometric,429,0.0,traditional_ppo,3,core_learning_training_aware,0.4841954518264463,0.25,0.1,0.25,0.05,0.1,0.1,0.15
arithmetic,429,0.0,traditional_ppo,3,core_learning_training_aware,0.5807270686235129,0.25,0.1,0.25,0.05,0.1,0.1,0.15
geometric,429,0.0,a2c_pointer,2,core_learning_training_aware,0.7143806545257969,0.25,0.1,0.25,0.05,0.1,0.1,0.15
arithmetic,429,0.0,a2c_pointer,2,core_learning_training_aware,0.7504806019981235,0.25,0.1,0.25,0.05,0.1,0.1,0.15
geometric,430,1.0,full,1,core_learning_training_aware,0.7158336264908935,0.25,0.1,0.25,0.05,0.1,0.15,0.1
arithmetic,430,1.0,full,1,core_learning_training_aware,0.7542104277804051,0.25,0.1,0.25,0.05,0.1,0.15,0.1
geometric,430,0.0,traditional_ppo,3,core_learning_training_aware,0.5272300343610068,0.25,0.1,0.25,0.05,0.1,0.15,0.1
arithmetic,430,0.0,traditional_ppo,3,core_learning_training_aware,0.6210566812923479,0.25,0.1,0.25,0.05,0.1,0.15,0.1
geometric,430,0.0,a2c_pointer,2,core_learning_training_aware,0.7152553224279551,0.25,0.1,0.25,0.05,0.1,0.15,0.1
arithmetic,430,0.0,a2c_pointer,2,core_learning_training_aware,0.7516532253393178,0.25,0.1,0.25,0.05,0.1,0.15,0.1
geometric,431,1.0,full,1,core_learning_training_aware,0.7165912579972399,0.25,0.1,0.25,0.05,0.1,0.2,0.05
arithmetic,431,1.0,full,1,core_learning_training_aware,0.755242527627412,0.25,0.1,0.25,0.05,0.1,0.2,0.05
geometric,431,0.0,traditional_ppo,3,core_learning_training_aware,0.5740894675564687,0.25,0.1,0.25,0.05,0.1,0.2,0.05
arithmetic,431,0.0,traditional_ppo,3,core_learning_training_aware,0.661386293961183,0.25,0.1,0.25,0.05,0.1,0.2,0.05
geometric,431,0.0,a2c_pointer,2,core_learning_training_aware,0.7161310612492852,0.25,0.1,0.25,0.05,0.1,0.2,0.05
arithmetic,431,0.0,a2c_pointer,2,core_learning_training_aware,0.7528258486805118,0.25,0.1,0.25,0.05,0.1,0.2,0.05
geometric,432,0.0,full,2,core_learning_training_aware,0.6915975626199272,0.25,0.1,0.25,0.05,0.15,0.05,0.15
arithmetic,432,1.0,full,1,core_learning_training_aware,0.7291624819396536,0.25,0.1,0.25,0.05,0.15,0.05,0.15
geometric,432,0.0,traditional_ppo,3,core_learning_training_aware,0.4736353500376208,0.25,0.1,0.25,0.05,0.15,0.05,0.15
arithmetic,432,0.0,traditional_ppo,3,core_learning_training_aware,0.5631417116279196,0.25,0.1,0.25,0.05,0.15,0.05,0.15
geometric,432,1.0,a2c_pointer,1,core_learning_training_aware,0.6920574377762001,0.25,0.1,0.25,0.05,0.15,0.05,0.15
arithmetic,432,0.0,a2c_pointer,2,core_learning_training_aware,0.727681796252891,0.25,0.1,0.25,0.05,0.15,0.05,0.15
geometric,433,0.0,full,2,core_learning_training_aware,0.6923295429066341,0.25,0.1,0.25,0.05,0.15,0.1,0.1
arithmetic,433,1.0,full,1,core_learning_training_aware,0.7301945817866604,0.25,0.1,0.25,0.05,0.15,0.1,0.1
geometric,433,0.0,traditional_ppo,3,core_learning_training_aware,0.5157313661930665,0.25,0.1,0.25,0.05,0.15,0.1,0.1
arithmetic,433,0.0,traditional_ppo,3,core_learning_training_aware,0.6034713242967545,0.25,0.1,0.25,0.05,0.15,0.1,0.1
geometric,433,1.0,a2c_pointer,1,core_learning_training_aware,0.6929047737495888,0.25,0.1,0.25,0.05,0.15,0.1,0.1
arithmetic,433,0.0,a2c_pointer,2,core_learning_training_aware,0.7288544195940851,0.25,0.1,0.25,0.05,0.15,0.1,0.1
geometric,434,0.0,full,2,core_learning_training_aware,0.693062297914319,0.25,0.1,0.25,0.05,0.15,0.15,0.05
arithmetic,434,1.0,full,1,core_learning_training_aware,0.731226681633667,0.25,0.1,0.25,0.05,0.15,0.15,0.05
geometric,434,0.0,traditional_ppo,3,core_learning_training_aware,0.5615688146044001,0.25,0.1,0.25,0.05,0.15,0.15,0.05
arithmetic,434,0.0,traditional_ppo,3,core_learning_training_aware,0.6438009369655897,0.25,0.1,0.25,0.05,0.15,0.15,0.05
geometric,434,1.0,a2c_pointer,1,core_learning_training_aware,0.6937531471776923,0.25,0.1,0.25,0.05,0.15,0.15,0.05
arithmetic,434,0.0,a2c_pointer,2,core_learning_training_aware,0.7300270429352793,0.25,0.1,0.25,0.05,0.15,0.15,0.05
geometric,435,1.0,full,1,core_learning_training_aware,0.7360649542763354,0.25,0.1,0.25,0.1,0.05,0.05,0.2
arithmetic,435,1.0,full,1,core_learning_training_aware,0.7729215043457104,0.25,0.1,0.25,0.1,0.05,0.05,0.2
geometric,435,0.0,traditional_ppo,3,core_learning_training_aware,0.45365610556880515,0.25,0.1,0.25,0.1,0.05,0.05,0.2
arithmetic,435,0.0,traditional_ppo,3,core_learning_training_aware,0.556000187444463,0.25,0.1,0.25,0.1,0.05,0.05,0.2
geometric,435,0.0,a2c_pointer,2,core_learning_training_aware,0.7340392816945086,0.25,0.1,0.25,0.1,0.05,0.05,0.2
arithmetic,435,0.0,a2c_pointer,2,core_learning_training_aware,0.7689391589267134,0.25,0.1,0.25,0.1,0.05,0.05,0.2
geometric,436,1.0,full,1,core_learning_training_aware,0.7368439984277131,0.25,0.1,0.25,0.1,0.05,0.1,0.15
arithmetic,436,1.0,full,1,core_learning_training_aware,0.7739536041927171,0.25,0.1,0.25,0.1,0.05,0.1,0.15
geometric,436,0.0,traditional_ppo,3,core_learning_training_aware,0.4939763957403984,0.25,0.1,0.25,0.1,0.05,0.1,0.15
arithmetic,436,0.0,traditional_ppo,3,core_learning_training_aware,0.5963298001132981,0.25,0.1,0.25,0.1,0.05,0.1,0.15
geometric,436,0.0,a2c_pointer,2,core_learning_training_aware,0.7349380190756988,0.25,0.1,0.25,0.1,0.05,0.1,0.15
arithmetic,436,0.0,a2c_pointer,2,core_learning_training_aware,0.7701117822679074,0.25,0.1,0.25,0.1,0.05,0.1,0.15
geometric,437,1.0,full,1,core_learning_training_aware,0.7376238671120157,0.25,0.1,0.25,0.1,0.05,0.15,0.1
arithmetic,437,1.0,full,1,core_learning_training_aware,0.7749857040397239,0.25,0.1,0.25,0.1,0.05,0.15,0.1
geometric,437,0.0,traditional_ppo,3,core_learning_training_aware,0.5378802942434239,0.25,0.1,0.25,0.1,0.05,0.15,0.1
arithmetic,437,0.0,traditional_ppo,3,core_learning_training_aware,0.636659412782133,0.25,0.1,0.25,0.1,0.05,0.15,0.1
geometric,437,0.0,a2c_pointer,2,core_learning_training_aware,0.735837856846065,0.25,0.1,0.25,0.1,0.05,0.15,0.1
arithmetic,437,0.0,a2c_pointer,2,core_learning_training_aware,0.7712844056091017,0.25,0.1,0.25,0.1,0.05,0.15,0.1
geometric,438,1.0,full,1,core_learning_training_aware,0.7384045612019212,0.25,0.1,0.25,0.1,0.05,0.2,0.05
arithmetic,438,1.0,full,1,core_learning_training_aware,0.7760178038867306,0.25,0.1,0.25,0.1,0.05,0.2,0.05
geometric,438,0.0,traditional_ppo,3,core_learning_training_aware,0.5856863069373002,0.25,0.1,0.25,0.1,0.05,0.2,0.05
arithmetic,438,0.0,traditional_ppo,3,core_learning_training_aware,0.6769890254509682,0.25,0.1,0.25,0.1,0.05,0.2,0.05
geometric,438,0.0,a2c_pointer,2,core_learning_training_aware,0.7367387963528931,0.25,0.1,0.25,0.1,0.05,0.2,0.05
arithmetic,438,0.0,a2c_pointer,2,core_learning_training_aware,0.7724570289502958,0.25,0.1,0.25,0.1,0.05,0.2,0.05
geometric,439,1.0,full,1,core_learning_training_aware,0.71265004848364,0.25,0.1,0.25,0.1,0.1,0.05,0.15
arithmetic,439,1.0,full,1,core_learning_training_aware,0.7499377581989721,0.25,0.1,0.25,0.1,0.1,0.05,0.15
geometric,439,0.0,traditional_ppo,3,core_learning_training_aware,0.4832029756254041,0.25,0.1,0.25,0.1,0.1,0.05,0.15
arithmetic,439,0.0,traditional_ppo,3,core_learning_training_aware,0.5787444431177047,0.25,0.1,0.25,0.1,0.1,0.05,0.15
geometric,439,0.0,a2c_pointer,2,core_learning_training_aware,0.7119724186028858,0.25,0.1,0.25,0.1,0.1,0.05,0.15
arithmetic,439,0.0,a2c_pointer,2,core_learning_training_aware,0.7473129765226749,0.25,0.1,0.25,0.1,0.1,0.05,0.15
geometric,440,1.0,full,1,core_learning_training_aware,0.7134043105212831,0.25,0.1,0.25,0.1,0.1,0.1,0.1
arithmetic,440,1.0,full,1,core_learning_training_aware,0.750969858045979,0.25,0.1,0.25,0.1,0.1,0.1,0.1
geometric,440,0.0,traditional_ppo,3,core_learning_training_aware,0.5261493483289422,0.25,0.1,0.25,0.1,0.1,0.1,0.1
arithmetic,440,0.0,traditional_ppo,3,core_learning_training_aware,0.6190740557865398,0.25,0.1,0.25,0.1,0.1,0.1,0.1
geometric,440,0.0,a2c_pointer,2,core_learning_training_aware,0.7128441379276304,0.25,0.1,0.25,0.1,0.1,0.1,0.1
arithmetic,440,0.0,a2c_pointer,2,core_learning_training_aware,0.7484855998638692,0.25,0.1,0.25,0.1,0.1,0.1,0.1
geometric,441,1.0,full,1,core_learning_training_aware,0.7141593708626977,0.25,0.1,0.25,0.1,0.1,0.15,0.05
arithmetic,441,1.0,full,1,core_learning_training_aware,0.7520019578929855,0.25,0.1,0.25,0.1,0.1,0.15,0.05
geometric,441,0.0,traditional_ppo,3,core_learning_training_aware,0.5729127317328059,0.25,0.1,0.25,0.1,0.1,0.15,0.05
arithmetic,441,0.0,traditional_ppo,3,core_learning_training_aware,0.6594036684553748,0.25,0.1,0.25,0.1,0.1,0.15,0.05
geometric,441,0.0,a2c_pointer,2,core_learning_training_aware,0.7137169245613905,0.25,0.1,0.25,0.1,0.1,0.15,0.05
arithmetic,441,0.0,a2c_pointer,2,core_learning_training_aware,0.7496582232050633,0.25,0.1,0.25,0.1,0.1,0.15,0.05
geometric,442,0.0,full,2,core_learning_training_aware,0.6899799924628235,0.25,0.1,0.25,0.1,0.15,0.05,0.1
arithmetic,442,1.0,full,1,core_learning_training_aware,0.726954012052234,0.25,0.1,0.25,0.1,0.15,0.05,0.1
geometric,442,0.0,traditional_ppo,3,core_learning_training_aware,0.5146742494747105,0.25,0.1,0.25,0.1,0.15,0.05,0.1
arithmetic,442,0.0,traditional_ppo,3,core_learning_training_aware,0.6014886987909464,0.25,0.1,0.25,0.1,0.15,0.05,0.1
geometric,442,1.0,a2c_pointer,1,core_learning_training_aware,0.690568934786525,0.25,0.1,0.25,0.1,0.15,0.05,0.1
arithmetic,442,0.0,a2c_pointer,2,core_learning_training_aware,0.7256867941186365,0.25,0.1,0.25,0.1,0.15,0.05,0.1
geometric,443,0.0,full,2,core_learning_training_aware,0.6907102607286509,0.25,0.1,0.25,0.1,0.15,0.1,0.05
arithmetic,443,1.0,full,1,core_learning_training_aware,0.7279861118992408,0.25,0.1,0.25,0.1,0.15,0.1,0.05
geometric,443,0.0,traditional_ppo,3,core_learning_training_aware,0.5604177429005252,0.25,0.1,0.25,0.1,0.15,0.1,0.05
arithmetic,443,0.0,traditional_ppo,3,core_learning_training_aware,0.6418183114597815,0.25,0.1,0.25,0.1,0.15,0.1,0.05
geometric,443,1.0,a2c_pointer,1,core_learning_training_aware,0.691414448278049,0.25,0.1,0.25,0.1,0.15,0.1,0.05
arithmetic,443,0.0,a2c_pointer,2,core_learning_training_aware,0.7268594174598306,0.25,0.1,0.25,0.1,0.15,0.1,0.05
geometric,444,1.0,full,1,core_learning_training_aware,0.7343433798115313,0.25,0.1,0.25,0.15,0.05,0.05,0.15
arithmetic,444,1.0,full,1,core_learning_training_aware,0.7707130344582906,0.25,0.1,0.25,0.15,0.05,0.05,0.15
geometric,444,0.0,traditional_ppo,3,core_learning_training_aware,0.4929638711187819,0.25,0.1,0.25,0.15,0.05,0.05,0.15
arithmetic,444,0.0,traditional_ppo,3,core_learning_training_aware,0.5943471746074898,0.25,0.1,0.25,0.15,0.05,0.05,0.15
geometric,444,0.0,a2c_pointer,2,core_learning_training_aware,0.7324604825866597,0.25,0.1,0.25,0.15,0.05,0.05,0.15
arithmetic,444,0.0,a2c_pointer,2,core_learning_training_aware,0.766944156792459,0.25,0.1,0.25,0.15,0.05,0.05,0.15
geometric,445,1.0,full,1,core_learning_training_aware,0.7351206018648587,0.25,0.1,0.25,0.15,0.05,0.1,0.1
arithmetic,445,1.0,full,1,core_learning_training_aware,0.7717451343052975,0.25,0.1,0.25,0.15,0.05,0.1,0.1
geometric,445,0.0,traditional_ppo,3,core_learning_training_aware,0.5367777779165305,0.25,0.1,0.25,0.15,0.05,0.1,0.1
arithmetic,445,0.0,traditional_ppo,3,core_learning_training_aware,0.6346767872763248,0.25,0.1,0.25,0.15,0.05,0.1,0.1
geometric,445,0.0,a2c_pointer,2,core_learning_training_aware,0.7333572869299171,0.25,0.1,0.25,0.15,0.05,0.1,0.1
arithmetic,445,0.0,a2c_pointer,2,core_learning_training_aware,0.7681167801336533,0.25,0.1,0.25,0.15,0.05,0.1,0.1
geometric,446,1.0,full,1,core_learning_training_aware,0.7358986465226199,0.25,0.1,0.25,0.15,0.05,0.15,0.05
arithmetic,446,1.0,full,1,core_learning_training_aware,0.772777234152304,0.25,0.1,0.25,0.15,0.05,0.15,0.05
geometric,446,0.0,traditional_ppo,3,core_learning_training_aware,0.5844858005741799,0.25,0.1,0.25,0.15,0.05,0.15,0.05
arithmetic,446,0.0,traditional_ppo,3,core_learning_training_aware,0.6750063999451599,0.25,0.1,0.25,0.15,0.05,0.15,0.05
geometric,446,0.0,a2c_pointer,2,core_learning_training_aware,0.7342551892955924,0.25,0.1,0.25,0.15,0.05,0.15,0.05
arithmetic,446,0.0,a2c_pointer,2,core_learning_training_aware,0.7692894034748473,0.25,0.1,0.25,0.15,0.05,0.15,0.05
geometric,447,1.0,full,1,core_learning_training_aware,0.7109832388920637,0.25,0.1,0.25,0.15,0.1,0.05,0.1
arithmetic,447,1.0,full,1,core_learning_training_aware,0.7477292883115524,0.25,0.1,0.25,0.15,0.1,0.05,0.1
geometric,447,0.0,traditional_ppo,3,core_learning_training_aware,0.5250708774254248,0.25,0.1,0.25,0.15,0.1,0.05,0.1
arithmetic,447,0.0,traditional_ppo,3,core_learning_training_aware,0.6170914302807314,0.25,0.1,0.25,0.15,0.1,0.05,0.1
geometric,447,0.0,a2c_pointer,2,core_learning_training_aware,0.7104410817285044,0.25,0.1,0.25,0.15,0.1,0.05,0.1
arithmetic,447,0.0,a2c_pointer,2,core_learning_training_aware,0.7453179743884206,0.25,0.1,0.25,0.15,0.1,0.05,0.1
geometric,448,1.0,full,1,core_learning_training_aware,0.711735736794278,0.25,0.1,0.25,0.15,0.1,0.1,0.05
arithmetic,448,1.0,full,1,core_learning_training_aware,0.7487613881585591,0.25,0.1,0.25,0.15,0.1,0.1,0.05
geometric,448,0.0,traditional_ppo,3,core_learning_training_aware,0.5717384079150706,0.25,0.1,0.25,0.15,0.1,0.1,0.05
arithmetic,448,0.0,traditional_ppo,3,core_learning_training_aware,0.6574210429495666,0.25,0.1,0.25,0.15,0.1,0.1,0.05
geometric,448,0.0,a2c_pointer,2,core_learning_training_aware,0.7113109261267613,0.25,0.1,0.25,0.15,0.1,0.1,0.05
arithmetic,448,0.0,a2c_pointer,2,core_learning_training_aware,0.7464905977296148,0.25,0.1,0.25,0.15,0.1,0.1,0.05
geometric,449,0.0,full,2,core_learning_training_aware,0.6883662056232943,0.25,0.1,0.25,0.15,0.15,0.05,0.05
arithmetic,449,1.0,full,1,core_learning_training_aware,0.7247455421648142,0.25,0.1,0.25,0.15,0.15,0.05,0.05
geometric,449,0.0,traditional_ppo,3,core_learning_training_aware,0.5592690305977298,0.25,0.1,0.25,0.15,0.15,0.05,0.05
arithmetic,449,0.0,traditional_ppo,3,core_learning_training_aware,0.6398356859539732,0.25,0.1,0.25,0.15,0.15,0.05,0.05
geometric,449,1.0,a2c_pointer,1,core_learning_training_aware,0.6890836333246846,0.25,0.1,0.25,0.15,0.15,0.05,0.05
arithmetic,449,0.0,a2c_pointer,2,core_learning_training_aware,0.7236917919843822,0.25,0.1,0.25,0.15,0.15,0.05,0.05
geometric,450,1.0,full,1,core_learning_training_aware,0.7090182582121924,0.25,0.15,0.1,0.05,0.05,0.2,0.2
arithmetic,450,1.0,full,1,core_learning_training_aware,0.75388504441638,0.25,0.15,0.1,0.05,0.05,0.2,0.2
geometric,450,0.0,traditional_ppo,3,core_learning_training_aware,0.43637030481556055,0.25,0.15,0.1,0.05,0.05,0.2,0.2
arithmetic,450,0.0,traditional_ppo,3,core_learning_training_aware,0.5354319888603977,0.25,0.15,0.1,0.05,0.05,0.2,0.2
geometric,450,0.0,a2c_pointer,2,core_learning_training_aware,0.7059227955185553,0.25,0.15,0.1,0.05,0.05,0.2,0.2
arithmetic,450,0.0,a2c_pointer,2,core_learning_training_aware,0.7482318653799477,0.25,0.15,0.1,0.05,0.05,0.2,0.2
geometric,451,1.0,full,1,core_learning_training_aware,0.6857379542601715,0.25,0.15,0.1,0.05,0.1,0.15,0.2
arithmetic,451,1.0,full,1,core_learning_training_aware,0.7298691984226352,0.25,0.15,0.1,0.05,0.1,0.15,0.2
geometric,451,0.0,traditional_ppo,3,core_learning_training_aware,0.426853249628258,0.25,0.15,0.1,0.05,0.1,0.15,0.2
arithmetic,451,0.0,traditional_ppo,3,core_learning_training_aware,0.5178466318648043,0.25,0.15,0.1,0.05,0.1,0.15,0.2
geometric,451,0.0,a2c_pointer,2,core_learning_training_aware,0.6838638729077486,0.25,0.15,0.1,0.05,0.1,0.15,0.2
arithmetic,451,0.0,a2c_pointer,2,core_learning_training_aware,0.7254330596347152,0.25,0.15,0.1,0.05,0.1,0.15,0.2
geometric,452,1.0,full,1,core_learning_training_aware,0.6864637327930854,0.25,0.15,0.1,0.05,0.1,0.2,0.15
arithmetic,452,1.0,full,1,core_learning_training_aware,0.7309012982696419,0.25,0.15,0.1,0.05,0.1,0.2,0.15
geometric,452,0.0,traditional_ppo,3,core_learning_training_aware,0.4647913412232549,0.25,0.15,0.1,0.05,0.1,0.2,0.15
arithmetic,452,0.0,traditional_ppo,3,core_learning_training_aware,0.5581762445336393,0.25,0.15,0.1,0.05,0.1,0.2,0.15
geometric,452,0.0,a2c_pointer,2,core_learning_training_aware,0.684701176907078,0.25,0.15,0.1,0.05,0.1,0.2,0.15
arithmetic,452,0.0,a2c_pointer,2,core_learning_training_aware,0.7266056829759092,0.25,0.15,0.1,0.05,0.1,0.2,0.15
geometric,453,1.0,full,1,core_learning_training_aware,0.6632220488914325,0.25,0.15,0.1,0.05,0.15,0.1,0.2
arithmetic,453,1.0,full,1,core_learning_training_aware,0.7058533524288904,0.25,0.15,0.1,0.05,0.15,0.1,0.2
geometric,453,0.0,traditional_ppo,3,core_learning_training_aware,0.4175437574635504,0.25,0.15,0.1,0.05,0.15,0.1,0.2
arithmetic,453,0.0,traditional_ppo,3,core_learning_training_aware,0.500261274869211,0.25,0.15,0.1,0.05,0.15,0.1,0.2
geometric,453,0.0,a2c_pointer,2,core_learning_training_aware,0.6624942552320405,0.25,0.15,0.1,0.05,0.15,0.1,0.2
arithmetic,453,0.0,a2c_pointer,2,core_learning_training_aware,0.7026342538894826,0.25,0.15,0.1,0.05,0.15,0.1,0.2
geometric,454,1.0,full,1,core_learning_training_aware,0.6639239968041156,0.25,0.15,0.1,0.05,0.15,0.15,0.15
arithmetic,454,1.0,full,1,core_learning_training_aware,0.7068854522758969,0.25,0.15,0.1,0.05,0.15,0.15,0.15
geometric,454,0.0,traditional_ppo,3,core_learning_training_aware,0.45465443503099756,0.25,0.15,0.1,0.05,0.15,0.15,0.15
arithmetic,454,0.0,traditional_ppo,3,core_learning_training_aware,0.540590887538046,0.25,0.15,0.1,0.05,0.15,0.15,0.15
geometric,454,0.0,a2c_pointer,2,core_learning_training_aware,0.6633053948629146,0.25,0.15,0.1,0.05,0.15,0.15,0.15
arithmetic,454,0.0,a2c_pointer,2,core_learning_training_aware,0.7038068772306767,0.25,0.15,0.1,0.05,0.15,0.15,0.15
geometric,455,1.0,full,1,core_learning_training_aware,0.6646266876517978,0.25,0.15,0.1,0.05,0.15,0.2,0.1
arithmetic,455,1.0,full,1,core_learning_training_aware,0.7079175521229036,0.25,0.15,0.1,0.05,0.15,0.2,0.1
geometric,455,0.0,traditional_ppo,3,core_learning_training_aware,0.49506345526289053,0.25,0.15,0.1,0.05,0.15,0.2,0.1
arithmetic,455,0.0,traditional_ppo,3,core_learning_training_aware,0.5809205002068809,0.25,0.15,0.1,0.05,0.15,0.2,0.1
geometric,455,0.0,a2c_pointer,2,core_learning_training_aware,0.6641175276307036,0.25,0.15,0.1,0.05,0.15,0.2,0.1
arithmetic,455,0.0,a2c_pointer,2,core_learning_training_aware,0.7049795005718708,0.25,0.15,0.1,0.05,0.15,0.2,0.1
geometric,456,1.0,full,1,core_learning_training_aware,0.7066120714759478,0.25,0.15,0.1,0.1,0.05,0.15,0.2
arithmetic,456,1.0,full,1,core_learning_training_aware,0.7506444746819536,0.25,0.15,0.1,0.1,0.05,0.15,0.2
geometric,456,0.0,traditional_ppo,3,core_learning_training_aware,0.43547585787117615,0.25,0.15,0.1,0.1,0.05,0.15,0.2
arithmetic,456,0.0,traditional_ppo,3,core_learning_training_aware,0.5334493633545894,0.25,0.15,0.1,0.1,0.05,0.15,0.2
geometric,456,0.0,a2c_pointer,2,core_learning_training_aware,0.7035430717337643,0.25,0.15,0.1,0.1,0.05,0.15,0.2
arithmetic,456,0.0,a2c_pointer,2,core_learning_training_aware,0.7450642399044991,0.25,0.15,0.1,0.1,0.05,0.15,0.2
geometric,457,1.0,full,1,core_learning_training_aware,0.7073599429761164,0.25,0.15,0.1,0.1,0.05,0.2,0.15
arithmetic,457,1.0,full,1,core_learning_training_aware,0.7516765745289604,0.25,0.15,0.1,0.1,0.05,0.2,0.15
geometric,457,0.0,traditional_ppo,3,core_learning_training_aware,0.474180314256865,0.25,0.15,0.1,0.1,0.05,0.2,0.15
arithmetic,457,0.0,traditional_ppo,3,core_learning_training_aware,0.5737789760234244,0.25,0.15,0.1,0.1,0.05,0.2,0.15
geometric,457,0.0,a2c_pointer,2,core_learning_training_aware,0.7044044703994935,0.25,0.15,0.1,0.1,0.05,0.2,0.15
arithmetic,457,0.0,a2c_pointer,2,core_learning_training_aware,0.7462368632456932,0.25,0.15,0.1,0.1,0.05,0.2,0.15
geometric,458,1.0,full,1,core_learning_training_aware,0.6834107736114801,0.25,0.15,0.1,0.1,0.1,0.1,0.2
arithmetic,458,1.0,full,1,core_learning_training_aware,0.7266286286882089,0.25,0.15,0.1,0.1,0.1,0.1,0.2
geometric,458,0.0,traditional_ppo,3,core_learning_training_aware,0.4259783102003977,0.25,0.15,0.1,0.1,0.1,0.1,0.2
arithmetic,458,0.0,traditional_ppo,3,core_learning_training_aware,0.5158640063589961,0.25,0.15,0.1,0.1,0.1,0.1,0.2
geometric,458,0.0,a2c_pointer,2,core_learning_training_aware,0.6815585115647672,0.25,0.15,0.1,0.1,0.1,0.1,0.2
arithmetic,458,0.0,a2c_pointer,2,core_learning_training_aware,0.7222654341592666,0.25,0.15,0.1,0.1,0.1,0.1,0.2
geometric,459,1.0,full,1,core_learning_training_aware,0.6841340890785149,0.25,0.15,0.1,0.1,0.1,0.15,0.15
arithmetic,459,1.0,full,1,core_learning_training_aware,0.7276607285352155,0.25,0.15,0.1,0.1,0.1,0.15,0.15
geometric,459,0.0,traditional_ppo,3,core_learning_training_aware,0.46383863846061113,0.25,0.15,0.1,0.1,0.1,0.15,0.15
arithmetic,459,0.0,traditional_ppo,3,core_learning_training_aware,0.556193619027831,0.25,0.15,0.1,0.1,0.1,0.15,0.15
geometric,459,0.0,a2c_pointer,2,core_learning_training_aware,0.6823929929434716,0.25,0.15,0.1,0.1,0.1,0.15,0.15
arithmetic,459,0.0,a2c_pointer,2,core_learning_training_aware,0.7234380575004606,0.25,0.15,0.1,0.1,0.1,0.15,0.15
geometric,460,1.0,full,1,core_learning_training_aware,0.6848581700957651,0.25,0.15,0.1,0.1,0.1,0.2,0.1
arithmetic,460,1.0,full,1,core_learning_training_aware,0.7286928283822224,0.25,0.15,0.1,0.1,0.1,0.2,0.1
geometric,460,0.0,traditional_ppo,3,core_learning_training_aware,0.5050639372407948,0.25,0.15,0.1,0.1,0.1,0.2,0.1
arithmetic,460,0.0,traditional_ppo,3,core_learning_training_aware,0.5965232316966662,0.25,0.15,0.1,0.1,0.1,0.2,0.1
geometric,460,0.0,a2c_pointer,2,core_learning_training_aware,0.6832284960380807,0.25,0.15,0.1,0.1,0.1,0.2,0.1
arithmetic,460,0.0,a2c_pointer,2,core_learning_training_aware,0.7246106808416549,0.25,0.15,0.1,0.1,0.1,0.2,0.1
geometric,461,1.0,full,1,core_learning_training_aware,0.6609712802000147,0.25,0.15,0.1,0.1,0.15,0.05,0.2
arithmetic,461,1.0,full,1,core_learning_training_aware,0.7026127826944639,0.25,0.15,0.1,0.1,0.15,0.05,0.2
geometric,461,0.0,traditional_ppo,3,core_learning_training_aware,0.41668790010137746,0.25,0.15,0.1,0.1,0.15,0.05,0.2
arithmetic,461,0.0,traditional_ppo,3,core_learning_training_aware,0.4982786493634027,0.25,0.15,0.1,0.1,0.15,0.05,0.2
geometric,461,0.0,a2c_pointer,2,core_learning_training_aware,0.6602609326272577,0.25,0.15,0.1,0.1,0.15,0.05,0.2
arithmetic,461,0.0,a2c_pointer,2,core_learning_training_aware,0.6994666284140341,0.25,0.15,0.1,0.1,0.15,0.05,0.2
geometric,462,1.0,full,1,core_learning_training_aware,0.6616708459205083,0.25,0.15,0.1,0.1,0.15,0.1,0.15
arithmetic,462,1.0,full,1,core_learning_training_aware,0.7036448825414706,0.25,0.15,0.1,0.1,0.15,0.1,0.15
geometric,462,0.0,traditional_ppo,3,core_learning_training_aware,0.45372251032008903,0.25,0.15,0.1,0.1,0.15,0.1,0.15
arithmetic,462,0.0,traditional_ppo,3,core_learning_training_aware,0.5386082620322378,0.25,0.15,0.1,0.1,0.15,0.1,0.15
geometric,462,0.0,a2c_pointer,2,core_learning_training_aware,0.6610693378397441,0.25,0.15,0.1,0.1,0.15,0.1,0.15
arithmetic,462,0.0,a2c_pointer,2,core_learning_training_aware,0.7006392517552281,0.25,0.15,0.1,0.1,0.15,0.1,0.15
geometric,463,1.0,full,1,core_learning_training_aware,0.6623711520547111,0.25,0.15,0.1,0.1,0.15,0.15,0.1
arithmetic,463,1.0,full,1,core_learning_training_aware,0.7046769823884773,0.25,0.15,0.1,0.1,0.15,0.15,0.1
geometric,463,0.0,traditional_ppo,3,core_learning_training_aware,0.4940487024487103,0.25,0.15,0.1,0.1,0.15,0.15,0.1
arithmetic,463,0.0,traditional_ppo,3,core_learning_training_aware,0.5789378747010727,0.25,0.15,0.1,0.1,0.15,0.15,0.1
geometric,463,0.0,a2c_pointer,2,core_learning_training_aware,0.661878732841199,0.25,0.15,0.1,0.1,0.15,0.15,0.1
arithmetic,463,0.0,a2c_pointer,2,core_learning_training_aware,0.7018118750964222,0.25,0.15,0.1,0.1,0.15,0.15,0.1
geometric,464,1.0,full,1,core_learning_training_aware,0.6630721993862699,0.25,0.15,0.1,0.1,0.15,0.2,0.05
arithmetic,464,1.0,full,1,core_learning_training_aware,0.7057090822354841,0.25,0.15,0.1,0.1,0.15,0.2,0.05
geometric,464,0.0,traditional_ppo,3,core_learning_training_aware,0.5379590274660595,0.25,0.15,0.1,0.1,0.15,0.2,0.05
arithmetic,464,0.0,traditional_ppo,3,core_learning_training_aware,0.6192674873699079,0.25,0.15,0.1,0.1,0.15,0.2,0.05
geometric,464,0.0,a2c_pointer,2,core_learning_training_aware,0.662689118843493,0.25,0.15,0.1,0.1,0.15,0.2,0.05
arithmetic,464,0.0,a2c_pointer,2,core_learning_training_aware,0.7029844984376163,0.25,0.15,0.1,0.1,0.15,0.2,0.05
geometric,465,1.0,full,1,core_learning_training_aware,0.7042140505866933,0.25,0.15,0.1,0.15,0.05,0.1,0.2
arithmetic,465,1.0,full,1,core_learning_training_aware,0.7474039049475273,0.25,0.15,0.1,0.15,0.05,0.1,0.2
geometric,465,0.0,traditional_ppo,3,core_learning_training_aware,0.43458324431308654,0.25,0.15,0.1,0.15,0.05,0.1,0.2
arithmetic,465,0.0,traditional_ppo,3,core_learning_training_aware,0.5314667378487812,0.25,0.15,0.1,0.15,0.05,0.1,0.2
geometric,465,0.0,a2c_pointer,2,core_learning_training_aware,0.701171370193513,0.25,0.15,0.1,0.15,0.05,0.1,0.2
arithmetic,465,0.0,a2c_pointer,2,core_learning_training_aware,0.7418966144290505,0.25,0.15,0.1,0.15,0.05,0.1,0.2
geometric,466,1.0,full,1,core_learning_training_aware,0.7049593840443455,0.25,0.15,0.1,0.15,0.05,0.15,0.15
arithmetic,466,1.0,full,1,core_learning_training_aware,0.748436004794534,0.25,0.15,0.1,0.15,0.05,0.15,0.15
geometric,466,0.0,traditional_ppo,3,core_learning_training_aware,0.47320836651318543,0.25,0.15,0.1,0.15,0.05,0.15,0.15
arithmetic,466,0.0,traditional_ppo,3,core_learning_training_aware,0.5717963505176161,0.25,0.15,0.1,0.15,0.05,0.15,0.15
geometric,466,0.0,a2c_pointer,2,core_learning_training_aware,0.7020298650135157,0.25,0.15,0.1,0.15,0.05,0.15,0.15
arithmetic,466,0.0,a2c_pointer,2,core_learning_training_aware,0.7430692377702447,0.25,0.15,0.1,0.15,0.05,0.15,0.15
geometric,467,1.0,full,1,core_learning_training_aware,0.7057055063558452,0.25,0.15,0.1,0.15,0.05,0.2,0.1
arithmetic,467,1.0,full,1,core_learning_training_aware,0.7494681046415407,0.25,0.15,0.1,0.15,0.05,0.2,0.1
geometric,467,0.0,traditional_ppo,3,core_learning_training_aware,0.5152664329984021,0.25,0.15,0.1,0.15,0.05,0.2,0.1
arithmetic,467,0.0,traditional_ppo,3,core_learning_training_aware,0.6121259631864511,0.25,0.15,0.1,0.15,0.05,0.2,0.1
geometric,467,0.0,a2c_pointer,2,core_learning_training_aware,0.7028894109508164,0.25,0.15,0.1,0.15,0.05,0.2,0.1
arithmetic,467,0.0,a2c_pointer,2,core_learning_training_aware,0.7442418611114386,0.25,0.15,0.1,0.15,0.05,0.2,0.1
geometric,468,1.0,full,1,core_learning_training_aware,0.6810914906877693,0.25,0.15,0.1,0.15,0.1,0.05,0.2
arithmetic,468,1.0,full,1,core_learning_training_aware,0.7233880589537824,0.25,0.15,0.1,0.15,0.1,0.05,0.2
geometric,468,0.0,traditional_ppo,3,core_learning_training_aware,0.4251051641734383,0.25,0.15,0.1,0.15,0.1,0.05,0.2
arithmetic,468,0.0,traditional_ppo,3,core_learning_training_aware,0.5138813808531878,0.25,0.15,0.1,0.15,0.1,0.05,0.2
geometric,468,0.0,a2c_pointer,2,core_learning_training_aware,0.6792609217844201,0.25,0.15,0.1,0.15,0.1,0.05,0.2
arithmetic,468,0.0,a2c_pointer,2,core_learning_training_aware,0.719097808683818,0.25,0.15,0.1,0.15,0.1,0.05,0.2
geometric,469,1.0,full,1,core_learning_training_aware,0.6818123514478024,0.25,0.15,0.1,0.15,0.1,0.1,0.15
arithmetic,469,1.0,full,1,core_learning_training_aware,0.7244201588007891,0.25,0.15,0.1,0.15,0.1,0.1,0.15
geometric,469,0.0,traditional_ppo,3,core_learning_training_aware,0.4628878884937135,0.25,0.15,0.1,0.15,0.1,0.1,0.15
arithmetic,469,0.0,traditional_ppo,3,core_learning_training_aware,0.5542109935220229,0.25,0.15,0.1,0.15,0.1,0.1,0.15
geometric,469,0.0,a2c_pointer,2,core_learning_training_aware,0.6800925900577857,0.25,0.15,0.1,0.15,0.1,0.1,0.15
arithmetic,469,0.0,a2c_pointer,2,core_learning_training_aware,0.7202704320250121,0.25,0.15,0.1,0.15,0.1,0.1,0.15
geometric,470,1.0,full,1,core_learning_training_aware,0.6825339751600121,0.25,0.15,0.1,0.15,0.1,0.15,0.1
arithmetic,470,1.0,full,1,core_learning_training_aware,0.7254522586477958,0.25,0.15,0.1,0.15,0.1,0.15,0.1
geometric,470,0.0,traditional_ppo,3,core_learning_training_aware,0.5040286860094474,0.25,0.15,0.1,0.15,0.1,0.15,0.1
arithmetic,470,0.0,traditional_ppo,3,core_learning_training_aware,0.5945406061908578,0.25,0.15,0.1,0.15,0.1,0.15,0.1
geometric,470,0.0,a2c_pointer,2,core_learning_training_aware,0.6809252766027677,0.25,0.15,0.1,0.15,0.1,0.15,0.1
arithmetic,470,0.0,a2c_pointer,2,core_learning_training_aware,0.7214430553662063,0.25,0.15,0.1,0.15,0.1,0.15,0.1
geometric,471,1.0,full,1,core_learning_training_aware,0.6832563626319,0.25,0.15,0.1,0.15,0.1,0.2,0.05
arithmetic,471,1.0,full,1,core_learning_training_aware,0.7264843584948026,0.25,0.15,0.1,0.15,0.1,0.2,0.05
geometric,471,0.0,traditional_ppo,3,core_learning_training_aware,0.5488260173475252,0.25,0.15,0.1,0.15,0.1,0.2,0.05
arithmetic,471,0.0,traditional_ppo,3,core_learning_training_aware,0.634870218859693,0.25,0.15,0.1,0.15,0.1,0.2,0.05
geometric,471,0.0,a2c_pointer,2,core_learning_training_aware,0.68175898266611,0.25,0.15,0.1,0.15,0.1,0.2,0.05
arithmetic,471,0.0,a2c_pointer,2,core_learning_training_aware,0.7226156787074004,0.25,0.15,0.1,0.15,0.1,0.2,0.05
geometric,472,1.0,full,1,core_learning_training_aware,0.6594253415279582,0.25,0.15,0.1,0.15,0.15,0.05,0.15
arithmetic,472,1.0,full,1,core_learning_training_aware,0.7004043128070442,0.25,0.15,0.1,0.15,0.15,0.05,0.15
geometric,472,0.0,traditional_ppo,3,core_learning_training_aware,0.45279249581526215,0.25,0.15,0.1,0.15,0.15,0.05,0.15
arithmetic,472,0.0,traditional_ppo,3,core_learning_training_aware,0.5366256365264295,0.25,0.15,0.1,0.15,0.15,0.05,0.15
geometric,472,0.0,a2c_pointer,2,core_learning_training_aware,0.6588408187486475,0.25,0.15,0.1,0.15,0.15,0.05,0.15
arithmetic,472,0.0,a2c_pointer,2,core_learning_training_aware,0.6974716262797795,0.25,0.15,0.1,0.15,0.15,0.05,0.15
geometric,473,1.0,full,1,core_learning_training_aware,0.6601232710416552,0.25,0.15,0.1,0.15,0.15,0.1,0.1
arithmetic,473,1.0,full,1,core_learning_training_aware,0.7014364126540509,0.25,0.15,0.1,0.15,0.15,0.1,0.1
geometric,473,0.0,traditional_ppo,3,core_learning_training_aware,0.4930360296169301,0.25,0.15,0.1,0.15,0.15,0.1,0.1
arithmetic,473,0.0,traditional_ppo,3,core_learning_training_aware,0.5769552491952645,0.25,0.15,0.1,0.15,0.15,0.1,0.1
geometric,473,0.0,a2c_pointer,2,core_learning_training_aware,0.6596474852130041,0.25,0.15,0.1,0.15,0.15,0.1,0.1
arithmetic,473,0.0,a2c_pointer,2,core_learning_training_aware,0.6986442496209737,0.25,0.15,0.1,0.15,0.15,0.1,0.1
geometric,474,1.0,full,1,core_learning_training_aware,0.6608219392373158,0.25,0.15,0.1,0.15,0.15,0.15,0.05
arithmetic,474,1.0,full,1,core_learning_training_aware,0.7024685125010577,0.25,0.15,0.1,0.15,0.15,0.15,0.05
geometric,474,0.0,traditional_ppo,3,core_learning_training_aware,0.5368563497563001,0.25,0.15,0.1,0.15,0.15,0.15,0.05
arithmetic,474,0.0,traditional_ppo,3,core_learning_training_aware,0.6172848618640996,0.25,0.15,0.1,0.15,0.15,0.15,0.05
geometric,474,0.0,a2c_pointer,2,core_learning_training_aware,0.6604551393374541,0.25,0.15,0.1,0.15,0.15,0.15,0.05
arithmetic,474,0.0,a2c_pointer,2,core_learning_training_aware,0.6998168729621679,0.25,0.15,0.1,0.15,0.15,0.15,0.05
geometric,475,1.0,full,1,core_learning_training_aware,0.7068047722764927,0.25,0.15,0.15,0.05,0.05,0.15,0.2
arithmetic,475,1.0,full,1,core_learning_training_aware,0.7508963538081296,0.25,0.15,0.15,0.05,0.05,0.15,0.2
geometric,475,0.0,traditional_ppo,3,core_learning_training_aware,0.43507121975718055,0.25,0.15,0.15,0.05,0.05,0.15,0.2
arithmetic,475,0.0,traditional_ppo,3,core_learning_training_aware,0.5325775413722676,0.25,0.15,0.15,0.05,0.05,0.15,0.2
geometric,475,0.0,a2c_pointer,2,core_learning_training_aware,0.7042992048142261,0.25,0.15,0.15,0.05,0.05,0.15,0.2
arithmetic,475,0.0,a2c_pointer,2,core_learning_training_aware,0.7460487755437903,0.25,0.15,0.15,0.05,0.05,0.15,0.2
geometric,476,1.0,full,1,core_learning_training_aware,0.7075528477293569,0.25,0.15,0.15,0.05,0.05,0.2,0.15
arithmetic,476,1.0,full,1,core_learning_training_aware,0.7519284536551365,0.25,0.15,0.15,0.05,0.05,0.2,0.15
geometric,476,0.0,traditional_ppo,3,core_learning_training_aware,0.4737397124999899,0.25,0.15,0.15,0.05,0.05,0.2,0.15
arithmetic,476,0.0,traditional_ppo,3,core_learning_training_aware,0.5729071540411028,0.25,0.15,0.15,0.05,0.05,0.2,0.15
geometric,476,0.0,a2c_pointer,2,core_learning_training_aware,0.7051615292683722,0.25,0.15,0.15,0.05,0.05,0.2,0.15
arithmetic,476,0.0,a2c_pointer,2,core_learning_training_aware,0.7472213988849845,0.25,0.15,0.15,0.05,0.05,0.2,0.15
geometric,477,1.0,full,1,core_learning_training_aware,0.6835971471656437,0.25,0.15,0.15,0.05,0.1,0.1,0.2
arithmetic,477,1.0,full,1,core_learning_training_aware,0.726880507814385,0.25,0.15,0.15,0.05,0.1,0.1,0.2
geometric,477,0.0,traditional_ppo,3,core_learning_training_aware,0.42558249707568135,0.25,0.15,0.15,0.05,0.1,0.1,0.2
arithmetic,477,0.0,traditional_ppo,3,core_learning_training_aware,0.5149921843766745,0.25,0.15,0.15,0.05,0.1,0.1,0.2
geometric,477,0.0,a2c_pointer,2,core_learning_training_aware,0.6822910167340589,0.25,0.15,0.15,0.05,0.1,0.1,0.2
arithmetic,477,0.0,a2c_pointer,2,core_learning_training_aware,0.7232499697985578,0.25,0.15,0.15,0.05,0.1,0.1,0.2
geometric,478,1.0,full,1,core_learning_training_aware,0.6843206598886769,0.25,0.15,0.15,0.05,0.1,0.15,0.15
arithmetic,478,1.0,full,1,core_learning_training_aware,0.7279126076613917,0.25,0.15,0.15,0.05,0.1,0.15,0.15
geometric,478,0.0,traditional_ppo,3,core_learning_training_aware,0.463407646045136,0.25,0.15,0.15,0.05,0.1,0.15,0.15
arithmetic,478,0.0,traditional_ppo,3,core_learning_training_aware,0.5553217970455094,0.25,0.15,0.15,0.05,0.1,0.15,0.15
geometric,478,0.0,a2c_pointer,2,core_learning_training_aware,0.6831263949718197,0.25,0.15,0.15,0.05,0.1,0.15,0.15
arithmetic,478,0.0,a2c_pointer,2,core_learning_training_aware,0.724422593139752,0.25,0.15,0.15,0.05,0.1,0.15,0.15
geometric,479,1.0,full,1,core_learning_training_aware,0.6850449383706992,0.25,0.15,0.15,0.05,0.1,0.2,0.1
arithmetic,479,1.0,full,1,core_learning_training_aware,0.7289447075083982,0.25,0.15,0.15,0.05,0.1,0.2,0.1
geometric,479,0.0,traditional_ppo,3,core_learning_training_aware,0.5045946388507272,0.25,0.15,0.15,0.05,0.1,0.2,0.1
arithmetic,479,0.0,traditional_ppo,3,core_learning_training_aware,0.5956514097143444,0.25,0.15,0.15,0.05,0.1,0.2,0.1
geometric,479,0.0,a2c_pointer,2,core_learning_training_aware,0.6839627960235748,0.25,0.15,0.15,0.05,0.1,0.2,0.1
arithmetic,479,0.0,a2c_pointer,2,core_learning_training_aware,0.7255952164809459,0.25,0.15,0.15,0.05,0.1,0.2,0.1
geometric,480,1.0,full,1,core_learning_training_aware,0.6611515342601608,0.25,0.15,0.15,0.05,0.15,0.05,0.2
arithmetic,480,1.0,full,1,core_learning_training_aware,0.7028646618206399,0.25,0.15,0.15,0.05,0.15,0.05,0.2
geometric,480,0.0,traditional_ppo,3,core_learning_training_aware,0.4163007194965879,0.25,0.15,0.15,0.05,0.15,0.05,0.2
arithmetic,480,0.0,traditional_ppo,3,core_learning_training_aware,0.497406827381081,0.25,0.15,0.15,0.05,0.15,0.05,0.2
geometric,480,0.0,a2c_pointer,2,core_learning_training_aware,0.6609705482186184,0.25,0.15,0.15,0.05,0.15,0.05,0.2
arithmetic,480,0.0,a2c_pointer,2,core_learning_training_aware,0.7004511640533252,0.25,0.15,0.15,0.05,0.15,0.05,0.2
geometric,481,1.0,full,1,core_learning_training_aware,0.6618512907598382,0.25,0.15,0.15,0.05,0.15,0.1,0.15
arithmetic,481,1.0,full,1,core_learning_training_aware,0.7038967616676468,0.25,0.15,0.15,0.05,0.15,0.1,0.15
geometric,481,0.0,traditional_ppo,3,core_learning_training_aware,0.45330091767026737,0.25,0.15,0.15,0.05,0.15,0.1,0.15
arithmetic,481,0.0,traditional_ppo,3,core_learning_training_aware,0.5377364400499162,0.25,0.15,0.15,0.05,0.15,0.1,0.15
geometric,481,0.0,a2c_pointer,2,core_learning_training_aware,0.6617798222647954,0.25,0.15,0.15,0.05,0.15,0.1,0.15
arithmetic,481,0.0,a2c_pointer,2,core_learning_training_aware,0.7016237873945194,0.25,0.15,0.15,0.05,0.15,0.1,0.15
geometric,482,0.0,full,2,core_learning_training_aware,0.6625517878751439,0.25,0.15,0.15,0.05,0.15,0.15,0.1
arithmetic,482,1.0,full,1,core_learning_training_aware,0.7049288615146533,0.25,0.15,0.15,0.05,0.15,0.15,0.1
geometric,482,0.0,traditional_ppo,3,core_learning_training_aware,0.49358963926169896,0.25,0.15,0.15,0.05,0.15,0.15,0.1
arithmetic,482,0.0,traditional_ppo,3,core_learning_training_aware,0.578066052718751,0.25,0.15,0.15,0.05,0.15,0.15,0.1
geometric,482,1.0,a2c_pointer,1,core_learning_training_aware,0.6625900871637171,0.25,0.15,0.15,0.05,0.15,0.15,0.1
arithmetic,482,0.0,a2c_pointer,2,core_learning_training_aware,0.7027964107357135,0.25,0.15,0.15,0.05,0.15,0.15,0.1
geometric,483,0.0,full,2,core_learning_training_aware,0.6632530263899383,0.25,0.15,0.15,0.05,0.15,0.2,0.05
arithmetic,483,1.0,full,1,core_learning_training_aware,0.7059609613616601,0.25,0.15,0.15,0.05,0.15,0.2,0.05
geometric,483,0.0,traditional_ppo,3,core_learning_training_aware,0.537459163415398,0.25,0.15,0.15,0.05,0.15,0.2,0.05
arithmetic,483,0.0,traditional_ppo,3,core_learning_training_aware,0.6183956653875862,0.25,0.15,0.15,0.05,0.15,0.2,0.05
geometric,483,1.0,a2c_pointer,1,core_learning_training_aware,0.663401344128556,0.25,0.15,0.15,0.05,0.15,0.2,0.05
arithmetic,483,0.0,a2c_pointer,2,core_learning_training_aware,0.7039690340769076,0.25,0.15,0.15,0.05,0.15,0.2,0.05
geometric,484,1.0,full,1,core_learning_training_aware,0.7044060974208487,0.25,0.15,0.15,0.1,0.05,0.1,0.2
arithmetic,484,1.0,full,1,core_learning_training_aware,0.7476557840737035,0.25,0.15,0.15,0.1,0.05,0.1,0.2
geometric,484,0.0,traditional_ppo,3,core_learning_training_aware,0.43417943560320177,0.25,0.15,0.15,0.1,0.05,0.1,0.2
arithmetic,484,0.0,traditional_ppo,3,core_learning_training_aware,0.5305949158664596,0.25,0.15,0.15,0.1,0.05,0.1,0.2
geometric,484,0.0,a2c_pointer,2,core_learning_training_aware,0.7019249542871913,0.25,0.15,0.15,0.1,0.05,0.1,0.2
arithmetic,484,0.0,a2c_pointer,2,core_learning_training_aware,0.742881150068342,0.25,0.15,0.15,0.1,0.05,0.1,0.2
geometric,485,1.0,full,1,core_learning_training_aware,0.7051516341390448,0.25,0.15,0.15,0.1,0.05,0.15,0.15
arithmetic,485,1.0,full,1,core_learning_training_aware,0.7486878839207101,0.25,0.15,0.15,0.1,0.05,0.15,0.15
geometric,485,0.0,traditional_ppo,3,core_learning_training_aware,0.4727686678766436,0.25,0.15,0.15,0.1,0.05,0.15,0.15
arithmetic,485,0.0,traditional_ppo,3,core_learning_training_aware,0.5709245285352945,0.25,0.15,0.15,0.1,0.05,0.15,0.15
geometric,485,0.0,a2c_pointer,2,core_learning_training_aware,0.702784371774702,0.25,0.15,0.15,0.1,0.05,0.15,0.15
arithmetic,485,0.0,a2c_pointer,2,core_learning_training_aware,0.744053773409536,0.25,0.15,0.15,0.1,0.05,0.15,0.15
geometric,486,1.0,full,1,core_learning_training_aware,0.7058979599262174,0.25,0.15,0.15,0.1,0.05,0.2,0.1
arithmetic,486,1.0,full,1,core_learning_training_aware,0.7497199837677168,0.25,0.15,0.15,0.1,0.05,0.2,0.1
geometric,486,0.0,traditional_ppo,3,core_learning_training_aware,0.5147876545910917,0.25,0.15,0.15,0.1,0.05,0.2,0.1
arithmetic,486,0.0,traditional_ppo,3,core_learning_training_aware,0.6112541412041295,0.25,0.15,0.15,0.1,0.05,0.2,0.1
geometric,486,0.0,a2c_pointer,2,core_learning_training_aware,0.7036448415091991,0.25,0.15,0.15,0.1,0.05,0.2,0.1
arithmetic,486,0.0,a2c_pointer,2,core_learning_training_aware,0.7452263967507301,0.25,0.15,0.15,0.1,0.05,0.2,0.1
geometric,487,1.0,full,1,core_learning_training_aware,0.6812772317482435,0.25,0.15,0.15,0.1,0.1,0.05,0.2
arithmetic,487,1.0,full,1,core_learning_training_aware,0.7236399380799585,0.25,0.15,0.15,0.1,0.1,0.05,0.2
geometric,487,0.0,traditional_ppo,3,core_learning_training_aware,0.42471016236387343,0.25,0.15,0.15,0.1,0.1,0.05,0.2
arithmetic,487,0.0,traditional_ppo,3,core_learning_training_aware,0.5130095588708662,0.25,0.15,0.15,0.1,0.1,0.05,0.2
geometric,487,0.0,a2c_pointer,2,core_learning_training_aware,0.6799909576185595,0.25,0.15,0.15,0.1,0.1,0.05,0.2
arithmetic,487,0.0,a2c_pointer,2,core_learning_training_aware,0.7200823443231094,0.25,0.15,0.15,0.1,0.1,0.05,0.2
geometric,488,1.0,full,1,core_learning_training_aware,0.6819982890948495,0.25,0.15,0.15,0.1,0.1,0.1,0.15
arithmetic,488,1.0,full,1,core_learning_training_aware,0.7246720379269653,0.25,0.15,0.15,0.1,0.1,0.1,0.15
geometric,488,0.0,traditional_ppo,3,core_learning_training_aware,0.4624577795018921,0.25,0.15,0.15,0.1,0.1,0.1,0.15
arithmetic,488,0.0,traditional_ppo,3,core_learning_training_aware,0.5533391715397012,0.25,0.15,0.15,0.1,0.1,0.1,0.15
geometric,488,0.0,a2c_pointer,2,core_learning_training_aware,0.6808235197275958,0.25,0.15,0.15,0.1,0.1,0.1,0.15
arithmetic,488,0.0,a2c_pointer,2,core_learning_training_aware,0.7212549676643035,0.25,0.15,0.15,0.1,0.1,0.1,0.15
geometric,489,1.0,full,1,core_learning_training_aware,0.6827201096016976,0.25,0.15,0.15,0.1,0.1,0.15,0.1
arithmetic,489,1.0,full,1,core_learning_training_aware,0.7257041377739719,0.25,0.15,0.15,0.1,0.1,0.15,0.1
geometric,489,0.0,traditional_ppo,3,core_learning_training_aware,0.5035603495604337,0.25,0.15,0.15,0.1,0.1,0.15,0.1
arithmetic,489,0.0,traditional_ppo,3,core_learning_training_aware,0.5936687842085362,0.25,0.15,0.15,0.1,0.1,0.15,0.1
geometric,489,0.0,a2c_pointer,2,core_learning_training_aware,0.6816571012026365,0.25,0.15,0.15,0.1,0.1,0.15,0.1
arithmetic,489,0.0,a2c_pointer,2,core_learning_training_aware,0.7224275910054976,0.25,0.15,0.15,0.1,0.1,0.15,0.1
geometric,490,1.0,full,1,core_learning_training_aware,0.6834426940765093,0.25,0.15,0.15,0.1,0.1,0.2,0.05
arithmetic,490,1.0,full,1,core_learning_training_aware,0.7267362376209787,0.25,0.15,0.15,0.1,0.1,0.2,0.05
geometric,490,0.0,traditional_ppo,3,core_learning_training_aware,0.5483160558409176,0.25,0.15,0.15,0.1,0.1,0.2,0.05
arithmetic,490,0.0,traditional_ppo,3,core_learning_training_aware,0.6339983968773714,0.25,0.15,0.15,0.1,0.1,0.2,0.05
geometric,490,0.0,a2c_pointer,2,core_learning_training_aware,0.6824917032917647,0.25,0.15,0.15,0.1,0.1,0.2,0.05
arithmetic,490,0.0,a2c_pointer,2,core_learning_training_aware,0.7236002143466918,0.25,0.15,0.15,0.1,0.1,0.2,0.05
geometric,491,1.0,full,1,core_learning_training_aware,0.6596051739938069,0.25,0.15,0.15,0.1,0.15,0.05,0.15
arithmetic,491,1.0,full,1,core_learning_training_aware,0.7006561919332204,0.25,0.15,0.15,0.1,0.15,0.05,0.15
geometric,491,0.0,traditional_ppo,3,core_learning_training_aware,0.4523717673219911,0.25,0.15,0.15,0.1,0.15,0.05,0.15
arithmetic,491,0.0,traditional_ppo,3,core_learning_training_aware,0.5357538145441079,0.25,0.15,0.15,0.1,0.15,0.05,0.15
geometric,491,0.0,a2c_pointer,2,core_learning_training_aware,0.6595489080722858,0.25,0.15,0.15,0.1,0.15,0.05,0.15
arithmetic,491,0.0,a2c_pointer,2,core_learning_training_aware,0.6984561619190709,0.25,0.15,0.15,0.1,0.15,0.05,0.15
geometric,492,0.0,full,2,core_learning_training_aware,0.6603032938404765,0.25,0.15,0.15,0.1,0.15,0.1,0.1
arithmetic,492,1.0,full,1,core_learning_training_aware,0.7016882917802272,0.25,0.15,0.15,0.1,0.15,0.1,0.1
geometric,492,0.0,traditional_ppo,3,core_learning_training_aware,0.49257790739143786,0.25,0.15,0.15,0.1,0.15,0.1,0.1
arithmetic,492,0.0,traditional_ppo,3,core_learning_training_aware,0.5760834272129429,0.25,0.15,0.15,0.1,0.15,0.1,0.1
geometric,492,1.0,a2c_pointer,1,core_learning_training_aware,0.6603564415016131,0.25,0.15,0.15,0.1,0.15,0.1,0.1
arithmetic,492,0.0,a2c_pointer,2,core_learning_training_aware,0.6996287852602652,0.25,0.15,0.15,0.1,0.15,0.1,0.1
geometric,493,0.0,full,2,core_learning_training_aware,0.6610021525705563,0.25,0.15,0.15,0.1,0.15,0.15,0.05
arithmetic,493,1.0,full,1,core_learning_training_aware,0.7027203916272338,0.25,0.15,0.15,0.1,0.15,0.15,0.05
geometric,493,0.0,traditional_ppo,3,core_learning_training_aware,0.5363575102984393,0.25,0.15,0.15,0.1,0.15,0.15,0.05
arithmetic,493,0.0,traditional_ppo,3,core_learning_training_aware,0.616413039881778,0.25,0.15,0.15,0.1,0.15,0.15,0.05
geometric,493,1.0,a2c_pointer,1,core_learning_training_aware,0.6611649636525219,0.25,0.15,0.15,0.1,0.15,0.15,0.05
arithmetic,493,0.0,a2c_pointer,2,core_learning_training_aware,0.7008014086014592,0.25,0.15,0.15,0.1,0.15,0.15,0.05
geometric,494,1.0,full,1,core_learning_training_aware,0.7020155629192159,0.25,0.15,0.15,0.15,0.05,0.05,0.2
arithmetic,494,1.0,full,1,core_learning_training_aware,0.7444152143392769,0.25,0.15,0.15,0.15,0.05,0.05,0.2
geometric,494,0.0,traditional_ppo,3,core_learning_training_aware,0.433289479377482,0.25,0.15,0.15,0.15,0.05,0.05,0.2
arithmetic,494,0.0,traditional_ppo,3,core_learning_training_aware,0.5286122903606512,0.25,0.15,0.15,0.15,0.05,0.05,0.2
geometric,494,0.0,a2c_pointer,2,core_learning_training_aware,0.6995587075538945,0.25,0.15,0.15,0.15,0.05,0.05,0.2
arithmetic,494,0.0,a2c_pointer,2,core_learning_training_aware,0.7397135245928933,0.25,0.15,0.15,0.15,0.05,0.05,0.2
geometric,495,1.0,full,1,core_learning_training_aware,0.7027585695184173,0.25,0.15,0.15,0.15,0.05,0.1,0.15
arithmetic,495,1.0,full,1,core_learning_training_aware,0.7454473141862838,0.25,0.15,0.15,0.15,0.05,0.1,0.15
geometric,495,0.0,traditional_ppo,3,core_learning_training_aware,0.47179961364514245,0.25,0.15,0.15,0.15,0.05,0.1,0.15
arithmetic,495,0.0,traditional_ppo,3,core_learning_training_aware,0.5689419030294863,0.25,0.15,0.15,0.15,0.05,0.1,0.15
geometric,495,0.0,a2c_pointer,2,core_learning_training_aware,0.7004152278743931,0.25,0.15,0.15,0.15,0.05,0.1,0.15
arithmetic,495,0.0,a2c_pointer,2,core_learning_training_aware,0.7408861479340875,0.25,0.15,0.15,0.15,0.05,0.1,0.15
geometric,496,1.0,full,1,core_learning_training_aware,0.7035023625087412,0.25,0.15,0.15,0.15,0.05,0.15,0.1
arithmetic,496,1.0,full,1,core_learning_training_aware,0.7464794140332903,0.25,0.15,0.15,0.15,0.05,0.15,0.1
geometric,496,0.0,traditional_ppo,3,core_learning_training_aware,0.5137324722389138,0.25,0.15,0.15,0.15,0.05,0.15,0.1
arithmetic,496,0.0,traditional_ppo,3,core_learning_training_aware,0.6092715156983212,0.25,0.15,0.15,0.15,0.05,0.15,0.1
geometric,496,0.0,a2c_pointer,2,core_learning_training_aware,0.7012727968946675,0.25,0.15,0.15,0.15,0.05,0.15,0.1
arithmetic,496,0.0,a2c_pointer,2,core_learning_training_aware,0.7420587712752816,0.25,0.15,0.15,0.15,0.05,0.15,0.1
geometric,497,1.0,full,1,core_learning_training_aware,0.7042469427224963,0.25,0.15,0.15,0.15,0.05,0.2,0.05
arithmetic,497,1.0,full,1,core_learning_training_aware,0.7475115138802971,0.25,0.15,0.15,0.15,0.05,0.2,0.05
geometric,497,0.0,traditional_ppo,3,core_learning_training_aware,0.5593922618834761,0.25,0.15,0.15,0.15,0.05,0.2,0.05
arithmetic,497,0.0,traditional_ppo,3,core_learning_training_aware,0.6496011283671563,0.25,0.15,0.15,0.15,0.05,0.2,0.05
geometric,497,0.0,a2c_pointer,2,core_learning_training_aware,0.7021314158987159,0.25,0.15,0.15,0.15,0.05,0.2,0.05
arithmetic,497,0.0,a2c_pointer,2,core_learning_training_aware,0.7432313946164757,0.25,0.15,0.15,0.15,0.05,0.2,0.05
geometric,498,1.0,full,1,core_learning_training_aware,0.6796837997028564,0.25,0.15,0.15,0.15,0.1,0.05,0.15
arithmetic,498,1.0,full,1,core_learning_training_aware,0.7214314681925388,0.25,0.15,0.15,0.15,0.1,0.05,0.15
geometric,498,0.0,traditional_ppo,3,core_learning_training_aware,0.4615098599408736,0.25,0.15,0.15,0.15,0.1,0.05,0.15
arithmetic,498,0.0,traditional_ppo,3,core_learning_training_aware,0.551356546033893,0.25,0.15,0.15,0.15,0.1,0.05,0.15
geometric,498,0.0,a2c_pointer,2,core_learning_training_aware,0.6785284076651631,0.25,0.15,0.15,0.15,0.1,0.05,0.15
arithmetic,498,0.0,a2c_pointer,2,core_learning_training_aware,0.718087342188855,0.25,0.15,0.15,0.15,0.1,0.05,0.15
geometric,499,1.0,full,1,core_learning_training_aware,0.6804031705761311,0.25,0.15,0.15,0.15,0.1,0.1,0.1
arithmetic,499,1.0,full,1,core_learning_training_aware,0.7224635680395455,0.25,0.15,0.15,0.15,0.1,0.1,0.1
geometric,499,0.0,traditional_ppo,3,core_learning_training_aware,0.5025281802972941,0.25,0.15,0.15,0.15,0.1,0.1,0.1
arithmetic,499,0.0,traditional_ppo,3,core_learning_training_aware,0.591686158702728,0.25,0.15,0.15,0.15,0.1,0.1,0.1
geometric,499,0.0,a2c_pointer,2,core_learning_training_aware,0.6793591790685141,0.25,0.15,0.15,0.15,0.1,0.1,0.1
arithmetic,499,0.0,a2c_pointer,2,core_learning_training_aware,0.7192599655300491,0.25,0.15,0.15,0.15,0.1,0.1,0.1
geometric,500,1.0,full,1,core_learning_training_aware,0.6811233028247003,0.25,0.15,0.15,0.15,0.1,0.15,0.05
arithmetic,500,1.0,full,1,core_learning_training_aware,0.7234956678865523,0.25,0.15,0.15,0.15,0.1,0.15,0.05
geometric,500,0.0,traditional_ppo,3,core_learning_training_aware,0.5471921488855368,0.25,0.15,0.15,0.15,0.1,0.15,0.05
arithmetic,500,0.0,traditional_ppo,3,core_learning_training_aware,0.6320157713715631,0.25,0.15,0.15,0.15,0.1,0.15,0.05
geometric,500,0.0,a2c_pointer,2,core_learning_training_aware,0.6801909676453788,0.25,0.15,0.15,0.15,0.1,0.15,0.05
arithmetic,500,0.0,a2c_pointer,2,core_learning_training_aware,0.7204325888712433,0.25,0.15,0.15,0.15,0.1,0.15,0.05
geometric,501,0.0,full,2,core_learning_training_aware,0.6580624304929743,0.25,0.15,0.15,0.15,0.15,0.05,0.1
arithmetic,501,1.0,full,1,core_learning_training_aware,0.6984477220458005,0.25,0.15,0.15,0.15,0.15,0.05,0.1
geometric,501,0.0,traditional_ppo,3,core_learning_training_aware,0.49156824931141857,0.25,0.15,0.15,0.15,0.15,0.05,0.1
arithmetic,501,0.0,traditional_ppo,3,core_learning_training_aware,0.5741008017071345,0.25,0.15,0.15,0.15,0.15,0.05,0.1
geometric,501,1.0,a2c_pointer,1,core_learning_training_aware,0.658130325642687,0.25,0.15,0.15,0.15,0.15,0.05,0.1
arithmetic,501,0.0,a2c_pointer,2,core_learning_training_aware,0.6964611597848164,0.25,0.15,0.15,0.15,0.15,0.05,0.1
geometric,502,0.0,full,2,core_learning_training_aware,0.6587589175145863,0.25,0.15,0.15,0.15,0.15,0.1,0.05
arithmetic,502,1.0,full,1,core_learning_training_aware,0.6994798218928073,0.25,0.15,0.15,0.15,0.15,0.1,0.05
geometric,502,0.0,traditional_ppo,3,core_learning_training_aware,0.5352581152871612,0.25,0.15,0.15,0.15,0.15,0.1,0.05
arithmetic,502,0.0,traditional_ppo,3,core_learning_training_aware,0.6144304143759698,0.25,0.15,0.15,0.15,0.15,0.1,0.05
geometric,502,1.0,a2c_pointer,1,core_learning_training_aware,0.6589361221989481,0.25,0.15,0.15,0.15,0.15,0.1,0.05
arithmetic,502,0.0,a2c_pointer,2,core_learning_training_aware,0.6976337831260107,0.25,0.15,0.15,0.15,0.15,0.1,0.05
geometric,503,1.0,full,1,core_learning_training_aware,0.7045981966282656,0.25,0.15,0.2,0.05,0.05,0.1,0.2
arithmetic,503,1.0,full,1,core_learning_training_aware,0.7479076631998796,0.25,0.15,0.2,0.05,0.05,0.1,0.2
geometric,503,0.0,traditional_ppo,3,core_learning_training_aware,0.4337760021067572,0.25,0.15,0.2,0.05,0.05,0.1,0.2
arithmetic,503,0.0,traditional_ppo,3,core_learning_training_aware,0.5297230938841379,0.25,0.15,0.2,0.05,0.05,0.1,0.2
geometric,503,0.0,a2c_pointer,2,core_learning_training_aware,0.7026793482955499,0.25,0.15,0.2,0.05,0.05,0.1,0.2
arithmetic,503,0.0,a2c_pointer,2,core_learning_training_aware,0.7438656857076331,0.25,0.15,0.2,0.05,0.05,0.1,0.2
geometric,504,1.0,full,1,core_learning_training_aware,0.705343936662437,0.25,0.15,0.2,0.05,0.05,0.15,0.15
arithmetic,504,1.0,full,1,core_learning_training_aware,0.7489397630468863,0.25,0.15,0.2,0.05,0.05,0.15,0.15
geometric,504,0.0,traditional_ppo,3,core_learning_training_aware,0.472329377801963,0.25,0.15,0.2,0.05,0.05,0.15,0.15
arithmetic,504,0.0,traditional_ppo,3,core_learning_training_aware,0.5700527065529728,0.25,0.15,0.2,0.05,0.05,0.15,0.15
geometric,504,0.0,a2c_pointer,2,core_learning_training_aware,0.7035396894422058,0.25,0.15,0.2,0.05,0.05,0.15,0.15
arithmetic,504,0.0,a2c_pointer,2,core_learning_training_aware,0.7450383090488273,0.25,0.15,0.2,0.05,0.05,0.15,0.15
geometric,505,1.0,full,1,core_learning_training_aware,0.7060904659807724,0.25,0.15,0.2,0.05,0.05,0.2,0.1
arithmetic,505,1.0,full,1,core_learning_training_aware,0.7499718628938931,0.25,0.15,0.2,0.05,0.05,0.2,0.1
geometric,505,0.0,traditional_ppo,3,core_learning_training_aware,0.5143093210580222,0.25,0.15,0.2,0.05,0.05,0.2,0.1
arithmetic,505,0.0,traditional_ppo,3,core_learning_training_aware,0.6103823192218079,0.25,0.15,0.2,0.05,0.05,0.2,0.1
geometric,505,0.0,a2c_pointer,2,core_learning_training_aware,0.7044010839667508,0.25,0.15,0.2,0.05,0.05,0.2,0.1
arithmetic,505,0.0,a2c_pointer,2,core_learning_training_aware,0.7462109323900213,0.25,0.15,0.2,0.05,0.05,0.2,0.1
geometric,506,1.0,full,1,core_learning_training_aware,0.681463023462326,0.25,0.15,0.2,0.05,0.1,0.05,0.2
arithmetic,506,1.0,full,1,core_learning_training_aware,0.7238918172061347,0.25,0.15,0.2,0.05,0.1,0.05,0.2
geometric,506,0.0,traditional_ppo,3,core_learning_training_aware,0.4243155275844994,0.25,0.15,0.2,0.05,0.1,0.05,0.2
arithmetic,506,0.0,traditional_ppo,3,core_learning_training_aware,0.5121377368885445,0.25,0.15,0.2,0.05,0.1,0.05,0.2
geometric,506,0.0,a2c_pointer,2,core_learning_training_aware,0.680721778058882,0.25,0.15,0.2,0.05,0.1,0.05,0.2
arithmetic,506,0.0,a2c_pointer,2,core_learning_training_aware,0.7210668799624006,0.25,0.15,0.2,0.05,0.1,0.05,0.2
geometric,507,1.0,full,1,core_learning_training_aware,0.6821842774491162,0.25,0.15,0.2,0.05,0.1,0.1,0.15
arithmetic,507,1.0,full,1,core_learning_training_aware,0.7249239170531415,0.25,0.15,0.2,0.05,0.1,0.1,0.15
geometric,507,0.0,traditional_ppo,3,core_learning_training_aware,0.4620280701613674,0.25,0.15,0.2,0.05,0.1,0.1,0.15
arithmetic,507,0.0,traditional_ppo,3,core_learning_training_aware,0.5524673495573796,0.25,0.15,0.2,0.05,0.1,0.1,0.15
geometric,507,0.0,a2c_pointer,2,core_learning_training_aware,0.6815552349642392,0.25,0.15,0.2,0.05,0.1,0.1,0.15
arithmetic,507,0.0,a2c_pointer,2,core_learning_training_aware,0.7222395033035948,0.25,0.15,0.2,0.05,0.1,0.1,0.15
geometric,508,1.0,full,1,core_learning_training_aware,0.6829062948042708,0.25,0.15,0.2,0.05,0.1,0.15,0.1
arithmetic,508,1.0,full,1,core_learning_training_aware,0.7259560169001481,0.25,0.15,0.2,0.05,0.1,0.15,0.1
geometric,508,0.0,traditional_ppo,3,core_learning_training_aware,0.5030924482831386,0.25,0.15,0.2,0.05,0.1,0.15,0.1
arithmetic,508,0.0,traditional_ppo,3,core_learning_training_aware,0.5927969622262145,0.25,0.15,0.2,0.05,0.1,0.15,0.1
geometric,508,0.0,a2c_pointer,2,core_learning_training_aware,0.6823897123311645,0.25,0.15,0.2,0.05,0.1,0.15,0.1
arithmetic,508,0.0,a2c_pointer,2,core_learning_training_aware,0.7234121266447889,0.25,0.15,0.2,0.05,0.1,0.15,0.1
geometric,509,1.0,full,1,core_learning_training_aware,0.6836290763357312,0.25,0.15,0.2,0.05,0.1,0.2,0.05
arithmetic,509,1.0,full,1,core_learning_training_aware,0.7269881167471549,0.25,0.15,0.2,0.05,0.1,0.2,0.05
geometric,509,0.0,traditional_ppo,3,core_learning_training_aware,0.5478065681834534,0.25,0.15,0.2,0.05,0.1,0.2,0.05
arithmetic,509,0.0,traditional_ppo,3,core_learning_training_aware,0.6331265748950496,0.25,0.15,0.2,0.05,0.1,0.2,0.05
geometric,509,0.0,a2c_pointer,2,core_learning_training_aware,0.6832252114090829,0.25,0.15,0.2,0.05,0.1,0.2,0.05
arithmetic,509,0.0,a2c_pointer,2,core_learning_training_aware,0.724584749985983,0.25,0.15,0.2,0.05,0.1,0.2,0.05
geometric,510,0.0,full,2,core_learning_training_aware,0.6597850555019259,0.25,0.15,0.2,0.05,0.15,0.05,0.15
arithmetic,510,1.0,full,1,core_learning_training_aware,0.7009080710593965,0.25,0.15,0.2,0.05,0.15,0.05,0.15
geometric,510,0.0,traditional_ppo,3,core_learning_training_aware,0.4519514297637878,0.25,0.15,0.2,0.05,0.15,0.05,0.15
arithmetic,510,0.0,traditional_ppo,3,core_learning_training_aware,0.5348819925617861,0.25,0.15,0.2,0.05,0.15,0.05,0.15
geometric,510,1.0,a2c_pointer,1,core_learning_training_aware,0.66025775841509,0.25,0.15,0.2,0.05,0.15,0.05,0.15
arithmetic,510,0.0,a2c_pointer,2,core_learning_training_aware,0.6994406975583621,0.25,0.15,0.2,0.05,0.15,0.05,0.15
geometric,511,0.0,full,2,core_learning_training_aware,0.660483365733474,0.25,0.15,0.2,0.05,0.15,0.1,0.1
arithmetic,511,1.0,full,1,core_learning_training_aware,0.7019401709064031,0.25,0.15,0.2,0.05,0.15,0.1,0.1
geometric,511,0.0,traditional_ppo,3,core_learning_training_aware,0.4921202108467496,0.25,0.15,0.2,0.05,0.15,0.1,0.1
arithmetic,511,0.0,traditional_ppo,3,core_learning_training_aware,0.5752116052306212,0.25,0.15,0.2,0.05,0.15,0.1,0.1
geometric,511,1.0,a2c_pointer,1,core_learning_training_aware,0.6610661597411588,0.25,0.15,0.2,0.05,0.15,0.1,0.1
arithmetic,511,0.0,a2c_pointer,2,core_learning_training_aware,0.7006133208995563,0.25,0.15,0.2,0.05,0.15,0.1,0.1
geometric,512,0.0,full,2,core_learning_training_aware,0.6611824150499337,0.25,0.15,0.2,0.05,0.15,0.15,0.05
arithmetic,512,1.0,full,1,core_learning_training_aware,0.70297227075341,0.25,0.15,0.2,0.05,0.15,0.15,0.05
geometric,512,0.0,traditional_ppo,3,core_learning_training_aware,0.5358591343552687,0.25,0.15,0.2,0.05,0.15,0.15,0.05
arithmetic,512,0.0,traditional_ppo,3,core_learning_training_aware,0.6155412178994563,0.25,0.15,0.2,0.05,0.15,0.15,0.05
geometric,512,1.0,a2c_pointer,1,core_learning_training_aware,0.6618755508514379,0.25,0.15,0.2,0.05,0.15,0.15,0.05
arithmetic,512,0.0,a2c_pointer,2,core_learning_training_aware,0.7017859442407505,0.25,0.15,0.2,0.05,0.15,0.15,0.05
geometric,513,1.0,full,1,core_learning_training_aware,0.7022070102018626,0.25,0.15,0.2,0.1,0.05,0.05,0.2
arithmetic,513,1.0,full,1,core_learning_training_aware,0.7446670934654531,0.25,0.15,0.2,0.1,0.05,0.05,0.2
geometric,513,0.0,traditional_ppo,3,core_learning_training_aware,0.4328868728159919,0.25,0.15,0.2,0.1,0.05,0.05,0.2
arithmetic,513,0.0,traditional_ppo,3,core_learning_training_aware,0.5277404683783296,0.25,0.15,0.2,0.1,0.05,0.05,0.2
geometric,513,0.0,a2c_pointer,2,core_learning_training_aware,0.7003105584380245,0.25,0.15,0.2,0.1,0.05,0.05,0.2
arithmetic,513,0.0,a2c_pointer,2,core_learning_training_aware,0.7406980602321847,0.25,0.15,0.2,0.1,0.05,0.05,0.2
geometric,514,1.0,full,1,core_learning_training_aware,0.7029502194270483,0.25,0.15,0.2,0.1,0.05,0.1,0.15
arithmetic,514,1.0,full,1,core_learning_training_aware,0.7456991933124599,0.25,0.15,0.2,0.1,0.05,0.1,0.15
geometric,514,0.0,traditional_ppo,3,core_learning_training_aware,0.47136122400218383,0.25,0.15,0.2,0.1,0.05,0.1,0.15
arithmetic,514,0.0,traditional_ppo,3,core_learning_training_aware,0.5680700810471647,0.25,0.15,0.2,0.1,0.05,0.1,0.15
geometric,514,0.0,a2c_pointer,2,core_learning_training_aware,0.7011679993039375,0.25,0.15,0.2,0.1,0.05,0.1,0.15
arithmetic,514,0.0,a2c_pointer,2,core_learning_training_aware,0.7418706835733789,0.25,0.15,0.2,0.1,0.05,0.1,0.15
geometric,515,1.0,full,1,core_learning_training_aware,0.703694215257814,0.25,0.15,0.2,0.1,0.05,0.15,0.1
arithmetic,515,1.0,full,1,core_learning_training_aware,0.7467312931594666,0.25,0.15,0.2,0.1,0.05,0.15,0.1
geometric,515,0.0,traditional_ppo,3,core_learning_training_aware,0.5132551191666189,0.25,0.15,0.2,0.1,0.05,0.15,0.1
arithmetic,515,0.0,traditional_ppo,3,core_learning_training_aware,0.6083996937159996,0.25,0.15,0.2,0.1,0.05,0.15,0.1
geometric,515,0.0,a2c_pointer,2,core_learning_training_aware,0.7020264899967164,0.25,0.15,0.2,0.1,0.05,0.15,0.1
arithmetic,515,0.0,a2c_pointer,2,core_learning_training_aware,0.7430433069145729,0.25,0.15,0.2,0.1,0.05,0.15,0.1
geometric,516,1.0,full,1,core_learning_training_aware,0.7044389985266951,0.25,0.15,0.2,0.1,0.05,0.2,0.05
arithmetic,516,1.0,full,1,core_learning_training_aware,0.7477633930064733,0.25,0.15,0.2,0.1,0.05,0.2,0.05
geometric,516,0.0,traditional_ppo,3,core_learning_training_aware,0.5588724823693171,0.25,0.15,0.2,0.1,0.05,0.2,0.05
arithmetic,516,0.0,traditional_ppo,3,core_learning_training_aware,0.6487293063848347,0.25,0.15,0.2,0.1,0.05,0.2,0.05
geometric,516,0.0,a2c_pointer,2,core_learning_training_aware,0.7028860318017396,0.25,0.15,0.2,0.1,0.05,0.2,0.05
arithmetic,516,0.0,a2c_pointer,2,core_learning_training_aware,0.744215930255767,0.25,0.15,0.2,0.1,0.05,0.2,0.05
geometric,517,1.0,full,1,core_learning_training_aware,0.679869156870682,0.25,0.15,0.2,0.1,0.1,0.05,0.15
arithmetic,517,1.0,full,1,core_learning_training_aware,0.7216833473187151,0.25,0.15,0.2,0.1,0.1,0.05,0.15
geometric,517,0.0,traditional_ppo,3,core_learning_training_aware,0.4610810313940289,0.25,0.15,0.2,0.1,0.1,0.05,0.15
arithmetic,517,0.0,traditional_ppo,3,core_learning_training_aware,0.5504847240515713,0.25,0.15,0.2,0.1,0.1,0.05,0.15
geometric,517,0.0,a2c_pointer,2,core_learning_training_aware,0.679257656229582,0.25,0.15,0.2,0.1,0.1,0.05,0.15
arithmetic,517,0.0,a2c_pointer,2,core_learning_training_aware,0.7190718778281463,0.25,0.15,0.2,0.1,0.1,0.05,0.15
geometric,518,1.0,full,1,core_learning_training_aware,0.6805887239242212,0.25,0.15,0.2,0.1,0.1,0.1,0.1
arithmetic,518,1.0,full,1,core_learning_training_aware,0.7227154471657218,0.25,0.15,0.2,0.1,0.1,0.1,0.1
geometric,518,0.0,traditional_ppo,3,core_learning_training_aware,0.502061238097331,0.25,0.15,0.2,0.1,0.1,0.1,0.1
arithmetic,518,0.0,traditional_ppo,3,core_learning_training_aware,0.5908143367204064,0.25,0.15,0.2,0.1,0.1,0.1,0.1
geometric,518,0.0,a2c_pointer,2,core_learning_training_aware,0.6800893205046924,0.25,0.15,0.2,0.1,0.1,0.1,0.1
arithmetic,518,0.0,a2c_pointer,2,core_learning_training_aware,0.7202445011693406,0.25,0.15,0.2,0.1,0.1,0.1,0.1
geometric,519,1.0,full,1,core_learning_training_aware,0.6813090525606904,0.25,0.15,0.2,0.1,0.1,0.15,0.05
arithmetic,519,1.0,full,1,core_learning_training_aware,0.7237475470127286,0.25,0.15,0.2,0.1,0.1,0.15,0.05
geometric,519,0.0,traditional_ppo,3,core_learning_training_aware,0.5466837055467932,0.25,0.15,0.2,0.1,0.1,0.15,0.05
arithmetic,519,0.0,traditional_ppo,3,core_learning_training_aware,0.6311439493892415,0.25,0.15,0.2,0.1,0.1,0.15,0.05
geometric,519,0.0,a2c_pointer,2,core_learning_training_aware,0.6809220030465242,0.25,0.15,0.2,0.1,0.1,0.15,0.05
arithmetic,519,0.0,a2c_pointer,2,core_learning_training_aware,0.7214171245105346,0.25,0.15,0.2,0.1,0.1,0.15,0.05
geometric,520,0.0,full,2,core_learning_training_aware,0.658241891278154,0.25,0.15,0.2,0.1,0.15,0.05,0.1
arithmetic,520,1.0,full,1,core_learning_training_aware,0.6986996011719768,0.25,0.15,0.2,0.1,0.15,0.05,0.1
geometric,520,0.0,traditional_ppo,3,core_learning_training_aware,0.491111490926984,0.25,0.15,0.2,0.1,0.15,0.05,0.1
arithmetic,520,0.0,traditional_ppo,3,core_learning_training_aware,0.5732289797248129,0.25,0.15,0.2,0.1,0.15,0.05,0.1
geometric,520,1.0,a2c_pointer,1,core_learning_training_aware,0.658837651363694,0.25,0.15,0.2,0.1,0.15,0.05,0.1
arithmetic,520,0.0,a2c_pointer,2,core_learning_training_aware,0.6974456954241078,0.25,0.15,0.2,0.1,0.15,0.05,0.1
geometric,521,0.0,full,2,core_learning_training_aware,0.6589385682393551,0.25,0.15,0.2,0.1,0.15,0.1,0.05
arithmetic,521,1.0,full,1,core_learning_training_aware,0.6997317010189836,0.25,0.15,0.2,0.1,0.15,0.1,0.05
geometric,521,0.0,traditional_ppo,3,core_learning_training_aware,0.5347607608865534,0.25,0.15,0.2,0.1,0.15,0.1,0.05
arithmetic,521,0.0,traditional_ppo,3,core_learning_training_aware,0.6135585923936482,0.25,0.15,0.2,0.1,0.15,0.1,0.05
geometric,521,1.0,a2c_pointer,1,core_learning_training_aware,0.6596443139499919,0.25,0.15,0.2,0.1,0.15,0.1,0.05
arithmetic,521,0.0,a2c_pointer,2,core_learning_training_aware,0.6986183187653021,0.25,0.15,0.2,0.1,0.15,0.1,0.05
geometric,522,1.0,full,1,core_learning_training_aware,0.7005646257210547,0.25,0.15,0.2,0.15,0.05,0.05,0.15
arithmetic,522,1.0,full,1,core_learning_training_aware,0.7424586235780335,0.25,0.15,0.2,0.15,0.05,0.05,0.15
geometric,522,0.0,traditional_ppo,3,core_learning_training_aware,0.4703950546688048,0.25,0.15,0.2,0.15,0.05,0.05,0.15
arithmetic,522,0.0,traditional_ppo,3,core_learning_training_aware,0.5660874555413563,0.25,0.15,0.2,0.15,0.05,0.05,0.15
geometric,522,0.0,a2c_pointer,2,core_learning_training_aware,0.6988043043281262,0.25,0.15,0.2,0.15,0.05,0.05,0.15
arithmetic,522,0.0,a2c_pointer,2,core_learning_training_aware,0.7387030580979302,0.25,0.15,0.2,0.15,0.05,0.05,0.15
geometric,523,1.0,full,1,core_learning_training_aware,0.7013060966621167,0.25,0.15,0.2,0.15,0.05,0.1,0.1
arithmetic,523,1.0,full,1,core_learning_training_aware,0.7434907234250402,0.25,0.15,0.2,0.15,0.05,0.1,0.1
geometric,523,0.0,traditional_ppo,3,core_learning_training_aware,0.5122030781180827,0.25,0.15,0.2,0.15,0.05,0.1,0.1
arithmetic,523,0.0,traditional_ppo,3,core_learning_training_aware,0.6064170682101914,0.25,0.15,0.2,0.15,0.05,0.1,0.1
geometric,523,0.0,a2c_pointer,2,core_learning_training_aware,0.6996599009781943,0.25,0.15,0.2,0.15,0.05,0.1,0.1
arithmetic,523,0.0,a2c_pointer,2,core_learning_training_aware,0.7398756814391244,0.25,0.15,0.2,0.15,0.05,0.1,0.1
geometric,524,1.0,full,1,core_learning_training_aware,0.7020483523689751,0.25,0.15,0.2,0.15,0.05,0.15,0.05
arithmetic,524,1.0,full,1,core_learning_training_aware,0.744522823272047,0.25,0.15,0.2,0.15,0.05,0.15,0.05
geometric,524,0.0,traditional_ppo,3,core_learning_training_aware,0.5577269374533608,0.25,0.15,0.2,0.15,0.05,0.15,0.05
arithmetic,524,0.0,traditional_ppo,3,core_learning_training_aware,0.6467466808790264,0.25,0.15,0.2,0.15,0.05,0.15,0.05
geometric,524,0.0,a2c_pointer,2,core_learning_training_aware,0.7005165451971213,0.25,0.15,0.2,0.15,0.05,0.15,0.05
arithmetic,524,0.0,a2c_pointer,2,core_learning_training_aware,0.7410483047803186,0.25,0.15,0.2,0.15,0.05,0.15,0.05
geometric,525,1.0,full,1,core_learning_training_aware,0.6782790181565963,0.25,0.15,0.2,0.15,0.1,0.05,0.1
arithmetic,525,1.0,full,1,core_learning_training_aware,0.7194748774312952,0.25,0.15,0.2,0.15,0.1,0.05,0.1
geometric,525,0.0,traditional_ppo,3,core_learning_training_aware,0.5010321416273048,0.25,0.15,0.2,0.15,0.1,0.05,0.1
arithmetic,525,0.0,traditional_ppo,3,core_learning_training_aware,0.588831711214598,0.25,0.15,0.2,0.15,0.1,0.05,0.1
geometric,525,0.0,a2c_pointer,2,core_learning_training_aware,0.6777966834882061,0.25,0.15,0.2,0.15,0.1,0.05,0.1
arithmetic,525,0.0,a2c_pointer,2,core_learning_training_aware,0.7170768756938918,0.25,0.15,0.2,0.15,0.1,0.05,0.1
geometric,526,1.0,full,1,core_learning_training_aware,0.6789969022224346,0.25,0.15,0.2,0.15,0.1,0.1,0.05
arithmetic,526,1.0,full,1,core_learning_training_aware,0.7205069772783022,0.25,0.15,0.2,0.15,0.1,0.1,0.05
geometric,526,0.0,traditional_ppo,3,core_learning_training_aware,0.5455631444898768,0.25,0.15,0.2,0.15,0.1,0.1,0.05
arithmetic,526,0.0,traditional_ppo,3,core_learning_training_aware,0.6291613238834333,0.25,0.15,0.2,0.15,0.1,0.1,0.05
geometric,526,0.0,a2c_pointer,2,core_learning_training_aware,0.678626558988726,0.25,0.15,0.2,0.15,0.1,0.1,0.05
arithmetic,526,0.0,a2c_pointer,2,core_learning_training_aware,0.7182494990350861,0.25,0.15,0.2,0.15,0.1,0.1,0.05
geometric,527,0.0,full,2,core_learning_training_aware,0.6567023363447133,0.25,0.15,0.2,0.15,0.15,0.05,0.05
arithmetic,527,1.0,full,1,core_learning_training_aware,0.6964911312845571,0.25,0.15,0.2,0.15,0.15,0.05,0.05
geometric,527,0.0,traditional_ppo,3,core_learning_training_aware,0.5336646388010835,0.25,0.15,0.2,0.15,0.15,0.05,0.05
arithmetic,527,0.0,traditional_ppo,3,core_learning_training_aware,0.6115759668878398,0.25,0.15,0.2,0.15,0.15,0.05,0.05
geometric,527,1.0,a2c_pointer,1,core_learning_training_aware,0.6574205987315936,0.25,0.15,0.2,0.15,0.15,0.05,0.05
arithmetic,527,0.0,a2c_pointer,2,core_learning_training_aware,0.6954506932898534,0.25,0.15,0.2,0.15,0.15,0.05,0.05
geometric,528,1.0,full,1,core_learning_training_aware,0.7023985096942665,0.25,0.15,0.25,0.05,0.05,0.05,0.2
arithmetic,528,1.0,full,1,core_learning_training_aware,0.7449189725916293,0.25,0.15,0.25,0.05,0.05,0.05,0.2
geometric,528,0.0,traditional_ppo,3,core_learning_training_aware,0.43248464035092254,0.25,0.15,0.25,0.05,0.05,0.05,0.2
arithmetic,528,0.0,traditional_ppo,3,core_learning_training_aware,0.526868646396008,0.25,0.15,0.25,0.05,0.05,0.05,0.2
geometric,528,0.0,a2c_pointer,2,core_learning_training_aware,0.7010632173740675,0.25,0.15,0.25,0.05,0.05,0.05,0.2
arithmetic,528,0.0,a2c_pointer,2,core_learning_training_aware,0.741682595871476,0.25,0.15,0.25,0.05,0.05,0.05,0.2
geometric,529,1.0,full,1,core_learning_training_aware,0.7031419216006948,0.25,0.15,0.25,0.05,0.05,0.1,0.15
arithmetic,529,1.0,full,1,core_learning_training_aware,0.7459510724386362,0.25,0.15,0.25,0.05,0.05,0.1,0.15
geometric,529,0.0,traditional_ppo,3,core_learning_training_aware,0.4709232417047878,0.25,0.15,0.25,0.05,0.05,0.1,0.15
arithmetic,529,0.0,traditional_ppo,3,core_learning_training_aware,0.5671982590648431,0.25,0.15,0.25,0.05,0.05,0.1,0.15
geometric,529,0.0,a2c_pointer,2,core_learning_training_aware,0.7019215797747512,0.25,0.15,0.25,0.05,0.05,0.1,0.15
arithmetic,529,0.0,a2c_pointer,2,core_learning_training_aware,0.7428552192126702,0.25,0.15,0.25,0.05,0.05,0.1,0.15
geometric,530,1.0,full,1,core_learning_training_aware,0.7038861203272189,0.25,0.15,0.25,0.05,0.05,0.15,0.1
arithmetic,530,1.0,full,1,core_learning_training_aware,0.7469831722856427,0.25,0.15,0.25,0.05,0.05,0.15,0.1
geometric,530,0.0,traditional_ppo,3,core_learning_training_aware,0.5127782096441635,0.25,0.15,0.25,0.05,0.05,0.15,0.1
arithmetic,530,0.0,traditional_ppo,3,core_learning_training_aware,0.607527871733678,0.25,0.15,0.25,0.05,0.05,0.15,0.1
geometric,530,0.0,a2c_pointer,2,core_learning_training_aware,0.7027809931306024,0.25,0.15,0.25,0.05,0.05,0.15,0.1
arithmetic,530,0.0,a2c_pointer,2,core_learning_training_aware,0.7440278425538643,0.25,0.15,0.25,0.05,0.05,0.15,0.1
geometric,531,1.0,full,1,core_learning_training_aware,0.7046311067066015,0.25,0.15,0.25,0.05,0.05,0.2,0.05
arithmetic,531,1.0,full,1,core_learning_training_aware,0.7480152721326495,0.25,0.15,0.25,0.05,0.05,0.2,0.05
geometric,531,0.0,traditional_ppo,3,core_learning_training_aware,0.5583531858270576,0.25,0.15,0.25,0.05,0.05,0.2,0.05
arithmetic,531,0.0,traditional_ppo,3,core_learning_training_aware,0.6478574844025131,0.25,0.15,0.25,0.05,0.05,0.2,0.05
geometric,531,0.0,a2c_pointer,2,core_learning_training_aware,0.7036414587283812,0.25,0.15,0.25,0.05,0.05,0.2,0.05
arithmetic,531,0.0,a2c_pointer,2,core_learning_training_aware,0.7452004658950584,0.25,0.15,0.25,0.05,0.05,0.2,0.05
geometric,532,1.0,full,1,core_learning_training_aware,0.680054564587424,0.25,0.15,0.25,0.05,0.1,0.05,0.15
arithmetic,532,1.0,full,1,core_learning_training_aware,0.7219352264448912,0.25,0.15,0.25,0.05,0.1,0.05,0.15
geometric,532,0.0,traditional_ppo,3,core_learning_training_aware,0.4606526013087091,0.25,0.15,0.25,0.05,0.1,0.05,0.15
arithmetic,532,0.0,traditional_ppo,3,core_learning_training_aware,0.5496129020692497,0.25,0.15,0.25,0.05,0.1,0.05,0.15
geometric,532,0.0,a2c_pointer,2,core_learning_training_aware,0.6799876885540656,0.25,0.15,0.25,0.05,0.1,0.05,0.15
arithmetic,532,0.0,a2c_pointer,2,core_learning_training_aware,0.7200564134674377,0.25,0.15,0.25,0.05,0.1,0.05,0.15
geometric,533,0.0,full,2,core_learning_training_aware,0.6807743278747284,0.25,0.15,0.25,0.05,0.1,0.1,0.1
arithmetic,533,1.0,full,1,core_learning_training_aware,0.7229673262918979,0.25,0.15,0.25,0.05,0.1,0.1,0.1
geometric,533,0.0,traditional_ppo,3,core_learning_training_aware,0.5015947297735698,0.25,0.15,0.25,0.05,0.1,0.1,0.1
arithmetic,533,0.0,traditional_ppo,3,core_learning_training_aware,0.5899425147380848,0.25,0.15,0.25,0.05,0.1,0.1,0.1
geometric,533,1.0,a2c_pointer,1,core_learning_training_aware,0.6808202466605497,0.25,0.15,0.25,0.05,0.1,0.1,0.1
arithmetic,533,0.0,a2c_pointer,2,core_learning_training_aware,0.7212290368086318,0.25,0.15,0.25,0.05,0.1,0.1,0.1
geometric,534,0.0,full,2,core_learning_training_aware,0.6814948529526547,0.25,0.15,0.25,0.05,0.1,0.15,0.05
arithmetic,534,1.0,full,1,core_learning_training_aware,0.7239994261389047,0.25,0.15,0.25,0.05,0.1,0.15,0.05
geometric,534,0.0,traditional_ppo,3,core_learning_training_aware,0.5461757346465326,0.25,0.15,0.25,0.05,0.1,0.15,0.05
arithmetic,534,0.0,traditional_ppo,3,core_learning_training_aware,0.6302721274069198,0.25,0.15,0.25,0.05,0.1,0.15,0.05
geometric,534,1.0,a2c_pointer,1,core_learning_training_aware,0.6816538241281376,0.25,0.15,0.25,0.05,0.1,0.15,0.05
arithmetic,534,0.0,a2c_pointer,2,core_learning_training_aware,0.722401660149826,0.25,0.15,0.25,0.05,0.1,0.15,0.05
geometric,535,0.0,full,2,core_learning_training_aware,0.6584214010042424,0.25,0.15,0.25,0.05,0.15,0.05,0.1
arithmetic,535,1.0,full,1,core_learning_training_aware,0.6989514802981529,0.25,0.15,0.25,0.05,0.15,0.05,0.1
geometric,535,0.0,traditional_ppo,3,core_learning_training_aware,0.49065515695609124,0.25,0.15,0.25,0.05,0.15,0.05,0.1
arithmetic,535,0.0,traditional_ppo,3,core_learning_training_aware,0.5723571577424913,0.25,0.15,0.25,0.05,0.15,0.05,0.1
geometric,535,1.0,a2c_pointer,1,core_learning_training_aware,0.6595457372831846,0.25,0.15,0.25,0.05,0.15,0.05,0.1
arithmetic,535,0.0,a2c_pointer,2,core_learning_training_aware,0.6984302310633991,0.25,0.15,0.25,0.05,0.15,0.05,0.1
geometric,536,0.0,full,2,core_learning_training_aware,0.6591182679568315,0.25,0.15,0.25,0.05,0.15,0.1,0.05
arithmetic,536,1.0,full,1,core_learning_training_aware,0.6999835801451597,0.25,0.15,0.25,0.05,0.15,0.1,0.05
geometric,536,0.0,traditional_ppo,3,core_learning_training_aware,0.5342638686207416,0.25,0.15,0.25,0.05,0.15,0.1,0.05
arithmetic,536,0.0,traditional_ppo,3,core_learning_training_aware,0.6126867704113266,0.25,0.15,0.25,0.05,0.15,0.1,0.05
geometric,536,1.0,a2c_pointer,1,core_learning_training_aware,0.6603532668302853,0.25,0.15,0.25,0.05,0.15,0.1,0.05
arithmetic,536,0.0,a2c_pointer,2,core_learning_training_aware,0.6996028544045934,0.25,0.15,0.25,0.05,0.15,0.1,0.05
geometric,537,1.0,full,1,core_learning_training_aware,0.7007556773173398,0.25,0.15,0.25,0.1,0.05,0.05,0.15
arithmetic,537,1.0,full,1,core_learning_training_aware,0.7427105027042097,0.25,0.15,0.25,0.1,0.05,0.05,0.15
geometric,537,0.0,traditional_ppo,3,core_learning_training_aware,0.46995797012252355,0.25,0.15,0.25,0.1,0.05,0.05,0.15
arithmetic,537,0.0,traditional_ppo,3,core_learning_training_aware,0.5652156335590348,0.25,0.15,0.25,0.1,0.05,0.05,0.15
geometric,537,0.0,a2c_pointer,2,core_learning_training_aware,0.6995553444172133,0.25,0.15,0.25,0.1,0.05,0.05,0.15
arithmetic,537,0.0,a2c_pointer,2,core_learning_training_aware,0.7396875937372216,0.25,0.15,0.25,0.1,0.05,0.05,0.15
geometric,538,1.0,full,1,core_learning_training_aware,0.7014973504655954,0.25,0.15,0.25,0.1,0.05,0.1,0.1
arithmetic,538,1.0,full,1,core_learning_training_aware,0.7437426025512164,0.25,0.15,0.25,0.1,0.05,0.1,0.1
geometric,538,0.0,traditional_ppo,3,core_learning_training_aware,0.5117271461375462,0.25,0.15,0.25,0.1,0.05,0.1,0.1
arithmetic,538,0.0,traditional_ppo,3,core_learning_training_aware,0.6055452462278699,0.25,0.15,0.25,0.1,0.05,0.1,0.1
geometric,538,0.0,a2c_pointer,2,core_learning_training_aware,0.7004118606199806,0.25,0.15,0.25,0.1,0.05,0.1,0.1
arithmetic,538,0.0,a2c_pointer,2,core_learning_training_aware,0.7408602170784158,0.25,0.15,0.25,0.1,0.05,0.1,0.1
geometric,539,1.0,full,1,core_learning_training_aware,0.7022398085936614,0.25,0.15,0.25,0.1,0.05,0.15,0.05
arithmetic,539,1.0,full,1,core_learning_training_aware,0.7447747023982232,0.25,0.15,0.25,0.1,0.05,0.15,0.05
geometric,539,0.0,traditional_ppo,3,core_learning_training_aware,0.557208705335514,0.25,0.15,0.25,0.1,0.05,0.15,0.05
arithmetic,539,0.0,traditional_ppo,3,core_learning_training_aware,0.6458748588967049,0.25,0.15,0.25,0.1,0.05,0.15,0.05
geometric,539,0.0,a2c_pointer,2,core_learning_training_aware,0.7012694255174817,0.25,0.15,0.25,0.1,0.05,0.15,0.05
arithmetic,539,0.0,a2c_pointer,2,core_learning_training_aware,0.7420328404196099,0.25,0.15,0.25,0.1,0.05,0.15,0.05
geometric,540,0.0,full,2,core_learning_training_aware,0.6784639922252086,0.25,0.15,0.25,0.1,0.1,0.05,0.1
arithmetic,540,1.0,full,1,core_learning_training_aware,0.7197267565574714,0.25,0.15,0.25,0.1,0.1,0.05,0.1
geometric,540,0.0,traditional_ppo,3,core_learning_training_aware,0.5005665895256789,0.25,0.15,0.25,0.1,0.1,0.05,0.1
arithmetic,540,0.0,traditional_ppo,3,core_learning_training_aware,0.5879598892322765,0.25,0.15,0.25,0.1,0.1,0.05,0.1
geometric,540,1.0,a2c_pointer,1,core_learning_training_aware,0.678525145631895,0.25,0.15,0.25,0.1,0.1,0.05,0.1
arithmetic,540,0.0,a2c_pointer,2,core_learning_training_aware,0.7180614113331831,0.25,0.15,0.25,0.1,0.1,0.05,0.1
geometric,541,0.0,full,2,core_learning_training_aware,0.679182072065843,0.25,0.15,0.25,0.1,0.1,0.1,0.05
arithmetic,541,1.0,full,1,core_learning_training_aware,0.7207588564044782,0.25,0.15,0.25,0.1,0.1,0.1,0.05
geometric,541,0.0,traditional_ppo,3,core_learning_training_aware,0.5450562147993743,0.25,0.15,0.25,0.1,0.1,0.1,0.05
arithmetic,541,0.0,traditional_ppo,3,core_learning_training_aware,0.6282895019011117,0.25,0.15,0.25,0.1,0.1,0.1,0.05
geometric,541,1.0,a2c_pointer,1,core_learning_training_aware,0.6793559130413027,0.25,0.15,0.25,0.1,0.1,0.1,0.05
arithmetic,541,0.0,a2c_pointer,2,core_learning_training_aware,0.7192340346743773,0.25,0.15,0.25,0.1,0.1,0.1,0.05
geometric,542,0.0,full,2,core_learning_training_aware,0.6568814262174194,0.25,0.15,0.25,0.1,0.15,0.05,0.05
arithmetic,542,1.0,full,1,core_learning_training_aware,0.6967430104107333,0.25,0.15,0.25,0.1,0.15,0.05,0.05
geometric,542,0.0,traditional_ppo,3,core_learning_training_aware,0.5331687650366771,0.25,0.15,0.25,0.1,0.15,0.05,0.05
arithmetic,542,0.0,traditional_ppo,3,core_learning_training_aware,0.6107041449055183,0.25,0.15,0.25,0.1,0.15,0.05,0.05
geometric,542,1.0,a2c_pointer,1,core_learning_training_aware,0.6581271616734372,0.25,0.15,0.25,0.1,0.15,0.05,0.05
arithmetic,542,0.0,a2c_pointer,2,core_learning_training_aware,0.6964352289291448,0.25,0.15,0.25,0.1,0.15,0.05,0.05
geometric,543,1.0,full,1,core_learning_training_aware,0.6991166873435241,0.25,0.15,0.25,0.15,0.05,0.05,0.1
arithmetic,543,1.0,full,1,core_learning_training_aware,0.74050203281679,0.25,0.15,0.25,0.15,0.05,0.05,0.1
geometric,543,0.0,traditional_ppo,3,core_learning_training_aware,0.5106782370409139,0.25,0.15,0.25,0.15,0.05,0.05,0.1
arithmetic,543,0.0,traditional_ppo,3,core_learning_training_aware,0.6035626207220615,0.25,0.15,0.25,0.15,0.05,0.05,0.1
geometric,543,0.0,a2c_pointer,2,core_learning_training_aware,0.6980507146498429,0.25,0.15,0.25,0.15,0.05,0.05,0.1
arithmetic,543,0.0,a2c_pointer,2,core_learning_training_aware,0.7376925916029672,0.25,0.15,0.25,0.15,0.05,0.05,0.1
geometric,544,1.0,full,1,core_learning_training_aware,0.6998566258003697,0.25,0.15,0.25,0.15,0.05,0.1,0.05
arithmetic,544,1.0,full,1,core_learning_training_aware,0.7415341326637968,0.25,0.15,0.25,0.15,0.05,0.1,0.05
geometric,544,0.0,traditional_ppo,3,core_learning_training_aware,0.5560665707347593,0.25,0.15,0.25,0.15,0.05,0.1,0.05
arithmetic,544,0.0,traditional_ppo,3,core_learning_training_aware,0.6438922333908967,0.25,0.15,0.25,0.15,0.05,0.1,0.05
geometric,544,0.0,a2c_pointer,2,core_learning_training_aware,0.6989053886255652,0.25,0.15,0.25,0.15,0.05,0.1,0.05
arithmetic,544,0.0,a2c_pointer,2,core_learning_training_aware,0.7388652149441615,0.25,0.15,0.25,0.15,0.05,0.1,0.05
geometric,545,0.0,full,2,core_learning_training_aware,0.6768771400357134,0.25,0.15,0.25,0.15,0.1,0.05,0.05
arithmetic,545,1.0,full,1,core_learning_training_aware,0.7175182866700518,0.25,0.15,0.25,0.15,0.1,0.05,0.05
geometric,545,0.0,traditional_ppo,3,core_learning_training_aware,0.5439389896801007,0.25,0.15,0.25,0.15,0.1,0.05,0.05
arithmetic,545,0.0,traditional_ppo,3,core_learning_training_aware,0.6263068763953034,0.25,0.15,0.25,0.15,0.1,0.05,0.05
geometric,545,1.0,a2c_pointer,1,core_learning_training_aware,0.6770657484016763,0.25,0.15,0.25,0.15,0.1,0.05,0.05
arithmetic,545,0.0,a2c_pointer,2,core_learning_training_aware,0.7160664091989288,0.25,0.15,0.25,0.15,0.1,0.05,0.05
geometric,546,1.0,full,1,core_learning_training_aware,0.6742927550798096,0.25,0.2,0.1,0.05,0.05,0.15,0.2
arithmetic,546,1.0,full,1,core_learning_training_aware,0.7226419429278726,0.25,0.2,0.1,0.05,0.05,0.15,0.2
geometric,546,0.0,traditional_ppo,3,core_learning_training_aware,0.4151528381543196,0.25,0.2,0.1,0.05,0.05,0.15,0.2
arithmetic,546,0.0,traditional_ppo,3,core_learning_training_aware,0.5043178223061344,0.25,0.2,0.1,0.05,0.05,0.15,0.2
geometric,546,0.0,a2c_pointer,2,core_learning_training_aware,0.6719370226240537,0.25,0.2,0.1,0.05,0.05,0.15,0.2
arithmetic,546,0.0,a2c_pointer,2,core_learning_training_aware,0.7178076768492617,0.25,0.2,0.1,0.05,0.05,0.15,0.2
geometric,547,1.0,full,1,core_learning_training_aware,0.6750064201226964,0.25,0.2,0.1,0.05,0.05,0.2,0.15
arithmetic,547,1.0,full,1,core_learning_training_aware,0.7236740427748796,0.25,0.2,0.1,0.05,0.05,0.2,0.15
geometric,547,0.0,traditional_ppo,3,core_learning_training_aware,0.4520510143156538,0.25,0.2,0.1,0.05,0.05,0.2,0.15
arithmetic,547,0.0,traditional_ppo,3,core_learning_training_aware,0.5446474349749695,0.25,0.2,0.1,0.05,0.05,0.2,0.15
geometric,547,0.0,a2c_pointer,2,core_learning_training_aware,0.6727597237179839,0.25,0.2,0.1,0.05,0.05,0.2,0.15
arithmetic,547,0.0,a2c_pointer,2,core_learning_training_aware,0.7189803001904559,0.25,0.2,0.1,0.05,0.05,0.2,0.15
geometric,548,1.0,full,1,core_learning_training_aware,0.6521526478130575,0.25,0.2,0.1,0.05,0.1,0.1,0.2
arithmetic,548,1.0,full,1,core_learning_training_aware,0.6986260969341279,0.25,0.2,0.1,0.05,0.1,0.1,0.2
geometric,548,0.0,traditional_ppo,3,core_learning_training_aware,0.40609852710638994,0.25,0.2,0.1,0.05,0.1,0.1,0.2
arithmetic,548,0.0,traditional_ppo,3,core_learning_training_aware,0.48673246531054115,0.25,0.2,0.1,0.05,0.1,0.1,0.2
geometric,548,0.0,a2c_pointer,2,core_learning_training_aware,0.6509400993408045,0.25,0.2,0.1,0.05,0.1,0.1,0.2
arithmetic,548,0.0,a2c_pointer,2,core_learning_training_aware,0.6950088711040293,0.25,0.2,0.1,0.05,0.1,0.1,0.2
geometric,549,1.0,full,1,core_learning_training_aware,0.6528428799768529,0.25,0.2,0.1,0.05,0.1,0.15,0.15
arithmetic,549,1.0,full,1,core_learning_training_aware,0.6996581967811346,0.25,0.2,0.1,0.05,0.1,0.15,0.15
geometric,549,0.0,traditional_ppo,3,core_learning_training_aware,0.4421919693640581,0.25,0.2,0.1,0.05,0.1,0.15,0.15
arithmetic,549,0.0,traditional_ppo,3,core_learning_training_aware,0.5270620779793762,0.25,0.2,0.1,0.05,0.1,0.15,0.15
geometric,549,0.0,a2c_pointer,2,core_learning_training_aware,0.6517370923829789,0.25,0.2,0.1,0.05,0.1,0.15,0.15
arithmetic,549,0.0,a2c_pointer,2,core_learning_training_aware,0.6961814944452234,0.25,0.2,0.1,0.05,0.1,0.15,0.15
geometric,550,1.0,full,1,core_learning_training_aware,0.65353384267581,0.25,0.2,0.1,0.05,0.1,0.2,0.1
arithmetic,550,1.0,full,1,core_learning_training_aware,0.7006902966281413,0.25,0.2,0.1,0.05,0.1,0.2,0.1
geometric,550,0.0,traditional_ppo,3,core_learning_training_aware,0.48149334390183113,0.25,0.2,0.1,0.05,0.1,0.2,0.1
arithmetic,550,0.0,traditional_ppo,3,core_learning_training_aware,0.567391690648211,0.25,0.2,0.1,0.05,0.1,0.2,0.1
geometric,550,0.0,a2c_pointer,2,core_learning_training_aware,0.6525350612413765,0.25,0.2,0.1,0.05,0.1,0.2,0.1
arithmetic,550,0.0,a2c_pointer,2,core_learning_training_aware,0.6973541177864174,0.25,0.2,0.1,0.05,0.1,0.2,0.1
geometric,551,1.0,full,1,core_learning_training_aware,0.6307395012708431,0.25,0.2,0.1,0.05,0.15,0.05,0.2
arithmetic,551,1.0,full,1,core_learning_training_aware,0.6746102509403828,0.25,0.2,0.1,0.05,0.15,0.05,0.2
geometric,551,0.0,traditional_ppo,3,core_learning_training_aware,0.39724168682348554,0.25,0.2,0.1,0.05,0.15,0.05,0.2
arithmetic,551,0.0,traditional_ppo,3,core_learning_training_aware,0.46914710831494777,0.25,0.2,0.1,0.05,0.15,0.05,0.2
geometric,551,0.0,a2c_pointer,2,core_learning_training_aware,0.6305992952659316,0.25,0.2,0.1,0.05,0.15,0.05,0.2
arithmetic,551,0.0,a2c_pointer,2,core_learning_training_aware,0.6722100653587966,0.25,0.2,0.1,0.05,0.15,0.05,0.2
geometric,552,1.0,full,1,core_learning_training_aware,0.6314070699638682,0.25,0.2,0.1,0.05,0.15,0.1,0.15
arithmetic,552,1.0,full,1,core_learning_training_aware,0.6756423507873897,0.25,0.2,0.1,0.05,0.15,0.1,0.15
geometric,552,0.0,traditional_ppo,3,core_learning_training_aware,0.4325479460898381,0.25,0.2,0.1,0.05,0.15,0.1,0.15
arithmetic,552,0.0,traditional_ppo,3,core_learning_training_aware,0.5094767209837829,0.25,0.2,0.1,0.05,0.15,0.1,0.15
geometric,552,0.0,a2c_pointer,2,core_learning_training_aware,0.6313713835905499,0.25,0.2,0.1,0.05,0.15,0.1,0.15
arithmetic,552,0.0,a2c_pointer,2,core_learning_training_aware,0.6733826886999909,0.25,0.2,0.1,0.05,0.15,0.1,0.15
geometric,553,0.0,full,2,core_learning_training_aware,0.632075345205253,0.25,0.2,0.1,0.05,0.15,0.15,0.1
arithmetic,553,1.0,full,1,core_learning_training_aware,0.6766744506343964,0.25,0.2,0.1,0.05,0.15,0.15,0.1
geometric,553,0.0,traditional_ppo,3,core_learning_training_aware,0.47099217396505144,0.25,0.2,0.1,0.05,0.15,0.15,0.1
arithmetic,553,0.0,traditional_ppo,3,core_learning_training_aware,0.5498063336526178,0.25,0.2,0.1,0.05,0.15,0.15,0.1
geometric,553,1.0,a2c_pointer,1,core_learning_training_aware,0.6321444172387447,0.25,0.2,0.1,0.05,0.15,0.15,0.1
arithmetic,553,0.0,a2c_pointer,2,core_learning_training_aware,0.6745553120411848,0.25,0.2,0.1,0.05,0.15,0.15,0.1
geometric,554,0.0,full,2,core_learning_training_aware,0.6327443277428012,0.25,0.2,0.1,0.05,0.15,0.2,0.05
arithmetic,554,1.0,full,1,core_learning_training_aware,0.677706550481403,0.25,0.2,0.1,0.05,0.15,0.2,0.05
geometric,554,0.0,traditional_ppo,3,core_learning_training_aware,0.512853268502751,0.25,0.2,0.1,0.05,0.15,0.2,0.05
arithmetic,554,0.0,traditional_ppo,3,core_learning_training_aware,0.5901359463214528,0.25,0.2,0.1,0.05,0.15,0.2,0.05
geometric,554,1.0,a2c_pointer,1,core_learning_training_aware,0.6329183973679438,0.25,0.2,0.1,0.05,0.15,0.2,0.05
arithmetic,554,0.0,a2c_pointer,2,core_learning_training_aware,0.675727935382379,0.25,0.2,0.1,0.05,0.15,0.2,0.05
geometric,555,1.0,full,1,core_learning_training_aware,0.6720044158659365,0.25,0.2,0.1,0.1,0.05,0.1,0.2
arithmetic,555,1.0,full,1,core_learning_training_aware,0.7194013731934463,0.25,0.2,0.1,0.1,0.05,0.1,0.2
geometric,555,0.0,traditional_ppo,3,core_learning_training_aware,0.41430188156208164,0.25,0.2,0.1,0.1,0.05,0.1,0.2
arithmetic,555,0.0,traditional_ppo,3,core_learning_training_aware,0.5023351968003263,0.25,0.2,0.1,0.1,0.05,0.1,0.2
geometric,555,0.0,a2c_pointer,2,core_learning_training_aware,0.6696718676740062,0.25,0.2,0.1,0.1,0.05,0.1,0.2
arithmetic,555,0.0,a2c_pointer,2,core_learning_training_aware,0.7146400513738133,0.25,0.2,0.1,0.1,0.05,0.1,0.2
geometric,556,1.0,full,1,core_learning_training_aware,0.6727156589523499,0.25,0.2,0.1,0.1,0.05,0.15,0.15
arithmetic,556,1.0,full,1,core_learning_training_aware,0.7204334730404531,0.25,0.2,0.1,0.1,0.05,0.15,0.15
geometric,556,0.0,traditional_ppo,3,core_learning_training_aware,0.45112442594793384,0.25,0.2,0.1,0.1,0.05,0.15,0.15
arithmetic,556,0.0,traditional_ppo,3,core_learning_training_aware,0.5426648094691613,0.25,0.2,0.1,0.1,0.05,0.15,0.15
geometric,556,0.0,a2c_pointer,2,core_learning_training_aware,0.6704917953749062,0.25,0.2,0.1,0.1,0.05,0.15,0.15
arithmetic,556,0.0,a2c_pointer,2,core_learning_training_aware,0.7158126747150074,0.25,0.2,0.1,0.1,0.05,0.15,0.15
geometric,557,1.0,full,1,core_learning_training_aware,0.6734276548116858,0.25,0.2,0.1,0.1,0.05,0.2,0.1
arithmetic,557,1.0,full,1,core_learning_training_aware,0.7214655728874597,0.25,0.2,0.1,0.1,0.05,0.2,0.1
geometric,557,0.0,traditional_ppo,3,core_learning_training_aware,0.49121970414309396,0.25,0.2,0.1,0.1,0.05,0.2,0.1
arithmetic,557,0.0,traditional_ppo,3,core_learning_training_aware,0.5829944221379962,0.25,0.2,0.1,0.1,0.05,0.2,0.1
geometric,557,0.0,a2c_pointer,2,core_learning_training_aware,0.6713127269725909,0.25,0.2,0.1,0.1,0.05,0.2,0.1
arithmetic,557,0.0,a2c_pointer,2,core_learning_training_aware,0.7169852980562014,0.25,0.2,0.1,0.1,0.05,0.2,0.1
geometric,558,1.0,full,1,core_learning_training_aware,0.6499394452149588,0.25,0.2,0.1,0.1,0.1,0.05,0.2
arithmetic,558,1.0,full,1,core_learning_training_aware,0.6953855271997015,0.25,0.2,0.1,0.1,0.1,0.05,0.2
geometric,558,0.0,traditional_ppo,3,core_learning_training_aware,0.4052661295241511,0.25,0.2,0.1,0.1,0.1,0.05,0.2
arithmetic,558,0.0,traditional_ppo,3,core_learning_training_aware,0.48474983980473296,0.25,0.2,0.1,0.1,0.1,0.05,0.2
geometric,558,0.0,a2c_pointer,2,core_learning_training_aware,0.6487457267455158,0.25,0.2,0.1,0.1,0.1,0.05,0.2
arithmetic,558,0.0,a2c_pointer,2,core_learning_training_aware,0.6918412456285807,0.25,0.2,0.1,0.1,0.1,0.05,0.2
geometric,559,1.0,full,1,core_learning_training_aware,0.6506273349461608,0.25,0.2,0.1,0.1,0.1,0.1,0.15
arithmetic,559,1.0,full,1,core_learning_training_aware,0.6964176270467082,0.25,0.2,0.1,0.1,0.1,0.1,0.15
geometric,559,0.0,traditional_ppo,3,core_learning_training_aware,0.4412855895039615,0.25,0.2,0.1,0.1,0.1,0.1,0.15
arithmetic,559,0.0,traditional_ppo,3,core_learning_training_aware,0.525079452473568,0.25,0.2,0.1,0.1,0.1,0.1,0.15
geometric,559,0.0,a2c_pointer,2,core_learning_training_aware,0.6495400330586161,0.25,0.2,0.1,0.1,0.1,0.1,0.15
arithmetic,559,0.0,a2c_pointer,2,core_learning_training_aware,0.6930138689697748,0.25,0.2,0.1,0.1,0.1,0.1,0.15
geometric,560,1.0,full,1,core_learning_training_aware,0.6513159527333158,0.25,0.2,0.1,0.1,0.1,0.15,0.1
arithmetic,560,1.0,full,1,core_learning_training_aware,0.697449726893715,0.25,0.2,0.1,0.1,0.1,0.15,0.1
geometric,560,0.0,traditional_ppo,3,core_learning_training_aware,0.4805064063273862,0.25,0.2,0.1,0.1,0.1,0.15,0.1
arithmetic,560,0.0,traditional_ppo,3,core_learning_training_aware,0.565409065142403,0.25,0.2,0.1,0.1,0.1,0.15,0.1
geometric,560,0.0,a2c_pointer,2,core_learning_training_aware,0.6503353118983829,0.25,0.2,0.1,0.1,0.1,0.15,0.1
arithmetic,560,0.0,a2c_pointer,2,core_learning_training_aware,0.6941864923109691,0.25,0.2,0.1,0.1,0.1,0.15,0.1
geometric,561,1.0,full,1,core_learning_training_aware,0.6520052993469916,0.25,0.2,0.1,0.1,0.1,0.2,0.05
arithmetic,561,1.0,full,1,core_learning_training_aware,0.6984818267407217,0.25,0.2,0.1,0.1,0.1,0.2,0.05
geometric,561,0.0,traditional_ppo,3,core_learning_training_aware,0.523213111901508,0.25,0.2,0.1,0.1,0.1,0.2,0.05
arithmetic,561,0.0,traditional_ppo,3,core_learning_training_aware,0.6057386778112381,0.25,0.2,0.1,0.1,0.1,0.2,0.05
geometric,561,0.0,a2c_pointer,2,core_learning_training_aware,0.6511315644555509,0.25,0.2,0.1,0.1,0.1,0.2,0.05
arithmetic,561,0.0,a2c_pointer,2,core_learning_training_aware,0.6953591156521631,0.25,0.2,0.1,0.1,0.1,0.2,0.05
geometric,562,1.0,full,1,core_learning_training_aware,0.6292642713838301,0.25,0.2,0.1,0.1,0.15,0.05,0.15
arithmetic,562,1.0,full,1,core_learning_training_aware,0.6724017810529633,0.25,0.2,0.1,0.1,0.15,0.05,0.15
geometric,562,0.0,traditional_ppo,3,core_learning_training_aware,0.4316613339982034,0.25,0.2,0.1,0.1,0.15,0.05,0.15
arithmetic,562,0.0,traditional_ppo,3,core_learning_training_aware,0.5074940954779747,0.25,0.2,0.1,0.1,0.15,0.05,0.15
geometric,562,0.0,a2c_pointer,2,core_learning_training_aware,0.6292429787449986,0.25,0.2,0.1,0.1,0.15,0.05,0.15
arithmetic,562,0.0,a2c_pointer,2,core_learning_training_aware,0.6702150632245423,0.25,0.2,0.1,0.1,0.15,0.05,0.15
geometric,563,0.0,full,2,core_learning_training_aware,0.6299302787075648,0.25,0.2,0.1,0.1,0.15,0.1,0.1
arithmetic,563,1.0,full,1,core_learning_training_aware,0.67343388089997,0.25,0.2,0.1,0.1,0.15,0.1,0.1
geometric,563,0.0,traditional_ppo,3,core_learning_training_aware,0.4700267610893744,0.25,0.2,0.1,0.1,0.15,0.1,0.1
arithmetic,563,0.0,traditional_ppo,3,core_learning_training_aware,0.5478237081468097,0.25,0.2,0.1,0.1,0.15,0.1,0.1
geometric,563,1.0,a2c_pointer,1,core_learning_training_aware,0.6300134064332062,0.25,0.2,0.1,0.1,0.15,0.1,0.1
arithmetic,563,0.0,a2c_pointer,2,core_learning_training_aware,0.6713876865657364,0.25,0.2,0.1,0.1,0.15,0.1,0.1
geometric,564,0.0,full,2,core_learning_training_aware,0.6305969909271205,0.25,0.2,0.1,0.1,0.15,0.15,0.05
arithmetic,564,1.0,full,1,core_learning_training_aware,0.6744659807469767,0.25,0.2,0.1,0.1,0.15,0.15,0.05
geometric,564,0.0,traditional_ppo,3,core_learning_training_aware,0.5118020511447694,0.25,0.2,0.1,0.1,0.15,0.15,0.05
arithmetic,564,0.0,traditional_ppo,3,core_learning_training_aware,0.5881533208156448,0.25,0.2,0.1,0.1,0.15,0.15,0.05
geometric,564,1.0,a2c_pointer,1,core_learning_training_aware,0.630784777411753,0.25,0.2,0.1,0.1,0.15,0.15,0.05
arithmetic,564,0.0,a2c_pointer,2,core_learning_training_aware,0.6725603099069306,0.25,0.2,0.1,0.1,0.15,0.15,0.05
geometric,565,1.0,full,1,core_learning_training_aware,0.6697238425613342,0.25,0.2,0.1,0.15,0.05,0.05,0.2
arithmetic,565,1.0,full,1,core_learning_training_aware,0.7161608034590199,0.25,0.2,0.1,0.15,0.05,0.05,0.2
geometric,565,0.0,traditional_ppo,3,core_learning_training_aware,0.41345266921209717,0.25,0.2,0.1,0.15,0.05,0.05,0.2
arithmetic,565,0.0,traditional_ppo,3,core_learning_training_aware,0.5003525712945179,0.25,0.2,0.1,0.15,0.05,0.05,0.2
geometric,565,0.0,a2c_pointer,2,core_learning_training_aware,0.667414348747537,0.25,0.2,0.1,0.15,0.05,0.05,0.2
arithmetic,565,0.0,a2c_pointer,2,core_learning_training_aware,0.7114724258983647,0.25,0.2,0.1,0.15,0.05,0.05,0.2
geometric,566,1.0,full,1,core_learning_training_aware,0.6704326719106386,0.25,0.2,0.1,0.15,0.05,0.1,0.15
arithmetic,566,1.0,full,1,core_learning_training_aware,0.7171929033060267,0.25,0.2,0.1,0.15,0.05,0.1,0.15
geometric,566,0.0,traditional_ppo,3,core_learning_training_aware,0.4501997368481638,0.25,0.2,0.1,0.15,0.05,0.1,0.15
arithmetic,566,0.0,traditional_ppo,3,core_learning_training_aware,0.5406821839633531,0.25,0.2,0.1,0.15,0.05,0.1,0.15
geometric,566,0.0,a2c_pointer,2,core_learning_training_aware,0.6682315124047425,0.25,0.2,0.1,0.15,0.05,0.1,0.15
arithmetic,566,0.0,a2c_pointer,2,core_learning_training_aware,0.712645049239559,0.25,0.2,0.1,0.15,0.05,0.1,0.15
geometric,567,1.0,full,1,core_learning_training_aware,0.6711422514781891,0.25,0.2,0.1,0.15,0.05,0.15,0.1
arithmetic,567,1.0,full,1,core_learning_training_aware,0.7182250031530333,0.25,0.2,0.1,0.15,0.05,0.15,0.1
geometric,567,0.0,traditional_ppo,3,core_learning_training_aware,0.49021283003057176,0.25,0.2,0.1,0.15,0.05,0.15,0.1
arithmetic,567,0.0,traditional_ppo,3,core_learning_training_aware,0.5810117966321879,0.25,0.2,0.1,0.15,0.05,0.15,0.1
geometric,567,0.0,a2c_pointer,2,core_learning_training_aware,0.6690496765745143,0.25,0.2,0.1,0.15,0.05,0.15,0.1
arithmetic,567,0.0,a2c_pointer,2,core_learning_training_aware,0.7138176725807529,0.25,0.2,0.1,0.15,0.05,0.15,0.1
geometric,568,1.0,full,1,core_learning_training_aware,0.6718525820580092,0.25,0.2,0.1,0.15,0.05,0.2,0.05
arithmetic,568,1.0,full,1,core_learning_training_aware,0.71925710300004,0.25,0.2,0.1,0.15,0.05,0.2,0.05
geometric,568,0.0,traditional_ppo,3,core_learning_training_aware,0.533782228325979,0.25,0.2,0.1,0.15,0.05,0.2,0.05
arithmetic,568,0.0,traditional_ppo,3,core_learning_training_aware,0.6213414093010231,0.25,0.2,0.1,0.15,0.05,0.2,0.05
geometric,568,0.0,a2c_pointer,2,core_learning_training_aware,0.6698688424818519,0.25,0.2,0.1,0.15,0.05,0.2,0.05
arithmetic,568,0.0,a2c_pointer,2,core_learning_training_aware,0.7149902959219471,0.25,0.2,0.1,0.15,0.05,0.2,0.05
geometric,569,1.0,full,1,core_learning_training_aware,0.6484193087839951,0.25,0.2,0.1,0.15,0.1,0.05,0.15
arithmetic,569,1.0,full,1,core_learning_training_aware,0.6931770573122819,0.25,0.2,0.1,0.15,0.1,0.05,0.15
geometric,569,0.0,traditional_ppo,3,core_learning_training_aware,0.44038106748956946,0.25,0.2,0.1,0.15,0.1,0.05,0.15
arithmetic,569,0.0,traditional_ppo,3,core_learning_training_aware,0.5230968269677598,0.25,0.2,0.1,0.15,0.1,0.05,0.15
geometric,569,0.0,a2c_pointer,2,core_learning_training_aware,0.6473503802018783,0.25,0.2,0.1,0.15,0.1,0.05,0.15
arithmetic,569,0.0,a2c_pointer,2,core_learning_training_aware,0.6898462434943263,0.25,0.2,0.1,0.15,0.1,0.05,0.15
geometric,570,1.0,full,1,core_learning_training_aware,0.6491055896172473,0.25,0.2,0.1,0.15,0.1,0.1,0.1
arithmetic,570,1.0,full,1,core_learning_training_aware,0.6942091571592885,0.25,0.2,0.1,0.15,0.1,0.1,0.1
geometric,570,0.0,traditional_ppo,3,core_learning_training_aware,0.4795214917212507,0.25,0.2,0.1,0.15,0.1,0.1,0.1
arithmetic,570,0.0,traditional_ppo,3,core_learning_training_aware,0.5634264396365948,0.25,0.2,0.1,0.15,0.1,0.1,0.1
geometric,570,0.0,a2c_pointer,2,core_learning_training_aware,0.6481429780912882,0.25,0.2,0.1,0.15,0.1,0.1,0.1
arithmetic,570,0.0,a2c_pointer,2,core_learning_training_aware,0.6910188668355206,0.25,0.2,0.1,0.15,0.1,0.1,0.1
geometric,571,1.0,full,1,core_learning_training_aware,0.6497925968036102,0.25,0.2,0.1,0.15,0.1,0.15,0.05
arithmetic,571,1.0,full,1,core_learning_training_aware,0.6952412570062952,0.25,0.2,0.1,0.15,0.1,0.15,0.05
geometric,571,0.0,traditional_ppo,3,core_learning_training_aware,0.5221406595278298,0.25,0.2,0.1,0.15,0.1,0.15,0.05
arithmetic,571,0.0,traditional_ppo,3,core_learning_training_aware,0.6037560523054298,0.25,0.2,0.1,0.15,0.1,0.15,0.05
geometric,571,0.0,a2c_pointer,2,core_learning_training_aware,0.6489365464156179,0.25,0.2,0.1,0.15,0.1,0.15,0.05
arithmetic,571,0.0,a2c_pointer,2,core_learning_training_aware,0.6921914901767147,0.25,0.2,0.1,0.15,0.1,0.15,0.05
geometric,572,0.0,full,2,core_learning_training_aware,0.6277924918962535,0.25,0.2,0.1,0.15,0.15,0.05,0.1
arithmetic,572,1.0,full,1,core_learning_training_aware,0.6701933111655435,0.25,0.2,0.1,0.15,0.15,0.05,0.1
geometric,572,0.0,traditional_ppo,3,core_learning_training_aware,0.4690633270619079,0.25,0.2,0.1,0.15,0.15,0.05,0.1
arithmetic,572,0.0,traditional_ppo,3,core_learning_training_aware,0.5458410826410013,0.25,0.2,0.1,0.15,0.15,0.05,0.1
geometric,572,1.0,a2c_pointer,1,core_learning_training_aware,0.6278895794403055,0.25,0.2,0.1,0.15,0.15,0.05,0.1
arithmetic,572,0.0,a2c_pointer,2,core_learning_training_aware,0.6682200610902879,0.25,0.2,0.1,0.15,0.15,0.05,0.1
geometric,573,0.0,full,2,core_learning_training_aware,0.6284569415025675,0.25,0.2,0.1,0.15,0.15,0.1,0.05
arithmetic,573,1.0,full,1,core_learning_training_aware,0.6712254110125504,0.25,0.2,0.1,0.15,0.15,0.1,0.05
geometric,573,0.0,traditional_ppo,3,core_learning_training_aware,0.5107529885121286,0.25,0.2,0.1,0.15,0.15,0.1,0.05
arithmetic,573,0.0,traditional_ppo,3,core_learning_training_aware,0.5861706953098366,0.25,0.2,0.1,0.15,0.15,0.1,0.05
geometric,573,1.0,a2c_pointer,1,core_learning_training_aware,0.6286583500638612,0.25,0.2,0.1,0.15,0.15,0.1,0.05
arithmetic,573,0.0,a2c_pointer,2,core_learning_training_aware,0.6693926844314821,0.25,0.2,0.1,0.15,0.15,0.1,0.05
geometric,574,1.0,full,1,core_learning_training_aware,0.6721876787822302,0.25,0.2,0.15,0.05,0.05,0.1,0.2
arithmetic,574,1.0,full,1,core_learning_training_aware,0.7196532523196225,0.25,0.2,0.15,0.05,0.05,0.1,0.2
geometric,574,0.0,traditional_ppo,3,core_learning_training_aware,0.413916918012553,0.25,0.2,0.15,0.05,0.05,0.1,0.2
arithmetic,574,0.0,traditional_ppo,3,core_learning_training_aware,0.5014633748180046,0.25,0.2,0.15,0.05,0.05,0.1,0.2
geometric,574,0.0,a2c_pointer,2,core_learning_training_aware,0.6703915976700037,0.25,0.2,0.15,0.05,0.05,0.1,0.2
arithmetic,574,0.0,a2c_pointer,2,core_learning_training_aware,0.7156245870131047,0.25,0.2,0.15,0.05,0.05,0.1,0.2
geometric,575,1.0,full,1,core_learning_training_aware,0.6728991158323723,0.25,0.2,0.15,0.05,0.05,0.15,0.15
arithmetic,575,1.0,full,1,core_learning_training_aware,0.7206853521666292,0.25,0.2,0.15,0.05,0.05,0.15,0.15
geometric,575,0.0,traditional_ppo,3,core_learning_training_aware,0.45070524740199724,0.25,0.2,0.15,0.05,0.05,0.15,0.15
arithmetic,575,0.0,traditional_ppo,3,core_learning_training_aware,0.5417929874868396,0.25,0.2,0.15,0.05,0.05,0.15,0.15
geometric,575,0.0,a2c_pointer,2,core_learning_training_aware,0.6712124065883914,0.25,0.2,0.15,0.05,0.05,0.15,0.15
arithmetic,575,0.0,a2c_pointer,2,core_learning_training_aware,0.7167972103542988,0.25,0.2,0.15,0.05,0.05,0.15,0.15
geometric,576,1.0,full,1,core_learning_training_aware,0.6736113058607263,0.25,0.2,0.15,0.05,0.05,0.2,0.1
arithmetic,576,1.0,full,1,core_learning_training_aware,0.7217174520136359,0.25,0.2,0.15,0.05,0.05,0.2,0.1
geometric,576,0.0,traditional_ppo,3,core_learning_training_aware,0.49076326962198497,0.25,0.2,0.15,0.05,0.05,0.2,0.1
arithmetic,576,0.0,traditional_ppo,3,core_learning_training_aware,0.5821226001556745,0.25,0.2,0.15,0.05,0.05,0.2,0.1
geometric,576,0.0,a2c_pointer,2,core_learning_training_aware,0.6720342204825022,0.25,0.2,0.15,0.05,0.05,0.2,0.1
arithmetic,576,0.0,a2c_pointer,2,core_learning_training_aware,0.7179698336954928,0.25,0.2,0.15,0.05,0.05,0.2,0.1
geometric,577,1.0,full,1,core_learning_training_aware,0.6501166907736668,0.25,0.2,0.15,0.05,0.1,0.05,0.2
arithmetic,577,1.0,full,1,core_learning_training_aware,0.6956374063258777,0.25,0.2,0.15,0.05,0.1,0.05,0.2
geometric,577,0.0,traditional_ppo,3,core_learning_training_aware,0.4048895618698186,0.25,0.2,0.15,0.05,0.1,0.05,0.2
arithmetic,577,0.0,traditional_ppo,3,core_learning_training_aware,0.48387801782241124,0.25,0.2,0.15,0.05,0.1,0.05,0.2
geometric,577,0.0,a2c_pointer,2,core_learning_training_aware,0.6494429663666689,0.25,0.2,0.15,0.05,0.1,0.05,0.2
arithmetic,577,0.0,a2c_pointer,2,core_learning_training_aware,0.6928257812678721,0.25,0.2,0.15,0.05,0.1,0.05,0.2
geometric,578,1.0,full,1,core_learning_training_aware,0.6508047680998834,0.25,0.2,0.15,0.05,0.1,0.1,0.15
arithmetic,578,1.0,full,1,core_learning_training_aware,0.6966695061728844,0.25,0.2,0.15,0.05,0.1,0.1,0.15
geometric,578,0.0,traditional_ppo,3,core_learning_training_aware,0.4408755530680883,0.25,0.2,0.15,0.05,0.1,0.1,0.15
arithmetic,578,0.0,traditional_ppo,3,core_learning_training_aware,0.5242076304912463,0.25,0.2,0.15,0.05,0.1,0.1,0.15
geometric,578,0.0,a2c_pointer,2,core_learning_training_aware,0.6502381263606645,0.25,0.2,0.15,0.05,0.1,0.1,0.15
arithmetic,578,0.0,a2c_pointer,2,core_learning_training_aware,0.6939984046090663,0.25,0.2,0.15,0.05,0.1,0.1,0.15
geometric,579,1.0,full,1,core_learning_training_aware,0.6514935736806019,0.25,0.2,0.15,0.05,0.1,0.15,0.1
arithmetic,579,1.0,full,1,core_learning_training_aware,0.6977016060198911,0.25,0.2,0.15,0.05,0.1,0.15,0.1
geometric,579,0.0,traditional_ppo,3,core_learning_training_aware,0.48005992645369217,0.25,0.2,0.15,0.05,0.1,0.15,0.1
arithmetic,579,0.0,traditional_ppo,3,core_learning_training_aware,0.5645372431600812,0.25,0.2,0.15,0.05,0.1,0.15,0.1
geometric,579,0.0,a2c_pointer,2,core_learning_training_aware,0.6510342599265497,0.25,0.2,0.15,0.05,0.1,0.15,0.1
arithmetic,579,0.0,a2c_pointer,2,core_learning_training_aware,0.6951710279502603,0.25,0.2,0.15,0.05,0.1,0.15,0.1
geometric,580,1.0,full,1,core_learning_training_aware,0.6521831082866,0.25,0.2,0.15,0.05,0.1,0.2,0.05
arithmetic,580,1.0,full,1,core_learning_training_aware,0.6987337058668979,0.25,0.2,0.15,0.05,0.1,0.2,0.05
geometric,580,0.0,traditional_ppo,3,core_learning_training_aware,0.52272694955062,0.25,0.2,0.15,0.05,0.1,0.2,0.05
arithmetic,580,0.0,traditional_ppo,3,core_learning_training_aware,0.6048668558289164,0.25,0.2,0.15,0.05,0.1,0.2,0.05
geometric,580,0.0,a2c_pointer,2,core_learning_training_aware,0.6518313682563392,0.25,0.2,0.15,0.05,0.1,0.2,0.05
arithmetic,580,0.0,a2c_pointer,2,core_learning_training_aware,0.6963436512914545,0.25,0.2,0.15,0.05,0.1,0.2,0.05
geometric,581,0.0,full,2,core_learning_training_aware,0.6294358785976676,0.25,0.2,0.15,0.05,0.15,0.05,0.15
arithmetic,581,1.0,full,1,core_learning_training_aware,0.6726536601791394,0.25,0.2,0.15,0.05,0.15,0.05,0.15
geometric,581,0.0,traditional_ppo,3,core_learning_training_aware,0.43126024028676846,0.25,0.2,0.15,0.05,0.15,0.05,0.15
arithmetic,581,0.0,traditional_ppo,3,core_learning_training_aware,0.506622273495653,0.25,0.2,0.15,0.05,0.15,0.05,0.15
geometric,581,1.0,a2c_pointer,1,core_learning_training_aware,0.6299192577831887,0.25,0.2,0.15,0.05,0.15,0.05,0.15
arithmetic,581,0.0,a2c_pointer,2,core_learning_training_aware,0.6711995988638336,0.25,0.2,0.15,0.05,0.15,0.05,0.15
geometric,582,0.0,full,2,core_learning_training_aware,0.6301020675488463,0.25,0.2,0.15,0.05,0.15,0.1,0.1
arithmetic,582,1.0,full,1,core_learning_training_aware,0.6736857600261461,0.25,0.2,0.15,0.05,0.15,0.1,0.1
geometric,582,0.0,traditional_ppo,3,core_learning_training_aware,0.46959001875636786,0.25,0.2,0.15,0.05,0.15,0.1,0.1
arithmetic,582,0.0,traditional_ppo,3,core_learning_training_aware,0.546951886164488,0.25,0.2,0.15,0.05,0.15,0.1,0.1
geometric,582,1.0,a2c_pointer,1,core_learning_training_aware,0.630690513488734,0.25,0.2,0.15,0.05,0.15,0.1,0.1
arithmetic,582,0.0,a2c_pointer,2,core_learning_training_aware,0.6723722222050279,0.25,0.2,0.15,0.05,0.15,0.1,0.1
geometric,583,0.0,full,2,core_learning_training_aware,0.6307689615880788,0.25,0.2,0.15,0.05,0.15,0.15,0.05
arithmetic,583,1.0,full,1,core_learning_training_aware,0.6747178598731529,0.25,0.2,0.15,0.05,0.15,0.15,0.05
geometric,583,0.0,traditional_ppo,3,core_learning_training_aware,0.5113264917929222,0.25,0.2,0.15,0.05,0.15,0.15,0.05
arithmetic,583,0.0,traditional_ppo,3,core_learning_training_aware,0.587281498833323,0.25,0.2,0.15,0.05,0.15,0.15,0.05
geometric,583,1.0,a2c_pointer,1,core_learning_training_aware,0.6314627134984199,0.25,0.2,0.15,0.05,0.15,0.15,0.05
arithmetic,583,0.0,a2c_pointer,2,core_learning_training_aware,0.673544845546222,0.25,0.2,0.15,0.05,0.15,0.15,0.05
geometric,584,1.0,full,1,core_learning_training_aware,0.6699064835404727,0.25,0.2,0.15,0.1,0.05,0.05,0.2
arithmetic,584,1.0,full,1,core_learning_training_aware,0.7164126825851961,0.25,0.2,0.15,0.1,0.05,0.05,0.2
geometric,584,0.0,traditional_ppo,3,core_learning_training_aware,0.4130684947388799,0.25,0.2,0.15,0.1,0.05,0.05,0.2
arithmetic,584,0.0,traditional_ppo,3,core_learning_training_aware,0.4994807493121963,0.25,0.2,0.15,0.1,0.05,0.05,0.2
geometric,584,0.0,a2c_pointer,2,core_learning_training_aware,0.6681316524745415,0.25,0.2,0.15,0.1,0.05,0.05,0.2
arithmetic,584,0.0,a2c_pointer,2,core_learning_training_aware,0.7124569615376561,0.25,0.2,0.15,0.1,0.05,0.05,0.2
geometric,585,1.0,full,1,core_learning_training_aware,0.6706155061952535,0.25,0.2,0.15,0.1,0.05,0.1,0.15
arithmetic,585,1.0,full,1,core_learning_training_aware,0.7174447824322028,0.25,0.2,0.15,0.1,0.05,0.1,0.15
geometric,585,0.0,traditional_ppo,3,core_learning_training_aware,0.4497814175104854,0.25,0.2,0.15,0.1,0.05,0.1,0.15
arithmetic,585,0.0,traditional_ppo,3,core_learning_training_aware,0.5398103619810314,0.25,0.2,0.15,0.1,0.05,0.1,0.15
geometric,585,0.0,a2c_pointer,2,core_learning_training_aware,0.6689496943785783,0.25,0.2,0.15,0.1,0.05,0.1,0.15
arithmetic,585,0.0,a2c_pointer,2,core_learning_training_aware,0.7136295848788502,0.25,0.2,0.15,0.1,0.05,0.1,0.15
geometric,586,1.0,full,1,core_learning_training_aware,0.6713252792728729,0.25,0.2,0.15,0.1,0.05,0.15,0.1
arithmetic,586,1.0,full,1,core_learning_training_aware,0.7184768822792096,0.25,0.2,0.15,0.1,0.05,0.15,0.1
geometric,586,0.0,traditional_ppo,3,core_learning_training_aware,0.48975733108289243,0.25,0.2,0.15,0.1,0.05,0.15,0.1
arithmetic,586,0.0,traditional_ppo,3,core_learning_training_aware,0.5801399746498663,0.25,0.2,0.15,0.1,0.05,0.15,0.1
geometric,586,0.0,a2c_pointer,2,core_learning_training_aware,0.6697687378704823,0.25,0.2,0.15,0.1,0.05,0.15,0.1
arithmetic,586,0.0,a2c_pointer,2,core_learning_training_aware,0.7148022082200443,0.25,0.2,0.15,0.1,0.05,0.15,0.1
geometric,587,1.0,full,1,core_learning_training_aware,0.6720358035675714,0.25,0.2,0.15,0.1,0.05,0.2,0.05
arithmetic,587,1.0,full,1,core_learning_training_aware,0.7195089821262163,0.25,0.2,0.15,0.1,0.05,0.2,0.05
geometric,587,0.0,traditional_ppo,3,core_learning_training_aware,0.5332862452990206,0.25,0.2,0.15,0.1,0.05,0.2,0.05
arithmetic,587,0.0,traditional_ppo,3,core_learning_training_aware,0.6204695873187015,0.25,0.2,0.15,0.1,0.05,0.2,0.05
geometric,587,0.0,a2c_pointer,2,core_learning_training_aware,0.6705887841765699,0.25,0.2,0.15,0.1,0.05,0.2,0.05
arithmetic,587,0.0,a2c_pointer,2,core_learning_training_aware,0.7159748315612384,0.25,0.2,0.15,0.1,0.05,0.2,0.05
geometric,588,1.0,full,1,core_learning_training_aware,0.6485961397849578,0.25,0.2,0.15,0.1,0.1,0.05,0.15
arithmetic,588,1.0,full,1,core_learning_training_aware,0.6934289364384579,0.25,0.2,0.15,0.1,0.1,0.05,0.15
geometric,588,0.0,traditional_ppo,3,core_learning_training_aware,0.439971871522979,0.25,0.2,0.15,0.1,0.1,0.05,0.15
arithmetic,588,0.0,traditional_ppo,3,core_learning_training_aware,0.5222250049854381,0.25,0.2,0.15,0.1,0.1,0.05,0.15
geometric,588,0.0,a2c_pointer,2,core_learning_training_aware,0.6480461201740081,0.25,0.2,0.15,0.1,0.1,0.05,0.15
arithmetic,588,0.0,a2c_pointer,2,core_learning_training_aware,0.6908307791336177,0.25,0.2,0.15,0.1,0.1,0.05,0.15
geometric,589,1.0,full,1,core_learning_training_aware,0.6492826077744606,0.25,0.2,0.15,0.1,0.1,0.1,0.1
arithmetic,589,1.0,full,1,core_learning_training_aware,0.6944610362854647,0.25,0.2,0.15,0.1,0.1,0.1,0.1
geometric,589,0.0,traditional_ppo,3,core_learning_training_aware,0.4790759270165182,0.25,0.2,0.15,0.1,0.1,0.1,0.1
arithmetic,589,0.0,traditional_ppo,3,core_learning_training_aware,0.5625546176542732,0.25,0.2,0.15,0.1,0.1,0.1,0.1
geometric,589,0.0,a2c_pointer,2,core_learning_training_aware,0.6488395699081845,0.25,0.2,0.15,0.1,0.1,0.1,0.1
arithmetic,589,0.0,a2c_pointer,2,core_learning_training_aware,0.692003402474812,0.25,0.2,0.15,0.1,0.1,0.1,0.1
geometric,590,1.0,full,1,core_learning_training_aware,0.6499698023151587,0.25,0.2,0.15,0.1,0.1,0.15,0.05
arithmetic,590,1.0,full,1,core_learning_training_aware,0.6954931361324714,0.25,0.2,0.15,0.1,0.1,0.15,0.05
geometric,590,0.0,traditional_ppo,3,core_learning_training_aware,0.5216554936847803,0.25,0.2,0.15,0.1,0.1,0.15,0.05
arithmetic,590,0.0,traditional_ppo,3,core_learning_training_aware,0.6028842303231081,0.25,0.2,0.15,0.1,0.1,0.15,0.05
geometric,590,0.0,a2c_pointer,2,core_learning_training_aware,0.649633991120256,0.25,0.2,0.15,0.1,0.1,0.15,0.05
arithmetic,590,0.0,a2c_pointer,2,core_learning_training_aware,0.693176025816006,0.25,0.2,0.15,0.1,0.1,0.15,0.05
geometric,591,0.0,full,2,core_learning_training_aware,0.6279636977398102,0.25,0.2,0.15,0.1,0.15,0.05,0.1
arithmetic,591,1.0,full,1,core_learning_training_aware,0.6704451902917198,0.25,0.2,0.15,0.1,0.15,0.05,0.1
geometric,591,0.0,traditional_ppo,3,core_learning_training_aware,0.4686274799384078,0.25,0.2,0.15,0.1,0.15,0.05,0.1
arithmetic,591,0.0,traditional_ppo,3,core_learning_training_aware,0.5449692606586797,0.25,0.2,0.15,0.1,0.15,0.05,0.1
geometric,591,1.0,a2c_pointer,1,core_learning_training_aware,0.6285644039122771,0.25,0.2,0.15,0.1,0.15,0.05,0.1
arithmetic,591,0.0,a2c_pointer,2,core_learning_training_aware,0.6692045967295792,0.25,0.2,0.15,0.1,0.15,0.05,0.1
geometric,592,0.0,full,2,core_learning_training_aware,0.6286283285487618,0.25,0.2,0.15,0.1,0.15,0.1,0.05
arithmetic,592,1.0,full,1,core_learning_training_aware,0.6714772901387265,0.25,0.2,0.15,0.1,0.15,0.1,0.05
geometric,592,0.0,traditional_ppo,3,core_learning_training_aware,0.5102784039346975,0.25,0.2,0.15,0.1,0.15,0.1,0.05
arithmetic,592,0.0,traditional_ppo,3,core_learning_training_aware,0.5852988733275148,0.25,0.2,0.15,0.1,0.15,0.1,0.05
geometric,592,1.0,a2c_pointer,1,core_learning_training_aware,0.6293340007722399,0.25,0.2,0.15,0.1,0.15,0.1,0.05
arithmetic,592,0.0,a2c_pointer,2,core_learning_training_aware,0.6703772200707734,0.25,0.2,0.15,0.1,0.15,0.1,0.05
geometric,593,1.0,full,1,core_learning_training_aware,0.6683396464166974,0.25,0.2,0.15,0.15,0.05,0.05,0.15
arithmetic,593,1.0,full,1,core_learning_training_aware,0.7142042126977765,0.25,0.2,0.15,0.15,0.05,0.05,0.15
geometric,593,0.0,traditional_ppo,3,core_learning_training_aware,0.44885948123275643,0.25,0.2,0.15,0.15,0.05,0.05,0.15
arithmetic,593,0.0,traditional_ppo,3,core_learning_training_aware,0.5378277364752231,0.25,0.2,0.15,0.15,0.05,0.05,0.15
geometric,593,0.0,a2c_pointer,2,core_learning_training_aware,0.6666946099576652,0.25,0.2,0.15,0.15,0.05,0.05,0.15
arithmetic,593,0.0,a2c_pointer,2,core_learning_training_aware,0.7104619594034016,0.25,0.2,0.15,0.15,0.05,0.05,0.15
geometric,594,1.0,full,1,core_learning_training_aware,0.6690470107459591,0.25,0.2,0.15,0.15,0.05,0.1,0.1
arithmetic,594,1.0,full,1,core_learning_training_aware,0.7152363125447831,0.25,0.2,0.15,0.15,0.05,0.1,0.1
geometric,594,0.0,traditional_ppo,3,core_learning_training_aware,0.48875345445920215,0.25,0.2,0.15,0.15,0.05,0.1,0.1
arithmetic,594,0.0,traditional_ppo,3,core_learning_training_aware,0.5781573491440581,0.25,0.2,0.15,0.15,0.05,0.1,0.1
geometric,594,0.0,a2c_pointer,2,core_learning_training_aware,0.667510892386616,0.25,0.2,0.15,0.15,0.05,0.1,0.1
arithmetic,594,0.0,a2c_pointer,2,core_learning_training_aware,0.7116345827445958,0.25,0.2,0.15,0.15,0.05,0.1,0.1
geometric,595,1.0,full,1,core_learning_training_aware,0.6697551237429034,0.25,0.2,0.15,0.15,0.05,0.15,0.05
arithmetic,595,1.0,full,1,core_learning_training_aware,0.71626841239179,0.25,0.2,0.15,0.15,0.05,0.15,0.05
geometric,595,0.0,traditional_ppo,3,core_learning_training_aware,0.5321931455914418,0.25,0.2,0.15,0.15,0.05,0.15,0.05
arithmetic,595,0.0,traditional_ppo,3,core_learning_training_aware,0.6184869618128932,0.25,0.2,0.15,0.15,0.05,0.15,0.05
geometric,595,0.0,a2c_pointer,2,core_learning_training_aware,0.6683281742491813,0.25,0.2,0.15,0.15,0.05,0.15,0.05
arithmetic,595,0.0,a2c_pointer,2,core_learning_training_aware,0.71280720608579,0.25,0.2,0.15,0.15,0.05,0.15,0.05
geometric,596,1.0,full,1,core_learning_training_aware,0.6470791451967258,0.25,0.2,0.15,0.15,0.1,0.05,0.1
arithmetic,596,1.0,full,1,core_learning_training_aware,0.6912204665510382,0.25,0.2,0.15,0.15,0.1,0.05,0.1
geometric,596,0.0,traditional_ppo,3,core_learning_training_aware,0.47809394452522763,0.25,0.2,0.15,0.15,0.1,0.05,0.1
arithmetic,596,0.0,traditional_ppo,3,core_learning_training_aware,0.5605719921484648,0.25,0.2,0.15,0.15,0.1,0.05,0.1
geometric,596,0.0,a2c_pointer,2,core_learning_training_aware,0.646652278370319,0.25,0.2,0.15,0.15,0.1,0.05,0.1
arithmetic,596,0.0,a2c_pointer,2,core_learning_training_aware,0.6888357769993632,0.25,0.2,0.15,0.15,0.1,0.05,0.1
geometric,597,1.0,full,1,core_learning_training_aware,0.6477640076135753,0.25,0.2,0.15,0.15,0.1,0.1,0.05
arithmetic,597,1.0,full,1,core_learning_training_aware,0.692252566398045,0.25,0.2,0.15,0.15,0.1,0.1,0.05
geometric,597,0.0,traditional_ppo,3,core_learning_training_aware,0.5205862340280195,0.25,0.2,0.15,0.15,0.1,0.1,0.05
arithmetic,597,0.0,traditional_ppo,3,core_learning_training_aware,0.6009016048172999,0.25,0.2,0.15,0.15,0.1,0.1,0.05
geometric,597,0.0,a2c_pointer,2,core_learning_training_aware,0.6474440215231672,0.25,0.2,0.15,0.15,0.1,0.1,0.05
arithmetic,597,0.0,a2c_pointer,2,core_learning_training_aware,0.6900084003405573,0.25,0.2,0.15,0.15,0.1,0.1,0.05
geometric,598,0.0,full,2,core_learning_training_aware,0.626494960150047,0.25,0.2,0.15,0.15,0.15,0.05,0.05
arithmetic,598,1.0,full,1,core_learning_training_aware,0.6682367204043,0.25,0.2,0.15,0.15,0.15,0.05,0.05
geometric,598,0.0,traditional_ppo,3,core_learning_training_aware,0.5092324643871436,0.25,0.2,0.15,0.15,0.15,0.05,0.05
arithmetic,598,0.0,traditional_ppo,3,core_learning_training_aware,0.5833162478217065,0.25,0.2,0.15,0.15,0.15,0.05,0.05
geometric,598,1.0,a2c_pointer,1,core_learning_training_aware,0.6272124641116831,0.25,0.2,0.15,0.15,0.15,0.05,0.05
arithmetic,598,0.0,a2c_pointer,2,core_learning_training_aware,0.6672095945953248,0.25,0.2,0.15,0.15,0.15,0.05,0.05
geometric,599,1.0,full,1,core_learning_training_aware,0.6700891743277937,0.25,0.2,0.2,0.05,0.05,0.05,0.2
arithmetic,599,1.0,full,1,core_learning_training_aware,0.7166645617113723,0.25,0.2,0.2,0.05,0.05,0.05,0.2
geometric,599,0.0,traditional_ppo,3,core_learning_training_aware,0.4126846772352433,0.25,0.2,0.2,0.05,0.05,0.05,0.2
arithmetic,599,0.0,traditional_ppo,3,core_learning_training_aware,0.4986089273298746,0.25,0.2,0.2,0.05,0.05,0.05,0.2
geometric,599,0.0,a2c_pointer,2,core_learning_training_aware,0.6688497271238941,0.25,0.2,0.2,0.05,0.05,0.05,0.2
arithmetic,599,0.0,a2c_pointer,2,core_learning_training_aware,0.7134414971769474,0.25,0.2,0.2,0.05,0.05,0.05,0.2
geometric,600,1.0,full,1,core_learning_training_aware,0.6707983903407673,0.25,0.2,0.2,0.05,0.05,0.1,0.15
arithmetic,600,1.0,full,1,core_learning_training_aware,0.7176966615583791,0.25,0.2,0.2,0.05,0.05,0.1,0.15
geometric,600,0.0,traditional_ppo,3,core_learning_training_aware,0.449363486869321,0.25,0.2,0.2,0.05,0.05,0.1,0.15
arithmetic,600,0.0,traditional_ppo,3,core_learning_training_aware,0.5389385399987098,0.25,0.2,0.2,0.05,0.05,0.1,0.15
geometric,600,0.0,a2c_pointer,2,core_learning_training_aware,0.669668648218658,0.25,0.2,0.2,0.05,0.05,0.1,0.15
arithmetic,600,0.0,a2c_pointer,2,core_learning_training_aware,0.7146141205181417,0.25,0.2,0.2,0.05,0.05,0.1,0.15
geometric,601,1.0,full,1,core_learning_training_aware,0.6715083569812281,0.25,0.2,0.2,0.05,0.05,0.15,0.1
arithmetic,601,1.0,full,1,core_learning_training_aware,0.7187287614053857,0.25,0.2,0.2,0.05,0.05,0.15,0.1
geometric,601,0.0,traditional_ppo,3,core_learning_training_aware,0.48930225537850397,0.25,0.2,0.2,0.05,0.05,0.15,0.1
arithmetic,601,0.0,traditional_ppo,3,core_learning_training_aware,0.5792681526675446,0.25,0.2,0.2,0.05,0.05,0.15,0.1
geometric,601,0.0,a2c_pointer,2,core_learning_training_aware,0.670488571977746,0.25,0.2,0.2,0.05,0.05,0.15,0.1
arithmetic,601,0.0,a2c_pointer,2,core_learning_training_aware,0.7157867438593356,0.25,0.2,0.2,0.05,0.05,0.15,0.1
geometric,602,1.0,full,1,core_learning_training_aware,0.672219075043633,0.25,0.2,0.2,0.05,0.05,0.2,0.05
arithmetic,602,1.0,full,1,core_learning_training_aware,0.7197608612523924,0.25,0.2,0.2,0.05,0.05,0.2,0.05
geometric,602,0.0,traditional_ppo,3,core_learning_training_aware,0.5327907231325968,0.25,0.2,0.2,0.05,0.05,0.2,0.05
arithmetic,602,0.0,traditional_ppo,3,core_learning_training_aware,0.6195977653363798,0.25,0.2,0.2,0.05,0.05,0.2,0.05
geometric,602,0.0,a2c_pointer,2,core_learning_training_aware,0.6713094996287923,0.25,0.2,0.2,0.05,0.05,0.2,0.05
arithmetic,602,0.0,a2c_pointer,2,core_learning_training_aware,0.7169593672005298,0.25,0.2,0.2,0.05,0.05,0.2,0.05
geometric,603,1.0,full,1,core_learning_training_aware,0.6487730190096584,0.25,0.2,0.2,0.05,0.1,0.05,0.15
arithmetic,603,1.0,full,1,core_learning_training_aware,0.6936808155646342,0.25,0.2,0.2,0.05,0.1,0.05,0.15
geometric,603,0.0,traditional_ppo,3,core_learning_training_aware,0.43956305577559296,0.25,0.2,0.2,0.05,0.1,0.05,0.15
arithmetic,603,0.0,traditional_ppo,3,core_learning_training_aware,0.5213531830031165,0.25,0.2,0.2,0.05,0.1,0.05,0.15
geometric,603,0.0,a2c_pointer,2,core_learning_training_aware,0.6487426078928352,0.25,0.2,0.2,0.05,0.1,0.05,0.15
arithmetic,603,0.0,a2c_pointer,2,core_learning_training_aware,0.691815314772909,0.25,0.2,0.2,0.05,0.1,0.05,0.15
geometric,604,0.0,full,2,core_learning_training_aware,0.6494596742064516,0.25,0.2,0.2,0.05,0.1,0.1,0.1
arithmetic,604,1.0,full,1,core_learning_training_aware,0.6947129154116409,0.25,0.2,0.2,0.05,0.1,0.1,0.1
geometric,604,0.0,traditional_ppo,3,core_learning_training_aware,0.4786307763243161,0.25,0.2,0.2,0.05,0.1,0.1,0.1
arithmetic,604,0.0,traditional_ppo,3,core_learning_training_aware,0.5616827956719515,0.25,0.2,0.2,0.05,0.1,0.1,0.1
geometric,604,1.0,a2c_pointer,1,core_learning_training_aware,0.6495369103872985,0.25,0.2,0.2,0.05,0.1,0.1,0.1
arithmetic,604,0.0,a2c_pointer,2,core_learning_training_aware,0.6929879381141033,0.25,0.2,0.2,0.05,0.1,0.1,0.1
geometric,605,0.0,full,2,core_learning_training_aware,0.6501470561525782,0.25,0.2,0.2,0.05,0.1,0.15,0.05
arithmetic,605,1.0,full,1,core_learning_training_aware,0.6957450152586476,0.25,0.2,0.2,0.05,0.1,0.15,0.05
geometric,605,0.0,traditional_ppo,3,core_learning_training_aware,0.5211707786510883,0.25,0.2,0.2,0.05,0.1,0.15,0.05
arithmetic,605,0.0,traditional_ppo,3,core_learning_training_aware,0.6020124083407865,0.25,0.2,0.2,0.05,0.1,0.15,0.05
geometric,605,1.0,a2c_pointer,1,core_learning_training_aware,0.6503321854037529,0.25,0.2,0.2,0.05,0.1,0.15,0.05
arithmetic,605,0.0,a2c_pointer,2,core_learning_training_aware,0.6941605614552974,0.25,0.2,0.2,0.05,0.1,0.15,0.05
geometric,606,0.0,full,2,core_learning_training_aware,0.6281349502730635,0.25,0.2,0.2,0.05,0.15,0.05,0.1
arithmetic,606,1.0,full,1,core_learning_training_aware,0.6706970694178959,0.25,0.2,0.2,0.05,0.15,0.05,0.1
geometric,606,0.0,traditional_ppo,3,core_learning_training_aware,0.46819203779799673,0.25,0.2,0.2,0.05,0.15,0.05,0.1
arithmetic,606,0.0,traditional_ppo,3,core_learning_training_aware,0.544097438676358,0.25,0.2,0.2,0.05,0.15,0.05,0.1
geometric,606,1.0,a2c_pointer,1,core_learning_training_aware,0.6292399536520075,0.25,0.2,0.2,0.05,0.15,0.05,0.1
arithmetic,606,0.0,a2c_pointer,2,core_learning_training_aware,0.6701891323688706,0.25,0.2,0.2,0.05,0.15,0.05,0.1
geometric,607,0.0,full,2,core_learning_training_aware,0.6287997623340684,0.25,0.2,0.2,0.05,0.15,0.1,0.05
arithmetic,607,1.0,full,1,core_learning_training_aware,0.6717291692649028,0.25,0.2,0.2,0.05,0.15,0.1,0.05
geometric,607,0.0,traditional_ppo,3,core_learning_training_aware,0.5098042603346591,0.25,0.2,0.2,0.05,0.15,0.1,0.05
arithmetic,607,0.0,traditional_ppo,3,core_learning_training_aware,0.5844270513451932,0.25,0.2,0.2,0.05,0.15,0.1,0.05
geometric,607,1.0,a2c_pointer,1,core_learning_training_aware,0.6300103776363749,0.25,0.2,0.2,0.05,0.15,0.1,0.05
arithmetic,607,0.0,a2c_pointer,2,core_learning_training_aware,0.6713617557100648,0.25,0.2,0.2,0.05,0.15,0.1,0.05
geometric,608,1.0,full,1,core_learning_training_aware,0.6685219099104859,0.25,0.2,0.2,0.1,0.05,0.05,0.15
arithmetic,608,1.0,full,1,core_learning_training_aware,0.7144560918239526,0.25,0.2,0.2,0.1,0.05,0.05,0.15
geometric,608,0.0,traditional_ppo,3,core_learning_training_aware,0.44844240724196627,0.25,0.2,0.2,0.1,0.05,0.05,0.15
arithmetic,608,0.0,traditional_ppo,3,core_learning_training_aware,0.5369559144929015,0.25,0.2,0.2,0.1,0.05,0.05,0.15
geometric,608,0.0,a2c_pointer,2,core_learning_training_aware,0.6674111401452374,0.25,0.2,0.2,0.1,0.05,0.05,0.15
arithmetic,608,0.0,a2c_pointer,2,core_learning_training_aware,0.7114464950426931,0.25,0.2,0.2,0.1,0.05,0.05,0.15
geometric,609,1.0,full,1,core_learning_training_aware,0.669229467145697,0.25,0.2,0.2,0.1,0.05,0.1,0.1
arithmetic,609,1.0,full,1,core_learning_training_aware,0.7154881916709595,0.25,0.2,0.2,0.1,0.05,0.1,0.1
geometric,609,0.0,traditional_ppo,3,core_learning_training_aware,0.48829931154301837,0.25,0.2,0.2,0.1,0.05,0.1,0.1
arithmetic,609,0.0,traditional_ppo,3,core_learning_training_aware,0.5772855271617365,0.25,0.2,0.2,0.1,0.05,0.1,0.1
geometric,609,0.0,a2c_pointer,2,core_learning_training_aware,0.6682282998739192,0.25,0.2,0.2,0.1,0.05,0.1,0.1
arithmetic,609,0.0,a2c_pointer,2,core_learning_training_aware,0.7126191183838873,0.25,0.2,0.2,0.1,0.05,0.1,0.1
geometric,610,1.0,full,1,core_learning_training_aware,0.6699377732527606,0.25,0.2,0.2,0.1,0.05,0.15,0.05
arithmetic,610,1.0,full,1,core_learning_training_aware,0.716520291517966,0.25,0.2,0.2,0.1,0.05,0.15,0.05
geometric,610,0.0,traditional_ppo,3,core_learning_training_aware,0.531698639118072,0.25,0.2,0.2,0.1,0.05,0.15,0.05
arithmetic,610,0.0,traditional_ppo,3,core_learning_training_aware,0.6176151398305716,0.25,0.2,0.2,0.1,0.05,0.15,0.05
geometric,610,0.0,a2c_pointer,2,core_learning_training_aware,0.669046460110357,0.25,0.2,0.2,0.1,0.05,0.15,0.05
arithmetic,610,0.0,a2c_pointer,2,core_learning_training_aware,0.7137917417250814,0.25,0.2,0.2,0.1,0.05,0.15,0.05
geometric,611,0.0,full,2,core_learning_training_aware,0.647255610720496,0.25,0.2,0.2,0.1,0.1,0.05,0.1
arithmetic,611,1.0,full,1,core_learning_training_aware,0.6914723456772145,0.25,0.2,0.2,0.1,0.1,0.05,0.1
geometric,611,0.0,traditional_ppo,3,core_learning_training_aware,0.47764970627750675,0.25,0.2,0.2,0.1,0.1,0.05,0.1
arithmetic,611,0.0,traditional_ppo,3,core_learning_training_aware,0.5597001701661432,0.25,0.2,0.2,0.1,0.1,0.05,0.1
geometric,611,1.0,a2c_pointer,1,core_learning_training_aware,0.6473472680573426,0.25,0.2,0.2,0.1,0.1,0.05,0.1
arithmetic,611,0.0,a2c_pointer,2,core_learning_training_aware,0.6898203126386546,0.25,0.2,0.2,0.1,0.1,0.05,0.1
geometric,612,0.0,full,2,core_learning_training_aware,0.6479406599067785,0.25,0.2,0.2,0.1,0.1,0.1,0.05
arithmetic,612,1.0,full,1,core_learning_training_aware,0.6925044455242213,0.25,0.2,0.2,0.1,0.1,0.1,0.05
geometric,612,0.0,traditional_ppo,3,core_learning_training_aware,0.5201025125355377,0.25,0.2,0.2,0.1,0.1,0.1,0.05
arithmetic,612,0.0,traditional_ppo,3,core_learning_training_aware,0.6000297828349783,0.25,0.2,0.2,0.1,0.1,0.1,0.05
geometric,612,1.0,a2c_pointer,1,core_learning_training_aware,0.6481398621363288,0.25,0.2,0.2,0.1,0.1,0.1,0.05
arithmetic,612,0.0,a2c_pointer,2,core_learning_training_aware,0.6909929359798488,0.25,0.2,0.2,0.1,0.1,0.1,0.05
geometric,613,0.0,full,2,core_learning_training_aware,0.6266658121425782,0.25,0.2,0.2,0.1,0.15,0.05,0.05
arithmetic,613,1.0,full,1,core_learning_training_aware,0.6684885995304763,0.25,0.2,0.2,0.1,0.15,0.05,0.05
geometric,613,0.0,traditional_ppo,3,core_learning_training_aware,0.5087592926595942,0.25,0.2,0.2,0.1,0.15,0.05,0.05
arithmetic,613,0.0,traditional_ppo,3,core_learning_training_aware,0.5824444258393849,0.25,0.2,0.2,0.1,0.15,0.05,0.05
geometric,613,1.0,a2c_pointer,1,core_learning_training_aware,0.6278865608537973,0.25,0.2,0.2,0.1,0.15,0.05,0.05
arithmetic,613,0.0,a2c_pointer,2,core_learning_training_aware,0.6681941302346163,0.25,0.2,0.2,0.1,0.15,0.05,0.05
geometric,614,1.0,full,1,core_learning_training_aware,0.6669583111511951,0.25,0.2,0.2,0.15,0.05,0.05,0.1
arithmetic,614,1.0,full,1,core_learning_training_aware,0.7122476219365329,0.25,0.2,0.2,0.15,0.05,0.05,0.1
geometric,614,0.0,traditional_ppo,3,core_learning_training_aware,0.4872984234845626,0.25,0.2,0.2,0.15,0.05,0.05,0.1
arithmetic,614,0.0,traditional_ppo,3,core_learning_training_aware,0.5753029016559281,0.25,0.2,0.2,0.15,0.05,0.05,0.1
geometric,614,0.0,a2c_pointer,2,core_learning_training_aware,0.6659756473331945,0.25,0.2,0.2,0.15,0.05,0.05,0.1
arithmetic,614,0.0,a2c_pointer,2,core_learning_training_aware,0.7094514929084385,0.25,0.2,0.2,0.15,0.05,0.05,0.1
geometric,615,1.0,full,1,core_learning_training_aware,0.667664213488341,0.25,0.2,0.2,0.15,0.05,0.1,0.05
arithmetic,615,1.0,full,1,core_learning_training_aware,0.7132797217835398,0.25,0.2,0.2,0.15,0.05,0.1,0.05
geometric,615,0.0,traditional_ppo,3,core_learning_training_aware,0.5306087935950283,0.25,0.2,0.2,0.15,0.05,0.1,0.05
arithmetic,615,0.0,traditional_ppo,3,core_learning_training_aware,0.6156325143247634,0.25,0.2,0.2,0.15,0.05,0.1,0.05
geometric,615,0.0,a2c_pointer,2,core_learning_training_aware,0.6667910494842058,0.25,0.2,0.2,0.15,0.05,0.1,0.05
arithmetic,615,0.0,a2c_pointer,2,core_learning_training_aware,0.7106241162496327,0.25,0.2,0.2,0.15,0.05,0.1,0.05
geometric,616,0.0,full,2,core_learning_training_aware,0.6457417514813841,0.25,0.2,0.2,0.15,0.1,0.05,0.05
arithmetic,616,1.0,full,1,core_learning_training_aware,0.6892638757897948,0.25,0.2,0.2,0.15,0.1,0.05,0.05
geometric,616,0.0,traditional_ppo,3,core_learning_training_aware,0.5190364360908982,0.25,0.2,0.2,0.15,0.1,0.05,0.05
arithmetic,616,0.0,traditional_ppo,3,core_learning_training_aware,0.59804715732917,0.25,0.2,0.2,0.15,0.1,0.05,0.05
geometric,616,1.0,a2c_pointer,1,core_learning_training_aware,0.6459549293708924,0.25,0.2,0.2,0.15,0.1,0.05,0.05
arithmetic,616,0.0,a2c_pointer,2,core_learning_training_aware,0.6878253105044002,0.25,0.2,0.2,0.15,0.1,0.05,0.05
geometric,617,1.0,full,1,core_learning_training_aware,0.6687042231095125,0.25,0.2,0.25,0.05,0.05,0.05,0.15
arithmetic,617,1.0,full,1,core_learning_training_aware,0.7147079709501288,0.25,0.2,0.25,0.05,0.05,0.05,0.15
geometric,617,0.0,traditional_ppo,3,core_learning_training_aware,0.44802572079053105,0.25,0.2,0.25,0.05,0.05,0.05,0.15
arithmetic,617,0.0,traditional_ppo,3,core_learning_training_aware,0.5360840925105799,0.25,0.2,0.25,0.05,0.05,0.05,0.15
geometric,617,0.0,a2c_pointer,2,core_learning_training_aware,0.6681284404237959,0.25,0.2,0.25,0.05,0.05,0.05,0.15
arithmetic,617,0.0,a2c_pointer,2,core_learning_training_aware,0.7124310306819844,0.25,0.2,0.25,0.05,0.05,0.05,0.15
geometric,618,1.0,full,1,core_learning_training_aware,0.6694119733032805,0.25,0.2,0.25,0.05,0.05,0.1,0.1
arithmetic,618,1.0,full,1,core_learning_training_aware,0.7157400707971355,0.25,0.2,0.25,0.05,0.05,0.1,0.1
geometric,618,0.0,traditional_ppo,3,core_learning_training_aware,0.4878455906101198,0.25,0.2,0.25,0.05,0.05,0.1,0.1
arithmetic,618,0.0,traditional_ppo,3,core_learning_training_aware,0.5764137051794149,0.25,0.2,0.25,0.05,0.05,0.1,0.1
geometric,618,0.0,a2c_pointer,2,core_learning_training_aware,0.6689464783950867,0.25,0.2,0.25,0.05,0.05,0.1,0.1
arithmetic,618,0.0,a2c_pointer,2,core_learning_training_aware,0.7136036540231787,0.25,0.2,0.25,0.05,0.05,0.1,0.1
geometric,619,1.0,full,1,core_learning_training_aware,0.6701204725731266,0.25,0.2,0.25,0.05,0.05,0.15,0.05
arithmetic,619,1.0,full,1,core_learning_training_aware,0.7167721706441423,0.25,0.2,0.25,0.05,0.05,0.15,0.05
geometric,619,0.0,traditional_ppo,3,core_learning_training_aware,0.5312045921332438,0.25,0.2,0.25,0.05,0.05,0.15,0.05
arithmetic,619,0.0,traditional_ppo,3,core_learning_training_aware,0.61674331784825,0.25,0.2,0.25,0.05,0.05,0.15,0.05
geometric,619,0.0,a2c_pointer,2,core_learning_training_aware,0.6697655179494294,0.25,0.2,0.25,0.05,0.05,0.15,0.05
arithmetic,619,0.0,a2c_pointer,2,core_learning_training_aware,0.7147762773643728,0.25,0.2,0.25,0.05,0.05,0.15,0.05
geometric,620,0.0,full,2,core_learning_training_aware,0.6474321243683345,0.25,0.2,0.25,0.05,0.1,0.05,0.1
arithmetic,620,1.0,full,1,core_learning_training_aware,0.6917242248033906,0.25,0.2,0.25,0.05,0.1,0.05,0.1
geometric,620,0.0,traditional_ppo,3,core_learning_training_aware,0.47720588080979076,0.25,0.2,0.25,0.05,0.1,0.05,0.1
arithmetic,620,0.0,traditional_ppo,3,core_learning_training_aware,0.5588283481838215,0.25,0.2,0.25,0.05,0.1,0.05,0.1
geometric,620,1.0,a2c_pointer,1,core_learning_training_aware,0.6480430046846942,0.25,0.2,0.25,0.05,0.1,0.05,0.1
arithmetic,620,0.0,a2c_pointer,2,core_learning_training_aware,0.6908048482779461,0.25,0.2,0.25,0.05,0.1,0.05,0.1
geometric,621,0.0,full,2,core_learning_training_aware,0.6481173603749842,0.25,0.2,0.25,0.05,0.1,0.1,0.05
arithmetic,621,1.0,full,1,core_learning_training_aware,0.6927563246503974,0.25,0.2,0.25,0.05,0.1,0.1,0.05
geometric,621,0.0,traditional_ppo,3,core_learning_training_aware,0.5196192405103431,0.25,0.2,0.25,0.05,0.1,0.1,0.05
arithmetic,621,0.0,traditional_ppo,3,core_learning_training_aware,0.5991579608526567,0.25,0.2,0.25,0.05,0.1,0.1,0.05
geometric,621,1.0,a2c_pointer,1,core_learning_training_aware,0.6488364506043518,0.25,0.2,0.25,0.05,0.1,0.1,0.05
arithmetic,621,0.0,a2c_pointer,2,core_learning_training_aware,0.6919774716191402,0.25,0.2,0.25,0.05,0.1,0.1,0.05
geometric,622,0.0,full,2,core_learning_training_aware,0.6268367107283067,0.25,0.2,0.25,0.05,0.15,0.05,0.05
arithmetic,622,0.0,full,2,core_learning_training_aware,0.6687404786566524,0.25,0.2,0.25,0.05,0.15,0.05,0.05
geometric,622,0.0,traditional_ppo,3,core_learning_training_aware,0.5082865605966369,0.25,0.2,0.25,0.05,0.15,0.05,0.05
arithmetic,622,0.0,traditional_ppo,3,core_learning_training_aware,0.5815726038570633,0.25,0.2,0.25,0.05,0.15,0.05,0.05
geometric,622,1.0,a2c_pointer,1,core_learning_training_aware,0.6285613820815424,0.25,0.2,0.25,0.05,0.15,0.05,0.05
arithmetic,622,1.0,a2c_pointer,1,core_learning_training_aware,0.6691786658739076,0.25,0.2,0.25,0.05,0.15,0.05,0.05
geometric,623,1.0,full,1,core_learning_training_aware,0.6671401979398263,0.25,0.2,0.25,0.1,0.05,0.05,0.1
arithmetic,623,1.0,full,1,core_learning_training_aware,0.7124995010627092,0.25,0.2,0.25,0.1,0.05,0.05,0.1
geometric,623,0.0,traditional_ppo,3,core_learning_training_aware,0.4868456325629354,0.25,0.2,0.25,0.1,0.05,0.05,0.1
arithmetic,623,0.0,traditional_ppo,3,core_learning_training_aware,0.5744310796736066,0.25,0.2,0.25,0.1,0.05,0.05,0.1
geometric,623,0.0,a2c_pointer,2,core_learning_training_aware,0.6666914048155183,0.25,0.2,0.25,0.1,0.05,0.05,0.1
arithmetic,623,0.0,a2c_pointer,2,core_learning_training_aware,0.71043602854773,0.25,0.2,0.25,0.1,0.05,0.05,0.1
geometric,624,1.0,full,1,core_learning_training_aware,0.6678462927842207,0.25,0.2,0.25,0.1,0.05,0.1,0.05
arithmetic,624,1.0,full,1,core_learning_training_aware,0.7135316009097159,0.25,0.2,0.25,0.1,0.05,0.1,0.05
geometric,624,0.0,traditional_ppo,3,core_learning_training_aware,0.530115759279511,0.25,0.2,0.25,0.1,0.05,0.1,0.05
arithmetic,624,0.0,traditional_ppo,3,core_learning_training_aware,0.6147606923424418,0.25,0.2,0.25,0.1,0.05,0.1,0.05
geometric,624,0.0,a2c_pointer,2,core_learning_training_aware,0.6675076833201817,0.25,0.2,0.25,0.1,0.05,0.1,0.05
arithmetic,624,0.0,a2c_pointer,2,core_learning_training_aware,0.7116086518889242,0.25,0.2,0.25,0.1,0.05,0.1,0.05
geometric,625,0.0,full,2,core_learning_training_aware,0.6459178522833358,0.25,0.2,0.25,0.1,0.1,0.05,0.05
arithmetic,625,1.0,full,1,core_learning_training_aware,0.689515754915971,0.25,0.2,0.25,0.1,0.1,0.05,0.05
geometric,625,0.0,traditional_ppo,3,core_learning_training_aware,0.5185541546491174,0.25,0.2,0.25,0.1,0.1,0.05,0.05
arithmetic,625,0.0,traditional_ppo,3,core_learning_training_aware,0.5971753353468484,0.25,0.2,0.25,0.1,0.1,0.05,0.05
geometric,625,1.0,a2c_pointer,1,core_learning_training_aware,0.646649169581916,0.25,0.2,0.25,0.1,0.1,0.05,0.05
arithmetic,625,0.0,a2c_pointer,2,core_learning_training_aware,0.6888098461436917,0.25,0.2,0.25,0.1,0.1,0.05,0.05
geometric,626,1.0,full,1,core_learning_training_aware,0.6655798308519151,0.25,0.2,0.25,0.15,0.05,0.05,0.05
arithmetic,626,1.0,full,1,core_learning_training_aware,0.7102910311752895,0.25,0.2,0.25,0.15,0.05,0.05,0.05
geometric,626,0.0,traditional_ppo,3,core_learning_training_aware,0.5290291582532153,0.25,0.2,0.25,0.15,0.05,0.05,0.05
arithmetic,626,0.0,traditional_ppo,3,core_learning_training_aware,0.6127780668366335,0.25,0.2,0.25,0.15,0.05,0.05,0.05
geometric,626,0.0,a2c_pointer,2,core_learning_training_aware,0.6652574600371087,0.25,0.2,0.25,0.15,0.05,0.05,0.05
arithmetic,626,0.0,a2c_pointer,2,core_learning_training_aware,0.7084410264134756,0.25,0.2,0.25,0.15,0.05,0.05,0.05
geometric,627,1.0,full,1,core_learning_training_aware,0.6412679987953818,0.25,0.25,0.1,0.05,0.05,0.1,0.2
arithmetic,627,1.0,full,1,core_learning_training_aware,0.6913988414393655,0.25,0.25,0.1,0.05,0.05,0.1,0.2
geometric,627,0.0,traditional_ppo,3,core_learning_training_aware,0.39496702027062564,0.25,0.25,0.1,0.05,0.05,0.1,0.2
arithmetic,627,0.0,traditional_ppo,3,core_learning_training_aware,0.4732036557518713,0.25,0.25,0.1,0.05,0.05,0.1,0.2
geometric,627,0.0,a2c_pointer,2,core_learning_training_aware,0.6395874523944457,0.25,0.25,0.1,0.05,0.05,0.1,0.2
arithmetic,627,0.0,a2c_pointer,2,core_learning_training_aware,0.6873834883185761,0.25,0.25,0.1,0.05,0.05,0.1,0.2
geometric,628,1.0,full,1,core_learning_training_aware,0.6419467107501144,0.25,0.25,0.1,0.05,0.05,0.15,0.15
arithmetic,628,1.0,full,1,core_learning_training_aware,0.6924309412863722,0.25,0.25,0.1,0.05,0.05,0.15,0.15
geometric,628,0.0,traditional_ppo,3,core_learning_training_aware,0.4300711105055709,0.25,0.25,0.1,0.05,0.05,0.15,0.15
arithmetic,628,0.0,traditional_ppo,3,core_learning_training_aware,0.5135332684207063,0.25,0.25,0.1,0.05,0.05,0.15,0.15
geometric,628,0.0,a2c_pointer,2,core_learning_training_aware,0.6403705455698956,0.25,0.25,0.1,0.05,0.05,0.15,0.15
arithmetic,628,0.0,a2c_pointer,2,core_learning_training_aware,0.6885561116597702,0.25,0.25,0.1,0.05,0.05,0.15,0.15
geometric,629,1.0,full,1,core_learning_training_aware,0.6426261410471291,0.25,0.25,0.1,0.05,0.05,0.2,0.1
arithmetic,629,1.0,full,1,core_learning_training_aware,0.6934630411333788,0.25,0.25,0.1,0.05,0.05,0.2,0.1
geometric,629,0.0,traditional_ppo,3,core_learning_training_aware,0.4682952008619917,0.25,0.25,0.1,0.05,0.05,0.2,0.1
arithmetic,629,0.0,traditional_ppo,3,core_learning_training_aware,0.5538628810895412,0.25,0.25,0.1,0.05,0.05,0.2,0.1
geometric,629,0.0,a2c_pointer,2,core_learning_training_aware,0.6411545975429565,0.25,0.25,0.1,0.05,0.05,0.2,0.1
arithmetic,629,0.0,a2c_pointer,2,core_learning_training_aware,0.6897287350009641,0.25,0.25,0.1,0.05,0.05,0.2,0.1
geometric,630,1.0,full,1,core_learning_training_aware,0.6202122449360886,0.25,0.25,0.1,0.05,0.1,0.05,0.2
arithmetic,630,1.0,full,1,core_learning_training_aware,0.6673829954456206,0.25,0.25,0.1,0.05,0.1,0.05,0.2
geometric,630,0.0,traditional_ppo,3,core_learning_training_aware,0.38635295353052346,0.25,0.25,0.1,0.05,0.1,0.05,0.2
arithmetic,630,0.0,traditional_ppo,3,core_learning_training_aware,0.455618298756278,0.25,0.25,0.1,0.05,0.1,0.05,0.2
geometric,630,0.0,a2c_pointer,2,core_learning_training_aware,0.6196013998051563,0.25,0.25,0.1,0.05,0.1,0.05,0.2
arithmetic,630,0.0,a2c_pointer,2,core_learning_training_aware,0.6645846825733435,0.25,0.25,0.1,0.05,0.1,0.05,0.2
geometric,631,1.0,full,1,core_learning_training_aware,0.6208686716810696,0.25,0.25,0.1,0.05,0.1,0.1,0.15
arithmetic,631,1.0,full,1,core_learning_training_aware,0.6684150952926273,0.25,0.25,0.1,0.05,0.1,0.1,0.15
geometric,631,0.0,traditional_ppo,3,core_learning_training_aware,0.4206914381310357,0.25,0.25,0.1,0.05,0.1,0.1,0.15
arithmetic,631,0.0,traditional_ppo,3,core_learning_training_aware,0.495947911425113,0.25,0.25,0.1,0.05,0.1,0.1,0.15
geometric,631,0.0,a2c_pointer,2,core_learning_training_aware,0.620360022610951,0.25,0.25,0.1,0.05,0.1,0.1,0.15
arithmetic,631,0.0,a2c_pointer,2,core_learning_training_aware,0.6657573059145375,0.25,0.25,0.1,0.05,0.1,0.1,0.15
geometric,632,1.0,full,1,core_learning_training_aware,0.6215257931818782,0.25,0.25,0.1,0.05,0.1,0.15,0.1
arithmetic,632,1.0,full,1,core_learning_training_aware,0.669447195139634,0.25,0.25,0.1,0.05,0.1,0.15,0.1
geometric,632,0.0,traditional_ppo,3,core_learning_training_aware,0.45808187694565355,0.25,0.25,0.1,0.05,0.1,0.15,0.1
arithmetic,632,0.0,traditional_ppo,3,core_learning_training_aware,0.536277524093948,0.25,0.25,0.1,0.05,0.1,0.15,0.1
geometric,632,0.0,a2c_pointer,2,core_learning_training_aware,0.6211195742535134,0.25,0.25,0.1,0.05,0.1,0.15,0.1
arithmetic,632,0.0,a2c_pointer,2,core_learning_training_aware,0.6669299292557318,0.25,0.25,0.1,0.05,0.1,0.15,0.1
geometric,633,1.0,full,1,core_learning_training_aware,0.6221836101738374,0.25,0.25,0.1,0.05,0.1,0.2,0.05
arithmetic,633,1.0,full,1,core_learning_training_aware,0.6704792949866407,0.25,0.25,0.1,0.05,0.1,0.2,0.05
geometric,633,0.0,traditional_ppo,3,core_learning_training_aware,0.4987955231945863,0.25,0.25,0.1,0.05,0.1,0.2,0.05
arithmetic,633,0.0,traditional_ppo,3,core_learning_training_aware,0.5766071367627831,0.25,0.25,0.1,0.05,0.1,0.2,0.05
geometric,633,0.0,a2c_pointer,2,core_learning_training_aware,0.6218800558700855,0.25,0.25,0.1,0.05,0.1,0.2,0.05
arithmetic,633,0.0,a2c_pointer,2,core_learning_training_aware,0.6681025525969259,0.25,0.25,0.1,0.05,0.1,0.2,0.05
geometric,634,0.0,full,2,core_learning_training_aware,0.6004827207924861,0.25,0.25,0.1,0.05,0.15,0.05,0.15
arithmetic,634,1.0,full,1,core_learning_training_aware,0.6443992492988824,0.25,0.25,0.1,0.05,0.15,0.05,0.15
geometric,634,0.0,traditional_ppo,3,core_learning_training_aware,0.411516332516984,0.25,0.25,0.1,0.05,0.15,0.05,0.15
arithmetic,634,0.0,traditional_ppo,3,core_learning_training_aware,0.4783625544295197,0.25,0.25,0.1,0.05,0.15,0.05,0.15
geometric,634,1.0,a2c_pointer,1,core_learning_training_aware,0.6009747954777757,0.25,0.25,0.1,0.05,0.15,0.05,0.15
arithmetic,634,0.0,a2c_pointer,2,core_learning_training_aware,0.642958500169305,0.25,0.25,0.1,0.05,0.15,0.05,0.15
geometric,635,0.0,full,2,core_learning_training_aware,0.6011182659966408,0.25,0.25,0.1,0.05,0.15,0.1,0.1
arithmetic,635,1.0,full,1,core_learning_training_aware,0.6454313491458892,0.25,0.25,0.1,0.05,0.15,0.1,0.1
geometric,635,0.0,traditional_ppo,3,core_learning_training_aware,0.44809130138383213,0.25,0.25,0.1,0.05,0.15,0.1,0.1
arithmetic,635,0.0,traditional_ppo,3,core_learning_training_aware,0.5186921670983546,0.25,0.25,0.1,0.05,0.15,0.1,0.1
geometric,635,1.0,a2c_pointer,1,core_learning_training_aware,0.601710612384743,0.25,0.25,0.1,0.05,0.15,0.1,0.1
arithmetic,635,0.0,a2c_pointer,2,core_learning_training_aware,0.6441311235104992,0.25,0.25,0.1,0.05,0.15,0.1,0.1
geometric,636,0.0,full,2,core_learning_training_aware,0.6017544838557987,0.25,0.25,0.1,0.05,0.15,0.15,0.05
arithmetic,636,1.0,full,1,core_learning_training_aware,0.6464634489928958,0.25,0.25,0.1,0.05,0.15,0.15,0.05
geometric,636,0.0,traditional_ppo,3,core_learning_training_aware,0.48791699991049453,0.25,0.25,0.1,0.05,0.15,0.15,0.05
arithmetic,636,0.0,traditional_ppo,3,core_learning_training_aware,0.5590217797671898,0.25,0.25,0.1,0.05,0.15,0.15,0.05
geometric,636,1.0,a2c_pointer,1,core_learning_training_aware,0.6024473302055666,0.25,0.25,0.1,0.05,0.15,0.15,0.05
arithmetic,636,0.0,a2c_pointer,2,core_learning_training_aware,0.6453037468516933,0.25,0.25,0.1,0.05,0.15,0.15,0.05
geometric,637,1.0,full,1,core_learning_training_aware,0.6390917352997557,0.25,0.25,0.1,0.1,0.05,0.05,0.2
arithmetic,637,1.0,full,1,core_learning_training_aware,0.688158271704939,0.25,0.25,0.1,0.1,0.05,0.05,0.2
geometric,637,0.0,traditional_ppo,3,core_learning_training_aware,0.3941574394157529,0.25,0.25,0.1,0.1,0.05,0.05,0.2
arithmetic,637,0.0,traditional_ppo,3,core_learning_training_aware,0.4712210302460631,0.25,0.25,0.1,0.1,0.05,0.05,0.2
geometric,637,0.0,a2c_pointer,2,core_learning_training_aware,0.6374313505054298,0.25,0.25,0.1,0.1,0.05,0.05,0.2
arithmetic,637,0.0,a2c_pointer,2,core_learning_training_aware,0.6842158628431275,0.25,0.25,0.1,0.1,0.05,0.05,0.2
geometric,638,1.0,full,1,core_learning_training_aware,0.6397681439178898,0.25,0.25,0.1,0.1,0.05,0.1,0.15
arithmetic,638,1.0,full,1,core_learning_training_aware,0.6891903715519458,0.25,0.25,0.1,0.1,0.05,0.1,0.15
geometric,638,0.0,traditional_ppo,3,core_learning_training_aware,0.429189575290148,0.25,0.25,0.1,0.1,0.05,0.1,0.15
arithmetic,638,0.0,traditional_ppo,3,core_learning_training_aware,0.5115506429148982,0.25,0.25,0.1,0.1,0.05,0.1,0.15
geometric,638,0.0,a2c_pointer,2,core_learning_training_aware,0.6382118038093991,0.25,0.25,0.1,0.1,0.05,0.1,0.15
arithmetic,638,0.0,a2c_pointer,2,core_learning_training_aware,0.6853884861843216,0.25,0.25,0.1,0.1,0.05,0.1,0.15
geometric,639,1.0,full,1,core_learning_training_aware,0.6404452684404762,0.25,0.25,0.1,0.1,0.05,0.15,0.1
arithmetic,639,1.0,full,1,core_learning_training_aware,0.6902224713989524,0.25,0.25,0.1,0.1,0.05,0.15,0.1
geometric,639,0.0,traditional_ppo,3,core_learning_training_aware,0.46733531608784795,0.25,0.25,0.1,0.1,0.05,0.15,0.1
arithmetic,639,0.0,traditional_ppo,3,core_learning_training_aware,0.5518802555837331,0.25,0.25,0.1,0.1,0.05,0.15,0.1
geometric,639,0.0,a2c_pointer,2,core_learning_training_aware,0.6389932126787939,0.25,0.25,0.1,0.1,0.05,0.15,0.1
arithmetic,639,0.0,a2c_pointer,2,core_learning_training_aware,0.6865611095255157,0.25,0.25,0.1,0.1,0.05,0.15,0.1
geometric,640,1.0,full,1,core_learning_training_aware,0.6411231096252212,0.25,0.25,0.1,0.1,0.05,0.2,0.05
arithmetic,640,1.0,full,1,core_learning_training_aware,0.6912545712459592,0.25,0.25,0.1,0.1,0.05,0.2,0.05
geometric,640,0.0,traditional_ppo,3,core_learning_training_aware,0.5088713944537929,0.25,0.25,0.1,0.1,0.05,0.2,0.05
arithmetic,640,0.0,traditional_ppo,3,core_learning_training_aware,0.5922098682525683,0.25,0.25,0.1,0.1,0.05,0.2,0.05
geometric,640,0.0,a2c_pointer,2,core_learning_training_aware,0.6397755782835821,0.25,0.25,0.1,0.1,0.05,0.2,0.05
arithmetic,640,0.0,a2c_pointer,2,core_learning_training_aware,0.6877337328667099,0.25,0.25,0.1,0.1,0.05,0.2,0.05
geometric,641,1.0,full,1,core_learning_training_aware,0.6187616371365491,0.25,0.25,0.1,0.1,0.1,0.05,0.15
arithmetic,641,1.0,full,1,core_learning_training_aware,0.6651745255582009,0.25,0.25,0.1,0.1,0.1,0.05,0.15
geometric,641,0.0,traditional_ppo,3,core_learning_training_aware,0.4198291288326887,0.25,0.25,0.1,0.1,0.1,0.05,0.15
arithmetic,641,0.0,traditional_ppo,3,core_learning_training_aware,0.49396528591930483,0.25,0.25,0.1,0.1,0.1,0.05,0.15
geometric,641,0.0,a2c_pointer,2,core_learning_training_aware,0.6182687379686179,0.25,0.25,0.1,0.1,0.1,0.05,0.15
arithmetic,641,0.0,a2c_pointer,2,core_learning_training_aware,0.6625896804390891,0.25,0.25,0.1,0.1,0.1,0.05,0.15
geometric,642,1.0,full,1,core_learning_training_aware,0.619416528572023,0.25,0.25,0.1,0.1,0.1,0.1,0.1
arithmetic,642,1.0,full,1,core_learning_training_aware,0.6662066254052078,0.25,0.25,0.1,0.1,0.1,0.1,0.1
geometric,642,0.0,traditional_ppo,3,core_learning_training_aware,0.45714292685993424,0.25,0.25,0.1,0.1,0.1,0.1,0.1
arithmetic,642,0.0,traditional_ppo,3,core_learning_training_aware,0.5342948985881399,0.25,0.25,0.1,0.1,0.1,0.1,0.1
geometric,642,0.0,a2c_pointer,2,core_learning_training_aware,0.6190257291001428,0.25,0.25,0.1,0.1,0.1,0.1,0.1
arithmetic,642,0.0,a2c_pointer,2,core_learning_training_aware,0.6637623037802832,0.25,0.25,0.1,0.1,0.1,0.1,0.1
geometric,643,1.0,full,1,core_learning_training_aware,0.6200721131383675,0.25,0.25,0.1,0.1,0.1,0.15,0.05
arithmetic,643,1.0,full,1,core_learning_training_aware,0.6672387252522143,0.25,0.25,0.1,0.1,0.1,0.15,0.05
geometric,643,0.0,traditional_ppo,3,core_learning_training_aware,0.4977731206005725,0.25,0.25,0.1,0.1,0.1,0.15,0.05
arithmetic,643,0.0,traditional_ppo,3,core_learning_training_aware,0.5746245112569749,0.25,0.25,0.1,0.1,0.1,0.15,0.05
geometric,643,0.0,a2c_pointer,2,core_learning_training_aware,0.6197836470706586,0.25,0.25,0.1,0.1,0.1,0.15,0.05
arithmetic,643,0.0,a2c_pointer,2,core_learning_training_aware,0.6649349271214773,0.25,0.25,0.1,0.1,0.1,0.15,0.05
geometric,644,0.0,full,2,core_learning_training_aware,0.5990782581663733,0.25,0.25,0.1,0.1,0.15,0.05,0.1
arithmetic,644,1.0,full,1,core_learning_training_aware,0.6421907794114627,0.25,0.25,0.1,0.1,0.15,0.05,0.1
geometric,644,0.0,traditional_ppo,3,core_learning_training_aware,0.4471728294096739,0.25,0.25,0.1,0.1,0.15,0.05,0.1
arithmetic,644,0.0,traditional_ppo,3,core_learning_training_aware,0.5167095415925466,0.25,0.25,0.1,0.1,0.15,0.05,0.1
geometric,644,1.0,a2c_pointer,1,core_learning_training_aware,0.5996821964376404,0.25,0.25,0.1,0.1,0.15,0.05,0.1
arithmetic,644,0.0,a2c_pointer,2,core_learning_training_aware,0.6409634980350507,0.25,0.25,0.1,0.1,0.15,0.05,0.1
geometric,645,0.0,full,2,core_learning_training_aware,0.5997123169006338,0.25,0.25,0.1,0.1,0.15,0.1,0.05
arithmetic,645,1.0,full,1,core_learning_training_aware,0.6432228792584694,0.25,0.25,0.1,0.1,0.15,0.1,0.05
geometric,645,0.0,traditional_ppo,3,core_learning_training_aware,0.486916895492602,0.25,0.25,0.1,0.1,0.15,0.1,0.05
arithmetic,645,0.0,traditional_ppo,3,core_learning_training_aware,0.5570391542613816,0.25,0.25,0.1,0.1,0.15,0.1,0.05
geometric,645,1.0,a2c_pointer,1,core_learning_training_aware,0.6004164307221169,0.25,0.25,0.1,0.1,0.15,0.1,0.05
arithmetic,645,0.0,a2c_pointer,2,core_learning_training_aware,0.6421361213762448,0.25,0.25,0.1,0.1,0.15,0.1,0.05
geometric,646,1.0,full,1,core_learning_training_aware,0.6375969704617243,0.25,0.25,0.1,0.15,0.05,0.05,0.15
arithmetic,646,1.0,full,1,core_learning_training_aware,0.6859498018175194,0.25,0.25,0.1,0.15,0.05,0.05,0.15
geometric,646,0.0,traditional_ppo,3,core_learning_training_aware,0.42830984699529495,0.25,0.25,0.1,0.15,0.05,0.05,0.15
arithmetic,646,0.0,traditional_ppo,3,core_learning_training_aware,0.50956801740909,0.25,0.25,0.1,0.15,0.05,0.05,0.15
geometric,646,0.0,a2c_pointer,2,core_learning_training_aware,0.6360603393448695,0.25,0.25,0.1,0.15,0.05,0.05,0.15
arithmetic,646,0.0,a2c_pointer,2,core_learning_training_aware,0.682220860708873,0.25,0.25,0.1,0.15,0.05,0.05,0.15
geometric,647,1.0,full,1,core_learning_training_aware,0.6382717970349614,0.25,0.25,0.1,0.15,0.05,0.1,0.1
arithmetic,647,1.0,full,1,core_learning_training_aware,0.6869819016645261,0.25,0.25,0.1,0.15,0.05,0.1,0.1
geometric,647,0.0,traditional_ppo,3,core_learning_training_aware,0.4663773988307276,0.25,0.25,0.1,0.15,0.05,0.1,0.1
arithmetic,647,0.0,traditional_ppo,3,core_learning_training_aware,0.5498976300779249,0.25,0.25,0.1,0.15,0.05,0.1,0.1
geometric,647,0.0,a2c_pointer,2,core_learning_training_aware,0.6368391140207179,0.25,0.25,0.1,0.15,0.05,0.1,0.1
arithmetic,647,0.0,a2c_pointer,2,core_learning_training_aware,0.6833934840500673,0.25,0.25,0.1,0.15,0.05,0.1,0.1
geometric,648,1.0,full,1,core_learning_training_aware,0.6389473378382295,0.25,0.25,0.1,0.15,0.05,0.15,0.05
arithmetic,648,1.0,full,1,core_learning_training_aware,0.6880140015115328,0.25,0.25,0.1,0.15,0.05,0.15,0.05
geometric,648,0.0,traditional_ppo,3,core_learning_training_aware,0.507828338913966,0.25,0.25,0.1,0.15,0.05,0.15,0.05
arithmetic,648,0.0,traditional_ppo,3,core_learning_training_aware,0.59022724274676,0.25,0.25,0.1,0.15,0.05,0.15,0.05
geometric,648,0.0,a2c_pointer,2,core_learning_training_aware,0.6376188422067262,0.25,0.25,0.1,0.15,0.05,0.15,0.05
arithmetic,648,0.0,a2c_pointer,2,core_learning_training_aware,0.6845661073912613,0.25,0.25,0.1,0.15,0.05,0.15,0.05
geometric,649,1.0,full,1,core_learning_training_aware,0.6173144221481083,0.25,0.25,0.1,0.15,0.1,0.05,0.1
arithmetic,649,1.0,full,1,core_learning_training_aware,0.6629660556707812,0.25,0.25,0.1,0.15,0.1,0.05,0.1
geometric,649,0.0,traditional_ppo,3,core_learning_training_aware,0.4562059013805089,0.25,0.25,0.1,0.15,0.1,0.05,0.1
arithmetic,649,0.0,traditional_ppo,3,core_learning_training_aware,0.5323122730823315,0.25,0.25,0.1,0.15,0.1,0.05,0.1
geometric,649,0.0,a2c_pointer,2,core_learning_training_aware,0.6169389424709405,0.25,0.25,0.1,0.15,0.1,0.05,0.1
arithmetic,649,0.0,a2c_pointer,2,core_learning_training_aware,0.6605946783048346,0.25,0.25,0.1,0.15,0.1,0.05,0.1
geometric,650,1.0,full,1,core_learning_training_aware,0.617967781864994,0.25,0.25,0.1,0.15,0.1,0.1,0.05
arithmetic,650,1.0,full,1,core_learning_training_aware,0.6639981555177878,0.25,0.25,0.1,0.15,0.1,0.1,0.05
geometric,650,0.0,traditional_ppo,3,core_learning_training_aware,0.49675281366904095,0.25,0.25,0.1,0.15,0.1,0.1,0.05
arithmetic,650,0.0,traditional_ppo,3,core_learning_training_aware,0.5726418857511667,0.25,0.25,0.1,0.15,0.1,0.1,0.05
geometric,650,0.0,a2c_pointer,2,core_learning_training_aware,0.6176943054376616,0.25,0.25,0.1,0.15,0.1,0.1,0.05
arithmetic,650,0.0,a2c_pointer,2,core_learning_training_aware,0.6617673016460288,0.25,0.25,0.1,0.15,0.1,0.1,0.05
geometric,651,0.0,full,2,core_learning_training_aware,0.5976770804229056,0.25,0.25,0.1,0.15,0.15,0.05,0.05
arithmetic,651,1.0,full,1,core_learning_training_aware,0.639982309524043,0.25,0.25,0.1,0.15,0.15,0.05,0.05
geometric,651,0.0,traditional_ppo,3,core_learning_training_aware,0.485918841031663,0.25,0.25,0.1,0.15,0.15,0.05,0.05
arithmetic,651,0.0,traditional_ppo,3,core_learning_training_aware,0.5550565287555733,0.25,0.25,0.1,0.15,0.15,0.05,0.05
geometric,651,1.0,a2c_pointer,1,core_learning_training_aware,0.5983923775678068,0.25,0.25,0.1,0.15,0.15,0.05,0.05
arithmetic,651,0.0,a2c_pointer,2,core_learning_training_aware,0.6389684959007962,0.25,0.25,0.1,0.15,0.15,0.05,0.05
geometric,652,1.0,full,1,core_learning_training_aware,0.6392660225699359,0.25,0.25,0.15,0.05,0.05,0.05,0.2
arithmetic,652,1.0,full,1,core_learning_training_aware,0.6884101508311151,0.25,0.25,0.15,0.05,0.05,0.05,0.2
geometric,652,0.0,traditional_ppo,3,core_learning_training_aware,0.39379119380185784,0.25,0.25,0.15,0.05,0.05,0.05,0.2
arithmetic,652,0.0,traditional_ppo,3,core_learning_training_aware,0.47034920826374127,0.25,0.25,0.15,0.05,0.05,0.05,0.2
geometric,652,0.0,a2c_pointer,2,core_learning_training_aware,0.6381164299980796,0.25,0.25,0.15,0.05,0.05,0.05,0.2
arithmetic,652,0.0,a2c_pointer,2,core_learning_training_aware,0.6852003984824186,0.25,0.25,0.15,0.05,0.05,0.05,0.2
geometric,653,1.0,full,1,core_learning_training_aware,0.6399426156520601,0.25,0.25,0.15,0.05,0.05,0.1,0.15
arithmetic,653,1.0,full,1,core_learning_training_aware,0.6894422506781219,0.25,0.25,0.15,0.05,0.05,0.1,0.15
geometric,653,0.0,traditional_ppo,3,core_learning_training_aware,0.428790778302547,0.25,0.25,0.15,0.05,0.05,0.1,0.15
arithmetic,653,0.0,traditional_ppo,3,core_learning_training_aware,0.5106788209325764,0.25,0.25,0.15,0.05,0.05,0.1,0.15
geometric,653,0.0,a2c_pointer,2,core_learning_training_aware,0.6388977220944193,0.25,0.25,0.15,0.05,0.05,0.1,0.15
arithmetic,653,0.0,a2c_pointer,2,core_learning_training_aware,0.6863730218236129,0.25,0.25,0.15,0.05,0.05,0.1,0.15
geometric,654,1.0,full,1,core_learning_training_aware,0.6406199248338716,0.25,0.25,0.15,0.05,0.05,0.15,0.1
arithmetic,654,1.0,full,1,core_learning_training_aware,0.6904743505251285,0.25,0.25,0.15,0.05,0.05,0.15,0.1
geometric,654,0.0,traditional_ppo,3,core_learning_training_aware,0.4669010746081257,0.25,0.25,0.15,0.05,0.05,0.15,0.1
arithmetic,654,0.0,traditional_ppo,3,core_learning_training_aware,0.5510084336014113,0.25,0.25,0.15,0.05,0.05,0.15,0.1
geometric,654,0.0,a2c_pointer,2,core_learning_training_aware,0.6396799707831788,0.25,0.25,0.15,0.05,0.05,0.15,0.1
arithmetic,654,0.0,a2c_pointer,2,core_learning_training_aware,0.6875456451648069,0.25,0.25,0.15,0.05,0.05,0.15,0.1
geometric,655,1.0,full,1,core_learning_training_aware,0.6412979508732833,0.25,0.25,0.15,0.05,0.05,0.2,0.05
arithmetic,655,1.0,full,1,core_learning_training_aware,0.6915064503721352,0.25,0.25,0.15,0.05,0.05,0.2,0.05
geometric,655,0.0,traditional_ppo,3,core_learning_training_aware,0.5083985582274068,0.25,0.25,0.15,0.05,0.05,0.2,0.05
arithmetic,655,0.0,traditional_ppo,3,core_learning_training_aware,0.5913380462702464,0.25,0.25,0.15,0.05,0.05,0.2,0.05
geometric,655,0.0,a2c_pointer,2,core_learning_training_aware,0.6404631772355832,0.25,0.25,0.15,0.05,0.05,0.2,0.05
arithmetic,655,0.0,a2c_pointer,2,core_learning_training_aware,0.688718268506001,0.25,0.25,0.15,0.05,0.05,0.2,0.05
geometric,656,0.0,full,2,core_learning_training_aware,0.6189303801677482,0.25,0.25,0.15,0.05,0.1,0.05,0.15
arithmetic,656,1.0,full,1,core_learning_training_aware,0.6654264046843771,0.25,0.25,0.15,0.05,0.1,0.05,0.15
geometric,656,0.0,traditional_ppo,3,core_learning_training_aware,0.41943902944182526,0.25,0.25,0.15,0.05,0.1,0.05,0.15
arithmetic,656,0.0,traditional_ppo,3,core_learning_training_aware,0.4930934639369831,0.25,0.25,0.15,0.05,0.1,0.05,0.15
geometric,656,1.0,a2c_pointer,1,core_learning_training_aware,0.6189332224389736,0.25,0.25,0.15,0.05,0.1,0.05,0.15
arithmetic,656,0.0,a2c_pointer,2,core_learning_training_aware,0.6635742160783803,0.25,0.25,0.15,0.05,0.1,0.05,0.15
geometric,657,0.0,full,2,core_learning_training_aware,0.6195854501992423,0.25,0.25,0.15,0.05,0.1,0.1,0.1
arithmetic,657,1.0,full,1,core_learning_training_aware,0.6664585045313838,0.25,0.25,0.15,0.05,0.1,0.1,0.1
geometric,657,0.0,traditional_ppo,3,core_learning_training_aware,0.4567181560066078,0.25,0.25,0.15,0.05,0.1,0.1,0.1
arithmetic,657,0.0,traditional_ppo,3,core_learning_training_aware,0.5334230766058181,0.25,0.25,0.15,0.05,0.1,0.1,0.1
geometric,657,1.0,a2c_pointer,1,core_learning_training_aware,0.6196910271468937,0.25,0.25,0.15,0.05,0.1,0.1,0.1
arithmetic,657,0.0,a2c_pointer,2,core_learning_training_aware,0.6647468394195746,0.25,0.25,0.15,0.05,0.1,0.1,0.1
geometric,658,0.0,full,2,core_learning_training_aware,0.6202412135506314,0.25,0.25,0.15,0.05,0.1,0.15,0.05
arithmetic,658,1.0,full,1,core_learning_training_aware,0.6674906043783905,0.25,0.25,0.15,0.05,0.1,0.15,0.05
geometric,658,0.0,traditional_ppo,3,core_learning_training_aware,0.49731059673598416,0.25,0.25,0.15,0.05,0.1,0.15,0.05
arithmetic,658,0.0,traditional_ppo,3,core_learning_training_aware,0.5737526892746532,0.25,0.25,0.15,0.05,0.1,0.15,0.05
geometric,658,1.0,a2c_pointer,1,core_learning_training_aware,0.6204497596899251,0.25,0.25,0.15,0.05,0.1,0.15,0.05
arithmetic,658,0.0,a2c_pointer,2,core_learning_training_aware,0.6659194627607686,0.25,0.25,0.15,0.05,0.1,0.15,0.05
geometric,659,0.0,full,2,core_learning_training_aware,0.5992416333259521,0.25,0.25,0.15,0.05,0.15,0.05,0.1
arithmetic,659,1.0,full,1,core_learning_training_aware,0.6424426585376387,0.25,0.25,0.15,0.05,0.15,0.05,0.1
geometric,659,0.0,traditional_ppo,3,core_learning_training_aware,0.4467573226323133,0.25,0.25,0.15,0.05,0.15,0.05,0.1
arithmetic,659,0.0,traditional_ppo,3,core_learning_training_aware,0.5158377196102247,0.25,0.25,0.15,0.05,0.15,0.05,0.1
geometric,659,1.0,a2c_pointer,1,core_learning_training_aware,0.60032670501815,0.25,0.25,0.15,0.05,0.15,0.05,0.1
arithmetic,659,0.0,a2c_pointer,2,core_learning_training_aware,0.6419480336743418,0.25,0.25,0.15,0.05,0.15,0.05,0.1
geometric,660,0.0,full,2,core_learning_training_aware,0.5998758649749285,0.25,0.25,0.15,0.05,0.15,0.1,0.05
arithmetic,660,1.0,full,1,core_learning_training_aware,0.6434747583846456,0.25,0.25,0.15,0.05,0.15,0.1,0.05
geometric,660,0.0,traditional_ppo,3,core_learning_training_aware,0.4864644590814818,0.25,0.25,0.15,0.05,0.15,0.1,0.05
arithmetic,660,0.0,traditional_ppo,3,core_learning_training_aware,0.5561673322790599,0.25,0.25,0.15,0.05,0.15,0.1,0.05
geometric,660,1.0,a2c_pointer,1,core_learning_training_aware,0.6010617284210951,0.25,0.25,0.15,0.05,0.15,0.1,0.05
arithmetic,660,0.0,a2c_pointer,2,core_learning_training_aware,0.6431206570155361,0.25,0.25,0.15,0.05,0.15,0.1,0.05
geometric,661,1.0,full,1,core_learning_training_aware,0.6377708500932684,0.25,0.25,0.15,0.1,0.05,0.05,0.15
arithmetic,661,1.0,full,1,core_learning_training_aware,0.6862016809436955,0.25,0.25,0.15,0.1,0.05,0.05,0.15
geometric,661,0.0,traditional_ppo,3,core_learning_training_aware,0.4279118674389973,0.25,0.25,0.15,0.1,0.05,0.05,0.15
arithmetic,661,0.0,traditional_ppo,3,core_learning_training_aware,0.5086961954267682,0.25,0.25,0.15,0.1,0.05,0.05,0.15
geometric,661,0.0,a2c_pointer,2,core_learning_training_aware,0.6367439453429545,0.25,0.25,0.15,0.1,0.05,0.05,0.15
arithmetic,661,0.0,a2c_pointer,2,core_learning_training_aware,0.6832053963481644,0.25,0.25,0.15,0.1,0.05,0.05,0.15
geometric,662,1.0,full,1,core_learning_training_aware,0.638445860699055,0.25,0.25,0.15,0.1,0.05,0.1,0.1
arithmetic,662,1.0,full,1,core_learning_training_aware,0.6872337807907023,0.25,0.25,0.15,0.1,0.05,0.1,0.1
geometric,662,0.0,traditional_ppo,3,core_learning_training_aware,0.46594404743440543,0.25,0.25,0.15,0.1,0.05,0.1,0.1
arithmetic,662,0.0,traditional_ppo,3,core_learning_training_aware,0.5490258080956032,0.25,0.25,0.15,0.1,0.05,0.1,0.1
geometric,662,0.0,a2c_pointer,2,core_learning_training_aware,0.6375235570070675,0.25,0.25,0.15,0.1,0.05,0.1,0.1
arithmetic,662,0.0,a2c_pointer,2,core_learning_training_aware,0.6843780196893585,0.25,0.25,0.15,0.1,0.05,0.1,0.1
geometric,663,1.0,full,1,core_learning_training_aware,0.6391215857296506,0.25,0.25,0.15,0.1,0.05,0.15,0.05
arithmetic,663,1.0,full,1,core_learning_training_aware,0.6882658806377089,0.25,0.25,0.15,0.1,0.05,0.15,0.05
geometric,663,0.0,traditional_ppo,3,core_learning_training_aware,0.5073564718802889,0.25,0.25,0.15,0.1,0.05,0.15,0.05
arithmetic,663,0.0,traditional_ppo,3,core_learning_training_aware,0.5893554207644383,0.25,0.25,0.15,0.1,0.05,0.15,0.05
geometric,663,0.0,a2c_pointer,2,core_learning_training_aware,0.6383041232061255,0.25,0.25,0.15,0.1,0.05,0.15,0.05
arithmetic,663,0.0,a2c_pointer,2,core_learning_training_aware,0.6855506430305527,0.25,0.25,0.15,0.1,0.05,0.15,0.05
geometric,664,0.0,full,2,core_learning_training_aware,0.6174827705080327,0.25,0.25,0.15,0.1,0.1,0.05,0.1
arithmetic,664,1.0,full,1,core_learning_training_aware,0.6632179347969573,0.25,0.25,0.15,0.1,0.1,0.05,0.1
geometric,664,0.0,traditional_ppo,3,core_learning_training_aware,0.45578200119823314,0.25,0.25,0.15,0.1,0.1,0.05,0.1
arithmetic,664,0.0,traditional_ppo,3,core_learning_training_aware,0.5314404511000098,0.25,0.25,0.15,0.1,0.1,0.05,0.1
geometric,664,1.0,a2c_pointer,1,core_learning_training_aware,0.617601997743275,0.25,0.25,0.15,0.1,0.1,0.05,0.1
arithmetic,664,0.0,a2c_pointer,2,core_learning_training_aware,0.6615792139441259,0.25,0.25,0.15,0.1,0.1,0.05,0.1
geometric,665,0.0,full,2,core_learning_training_aware,0.6181363084032225,0.25,0.25,0.15,0.1,0.1,0.1,0.05
arithmetic,665,1.0,full,1,core_learning_training_aware,0.6642500346439641,0.25,0.25,0.15,0.1,0.1,0.1,0.05
geometric,665,0.0,traditional_ppo,3,core_learning_training_aware,0.49629123785947094,0.25,0.25,0.15,0.1,0.1,0.1,0.05
arithmetic,665,0.0,traditional_ppo,3,core_learning_training_aware,0.571770063768845,0.25,0.25,0.15,0.1,0.1,0.1,0.05
geometric,665,1.0,a2c_pointer,1,core_learning_training_aware,0.6183581725365206,0.25,0.25,0.15,0.1,0.1,0.1,0.05
arithmetic,665,0.0,a2c_pointer,2,core_learning_training_aware,0.6627518372853201,0.25,0.25,0.15,0.1,0.1,0.1,0.05
geometric,666,0.0,full,2,core_learning_training_aware,0.5978400734660673,0.25,0.25,0.15,0.1,0.15,0.05,0.05
arithmetic,666,1.0,full,1,core_learning_training_aware,0.6402341886502192,0.25,0.25,0.15,0.1,0.15,0.05,0.05
geometric,666,0.0,traditional_ppo,3,core_learning_training_aware,0.4854673319988749,0.25,0.25,0.15,0.1,0.15,0.05,0.05
arithmetic,666,0.0,traditional_ppo,3,core_learning_training_aware,0.5541847067732516,0.25,0.25,0.15,0.1,0.15,0.05,0.05
geometric,666,1.0,a2c_pointer,1,core_learning_training_aware,0.5990354999151852,0.25,0.25,0.15,0.1,0.15,0.05,0.05
arithmetic,666,0.0,a2c_pointer,2,core_learning_training_aware,0.6399530315400875,0.25,0.25,0.15,0.1,0.15,0.05,0.05
geometric,667,1.0,full,1,core_learning_training_aware,0.6362791746595474,0.25,0.25,0.15,0.15,0.05,0.05,0.1
arithmetic,667,1.0,full,1,core_learning_training_aware,0.6839932110562758,0.25,0.25,0.15,0.15,0.05,0.05,0.1
geometric,667,0.0,traditional_ppo,3,core_learning_training_aware,0.4649889819203625,0.25,0.25,0.15,0.15,0.05,0.05,0.1
arithmetic,667,0.0,traditional_ppo,3,core_learning_training_aware,0.5470431825897948,0.25,0.25,0.15,0.15,0.05,0.05,0.1
geometric,667,0.0,a2c_pointer,2,core_learning_training_aware,0.6353744126790963,0.25,0.25,0.15,0.15,0.05,0.05,0.1
arithmetic,667,0.0,a2c_pointer,2,core_learning_training_aware,0.6812103942139099,0.25,0.25,0.15,0.15,0.05,0.05,0.1
geometric,668,1.0,full,1,core_learning_training_aware,0.636952606490233,0.25,0.25,0.15,0.15,0.05,0.1,0.05
arithmetic,668,1.0,full,1,core_learning_training_aware,0.6850253109032827,0.25,0.25,0.15,0.15,0.05,0.1,0.05
geometric,668,0.0,traditional_ppo,3,core_learning_training_aware,0.5063165215422869,0.25,0.25,0.15,0.15,0.05,0.1,0.05
arithmetic,668,0.0,traditional_ppo,3,core_learning_training_aware,0.5873727952586301,0.25,0.25,0.15,0.15,0.05,0.1,0.05
geometric,668,0.0,a2c_pointer,2,core_learning_training_aware,0.636152347525319,0.25,0.25,0.15,0.15,0.05,0.1,0.05
arithmetic,668,0.0,a2c_pointer,2,core_learning_training_aware,0.6823830175551042,0.25,0.25,0.15,0.15,0.05,0.1,0.05
geometric,669,0.0,full,2,core_learning_training_aware,0.6160385466470987,0.25,0.25,0.15,0.15,0.1,0.05,0.05
arithmetic,669,1.0,full,1,core_learning_training_aware,0.6610094649095376,0.25,0.25,0.15,0.15,0.1,0.05,0.05
geometric,669,0.0,traditional_ppo,3,core_learning_training_aware,0.4952739684066017,0.25,0.25,0.15,0.15,0.1,0.05,0.05
arithmetic,669,0.0,traditional_ppo,3,core_learning_training_aware,0.5697874382630367,0.25,0.25,0.15,0.15,0.1,0.05,0.05
geometric,669,1.0,a2c_pointer,1,core_learning_training_aware,0.6162736362953809,0.25,0.25,0.15,0.15,0.1,0.05,0.05
arithmetic,669,0.0,a2c_pointer,2,core_learning_training_aware,0.6595842118098716,0.25,0.25,0.15,0.15,0.1,0.05,0.05
geometric,670,1.0,full,1,core_learning_training_aware,0.6379447771436801,0.25,0.25,0.2,0.05,0.05,0.05,0.15
arithmetic,670,1.0,full,1,core_learning_training_aware,0.6864535600698718,0.25,0.25,0.2,0.05,0.05,0.05,0.15
geometric,670,0.0,traditional_ppo,3,core_learning_training_aware,0.42751425767977136,0.25,0.25,0.2,0.05,0.05,0.05,0.15
arithmetic,670,0.0,traditional_ppo,3,core_learning_training_aware,0.5078243734444466,0.25,0.25,0.2,0.05,0.05,0.05,0.15
geometric,670,0.0,a2c_pointer,2,core_learning_training_aware,0.6374282860467455,0.25,0.25,0.2,0.05,0.05,0.05,0.15
arithmetic,670,0.0,a2c_pointer,2,core_learning_training_aware,0.6841899319874557,0.25,0.25,0.2,0.05,0.05,0.05,0.15
geometric,671,1.0,full,1,core_learning_training_aware,0.6386199718322036,0.25,0.25,0.2,0.05,0.05,0.1,0.1
arithmetic,671,1.0,full,1,core_learning_training_aware,0.6874856599168785,0.25,0.25,0.2,0.05,0.05,0.1,0.1
geometric,671,0.0,traditional_ppo,3,core_learning_training_aware,0.46551109870217716,0.25,0.25,0.2,0.05,0.05,0.1,0.1
arithmetic,671,0.0,traditional_ppo,3,core_learning_training_aware,0.5481539861132816,0.25,0.25,0.2,0.05,0.05,0.1,0.1
geometric,671,0.0,a2c_pointer,2,core_learning_training_aware,0.6382087355986764,0.25,0.25,0.2,0.05,0.05,0.1,0.1
arithmetic,671,0.0,a2c_pointer,2,core_learning_training_aware,0.68536255532865,0.25,0.25,0.2,0.05,0.05,0.1,0.1
geometric,672,1.0,full,1,core_learning_training_aware,0.6392958811403678,0.25,0.25,0.2,0.05,0.05,0.15,0.05
arithmetic,672,1.0,full,1,core_learning_training_aware,0.6885177597638852,0.25,0.25,0.2,0.05,0.05,0.15,0.05
geometric,672,0.0,traditional_ppo,3,core_learning_training_aware,0.5068850432989004,0.25,0.25,0.2,0.05,0.05,0.15,0.05
arithmetic,672,0.0,traditional_ppo,3,core_learning_training_aware,0.5884835987821166,0.25,0.25,0.2,0.05,0.05,0.15,0.05
geometric,672,0.0,a2c_pointer,2,core_learning_training_aware,0.6389901407114389,0.25,0.25,0.2,0.05,0.05,0.15,0.05
arithmetic,672,0.0,a2c_pointer,2,core_learning_training_aware,0.686535178669844,0.25,0.25,0.2,0.05,0.05,0.15,0.05
geometric,673,0.0,full,2,core_learning_training_aware,0.6176511647783868,0.25,0.25,0.2,0.05,0.1,0.05,0.1
arithmetic,673,1.0,full,1,core_learning_training_aware,0.6634698139231335,0.25,0.25,0.2,0.05,0.1,0.05,0.1
geometric,673,0.0,traditional_ppo,3,core_learning_training_aware,0.45535849489811453,0.25,0.25,0.2,0.05,0.1,0.05,0.1
arithmetic,673,0.0,traditional_ppo,3,core_learning_training_aware,0.5305686291176882,0.25,0.25,0.2,0.05,0.1,0.05,0.1
geometric,673,1.0,a2c_pointer,1,core_learning_training_aware,0.6182657656344178,0.25,0.25,0.2,0.05,0.1,0.05,0.1
arithmetic,673,0.0,a2c_pointer,2,core_learning_training_aware,0.6625637495834173,0.25,0.25,0.2,0.05,0.1,0.05,0.1
geometric,674,0.0,full,2,core_learning_training_aware,0.6183048809004718,0.25,0.25,0.2,0.05,0.1,0.1,0.05
arithmetic,674,1.0,full,1,core_learning_training_aware,0.6645019137701402,0.25,0.25,0.2,0.05,0.1,0.1,0.05
geometric,674,0.0,traditional_ppo,3,core_learning_training_aware,0.4958300909397273,0.25,0.25,0.2,0.05,0.1,0.1,0.05
arithmetic,674,0.0,traditional_ppo,3,core_learning_training_aware,0.5708982417865234,0.25,0.25,0.2,0.05,0.1,0.1,0.05
geometric,674,1.0,a2c_pointer,1,core_learning_training_aware,0.619022753126699,0.25,0.25,0.2,0.05,0.1,0.1,0.05
arithmetic,674,0.0,a2c_pointer,2,core_learning_training_aware,0.6637363729246115,0.25,0.25,0.2,0.05,0.1,0.1,0.05
geometric,675,0.0,full,2,core_learning_training_aware,0.5980031109592057,0.25,0.25,0.2,0.05,0.15,0.05,0.05
arithmetic,675,0.0,full,2,core_learning_training_aware,0.6404860677763954,0.25,0.25,0.2,0.05,0.15,0.05,0.05
geometric,675,0.0,traditional_ppo,3,core_learning_training_aware,0.48501624250200404,0.25,0.25,0.2,0.05,0.15,0.05,0.05
arithmetic,675,0.0,traditional_ppo,3,core_learning_training_aware,0.55331288479093,0.25,0.25,0.2,0.05,0.15,0.05,0.05
geometric,675,1.0,a2c_pointer,1,core_learning_training_aware,0.5996793134584564,0.25,0.25,0.2,0.05,0.15,0.05,0.05
arithmetic,675,1.0,a2c_pointer,1,core_learning_training_aware,0.6409375671793789,0.25,0.25,0.2,0.05,0.15,0.05,0.05
geometric,676,1.0,full,1,core_learning_training_aware,0.6364526949138373,0.25,0.25,0.2,0.1,0.05,0.05,0.1
arithmetic,676,1.0,full,1,core_learning_training_aware,0.684245090182452,0.25,0.25,0.2,0.1,0.05,0.05,0.1
geometric,676,0.0,traditional_ppo,3,core_learning_training_aware,0.4645569206217343,0.25,0.25,0.2,0.1,0.05,0.05,0.1
arithmetic,676,0.0,traditional_ppo,3,core_learning_training_aware,0.5461713606074733,0.25,0.25,0.2,0.1,0.05,0.05,0.1
geometric,676,0.0,a2c_pointer,2,core_learning_training_aware,0.6360572814773374,0.25,0.25,0.2,0.1,0.05,0.05,0.1
arithmetic,676,0.0,a2c_pointer,2,core_learning_training_aware,0.6821949298532013,0.25,0.25,0.2,0.1,0.05,0.05,0.1
geometric,677,1.0,full,1,core_learning_training_aware,0.6371263103967109,0.25,0.25,0.2,0.1,0.05,0.1,0.05
arithmetic,677,1.0,full,1,core_learning_training_aware,0.6852771900294587,0.25,0.25,0.2,0.1,0.05,0.1,0.05
geometric,677,0.0,traditional_ppo,3,core_learning_training_aware,0.5058460592682971,0.25,0.25,0.2,0.1,0.05,0.1,0.05
arithmetic,677,0.0,traditional_ppo,3,core_learning_training_aware,0.5865009732763085,0.25,0.25,0.2,0.1,0.05,0.1,0.05
geometric,677,0.0,a2c_pointer,2,core_learning_training_aware,0.6368360524092175,0.25,0.25,0.2,0.1,0.05,0.1,0.05
arithmetic,677,0.0,a2c_pointer,2,core_learning_training_aware,0.6833675531943955,0.25,0.25,0.2,0.1,0.05,0.1,0.05
geometric,678,0.0,full,2,core_learning_training_aware,0.6162065470618913,0.25,0.25,0.2,0.1,0.1,0.05,0.05
arithmetic,678,1.0,full,1,core_learning_training_aware,0.6612613440357138,0.25,0.25,0.2,0.1,0.1,0.05,0.05
geometric,678,0.0,traditional_ppo,3,core_learning_training_aware,0.4948137667194935,0.25,0.25,0.2,0.1,0.1,0.05,0.05
arithmetic,678,0.0,traditional_ppo,3,core_learning_training_aware,0.5689156162807151,0.25,0.25,0.2,0.1,0.1,0.05,0.05
geometric,678,1.0,a2c_pointer,1,core_learning_training_aware,0.6169359765297479,0.25,0.25,0.2,0.1,0.1,0.05,0.05
arithmetic,678,0.0,a2c_pointer,2,core_learning_training_aware,0.6605687474491629,0.25,0.25,0.2,0.1,0.1,0.05,0.05
geometric,679,1.0,full,1,core_learning_training_aware,0.6349641024991954,0.25,0.25,0.2,0.15,0.05,0.05,0.05
arithmetic,679,1.0,full,1,core_learning_training_aware,0.6820366202950324,0.25,0.25,0.2,0.15,0.05,0.05,0.05
geometric,679,0.0,traditional_ppo,3,core_learning_training_aware,0.5048092048878584,0.25,0.25,0.2,0.15,0.05,0.05,0.05
arithmetic,679,0.0,traditional_ppo,3,core_learning_training_aware,0.5845183477705002,0.25,0.25,0.2,0.15,0.05,0.05,0.05
geometric,679,0.0,a2c_pointer,2,core_learning_training_aware,0.6346892257157724,0.25,0.25,0.2,0.15,0.05,0.05,0.05
arithmetic,679,0.0,a2c_pointer,2,core_learning_training_aware,0.680199927718947,0.25,0.25,0.2,0.15,0.05,0.05,0.05
geometric,680,0.0,full,2,core_learning_training_aware,0.6366262624889889,0.25,0.25,0.25,0.05,0.05,0.05,0.1
arithmetic,680,1.0,full,1,core_learning_training_aware,0.6844969693086281,0.25,0.25,0.25,0.05,0.05,0.05,0.1
geometric,680,0.0,traditional_ppo,3,core_learning_training_aware,0.4641252607884593,0.25,0.25,0.25,0.05,0.05,0.05,0.1
arithmetic,680,0.0,traditional_ppo,3,core_learning_training_aware,0.5452995386251516,0.25,0.25,0.25,0.05,0.05,0.05,0.1
geometric,680,1.0,a2c_pointer,1,core_learning_training_aware,0.6367408841889787,0.25,0.25,0.25,0.05,0.05,0.05,0.1
arithmetic,680,0.0,a2c_pointer,2,core_learning_training_aware,0.6831794654924926,0.25,0.25,0.25,0.05,0.05,0.05,0.1
geometric,681,0.0,full,2,core_learning_training_aware,0.6373000616741341,0.25,0.25,0.25,0.05,0.05,0.1,0.05
arithmetic,681,1.0,full,1,core_learning_training_aware,0.685529069155635,0.25,0.25,0.25,0.05,0.05,0.1,0.05
geometric,681,0.0,traditional_ppo,3,core_learning_training_aware,0.5053760341413129,0.25,0.25,0.25,0.05,0.05,0.1,0.05
arithmetic,681,0.0,traditional_ppo,3,core_learning_training_aware,0.5856291512939868,0.25,0.25,0.25,0.05,0.05,0.1,0.05
geometric,681,1.0,a2c_pointer,1,core_learning_training_aware,0.6375204921050994,0.25,0.25,0.25,0.05,0.05,0.1,0.05
arithmetic,681,0.0,a2c_pointer,2,core_learning_training_aware,0.6843520888336869,0.25,0.25,0.25,0.05,0.05,0.1,0.05
geometric,682,0.0,full,2,core_learning_training_aware,0.6163745932922249,0.25,0.25,0.25,0.05,0.1,0.05,0.05
arithmetic,682,0.0,full,2,core_learning_training_aware,0.66151322316189,0.25,0.25,0.25,0.05,0.1,0.05,0.05
geometric,682,0.0,traditional_ppo,3,core_learning_training_aware,0.4943539926453962,0.25,0.25,0.25,0.05,0.1,0.05,0.05
arithmetic,682,0.0,traditional_ppo,3,core_learning_training_aware,0.5680437942983935,0.25,0.25,0.25,0.05,0.1,0.05,0.05
geometric,682,1.0,a2c_pointer,1,core_learning_training_aware,0.6175990286144363,0.25,0.25,0.25,0.05,0.1,0.05,0.05
arithmetic,682,1.0,a2c_pointer,1,core_learning_training_aware,0.6615532830884543,0.25,0.25,0.25,0.05,0.1,0.05,0.05
geometric,683,0.0,full,2,core_learning_training_aware,0.6351372641189981,0.25,0.25,0.25,0.1,0.05,0.05,0.05
arithmetic,683,1.0,full,1,core_learning_training_aware,0.6822884994212085,0.25,0.25,0.25,0.1,0.05,0.05,0.05
geometric,683,0.0,traditional_ppo,3,core_learning_training_aware,0.5043401431915521,0.25,0.25,0.25,0.1,0.05,0.05,0.05
arithmetic,683,0.0,traditional_ppo,3,core_learning_training_aware,0.5836465257881785,0.25,0.25,0.25,0.1,0.05,0.05,0.05
geometric,683,1.0,a2c_pointer,1,core_learning_training_aware,0.6353713581091647,0.25,0.25,0.25,0.1,0.05,0.05,0.05
arithmetic,683,0.0,a2c_pointer,2,core_learning_training_aware,0.6811844633582383,0.25,0.25,0.25,0.1,0.05,0.05,0.05
geometric,684,1.0,full,1,core_learning_training_aware,0.7261238604949894,0.3,0.1,0.1,0.05,0.05,0.2,0.2
arithmetic,684,1.0,full,1,core_learning_training_aware,0.7649168280597807,0.3,0.1,0.1,0.05,0.05,0.2,0.2
geometric,684,0.0,traditional_ppo,3,core_learning_training_aware,0.4323758756777181,0.3,0.1,0.1,0.05,0.05,0.2,0.2
arithmetic,684,0.0,traditional_ppo,3,core_learning_training_aware,0.5323749405745584,0.3,0.1,0.1,0.05,0.05,0.2,0.2
geometric,684,0.0,a2c_pointer,2,core_learning_training_aware,0.7232819033556144,0.3,0.1,0.1,0.05,0.05,0.2,0.2
arithmetic,684,0.0,a2c_pointer,2,core_learning_training_aware,0.7595426550918124,0.3,0.1,0.1,0.05,0.05,0.2,0.2
geometric,685,1.0,full,1,core_learning_training_aware,0.7022819015844205,0.3,0.1,0.1,0.05,0.1,0.15,0.2
arithmetic,685,1.0,full,1,core_learning_training_aware,0.7409009820660357,0.3,0.1,0.1,0.05,0.1,0.15,0.2
geometric,685,0.0,traditional_ppo,3,core_learning_training_aware,0.42294593733161007,0.3,0.1,0.1,0.05,0.1,0.15,0.2
arithmetic,685,0.0,traditional_ppo,3,core_learning_training_aware,0.5147895835789651,0.3,0.1,0.1,0.05,0.1,0.15,0.2
geometric,685,0.0,a2c_pointer,2,core_learning_training_aware,0.7006805372668505,0.3,0.1,0.1,0.05,0.1,0.15,0.2
arithmetic,685,0.0,a2c_pointer,2,core_learning_training_aware,0.7367438493465799,0.3,0.1,0.1,0.05,0.1,0.15,0.2
geometric,686,1.0,full,1,core_learning_training_aware,0.7030251900739337,0.3,0.1,0.1,0.05,0.1,0.2,0.15
arithmetic,686,1.0,full,1,core_learning_training_aware,0.7419330819130425,0.3,0.1,0.1,0.05,0.1,0.2,0.15
geometric,686,0.0,traditional_ppo,3,core_learning_training_aware,0.4605367527329043,0.3,0.1,0.1,0.05,0.1,0.2,0.15
arithmetic,686,0.0,traditional_ppo,3,core_learning_training_aware,0.5551191962478,0.3,0.1,0.1,0.05,0.1,0.2,0.15
geometric,686,0.0,a2c_pointer,2,core_learning_training_aware,0.7015384311246021,0.3,0.1,0.1,0.05,0.1,0.2,0.15
arithmetic,686,0.0,a2c_pointer,2,core_learning_training_aware,0.7379164726877739,0.3,0.1,0.1,0.05,0.1,0.2,0.15
geometric,687,1.0,full,1,core_learning_training_aware,0.6792227829516876,0.3,0.1,0.1,0.05,0.15,0.1,0.2
arithmetic,687,1.0,full,1,core_learning_training_aware,0.7168851360722908,0.3,0.1,0.1,0.05,0.15,0.1,0.2
geometric,687,0.0,traditional_ppo,3,core_learning_training_aware,0.4137216620259574,0.3,0.1,0.1,0.05,0.15,0.1,0.2
arithmetic,687,0.0,traditional_ppo,3,core_learning_training_aware,0.4972042265833717,0.3,0.1,0.1,0.05,0.15,0.1,0.2
geometric,687,0.0,a2c_pointer,2,core_learning_training_aware,0.6787854265768577,0.3,0.1,0.1,0.05,0.15,0.1,0.2
arithmetic,687,0.0,a2c_pointer,2,core_learning_training_aware,0.7139450436013474,0.3,0.1,0.1,0.05,0.15,0.1,0.2
geometric,688,1.0,full,1,core_learning_training_aware,0.6799416658892147,0.3,0.1,0.1,0.05,0.15,0.15,0.15
arithmetic,688,1.0,full,1,core_learning_training_aware,0.7179172359192976,0.3,0.1,0.1,0.05,0.15,0.15,0.15
geometric,688,0.0,traditional_ppo,3,core_learning_training_aware,0.4504926373493136,0.3,0.1,0.1,0.05,0.15,0.15,0.15
arithmetic,688,0.0,traditional_ppo,3,core_learning_training_aware,0.5375338392522068,0.3,0.1,0.1,0.05,0.15,0.15,0.15
geometric,688,0.0,a2c_pointer,2,core_learning_training_aware,0.6796165126670509,0.3,0.1,0.1,0.05,0.15,0.15,0.15
arithmetic,688,0.0,a2c_pointer,2,core_learning_training_aware,0.7151176669425414,0.3,0.1,0.1,0.05,0.15,0.15,0.15
geometric,689,1.0,full,1,core_learning_training_aware,0.68066130968561,0.3,0.1,0.1,0.05,0.15,0.2,0.1
arithmetic,689,1.0,full,1,core_learning_training_aware,0.7189493357663042,0.3,0.1,0.1,0.05,0.15,0.2,0.1
geometric,689,0.0,traditional_ppo,3,core_learning_training_aware,0.49053176309923874,0.3,0.1,0.1,0.05,0.15,0.2,0.1
arithmetic,689,0.0,traditional_ppo,3,core_learning_training_aware,0.5778634519210416,0.3,0.1,0.1,0.05,0.15,0.2,0.1
geometric,689,0.0,a2c_pointer,2,core_learning_training_aware,0.6804486163160519,0.3,0.1,0.1,0.05,0.15,0.2,0.1
arithmetic,689,0.0,a2c_pointer,2,core_learning_training_aware,0.7162902902837355,0.3,0.1,0.1,0.05,0.15,0.2,0.1
geometric,690,1.0,full,1,core_learning_training_aware,0.7236596226819896,0.3,0.1,0.1,0.1,0.05,0.15,0.2
arithmetic,690,1.0,full,1,core_learning_training_aware,0.7616762583253542,0.3,0.1,0.1,0.1,0.05,0.15,0.2
geometric,690,0.0,traditional_ppo,3,core_learning_training_aware,0.43148961628619303,0.3,0.1,0.1,0.1,0.05,0.15,0.2
arithmetic,690,0.0,traditional_ppo,3,core_learning_training_aware,0.5303923150687502,0.3,0.1,0.1,0.1,0.05,0.15,0.2
geometric,690,0.0,a2c_pointer,2,core_learning_training_aware,0.7208436605910357,0.3,0.1,0.1,0.1,0.05,0.15,0.2
arithmetic,690,0.0,a2c_pointer,2,core_learning_training_aware,0.7563750296163639,0.3,0.1,0.1,0.1,0.05,0.15,0.2
geometric,691,1.0,full,1,core_learning_training_aware,0.7244255371483193,0.3,0.1,0.1,0.1,0.05,0.2,0.15
arithmetic,691,1.0,full,1,core_learning_training_aware,0.7627083581723609,0.3,0.1,0.1,0.1,0.05,0.2,0.15
geometric,691,0.0,traditional_ppo,3,core_learning_training_aware,0.4698397813586435,0.3,0.1,0.1,0.1,0.05,0.2,0.15
arithmetic,691,0.0,traditional_ppo,3,core_learning_training_aware,0.5707219277375852,0.3,0.1,0.1,0.1,0.05,0.2,0.15
geometric,691,0.0,a2c_pointer,2,core_learning_training_aware,0.7217262416189495,0.3,0.1,0.1,0.1,0.05,0.2,0.15
arithmetic,691,0.0,a2c_pointer,2,core_learning_training_aware,0.757547652957558,0.3,0.1,0.1,0.1,0.05,0.2,0.15
geometric,692,1.0,full,1,core_learning_training_aware,0.6998985759406522,0.3,0.1,0.1,0.1,0.1,0.1,0.2
arithmetic,692,1.0,full,1,core_learning_training_aware,0.7376604123316093,0.3,0.1,0.1,0.1,0.1,0.1,0.2
geometric,692,0.0,traditional_ppo,3,core_learning_training_aware,0.4220790068894803,0.3,0.1,0.1,0.1,0.1,0.1,0.2
arithmetic,692,0.0,traditional_ppo,3,core_learning_training_aware,0.5128069580731569,0.3,0.1,0.1,0.1,0.1,0.1,0.2
geometric,692,0.0,a2c_pointer,2,core_learning_training_aware,0.6983184855656455,0.3,0.1,0.1,0.1,0.1,0.1,0.2
arithmetic,692,0.0,a2c_pointer,2,core_learning_training_aware,0.7335762238711313,0.3,0.1,0.1,0.1,0.1,0.1,0.2
geometric,693,1.0,full,1,core_learning_training_aware,0.7006393419409572,0.3,0.1,0.1,0.1,0.1,0.15,0.15
arithmetic,693,1.0,full,1,core_learning_training_aware,0.7386925121786161,0.3,0.1,0.1,0.1,0.1,0.15,0.15
geometric,693,0.0,traditional_ppo,3,core_learning_training_aware,0.4595927707829117,0.3,0.1,0.1,0.1,0.1,0.15,0.15
arithmetic,693,0.0,traditional_ppo,3,core_learning_training_aware,0.5531365707419919,0.3,0.1,0.1,0.1,0.1,0.15,0.15
geometric,693,0.0,a2c_pointer,2,core_learning_training_aware,0.6991734873926664,0.3,0.1,0.1,0.1,0.1,0.15,0.15
arithmetic,693,0.0,a2c_pointer,2,core_learning_training_aware,0.7347488472123255,0.3,0.1,0.1,0.1,0.1,0.15,0.15
geometric,694,1.0,full,1,core_learning_training_aware,0.7013808919609562,0.3,0.1,0.1,0.1,0.1,0.2,0.1
arithmetic,694,1.0,full,1,core_learning_training_aware,0.7397246120256229,0.3,0.1,0.1,0.1,0.1,0.2,0.1
geometric,694,0.0,traditional_ppo,3,core_learning_training_aware,0.5004407030630228,0.3,0.1,0.1,0.1,0.1,0.2,0.1
arithmetic,694,0.0,traditional_ppo,3,core_learning_training_aware,0.593466183410827,0.3,0.1,0.1,0.1,0.1,0.2,0.1
geometric,694,0.0,a2c_pointer,2,core_learning_training_aware,0.7000295360602611,0.3,0.1,0.1,0.1,0.1,0.2,0.1
arithmetic,694,0.0,a2c_pointer,2,core_learning_training_aware,0.7359214705535196,0.3,0.1,0.1,0.1,0.1,0.2,0.1
geometric,695,1.0,full,1,core_learning_training_aware,0.6769177127615144,0.3,0.1,0.1,0.1,0.15,0.05,0.2
arithmetic,695,1.0,full,1,core_learning_training_aware,0.7136445663378644,0.3,0.1,0.1,0.1,0.15,0.05,0.2
geometric,695,0.0,traditional_ppo,3,core_learning_training_aware,0.41287363897686113,0.3,0.1,0.1,0.1,0.15,0.05,0.2
arithmetic,695,0.0,traditional_ppo,3,core_learning_training_aware,0.4952216010775635,0.3,0.1,0.1,0.1,0.15,0.05,0.2
geometric,695,0.0,a2c_pointer,2,core_learning_training_aware,0.6764971850940085,0.3,0.1,0.1,0.1,0.15,0.05,0.2
arithmetic,695,0.0,a2c_pointer,2,core_learning_training_aware,0.7107774181258988,0.3,0.1,0.1,0.1,0.15,0.05,0.2
geometric,696,1.0,full,1,core_learning_training_aware,0.6776341560346616,0.3,0.1,0.1,0.1,0.15,0.1,0.15
arithmetic,696,1.0,full,1,core_learning_training_aware,0.7146766661848711,0.3,0.1,0.1,0.1,0.15,0.1,0.15
geometric,696,0.0,traditional_ppo,3,core_learning_training_aware,0.44956924325375275,0.3,0.1,0.1,0.1,0.15,0.1,0.15
arithmetic,696,0.0,traditional_ppo,3,core_learning_training_aware,0.5355512137463986,0.3,0.1,0.1,0.1,0.15,0.1,0.15
geometric,696,0.0,a2c_pointer,2,core_learning_training_aware,0.6773254695246597,0.3,0.1,0.1,0.1,0.15,0.1,0.15
arithmetic,696,0.0,a2c_pointer,2,core_learning_training_aware,0.7119500414670928,0.3,0.1,0.1,0.1,0.15,0.1,0.15
geometric,697,1.0,full,1,core_learning_training_aware,0.6783513575845594,0.3,0.1,0.1,0.1,0.15,0.15,0.1
arithmetic,697,1.0,full,1,core_learning_training_aware,0.7157087660318778,0.3,0.1,0.1,0.1,0.15,0.15,0.1
geometric,697,0.0,traditional_ppo,3,core_learning_training_aware,0.48952629908900297,0.3,0.1,0.1,0.1,0.15,0.15,0.1
arithmetic,697,0.0,traditional_ppo,3,core_learning_training_aware,0.5758808264152335,0.3,0.1,0.1,0.1,0.15,0.15,0.1
geometric,697,0.0,a2c_pointer,2,core_learning_training_aware,0.678154768083844,0.3,0.1,0.1,0.1,0.15,0.15,0.1
arithmetic,697,0.0,a2c_pointer,2,core_learning_training_aware,0.7131226648082871,0.3,0.1,0.1,0.1,0.15,0.15,0.1
geometric,698,1.0,full,1,core_learning_training_aware,0.6790693182137608,0.3,0.1,0.1,0.1,0.15,0.2,0.05
arithmetic,698,1.0,full,1,core_learning_training_aware,0.7167408658788845,0.3,0.1,0.1,0.1,0.15,0.2,0.05
geometric,698,0.0,traditional_ppo,3,core_learning_training_aware,0.5330346795199176,0.3,0.1,0.1,0.1,0.15,0.2,0.05
arithmetic,698,0.0,traditional_ppo,3,core_learning_training_aware,0.6162104390840687,0.3,0.1,0.1,0.1,0.15,0.2,0.05
geometric,698,0.0,a2c_pointer,2,core_learning_training_aware,0.6789850820132324,0.3,0.1,0.1,0.1,0.15,0.2,0.05
arithmetic,698,0.0,a2c_pointer,2,core_learning_training_aware,0.7142952881494812,0.3,0.1,0.1,0.1,0.15,0.2,0.05
geometric,699,1.0,full,1,core_learning_training_aware,0.7212037477232208,0.3,0.1,0.1,0.15,0.05,0.1,0.2
arithmetic,699,1.0,full,1,core_learning_training_aware,0.7584356885909278,0.3,0.1,0.1,0.15,0.05,0.1,0.2
geometric,699,0.0,traditional_ppo,3,core_learning_training_aware,0.4306051734985842,0.3,0.1,0.1,0.15,0.05,0.1,0.2
arithmetic,699,0.0,traditional_ppo,3,core_learning_training_aware,0.528409689562942,0.3,0.1,0.1,0.15,0.05,0.1,0.2
geometric,699,0.0,a2c_pointer,2,core_learning_training_aware,0.7184136373432891,0.3,0.1,0.1,0.15,0.05,0.1,0.2
arithmetic,699,0.0,a2c_pointer,2,core_learning_training_aware,0.7532074041409155,0.3,0.1,0.1,0.15,0.05,0.1,0.2
geometric,700,1.0,full,1,core_learning_training_aware,0.7219670629148369,0.3,0.1,0.1,0.15,0.05,0.15,0.15
arithmetic,700,1.0,full,1,core_learning_training_aware,0.7594677884379345,0.3,0.1,0.1,0.15,0.05,0.15,0.15
geometric,700,0.0,traditional_ppo,3,core_learning_training_aware,0.4688767305915568,0.3,0.1,0.1,0.15,0.05,0.15,0.15
arithmetic,700,0.0,traditional_ppo,3,core_learning_training_aware,0.5687393022317769,0.3,0.1,0.1,0.15,0.05,0.15,0.15
geometric,700,0.0,a2c_pointer,2,core_learning_training_aware,0.7192932431179919,0.3,0.1,0.1,0.15,0.05,0.15,0.15
arithmetic,700,0.0,a2c_pointer,2,core_learning_training_aware,0.7543800274821095,0.3,0.1,0.1,0.15,0.05,0.15,0.15
geometric,701,1.0,full,1,core_learning_training_aware,0.7227311859919967,0.3,0.1,0.1,0.15,0.05,0.2,0.1
arithmetic,701,1.0,full,1,core_learning_training_aware,0.760499888284941,0.3,0.1,0.1,0.15,0.05,0.2,0.1
geometric,701,0.0,traditional_ppo,3,core_learning_training_aware,0.5105498076208094,0.3,0.1,0.1,0.15,0.05,0.2,0.1
arithmetic,701,0.0,traditional_ppo,3,core_learning_training_aware,0.6090689149006119,0.3,0.1,0.1,0.15,0.05,0.2,0.1
geometric,701,0.0,a2c_pointer,2,core_learning_training_aware,0.7201739258576614,0.3,0.1,0.1,0.15,0.05,0.2,0.1
arithmetic,701,0.0,a2c_pointer,2,core_learning_training_aware,0.7555526508233035,0.3,0.1,0.1,0.15,0.05,0.2,0.1
geometric,702,1.0,full,1,core_learning_training_aware,0.6975233385604592,0.3,0.1,0.1,0.15,0.1,0.05,0.2
arithmetic,702,1.0,full,1,core_learning_training_aware,0.734419842597183,0.3,0.1,0.1,0.15,0.1,0.05,0.2
geometric,702,0.0,traditional_ppo,3,core_learning_training_aware,0.4212138534318896,0.3,0.1,0.1,0.15,0.1,0.05,0.2
arithmetic,702,0.0,traditional_ppo,3,core_learning_training_aware,0.5108243325673486,0.3,0.1,0.1,0.15,0.1,0.05,0.2
geometric,702,0.0,a2c_pointer,2,core_learning_training_aware,0.6959643965349334,0.3,0.1,0.1,0.15,0.1,0.05,0.2
arithmetic,702,0.0,a2c_pointer,2,core_learning_training_aware,0.7304085983956828,0.3,0.1,0.1,0.15,0.1,0.05,0.2
geometric,703,1.0,full,1,core_learning_training_aware,0.6982615906320976,0.3,0.1,0.1,0.15,0.1,0.1,0.15
arithmetic,703,1.0,full,1,core_learning_training_aware,0.7354519424441897,0.3,0.1,0.1,0.15,0.1,0.1,0.15
geometric,703,0.0,traditional_ppo,3,core_learning_training_aware,0.4586507237532411,0.3,0.1,0.1,0.15,0.1,0.1,0.15
arithmetic,703,0.0,traditional_ppo,3,core_learning_training_aware,0.5511539452361837,0.3,0.1,0.1,0.15,0.1,0.1,0.15
geometric,703,0.0,a2c_pointer,2,core_learning_training_aware,0.696816516080497,0.3,0.1,0.1,0.15,0.1,0.1,0.15
arithmetic,703,0.0,a2c_pointer,2,core_learning_training_aware,0.731581221736877,0.3,0.1,0.1,0.15,0.1,0.1,0.15
geometric,704,1.0,full,1,core_learning_training_aware,0.6990006240627116,0.3,0.1,0.1,0.15,0.1,0.15,0.1
arithmetic,704,1.0,full,1,core_learning_training_aware,0.7364840422911964,0.3,0.1,0.1,0.15,0.1,0.15,0.1
geometric,704,0.0,traditional_ppo,3,core_learning_training_aware,0.49941492827321565,0.3,0.1,0.1,0.15,0.1,0.15,0.1
arithmetic,704,0.0,traditional_ppo,3,core_learning_training_aware,0.5914835579050186,0.3,0.1,0.1,0.15,0.1,0.15,0.1
geometric,704,0.0,a2c_pointer,2,core_learning_training_aware,0.6976696789376489,0.3,0.1,0.1,0.15,0.1,0.15,0.1
arithmetic,704,0.0,a2c_pointer,2,core_learning_training_aware,0.7327538450780711,0.3,0.1,0.1,0.15,0.1,0.15,0.1
geometric,705,1.0,full,1,core_learning_training_aware,0.699740439679284,0.3,0.1,0.1,0.15,0.1,0.2,0.05
arithmetic,705,1.0,full,1,core_learning_training_aware,0.737516142138203,0.3,0.1,0.1,0.15,0.1,0.2,0.05
geometric,705,0.0,traditional_ppo,3,core_learning_training_aware,0.5438021955816844,0.3,0.1,0.1,0.15,0.1,0.2,0.05
arithmetic,705,0.0,traditional_ppo,3,core_learning_training_aware,0.6318131705738538,0.3,0.1,0.1,0.15,0.1,0.2,0.05
geometric,705,0.0,a2c_pointer,2,core_learning_training_aware,0.6985238863837908,0.3,0.1,0.1,0.15,0.1,0.2,0.05
arithmetic,705,0.0,a2c_pointer,2,core_learning_training_aware,0.7339264684192652,0.3,0.1,0.1,0.15,0.1,0.2,0.05
geometric,706,1.0,full,1,core_learning_training_aware,0.6753344771485518,0.3,0.1,0.1,0.15,0.15,0.05,0.15
arithmetic,706,1.0,full,1,core_learning_training_aware,0.7114360964504447,0.3,0.1,0.1,0.15,0.15,0.05,0.15
geometric,706,0.0,traditional_ppo,3,core_learning_training_aware,0.4486477418787051,0.3,0.1,0.1,0.15,0.15,0.05,0.15
arithmetic,706,0.0,traditional_ppo,3,core_learning_training_aware,0.5335685882405903,0.3,0.1,0.1,0.15,0.15,0.05,0.15
geometric,706,0.0,a2c_pointer,2,core_learning_training_aware,0.6750421496770712,0.3,0.1,0.1,0.15,0.15,0.05,0.15
arithmetic,706,0.0,a2c_pointer,2,core_learning_training_aware,0.7087824159916444,0.3,0.1,0.1,0.15,0.15,0.05,0.15
geometric,707,1.0,full,1,core_learning_training_aware,0.6760492447401749,0.3,0.1,0.1,0.15,0.15,0.1,0.1
arithmetic,707,1.0,full,1,core_learning_training_aware,0.7124681962974515,0.3,0.1,0.1,0.15,0.15,0.1,0.1
geometric,707,0.0,traditional_ppo,3,core_learning_training_aware,0.4885228960215072,0.3,0.1,0.1,0.15,0.15,0.1,0.1
arithmetic,707,0.0,traditional_ppo,3,core_learning_training_aware,0.5738982009094253,0.3,0.1,0.1,0.15,0.15,0.1,0.1
geometric,707,0.0,a2c_pointer,2,core_learning_training_aware,0.6758686526026274,0.3,0.1,0.1,0.15,0.15,0.1,0.1
arithmetic,707,0.0,a2c_pointer,2,core_learning_training_aware,0.7099550393328387,0.3,0.1,0.1,0.15,0.15,0.1,0.1
geometric,708,1.0,full,1,core_learning_training_aware,0.676764768835023,0.3,0.1,0.1,0.15,0.15,0.15,0.05
arithmetic,708,1.0,full,1,core_learning_training_aware,0.7135002961444581,0.3,0.1,0.1,0.15,0.15,0.15,0.05
geometric,708,0.0,traditional_ppo,3,core_learning_training_aware,0.5319420954575144,0.3,0.1,0.1,0.15,0.15,0.15,0.05
arithmetic,708,0.0,traditional_ppo,3,core_learning_training_aware,0.6142278135782604,0.3,0.1,0.1,0.15,0.15,0.15,0.05
geometric,708,0.0,a2c_pointer,2,core_learning_training_aware,0.6766961674754914,0.3,0.1,0.1,0.15,0.15,0.15,0.05
arithmetic,708,0.0,a2c_pointer,2,core_learning_training_aware,0.7111276626740327,0.3,0.1,0.1,0.15,0.15,0.15,0.05
geometric,709,1.0,full,1,core_learning_training_aware,0.723856972535243,0.3,0.1,0.15,0.05,0.05,0.15,0.2
arithmetic,709,1.0,full,1,core_learning_training_aware,0.7619281374515301,0.3,0.1,0.15,0.05,0.05,0.15,0.2
geometric,709,0.0,traditional_ppo,3,core_learning_training_aware,0.4310886821324692,0.3,0.1,0.15,0.05,0.05,0.15,0.2
arithmetic,709,0.0,traditional_ppo,3,core_learning_training_aware,0.5295204930864283,0.3,0.1,0.15,0.05,0.05,0.15,0.2
geometric,709,0.0,a2c_pointer,2,core_learning_training_aware,0.7216183874834076,0.3,0.1,0.15,0.05,0.05,0.15,0.2
arithmetic,709,0.0,a2c_pointer,2,core_learning_training_aware,0.7573595652556551,0.3,0.1,0.15,0.05,0.05,0.15,0.2
geometric,710,1.0,full,1,core_learning_training_aware,0.7246230958747815,0.3,0.1,0.15,0.05,0.05,0.2,0.15
arithmetic,710,1.0,full,1,core_learning_training_aware,0.7629602372985371,0.3,0.1,0.15,0.05,0.05,0.2,0.15
geometric,710,0.0,traditional_ppo,3,core_learning_training_aware,0.46940321276460373,0.3,0.1,0.15,0.05,0.05,0.2,0.15
arithmetic,710,0.0,traditional_ppo,3,core_learning_training_aware,0.5698501057552635,0.3,0.1,0.15,0.05,0.05,0.2,0.15
geometric,710,0.0,a2c_pointer,2,core_learning_training_aware,0.722501917065487,0.3,0.1,0.15,0.05,0.05,0.2,0.15
arithmetic,710,0.0,a2c_pointer,2,core_learning_training_aware,0.7585321885968493,0.3,0.1,0.15,0.05,0.05,0.2,0.15
geometric,711,1.0,full,1,core_learning_training_aware,0.7000894458979149,0.3,0.1,0.15,0.05,0.1,0.1,0.2
arithmetic,711,1.0,full,1,core_learning_training_aware,0.7379122914577855,0.3,0.1,0.15,0.05,0.1,0.1,0.2
geometric,711,0.0,traditional_ppo,3,core_learning_training_aware,0.42168681694319987,0.3,0.1,0.15,0.05,0.1,0.1,0.2
arithmetic,711,0.0,traditional_ppo,3,core_learning_training_aware,0.5119351360908352,0.3,0.1,0.15,0.05,0.1,0.1,0.2
geometric,711,0.0,a2c_pointer,2,core_learning_training_aware,0.6990690035209043,0.3,0.1,0.15,0.05,0.1,0.1,0.2
arithmetic,711,0.0,a2c_pointer,2,core_learning_training_aware,0.7345607595104228,0.3,0.1,0.15,0.05,0.1,0.1,0.2
geometric,712,1.0,full,1,core_learning_training_aware,0.7008304139131686,0.3,0.1,0.15,0.05,0.1,0.15,0.15
arithmetic,712,1.0,full,1,core_learning_training_aware,0.7389443913047922,0.3,0.1,0.15,0.05,0.1,0.15,0.15
geometric,712,0.0,traditional_ppo,3,core_learning_training_aware,0.4591657235686649,0.3,0.1,0.15,0.05,0.1,0.15,0.15
arithmetic,712,0.0,traditional_ppo,3,core_learning_training_aware,0.5522647487596701,0.3,0.1,0.15,0.05,0.1,0.15,0.15
geometric,712,0.0,a2c_pointer,2,core_learning_training_aware,0.6999249242613382,0.3,0.1,0.15,0.05,0.1,0.15,0.15
arithmetic,712,0.0,a2c_pointer,2,core_learning_training_aware,0.7357333828516168,0.3,0.1,0.15,0.05,0.1,0.15,0.15
geometric,713,1.0,full,1,core_learning_training_aware,0.701572166161927,0.3,0.1,0.15,0.05,0.1,0.2,0.1
arithmetic,713,1.0,full,1,core_learning_training_aware,0.7399764911517989,0.3,0.1,0.15,0.05,0.1,0.2,0.1
geometric,713,0.0,traditional_ppo,3,core_learning_training_aware,0.49997570051789003,0.3,0.1,0.15,0.05,0.1,0.2,0.1
arithmetic,713,0.0,traditional_ppo,3,core_learning_training_aware,0.5925943614285051,0.3,0.1,0.15,0.05,0.1,0.2,0.1
geometric,713,0.0,a2c_pointer,2,core_learning_training_aware,0.7007818929674383,0.3,0.1,0.15,0.05,0.1,0.2,0.1
arithmetic,713,0.0,a2c_pointer,2,core_learning_training_aware,0.7369060061928109,0.3,0.1,0.15,0.05,0.1,0.2,0.1
geometric,714,0.0,full,2,core_learning_training_aware,0.6771023155873332,0.3,0.1,0.15,0.05,0.15,0.05,0.2
arithmetic,714,1.0,full,1,core_learning_training_aware,0.7138964454640404,0.3,0.1,0.15,0.05,0.15,0.05,0.2
geometric,714,0.0,traditional_ppo,3,core_learning_training_aware,0.41249000253049006,0.3,0.1,0.15,0.05,0.15,0.05,0.2
arithmetic,714,0.0,traditional_ppo,3,core_learning_training_aware,0.4943497790952417,0.3,0.1,0.15,0.05,0.15,0.05,0.2
geometric,714,1.0,a2c_pointer,1,core_learning_training_aware,0.6772242506014953,0.3,0.1,0.15,0.05,0.15,0.05,0.2
arithmetic,714,0.0,a2c_pointer,2,core_learning_training_aware,0.71176195376519,0.3,0.1,0.15,0.05,0.15,0.05,0.2
geometric,715,0.0,full,2,core_learning_training_aware,0.6778189542423566,0.3,0.1,0.15,0.05,0.15,0.1,0.15
arithmetic,715,1.0,full,1,core_learning_training_aware,0.7149285453110472,0.3,0.1,0.15,0.05,0.15,0.1,0.15
geometric,715,0.0,traditional_ppo,3,core_learning_training_aware,0.4491515097619585,0.3,0.1,0.15,0.05,0.15,0.1,0.15
arithmetic,715,0.0,traditional_ppo,3,core_learning_training_aware,0.5346793917640769,0.3,0.1,0.15,0.05,0.15,0.1,0.15
geometric,715,1.0,a2c_pointer,1,core_learning_training_aware,0.6780534252310313,0.3,0.1,0.15,0.05,0.15,0.1,0.15
arithmetic,715,0.0,a2c_pointer,2,core_learning_training_aware,0.7129345771063843,0.3,0.1,0.15,0.05,0.15,0.1,0.15
geometric,716,0.0,full,2,core_learning_training_aware,0.678536351380921,0.3,0.1,0.15,0.05,0.15,0.15,0.1
arithmetic,716,1.0,full,1,core_learning_training_aware,0.7159606451580539,0.3,0.1,0.15,0.05,0.15,0.15,0.1
geometric,716,0.0,traditional_ppo,3,core_learning_training_aware,0.48907143805633185,0.3,0.1,0.15,0.05,0.15,0.15,0.1
arithmetic,716,0.0,traditional_ppo,3,core_learning_training_aware,0.5750090044329117,0.3,0.1,0.15,0.05,0.15,0.15,0.1
geometric,716,1.0,a2c_pointer,1,core_learning_training_aware,0.6788836150790357,0.3,0.1,0.15,0.05,0.15,0.15,0.1
arithmetic,716,0.0,a2c_pointer,2,core_learning_training_aware,0.7141072004475782,0.3,0.1,0.15,0.05,0.15,0.15,0.1
geometric,717,0.0,full,2,core_learning_training_aware,0.6792545078057981,0.3,0.1,0.15,0.05,0.15,0.2,0.05
arithmetic,717,1.0,full,1,core_learning_training_aware,0.7169927450050606,0.3,0.1,0.15,0.05,0.15,0.2,0.05
geometric,717,0.0,traditional_ppo,3,core_learning_training_aware,0.532539391104919,0.3,0.1,0.15,0.05,0.15,0.2,0.05
arithmetic,717,0.0,traditional_ppo,3,core_learning_training_aware,0.6153386171017469,0.3,0.1,0.15,0.05,0.15,0.2,0.05
geometric,717,1.0,a2c_pointer,1,core_learning_training_aware,0.6797148213885135,0.3,0.1,0.15,0.05,0.15,0.2,0.05
arithmetic,717,0.0,a2c_pointer,2,core_learning_training_aware,0.7152798237887724,0.3,0.1,0.15,0.05,0.15,0.2,0.05
geometric,718,1.0,full,1,core_learning_training_aware,0.7214004278326505,0.3,0.1,0.15,0.1,0.05,0.1,0.2
arithmetic,718,1.0,full,1,core_learning_training_aware,0.7586875677171039,0.3,0.1,0.15,0.1,0.05,0.1,0.2
geometric,718,0.0,traditional_ppo,3,core_learning_training_aware,0.43020506115680474,0.3,0.1,0.15,0.1,0.05,0.1,0.2
arithmetic,718,0.0,traditional_ppo,3,core_learning_training_aware,0.5275378675806203,0.3,0.1,0.15,0.1,0.05,0.1,0.2
geometric,718,0.0,a2c_pointer,2,core_learning_training_aware,0.7191857525676086,0.3,0.1,0.15,0.1,0.05,0.1,0.2
arithmetic,718,0.0,a2c_pointer,2,core_learning_training_aware,0.7541919397802067,0.3,0.1,0.15,0.1,0.05,0.1,0.2
geometric,719,1.0,full,1,core_learning_training_aware,0.722163951188625,0.3,0.1,0.15,0.1,0.05,0.15,0.15
arithmetic,719,1.0,full,1,core_learning_training_aware,0.7597196675641107,0.3,0.1,0.15,0.1,0.05,0.15,0.15
geometric,719,0.0,traditional_ppo,3,core_learning_training_aware,0.46844105685090337,0.3,0.1,0.15,0.1,0.05,0.15,0.15
arithmetic,719,0.0,traditional_ppo,3,core_learning_training_aware,0.5678674802494552,0.3,0.1,0.15,0.1,0.05,0.15,0.15
geometric,719,0.0,a2c_pointer,2,core_learning_training_aware,0.720066303698823,0.3,0.1,0.15,0.1,0.05,0.15,0.15
arithmetic,719,0.0,a2c_pointer,2,core_learning_training_aware,0.7553645631214008,0.3,0.1,0.15,0.1,0.05,0.15,0.15
geometric,720,1.0,full,1,core_learning_training_aware,0.7229282826504624,0.3,0.1,0.15,0.1,0.05,0.2,0.1
arithmetic,720,1.0,full,1,core_learning_training_aware,0.7607517674111172,0.3,0.1,0.15,0.1,0.05,0.2,0.1
geometric,720,0.0,traditional_ppo,3,core_learning_training_aware,0.5100754118362384,0.3,0.1,0.15,0.1,0.05,0.2,0.1
arithmetic,720,0.0,traditional_ppo,3,core_learning_training_aware,0.6081970929182902,0.3,0.1,0.15,0.1,0.05,0.2,0.1
geometric,720,0.0,a2c_pointer,2,core_learning_training_aware,0.7209479329524723,0.3,0.1,0.15,0.1,0.05,0.2,0.1
arithmetic,720,0.0,a2c_pointer,2,core_learning_training_aware,0.7565371864625947,0.3,0.1,0.15,0.1,0.05,0.2,0.1
geometric,721,1.0,full,1,core_learning_training_aware,0.6977135607646434,0.3,0.1,0.15,0.1,0.1,0.05,0.2
arithmetic,721,1.0,full,1,core_learning_training_aware,0.734671721723359,0.3,0.1,0.15,0.1,0.1,0.05,0.2
geometric,721,0.0,traditional_ppo,3,core_learning_training_aware,0.4208224673741763,0.3,0.1,0.15,0.1,0.1,0.05,0.2
arithmetic,721,0.0,traditional_ppo,3,core_learning_training_aware,0.5099525105850269,0.3,0.1,0.15,0.1,0.1,0.05,0.2
geometric,721,0.0,a2c_pointer,2,core_learning_training_aware,0.6967123844324573,0.3,0.1,0.15,0.1,0.1,0.05,0.2
arithmetic,721,0.0,a2c_pointer,2,core_learning_training_aware,0.7313931340349742,0.3,0.1,0.15,0.1,0.1,0.05,0.2
geometric,722,1.0,full,1,core_learning_training_aware,0.6984520141656546,0.3,0.1,0.15,0.1,0.1,0.1,0.15
arithmetic,722,1.0,full,1,core_learning_training_aware,0.7357038215703657,0.3,0.1,0.15,0.1,0.1,0.1,0.15
geometric,722,0.0,traditional_ppo,3,core_learning_training_aware,0.45822455187599975,0.3,0.1,0.15,0.1,0.1,0.1,0.15
arithmetic,722,0.0,traditional_ppo,3,core_learning_training_aware,0.5502821232538619,0.3,0.1,0.15,0.1,0.1,0.1,0.15
geometric,722,0.0,a2c_pointer,2,core_learning_training_aware,0.6975654197937013,0.3,0.1,0.15,0.1,0.1,0.1,0.15
arithmetic,722,0.0,a2c_pointer,2,core_learning_training_aware,0.7325657573761682,0.3,0.1,0.15,0.1,0.1,0.1,0.15
geometric,723,1.0,full,1,core_learning_training_aware,0.6991912491387265,0.3,0.1,0.15,0.1,0.1,0.15,0.1
arithmetic,723,1.0,full,1,core_learning_training_aware,0.7367359214173725,0.3,0.1,0.15,0.1,0.1,0.15,0.1
geometric,723,0.0,traditional_ppo,3,core_learning_training_aware,0.49895087886375905,0.3,0.1,0.15,0.1,0.1,0.15,0.1
arithmetic,723,0.0,traditional_ppo,3,core_learning_training_aware,0.5906117359226969,0.3,0.1,0.15,0.1,0.1,0.15,0.1
geometric,723,0.0,a2c_pointer,2,core_learning_training_aware,0.698419499587833,0.3,0.1,0.15,0.1,0.1,0.15,0.1
arithmetic,723,0.0,a2c_pointer,2,core_learning_training_aware,0.7337383807173623,0.3,0.1,0.15,0.1,0.1,0.15,0.1
geometric,724,1.0,full,1,core_learning_training_aware,0.6999312665110675,0.3,0.1,0.15,0.1,0.1,0.2,0.05
arithmetic,724,1.0,full,1,core_learning_training_aware,0.7377680212643792,0.3,0.1,0.15,0.1,0.1,0.2,0.05
geometric,724,0.0,traditional_ppo,3,core_learning_training_aware,0.5432969021404302,0.3,0.1,0.15,0.1,0.1,0.2,0.05
arithmetic,724,0.0,traditional_ppo,3,core_learning_training_aware,0.6309413485915321,0.3,0.1,0.15,0.1,0.1,0.2,0.05
geometric,724,0.0,a2c_pointer,2,core_learning_training_aware,0.6992746250936269,0.3,0.1,0.15,0.1,0.1,0.2,0.05
arithmetic,724,0.0,a2c_pointer,2,core_learning_training_aware,0.7349110040585565,0.3,0.1,0.15,0.1,0.1,0.2,0.05
geometric,725,0.0,full,2,core_learning_training_aware,0.6755186482087917,0.3,0.1,0.15,0.1,0.15,0.05,0.15
arithmetic,725,1.0,full,1,core_learning_training_aware,0.7116879755766209,0.3,0.1,0.15,0.1,0.15,0.05,0.15
geometric,725,0.0,traditional_ppo,3,core_learning_training_aware,0.44823086463317957,0.3,0.1,0.15,0.1,0.15,0.05,0.15
arithmetic,725,0.0,traditional_ppo,3,core_learning_training_aware,0.5326967662582686,0.3,0.1,0.15,0.1,0.15,0.05,0.15
geometric,725,1.0,a2c_pointer,1,core_learning_training_aware,0.6757676513849041,0.3,0.1,0.15,0.1,0.15,0.05,0.15
arithmetic,725,0.0,a2c_pointer,2,core_learning_training_aware,0.7097669516309357,0.3,0.1,0.15,0.1,0.15,0.05,0.15
geometric,726,0.0,full,2,core_learning_training_aware,0.6762336107253144,0.3,0.1,0.15,0.1,0.15,0.1,0.1
arithmetic,726,1.0,full,1,core_learning_training_aware,0.7127200754236276,0.3,0.1,0.15,0.1,0.15,0.1,0.1
geometric,726,0.0,traditional_ppo,3,core_learning_training_aware,0.48806896733701904,0.3,0.1,0.15,0.1,0.15,0.1,0.1
arithmetic,726,0.0,traditional_ppo,3,core_learning_training_aware,0.5730263789271036,0.3,0.1,0.15,0.1,0.15,0.1,0.1
geometric,726,1.0,a2c_pointer,1,core_learning_training_aware,0.6765950425946724,0.3,0.1,0.15,0.1,0.15,0.1,0.1
arithmetic,726,0.0,a2c_pointer,2,core_learning_training_aware,0.7109395749721299,0.3,0.1,0.15,0.1,0.15,0.1,0.1
geometric,727,0.0,full,2,core_learning_training_aware,0.6769493299513688,0.3,0.1,0.15,0.1,0.15,0.15,0.05
arithmetic,727,1.0,full,1,core_learning_training_aware,0.7137521752706344,0.3,0.1,0.15,0.1,0.15,0.15,0.05
geometric,727,0.0,traditional_ppo,3,core_learning_training_aware,0.5314478222564395,0.3,0.1,0.15,0.1,0.15,0.15,0.05
arithmetic,727,0.0,traditional_ppo,3,core_learning_training_aware,0.6133559915959387,0.3,0.1,0.15,0.1,0.15,0.15,0.05
geometric,727,1.0,a2c_pointer,1,core_learning_training_aware,0.6774234468393391,0.3,0.1,0.15,0.1,0.15,0.15,0.05
arithmetic,727,0.0,a2c_pointer,2,core_learning_training_aware,0.7121121983133241,0.3,0.1,0.15,0.1,0.15,0.15,0.05
geometric,728,1.0,full,1,core_learning_training_aware,0.7189522198762729,0.3,0.1,0.15,0.15,0.05,0.05,0.2
arithmetic,728,1.0,full,1,core_learning_training_aware,0.7554469979826773,0.3,0.1,0.15,0.15,0.05,0.05,0.2
geometric,728,0.0,traditional_ppo,3,core_learning_training_aware,0.4293232513769826,0.3,0.1,0.15,0.15,0.05,0.05,0.2
arithmetic,728,0.0,traditional_ppo,3,core_learning_training_aware,0.5255552420748119,0.3,0.1,0.15,0.15,0.05,0.05,0.2
geometric,728,0.0,a2c_pointer,2,core_learning_training_aware,0.7167613182641227,0.3,0.1,0.15,0.15,0.05,0.05,0.2
arithmetic,728,0.0,a2c_pointer,2,core_learning_training_aware,0.7510243143047579,0.3,0.1,0.15,0.15,0.05,0.05,0.2
geometric,729,1.0,full,1,core_learning_training_aware,0.7197131520722163,0.3,0.1,0.15,0.15,0.05,0.1,0.15
arithmetic,729,1.0,full,1,core_learning_training_aware,0.7564790978296843,0.3,0.1,0.15,0.15,0.05,0.1,0.15
geometric,729,0.0,traditional_ppo,3,core_learning_training_aware,0.4674808731094785,0.3,0.1,0.15,0.15,0.05,0.1,0.15
arithmetic,729,0.0,traditional_ppo,3,core_learning_training_aware,0.565884854743647,0.3,0.1,0.15,0.15,0.05,0.1,0.15
geometric,729,0.0,a2c_pointer,2,core_learning_training_aware,0.7176389009850744,0.3,0.1,0.15,0.15,0.05,0.1,0.15
arithmetic,729,0.0,a2c_pointer,2,core_learning_training_aware,0.7521969376459522,0.3,0.1,0.15,0.15,0.05,0.1,0.15
geometric,730,1.0,full,1,core_learning_training_aware,0.7204748896315635,0.3,0.1,0.15,0.15,0.05,0.15,0.1
arithmetic,730,1.0,full,1,core_learning_training_aware,0.7575111976766908,0.3,0.1,0.15,0.15,0.05,0.15,0.1
geometric,730,0.0,traditional_ppo,3,core_learning_training_aware,0.5090298883703018,0.3,0.1,0.15,0.15,0.05,0.15,0.1
arithmetic,730,0.0,traditional_ppo,3,core_learning_training_aware,0.6062144674124819,0.3,0.1,0.15,0.15,0.05,0.15,0.1
geometric,730,0.0,a2c_pointer,2,core_learning_training_aware,0.7185175581940221,0.3,0.1,0.15,0.15,0.05,0.15,0.1
arithmetic,730,0.0,a2c_pointer,2,core_learning_training_aware,0.7533695609871462,0.3,0.1,0.15,0.15,0.05,0.15,0.1
geometric,731,1.0,full,1,core_learning_training_aware,0.7212374334067031,0.3,0.1,0.15,0.15,0.05,0.2,0.05
arithmetic,731,1.0,full,1,core_learning_training_aware,0.7585432975236975,0.3,0.1,0.15,0.15,0.05,0.2,0.05
geometric,731,0.0,traditional_ppo,3,core_learning_training_aware,0.554271719248717,0.3,0.1,0.15,0.15,0.05,0.2,0.05
arithmetic,731,0.0,traditional_ppo,3,core_learning_training_aware,0.646544080081317,0.3,0.1,0.15,0.15,0.05,0.2,0.05
geometric,731,0.0,a2c_pointer,2,core_learning_training_aware,0.7193972912065383,0.3,0.1,0.15,0.15,0.05,0.2,0.05
arithmetic,731,0.0,a2c_pointer,2,core_learning_training_aware,0.7545421843283403,0.3,0.1,0.15,0.15,0.05,0.2,0.05
geometric,732,1.0,full,1,core_learning_training_aware,0.6960816859647612,0.3,0.1,0.15,0.15,0.1,0.05,0.15
arithmetic,732,1.0,full,1,core_learning_training_aware,0.7324632518359393,0.3,0.1,0.15,0.15,0.1,0.05,0.15
geometric,732,0.0,traditional_ppo,3,core_learning_training_aware,0.45728530934335165,0.3,0.1,0.15,0.15,0.1,0.05,0.15
arithmetic,732,0.0,traditional_ppo,3,core_learning_training_aware,0.5482994977480536,0.3,0.1,0.15,0.15,0.1,0.05,0.15
geometric,732,0.0,a2c_pointer,2,core_learning_training_aware,0.6952138694096237,0.3,0.1,0.15,0.15,0.1,0.05,0.15
arithmetic,732,0.0,a2c_pointer,2,core_learning_training_aware,0.7293981319007197,0.3,0.1,0.15,0.15,0.1,0.05,0.15
geometric,733,1.0,full,1,core_learning_training_aware,0.696818412204995,0.3,0.1,0.15,0.15,0.1,0.1,0.1
arithmetic,733,1.0,full,1,core_learning_training_aware,0.7334953516829461,0.3,0.1,0.15,0.15,0.1,0.1,0.1
geometric,733,0.0,traditional_ppo,3,core_learning_training_aware,0.49792815783056166,0.3,0.1,0.15,0.15,0.1,0.1,0.1
arithmetic,733,0.0,traditional_ppo,3,core_learning_training_aware,0.5886291104168887,0.3,0.1,0.15,0.15,0.1,0.1,0.1
geometric,733,0.0,a2c_pointer,2,core_learning_training_aware,0.6960650700305467,0.3,0.1,0.15,0.15,0.1,0.1,0.1
arithmetic,733,0.0,a2c_pointer,2,core_learning_training_aware,0.7305707552419138,0.3,0.1,0.15,0.15,0.1,0.1,0.1
geometric,734,1.0,full,1,core_learning_training_aware,0.697555918189279,0.3,0.1,0.15,0.15,0.1,0.15,0.05
arithmetic,734,1.0,full,1,core_learning_training_aware,0.7345274515299527,0.3,0.1,0.15,0.15,0.1,0.15,0.05
geometric,734,0.0,traditional_ppo,3,core_learning_training_aware,0.5421832831598298,0.3,0.1,0.15,0.15,0.1,0.15,0.05
arithmetic,734,0.0,traditional_ppo,3,core_learning_training_aware,0.6289587230857238,0.3,0.1,0.15,0.15,0.1,0.15,0.05
geometric,734,0.0,a2c_pointer,2,core_learning_training_aware,0.6969173128379521,0.3,0.1,0.15,0.15,0.1,0.15,0.05
arithmetic,734,0.0,a2c_pointer,2,core_learning_training_aware,0.731743378583108,0.3,0.1,0.15,0.15,0.1,0.15,0.05
geometric,735,0.0,full,2,core_learning_training_aware,0.673938684852978,0.3,0.1,0.15,0.15,0.15,0.05,0.1
arithmetic,735,1.0,full,1,core_learning_training_aware,0.709479505689201,0.3,0.1,0.15,0.15,0.15,0.05,0.1
geometric,735,0.0,traditional_ppo,3,core_learning_training_aware,0.4870685514249695,0.3,0.1,0.15,0.15,0.15,0.05,0.1
arithmetic,735,0.0,traditional_ppo,3,core_learning_training_aware,0.5710437534212952,0.3,0.1,0.15,0.15,0.15,0.05,0.1
geometric,735,1.0,a2c_pointer,1,core_learning_training_aware,0.674314185076321,0.3,0.1,0.15,0.15,0.15,0.05,0.1
arithmetic,735,0.0,a2c_pointer,2,core_learning_training_aware,0.7077719494966811,0.3,0.1,0.15,0.15,0.15,0.05,0.1
geometric,736,0.0,full,2,core_learning_training_aware,0.6746519751513023,0.3,0.1,0.15,0.15,0.15,0.1,0.05
arithmetic,736,1.0,full,1,core_learning_training_aware,0.710511605536208,0.3,0.1,0.15,0.15,0.15,0.1,0.05
geometric,736,0.0,traditional_ppo,3,core_learning_training_aware,0.5303584908434829,0.3,0.1,0.15,0.15,0.15,0.1,0.05
arithmetic,736,0.0,traditional_ppo,3,core_learning_training_aware,0.6113733660901305,0.3,0.1,0.15,0.15,0.15,0.1,0.05
geometric,736,1.0,a2c_pointer,1,core_learning_training_aware,0.6751397967021672,0.3,0.1,0.15,0.15,0.15,0.1,0.05
arithmetic,736,0.0,a2c_pointer,2,core_learning_training_aware,0.7089445728378754,0.3,0.1,0.15,0.15,0.15,0.1,0.05
geometric,737,1.0,full,1,core_learning_training_aware,0.7215971615788861,0.3,0.1,0.2,0.05,0.05,0.1,0.2
arithmetic,737,1.0,full,1,core_learning_training_aware,0.75893944684328,0.3,0.1,0.2,0.05,0.05,0.1,0.2
geometric,737,0.0,traditional_ppo,3,core_learning_training_aware,0.4298053205938518,0.3,0.1,0.2,0.05,0.05,0.1,0.2
arithmetic,737,0.0,traditional_ppo,3,core_learning_training_aware,0.5266660455982985,0.3,0.1,0.2,0.05,0.05,0.1,0.2
geometric,737,0.0,a2c_pointer,2,core_learning_training_aware,0.7199586976229456,0.3,0.1,0.2,0.05,0.05,0.1,0.2
arithmetic,737,0.0,a2c_pointer,2,core_learning_training_aware,0.755176475419498,0.3,0.1,0.2,0.05,0.05,0.1,0.2
geometric,738,1.0,full,1,core_learning_training_aware,0.7223608931559877,0.3,0.1,0.2,0.05,0.05,0.15,0.15
arithmetic,738,1.0,full,1,core_learning_training_aware,0.7599715466902867,0.3,0.1,0.2,0.05,0.05,0.15,0.15
geometric,738,0.0,traditional_ppo,3,core_learning_training_aware,0.4680057879322339,0.3,0.1,0.2,0.05,0.05,0.15,0.15
arithmetic,738,0.0,traditional_ppo,3,core_learning_training_aware,0.5669956582671335,0.3,0.1,0.2,0.05,0.05,0.15,0.15
geometric,738,0.0,a2c_pointer,2,core_learning_training_aware,0.7208401951266936,0.3,0.1,0.2,0.05,0.05,0.15,0.15
arithmetic,738,0.0,a2c_pointer,2,core_learning_training_aware,0.756349098760692,0.3,0.1,0.2,0.05,0.05,0.15,0.15
geometric,739,1.0,full,1,core_learning_training_aware,0.7231254330593314,0.3,0.1,0.2,0.05,0.05,0.2,0.1
arithmetic,739,1.0,full,1,core_learning_training_aware,0.7610036465372934,0.3,0.1,0.2,0.05,0.05,0.2,0.1
geometric,739,0.0,traditional_ppo,3,core_learning_training_aware,0.5096014568536363,0.3,0.1,0.2,0.05,0.05,0.2,0.1
arithmetic,739,0.0,traditional_ppo,3,core_learning_training_aware,0.6073252709359686,0.3,0.1,0.2,0.05,0.05,0.2,0.1
geometric,739,0.0,a2c_pointer,2,core_learning_training_aware,0.7217227719115888,0.3,0.1,0.2,0.05,0.05,0.2,0.1
arithmetic,739,0.0,a2c_pointer,2,core_learning_training_aware,0.7575217221018862,0.3,0.1,0.2,0.05,0.05,0.2,0.1
geometric,740,1.0,full,1,core_learning_training_aware,0.6979038348444926,0.3,0.1,0.2,0.05,0.1,0.05,0.2
arithmetic,740,1.0,full,1,core_learning_training_aware,0.7349236008495352,0.3,0.1,0.2,0.05,0.1,0.05,0.2
geometric,740,0.0,traditional_ppo,3,core_learning_training_aware,0.4204314449869476,0.3,0.1,0.2,0.05,0.1,0.05,0.2
arithmetic,740,0.0,traditional_ppo,3,core_learning_training_aware,0.5090806886027052,0.3,0.1,0.2,0.05,0.1,0.05,0.2
geometric,740,0.0,a2c_pointer,2,core_learning_training_aware,0.6974611762301487,0.3,0.1,0.2,0.05,0.1,0.05,0.2
arithmetic,740,0.0,a2c_pointer,2,core_learning_training_aware,0.7323776696742654,0.3,0.1,0.2,0.05,0.1,0.05,0.2
geometric,741,1.0,full,1,core_learning_training_aware,0.6986424896297813,0.3,0.1,0.2,0.05,0.1,0.1,0.15
arithmetic,741,1.0,full,1,core_learning_training_aware,0.735955700696542,0.3,0.1,0.2,0.05,0.1,0.1,0.15
geometric,741,0.0,traditional_ppo,3,core_learning_training_aware,0.45779877599174296,0.3,0.1,0.2,0.05,0.1,0.1,0.15
arithmetic,741,0.0,traditional_ppo,3,core_learning_training_aware,0.5494103012715403,0.3,0.1,0.2,0.05,0.1,0.1,0.15
geometric,741,0.0,a2c_pointer,2,core_learning_training_aware,0.6983151283913461,0.3,0.1,0.2,0.05,0.1,0.1,0.15
arithmetic,741,0.0,a2c_pointer,2,core_learning_training_aware,0.7335502930154597,0.3,0.1,0.2,0.05,0.1,0.1,0.15
geometric,742,1.0,full,1,core_learning_training_aware,0.6993819262002741,0.3,0.1,0.2,0.05,0.1,0.15,0.1
arithmetic,742,1.0,full,1,core_learning_training_aware,0.7369878005435486,0.3,0.1,0.2,0.05,0.1,0.15,0.1
geometric,742,0.0,traditional_ppo,3,core_learning_training_aware,0.49848726064256343,0.3,0.1,0.2,0.05,0.1,0.15,0.1
arithmetic,742,0.0,traditional_ppo,3,core_learning_training_aware,0.5897399139403752,0.3,0.1,0.2,0.05,0.1,0.15,0.1
geometric,742,0.0,a2c_pointer,2,core_learning_training_aware,0.6991701261079358,0.3,0.1,0.2,0.05,0.1,0.15,0.1
arithmetic,742,0.0,a2c_pointer,2,core_learning_training_aware,0.7347229163566537,0.3,0.1,0.2,0.05,0.1,0.15,0.1
geometric,743,1.0,full,1,core_learning_training_aware,0.7001221453834047,0.3,0.1,0.2,0.05,0.1,0.2,0.05
arithmetic,743,1.0,full,1,core_learning_training_aware,0.7380199003905553,0.3,0.1,0.2,0.05,0.1,0.2,0.05
geometric,743,0.0,traditional_ppo,3,core_learning_training_aware,0.5427920782108181,0.3,0.1,0.2,0.05,0.1,0.2,0.05
arithmetic,743,0.0,traditional_ppo,3,core_learning_training_aware,0.6300695266092103,0.3,0.1,0.2,0.05,0.1,0.2,0.05
geometric,743,0.0,a2c_pointer,2,core_learning_training_aware,0.7000261706600666,0.3,0.1,0.2,0.05,0.1,0.2,0.05
arithmetic,743,0.0,a2c_pointer,2,core_learning_training_aware,0.7358955396978478,0.3,0.1,0.2,0.05,0.1,0.2,0.05
geometric,744,0.0,full,2,core_learning_training_aware,0.6757028694944839,0.3,0.1,0.2,0.05,0.15,0.05,0.15
arithmetic,744,1.0,full,1,core_learning_training_aware,0.711939854702797,0.3,0.1,0.2,0.05,0.15,0.05,0.15
geometric,744,0.0,traditional_ppo,3,core_learning_training_aware,0.447814374744196,0.3,0.1,0.2,0.05,0.15,0.05,0.15
arithmetic,744,0.0,traditional_ppo,3,core_learning_training_aware,0.5318249442759468,0.3,0.1,0.2,0.05,0.15,0.05,0.15
geometric,744,1.0,a2c_pointer,1,core_learning_training_aware,0.6764939328258669,0.3,0.1,0.2,0.05,0.15,0.05,0.15
arithmetic,744,0.0,a2c_pointer,2,core_learning_training_aware,0.710751487270227,0.3,0.1,0.2,0.05,0.15,0.05,0.15
geometric,745,0.0,full,2,core_learning_training_aware,0.6764180269890644,0.3,0.1,0.2,0.05,0.15,0.1,0.1
arithmetic,745,1.0,full,1,core_learning_training_aware,0.7129719545498038,0.3,0.1,0.2,0.05,0.15,0.1,0.1
geometric,745,0.0,traditional_ppo,3,core_learning_training_aware,0.4876154604367549,0.3,0.1,0.2,0.05,0.15,0.1,0.1
arithmetic,745,0.0,traditional_ppo,3,core_learning_training_aware,0.5721545569447819,0.3,0.1,0.2,0.05,0.15,0.1,0.1
geometric,745,1.0,a2c_pointer,1,core_learning_training_aware,0.6773222132745309,0.3,0.1,0.2,0.05,0.15,0.1,0.1
arithmetic,745,0.0,a2c_pointer,2,core_learning_training_aware,0.7119241106114212,0.3,0.1,0.2,0.05,0.15,0.1,0.1
geometric,746,0.0,full,2,core_learning_training_aware,0.6771339413995395,0.3,0.1,0.2,0.05,0.15,0.15,0.05
arithmetic,746,1.0,full,1,core_learning_training_aware,0.7140040543968104,0.3,0.1,0.2,0.05,0.15,0.15,0.05
geometric,746,0.0,traditional_ppo,3,core_learning_training_aware,0.5309540083271527,0.3,0.1,0.2,0.05,0.15,0.15,0.05
arithmetic,746,0.0,traditional_ppo,3,core_learning_training_aware,0.612484169613617,0.3,0.1,0.2,0.05,0.15,0.15,0.05
geometric,746,1.0,a2c_pointer,1,core_learning_training_aware,0.6781515078468527,0.3,0.1,0.2,0.05,0.15,0.15,0.05
arithmetic,746,0.0,a2c_pointer,2,core_learning_training_aware,0.7130967339526153,0.3,0.1,0.2,0.05,0.15,0.15,0.05
geometric,747,1.0,full,1,core_learning_training_aware,0.7191482859695598,0.3,0.1,0.2,0.1,0.05,0.05,0.2
arithmetic,747,1.0,full,1,core_learning_training_aware,0.7556988771088535,0.3,0.1,0.2,0.1,0.05,0.05,0.2
geometric,747,0.0,traditional_ppo,3,core_learning_training_aware,0.4289243301794197,0.3,0.1,0.2,0.1,0.05,0.05,0.2
arithmetic,747,0.0,traditional_ppo,3,core_learning_training_aware,0.5246834200924902,0.3,0.1,0.2,0.1,0.05,0.05,0.2
geometric,747,0.0,a2c_pointer,2,core_learning_training_aware,0.7175316576581263,0.3,0.1,0.2,0.1,0.05,0.05,0.2
arithmetic,747,0.0,a2c_pointer,2,core_learning_training_aware,0.7520088499440494,0.3,0.1,0.2,0.1,0.05,0.05,0.2
geometric,748,1.0,full,1,core_learning_training_aware,0.7199094256799927,0.3,0.1,0.2,0.1,0.05,0.1,0.15
arithmetic,748,1.0,full,1,core_learning_training_aware,0.7567309769558606,0.3,0.1,0.2,0.1,0.05,0.1,0.15
geometric,748,0.0,traditional_ppo,3,core_learning_training_aware,0.46704649638019496,0.3,0.1,0.2,0.1,0.05,0.1,0.15
arithmetic,748,0.0,traditional_ppo,3,core_learning_training_aware,0.5650130327613254,0.3,0.1,0.2,0.1,0.05,0.1,0.15
geometric,748,0.0,a2c_pointer,2,core_learning_training_aware,0.7184101835613123,0.3,0.1,0.2,0.1,0.05,0.1,0.15
arithmetic,748,0.0,a2c_pointer,2,core_learning_training_aware,0.7531814732852437,0.3,0.1,0.2,0.1,0.05,0.1,0.15
geometric,749,1.0,full,1,core_learning_training_aware,0.7206713709734608,0.3,0.1,0.2,0.1,0.05,0.15,0.1
arithmetic,749,1.0,full,1,core_learning_training_aware,0.7577630768028669,0.3,0.1,0.2,0.1,0.05,0.15,0.1
geometric,749,0.0,traditional_ppo,3,core_learning_training_aware,0.5085569048735715,0.3,0.1,0.2,0.1,0.05,0.15,0.1
arithmetic,749,0.0,traditional_ppo,3,core_learning_training_aware,0.6053426454301603,0.3,0.1,0.2,0.1,0.05,0.15,0.1
geometric,749,0.0,a2c_pointer,2,core_learning_training_aware,0.7192897851073,0.3,0.1,0.2,0.1,0.05,0.15,0.1
arithmetic,749,0.0,a2c_pointer,2,core_learning_training_aware,0.7543540966264377,0.3,0.1,0.2,0.1,0.05,0.15,0.1
geometric,750,1.0,full,1,core_learning_training_aware,0.7214341227025852,0.3,0.1,0.2,0.1,0.05,0.2,0.05
arithmetic,750,1.0,full,1,core_learning_training_aware,0.7587951766498737,0.3,0.1,0.2,0.1,0.05,0.2,0.05
geometric,750,0.0,traditional_ppo,3,core_learning_training_aware,0.5537566976715983,0.3,0.1,0.2,0.1,0.05,0.2,0.05
arithmetic,750,0.0,traditional_ppo,3,core_learning_training_aware,0.6456722580989954,0.3,0.1,0.2,0.1,0.05,0.2,0.05
geometric,750,0.0,a2c_pointer,2,core_learning_training_aware,0.7201704636130768,0.3,0.1,0.2,0.1,0.05,0.2,0.05
arithmetic,750,0.0,a2c_pointer,2,core_learning_training_aware,0.7555267199676318,0.3,0.1,0.2,0.1,0.05,0.2,0.05
geometric,751,1.0,full,1,core_learning_training_aware,0.6962715150145958,0.3,0.1,0.2,0.1,0.1,0.05,0.15
arithmetic,751,1.0,full,1,core_learning_training_aware,0.7327151309621156,0.3,0.1,0.2,0.1,0.1,0.05,0.15
geometric,751,0.0,traditional_ppo,3,core_learning_training_aware,0.4568604061902007,0.3,0.1,0.2,0.1,0.1,0.05,0.15
arithmetic,751,0.0,traditional_ppo,3,core_learning_training_aware,0.547427675765732,0.3,0.1,0.2,0.1,0.1,0.05,0.15
geometric,751,0.0,a2c_pointer,2,core_learning_training_aware,0.6959610506779447,0.3,0.1,0.2,0.1,0.1,0.05,0.15
arithmetic,751,0.0,a2c_pointer,2,core_learning_training_aware,0.7303826675400111,0.3,0.1,0.2,0.1,0.1,0.05,0.15
geometric,752,1.0,full,1,core_learning_training_aware,0.6970084421680917,0.3,0.1,0.2,0.1,0.1,0.1,0.1
arithmetic,752,1.0,full,1,core_learning_training_aware,0.7337472308091224,0.3,0.1,0.2,0.1,0.1,0.1,0.1
geometric,752,0.0,traditional_ppo,3,core_learning_training_aware,0.4974654899075342,0.3,0.1,0.2,0.1,0.1,0.1,0.1
arithmetic,752,0.0,traditional_ppo,3,core_learning_training_aware,0.5877572884345671,0.3,0.1,0.2,0.1,0.1,0.1,0.1
geometric,752,0.0,a2c_pointer,2,core_learning_training_aware,0.6968131661269336,0.3,0.1,0.2,0.1,0.1,0.1,0.1
arithmetic,752,0.0,a2c_pointer,2,core_learning_training_aware,0.7315552908812053,0.3,0.1,0.2,0.1,0.1,0.1,0.1
geometric,753,1.0,full,1,core_learning_training_aware,0.6977461492782824,0.3,0.1,0.2,0.1,0.1,0.15,0.05
arithmetic,753,1.0,full,1,core_learning_training_aware,0.734779330656129,0.3,0.1,0.2,0.1,0.1,0.15,0.05
geometric,753,0.0,traditional_ppo,3,core_learning_training_aware,0.541679493989495,0.3,0.1,0.2,0.1,0.1,0.15,0.05
arithmetic,753,0.0,traditional_ppo,3,core_learning_training_aware,0.6280869011034022,0.3,0.1,0.2,0.1,0.1,0.15,0.05
geometric,753,0.0,a2c_pointer,2,core_learning_training_aware,0.697666324882495,0.3,0.1,0.2,0.1,0.1,0.15,0.05
arithmetic,753,0.0,a2c_pointer,2,core_learning_training_aware,0.7327279142223995,0.3,0.1,0.2,0.1,0.1,0.15,0.05
geometric,754,0.0,full,2,core_learning_training_aware,0.6741224752654714,0.3,0.1,0.2,0.1,0.15,0.05,0.1
arithmetic,754,1.0,full,1,core_learning_training_aware,0.7097313848153773,0.3,0.1,0.2,0.1,0.15,0.05,0.1
geometric,754,0.0,traditional_ppo,3,core_learning_training_aware,0.486615974097265,0.3,0.1,0.2,0.1,0.15,0.05,0.1
arithmetic,754,0.0,traditional_ppo,3,core_learning_training_aware,0.5701719314389736,0.3,0.1,0.2,0.1,0.15,0.05,0.1
geometric,754,1.0,a2c_pointer,1,core_learning_training_aware,0.6750389044040295,0.3,0.1,0.2,0.1,0.15,0.05,0.1
arithmetic,754,0.0,a2c_pointer,2,core_learning_training_aware,0.7087564851359726,0.3,0.1,0.2,0.1,0.15,0.05,0.1
geometric,755,0.0,full,2,core_learning_training_aware,0.6748359600858211,0.3,0.1,0.2,0.1,0.15,0.1,0.05
arithmetic,755,1.0,full,1,core_learning_training_aware,0.7107634846623843,0.3,0.1,0.2,0.1,0.15,0.1,0.05
geometric,755,0.0,traditional_ppo,3,core_learning_training_aware,0.5298656891058032,0.3,0.1,0.2,0.1,0.15,0.1,0.05
arithmetic,755,0.0,traditional_ppo,3,core_learning_training_aware,0.6105015441078089,0.3,0.1,0.2,0.1,0.15,0.1,0.05
geometric,755,1.0,a2c_pointer,1,core_learning_training_aware,0.6758654033561631,0.3,0.1,0.2,0.1,0.15,0.1,0.05
arithmetic,755,0.0,a2c_pointer,2,core_learning_training_aware,0.7099291084771668,0.3,0.1,0.2,0.1,0.15,0.1,0.05
geometric,756,1.0,full,1,core_learning_training_aware,0.7174662777196898,0.3,0.1,0.2,0.15,0.05,0.05,0.15
arithmetic,756,1.0,full,1,core_learning_training_aware,0.7534904072214339,0.3,0.1,0.2,0.15,0.05,0.05,0.15
geometric,756,0.0,traditional_ppo,3,core_learning_training_aware,0.4660891711292267,0.3,0.1,0.2,0.15,0.05,0.05,0.15
arithmetic,756,0.0,traditional_ppo,3,core_learning_training_aware,0.563030407255517,0.3,0.1,0.2,0.15,0.05,0.05,0.15
geometric,756,0.0,a2c_pointer,2,core_learning_training_aware,0.715988363764714,0.3,0.1,0.2,0.15,0.05,0.05,0.15
arithmetic,756,0.0,a2c_pointer,2,core_learning_training_aware,0.7500138478097949,0.3,0.1,0.2,0.15,0.05,0.05,0.15
geometric,757,1.0,full,1,core_learning_training_aware,0.7182256372085786,0.3,0.1,0.2,0.15,0.05,0.1,0.1
arithmetic,757,1.0,full,1,core_learning_training_aware,0.7545225070684407,0.3,0.1,0.2,0.15,0.05,0.1,0.1
geometric,757,0.0,traditional_ppo,3,core_learning_training_aware,0.5075144939565361,0.3,0.1,0.2,0.15,0.05,0.1,0.1
arithmetic,757,0.0,traditional_ppo,3,core_learning_training_aware,0.6033600199243521,0.3,0.1,0.2,0.15,0.05,0.1,0.1
geometric,757,0.0,a2c_pointer,2,core_learning_training_aware,0.7168650001015692,0.3,0.1,0.2,0.15,0.05,0.1,0.1
arithmetic,757,0.0,a2c_pointer,2,core_learning_training_aware,0.751186471150989,0.3,0.1,0.2,0.15,0.05,0.1,0.1
geometric,758,1.0,full,1,core_learning_training_aware,0.7189858003963326,0.3,0.1,0.2,0.15,0.05,0.15,0.05
arithmetic,758,1.0,full,1,core_learning_training_aware,0.7555546069154473,0.3,0.1,0.2,0.15,0.05,0.15,0.05
geometric,758,0.0,traditional_ppo,3,core_learning_training_aware,0.552621638799125,0.3,0.1,0.2,0.15,0.05,0.15,0.05
arithmetic,758,0.0,traditional_ppo,3,core_learning_training_aware,0.6436896325931871,0.3,0.1,0.2,0.15,0.05,0.15,0.05
geometric,758,0.0,a2c_pointer,2,core_learning_training_aware,0.7177427097676933,0.3,0.1,0.2,0.15,0.05,0.15,0.05
arithmetic,758,0.0,a2c_pointer,2,core_learning_training_aware,0.7523590944921832,0.3,0.1,0.2,0.15,0.05,0.15,0.05
geometric,759,1.0,full,1,core_learning_training_aware,0.6946430130001261,0.3,0.1,0.2,0.15,0.1,0.05,0.1
arithmetic,759,1.0,full,1,core_learning_training_aware,0.7305066610746958,0.3,0.1,0.2,0.15,0.1,0.05,0.1
geometric,759,0.0,traditional_ppo,3,core_learning_training_aware,0.49644581353983885,0.3,0.1,0.2,0.15,0.1,0.05,0.1
arithmetic,759,0.0,traditional_ppo,3,core_learning_training_aware,0.5857746629287587,0.3,0.1,0.2,0.15,0.1,0.05,0.1
geometric,759,0.0,a2c_pointer,2,core_learning_training_aware,0.6944641516518171,0.3,0.1,0.2,0.15,0.1,0.05,0.1
arithmetic,759,0.0,a2c_pointer,2,core_learning_training_aware,0.7283876654057565,0.3,0.1,0.2,0.15,0.1,0.05,0.1
geometric,760,1.0,full,1,core_learning_training_aware,0.6953782165625685,0.3,0.1,0.2,0.15,0.1,0.1,0.05
arithmetic,760,1.0,full,1,core_learning_training_aware,0.7315387609217026,0.3,0.1,0.2,0.15,0.1,0.1,0.05
geometric,760,0.0,traditional_ppo,3,core_learning_training_aware,0.5405691902798065,0.3,0.1,0.2,0.15,0.1,0.1,0.05
arithmetic,760,0.0,traditional_ppo,3,core_learning_training_aware,0.626104275597594,0.3,0.1,0.2,0.15,0.1,0.1,0.05
geometric,760,0.0,a2c_pointer,2,core_learning_training_aware,0.6953144343390666,0.3,0.1,0.2,0.15,0.1,0.1,0.05
arithmetic,760,0.0,a2c_pointer,2,core_learning_training_aware,0.7295602887469508,0.3,0.1,0.2,0.15,0.1,0.1,0.05
geometric,761,0.0,full,2,core_learning_training_aware,0.672545777403652,0.3,0.1,0.2,0.15,0.15,0.05,0.05
arithmetic,761,1.0,full,1,core_learning_training_aware,0.7075229149279576,0.3,0.1,0.2,0.15,0.15,0.05,0.05
geometric,761,0.0,traditional_ppo,3,core_learning_training_aware,0.5287796006590766,0.3,0.1,0.2,0.15,0.15,0.05,0.05
arithmetic,761,0.0,traditional_ppo,3,core_learning_training_aware,0.6085189186020005,0.3,0.1,0.2,0.15,0.15,0.05,0.05
geometric,761,1.0,a2c_pointer,1,core_learning_training_aware,0.6735870055116757,0.3,0.1,0.2,0.15,0.15,0.05,0.05
arithmetic,761,0.0,a2c_pointer,2,core_learning_training_aware,0.7067614830017181,0.3,0.1,0.2,0.15,0.15,0.05,0.05
geometric,762,1.0,full,1,core_learning_training_aware,0.7193444055322037,0.3,0.1,0.25,0.05,0.05,0.05,0.2
arithmetic,762,1.0,full,1,core_learning_training_aware,0.7559507562350297,0.3,0.1,0.25,0.05,0.05,0.05,0.2
geometric,762,0.0,traditional_ppo,3,core_learning_training_aware,0.4285257796538887,0.3,0.1,0.25,0.05,0.05,0.05,0.2
arithmetic,762,0.0,traditional_ppo,3,core_learning_training_aware,0.5238115981101686,0.3,0.1,0.25,0.05,0.05,0.05,0.2
geometric,762,0.0,a2c_pointer,2,core_learning_training_aware,0.7183028249745734,0.3,0.1,0.25,0.05,0.05,0.05,0.2
arithmetic,762,0.0,a2c_pointer,2,core_learning_training_aware,0.7529933855833407,0.3,0.1,0.25,0.05,0.05,0.05,0.2
geometric,763,1.0,full,1,core_learning_training_aware,0.7201057528137177,0.3,0.1,0.25,0.05,0.05,0.1,0.15
arithmetic,763,1.0,full,1,core_learning_training_aware,0.7569828560820366,0.3,0.1,0.25,0.05,0.05,0.1,0.15
geometric,763,0.0,traditional_ppo,3,core_learning_training_aware,0.46661252326773034,0.3,0.1,0.25,0.05,0.05,0.1,0.15
arithmetic,763,0.0,traditional_ppo,3,core_learning_training_aware,0.5641412107790038,0.3,0.1,0.25,0.05,0.05,0.1,0.15
geometric,763,0.0,a2c_pointer,2,core_learning_training_aware,0.7191822950736787,0.3,0.1,0.25,0.05,0.05,0.1,0.15
arithmetic,763,0.0,a2c_pointer,2,core_learning_training_aware,0.7541660089245351,0.3,0.1,0.25,0.05,0.05,0.1,0.15
geometric,764,1.0,full,1,core_learning_training_aware,0.720867905897958,0.3,0.1,0.25,0.05,0.05,0.15,0.1
arithmetic,764,1.0,full,1,core_learning_training_aware,0.7580149559290432,0.3,0.1,0.25,0.05,0.05,0.15,0.1
geometric,764,0.0,traditional_ppo,3,core_learning_training_aware,0.5080843608665319,0.3,0.1,0.25,0.05,0.05,0.15,0.1
arithmetic,764,0.0,traditional_ppo,3,core_learning_training_aware,0.6044708234478386,0.3,0.1,0.25,0.05,0.05,0.15,0.1
geometric,764,0.0,a2c_pointer,2,core_learning_training_aware,0.7200628419716333,0.3,0.1,0.25,0.05,0.05,0.15,0.1
arithmetic,764,0.0,a2c_pointer,2,core_learning_training_aware,0.755338632265729,0.3,0.1,0.25,0.05,0.05,0.15,0.1
geometric,765,1.0,full,1,core_learning_training_aware,0.7216308656377785,0.3,0.1,0.25,0.05,0.05,0.2,0.05
arithmetic,765,1.0,full,1,core_learning_training_aware,0.7590470557760499,0.3,0.1,0.25,0.05,0.05,0.2,0.05
geometric,765,0.0,traditional_ppo,3,core_learning_training_aware,0.5532421546453703,0.3,0.1,0.25,0.05,0.05,0.2,0.05
arithmetic,765,0.0,traditional_ppo,3,core_learning_training_aware,0.6448004361166738,0.3,0.1,0.25,0.05,0.05,0.2,0.05
geometric,765,0.0,a2c_pointer,2,core_learning_training_aware,0.7209444669868394,0.3,0.1,0.25,0.05,0.05,0.2,0.05
arithmetic,765,0.0,a2c_pointer,2,core_learning_training_aware,0.7565112556069231,0.3,0.1,0.25,0.05,0.05,0.2,0.05
geometric,766,0.0,full,2,core_learning_training_aware,0.6964613958328779,0.3,0.1,0.25,0.05,0.1,0.05,0.15
arithmetic,766,1.0,full,1,core_learning_training_aware,0.7329670100882917,0.3,0.1,0.25,0.05,0.1,0.05,0.15
geometric,766,0.0,traditional_ppo,3,core_learning_training_aware,0.4564358978511534,0.3,0.1,0.25,0.05,0.1,0.05,0.15
arithmetic,766,0.0,traditional_ppo,3,core_learning_training_aware,0.5465558537834104,0.3,0.1,0.25,0.05,0.1,0.05,0.15
geometric,766,1.0,a2c_pointer,1,core_learning_training_aware,0.696709034979508,0.3,0.1,0.25,0.05,0.1,0.05,0.15
arithmetic,766,0.0,a2c_pointer,2,core_learning_training_aware,0.7313672031793025,0.3,0.1,0.25,0.05,0.1,0.05,0.15
geometric,767,0.0,full,2,core_learning_training_aware,0.6971985239544272,0.3,0.1,0.25,0.05,0.1,0.1,0.1
arithmetic,767,1.0,full,1,core_learning_training_aware,0.7339991099352985,0.3,0.1,0.25,0.05,0.1,0.1,0.1
geometric,767,0.0,traditional_ppo,3,core_learning_training_aware,0.4970032518891097,0.3,0.1,0.25,0.05,0.1,0.1,0.1
arithmetic,767,0.0,traditional_ppo,3,core_learning_training_aware,0.5868854664522455,0.3,0.1,0.25,0.05,0.1,0.1,0.1
geometric,767,1.0,a2c_pointer,1,core_learning_training_aware,0.6975620662397745,0.3,0.1,0.25,0.05,0.1,0.1,0.1
arithmetic,767,0.0,a2c_pointer,2,core_learning_training_aware,0.7325398265204968,0.3,0.1,0.25,0.05,0.1,0.1,0.1
geometric,768,0.0,full,2,core_learning_training_aware,0.6979364322453737,0.3,0.1,0.25,0.05,0.1,0.15,0.05
arithmetic,768,1.0,full,1,core_learning_training_aware,0.7350312097823051,0.3,0.1,0.25,0.05,0.1,0.15,0.05
geometric,768,0.0,traditional_ppo,3,core_learning_training_aware,0.5411761729330545,0.3,0.1,0.25,0.05,0.1,0.15,0.05
arithmetic,768,0.0,traditional_ppo,3,core_learning_training_aware,0.6272150791210805,0.3,0.1,0.25,0.05,0.1,0.15,0.05
geometric,768,1.0,a2c_pointer,1,core_learning_training_aware,0.6984161419279075,0.3,0.1,0.25,0.05,0.1,0.15,0.05
arithmetic,768,0.0,a2c_pointer,2,core_learning_training_aware,0.7337124498616908,0.3,0.1,0.25,0.05,0.1,0.15,0.05
geometric,769,0.0,full,2,core_learning_training_aware,0.67430631579961,0.3,0.1,0.25,0.05,0.15,0.05,0.1
arithmetic,769,1.0,full,1,core_learning_training_aware,0.7099832639415534,0.3,0.1,0.25,0.05,0.15,0.05,0.1
geometric,769,0.0,traditional_ppo,3,core_learning_training_aware,0.48616381729812247,0.3,0.1,0.25,0.05,0.15,0.05,0.1
arithmetic,769,0.0,traditional_ppo,3,core_learning_training_aware,0.569300109456652,0.3,0.1,0.25,0.05,0.15,0.05,0.1
geometric,769,1.0,a2c_pointer,1,core_learning_training_aware,0.6757644026240044,0.3,0.1,0.25,0.05,0.15,0.05,0.1
arithmetic,769,0.0,a2c_pointer,2,core_learning_training_aware,0.709741020775264,0.3,0.1,0.25,0.05,0.15,0.05,0.1
geometric,770,0.0,full,2,core_learning_training_aware,0.6750199951950338,0.3,0.1,0.25,0.05,0.15,0.1,0.05
arithmetic,770,1.0,full,1,core_learning_training_aware,0.7110153637885603,0.3,0.1,0.25,0.05,0.15,0.1,0.05
geometric,770,0.0,traditional_ppo,3,core_learning_training_aware,0.5293733452726482,0.3,0.1,0.25,0.05,0.15,0.1,0.05
arithmetic,770,0.0,traditional_ppo,3,core_learning_training_aware,0.6096297221254873,0.3,0.1,0.25,0.05,0.15,0.1,0.05
geometric,770,1.0,a2c_pointer,1,core_learning_training_aware,0.6765917898560796,0.3,0.1,0.25,0.05,0.15,0.1,0.05
arithmetic,770,0.0,a2c_pointer,2,core_learning_training_aware,0.7109136441164583,0.3,0.1,0.25,0.05,0.15,0.1,0.05
geometric,771,1.0,full,1,core_learning_training_aware,0.717661938580382,0.3,0.1,0.25,0.1,0.05,0.05,0.15
arithmetic,771,1.0,full,1,core_learning_training_aware,0.7537422863476103,0.3,0.1,0.25,0.1,0.05,0.05,0.15
geometric,771,0.0,traditional_ppo,3,core_learning_training_aware,0.4656560875500783,0.3,0.1,0.25,0.1,0.05,0.05,0.15
arithmetic,771,0.0,traditional_ppo,3,core_learning_training_aware,0.5621585852731955,0.3,0.1,0.25,0.1,0.05,0.05,0.15
geometric,771,0.0,a2c_pointer,2,core_learning_training_aware,0.716757872425689,0.3,0.1,0.25,0.1,0.05,0.05,0.15
arithmetic,771,0.0,a2c_pointer,2,core_learning_training_aware,0.7509983834490865,0.3,0.1,0.25,0.1,0.05,0.05,0.15
geometric,772,1.0,full,1,core_learning_training_aware,0.7184215051548659,0.3,0.1,0.25,0.1,0.05,0.1,0.1
arithmetic,772,1.0,full,1,core_learning_training_aware,0.754774386194617,0.3,0.1,0.25,0.1,0.05,0.1,0.1
geometric,772,0.0,traditional_ppo,3,core_learning_training_aware,0.5070429185432309,0.3,0.1,0.25,0.1,0.05,0.1,0.1
arithmetic,772,0.0,traditional_ppo,3,core_learning_training_aware,0.6024881979420306,0.3,0.1,0.25,0.1,0.05,0.1,0.1
geometric,772,0.0,a2c_pointer,2,core_learning_training_aware,0.7176354509276517,0.3,0.1,0.25,0.1,0.05,0.1,0.1
arithmetic,772,0.0,a2c_pointer,2,core_learning_training_aware,0.7521710067902807,0.3,0.1,0.25,0.1,0.05,0.1,0.1
geometric,773,1.0,full,1,core_learning_training_aware,0.7191818756473927,0.3,0.1,0.25,0.1,0.05,0.15,0.05
arithmetic,773,1.0,full,1,core_learning_training_aware,0.7558064860416238,0.3,0.1,0.25,0.1,0.05,0.15,0.05
geometric,773,0.0,traditional_ppo,3,core_learning_training_aware,0.5521081504538238,0.3,0.1,0.25,0.1,0.05,0.15,0.05
arithmetic,773,0.0,traditional_ppo,3,core_learning_training_aware,0.6428178106108656,0.3,0.1,0.25,0.1,0.05,0.15,0.05
geometric,773,0.0,a2c_pointer,2,core_learning_training_aware,0.7185141039124443,0.3,0.1,0.25,0.1,0.05,0.15,0.05
arithmetic,773,0.0,a2c_pointer,2,core_learning_training_aware,0.7533436301314749,0.3,0.1,0.25,0.1,0.05,0.15,0.05
geometric,774,0.0,full,2,core_learning_training_aware,0.694832449708189,0.3,0.1,0.25,0.1,0.1,0.05,0.1
arithmetic,774,1.0,full,1,core_learning_training_aware,0.730758540200872,0.3,0.1,0.25,0.1,0.1,0.05,0.1
geometric,774,0.0,traditional_ppo,3,core_learning_training_aware,0.49598452299052154,0.3,0.1,0.25,0.1,0.1,0.05,0.1
arithmetic,774,0.0,traditional_ppo,3,core_learning_training_aware,0.5849028409464372,0.3,0.1,0.25,0.1,0.1,0.05,0.1
geometric,774,1.0,a2c_pointer,1,core_learning_training_aware,0.6952105271608029,0.3,0.1,0.25,0.1,0.1,0.05,0.1
arithmetic,774,0.0,a2c_pointer,2,core_learning_training_aware,0.7293722010450481,0.3,0.1,0.25,0.1,0.1,0.05,0.1
geometric,775,0.0,full,2,core_learning_training_aware,0.6955678537686427,0.3,0.1,0.25,0.1,0.1,0.1,0.05
arithmetic,775,1.0,full,1,core_learning_training_aware,0.7317906400478789,0.3,0.1,0.25,0.1,0.1,0.1,0.05
geometric,775,0.0,traditional_ppo,3,core_learning_training_aware,0.5400669009021398,0.3,0.1,0.25,0.1,0.1,0.1,0.05
arithmetic,775,0.0,traditional_ppo,3,core_learning_training_aware,0.6252324536152724,0.3,0.1,0.25,0.1,0.1,0.1,0.05
geometric,775,1.0,a2c_pointer,1,core_learning_training_aware,0.696061723689569,0.3,0.1,0.25,0.1,0.1,0.1,0.05
arithmetic,775,0.0,a2c_pointer,2,core_learning_training_aware,0.7305448243862422,0.3,0.1,0.25,0.1,0.1,0.1,0.05
geometric,776,0.0,full,2,core_learning_training_aware,0.6727291879551275,0.3,0.1,0.25,0.1,0.15,0.05,0.05
arithmetic,776,1.0,full,1,core_learning_training_aware,0.7077747940541339,0.3,0.1,0.25,0.1,0.15,0.05,0.05
geometric,776,0.0,traditional_ppo,3,core_learning_training_aware,0.5282882660042094,0.3,0.1,0.25,0.1,0.15,0.05,0.05
arithmetic,776,0.0,traditional_ppo,3,core_learning_training_aware,0.607647096619679,0.3,0.1,0.25,0.1,0.15,0.05,0.05
geometric,776,1.0,a2c_pointer,1,core_learning_training_aware,0.6743109433029774,0.3,0.1,0.25,0.1,0.15,0.05,0.05
arithmetic,776,0.0,a2c_pointer,2,core_learning_training_aware,0.7077460186410097,0.3,0.1,0.25,0.1,0.15,0.05,0.05
geometric,777,1.0,full,1,core_learning_training_aware,0.7159834067325554,0.3,0.1,0.25,0.15,0.05,0.05,0.1
arithmetic,777,1.0,full,1,core_learning_training_aware,0.7515338164601904,0.3,0.1,0.25,0.15,0.05,0.05,0.1
geometric,777,0.0,traditional_ppo,3,core_learning_training_aware,0.5060036109089628,0.3,0.1,0.25,0.15,0.05,0.05,0.1
arithmetic,777,0.0,traditional_ppo,3,core_learning_training_aware,0.6005055724362222,0.3,0.1,0.25,0.15,0.05,0.05,0.1
geometric,777,0.0,a2c_pointer,2,core_learning_training_aware,0.7152162428184601,0.3,0.1,0.25,0.15,0.05,0.05,0.1
arithmetic,777,0.0,a2c_pointer,2,core_learning_training_aware,0.7490033813148319,0.3,0.1,0.25,0.15,0.05,0.05,0.1
geometric,778,1.0,full,1,core_learning_training_aware,0.7167411967648858,0.3,0.1,0.25,0.15,0.05,0.1,0.05
arithmetic,778,1.0,full,1,core_learning_training_aware,0.7525659163071974,0.3,0.1,0.25,0.15,0.05,0.1,0.05
geometric,778,0.0,traditional_ppo,3,core_learning_training_aware,0.5509764706793444,0.3,0.1,0.25,0.15,0.05,0.1,0.05
arithmetic,778,0.0,traditional_ppo,3,core_learning_training_aware,0.6408351851050574,0.3,0.1,0.25,0.15,0.05,0.1,0.05
geometric,778,0.0,a2c_pointer,2,core_learning_training_aware,0.7160919337917978,0.3,0.1,0.25,0.15,0.05,0.1,0.05
arithmetic,778,0.0,a2c_pointer,2,core_learning_training_aware,0.7501760046560262,0.3,0.1,0.25,0.15,0.05,0.1,0.05
geometric,779,0.0,full,2,core_learning_training_aware,0.6932073135082037,0.3,0.1,0.25,0.15,0.1,0.05,0.05
arithmetic,779,1.0,full,1,core_learning_training_aware,0.7285500703134523,0.3,0.1,0.25,0.15,0.1,0.05,0.05
geometric,779,0.0,traditional_ppo,3,core_learning_training_aware,0.538959902593721,0.3,0.1,0.25,0.15,0.1,0.05,0.05
arithmetic,779,0.0,traditional_ppo,3,core_learning_training_aware,0.623249828109464,0.3,0.1,0.25,0.15,0.1,0.05,0.05
geometric,779,1.0,a2c_pointer,1,core_learning_training_aware,0.6937152423886925,0.3,0.1,0.25,0.15,0.1,0.05,0.05
arithmetic,779,0.0,a2c_pointer,2,core_learning_training_aware,0.7273771989107937,0.3,0.1,0.25,0.15,0.1,0.05,0.05
geometric,780,1.0,full,1,core_learning_training_aware,0.6905605783085799,0.3,0.15,0.1,0.05,0.05,0.15,0.2
arithmetic,780,1.0,full,1,core_learning_training_aware,0.7336737265712733,0.3,0.15,0.1,0.05,0.05,0.15,0.2
geometric,780,0.0,traditional_ppo,3,core_learning_training_aware,0.4113526286187909,0.3,0.15,0.1,0.05,0.05,0.15,0.2
arithmetic,780,0.0,traditional_ppo,3,core_learning_training_aware,0.5012607740202952,0.3,0.15,0.1,0.05,0.05,0.15,0.2
geometric,780,0.0,a2c_pointer,2,core_learning_training_aware,0.6884603978564332,0.3,0.15,0.1,0.05,0.05,0.15,0.2
arithmetic,780,0.0,a2c_pointer,2,core_learning_training_aware,0.7291184665611267,0.3,0.15,0.1,0.05,0.05,0.15,0.2
geometric,781,1.0,full,1,core_learning_training_aware,0.6912914610609481,0.3,0.15,0.1,0.05,0.05,0.2,0.15
arithmetic,781,1.0,full,1,core_learning_training_aware,0.73470582641828,0.3,0.15,0.1,0.05,0.05,0.2,0.15
geometric,781,0.0,traditional_ppo,3,core_learning_training_aware,0.44791304772295243,0.3,0.15,0.1,0.05,0.05,0.2,0.15
arithmetic,781,0.0,traditional_ppo,3,core_learning_training_aware,0.5415903866891302,0.3,0.15,0.1,0.05,0.05,0.2,0.15
geometric,781,0.0,a2c_pointer,2,core_learning_training_aware,0.6893033297136959,0.3,0.15,0.1,0.05,0.05,0.2,0.15
arithmetic,781,0.0,a2c_pointer,2,core_learning_training_aware,0.7302910899023207,0.3,0.15,0.1,0.05,0.05,0.2,0.15
geometric,782,1.0,full,1,core_learning_training_aware,0.6678863241915642,0.3,0.15,0.1,0.05,0.1,0.1,0.2
arithmetic,782,1.0,full,1,core_learning_training_aware,0.7096578805775284,0.3,0.15,0.1,0.05,0.1,0.1,0.2
geometric,782,0.0,traditional_ppo,3,core_learning_training_aware,0.40238119856316035,0.3,0.15,0.1,0.05,0.1,0.1,0.2
arithmetic,782,0.0,traditional_ppo,3,core_learning_training_aware,0.48367541702470185,0.3,0.15,0.1,0.05,0.1,0.1,0.2
geometric,782,0.0,a2c_pointer,2,core_learning_training_aware,0.6669471463601921,0.3,0.15,0.1,0.05,0.1,0.1,0.2
arithmetic,782,0.0,a2c_pointer,2,core_learning_training_aware,0.706319660815894,0.3,0.15,0.1,0.05,0.1,0.1,0.2
geometric,783,1.0,full,1,core_learning_training_aware,0.6685932087288915,0.3,0.15,0.1,0.05,0.1,0.15,0.15
arithmetic,783,1.0,full,1,core_learning_training_aware,0.7106899804245351,0.3,0.15,0.1,0.05,0.1,0.15,0.15
geometric,783,0.0,traditional_ppo,3,core_learning_training_aware,0.43814425010485164,0.3,0.15,0.1,0.05,0.1,0.15,0.15
arithmetic,783,0.0,traditional_ppo,3,core_learning_training_aware,0.5240050296935369,0.3,0.15,0.1,0.05,0.1,0.15,0.15
geometric,783,0.0,a2c_pointer,2,core_learning_training_aware,0.667763737987725,0.3,0.15,0.1,0.05,0.1,0.15,0.15
arithmetic,783,0.0,a2c_pointer,2,core_learning_training_aware,0.7074922841570882,0.3,0.15,0.1,0.05,0.1,0.15,0.15
geometric,784,1.0,full,1,core_learning_training_aware,0.6693008414260943,0.3,0.15,0.1,0.05,0.1,0.2,0.1
arithmetic,784,1.0,full,1,core_learning_training_aware,0.7117220802715419,0.3,0.15,0.1,0.05,0.1,0.2,0.1
geometric,784,0.0,traditional_ppo,3,core_learning_training_aware,0.4770858692837503,0.3,0.15,0.1,0.05,0.1,0.2,0.1
arithmetic,784,0.0,traditional_ppo,3,core_learning_training_aware,0.564334642362372,0.3,0.15,0.1,0.05,0.1,0.2,0.1
geometric,784,0.0,a2c_pointer,2,core_learning_training_aware,0.6685813294274464,0.3,0.15,0.1,0.05,0.1,0.2,0.1
arithmetic,784,0.0,a2c_pointer,2,core_learning_training_aware,0.7086649074982824,0.3,0.15,0.1,0.05,0.1,0.2,0.1
geometric,785,0.0,full,2,core_learning_training_aware,0.6459565692769533,0.3,0.15,0.1,0.05,0.15,0.05,0.2
arithmetic,785,1.0,full,1,core_learning_training_aware,0.6856420345837835,0.3,0.15,0.1,0.05,0.15,0.05,0.2
geometric,785,0.0,traditional_ppo,3,core_learning_training_aware,0.3936054316725212,0.3,0.15,0.1,0.05,0.15,0.05,0.2
arithmetic,785,0.0,traditional_ppo,3,core_learning_training_aware,0.4660900600291086,0.3,0.15,0.1,0.05,0.15,0.05,0.2
geometric,785,1.0,a2c_pointer,1,core_learning_training_aware,0.6461061484770587,0.3,0.15,0.1,0.05,0.15,0.05,0.2
arithmetic,785,0.0,a2c_pointer,2,core_learning_training_aware,0.6835208550706615,0.3,0.15,0.1,0.05,0.15,0.05,0.2
geometric,786,0.0,full,2,core_learning_training_aware,0.6466402435701193,0.3,0.15,0.1,0.05,0.15,0.1,0.15
arithmetic,786,1.0,full,1,core_learning_training_aware,0.6866741344307903,0.3,0.15,0.1,0.05,0.15,0.1,0.15
geometric,786,0.0,traditional_ppo,3,core_learning_training_aware,0.4285885059072495,0.3,0.15,0.1,0.05,0.15,0.1,0.15
arithmetic,786,0.0,traditional_ppo,3,core_learning_training_aware,0.5064196726979436,0.3,0.15,0.1,0.05,0.15,0.1,0.15
geometric,786,1.0,a2c_pointer,1,core_learning_training_aware,0.6468972229635802,0.3,0.15,0.1,0.05,0.15,0.1,0.15
arithmetic,786,0.0,a2c_pointer,2,core_learning_training_aware,0.6846934784118556,0.3,0.15,0.1,0.05,0.15,0.1,0.15
geometric,787,0.0,full,2,core_learning_training_aware,0.6473246414576589,0.3,0.15,0.1,0.05,0.15,0.15,0.1
arithmetic,787,1.0,full,1,core_learning_training_aware,0.6877062342777969,0.3,0.15,0.1,0.05,0.15,0.15,0.1
geometric,787,0.0,traditional_ppo,3,core_learning_training_aware,0.4666808245386119,0.3,0.15,0.1,0.05,0.15,0.15,0.1
arithmetic,787,0.0,traditional_ppo,3,core_learning_training_aware,0.5467492853667786,0.3,0.15,0.1,0.05,0.15,0.15,0.1
geometric,787,1.0,a2c_pointer,1,core_learning_training_aware,0.6476892660198093,0.3,0.15,0.1,0.05,0.15,0.15,0.1
arithmetic,787,0.0,a2c_pointer,2,core_learning_training_aware,0.6858661017530499,0.3,0.15,0.1,0.05,0.15,0.15,0.1
geometric,788,0.0,full,2,core_learning_training_aware,0.6480097637054176,0.3,0.15,0.1,0.05,0.15,0.2,0.05
arithmetic,788,1.0,full,1,core_learning_training_aware,0.6887383341248037,0.3,0.15,0.1,0.05,0.15,0.2,0.05
geometric,788,0.0,traditional_ppo,3,core_learning_training_aware,0.5081587326543252,0.3,0.15,0.1,0.05,0.15,0.2,0.05
arithmetic,788,0.0,traditional_ppo,3,core_learning_training_aware,0.5870788980356136,0.3,0.15,0.1,0.05,0.15,0.2,0.05
geometric,788,1.0,a2c_pointer,1,core_learning_training_aware,0.6484822788316356,0.3,0.15,0.1,0.05,0.15,0.2,0.05
arithmetic,788,0.0,a2c_pointer,2,core_learning_training_aware,0.6870387250942439,0.3,0.15,0.1,0.05,0.15,0.2,0.05
geometric,789,1.0,full,1,core_learning_training_aware,0.6882170311786522,0.3,0.15,0.1,0.1,0.05,0.1,0.2
arithmetic,789,1.0,full,1,core_learning_training_aware,0.730433156836847,0.3,0.15,0.1,0.1,0.05,0.1,0.2
geometric,789,0.0,traditional_ppo,3,core_learning_training_aware,0.41050946147915685,0.3,0.15,0.1,0.1,0.05,0.1,0.2
arithmetic,789,0.0,traditional_ppo,3,core_learning_training_aware,0.49927814851448704,0.3,0.15,0.1,0.1,0.05,0.1,0.2
geometric,789,0.0,a2c_pointer,2,core_learning_training_aware,0.6861395412499226,0.3,0.15,0.1,0.1,0.05,0.1,0.2
arithmetic,789,0.0,a2c_pointer,2,core_learning_training_aware,0.7259508410856781,0.3,0.15,0.1,0.1,0.05,0.1,0.2
geometric,790,1.0,full,1,core_learning_training_aware,0.6889454335430132,0.3,0.15,0.1,0.1,0.05,0.15,0.15
arithmetic,790,1.0,full,1,core_learning_training_aware,0.7314652566838535,0.3,0.15,0.1,0.1,0.05,0.15,0.15
geometric,790,0.0,traditional_ppo,3,core_learning_training_aware,0.44699494112297417,0.3,0.15,0.1,0.1,0.05,0.15,0.15
arithmetic,790,0.0,traditional_ppo,3,core_learning_training_aware,0.539607761183322,0.3,0.15,0.1,0.1,0.05,0.15,0.15
geometric,790,0.0,a2c_pointer,2,core_learning_training_aware,0.6869796315145886,0.3,0.15,0.1,0.1,0.05,0.15,0.15
arithmetic,790,0.0,a2c_pointer,2,core_learning_training_aware,0.7271234644268721,0.3,0.15,0.1,0.1,0.05,0.15,0.15
geometric,791,1.0,full,1,core_learning_training_aware,0.6896746068415133,0.3,0.15,0.1,0.1,0.05,0.2,0.1
arithmetic,791,1.0,full,1,core_learning_training_aware,0.7324973565308605,0.3,0.15,0.1,0.1,0.05,0.2,0.1
geometric,791,0.0,traditional_ppo,3,core_learning_training_aware,0.4867231967555416,0.3,0.15,0.1,0.1,0.05,0.2,0.1
arithmetic,791,0.0,traditional_ppo,3,core_learning_training_aware,0.5799373738521572,0.3,0.15,0.1,0.1,0.05,0.2,0.1
geometric,791,0.0,a2c_pointer,2,core_learning_training_aware,0.6878207503625241,0.3,0.15,0.1,0.1,0.05,0.2,0.1
arithmetic,791,0.0,a2c_pointer,2,core_learning_training_aware,0.7282960877680665,0.3,0.15,0.1,0.1,0.05,0.2,0.1
geometric,792,1.0,full,1,core_learning_training_aware,0.6656197264051529,0.3,0.15,0.1,0.1,0.1,0.05,0.2
arithmetic,792,1.0,full,1,core_learning_training_aware,0.706417310843102,0.3,0.15,0.1,0.1,0.1,0.05,0.2
geometric,792,0.0,traditional_ppo,3,core_learning_training_aware,0.4015564205487978,0.3,0.15,0.1,0.1,0.1,0.05,0.2
arithmetic,792,0.0,traditional_ppo,3,core_learning_training_aware,0.48169279151889366,0.3,0.15,0.1,0.1,0.1,0.05,0.2
geometric,792,0.0,a2c_pointer,2,core_learning_training_aware,0.6646988126932988,0.3,0.15,0.1,0.1,0.1,0.05,0.2
arithmetic,792,0.0,a2c_pointer,2,core_learning_training_aware,0.7031520353404456,0.3,0.15,0.1,0.1,0.1,0.05,0.2
geometric,793,1.0,full,1,core_learning_training_aware,0.6663242119969269,0.3,0.15,0.1,0.1,0.1,0.1,0.15
arithmetic,793,1.0,full,1,core_learning_training_aware,0.7074494106901089,0.3,0.15,0.1,0.1,0.1,0.1,0.15
geometric,793,0.0,traditional_ppo,3,core_learning_training_aware,0.43724616702866337,0.3,0.15,0.1,0.1,0.1,0.1,0.15
arithmetic,793,0.0,traditional_ppo,3,core_learning_training_aware,0.5220224041877288,0.3,0.15,0.1,0.1,0.1,0.1,0.15
geometric,793,0.0,a2c_pointer,2,core_learning_training_aware,0.6655126515233148,0.3,0.15,0.1,0.1,0.1,0.1,0.15
arithmetic,793,0.0,a2c_pointer,2,core_learning_training_aware,0.7043246586816397,0.3,0.15,0.1,0.1,0.1,0.1,0.15
geometric,794,1.0,full,1,core_learning_training_aware,0.6670294432095552,0.3,0.15,0.1,0.1,0.1,0.15,0.1
arithmetic,794,1.0,full,1,core_learning_training_aware,0.7084815105371155,0.3,0.15,0.1,0.1,0.1,0.15,0.1
geometric,794,0.0,traditional_ppo,3,core_learning_training_aware,0.47610796589921506,0.3,0.15,0.1,0.1,0.1,0.15,0.1
arithmetic,794,0.0,traditional_ppo,3,core_learning_training_aware,0.5623520168565638,0.3,0.15,0.1,0.1,0.1,0.15,0.1
geometric,794,0.0,a2c_pointer,2,core_learning_training_aware,0.6663274867950706,0.3,0.15,0.1,0.1,0.1,0.15,0.1
arithmetic,794,0.0,a2c_pointer,2,core_learning_training_aware,0.7054972820228339,0.3,0.15,0.1,0.1,0.1,0.15,0.1
geometric,795,1.0,full,1,core_learning_training_aware,0.6677354208321957,0.3,0.15,0.1,0.1,0.1,0.2,0.05
arithmetic,795,1.0,full,1,core_learning_training_aware,0.7095136103841222,0.3,0.15,0.1,0.1,0.1,0.2,0.05
geometric,795,0.0,traditional_ppo,3,core_learning_training_aware,0.518423744530683,0.3,0.15,0.1,0.1,0.1,0.2,0.05
arithmetic,795,0.0,traditional_ppo,3,core_learning_training_aware,0.6026816295253988,0.3,0.15,0.1,0.1,0.1,0.2,0.05
geometric,795,0.0,a2c_pointer,2,core_learning_training_aware,0.6671433197285818,0.3,0.15,0.1,0.1,0.1,0.2,0.05
arithmetic,795,0.0,a2c_pointer,2,core_learning_training_aware,0.706669905364028,0.3,0.15,0.1,0.1,0.1,0.2,0.05
geometric,796,0.0,full,2,core_learning_training_aware,0.6444457483520077,0.3,0.15,0.1,0.1,0.15,0.05,0.15
arithmetic,796,1.0,full,1,core_learning_training_aware,0.6834335646963638,0.3,0.15,0.1,0.1,0.15,0.05,0.15
geometric,796,0.0,traditional_ppo,3,core_learning_training_aware,0.4277100096501107,0.3,0.15,0.1,0.1,0.15,0.05,0.15
arithmetic,796,0.0,traditional_ppo,3,core_learning_training_aware,0.5044370471921354,0.3,0.15,0.1,0.1,0.15,0.05,0.15
geometric,796,1.0,a2c_pointer,1,core_learning_training_aware,0.6447164792369652,0.3,0.15,0.1,0.1,0.15,0.05,0.15
arithmetic,796,0.0,a2c_pointer,2,core_learning_training_aware,0.6815258529364071,0.3,0.15,0.1,0.1,0.15,0.05,0.15
geometric,797,0.0,full,2,core_learning_training_aware,0.645127823606667,0.3,0.15,0.1,0.1,0.15,0.1,0.1
arithmetic,797,1.0,full,1,core_learning_training_aware,0.6844656645433707,0.3,0.15,0.1,0.1,0.15,0.1,0.1
geometric,797,0.0,traditional_ppo,3,core_learning_training_aware,0.46572424882091307,0.3,0.15,0.1,0.1,0.15,0.1,0.1
arithmetic,797,0.0,traditional_ppo,3,core_learning_training_aware,0.5447666598609705,0.3,0.15,0.1,0.1,0.15,0.1,0.1
geometric,797,1.0,a2c_pointer,1,core_learning_training_aware,0.6455058522509295,0.3,0.15,0.1,0.1,0.15,0.1,0.1
arithmetic,797,0.0,a2c_pointer,2,core_learning_training_aware,0.6826984762776013,0.3,0.15,0.1,0.1,0.15,0.1,0.1
geometric,798,0.0,full,2,core_learning_training_aware,0.6458106207632928,0.3,0.15,0.1,0.1,0.15,0.15,0.05
arithmetic,798,1.0,full,1,core_learning_training_aware,0.6854977643903772,0.3,0.15,0.1,0.1,0.15,0.15,0.05
geometric,798,0.0,traditional_ppo,3,core_learning_training_aware,0.5071171378879787,0.3,0.15,0.1,0.1,0.15,0.15,0.05
arithmetic,798,0.0,traditional_ppo,3,core_learning_training_aware,0.5850962725298055,0.3,0.15,0.1,0.1,0.15,0.15,0.05
geometric,798,1.0,a2c_pointer,1,core_learning_training_aware,0.6462961917513657,0.3,0.15,0.1,0.1,0.15,0.15,0.05
arithmetic,798,0.0,a2c_pointer,2,core_learning_training_aware,0.6838710996187953,0.3,0.15,0.1,0.1,0.15,0.15,0.05
geometric,799,1.0,full,1,core_learning_training_aware,0.6858814373164359,0.3,0.15,0.1,0.15,0.05,0.05,0.2
arithmetic,799,1.0,full,1,core_learning_training_aware,0.7271925871024205,0.3,0.15,0.1,0.15,0.05,0.05,0.2
geometric,799,0.0,traditional_ppo,3,core_learning_training_aware,0.4096680226154008,0.3,0.15,0.1,0.15,0.05,0.05,0.2
arithmetic,799,0.0,traditional_ppo,3,core_learning_training_aware,0.49729552300867874,0.3,0.15,0.1,0.15,0.05,0.05,0.2
geometric,799,0.0,a2c_pointer,2,core_learning_training_aware,0.6838265084418538,0.3,0.15,0.1,0.15,0.05,0.05,0.2
arithmetic,799,0.0,a2c_pointer,2,core_learning_training_aware,0.7227832156102295,0.3,0.15,0.1,0.15,0.05,0.05,0.2
geometric,800,1.0,full,1,core_learning_training_aware,0.6866073677104527,0.3,0.15,0.1,0.15,0.05,0.1,0.15
arithmetic,800,1.0,full,1,core_learning_training_aware,0.7282246869494272,0.3,0.15,0.1,0.15,0.05,0.1,0.15
geometric,800,0.0,traditional_ppo,3,core_learning_training_aware,0.4460787164055024,0.3,0.15,0.1,0.15,0.05,0.1,0.15
arithmetic,800,0.0,traditional_ppo,3,core_learning_training_aware,0.5376251356775138,0.3,0.15,0.1,0.15,0.05,0.1,0.15
geometric,800,0.0,a2c_pointer,2,core_learning_training_aware,0.6846637666931652,0.3,0.15,0.1,0.15,0.05,0.1,0.15
arithmetic,800,0.0,a2c_pointer,2,core_learning_training_aware,0.7239558389514237,0.3,0.15,0.1,0.15,0.05,0.1,0.15
geometric,801,1.0,full,1,core_learning_training_aware,0.6873340664222987,0.3,0.15,0.1,0.15,0.05,0.15,0.1
arithmetic,801,1.0,full,1,core_learning_training_aware,0.7292567867964339,0.3,0.15,0.1,0.15,0.05,0.15,0.1
geometric,801,0.0,traditional_ppo,3,core_learning_training_aware,0.4857255393272184,0.3,0.15,0.1,0.15,0.05,0.15,0.1
arithmetic,801,0.0,traditional_ppo,3,core_learning_training_aware,0.5779547483463487,0.3,0.15,0.1,0.15,0.05,0.15,0.1
geometric,801,0.0,a2c_pointer,2,core_learning_training_aware,0.6855020500603075,0.3,0.15,0.1,0.15,0.05,0.15,0.1
arithmetic,801,0.0,a2c_pointer,2,core_learning_training_aware,0.7251284622926177,0.3,0.15,0.1,0.15,0.05,0.15,0.1
geometric,802,1.0,full,1,core_learning_training_aware,0.688061534265154,0.3,0.15,0.1,0.15,0.05,0.2,0.05
arithmetic,802,1.0,full,1,core_learning_training_aware,0.7302888866434407,0.3,0.15,0.1,0.15,0.05,0.2,0.05
geometric,802,0.0,traditional_ppo,3,core_learning_training_aware,0.5288961137976566,0.3,0.15,0.1,0.15,0.05,0.2,0.05
arithmetic,802,0.0,traditional_ppo,3,core_learning_training_aware,0.6182843610151839,0.3,0.15,0.1,0.15,0.05,0.2,0.05
geometric,802,0.0,a2c_pointer,2,core_learning_training_aware,0.686341359798404,0.3,0.15,0.1,0.15,0.05,0.2,0.05
arithmetic,802,0.0,a2c_pointer,2,core_learning_training_aware,0.7263010856338119,0.3,0.15,0.1,0.15,0.05,0.2,0.05
geometric,803,1.0,full,1,core_learning_training_aware,0.6640629155318847,0.3,0.15,0.1,0.15,0.1,0.05,0.15
arithmetic,803,1.0,full,1,core_learning_training_aware,0.7042088409556823,0.3,0.15,0.1,0.15,0.1,0.05,0.15
geometric,803,0.0,traditional_ppo,3,core_learning_training_aware,0.43634992479190576,0.3,0.15,0.1,0.15,0.1,0.05,0.15
arithmetic,803,0.0,traditional_ppo,3,core_learning_training_aware,0.5200397786819205,0.3,0.15,0.1,0.15,0.1,0.05,0.15
geometric,803,0.0,a2c_pointer,2,core_learning_training_aware,0.6632691536564611,0.3,0.15,0.1,0.15,0.1,0.05,0.15
arithmetic,803,0.0,a2c_pointer,2,core_learning_training_aware,0.701157033206191,0.3,0.15,0.1,0.15,0.1,0.05,0.15
geometric,804,1.0,full,1,core_learning_training_aware,0.6647657534098278,0.3,0.15,0.1,0.15,0.1,0.1,0.1
arithmetic,804,1.0,full,1,core_learning_training_aware,0.7052409408026891,0.3,0.15,0.1,0.15,0.1,0.1,0.1
geometric,804,0.0,traditional_ppo,3,core_learning_training_aware,0.47513206696522226,0.3,0.15,0.1,0.15,0.1,0.1,0.1
arithmetic,804,0.0,traditional_ppo,3,core_learning_training_aware,0.5603693913507556,0.3,0.15,0.1,0.15,0.1,0.1,0.1
geometric,804,0.0,a2c_pointer,2,core_learning_training_aware,0.6640812420515197,0.3,0.15,0.1,0.15,0.1,0.1,0.1
arithmetic,804,0.0,a2c_pointer,2,core_learning_training_aware,0.7023296565473854,0.3,0.15,0.1,0.15,0.1,0.1,0.1
geometric,805,1.0,full,1,core_learning_training_aware,0.6654693351647004,0.3,0.15,0.1,0.15,0.1,0.15,0.05
arithmetic,805,1.0,full,1,core_learning_training_aware,0.7062730406496958,0.3,0.15,0.1,0.15,0.1,0.15,0.05
geometric,805,0.0,traditional_ppo,3,core_learning_training_aware,0.5173611091288819,0.3,0.15,0.1,0.15,0.1,0.15,0.05
arithmetic,805,0.0,traditional_ppo,3,core_learning_training_aware,0.6006990040195905,0.3,0.15,0.1,0.15,0.1,0.15,0.05
geometric,805,0.0,a2c_pointer,2,core_learning_training_aware,0.6648943247451341,0.3,0.15,0.1,0.15,0.1,0.15,0.05
arithmetic,805,0.0,a2c_pointer,2,core_learning_training_aware,0.7035022798885794,0.3,0.15,0.1,0.15,0.1,0.15,0.05
geometric,806,0.0,full,2,core_learning_training_aware,0.6429384610699972,0.3,0.15,0.1,0.15,0.15,0.05,0.1
arithmetic,806,1.0,full,1,core_learning_training_aware,0.6812250948089441,0.3,0.15,0.1,0.15,0.15,0.05,0.1
geometric,806,0.0,traditional_ppo,3,core_learning_training_aware,0.4647696338375228,0.3,0.15,0.1,0.15,0.15,0.05,0.1
arithmetic,806,0.0,traditional_ppo,3,core_learning_training_aware,0.5427840343551621,0.3,0.15,0.1,0.15,0.15,0.05,0.1
geometric,806,1.0,a2c_pointer,1,core_learning_training_aware,0.6433297989493856,0.3,0.15,0.1,0.15,0.15,0.05,0.1
arithmetic,806,0.0,a2c_pointer,2,core_learning_training_aware,0.6795308508021527,0.3,0.15,0.1,0.15,0.15,0.05,0.1
geometric,807,0.0,full,2,core_learning_training_aware,0.6436189410261237,0.3,0.15,0.1,0.15,0.15,0.1,0.05
arithmetic,807,1.0,full,1,core_learning_training_aware,0.6822571946559508,0.3,0.15,0.1,0.15,0.15,0.1,0.05
geometric,807,0.0,traditional_ppo,3,core_learning_training_aware,0.5060776781231339,0.3,0.15,0.1,0.15,0.15,0.1,0.05
arithmetic,807,0.0,traditional_ppo,3,core_learning_training_aware,0.5831136470239973,0.3,0.15,0.1,0.15,0.15,0.1,0.05
geometric,807,1.0,a2c_pointer,1,core_learning_training_aware,0.6441174741503838,0.3,0.15,0.1,0.15,0.15,0.1,0.05
arithmetic,807,0.0,a2c_pointer,2,core_learning_training_aware,0.6807034741433469,0.3,0.15,0.1,0.15,0.15,0.1,0.05
geometric,808,1.0,full,1,core_learning_training_aware,0.6884047154515514,0.3,0.15,0.15,0.05,0.05,0.1,0.2
arithmetic,808,1.0,full,1,core_learning_training_aware,0.730685035963023,0.3,0.15,0.15,0.05,0.05,0.1,0.2
geometric,808,0.0,traditional_ppo,3,core_learning_training_aware,0.41012802179365443,0.3,0.15,0.15,0.05,0.05,0.1,0.2
arithmetic,808,0.0,traditional_ppo,3,core_learning_training_aware,0.4984063265321653,0.3,0.15,0.15,0.05,0.05,0.1,0.2
geometric,808,0.0,a2c_pointer,2,core_learning_training_aware,0.6868769698819371,0.3,0.15,0.15,0.05,0.05,0.1,0.2
arithmetic,808,0.0,a2c_pointer,2,core_learning_training_aware,0.7269353767249694,0.3,0.15,0.15,0.05,0.05,0.1,0.2
geometric,809,1.0,full,1,core_learning_training_aware,0.6891333164591629,0.3,0.15,0.15,0.05,0.05,0.15,0.15
arithmetic,809,1.0,full,1,core_learning_training_aware,0.7317171358100297,0.3,0.15,0.15,0.05,0.05,0.15,0.15
geometric,809,0.0,traditional_ppo,3,core_learning_training_aware,0.44657959963693694,0.3,0.15,0.15,0.05,0.05,0.15,0.15
arithmetic,809,0.0,traditional_ppo,3,core_learning_training_aware,0.5387359392010004,0.3,0.15,0.15,0.05,0.05,0.15,0.15
geometric,809,0.0,a2c_pointer,2,core_learning_training_aware,0.687717963033811,0.3,0.15,0.15,0.05,0.05,0.15,0.15
arithmetic,809,0.0,a2c_pointer,2,core_learning_training_aware,0.7281080000661635,0.3,0.15,0.15,0.05,0.05,0.15,0.15
geometric,810,1.0,full,1,core_learning_training_aware,0.6898626886111556,0.3,0.15,0.15,0.05,0.05,0.2,0.1
arithmetic,810,1.0,full,1,core_learning_training_aware,0.7327492356570363,0.3,0.15,0.15,0.05,0.05,0.2,0.1
geometric,810,0.0,traditional_ppo,3,core_learning_training_aware,0.4862709403265957,0.3,0.15,0.15,0.05,0.05,0.2,0.1
arithmetic,810,0.0,traditional_ppo,3,core_learning_training_aware,0.5790655518698352,0.3,0.15,0.15,0.05,0.05,0.2,0.1
geometric,810,0.0,a2c_pointer,2,core_learning_training_aware,0.6885599858744247,0.3,0.15,0.15,0.05,0.05,0.2,0.1
arithmetic,810,0.0,a2c_pointer,2,core_learning_training_aware,0.7292806234073576,0.3,0.15,0.15,0.05,0.05,0.2,0.1
geometric,811,1.0,full,1,core_learning_training_aware,0.6658012481471588,0.3,0.15,0.15,0.05,0.1,0.05,0.2
arithmetic,811,1.0,full,1,core_learning_training_aware,0.7066691899692782,0.3,0.15,0.15,0.05,0.1,0.05,0.2
geometric,811,0.0,traditional_ppo,3,core_learning_training_aware,0.40118329990448015,0.3,0.15,0.15,0.05,0.1,0.05,0.2
arithmetic,811,0.0,traditional_ppo,3,core_learning_training_aware,0.48082096953657205,0.3,0.15,0.15,0.05,0.1,0.05,0.2
geometric,811,0.0,a2c_pointer,2,core_learning_training_aware,0.6654131978972956,0.3,0.15,0.15,0.05,0.1,0.05,0.2
arithmetic,811,0.0,a2c_pointer,2,core_learning_training_aware,0.7041365709797368,0.3,0.15,0.15,0.05,0.1,0.05,0.2
geometric,812,1.0,full,1,core_learning_training_aware,0.6665059258598192,0.3,0.15,0.15,0.05,0.1,0.1,0.15
arithmetic,812,1.0,full,1,core_learning_training_aware,0.7077012898162849,0.3,0.15,0.15,0.05,0.1,0.1,0.15
geometric,812,0.0,traditional_ppo,3,core_learning_training_aware,0.4368398839680062,0.3,0.15,0.15,0.05,0.1,0.1,0.15
arithmetic,812,0.0,traditional_ppo,3,core_learning_training_aware,0.5211505822054071,0.3,0.15,0.15,0.05,0.1,0.1,0.15
geometric,812,0.0,a2c_pointer,2,core_learning_training_aware,0.6662279114007841,0.3,0.15,0.15,0.05,0.1,0.1,0.15
arithmetic,812,0.0,a2c_pointer,2,core_learning_training_aware,0.705309194320931,0.3,0.15,0.15,0.05,0.1,0.1,0.15
geometric,813,1.0,full,1,core_learning_training_aware,0.6672113493966728,0.3,0.15,0.15,0.05,0.1,0.15,0.1
arithmetic,813,1.0,full,1,core_learning_training_aware,0.7087333896632916,0.3,0.15,0.15,0.05,0.1,0.15,0.1
geometric,813,0.0,traditional_ppo,3,core_learning_training_aware,0.47566557299522844,0.3,0.15,0.15,0.05,0.1,0.15,0.1
arithmetic,813,0.0,traditional_ppo,3,core_learning_training_aware,0.5614801948742421,0.3,0.15,0.15,0.05,0.1,0.15,0.1
geometric,813,0.0,a2c_pointer,2,core_learning_training_aware,0.6670436224169383,0.3,0.15,0.15,0.05,0.1,0.15,0.1
arithmetic,813,0.0,a2c_pointer,2,core_learning_training_aware,0.706481817662125,0.3,0.15,0.15,0.05,0.1,0.15,0.1
geometric,814,1.0,full,1,core_learning_training_aware,0.6679175195470928,0.3,0.15,0.15,0.05,0.1,0.2,0.05
arithmetic,814,1.0,full,1,core_learning_training_aware,0.7097654895102983,0.3,0.15,0.15,0.05,0.1,0.2,0.05
geometric,814,0.0,traditional_ppo,3,core_learning_training_aware,0.5179420323933835,0.3,0.15,0.15,0.05,0.1,0.2,0.05
arithmetic,814,0.0,traditional_ppo,3,core_learning_training_aware,0.6018098075430771,0.3,0.15,0.15,0.05,0.1,0.2,0.05
geometric,814,0.0,a2c_pointer,2,core_learning_training_aware,0.667860332167085,0.3,0.15,0.15,0.05,0.1,0.2,0.05
arithmetic,814,0.0,a2c_pointer,2,core_learning_training_aware,0.7076544410033192,0.3,0.15,0.15,0.05,0.1,0.2,0.05
geometric,815,0.0,full,2,core_learning_training_aware,0.6446214957198043,0.3,0.15,0.15,0.05,0.15,0.05,0.15
arithmetic,815,1.0,full,1,core_learning_training_aware,0.6836854438225399,0.3,0.15,0.15,0.05,0.15,0.05,0.15
geometric,815,0.0,traditional_ppo,3,core_learning_training_aware,0.42731258745433637,0.3,0.15,0.15,0.05,0.15,0.05,0.15
arithmetic,815,0.0,traditional_ppo,3,core_learning_training_aware,0.5035652252098137,0.3,0.15,0.15,0.05,0.15,0.05,0.15
geometric,815,1.0,a2c_pointer,1,core_learning_training_aware,0.6454093884234184,0.3,0.15,0.15,0.05,0.15,0.05,0.15
arithmetic,815,0.0,a2c_pointer,2,core_learning_training_aware,0.6825103885756983,0.3,0.15,0.15,0.05,0.15,0.05,0.15
geometric,816,0.0,full,2,core_learning_training_aware,0.6453037569838072,0.3,0.15,0.15,0.05,0.15,0.1,0.1
arithmetic,816,1.0,full,1,core_learning_training_aware,0.6847175436695467,0.3,0.15,0.15,0.05,0.15,0.1,0.1
geometric,816,0.0,traditional_ppo,3,core_learning_training_aware,0.4652915043225014,0.3,0.15,0.15,0.05,0.15,0.1,0.1
arithmetic,816,0.0,traditional_ppo,3,core_learning_training_aware,0.5438948378786487,0.3,0.15,0.15,0.05,0.15,0.1,0.1
geometric,816,1.0,a2c_pointer,1,core_learning_training_aware,0.6461996098162138,0.3,0.15,0.15,0.05,0.15,0.1,0.1
arithmetic,816,0.0,a2c_pointer,2,core_learning_training_aware,0.6836830119168926,0.3,0.15,0.15,0.05,0.15,0.1,0.1
geometric,817,0.0,full,2,core_learning_training_aware,0.645986740346647,0.3,0.15,0.15,0.05,0.15,0.15,0.05
arithmetic,817,1.0,full,1,core_learning_training_aware,0.6857496435165533,0.3,0.15,0.15,0.05,0.15,0.15,0.05
geometric,817,0.0,traditional_ppo,3,core_learning_training_aware,0.5066459316924092,0.3,0.15,0.15,0.05,0.15,0.15,0.05
arithmetic,817,0.0,traditional_ppo,3,core_learning_training_aware,0.5842244505474838,0.3,0.15,0.15,0.05,0.15,0.15,0.05
geometric,817,1.0,a2c_pointer,1,core_learning_training_aware,0.6469907987342124,0.3,0.15,0.15,0.05,0.15,0.15,0.05
arithmetic,817,0.0,a2c_pointer,2,core_learning_training_aware,0.6848556352580867,0.3,0.15,0.15,0.05,0.15,0.15,0.05
geometric,818,1.0,full,1,core_learning_training_aware,0.6860684846474752,0.3,0.15,0.15,0.1,0.05,0.05,0.2
arithmetic,818,1.0,full,1,core_learning_training_aware,0.7274444662285966,0.3,0.15,0.15,0.1,0.05,0.05,0.2
geometric,818,0.0,traditional_ppo,3,core_learning_training_aware,0.4092873647831945,0.3,0.15,0.15,0.1,0.05,0.05,0.2
arithmetic,818,0.0,traditional_ppo,3,core_learning_training_aware,0.49642370102635713,0.3,0.15,0.15,0.1,0.05,0.05,0.2
geometric,818,0.0,a2c_pointer,2,core_learning_training_aware,0.6845614511413184,0.3,0.15,0.15,0.1,0.05,0.05,0.2
arithmetic,818,0.0,a2c_pointer,2,core_learning_training_aware,0.7237677512495209,0.3,0.15,0.15,0.1,0.05,0.05,0.2
geometric,819,1.0,full,1,core_learning_training_aware,0.6867946130106093,0.3,0.15,0.15,0.1,0.05,0.1,0.15
arithmetic,819,1.0,full,1,core_learning_training_aware,0.7284765660756034,0.3,0.15,0.15,0.1,0.05,0.1,0.15
geometric,819,0.0,traditional_ppo,3,core_learning_training_aware,0.44566422626273694,0.3,0.15,0.15,0.1,0.05,0.1,0.15
arithmetic,819,0.0,traditional_ppo,3,core_learning_training_aware,0.5367533136951922,0.3,0.15,0.15,0.1,0.05,0.1,0.15
geometric,819,0.0,a2c_pointer,2,core_learning_training_aware,0.6853996092361306,0.3,0.15,0.15,0.1,0.05,0.1,0.15
arithmetic,819,0.0,a2c_pointer,2,core_learning_training_aware,0.7249403745907149,0.3,0.15,0.15,0.1,0.05,0.1,0.15
geometric,820,1.0,full,1,core_learning_training_aware,0.6875215099011012,0.3,0.15,0.15,0.1,0.05,0.15,0.1
arithmetic,820,1.0,full,1,core_learning_training_aware,0.72950866592261,0.3,0.15,0.15,0.1,0.05,0.15,0.1
geometric,820,0.0,traditional_ppo,3,core_learning_training_aware,0.4852742099076871,0.3,0.15,0.15,0.1,0.05,0.15,0.1
arithmetic,820,0.0,traditional_ppo,3,core_learning_training_aware,0.5770829263640271,0.3,0.15,0.15,0.1,0.05,0.15,0.1
geometric,820,0.0,a2c_pointer,2,core_learning_training_aware,0.6862387935485174,0.3,0.15,0.15,0.1,0.05,0.15,0.1
arithmetic,820,0.0,a2c_pointer,2,core_learning_training_aware,0.7261129979319092,0.3,0.15,0.15,0.1,0.05,0.15,0.1
geometric,821,1.0,full,1,core_learning_training_aware,0.6882491761323529,0.3,0.15,0.15,0.1,0.05,0.2,0.05
arithmetic,821,1.0,full,1,core_learning_training_aware,0.7305407657696168,0.3,0.15,0.15,0.1,0.05,0.2,0.05
geometric,821,0.0,traditional_ppo,3,core_learning_training_aware,0.5284046708804007,0.3,0.15,0.15,0.1,0.05,0.2,0.05
arithmetic,821,0.0,traditional_ppo,3,core_learning_training_aware,0.6174125390328623,0.3,0.15,0.15,0.1,0.05,0.2,0.05
geometric,821,0.0,a2c_pointer,2,core_learning_training_aware,0.6870790053349507,0.3,0.15,0.15,0.1,0.05,0.2,0.05
arithmetic,821,0.0,a2c_pointer,2,core_learning_training_aware,0.7272856212731033,0.3,0.15,0.15,0.1,0.05,0.2,0.05
geometric,822,1.0,full,1,core_learning_training_aware,0.6642440127146257,0.3,0.15,0.15,0.1,0.1,0.05,0.15
arithmetic,822,1.0,full,1,core_learning_training_aware,0.7044607200818584,0.3,0.15,0.15,0.1,0.1,0.05,0.15
geometric,822,0.0,traditional_ppo,3,core_learning_training_aware,0.43594447450707696,0.3,0.15,0.15,0.1,0.1,0.05,0.15
arithmetic,822,0.0,traditional_ppo,3,core_learning_training_aware,0.5191679566995989,0.3,0.15,0.15,0.1,0.1,0.05,0.15
geometric,822,0.0,a2c_pointer,2,core_learning_training_aware,0.6639820023340746,0.3,0.15,0.15,0.1,0.1,0.05,0.15
arithmetic,822,0.0,a2c_pointer,2,core_learning_training_aware,0.7021415688454824,0.3,0.15,0.15,0.1,0.1,0.05,0.15
geometric,823,1.0,full,1,core_learning_training_aware,0.6649470422641057,0.3,0.15,0.15,0.1,0.1,0.1,0.1
arithmetic,823,1.0,full,1,core_learning_training_aware,0.7054928199288654,0.3,0.15,0.15,0.1,0.1,0.1,0.1
geometric,823,0.0,traditional_ppo,3,core_learning_training_aware,0.4746905808529599,0.3,0.15,0.15,0.1,0.1,0.1,0.1
arithmetic,823,0.0,traditional_ppo,3,core_learning_training_aware,0.559497569368434,0.3,0.15,0.15,0.1,0.1,0.1,0.1
geometric,823,0.0,a2c_pointer,2,core_learning_training_aware,0.6647949635213253,0.3,0.15,0.15,0.1,0.1,0.1,0.1
arithmetic,823,0.0,a2c_pointer,2,core_learning_training_aware,0.7033141921866767,0.3,0.15,0.15,0.1,0.1,0.1,0.1
geometric,824,1.0,full,1,core_learning_training_aware,0.6656508158933786,0.3,0.15,0.15,0.1,0.1,0.15,0.05
arithmetic,824,1.0,full,1,core_learning_training_aware,0.7065249197758718,0.3,0.15,0.15,0.1,0.1,0.15,0.05
geometric,824,0.0,traditional_ppo,3,core_learning_training_aware,0.5168803843776271,0.3,0.15,0.15,0.1,0.1,0.15,0.05
arithmetic,824,0.0,traditional_ppo,3,core_learning_training_aware,0.5998271820372689,0.3,0.15,0.15,0.1,0.1,0.15,0.05
geometric,824,0.0,a2c_pointer,2,core_learning_training_aware,0.6656089200757542,0.3,0.15,0.15,0.1,0.1,0.15,0.05
arithmetic,824,0.0,a2c_pointer,2,core_learning_training_aware,0.7044868155278707,0.3,0.15,0.15,0.1,0.1,0.15,0.05
geometric,825,0.0,full,2,core_learning_training_aware,0.6431137973841511,0.3,0.15,0.15,0.1,0.15,0.05,0.1
arithmetic,825,1.0,full,1,core_learning_training_aware,0.6814769739351203,0.3,0.15,0.15,0.1,0.15,0.05,0.1
geometric,825,0.0,traditional_ppo,3,core_learning_training_aware,0.46433777635408435,0.3,0.15,0.15,0.1,0.15,0.05,0.1
arithmetic,825,0.0,traditional_ppo,3,core_learning_training_aware,0.5419122123728405,0.3,0.15,0.15,0.1,0.15,0.05,0.1
geometric,825,1.0,a2c_pointer,1,core_learning_training_aware,0.6440212178008764,0.3,0.15,0.15,0.1,0.15,0.05,0.1
arithmetic,825,0.0,a2c_pointer,2,core_learning_training_aware,0.6805153864414439,0.3,0.15,0.15,0.1,0.15,0.05,0.1
geometric,826,0.0,full,2,core_learning_training_aware,0.643794462914566,0.3,0.15,0.15,0.1,0.15,0.1,0.05
arithmetic,826,1.0,full,1,core_learning_training_aware,0.6825090737821271,0.3,0.15,0.15,0.1,0.15,0.1,0.05
geometric,826,0.0,traditional_ppo,3,core_learning_training_aware,0.5056074377791293,0.3,0.15,0.15,0.1,0.15,0.1,0.05
arithmetic,826,0.0,traditional_ppo,3,core_learning_training_aware,0.5822418250416757,0.3,0.15,0.15,0.1,0.15,0.1,0.05
geometric,826,1.0,a2c_pointer,1,core_learning_training_aware,0.6448097395559806,0.3,0.15,0.15,0.1,0.15,0.1,0.05
arithmetic,826,0.0,a2c_pointer,2,core_learning_training_aware,0.6816880097826381,0.3,0.15,0.15,0.1,0.15,0.1,0.05
geometric,827,1.0,full,1,core_learning_training_aware,0.6844638463918238,0.3,0.15,0.15,0.15,0.05,0.05,0.15
arithmetic,827,1.0,full,1,core_learning_training_aware,0.725235996341177,0.3,0.15,0.15,0.15,0.05,0.05,0.15
geometric,827,0.0,traditional_ppo,3,core_learning_training_aware,0.44475072916863334,0.3,0.15,0.15,0.15,0.05,0.05,0.15
arithmetic,827,0.0,traditional_ppo,3,core_learning_training_aware,0.5347706881893839,0.3,0.15,0.15,0.15,0.05,0.05,0.15
geometric,827,0.0,a2c_pointer,2,core_learning_training_aware,0.6830890707997177,0.3,0.15,0.15,0.15,0.05,0.05,0.15
arithmetic,827,0.0,a2c_pointer,2,core_learning_training_aware,0.7217727491152665,0.3,0.15,0.15,0.15,0.05,0.05,0.15
geometric,828,1.0,full,1,core_learning_training_aware,0.6851882764210802,0.3,0.15,0.15,0.15,0.05,0.1,0.1
arithmetic,828,1.0,full,1,core_learning_training_aware,0.7262680961881838,0.3,0.15,0.15,0.15,0.05,0.1,0.1
geometric,828,0.0,traditional_ppo,3,core_learning_training_aware,0.48427952252990153,0.3,0.15,0.15,0.15,0.05,0.1,0.1
arithmetic,828,0.0,traditional_ppo,3,core_learning_training_aware,0.575100300858219,0.3,0.15,0.15,0.15,0.05,0.1,0.1
geometric,828,0.0,a2c_pointer,2,core_learning_training_aware,0.6839254261527894,0.3,0.15,0.15,0.15,0.05,0.1,0.1
arithmetic,828,0.0,a2c_pointer,2,core_learning_training_aware,0.7229453724564607,0.3,0.15,0.15,0.15,0.05,0.1,0.1
geometric,829,1.0,full,1,core_learning_training_aware,0.6859134731801938,0.3,0.15,0.15,0.15,0.05,0.15,0.05
arithmetic,829,1.0,full,1,core_learning_training_aware,0.7273001960351904,0.3,0.15,0.15,0.15,0.05,0.15,0.05
geometric,829,0.0,traditional_ppo,3,core_learning_training_aware,0.5273215771454428,0.3,0.15,0.15,0.15,0.05,0.15,0.05
arithmetic,829,0.0,traditional_ppo,3,core_learning_training_aware,0.615429913527054,0.3,0.15,0.15,0.15,0.05,0.15,0.05
geometric,829,0.0,a2c_pointer,2,core_learning_training_aware,0.6847628055162084,0.3,0.15,0.15,0.15,0.05,0.15,0.05
arithmetic,829,0.0,a2c_pointer,2,core_learning_training_aware,0.7241179957976548,0.3,0.15,0.15,0.15,0.05,0.15,0.05
geometric,830,1.0,full,1,core_learning_training_aware,0.6626904194834239,0.3,0.15,0.15,0.15,0.1,0.05,0.1
arithmetic,830,1.0,full,1,core_learning_training_aware,0.7022522501944387,0.3,0.15,0.15,0.15,0.1,0.05,0.1
geometric,830,0.0,traditional_ppo,3,core_learning_training_aware,0.4737175871939359,0.3,0.15,0.15,0.15,0.1,0.05,0.1
arithmetic,830,0.0,traditional_ppo,3,core_learning_training_aware,0.5575149438626256,0.3,0.15,0.15,0.15,0.1,0.05,0.1
geometric,830,0.0,a2c_pointer,2,core_learning_training_aware,0.6625538850397347,0.3,0.15,0.15,0.15,0.1,0.05,0.1
arithmetic,830,0.0,a2c_pointer,2,core_learning_training_aware,0.7001465667112281,0.3,0.15,0.15,0.15,0.1,0.05,0.1
geometric,831,1.0,full,1,core_learning_training_aware,0.6633918047245948,0.3,0.15,0.15,0.15,0.1,0.1,0.05
arithmetic,831,1.0,full,1,core_learning_training_aware,0.7032843500414454,0.3,0.15,0.15,0.15,0.1,0.1,0.05
geometric,831,0.0,traditional_ppo,3,core_learning_training_aware,0.5158209124673783,0.3,0.15,0.15,0.15,0.1,0.1,0.05
arithmetic,831,0.0,traditional_ppo,3,core_learning_training_aware,0.5978445565314607,0.3,0.15,0.15,0.15,0.1,0.1,0.05
geometric,831,0.0,a2c_pointer,2,core_learning_training_aware,0.6633650976796949,0.3,0.15,0.15,0.15,0.1,0.1,0.05
arithmetic,831,0.0,a2c_pointer,2,core_learning_training_aware,0.7013191900524223,0.3,0.15,0.15,0.15,0.1,0.1,0.05
geometric,832,0.0,full,2,core_learning_training_aware,0.6416096253880419,0.3,0.15,0.15,0.15,0.15,0.05,0.05
arithmetic,832,1.0,full,1,core_learning_training_aware,0.6792685040477006,0.3,0.15,0.15,0.15,0.15,0.05,0.05
geometric,832,0.0,traditional_ppo,3,core_learning_training_aware,0.5045710725113994,0.3,0.15,0.15,0.15,0.15,0.05,0.05
arithmetic,832,0.0,traditional_ppo,3,core_learning_training_aware,0.5802591995358674,0.3,0.15,0.15,0.15,0.15,0.05,0.05
geometric,832,1.0,a2c_pointer,1,core_learning_training_aware,0.6426360329075658,0.3,0.15,0.15,0.15,0.15,0.05,0.05
arithmetic,832,0.0,a2c_pointer,2,core_learning_training_aware,0.6785203843071896,0.3,0.15,0.15,0.15,0.15,0.05,0.05
geometric,833,1.0,full,1,core_learning_training_aware,0.6862555829883569,0.3,0.15,0.2,0.05,0.05,0.05,0.2
arithmetic,833,1.0,full,1,core_learning_training_aware,0.7276963453547729,0.3,0.15,0.2,0.05,0.05,0.05,0.2
geometric,833,0.0,traditional_ppo,3,core_learning_training_aware,0.40890706065295473,0.3,0.15,0.2,0.05,0.05,0.05,0.2
arithmetic,833,0.0,traditional_ppo,3,core_learning_training_aware,0.4955518790440355,0.3,0.15,0.2,0.05,0.05,0.05,0.2
geometric,833,0.0,a2c_pointer,2,core_learning_training_aware,0.6852971837206205,0.3,0.15,0.2,0.05,0.05,0.05,0.2
arithmetic,833,0.0,a2c_pointer,2,core_learning_training_aware,0.7247522868888122,0.3,0.15,0.2,0.05,0.05,0.05,0.2
geometric,834,1.0,full,1,core_learning_training_aware,0.6869819093745967,0.3,0.15,0.2,0.05,0.05,0.1,0.15
arithmetic,834,1.0,full,1,core_learning_training_aware,0.7287284452017796,0.3,0.15,0.2,0.05,0.05,0.1,0.15
geometric,834,0.0,traditional_ppo,3,core_learning_training_aware,0.44525012125845076,0.3,0.15,0.2,0.05,0.05,0.1,0.15
arithmetic,834,0.0,traditional_ppo,3,core_learning_training_aware,0.5358814917128705,0.3,0.15,0.2,0.05,0.05,0.1,0.15
geometric,834,0.0,a2c_pointer,2,core_learning_training_aware,0.6861362426260408,0.3,0.15,0.2,0.05,0.05,0.1,0.15
arithmetic,834,0.0,a2c_pointer,2,core_learning_training_aware,0.7259249102300064,0.3,0.15,0.2,0.05,0.05,0.1,0.15
geometric,835,1.0,full,1,core_learning_training_aware,0.6877090044977799,0.3,0.15,0.2,0.05,0.05,0.15,0.1
arithmetic,835,1.0,full,1,core_learning_training_aware,0.7297605450487863,0.3,0.15,0.2,0.05,0.05,0.15,0.1
geometric,835,0.0,traditional_ppo,3,core_learning_training_aware,0.484823299857179,0.3,0.15,0.2,0.05,0.05,0.15,0.1
arithmetic,835,0.0,traditional_ppo,3,core_learning_training_aware,0.5762111043817055,0.3,0.15,0.2,0.05,0.05,0.15,0.1
geometric,835,0.0,a2c_pointer,2,core_learning_training_aware,0.6869763288519629,0.3,0.15,0.2,0.05,0.05,0.15,0.1
arithmetic,835,0.0,a2c_pointer,2,core_learning_training_aware,0.7270975335712004,0.3,0.15,0.2,0.05,0.05,0.15,0.1
geometric,836,1.0,full,1,core_learning_training_aware,0.6884368691715307,0.3,0.15,0.2,0.05,0.05,0.2,0.05
arithmetic,836,1.0,full,1,core_learning_training_aware,0.7307926448957931,0.3,0.15,0.2,0.05,0.05,0.2,0.05
geometric,836,0.0,traditional_ppo,3,core_learning_training_aware,0.5279136846050725,0.3,0.15,0.2,0.05,0.05,0.2,0.05
arithmetic,836,0.0,traditional_ppo,3,core_learning_training_aware,0.6165407170505406,0.3,0.15,0.2,0.05,0.05,0.2,0.05
geometric,836,0.0,a2c_pointer,2,core_learning_training_aware,0.6878174436562098,0.3,0.15,0.2,0.05,0.05,0.2,0.05
arithmetic,836,0.0,a2c_pointer,2,core_learning_training_aware,0.7282701569123946,0.3,0.15,0.2,0.05,0.05,0.2,0.05
geometric,837,0.0,full,2,core_learning_training_aware,0.664425159284539,0.3,0.15,0.2,0.05,0.1,0.05,0.15
arithmetic,837,1.0,full,1,core_learning_training_aware,0.7047125992080346,0.3,0.15,0.2,0.05,0.1,0.05,0.15
geometric,837,0.0,traditional_ppo,3,core_learning_training_aware,0.43553940096101706,0.3,0.15,0.2,0.05,0.1,0.05,0.15
arithmetic,837,0.0,traditional_ppo,3,core_learning_training_aware,0.5182961347172772,0.3,0.15,0.2,0.05,0.1,0.05,0.15
geometric,837,1.0,a2c_pointer,1,core_learning_training_aware,0.6646956171459706,0.3,0.15,0.2,0.05,0.1,0.05,0.15
arithmetic,837,0.0,a2c_pointer,2,core_learning_training_aware,0.7031261044847738,0.3,0.15,0.2,0.05,0.1,0.05,0.15
geometric,838,0.0,full,2,core_learning_training_aware,0.6651283805578269,0.3,0.15,0.2,0.05,0.1,0.1,0.1
arithmetic,838,1.0,full,1,core_learning_training_aware,0.7057446990550414,0.3,0.15,0.2,0.05,0.1,0.1,0.1
geometric,838,0.0,traditional_ppo,3,core_learning_training_aware,0.4742495049634564,0.3,0.15,0.2,0.05,0.1,0.1,0.1
arithmetic,838,0.0,traditional_ppo,3,core_learning_training_aware,0.5586257473861123,0.3,0.15,0.2,0.05,0.1,0.1,0.1
geometric,838,1.0,a2c_pointer,1,core_learning_training_aware,0.6655094520634469,0.3,0.15,0.2,0.05,0.1,0.1,0.1
arithmetic,838,0.0,a2c_pointer,2,core_learning_training_aware,0.7042987278259681,0.3,0.15,0.2,0.05,0.1,0.1,0.1
geometric,839,0.0,full,2,core_learning_training_aware,0.6658323461138262,0.3,0.15,0.2,0.05,0.1,0.15,0.05
arithmetic,839,1.0,full,1,core_learning_training_aware,0.7067767989020481,0.3,0.15,0.2,0.05,0.1,0.15,0.05
geometric,839,0.0,traditional_ppo,3,core_learning_training_aware,0.516400106309129,0.3,0.15,0.2,0.05,0.1,0.15,0.05
arithmetic,839,0.0,traditional_ppo,3,core_learning_training_aware,0.5989553600549473,0.3,0.15,0.2,0.05,0.1,0.15,0.05
geometric,839,1.0,a2c_pointer,1,core_learning_training_aware,0.6663242834178726,0.3,0.15,0.2,0.05,0.1,0.15,0.05
arithmetic,839,0.0,a2c_pointer,2,core_learning_training_aware,0.7054713511671621,0.3,0.15,0.2,0.05,0.1,0.15,0.05
geometric,840,0.0,full,2,core_learning_training_aware,0.6432891815144256,0.3,0.15,0.2,0.05,0.15,0.05,0.1
arithmetic,840,1.0,full,1,core_learning_training_aware,0.6817288530612965,0.3,0.15,0.2,0.05,0.15,0.05,0.1
geometric,840,0.0,traditional_ppo,3,core_learning_training_aware,0.46390632014661665,0.3,0.15,0.2,0.05,0.15,0.05,0.1
arithmetic,840,0.0,traditional_ppo,3,core_learning_training_aware,0.5410403903905189,0.3,0.15,0.2,0.05,0.15,0.05,0.1
geometric,840,1.0,a2c_pointer,1,core_learning_training_aware,0.644713379754939,0.3,0.15,0.2,0.05,0.15,0.05,0.1
arithmetic,840,0.0,a2c_pointer,2,core_learning_training_aware,0.6814999220807354,0.3,0.15,0.2,0.05,0.15,0.05,0.1
geometric,841,0.0,full,2,core_learning_training_aware,0.6439700326697371,0.3,0.15,0.2,0.05,0.15,0.1,0.05
arithmetic,841,1.0,full,1,core_learning_training_aware,0.6827609529083032,0.3,0.15,0.2,0.05,0.15,0.1,0.05
geometric,841,0.0,traditional_ppo,3,core_learning_training_aware,0.505137634375916,0.3,0.15,0.2,0.05,0.15,0.1,0.05
arithmetic,841,0.0,traditional_ppo,3,core_learning_training_aware,0.5813700030593539,0.3,0.15,0.2,0.05,0.15,0.1,0.05
geometric,841,1.0,a2c_pointer,1,core_learning_training_aware,0.6455027489739835,0.3,0.15,0.2,0.05,0.15,0.1,0.05
arithmetic,841,0.0,a2c_pointer,2,core_learning_training_aware,0.6826725454219296,0.3,0.15,0.2,0.05,0.15,0.1,0.05
geometric,842,1.0,full,1,core_learning_training_aware,0.6846505071303931,0.3,0.15,0.2,0.1,0.05,0.05,0.15
arithmetic,842,1.0,full,1,core_learning_training_aware,0.7254878754673532,0.3,0.15,0.2,0.1,0.05,0.05,0.15
geometric,842,0.0,traditional_ppo,3,core_learning_training_aware,0.4443374729731493,0.3,0.15,0.2,0.1,0.05,0.05,0.15
arithmetic,842,0.0,traditional_ppo,3,core_learning_training_aware,0.5338988662070623,0.3,0.15,0.2,0.1,0.05,0.05,0.15
geometric,842,0.0,a2c_pointer,2,core_learning_training_aware,0.6838232209379043,0.3,0.15,0.2,0.1,0.05,0.05,0.15
arithmetic,842,0.0,a2c_pointer,2,core_learning_training_aware,0.7227572847545578,0.3,0.15,0.2,0.1,0.05,0.05,0.15
geometric,843,1.0,full,1,core_learning_training_aware,0.685375134719601,0.3,0.15,0.2,0.1,0.05,0.1,0.1
arithmetic,843,1.0,full,1,core_learning_training_aware,0.72651997531436,0.3,0.15,0.2,0.1,0.05,0.1,0.1
geometric,843,0.0,traditional_ppo,3,core_learning_training_aware,0.48382953672907847,0.3,0.15,0.2,0.1,0.05,0.1,0.1
arithmetic,843,0.0,traditional_ppo,3,core_learning_training_aware,0.5742284788758975,0.3,0.15,0.2,0.1,0.05,0.1,0.1
geometric,843,0.0,a2c_pointer,2,core_learning_training_aware,0.6846604751640868,0.3,0.15,0.2,0.1,0.05,0.1,0.1
arithmetic,843,0.0,a2c_pointer,2,core_learning_training_aware,0.7239299080957521,0.3,0.15,0.2,0.1,0.05,0.1,0.1
geometric,844,1.0,full,1,core_learning_training_aware,0.6861005292477617,0.3,0.15,0.2,0.1,0.05,0.15,0.05
arithmetic,844,1.0,full,1,core_learning_training_aware,0.7275520751613667,0.3,0.15,0.2,0.1,0.05,0.15,0.05
geometric,844,0.0,traditional_ppo,3,core_learning_training_aware,0.526831597265758,0.3,0.15,0.2,0.1,0.05,0.15,0.05
arithmetic,844,0.0,traditional_ppo,3,core_learning_training_aware,0.6145580915447324,0.3,0.15,0.2,0.1,0.05,0.15,0.05
geometric,844,0.0,a2c_pointer,2,core_learning_training_aware,0.685498754501172,0.3,0.15,0.2,0.1,0.05,0.15,0.05
arithmetic,844,0.0,a2c_pointer,2,core_learning_training_aware,0.7251025314369461,0.3,0.15,0.2,0.1,0.05,0.15,0.05
geometric,845,0.0,full,2,core_learning_training_aware,0.6628711423715584,0.3,0.15,0.2,0.1,0.1,0.05,0.1
arithmetic,845,1.0,full,1,core_learning_training_aware,0.702504129320615,0.3,0.15,0.2,0.1,0.1,0.05,0.1
geometric,845,0.0,traditional_ppo,3,core_learning_training_aware,0.47327741539661555,0.3,0.15,0.2,0.1,0.1,0.05,0.1
arithmetic,845,0.0,traditional_ppo,3,core_learning_training_aware,0.5566431218803041,0.3,0.15,0.2,0.1,0.1,0.05,0.1
geometric,845,1.0,a2c_pointer,1,core_learning_training_aware,0.6632659649822353,0.3,0.15,0.2,0.1,0.1,0.05,0.1
arithmetic,845,0.0,a2c_pointer,2,core_learning_training_aware,0.7011311023505195,0.3,0.15,0.2,0.1,0.1,0.05,0.1
geometric,846,0.0,full,2,core_learning_training_aware,0.6635727188881163,0.3,0.15,0.2,0.1,0.1,0.1,0.05
arithmetic,846,1.0,full,1,core_learning_training_aware,0.7035362291676218,0.3,0.15,0.2,0.1,0.1,0.1,0.05
geometric,846,0.0,traditional_ppo,3,core_learning_training_aware,0.5153416188454523,0.3,0.15,0.2,0.1,0.1,0.1,0.05
arithmetic,846,0.0,traditional_ppo,3,core_learning_training_aware,0.5969727345491392,0.3,0.15,0.2,0.1,0.1,0.1,0.05
geometric,846,1.0,a2c_pointer,1,core_learning_training_aware,0.6640780494731696,0.3,0.15,0.2,0.1,0.1,0.1,0.05
arithmetic,846,0.0,a2c_pointer,2,core_learning_training_aware,0.7023037256917136,0.3,0.15,0.2,0.1,0.1,0.1,0.05
geometric,847,0.0,full,2,core_learning_training_aware,0.6417845993142463,0.3,0.15,0.2,0.1,0.15,0.05,0.05
arithmetic,847,1.0,full,1,core_learning_training_aware,0.6795203831738768,0.3,0.15,0.2,0.1,0.15,0.05,0.05
geometric,847,0.0,traditional_ppo,3,core_learning_training_aware,0.5041022320843873,0.3,0.15,0.2,0.1,0.15,0.05,0.05
arithmetic,847,0.0,traditional_ppo,3,core_learning_training_aware,0.5793873775535457,0.3,0.15,0.2,0.1,0.15,0.05,0.05
geometric,847,1.0,a2c_pointer,1,core_learning_training_aware,0.6433267061338414,0.3,0.15,0.2,0.1,0.15,0.05,0.05
arithmetic,847,0.0,a2c_pointer,2,core_learning_training_aware,0.679504919946481,0.3,0.15,0.2,0.1,0.15,0.05,0.05
geometric,848,1.0,full,1,core_learning_training_aware,0.6830491853672211,0.3,0.15,0.2,0.15,0.05,0.05,0.1
arithmetic,848,1.0,full,1,core_learning_training_aware,0.7232794055799335,0.3,0.15,0.2,0.15,0.05,0.05,0.1
geometric,848,0.0,traditional_ppo,3,core_learning_training_aware,0.48283781055991787,0.3,0.15,0.2,0.15,0.05,0.05,0.1
arithmetic,848,0.0,traditional_ppo,3,core_learning_training_aware,0.572245853370089,0.3,0.15,0.2,0.15,0.05,0.05,0.1
geometric,848,0.0,a2c_pointer,2,core_learning_training_aware,0.6823524284094025,0.3,0.15,0.2,0.15,0.05,0.05,0.1
arithmetic,848,0.0,a2c_pointer,2,core_learning_training_aware,0.7207622826203035,0.3,0.15,0.2,0.15,0.05,0.05,0.1
geometric,849,1.0,full,1,core_learning_training_aware,0.6837721181326952,0.3,0.15,0.2,0.15,0.05,0.1,0.05
arithmetic,849,1.0,full,1,core_learning_training_aware,0.7243115054269402,0.3,0.15,0.2,0.15,0.05,0.1,0.05
geometric,849,0.0,traditional_ppo,3,core_learning_training_aware,0.5257517279273101,0.3,0.15,0.2,0.15,0.05,0.1,0.05
arithmetic,849,0.0,traditional_ppo,3,core_learning_training_aware,0.6125754660389242,0.3,0.15,0.2,0.15,0.05,0.1,0.05
geometric,849,0.0,a2c_pointer,2,core_learning_training_aware,0.6831878818379188,0.3,0.15,0.2,0.15,0.05,0.1,0.05
arithmetic,849,0.0,a2c_pointer,2,core_learning_training_aware,0.7219349059614977,0.3,0.15,0.2,0.15,0.05,0.1,0.05
geometric,850,0.0,full,2,core_learning_training_aware,0.6613207601321479,0.3,0.15,0.2,0.15,0.1,0.05,0.05
arithmetic,850,1.0,full,1,core_learning_training_aware,0.7002956594331953,0.3,0.15,0.2,0.15,0.1,0.05,0.05
geometric,850,0.0,traditional_ppo,3,core_learning_training_aware,0.5142853010089644,0.3,0.15,0.2,0.15,0.1,0.05,0.05
arithmetic,850,0.0,traditional_ppo,3,core_learning_training_aware,0.5949901090433308,0.3,0.15,0.2,0.15,0.1,0.05,0.05
geometric,850,1.0,a2c_pointer,1,core_learning_training_aware,0.6618393877677802,0.3,0.15,0.2,0.15,0.1,0.05,0.05
arithmetic,850,0.0,a2c_pointer,2,core_learning_training_aware,0.699136100216265,0.3,0.15,0.2,0.15,0.1,0.05,0.05
geometric,851,1.0,full,1,core_learning_training_aware,0.684837218773377,0.3,0.15,0.25,0.05,0.05,0.05,0.15
arithmetic,851,1.0,full,1,core_learning_training_aware,0.7257397545935294,0.3,0.15,0.25,0.05,0.05,0.05,0.15
geometric,851,0.0,traditional_ppo,3,core_learning_training_aware,0.44392460076957785,0.3,0.15,0.25,0.05,0.05,0.05,0.15
arithmetic,851,0.0,traditional_ppo,3,core_learning_training_aware,0.5330270442247406,0.3,0.15,0.25,0.05,0.05,0.05,0.15
geometric,851,0.0,a2c_pointer,2,core_learning_training_aware,0.6845581601041232,0.3,0.15,0.25,0.05,0.05,0.05,0.15
arithmetic,851,0.0,a2c_pointer,2,core_learning_training_aware,0.7237418203938492,0.3,0.15,0.25,0.05,0.05,0.05,0.15
geometric,852,1.0,full,1,core_learning_training_aware,0.6855620439764131,0.3,0.15,0.25,0.05,0.05,0.1,0.1
arithmetic,852,1.0,full,1,core_learning_training_aware,0.7267718544405362,0.3,0.15,0.25,0.05,0.05,0.1,0.1
geometric,852,0.0,traditional_ppo,3,core_learning_training_aware,0.483379969048807,0.3,0.15,0.25,0.05,0.05,0.1,0.1
arithmetic,852,0.0,traditional_ppo,3,core_learning_training_aware,0.5733566568935756,0.3,0.15,0.25,0.05,0.05,0.1,0.1
geometric,852,0.0,a2c_pointer,2,core_learning_training_aware,0.6853963141694805,0.3,0.15,0.25,0.05,0.05,0.1,0.1
arithmetic,852,0.0,a2c_pointer,2,core_learning_training_aware,0.7249144437350434,0.3,0.15,0.25,0.05,0.05,0.1,0.1
geometric,853,1.0,full,1,core_learning_training_aware,0.6862876363275546,0.3,0.15,0.25,0.05,0.05,0.15,0.05
arithmetic,853,1.0,full,1,core_learning_training_aware,0.7278039542875427,0.3,0.15,0.25,0.05,0.05,0.15,0.05
geometric,853,0.0,traditional_ppo,3,core_learning_training_aware,0.5263420726685667,0.3,0.15,0.25,0.05,0.05,0.15,0.05
arithmetic,853,0.0,traditional_ppo,3,core_learning_training_aware,0.6136862695624107,0.3,0.15,0.25,0.05,0.05,0.15,0.05
geometric,853,0.0,a2c_pointer,2,core_learning_training_aware,0.6862354944474788,0.3,0.15,0.25,0.05,0.05,0.15,0.05
arithmetic,853,0.0,a2c_pointer,2,core_learning_training_aware,0.7260870670762375,0.3,0.15,0.25,0.05,0.05,0.15,0.05
geometric,854,0.0,full,2,core_learning_training_aware,0.663051914544791,0.3,0.15,0.25,0.05,0.1,0.05,0.1
arithmetic,854,1.0,full,1,core_learning_training_aware,0.7027560084467911,0.3,0.15,0.25,0.05,0.1,0.05,0.1
geometric,854,0.0,traditional_ppo,3,core_learning_training_aware,0.47283765260081106,0.3,0.15,0.25,0.05,0.1,0.05,0.1
arithmetic,854,0.0,traditional_ppo,3,core_learning_training_aware,0.5557712998979822,0.3,0.15,0.25,0.05,0.1,0.05,0.1
geometric,854,1.0,a2c_pointer,1,core_learning_training_aware,0.6639788102328206,0.3,0.15,0.25,0.05,0.1,0.05,0.1
arithmetic,854,0.0,a2c_pointer,2,core_learning_training_aware,0.7021156379898108,0.3,0.15,0.25,0.05,0.1,0.05,0.1
geometric,855,0.0,full,2,core_learning_training_aware,0.6637536823888989,0.3,0.15,0.25,0.05,0.1,0.1,0.05
arithmetic,855,1.0,full,1,core_learning_training_aware,0.7037881082937978,0.3,0.15,0.25,0.05,0.1,0.1,0.05
geometric,855,0.0,traditional_ppo,3,core_learning_training_aware,0.514862770576498,0.3,0.15,0.25,0.05,0.1,0.1,0.05
arithmetic,855,0.0,traditional_ppo,3,core_learning_training_aware,0.5961009125668174,0.3,0.15,0.25,0.05,0.1,0.1,0.05
geometric,855,1.0,a2c_pointer,1,core_learning_training_aware,0.664791767511751,0.3,0.15,0.25,0.05,0.1,0.1,0.05
arithmetic,855,0.0,a2c_pointer,2,core_learning_training_aware,0.703288261331005,0.3,0.15,0.25,0.05,0.1,0.1,0.05
geometric,856,0.0,full,2,core_learning_training_aware,0.6419596209577442,0.3,0.15,0.25,0.05,0.15,0.05,0.05
arithmetic,856,0.0,full,2,core_learning_training_aware,0.6797722623000529,0.3,0.15,0.25,0.05,0.15,0.05,0.05
geometric,856,0.0,traditional_ppo,3,core_learning_training_aware,0.503633827297383,0.3,0.15,0.25,0.05,0.15,0.05,0.05
arithmetic,856,0.0,traditional_ppo,3,core_learning_training_aware,0.578515555571224,0.3,0.15,0.25,0.05,0.15,0.05,0.05
geometric,856,1.0,a2c_pointer,1,core_learning_training_aware,0.6440181216613279,0.3,0.15,0.25,0.05,0.15,0.05,0.05
arithmetic,856,1.0,a2c_pointer,1,core_learning_training_aware,0.6804894555857723,0.3,0.15,0.25,0.05,0.15,0.05,0.05
geometric,857,1.0,full,1,core_learning_training_aware,0.6832354603123361,0.3,0.15,0.25,0.1,0.05,0.05,0.1
arithmetic,857,1.0,full,1,core_learning_training_aware,0.7235312847061096,0.3,0.15,0.25,0.1,0.05,0.05,0.1
geometric,857,0.0,traditional_ppo,3,core_learning_training_aware,0.48238916437781754,0.3,0.15,0.25,0.1,0.05,0.05,0.1
arithmetic,857,0.0,traditional_ppo,3,core_learning_training_aware,0.5713740313877673,0.3,0.15,0.25,0.1,0.05,0.05,0.1
geometric,857,0.0,a2c_pointer,2,core_learning_training_aware,0.6830857868410083,0.3,0.15,0.25,0.1,0.05,0.05,0.1
arithmetic,857,0.0,a2c_pointer,2,core_learning_training_aware,0.7217468182595947,0.3,0.15,0.25,0.1,0.05,0.05,0.1
geometric,858,1.0,full,1,core_learning_training_aware,0.6839585902294415,0.3,0.15,0.25,0.1,0.05,0.1,0.05
arithmetic,858,1.0,full,1,core_learning_training_aware,0.7245633845531163,0.3,0.15,0.25,0.1,0.05,0.1,0.05
geometric,858,0.0,traditional_ppo,3,core_learning_training_aware,0.5252632067296977,0.3,0.15,0.25,0.1,0.05,0.1,0.05
arithmetic,858,0.0,traditional_ppo,3,core_learning_training_aware,0.6117036440566025,0.3,0.15,0.25,0.1,0.05,0.1,0.05
geometric,858,0.0,a2c_pointer,2,core_learning_training_aware,0.6839221381732918,0.3,0.15,0.25,0.1,0.05,0.1,0.05
arithmetic,858,0.0,a2c_pointer,2,core_learning_training_aware,0.7229194416007889,0.3,0.15,0.25,0.1,0.05,0.1,0.05
geometric,859,0.0,full,2,core_learning_training_aware,0.6615011094992741,0.3,0.15,0.25,0.1,0.1,0.05,0.05
arithmetic,859,1.0,full,1,core_learning_training_aware,0.7005475385593714,0.3,0.15,0.25,0.1,0.1,0.05,0.05
geometric,859,0.0,traditional_ppo,3,core_learning_training_aware,0.5138074342558606,0.3,0.15,0.25,0.1,0.1,0.05,0.05
arithmetic,859,0.0,traditional_ppo,3,core_learning_training_aware,0.5941182870610091,0.3,0.15,0.25,0.1,0.1,0.05,0.05
geometric,859,1.0,a2c_pointer,1,core_learning_training_aware,0.6625506998041714,0.3,0.15,0.25,0.1,0.1,0.05,0.05
arithmetic,859,0.0,a2c_pointer,2,core_learning_training_aware,0.7001206358555564,0.3,0.15,0.25,0.1,0.1,0.05,0.05
geometric,860,1.0,full,1,core_learning_training_aware,0.6816374481870625,0.3,0.15,0.25,0.15,0.05,0.05,0.05
arithmetic,860,1.0,full,1,core_learning_training_aware,0.72132281481869,0.3,0.15,0.25,0.15,0.05,0.05,0.05
geometric,860,0.0,traditional_ppo,3,core_learning_training_aware,0.5241865521886526,0.3,0.15,0.25,0.15,0.05,0.05,0.05
arithmetic,860,0.0,traditional_ppo,3,core_learning_training_aware,0.6097210185507942,0.3,0.15,0.25,0.15,0.05,0.05,0.05
geometric,860,0.0,a2c_pointer,2,core_learning_training_aware,0.6816165804133096,0.3,0.15,0.25,0.15,0.05,0.05,0.05
arithmetic,860,0.0,a2c_pointer,2,core_learning_training_aware,0.7197518161253403,0.3,0.15,0.25,0.15,0.05,0.05,0.05
geometric,861,1.0,full,1,core_learning_training_aware,0.6567390747754818,0.3,0.2,0.1,0.05,0.05,0.1,0.2
arithmetic,861,1.0,full,1,core_learning_training_aware,0.702430625082766,0.3,0.2,0.1,0.05,0.05,0.1,0.2
geometric,861,0.0,traditional_ppo,3,core_learning_training_aware,0.39135158687186905,0.3,0.2,0.1,0.05,0.05,0.1,0.2
arithmetic,861,0.0,traditional_ppo,3,core_learning_training_aware,0.4701466074660321,0.3,0.2,0.1,0.05,0.05,0.1,0.2
geometric,861,0.0,a2c_pointer,2,core_learning_training_aware,0.6553153303264642,0.3,0.2,0.1,0.05,0.05,0.1,0.2
arithmetic,861,0.0,a2c_pointer,2,core_learning_training_aware,0.6986942780304407,0.3,0.2,0.1,0.05,0.05,0.1,0.2
geometric,862,1.0,full,1,core_learning_training_aware,0.6574341611699807,0.3,0.2,0.1,0.05,0.05,0.15,0.15
arithmetic,862,1.0,full,1,core_learning_training_aware,0.7034627249297727,0.3,0.2,0.1,0.05,0.05,0.15,0.15
geometric,862,0.0,traditional_ppo,3,core_learning_training_aware,0.42613434268202754,0.3,0.2,0.1,0.05,0.05,0.15,0.15
arithmetic,862,0.0,traditional_ppo,3,core_learning_training_aware,0.510476220134867,0.3,0.2,0.1,0.05,0.05,0.15,0.15
geometric,862,0.0,a2c_pointer,2,core_learning_training_aware,0.6561176802803683,0.3,0.2,0.1,0.05,0.05,0.15,0.15
arithmetic,862,0.0,a2c_pointer,2,core_learning_training_aware,0.6998669013716349,0.3,0.2,0.1,0.05,0.05,0.15,0.15
geometric,863,1.0,full,1,core_learning_training_aware,0.6581299832373129,0.3,0.2,0.1,0.05,0.05,0.2,0.1
arithmetic,863,1.0,full,1,core_learning_training_aware,0.7044948247767794,0.3,0.2,0.1,0.05,0.05,0.2,0.1
geometric,863,0.0,traditional_ppo,3,core_learning_training_aware,0.46400853888066024,0.3,0.2,0.1,0.05,0.05,0.2,0.1
arithmetic,863,0.0,traditional_ppo,3,core_learning_training_aware,0.550805832803702,0.3,0.2,0.1,0.05,0.05,0.2,0.1
geometric,863,0.0,a2c_pointer,2,core_learning_training_aware,0.65692101260935,0.3,0.2,0.1,0.05,0.05,0.2,0.1
arithmetic,863,0.0,a2c_pointer,2,core_learning_training_aware,0.7010395247128288,0.3,0.2,0.1,0.05,0.05,0.2,0.1
geometric,864,1.0,full,1,core_learning_training_aware,0.6351753349128524,0.3,0.2,0.1,0.05,0.1,0.05,0.2
arithmetic,864,1.0,full,1,core_learning_training_aware,0.6784147790890211,0.3,0.2,0.1,0.05,0.1,0.05,0.2
geometric,864,0.0,traditional_ppo,3,core_learning_training_aware,0.3828163712332334,0.3,0.2,0.1,0.05,0.1,0.05,0.2
arithmetic,864,0.0,traditional_ppo,3,core_learning_training_aware,0.4525612504704387,0.3,0.2,0.1,0.05,0.1,0.05,0.2
geometric,864,0.0,a2c_pointer,2,core_learning_training_aware,0.634837807502275,0.3,0.2,0.1,0.05,0.1,0.05,0.2
arithmetic,864,0.0,a2c_pointer,2,core_learning_training_aware,0.6758954722852082,0.3,0.2,0.1,0.05,0.1,0.05,0.2
geometric,865,1.0,full,1,core_learning_training_aware,0.635847598450042,0.3,0.2,0.1,0.05,0.1,0.1,0.15
arithmetic,865,1.0,full,1,core_learning_training_aware,0.6794468789360278,0.3,0.2,0.1,0.05,0.1,0.1,0.15
geometric,865,0.0,traditional_ppo,3,core_learning_training_aware,0.41684052957936035,0.3,0.2,0.1,0.05,0.1,0.1,0.15
arithmetic,865,0.0,traditional_ppo,3,core_learning_training_aware,0.49289086313927377,0.3,0.2,0.1,0.05,0.1,0.1,0.15
geometric,865,0.0,a2c_pointer,2,core_learning_training_aware,0.6356150853439703,0.3,0.2,0.1,0.05,0.1,0.1,0.15
arithmetic,865,0.0,a2c_pointer,2,core_learning_training_aware,0.6770680956264022,0.3,0.2,0.1,0.05,0.1,0.1,0.15
geometric,866,1.0,full,1,core_learning_training_aware,0.6365205735045696,0.3,0.2,0.1,0.05,0.1,0.15,0.1
arithmetic,866,1.0,full,1,core_learning_training_aware,0.6804789787830345,0.3,0.2,0.1,0.05,0.1,0.15,0.1
geometric,866,0.0,traditional_ppo,3,core_learning_training_aware,0.4538887052825116,0.3,0.2,0.1,0.05,0.1,0.15,0.1
arithmetic,866,0.0,traditional_ppo,3,core_learning_training_aware,0.5332204758081087,0.3,0.2,0.1,0.05,0.1,0.15,0.1
geometric,866,0.0,a2c_pointer,2,core_learning_training_aware,0.636393314863143,0.3,0.2,0.1,0.05,0.1,0.15,0.1
arithmetic,866,0.0,a2c_pointer,2,core_learning_training_aware,0.6782407189675965,0.3,0.2,0.1,0.05,0.1,0.15,0.1
geometric,867,1.0,full,1,core_learning_training_aware,0.6371942608294984,0.3,0.2,0.1,0.05,0.1,0.2,0.05
arithmetic,867,1.0,full,1,core_learning_training_aware,0.6815110786300413,0.3,0.2,0.1,0.05,0.1,0.2,0.05
geometric,867,0.0,traditional_ppo,3,core_learning_training_aware,0.49422966857595935,0.3,0.2,0.1,0.05,0.1,0.2,0.05
arithmetic,867,0.0,traditional_ppo,3,core_learning_training_aware,0.5735500884769439,0.3,0.2,0.1,0.05,0.1,0.2,0.05
geometric,867,0.0,a2c_pointer,2,core_learning_training_aware,0.6371724972250006,0.3,0.2,0.1,0.05,0.1,0.2,0.05
arithmetic,867,0.0,a2c_pointer,2,core_learning_training_aware,0.6794133423087906,0.3,0.2,0.1,0.05,0.1,0.2,0.05
geometric,868,0.0,full,2,core_learning_training_aware,0.6149698210619039,0.3,0.2,0.1,0.05,0.15,0.05,0.15
arithmetic,868,1.0,full,1,core_learning_training_aware,0.6554310329422829,0.3,0.2,0.1,0.05,0.15,0.05,0.15
geometric,868,0.0,traditional_ppo,3,core_learning_training_aware,0.4077494106821019,0.3,0.2,0.1,0.05,0.15,0.05,0.15
arithmetic,868,0.0,traditional_ppo,3,core_learning_training_aware,0.47530550614368045,0.3,0.2,0.1,0.05,0.15,0.05,0.15
geometric,868,1.0,a2c_pointer,1,core_learning_training_aware,0.6157531626707345,0.3,0.2,0.1,0.05,0.15,0.05,0.15
arithmetic,868,0.0,a2c_pointer,2,core_learning_training_aware,0.6542692898811697,0.3,0.2,0.1,0.05,0.15,0.05,0.15
geometric,869,0.0,full,2,core_learning_training_aware,0.6156206992752853,0.3,0.2,0.1,0.05,0.15,0.1,0.1
arithmetic,869,1.0,full,1,core_learning_training_aware,0.6564631327892896,0.3,0.2,0.1,0.05,0.15,0.1,0.1
geometric,869,0.0,traditional_ppo,3,core_learning_training_aware,0.4439895810538528,0.3,0.2,0.1,0.05,0.15,0.1,0.1
arithmetic,869,0.0,traditional_ppo,3,core_learning_training_aware,0.5156351188125154,0.3,0.2,0.1,0.05,0.15,0.1,0.1
geometric,869,1.0,a2c_pointer,1,core_learning_training_aware,0.616507073801486,0.3,0.2,0.1,0.05,0.15,0.1,0.1
arithmetic,869,0.0,a2c_pointer,2,core_learning_training_aware,0.6554419132223639,0.3,0.2,0.1,0.05,0.15,0.1,0.1
geometric,870,0.0,full,2,core_learning_training_aware,0.6162722663719811,0.3,0.2,0.1,0.05,0.15,0.15,0.05
arithmetic,870,1.0,full,1,core_learning_training_aware,0.6574952326362964,0.3,0.2,0.1,0.05,0.15,0.15,0.05
geometric,870,0.0,traditional_ppo,3,core_learning_training_aware,0.4834507246855686,0.3,0.2,0.1,0.05,0.15,0.15,0.05
arithmetic,870,0.0,traditional_ppo,3,core_learning_training_aware,0.5559647314813505,0.3,0.2,0.1,0.05,0.15,0.15,0.05
geometric,870,1.0,a2c_pointer,1,core_learning_training_aware,0.6172619080001605,0.3,0.2,0.1,0.05,0.15,0.15,0.05
arithmetic,870,0.0,a2c_pointer,2,core_learning_training_aware,0.6566145365635581,0.3,0.2,0.1,0.05,0.15,0.15,0.05
geometric,871,1.0,full,1,core_learning_training_aware,0.6545103072753571,0.3,0.2,0.1,0.1,0.05,0.05,0.2
arithmetic,871,1.0,full,1,core_learning_training_aware,0.6991900553483396,0.3,0.2,0.1,0.1,0.05,0.05,0.2
geometric,871,0.0,traditional_ppo,3,core_learning_training_aware,0.3905494167260213,0.3,0.2,0.1,0.1,0.05,0.05,0.2
arithmetic,871,0.0,traditional_ppo,3,core_learning_training_aware,0.4681639819602238,0.3,0.2,0.1,0.1,0.05,0.05,0.2
geometric,871,0.0,a2c_pointer,2,core_learning_training_aware,0.6531062084677905,0.3,0.2,0.1,0.1,0.05,0.05,0.2
arithmetic,871,0.0,a2c_pointer,2,core_learning_training_aware,0.6955266525549922,0.3,0.2,0.1,0.1,0.05,0.05,0.2
geometric,872,1.0,full,1,core_learning_training_aware,0.655203034763518,0.3,0.2,0.1,0.1,0.05,0.1,0.15
arithmetic,872,1.0,full,1,core_learning_training_aware,0.7002221551953463,0.3,0.2,0.1,0.1,0.05,0.1,0.15
geometric,872,0.0,traditional_ppo,3,core_learning_training_aware,0.42526087682859304,0.3,0.2,0.1,0.1,0.05,0.1,0.15
arithmetic,872,0.0,traditional_ppo,3,core_learning_training_aware,0.5084935946290589,0.3,0.2,0.1,0.1,0.05,0.1,0.15
geometric,872,0.0,a2c_pointer,2,core_learning_training_aware,0.6539058536340306,0.3,0.2,0.1,0.1,0.05,0.1,0.15
arithmetic,872,0.0,a2c_pointer,2,core_learning_training_aware,0.6966992758961864,0.3,0.2,0.1,0.1,0.05,0.1,0.15
geometric,873,1.0,full,1,core_learning_training_aware,0.6558964954278682,0.3,0.2,0.1,0.1,0.05,0.15,0.1
arithmetic,873,1.0,full,1,core_learning_training_aware,0.7012542550423531,0.3,0.2,0.1,0.1,0.05,0.15,0.1
geometric,873,0.0,traditional_ppo,3,core_learning_training_aware,0.4630574406615788,0.3,0.2,0.1,0.1,0.05,0.15,0.1
arithmetic,873,0.0,traditional_ppo,3,core_learning_training_aware,0.5488232072978938,0.3,0.2,0.1,0.1,0.05,0.15,0.1
geometric,873,0.0,a2c_pointer,2,core_learning_training_aware,0.6547064778636812,0.3,0.2,0.1,0.1,0.05,0.15,0.1
arithmetic,873,0.0,a2c_pointer,2,core_learning_training_aware,0.6978718992373805,0.3,0.2,0.1,0.1,0.05,0.15,0.1
geometric,874,1.0,full,1,core_learning_training_aware,0.6565906900443943,0.3,0.2,0.1,0.1,0.05,0.2,0.05
arithmetic,874,1.0,full,1,core_learning_training_aware,0.7022863548893598,0.3,0.2,0.1,0.1,0.05,0.2,0.05
geometric,874,0.0,traditional_ppo,3,core_learning_training_aware,0.5042133077256415,0.3,0.2,0.1,0.1,0.05,0.2,0.05
arithmetic,874,0.0,traditional_ppo,3,core_learning_training_aware,0.589152819966729,0.3,0.2,0.1,0.1,0.05,0.2,0.05
geometric,874,0.0,a2c_pointer,2,core_learning_training_aware,0.6555080823554804,0.3,0.2,0.1,0.1,0.05,0.2,0.05
arithmetic,874,0.0,a2c_pointer,2,core_learning_training_aware,0.6990445225785746,0.3,0.2,0.1,0.1,0.05,0.2,0.05
geometric,875,1.0,full,1,core_learning_training_aware,0.6336897301018822,0.3,0.2,0.1,0.1,0.1,0.05,0.15
arithmetic,875,1.0,full,1,core_learning_training_aware,0.6762063092016014,0.3,0.2,0.1,0.1,0.1,0.05,0.15
geometric,875,0.0,traditional_ppo,3,core_learning_training_aware,0.41598611365356675,0.3,0.2,0.1,0.1,0.1,0.05,0.15
arithmetic,875,0.0,traditional_ppo,3,core_learning_training_aware,0.4909082376334655,0.3,0.2,0.1,0.1,0.1,0.05,0.15
geometric,875,0.0,a2c_pointer,2,core_learning_training_aware,0.6334723746308902,0.3,0.2,0.1,0.1,0.1,0.05,0.15
arithmetic,875,0.0,a2c_pointer,2,core_learning_training_aware,0.6739004701509538,0.3,0.2,0.1,0.1,0.1,0.05,0.15
geometric,876,1.0,full,1,core_learning_training_aware,0.6343604212890604,0.3,0.2,0.1,0.1,0.1,0.1,0.1
arithmetic,876,1.0,full,1,core_learning_training_aware,0.6772384090486082,0.3,0.2,0.1,0.1,0.1,0.1,0.1
geometric,876,0.0,traditional_ppo,3,core_learning_training_aware,0.4529583501207363,0.3,0.2,0.1,0.1,0.1,0.1,0.1
arithmetic,876,0.0,traditional_ppo,3,core_learning_training_aware,0.5312378503023006,0.3,0.2,0.1,0.1,0.1,0.1,0.1
geometric,876,0.0,a2c_pointer,2,core_learning_training_aware,0.6342479806743675,0.3,0.2,0.1,0.1,0.1,0.1,0.1
arithmetic,876,0.0,a2c_pointer,2,core_learning_training_aware,0.6750730934921482,0.3,0.2,0.1,0.1,0.1,0.1,0.1
geometric,877,1.0,full,1,core_learning_training_aware,0.6350318223294164,0.3,0.2,0.1,0.1,0.1,0.15,0.05
arithmetic,877,1.0,full,1,core_learning_training_aware,0.6782705088956149,0.3,0.2,0.1,0.1,0.1,0.15,0.05
geometric,877,0.0,traditional_ppo,3,core_learning_training_aware,0.49321662481014045,0.3,0.2,0.1,0.1,0.1,0.15,0.05
arithmetic,877,0.0,traditional_ppo,3,core_learning_training_aware,0.5715674629711356,0.3,0.2,0.1,0.1,0.1,0.15,0.05
geometric,877,0.0,a2c_pointer,2,core_learning_training_aware,0.6350245363484189,0.3,0.2,0.1,0.1,0.1,0.15,0.05
arithmetic,877,0.0,a2c_pointer,2,core_learning_training_aware,0.6762457168333421,0.3,0.2,0.1,0.1,0.1,0.15,0.05
geometric,878,0.0,full,2,core_learning_training_aware,0.6135314747116062,0.3,0.2,0.1,0.1,0.15,0.05,0.1
arithmetic,878,1.0,full,1,core_learning_training_aware,0.6532225630548633,0.3,0.2,0.1,0.1,0.15,0.05,0.1
geometric,878,0.0,traditional_ppo,3,core_learning_training_aware,0.44307951655191563,0.3,0.2,0.1,0.1,0.15,0.05,0.1
arithmetic,878,0.0,traditional_ppo,3,core_learning_training_aware,0.5136524933067073,0.3,0.2,0.1,0.1,0.15,0.05,0.1
geometric,878,1.0,a2c_pointer,1,core_learning_training_aware,0.6144287777663797,0.3,0.2,0.1,0.1,0.15,0.05,0.1
arithmetic,878,0.0,a2c_pointer,2,core_learning_training_aware,0.6522742877469154,0.3,0.2,0.1,0.1,0.15,0.05,0.1
geometric,879,0.0,full,2,core_learning_training_aware,0.6141808305928818,0.3,0.2,0.1,0.1,0.15,0.1,0.05
arithmetic,879,1.0,full,1,core_learning_training_aware,0.65425466290187,0.3,0.2,0.1,0.1,0.15,0.1,0.05
geometric,879,0.0,traditional_ppo,3,core_learning_training_aware,0.4824597749837134,0.3,0.2,0.1,0.1,0.15,0.1,0.05
arithmetic,879,0.0,traditional_ppo,3,core_learning_training_aware,0.5539821059755423,0.3,0.2,0.1,0.1,0.15,0.1,0.05
geometric,879,1.0,a2c_pointer,1,core_learning_training_aware,0.6151810673569079,0.3,0.2,0.1,0.1,0.15,0.1,0.05
arithmetic,879,0.0,a2c_pointer,2,core_learning_training_aware,0.6534469110881096,0.3,0.2,0.1,0.1,0.15,0.1,0.05
geometric,880,1.0,full,1,core_learning_training_aware,0.6529794801039096,0.3,0.2,0.1,0.15,0.05,0.05,0.15
arithmetic,880,1.0,full,1,core_learning_training_aware,0.6969815854609199,0.3,0.2,0.1,0.15,0.05,0.05,0.15
geometric,880,0.0,traditional_ppo,3,core_learning_training_aware,0.4243892013556107,0.3,0.2,0.1,0.15,0.05,0.05,0.15
arithmetic,880,0.0,traditional_ppo,3,core_learning_training_aware,0.5065109691232507,0.3,0.2,0.1,0.15,0.05,0.05,0.15
geometric,880,0.0,a2c_pointer,2,core_learning_training_aware,0.6517014832371746,0.3,0.2,0.1,0.15,0.05,0.05,0.15
arithmetic,880,0.0,a2c_pointer,2,core_learning_training_aware,0.6935316504207378,0.3,0.2,0.1,0.15,0.05,0.05,0.15
geometric,881,1.0,full,1,core_learning_training_aware,0.6536705873791427,0.3,0.2,0.1,0.15,0.05,0.1,0.1
arithmetic,881,1.0,full,1,core_learning_training_aware,0.6980136853079266,0.3,0.2,0.1,0.15,0.05,0.1,0.1
geometric,881,0.0,traditional_ppo,3,core_learning_training_aware,0.46210829194934167,0.3,0.2,0.1,0.15,0.05,0.1,0.1
arithmetic,881,0.0,traditional_ppo,3,core_learning_training_aware,0.5468405817920856,0.3,0.2,0.1,0.15,0.05,0.1,0.1
geometric,881,0.0,a2c_pointer,2,core_learning_training_aware,0.6524994084967195,0.3,0.2,0.1,0.15,0.05,0.1,0.1
arithmetic,881,0.0,a2c_pointer,2,core_learning_training_aware,0.694704273761932,0.3,0.2,0.1,0.15,0.05,0.1,0.1
geometric,882,1.0,full,1,core_learning_training_aware,0.654362426115747,0.3,0.2,0.1,0.15,0.05,0.15,0.05
arithmetic,882,1.0,full,1,core_learning_training_aware,0.6990457851549334,0.3,0.2,0.1,0.15,0.05,0.15,0.05
geometric,882,0.0,traditional_ppo,3,core_learning_training_aware,0.5031798000661234,0.3,0.2,0.1,0.15,0.05,0.15,0.05
arithmetic,882,0.0,traditional_ppo,3,core_learning_training_aware,0.5871701944609207,0.3,0.2,0.1,0.15,0.05,0.15,0.05
geometric,882,0.0,a2c_pointer,2,core_learning_training_aware,0.6532983107138688,0.3,0.2,0.1,0.15,0.05,0.15,0.05
arithmetic,882,0.0,a2c_pointer,2,core_learning_training_aware,0.6958768971031262,0.3,0.2,0.1,0.15,0.05,0.15,0.05
geometric,883,1.0,full,1,core_learning_training_aware,0.6322075999561471,0.3,0.2,0.1,0.15,0.1,0.05,0.1
arithmetic,883,1.0,full,1,core_learning_training_aware,0.6739978393141817,0.3,0.2,0.1,0.15,0.1,0.05,0.1
geometric,883,0.0,traditional_ppo,3,core_learning_training_aware,0.45202990194787074,0.3,0.2,0.1,0.15,0.1,0.05,0.1
arithmetic,883,0.0,traditional_ppo,3,core_learning_training_aware,0.5292552247964922,0.3,0.2,0.1,0.15,0.1,0.05,0.1
geometric,883,0.0,a2c_pointer,2,core_learning_training_aware,0.6321098785835324,0.3,0.2,0.1,0.15,0.1,0.05,0.1
arithmetic,883,0.0,a2c_pointer,2,core_learning_training_aware,0.6719054680166994,0.3,0.2,0.1,0.15,0.1,0.05,0.1
geometric,884,0.0,full,2,core_learning_training_aware,0.6328767224708667,0.3,0.2,0.1,0.15,0.1,0.1,0.05
arithmetic,884,1.0,full,1,core_learning_training_aware,0.6750299391611885,0.3,0.2,0.1,0.15,0.1,0.1,0.05
geometric,884,0.0,traditional_ppo,3,core_learning_training_aware,0.49220565752361195,0.3,0.2,0.1,0.15,0.1,0.1,0.05
arithmetic,884,0.0,traditional_ppo,3,core_learning_training_aware,0.5695848374653274,0.3,0.2,0.1,0.15,0.1,0.1,0.05
geometric,884,1.0,a2c_pointer,1,core_learning_training_aware,0.6328838164245578,0.3,0.2,0.1,0.15,0.1,0.1,0.05
arithmetic,884,0.0,a2c_pointer,2,core_learning_training_aware,0.6730780913578935,0.3,0.2,0.1,0.15,0.1,0.1,0.05
geometric,885,0.0,full,2,core_learning_training_aware,0.6120964924942344,0.3,0.2,0.1,0.15,0.15,0.05,0.05
arithmetic,885,1.0,full,1,core_learning_training_aware,0.6510140931674435,0.3,0.2,0.1,0.15,0.15,0.05,0.05
geometric,885,0.0,traditional_ppo,3,core_learning_training_aware,0.48147085647399734,0.3,0.2,0.1,0.15,0.15,0.05,0.05
arithmetic,885,0.0,traditional_ppo,3,core_learning_training_aware,0.551999480469734,0.3,0.2,0.1,0.15,0.15,0.05,0.05
geometric,885,1.0,a2c_pointer,1,core_learning_training_aware,0.6131072413985509,0.3,0.2,0.1,0.15,0.15,0.05,0.05
arithmetic,885,0.0,a2c_pointer,2,core_learning_training_aware,0.650279285612661,0.3,0.2,0.1,0.15,0.15,0.05,0.05
geometric,886,1.0,full,1,core_learning_training_aware,0.6546887993578846,0.3,0.2,0.15,0.05,0.05,0.05,0.2
arithmetic,886,1.0,full,1,core_learning_training_aware,0.6994419344745156,0.3,0.2,0.15,0.05,0.05,0.05,0.2
geometric,886,0.0,traditional_ppo,3,core_learning_training_aware,0.39018652363665784,0.3,0.2,0.15,0.05,0.05,0.05,0.2
arithmetic,886,0.0,traditional_ppo,3,core_learning_training_aware,0.4672921599779021,0.3,0.2,0.15,0.05,0.05,0.05,0.2
geometric,886,0.0,a2c_pointer,2,core_learning_training_aware,0.6538081345176918,0.3,0.2,0.15,0.05,0.05,0.05,0.2
arithmetic,886,0.0,a2c_pointer,2,core_learning_training_aware,0.6965111881942835,0.3,0.2,0.15,0.05,0.05,0.05,0.2
geometric,887,1.0,full,1,core_learning_training_aware,0.6553817157603692,0.3,0.2,0.15,0.05,0.05,0.1,0.15
arithmetic,887,1.0,full,1,core_learning_training_aware,0.7004740343215224,0.3,0.2,0.15,0.05,0.05,0.1,0.15
geometric,887,0.0,traditional_ppo,3,core_learning_training_aware,0.42486573033299335,0.3,0.2,0.15,0.05,0.05,0.1,0.15
arithmetic,887,0.0,traditional_ppo,3,core_learning_training_aware,0.5076217726467372,0.3,0.2,0.15,0.05,0.05,0.1,0.15
geometric,887,0.0,a2c_pointer,2,core_learning_training_aware,0.6546086391027608,0.3,0.2,0.15,0.05,0.05,0.1,0.15
arithmetic,887,0.0,a2c_pointer,2,core_learning_training_aware,0.6976838115354776,0.3,0.2,0.15,0.05,0.05,0.1,0.15
geometric,888,1.0,full,1,core_learning_training_aware,0.6560753655389882,0.3,0.2,0.15,0.05,0.05,0.15,0.1
arithmetic,888,1.0,full,1,core_learning_training_aware,0.701506134168529,0.3,0.2,0.15,0.05,0.05,0.15,0.1
geometric,888,0.0,traditional_ppo,3,core_learning_training_aware,0.46262717412423987,0.3,0.2,0.15,0.05,0.05,0.15,0.1
arithmetic,888,0.0,traditional_ppo,3,core_learning_training_aware,0.5479513853155721,0.3,0.2,0.15,0.05,0.05,0.15,0.1
geometric,888,0.0,a2c_pointer,2,core_learning_training_aware,0.6554101238034891,0.3,0.2,0.15,0.05,0.05,0.15,0.1
arithmetic,888,0.0,a2c_pointer,2,core_learning_training_aware,0.6988564348766718,0.3,0.2,0.15,0.05,0.05,0.15,0.1
geometric,889,1.0,full,1,core_learning_training_aware,0.6567697494699396,0.3,0.2,0.15,0.05,0.05,0.2,0.05
arithmetic,889,1.0,full,1,core_learning_training_aware,0.7025382340155358,0.3,0.2,0.15,0.05,0.05,0.2,0.05
geometric,889,0.0,traditional_ppo,3,core_learning_training_aware,0.5037447997286956,0.3,0.2,0.15,0.05,0.05,0.2,0.05
arithmetic,889,0.0,traditional_ppo,3,core_learning_training_aware,0.5882809979844073,0.3,0.2,0.15,0.05,0.05,0.2,0.05
geometric,889,0.0,a2c_pointer,2,core_learning_training_aware,0.6562125898199028,0.3,0.2,0.15,0.05,0.05,0.2,0.05
arithmetic,889,0.0,a2c_pointer,2,core_learning_training_aware,0.7000290582178659,0.3,0.2,0.15,0.05,0.05,0.2,0.05
geometric,890,0.0,full,2,core_learning_training_aware,0.6338625441864656,0.3,0.2,0.15,0.05,0.1,0.05,0.15
arithmetic,890,1.0,full,1,core_learning_training_aware,0.6764581883277776,0.3,0.2,0.15,0.05,0.1,0.05,0.15
geometric,890,0.0,traditional_ppo,3,core_learning_training_aware,0.4155995851389896,0.3,0.2,0.15,0.05,0.1,0.05,0.15
arithmetic,890,0.0,traditional_ppo,3,core_learning_training_aware,0.4900364156511439,0.3,0.2,0.15,0.05,0.1,0.05,0.15
geometric,890,1.0,a2c_pointer,1,core_learning_training_aware,0.6341531992132953,0.3,0.2,0.15,0.05,0.1,0.05,0.15
arithmetic,890,0.0,a2c_pointer,2,core_learning_training_aware,0.6748850057902451,0.3,0.2,0.15,0.05,0.1,0.05,0.15
geometric,891,0.0,full,2,core_learning_training_aware,0.6345334182784284,0.3,0.2,0.15,0.05,0.1,0.1,0.1
arithmetic,891,1.0,full,1,core_learning_training_aware,0.6774902881747843,0.3,0.2,0.15,0.05,0.1,0.1,0.1
geometric,891,0.0,traditional_ppo,3,core_learning_training_aware,0.4525374675179501,0.3,0.2,0.15,0.05,0.1,0.1,0.1
arithmetic,891,0.0,traditional_ppo,3,core_learning_training_aware,0.5303660283199789,0.3,0.2,0.15,0.05,0.1,0.1,0.1
geometric,891,1.0,a2c_pointer,1,core_learning_training_aware,0.6349296388395488,0.3,0.2,0.15,0.05,0.1,0.1,0.1
arithmetic,891,0.0,a2c_pointer,2,core_learning_training_aware,0.6760576291314393,0.3,0.2,0.15,0.05,0.1,0.1,0.1
geometric,892,0.0,full,2,core_learning_training_aware,0.6352050024171535,0.3,0.2,0.15,0.05,0.1,0.15,0.05
arithmetic,892,1.0,full,1,core_learning_training_aware,0.678522388021791,0.3,0.2,0.15,0.05,0.1,0.15,0.05
geometric,892,0.0,traditional_ppo,3,core_learning_training_aware,0.49275833477810493,0.3,0.2,0.15,0.05,0.1,0.15,0.05
arithmetic,892,0.0,traditional_ppo,3,core_learning_training_aware,0.570695640988814,0.3,0.2,0.15,0.05,0.1,0.15,0.05
geometric,892,1.0,a2c_pointer,1,core_learning_training_aware,0.635707029116992,0.3,0.2,0.15,0.05,0.1,0.15,0.05
arithmetic,892,0.0,a2c_pointer,2,core_learning_training_aware,0.6772302524726335,0.3,0.2,0.15,0.05,0.1,0.15,0.05
geometric,893,0.0,full,2,core_learning_training_aware,0.6136987914206026,0.3,0.2,0.15,0.05,0.15,0.05,0.1
arithmetic,893,1.0,full,1,core_learning_training_aware,0.6534744421810392,0.3,0.2,0.15,0.05,0.15,0.05,0.1
geometric,893,0.0,traditional_ppo,3,core_learning_training_aware,0.4426678132239652,0.3,0.2,0.15,0.05,0.15,0.05,0.1
arithmetic,893,0.0,traditional_ppo,3,core_learning_training_aware,0.5127806713243855,0.3,0.2,0.15,0.05,0.15,0.05,0.1
geometric,893,1.0,a2c_pointer,1,core_learning_training_aware,0.6150891352386123,0.3,0.2,0.15,0.05,0.15,0.05,0.1
arithmetic,893,0.0,a2c_pointer,2,core_learning_training_aware,0.6532588233862066,0.3,0.2,0.15,0.05,0.15,0.05,0.1
geometric,894,0.0,full,2,core_learning_training_aware,0.6143483243882925,0.3,0.2,0.15,0.05,0.15,0.1,0.05
arithmetic,894,1.0,full,1,core_learning_training_aware,0.654506542028046,0.3,0.2,0.15,0.05,0.15,0.1,0.05
geometric,894,0.0,traditional_ppo,3,core_learning_training_aware,0.48201148006701583,0.3,0.2,0.15,0.05,0.15,0.1,0.05
arithmetic,894,0.0,traditional_ppo,3,core_learning_training_aware,0.5531102839932207,0.3,0.2,0.15,0.05,0.15,0.1,0.05
geometric,894,1.0,a2c_pointer,1,core_learning_training_aware,0.6158422333525534,0.3,0.2,0.15,0.05,0.15,0.1,0.05
arithmetic,894,0.0,a2c_pointer,2,core_learning_training_aware,0.6544314467274008,0.3,0.2,0.15,0.05,0.15,0.1,0.05
geometric,895,1.0,full,1,core_learning_training_aware,0.6531575547132105,0.3,0.2,0.15,0.1,0.05,0.05,0.15
arithmetic,895,1.0,full,1,core_learning_training_aware,0.697233464587096,0.3,0.2,0.15,0.1,0.05,0.05,0.15
geometric,895,0.0,traditional_ppo,3,core_learning_training_aware,0.42399486480874415,0.3,0.2,0.15,0.1,0.05,0.05,0.15
arithmetic,895,0.0,traditional_ppo,3,core_learning_training_aware,0.5056391471409291,0.3,0.2,0.15,0.1,0.05,0.05,0.15
geometric,895,0.0,a2c_pointer,2,core_learning_training_aware,0.6524018995583065,0.3,0.2,0.15,0.1,0.05,0.05,0.15
arithmetic,895,0.0,a2c_pointer,2,core_learning_training_aware,0.6945161860600292,0.3,0.2,0.15,0.1,0.05,0.05,0.15
geometric,896,1.0,full,1,core_learning_training_aware,0.6538488504609176,0.3,0.2,0.15,0.1,0.05,0.1,0.1
arithmetic,896,1.0,full,1,core_learning_training_aware,0.6982655644341027,0.3,0.2,0.15,0.1,0.05,0.1,0.1
geometric,896,0.0,traditional_ppo,3,core_learning_training_aware,0.4616789073477928,0.3,0.2,0.15,0.1,0.05,0.1,0.1
arithmetic,896,0.0,traditional_ppo,3,core_learning_training_aware,0.545968759809764,0.3,0.2,0.15,0.1,0.05,0.1,0.1
geometric,896,0.0,a2c_pointer,2,core_learning_training_aware,0.6532006823882103,0.3,0.2,0.15,0.1,0.05,0.1,0.1
arithmetic,896,0.0,a2c_pointer,2,core_learning_training_aware,0.6956888094012235,0.3,0.2,0.15,0.1,0.05,0.1,0.1
geometric,897,1.0,full,1,core_learning_training_aware,0.6545408778694732,0.3,0.2,0.15,0.1,0.05,0.15,0.05
arithmetic,897,1.0,full,1,core_learning_training_aware,0.6992976642811095,0.3,0.2,0.15,0.1,0.05,0.15,0.05
geometric,897,0.0,traditional_ppo,3,core_learning_training_aware,0.5027122523901287,0.3,0.2,0.15,0.1,0.05,0.15,0.05
arithmetic,897,0.0,traditional_ppo,3,core_learning_training_aware,0.5862983724785991,0.3,0.2,0.15,0.1,0.05,0.15,0.05
geometric,897,0.0,a2c_pointer,2,core_learning_training_aware,0.6540004432257038,0.3,0.2,0.15,0.1,0.05,0.15,0.05
arithmetic,897,0.0,a2c_pointer,2,core_learning_training_aware,0.6968614327424175,0.3,0.2,0.15,0.1,0.05,0.15,0.05
geometric,898,0.0,full,2,core_learning_training_aware,0.6323800098477126,0.3,0.2,0.15,0.1,0.1,0.05,0.1
arithmetic,898,1.0,full,1,core_learning_training_aware,0.6742497184403579,0.3,0.2,0.15,0.1,0.1,0.05,0.1
geometric,898,0.0,traditional_ppo,3,core_learning_training_aware,0.4516098820462211,0.3,0.2,0.15,0.1,0.1,0.05,0.1
arithmetic,898,0.0,traditional_ppo,3,core_learning_training_aware,0.5283834028141706,0.3,0.2,0.15,0.1,0.1,0.05,0.1
geometric,898,1.0,a2c_pointer,1,core_learning_training_aware,0.6327892388229928,0.3,0.2,0.15,0.1,0.1,0.05,0.1
arithmetic,898,0.0,a2c_pointer,2,core_learning_training_aware,0.6728900036559908,0.3,0.2,0.15,0.1,0.1,0.05,0.1
geometric,899,0.0,full,2,core_learning_training_aware,0.6330493148394227,0.3,0.2,0.15,0.1,0.1,0.1,0.05
arithmetic,899,1.0,full,1,core_learning_training_aware,0.6752818182873646,0.3,0.2,0.15,0.1,0.1,0.1,0.05
geometric,899,0.0,traditional_ppo,3,core_learning_training_aware,0.49174830686832655,0.3,0.2,0.15,0.1,0.1,0.1,0.05
arithmetic,899,0.0,traditional_ppo,3,core_learning_training_aware,0.5687130154830058,0.3,0.2,0.15,0.1,0.1,0.1,0.05
geometric,899,1.0,a2c_pointer,1,core_learning_training_aware,0.6335640084538934,0.3,0.2,0.15,0.1,0.1,0.1,0.05
arithmetic,899,0.0,a2c_pointer,2,core_learning_training_aware,0.674062626997185,0.3,0.2,0.15,0.1,0.1,0.1,0.05
geometric,900,0.0,full,2,core_learning_training_aware,0.6122634178679659,0.3,0.2,0.15,0.1,0.15,0.05,0.05
arithmetic,900,1.0,full,1,core_learning_training_aware,0.6512659722936197,0.3,0.2,0.15,0.1,0.15,0.05,0.05
geometric,900,0.0,traditional_ppo,3,core_learning_training_aware,0.4810234804466329,0.3,0.2,0.15,0.1,0.15,0.05,0.05
arithmetic,900,0.0,traditional_ppo,3,core_learning_training_aware,0.5511276584874124,0.3,0.2,0.15,0.1,0.15,0.05,0.05
geometric,900,1.0,a2c_pointer,1,core_learning_training_aware,0.6137661785492639,0.3,0.2,0.15,0.1,0.15,0.05,0.05
arithmetic,900,0.0,a2c_pointer,2,core_learning_training_aware,0.6512638212519524,0.3,0.2,0.15,0.1,0.15,0.05,0.05
geometric,901,1.0,full,1,core_learning_training_aware,0.6516298914802915,0.3,0.2,0.15,0.15,0.05,0.05,0.1
arithmetic,901,1.0,full,1,core_learning_training_aware,0.6950249946996763,0.3,0.2,0.15,0.15,0.05,0.05,0.1
geometric,901,0.0,traditional_ppo,3,core_learning_training_aware,0.46073258427446073,0.3,0.2,0.15,0.15,0.05,0.05,0.1
arithmetic,901,0.0,traditional_ppo,3,core_learning_training_aware,0.5439861343039556,0.3,0.2,0.15,0.15,0.05,0.05,0.1
geometric,901,0.0,a2c_pointer,2,core_learning_training_aware,0.6509986891816032,0.3,0.2,0.15,0.15,0.05,0.05,0.1
arithmetic,901,0.0,a2c_pointer,2,core_learning_training_aware,0.6925211839257747,0.3,0.2,0.15,0.15,0.05,0.05,0.1
geometric,902,1.0,full,1,core_learning_training_aware,0.652319570363753,0.3,0.2,0.15,0.15,0.05,0.1,0.05
arithmetic,902,1.0,full,1,core_learning_training_aware,0.6960570945466831,0.3,0.2,0.15,0.15,0.05,0.1,0.05
geometric,902,0.0,traditional_ppo,3,core_learning_training_aware,0.5016818215081625,0.3,0.2,0.15,0.15,0.05,0.1,0.05
arithmetic,902,0.0,traditional_ppo,3,core_learning_training_aware,0.5843157469727909,0.3,0.2,0.15,0.15,0.05,0.1,0.05
geometric,902,0.0,a2c_pointer,2,core_learning_training_aware,0.651795753959557,0.3,0.2,0.15,0.15,0.05,0.1,0.05
arithmetic,902,0.0,a2c_pointer,2,core_learning_training_aware,0.6936938072669689,0.3,0.2,0.15,0.15,0.05,0.1,0.05
geometric,903,0.0,full,2,core_learning_training_aware,0.6309009429927,0.3,0.2,0.15,0.15,0.1,0.05,0.05
arithmetic,903,1.0,full,1,core_learning_training_aware,0.6720412485529381,0.3,0.2,0.15,0.15,0.1,0.05,0.05
geometric,903,0.0,traditional_ppo,3,core_learning_training_aware,0.49074034925610893,0.3,0.2,0.15,0.15,0.1,0.05,0.05
arithmetic,903,0.0,traditional_ppo,3,core_learning_training_aware,0.5667303899771975,0.3,0.2,0.15,0.15,0.1,0.05,0.05
geometric,903,1.0,a2c_pointer,1,core_learning_training_aware,0.6314282120896497,0.3,0.2,0.15,0.15,0.1,0.05,0.05
arithmetic,903,0.0,a2c_pointer,2,core_learning_training_aware,0.6708950015217363,0.3,0.2,0.15,0.15,0.1,0.05,0.05
geometric,904,1.0,full,1,core_learning_training_aware,0.6533356778853949,0.3,0.2,0.2,0.05,0.05,0.05,0.15
arithmetic,904,1.0,full,1,core_learning_training_aware,0.6974853437132723,0.3,0.2,0.2,0.05,0.05,0.05,0.15
geometric,904,0.0,traditional_ppo,3,core_learning_training_aware,0.4236008946739157,0.3,0.2,0.2,0.05,0.05,0.05,0.15
arithmetic,904,0.0,traditional_ppo,3,core_learning_training_aware,0.5047673251586074,0.3,0.2,0.2,0.05,0.05,0.05,0.15
geometric,904,0.0,a2c_pointer,2,core_learning_training_aware,0.6531030686520429,0.3,0.2,0.2,0.05,0.05,0.05,0.15
arithmetic,904,0.0,a2c_pointer,2,core_learning_training_aware,0.6955007216993205,0.3,0.2,0.2,0.05,0.05,0.05,0.15
geometric,905,1.0,full,1,core_learning_training_aware,0.6540271621569744,0.3,0.2,0.2,0.05,0.05,0.1,0.1
arithmetic,905,1.0,full,1,core_learning_training_aware,0.698517443560279,0.3,0.2,0.2,0.05,0.05,0.1,0.1
geometric,905,0.0,traditional_ppo,3,core_learning_training_aware,0.46124992172444734,0.3,0.2,0.2,0.05,0.05,0.1,0.1
arithmetic,905,0.0,traditional_ppo,3,core_learning_training_aware,0.5450969378274424,0.3,0.2,0.2,0.05,0.05,0.1,0.1
geometric,905,0.0,a2c_pointer,2,core_learning_training_aware,0.6539027099739795,0.3,0.2,0.2,0.05,0.05,0.1,0.1
arithmetic,905,0.0,a2c_pointer,2,core_learning_training_aware,0.6966733450405147,0.3,0.2,0.2,0.05,0.05,0.1,0.1
geometric,906,1.0,full,1,core_learning_training_aware,0.6547193782889343,0.3,0.2,0.2,0.05,0.05,0.15,0.05
arithmetic,906,1.0,full,1,core_learning_training_aware,0.6995495434072858,0.3,0.2,0.2,0.05,0.05,0.15,0.05
geometric,906,0.0,traditional_ppo,3,core_learning_training_aware,0.5022451391529356,0.3,0.2,0.2,0.05,0.05,0.15,0.05
arithmetic,906,0.0,traditional_ppo,3,core_learning_training_aware,0.5854265504962775,0.3,0.2,0.2,0.05,0.05,0.15,0.05
geometric,906,0.0,a2c_pointer,2,core_learning_training_aware,0.6547033303546197,0.3,0.2,0.2,0.05,0.05,0.15,0.05
arithmetic,906,0.0,a2c_pointer,2,core_learning_training_aware,0.6978459683817089,0.3,0.2,0.2,0.05,0.05,0.15,0.05
geometric,907,0.0,full,2,core_learning_training_aware,0.6325524667573317,0.3,0.2,0.2,0.05,0.1,0.05,0.1
arithmetic,907,1.0,full,1,core_learning_training_aware,0.674501597566534,0.3,0.2,0.2,0.05,0.1,0.05,0.1
geometric,907,0.0,traditional_ppo,3,core_learning_training_aware,0.45119025242122585,0.3,0.2,0.2,0.05,0.1,0.05,0.1
arithmetic,907,0.0,traditional_ppo,3,core_learning_training_aware,0.527511580831849,0.3,0.2,0.2,0.05,0.1,0.05,0.1
geometric,907,1.0,a2c_pointer,1,core_learning_training_aware,0.6334693292050289,0.3,0.2,0.2,0.05,0.1,0.05,0.1
arithmetic,907,0.0,a2c_pointer,2,core_learning_training_aware,0.6738745392952821,0.3,0.2,0.2,0.05,0.1,0.05,0.1
geometric,908,0.0,full,2,core_learning_training_aware,0.6332219542757956,0.3,0.2,0.2,0.05,0.1,0.1,0.05
arithmetic,908,1.0,full,1,core_learning_training_aware,0.6755336974135409,0.3,0.2,0.2,0.05,0.1,0.1,0.05
geometric,908,0.0,traditional_ppo,3,core_learning_training_aware,0.49129138117691284,0.3,0.2,0.2,0.05,0.1,0.1,0.05
arithmetic,908,0.0,traditional_ppo,3,core_learning_training_aware,0.5678411935006842,0.3,0.2,0.2,0.05,0.1,0.1,0.05
geometric,908,1.0,a2c_pointer,1,core_learning_training_aware,0.634244931519771,0.3,0.2,0.2,0.05,0.1,0.1,0.05
arithmetic,908,0.0,a2c_pointer,2,core_learning_training_aware,0.6750471626364762,0.3,0.2,0.2,0.05,0.1,0.1,0.05
geometric,909,0.0,full,2,core_learning_training_aware,0.6124303887640631,0.3,0.2,0.2,0.05,0.15,0.05,0.05
arithmetic,909,0.0,full,2,core_learning_training_aware,0.6515178514197959,0.3,0.2,0.2,0.05,0.15,0.05,0.05
geometric,909,0.0,traditional_ppo,3,core_learning_training_aware,0.48057652011485463,0.3,0.2,0.2,0.05,0.15,0.05,0.05
arithmetic,909,0.0,traditional_ppo,3,core_learning_training_aware,0.5502558365050908,0.3,0.2,0.2,0.05,0.15,0.05,0.05
geometric,909,1.0,a2c_pointer,1,core_learning_training_aware,0.6144258238928333,0.3,0.2,0.2,0.05,0.15,0.05,0.05
arithmetic,909,1.0,a2c_pointer,1,core_learning_training_aware,0.6522483568912437,0.3,0.2,0.2,0.05,0.15,0.05,0.05
geometric,910,1.0,full,1,core_learning_training_aware,0.6518075980420897,0.3,0.2,0.2,0.1,0.05,0.05,0.1
arithmetic,910,1.0,full,1,core_learning_training_aware,0.6952768738258527,0.3,0.2,0.2,0.1,0.05,0.05,0.1
geometric,910,0.0,traditional_ppo,3,core_learning_training_aware,0.460304477961361,0.3,0.2,0.2,0.1,0.05,0.05,0.1
arithmetic,910,0.0,traditional_ppo,3,core_learning_training_aware,0.5431143123216341,0.3,0.2,0.2,0.1,0.05,0.05,0.1
geometric,910,0.0,a2c_pointer,2,core_learning_training_aware,0.6516983501746599,0.3,0.2,0.2,0.1,0.05,0.05,0.1
arithmetic,910,0.0,a2c_pointer,2,core_learning_training_aware,0.693505719565066,0.3,0.2,0.2,0.1,0.05,0.05,0.1
geometric,911,1.0,full,1,core_learning_training_aware,0.6524974650084873,0.3,0.2,0.2,0.1,0.05,0.1,0.05
arithmetic,911,1.0,full,1,core_learning_training_aware,0.6963089736728594,0.3,0.2,0.2,0.1,0.05,0.1,0.05
geometric,911,0.0,traditional_ppo,3,core_learning_training_aware,0.5012156657330219,0.3,0.2,0.2,0.1,0.05,0.1,0.05
arithmetic,911,0.0,traditional_ppo,3,core_learning_training_aware,0.5834439249904693,0.3,0.2,0.2,0.1,0.05,0.1,0.05
geometric,911,0.0,a2c_pointer,2,core_learning_training_aware,0.6524962715981699,0.3,0.2,0.2,0.1,0.05,0.1,0.05
arithmetic,911,0.0,a2c_pointer,2,core_learning_training_aware,0.6946783429062602,0.3,0.2,0.2,0.1,0.05,0.1,0.05
geometric,912,0.0,full,2,core_learning_training_aware,0.631072996544694,0.3,0.2,0.2,0.1,0.1,0.05,0.05
arithmetic,912,1.0,full,1,core_learning_training_aware,0.6722931276791144,0.3,0.2,0.2,0.1,0.1,0.05,0.05
geometric,912,0.0,traditional_ppo,3,core_learning_training_aware,0.49028436014489785,0.3,0.2,0.2,0.1,0.1,0.05,0.05
arithmetic,912,0.0,traditional_ppo,3,core_learning_training_aware,0.5658585679948759,0.3,0.2,0.2,0.1,0.1,0.05,0.05
geometric,912,1.0,a2c_pointer,1,core_learning_training_aware,0.6321068397078867,0.3,0.2,0.2,0.1,0.1,0.05,0.05
arithmetic,912,0.0,a2c_pointer,2,core_learning_training_aware,0.6718795371610277,0.3,0.2,0.2,0.1,0.1,0.05,0.05
geometric,913,0.0,full,2,core_learning_training_aware,0.6502830922084193,0.3,0.2,0.2,0.15,0.05,0.05,0.05
arithmetic,913,1.0,full,1,core_learning_training_aware,0.6930684039384329,0.3,0.2,0.2,0.15,0.05,0.05,0.05
geometric,913,0.0,traditional_ppo,3,core_learning_training_aware,0.5001883024689657,0.3,0.2,0.2,0.15,0.05,0.05,0.05
arithmetic,913,0.0,traditional_ppo,3,core_learning_training_aware,0.581461299484661,0.3,0.2,0.2,0.15,0.05,0.05,0.05
geometric,913,1.0,a2c_pointer,1,core_learning_training_aware,0.6502966530182528,0.3,0.2,0.2,0.15,0.05,0.05,0.05
arithmetic,913,0.0,a2c_pointer,2,core_learning_training_aware,0.6915107174308117,0.3,0.2,0.2,0.15,0.05,0.05,0.05
geometric,914,0.0,full,2,core_learning_training_aware,0.6519853530664012,0.3,0.2,0.25,0.05,0.05,0.05,0.1
arithmetic,914,1.0,full,1,core_learning_training_aware,0.6955287529520287,0.3,0.2,0.25,0.05,0.05,0.05,0.1
geometric,914,0.0,traditional_ppo,3,core_learning_training_aware,0.45987676943869676,0.3,0.2,0.25,0.05,0.05,0.05,0.1
arithmetic,914,0.0,traditional_ppo,3,core_learning_training_aware,0.5422424903393124,0.3,0.2,0.25,0.05,0.05,0.05,0.1
geometric,914,1.0,a2c_pointer,1,core_learning_training_aware,0.6523987631285323,0.3,0.2,0.25,0.05,0.05,0.05,0.1
arithmetic,914,0.0,a2c_pointer,2,core_learning_training_aware,0.6944902552043574,0.3,0.2,0.25,0.05,0.05,0.05,0.1
geometric,915,0.0,full,2,core_learning_training_aware,0.6526754081670268,0.3,0.2,0.25,0.05,0.05,0.1,0.05
arithmetic,915,1.0,full,1,core_learning_training_aware,0.6965608527990355,0.3,0.2,0.25,0.05,0.05,0.1,0.05
geometric,915,0.0,traditional_ppo,3,core_learning_training_aware,0.500749943103348,0.3,0.2,0.25,0.05,0.05,0.1,0.05
arithmetic,915,0.0,traditional_ppo,3,core_learning_training_aware,0.5825721030081475,0.3,0.2,0.25,0.05,0.05,0.1,0.05
geometric,915,1.0,a2c_pointer,1,core_learning_training_aware,0.6531975421182782,0.3,0.2,0.25,0.05,0.05,0.1,0.05
arithmetic,915,0.0,a2c_pointer,2,core_learning_training_aware,0.6956628785455516,0.3,0.2,0.25,0.05,0.05,0.1,0.05
geometric,916,0.0,full,2,core_learning_training_aware,0.6312450970175636,0.3,0.2,0.25,0.05,0.1,0.05,0.05
arithmetic,916,0.0,full,2,core_learning_training_aware,0.6725450068052905,0.3,0.2,0.25,0.05,0.1,0.05,0.05
geometric,916,0.0,traditional_ppo,3,core_learning_training_aware,0.48982879473243063,0.3,0.2,0.25,0.05,0.1,0.05,0.05
arithmetic,916,0.0,traditional_ppo,3,core_learning_training_aware,0.5649867460125542,0.3,0.2,0.25,0.05,0.1,0.05,0.05
geometric,916,1.0,a2c_pointer,1,core_learning_training_aware,0.6327861966813146,0.3,0.2,0.25,0.05,0.1,0.05,0.05
arithmetic,916,1.0,a2c_pointer,1,core_learning_training_aware,0.6728640728003191,0.3,0.2,0.25,0.05,0.1,0.05,0.05
geometric,917,0.0,full,2,core_learning_training_aware,0.6504604314834016,0.3,0.2,0.25,0.1,0.05,0.05,0.05
arithmetic,917,1.0,full,1,core_learning_training_aware,0.6933202830646091,0.3,0.2,0.25,0.1,0.05,0.05,0.05
geometric,917,0.0,traditional_ppo,3,core_learning_training_aware,0.49972353445095635,0.3,0.2,0.25,0.1,0.05,0.05,0.05
arithmetic,917,0.0,traditional_ppo,3,core_learning_training_aware,0.5805894775023394,0.3,0.2,0.25,0.1,0.05,0.05,0.05
geometric,917,1.0,a2c_pointer,1,core_learning_training_aware,0.6509955594977793,0.3,0.2,0.25,0.1,0.05,0.05,0.05
arithmetic,917,0.0,a2c_pointer,2,core_learning_training_aware,0.6924952530701031,0.3,0.2,0.25,0.1,0.05,0.05,0.05
geometric,918,1.0,full,1,core_learning_training_aware,0.6245740430091925,0.3,0.25,0.1,0.05,0.05,0.05,0.2
arithmetic,918,1.0,full,1,core_learning_training_aware,0.6711875235942586,0.3,0.25,0.1,0.05,0.05,0.05,0.2
geometric,918,0.0,traditional_ppo,3,core_learning_training_aware,0.3723230481384939,0.3,0.25,0.1,0.05,0.05,0.05,0.2
arithmetic,918,0.0,traditional_ppo,3,core_learning_training_aware,0.43903244091176874,0.3,0.25,0.1,0.05,0.05,0.05,0.2
geometric,918,0.0,a2c_pointer,2,core_learning_training_aware,0.6237659907497469,0.3,0.25,0.1,0.05,0.05,0.05,0.2
arithmetic,918,0.0,a2c_pointer,2,core_learning_training_aware,0.6682700894997547,0.3,0.25,0.1,0.05,0.05,0.05,0.2
geometric,919,1.0,full,1,core_learning_training_aware,0.6252350862397955,0.3,0.25,0.1,0.05,0.05,0.1,0.15
arithmetic,919,1.0,full,1,core_learning_training_aware,0.6722196234412654,0.3,0.25,0.1,0.05,0.05,0.1,0.15
geometric,919,0.0,traditional_ppo,3,core_learning_training_aware,0.4054145752980225,0.3,0.25,0.1,0.05,0.05,0.1,0.15
arithmetic,919,0.0,traditional_ppo,3,core_learning_training_aware,0.4793620535806039,0.3,0.25,0.1,0.05,0.05,0.1,0.15
geometric,919,0.0,a2c_pointer,2,core_learning_training_aware,0.6245297125654345,0.3,0.25,0.1,0.05,0.05,0.1,0.15
arithmetic,919,0.0,a2c_pointer,2,core_learning_training_aware,0.6694427128409489,0.3,0.25,0.1,0.05,0.05,0.1,0.15
geometric,920,1.0,full,1,core_learning_training_aware,0.6258968291122707,0.3,0.25,0.1,0.05,0.05,0.15,0.1
arithmetic,920,1.0,full,1,core_learning_training_aware,0.673251723288272,0.3,0.25,0.1,0.05,0.05,0.15,0.1
geometric,920,0.0,traditional_ppo,3,core_learning_training_aware,0.4414472289207793,0.3,0.25,0.1,0.05,0.05,0.15,0.1
arithmetic,920,0.0,traditional_ppo,3,core_learning_training_aware,0.5196916662494387,0.3,0.25,0.1,0.05,0.05,0.15,0.1
geometric,920,0.0,a2c_pointer,2,core_learning_training_aware,0.6252943694609767,0.3,0.25,0.1,0.05,0.05,0.15,0.1
arithmetic,920,0.0,a2c_pointer,2,core_learning_training_aware,0.6706153361821431,0.3,0.25,0.1,0.05,0.05,0.15,0.1
geometric,921,1.0,full,1,core_learning_training_aware,0.6265592723671124,0.3,0.25,0.1,0.05,0.05,0.2,0.05
arithmetic,921,1.0,full,1,core_learning_training_aware,0.6742838231352787,0.3,0.25,0.1,0.05,0.05,0.2,0.05
geometric,921,0.0,traditional_ppo,3,core_learning_training_aware,0.4806824120188099,0.3,0.25,0.1,0.05,0.05,0.2,0.05
arithmetic,921,0.0,traditional_ppo,3,core_learning_training_aware,0.5600212789182739,0.3,0.25,0.1,0.05,0.05,0.2,0.05
geometric,921,0.0,a2c_pointer,2,core_learning_training_aware,0.6260599625812591,0.3,0.25,0.1,0.05,0.05,0.2,0.05
arithmetic,921,0.0,a2c_pointer,2,core_learning_training_aware,0.6717879595233371,0.3,0.25,0.1,0.05,0.05,0.2,0.05
geometric,922,0.0,full,2,core_learning_training_aware,0.604705766041705,0.3,0.25,0.1,0.05,0.1,0.05,0.15
arithmetic,922,1.0,full,1,core_learning_training_aware,0.6482037774475206,0.3,0.25,0.1,0.05,0.1,0.05,0.15
geometric,922,0.0,traditional_ppo,3,core_learning_training_aware,0.3965726517201134,0.3,0.25,0.1,0.05,0.1,0.05,0.15
arithmetic,922,0.0,traditional_ppo,3,core_learning_training_aware,0.4617766965850106,0.3,0.25,0.1,0.05,0.1,0.05,0.15
geometric,922,1.0,a2c_pointer,1,core_learning_training_aware,0.6050141895010315,0.3,0.25,0.1,0.05,0.1,0.05,0.15
arithmetic,922,0.0,a2c_pointer,2,core_learning_training_aware,0.6466439070957164,0.3,0.25,0.1,0.05,0.1,0.05,0.15
geometric,923,0.0,full,2,core_learning_training_aware,0.6053457808768119,0.3,0.25,0.1,0.05,0.1,0.1,0.1
arithmetic,923,1.0,full,1,core_learning_training_aware,0.6492358772945273,0.3,0.25,0.1,0.05,0.1,0.1,0.1
geometric,923,0.0,traditional_ppo,3,core_learning_training_aware,0.43181944812644546,0.3,0.25,0.1,0.05,0.1,0.1,0.1
arithmetic,923,0.0,traditional_ppo,3,core_learning_training_aware,0.5021063092538456,0.3,0.25,0.1,0.05,0.1,0.1,0.1
geometric,923,1.0,a2c_pointer,1,core_learning_training_aware,0.6057549521302463,0.3,0.25,0.1,0.05,0.1,0.1,0.1
arithmetic,923,0.0,a2c_pointer,2,core_learning_training_aware,0.6478165304369106,0.3,0.25,0.1,0.05,0.1,0.1,0.1
geometric,924,0.0,full,2,core_learning_training_aware,0.6059864730975368,0.3,0.25,0.1,0.05,0.1,0.15,0.05
arithmetic,924,1.0,full,1,core_learning_training_aware,0.650267977141534,0.3,0.25,0.1,0.05,0.1,0.15,0.05
geometric,924,0.0,traditional_ppo,3,core_learning_training_aware,0.47019892816973746,0.3,0.25,0.1,0.05,0.1,0.15,0.05
arithmetic,924,0.0,traditional_ppo,3,core_learning_training_aware,0.5424359219226806,0.3,0.25,0.1,0.05,0.1,0.15,0.05
geometric,924,1.0,a2c_pointer,1,core_learning_training_aware,0.6064966217287231,0.3,0.25,0.1,0.05,0.1,0.15,0.05
arithmetic,924,0.0,a2c_pointer,2,core_learning_training_aware,0.6489891537781047,0.3,0.25,0.1,0.05,0.1,0.15,0.05
geometric,925,0.0,full,2,core_learning_training_aware,0.5854695173086203,0.3,0.25,0.1,0.05,0.15,0.05,0.1
arithmetic,925,1.0,full,1,core_learning_training_aware,0.6252200313007822,0.3,0.25,0.1,0.05,0.15,0.05,0.1
geometric,925,0.0,traditional_ppo,3,core_learning_training_aware,0.4224016452342279,0.3,0.25,0.1,0.05,0.15,0.05,0.1
arithmetic,925,0.0,traditional_ppo,3,core_learning_training_aware,0.4845209522582522,0.3,0.25,0.1,0.05,0.15,0.05,0.1
geometric,925,1.0,a2c_pointer,1,core_learning_training_aware,0.5868261093517124,0.3,0.25,0.1,0.05,0.15,0.05,0.1
arithmetic,925,0.0,a2c_pointer,2,core_learning_training_aware,0.6250177246916778,0.3,0.25,0.1,0.05,0.15,0.05,0.1
geometric,926,0.0,full,2,core_learning_training_aware,0.5860891726809067,0.3,0.25,0.1,0.05,0.15,0.1,0.05
arithmetic,926,1.0,full,1,core_learning_training_aware,0.6262521311477891,0.3,0.25,0.1,0.05,0.15,0.1,0.05
geometric,926,0.0,traditional_ppo,3,core_learning_training_aware,0.45994408475115683,0.3,0.25,0.1,0.05,0.15,0.1,0.05
arithmetic,926,0.0,traditional_ppo,3,core_learning_training_aware,0.5248505649270874,0.3,0.25,0.1,0.05,0.15,0.1,0.05
geometric,926,1.0,a2c_pointer,1,core_learning_training_aware,0.5875446029989667,0.3,0.25,0.1,0.05,0.15,0.1,0.05
arithmetic,926,0.0,a2c_pointer,2,core_learning_training_aware,0.6261903480328721,0.3,0.25,0.1,0.05,0.15,0.1,0.05
geometric,927,1.0,full,1,core_learning_training_aware,0.6231132334466976,0.3,0.25,0.1,0.1,0.05,0.05,0.15
arithmetic,927,1.0,full,1,core_learning_training_aware,0.668979053706839,0.3,0.25,0.1,0.1,0.05,0.05,0.15
geometric,927,0.0,traditional_ppo,3,core_learning_training_aware,0.4045835796411629,0.3,0.25,0.1,0.1,0.05,0.05,0.15
arithmetic,927,0.0,traditional_ppo,3,core_learning_training_aware,0.47737942807479566,0.3,0.25,0.1,0.1,0.05,0.05,0.15
geometric,927,0.0,a2c_pointer,2,core_learning_training_aware,0.6224243715554324,0.3,0.25,0.1,0.1,0.05,0.05,0.15
arithmetic,927,0.0,a2c_pointer,2,core_learning_training_aware,0.6662750873655005,0.3,0.25,0.1,0.1,0.05,0.05,0.15
geometric,928,1.0,full,1,core_learning_training_aware,0.6237727305703445,0.3,0.25,0.1,0.1,0.05,0.1,0.1
arithmetic,928,1.0,full,1,core_learning_training_aware,0.6700111535538458,0.3,0.25,0.1,0.1,0.05,0.1,0.1
geometric,928,0.0,traditional_ppo,3,core_learning_training_aware,0.4405423755871362,0.3,0.25,0.1,0.1,0.05,0.1,0.1
arithmetic,928,0.0,traditional_ppo,3,core_learning_training_aware,0.5177090407436307,0.3,0.25,0.1,0.1,0.05,0.1,0.1
geometric,928,0.0,a2c_pointer,2,core_learning_training_aware,0.6231864507297094,0.3,0.25,0.1,0.1,0.05,0.1,0.1
arithmetic,928,0.0,a2c_pointer,2,core_learning_training_aware,0.6674477107066947,0.3,0.25,0.1,0.1,0.05,0.1,0.1
geometric,929,1.0,full,1,core_learning_training_aware,0.6244329256994788,0.3,0.25,0.1,0.1,0.05,0.15,0.05
arithmetic,929,1.0,full,1,core_learning_training_aware,0.6710432534008524,0.3,0.25,0.1,0.1,0.05,0.15,0.05
geometric,929,0.0,traditional_ppo,3,core_learning_training_aware,0.47969713664625374,0.3,0.25,0.1,0.1,0.05,0.15,0.05
arithmetic,929,0.0,traditional_ppo,3,core_learning_training_aware,0.5580386534124657,0.3,0.25,0.1,0.1,0.05,0.15,0.05
geometric,929,0.0,a2c_pointer,2,core_learning_training_aware,0.623949462972636,0.3,0.25,0.1,0.1,0.05,0.15,0.05
arithmetic,929,0.0,a2c_pointer,2,core_learning_training_aware,0.6686203340478888,0.3,0.25,0.1,0.1,0.05,0.15,0.05
geometric,930,0.0,full,2,core_learning_training_aware,0.6032914261801355,0.3,0.25,0.1,0.1,0.1,0.05,0.1
arithmetic,930,1.0,full,1,core_learning_training_aware,0.6459953075601008,0.3,0.25,0.1,0.1,0.1,0.05,0.1
geometric,930,0.0,traditional_ppo,3,core_learning_training_aware,0.43093432926835606,0.3,0.25,0.1,0.1,0.1,0.05,0.1
arithmetic,930,0.0,traditional_ppo,3,core_learning_training_aware,0.5001236837480374,0.3,0.25,0.1,0.1,0.1,0.05,0.1
geometric,930,1.0,a2c_pointer,1,core_learning_training_aware,0.6037129023813353,0.3,0.25,0.1,0.1,0.1,0.05,0.1
arithmetic,930,0.0,a2c_pointer,2,core_learning_training_aware,0.6446489049614621,0.3,0.25,0.1,0.1,0.1,0.05,0.1
geometric,931,0.0,full,2,core_learning_training_aware,0.603929944091376,0.3,0.25,0.1,0.1,0.1,0.1,0.05
arithmetic,931,1.0,full,1,core_learning_training_aware,0.6470274074071076,0.3,0.25,0.1,0.1,0.1,0.1,0.05
geometric,931,0.0,traditional_ppo,3,core_learning_training_aware,0.46923514124401616,0.3,0.25,0.1,0.1,0.1,0.1,0.05
arithmetic,931,0.0,traditional_ppo,3,core_learning_training_aware,0.5404532964168725,0.3,0.25,0.1,0.1,0.1,0.1,0.05
geometric,931,1.0,a2c_pointer,1,core_learning_training_aware,0.6044520717506153,0.3,0.25,0.1,0.1,0.1,0.1,0.05
arithmetic,931,0.0,a2c_pointer,2,core_learning_training_aware,0.6458215283026563,0.3,0.25,0.1,0.1,0.1,0.1,0.05
geometric,932,0.0,full,2,core_learning_training_aware,0.584100168903885,0.3,0.25,0.1,0.1,0.15,0.05,0.05
arithmetic,932,0.0,full,2,core_learning_training_aware,0.6230115614133627,0.3,0.25,0.1,0.1,0.15,0.05,0.05
geometric,932,0.0,traditional_ppo,3,core_learning_training_aware,0.45900131761816587,0.3,0.25,0.1,0.1,0.15,0.05,0.05
arithmetic,932,0.0,traditional_ppo,3,core_learning_training_aware,0.5228679394212791,0.3,0.25,0.1,0.1,0.15,0.05,0.05
geometric,932,1.0,a2c_pointer,1,core_learning_training_aware,0.5855639418342354,0.3,0.25,0.1,0.1,0.15,0.05,0.05
arithmetic,932,1.0,a2c_pointer,1,core_learning_training_aware,0.6230227225574236,0.3,0.25,0.1,0.1,0.15,0.05,0.05
geometric,933,1.0,full,1,core_learning_training_aware,0.6216558405560959,0.3,0.25,0.1,0.15,0.05,0.05,0.1
arithmetic,933,1.0,full,1,core_learning_training_aware,0.6667705838194192,0.3,0.25,0.1,0.15,0.05,0.05,0.1
geometric,933,0.0,traditional_ppo,3,core_learning_training_aware,0.439639376970211,0.3,0.25,0.1,0.15,0.05,0.05,0.1
arithmetic,933,0.0,traditional_ppo,3,core_learning_training_aware,0.5157264152378224,0.3,0.25,0.1,0.15,0.05,0.05,0.1
geometric,933,0.0,a2c_pointer,2,core_learning_training_aware,0.6210856379657986,0.3,0.25,0.1,0.15,0.05,0.05,0.1
arithmetic,933,0.0,a2c_pointer,2,core_learning_training_aware,0.6642800852312459,0.3,0.25,0.1,0.15,0.05,0.05,0.1
geometric,934,1.0,full,1,core_learning_training_aware,0.6223137951889598,0.3,0.25,0.1,0.15,0.05,0.1,0.05
arithmetic,934,1.0,full,1,core_learning_training_aware,0.6678026836664261,0.3,0.25,0.1,0.15,0.05,0.1,0.05
geometric,934,0.0,traditional_ppo,3,core_learning_training_aware,0.47871388083492045,0.3,0.25,0.1,0.15,0.05,0.1,0.05
arithmetic,934,0.0,traditional_ppo,3,core_learning_training_aware,0.5560560279066575,0.3,0.25,0.1,0.15,0.05,0.1,0.05
geometric,934,0.0,a2c_pointer,2,core_learning_training_aware,0.6218460780317192,0.3,0.25,0.1,0.15,0.05,0.1,0.05
arithmetic,934,0.0,a2c_pointer,2,core_learning_training_aware,0.6654527085724402,0.3,0.25,0.1,0.15,0.05,0.1,0.05
geometric,935,0.0,full,2,core_learning_training_aware,0.6018803943029718,0.3,0.25,0.1,0.15,0.1,0.05,0.05
arithmetic,935,1.0,full,1,core_learning_training_aware,0.6437868376726811,0.3,0.25,0.1,0.15,0.1,0.05,0.05
geometric,935,0.0,traditional_ppo,3,core_learning_training_aware,0.4682733298337259,0.3,0.25,0.1,0.15,0.1,0.05,0.05
arithmetic,935,0.0,traditional_ppo,3,core_learning_training_aware,0.5384706709110642,0.3,0.25,0.1,0.15,0.1,0.05,0.05
geometric,935,1.0,a2c_pointer,1,core_learning_training_aware,0.602414414118587,0.3,0.25,0.1,0.15,0.1,0.05,0.05
arithmetic,935,0.0,a2c_pointer,2,core_learning_training_aware,0.6426539028272077,0.3,0.25,0.1,0.15,0.1,0.05,0.05
geometric,936,1.0,full,1,core_learning_training_aware,0.6232831632055601,0.3,0.25,0.15,0.05,0.05,0.05,0.15
arithmetic,936,1.0,full,1,core_learning_training_aware,0.669230932833015,0.3,0.25,0.15,0.05,0.05,0.05,0.15
geometric,936,0.0,traditional_ppo,3,core_learning_training_aware,0.40420764620269434,0.3,0.25,0.15,0.05,0.05,0.05,0.15
arithmetic,936,0.0,traditional_ppo,3,core_learning_training_aware,0.47650760609247395,0.3,0.25,0.15,0.05,0.05,0.05,0.15
geometric,936,0.0,a2c_pointer,2,core_learning_training_aware,0.6230933222939549,0.3,0.25,0.15,0.05,0.05,0.05,0.15
arithmetic,936,0.0,a2c_pointer,2,core_learning_training_aware,0.6672596230047917,0.3,0.25,0.15,0.05,0.05,0.05,0.15
geometric,937,1.0,full,1,core_learning_training_aware,0.6239428401812488,0.3,0.25,0.15,0.05,0.05,0.1,0.1
arithmetic,937,1.0,full,1,core_learning_training_aware,0.6702630326800217,0.3,0.25,0.15,0.05,0.05,0.1,0.1
geometric,937,0.0,traditional_ppo,3,core_learning_training_aware,0.4401330297353039,0.3,0.25,0.15,0.05,0.05,0.1,0.1
arithmetic,937,0.0,traditional_ppo,3,core_learning_training_aware,0.516837218761309,0.3,0.25,0.15,0.05,0.05,0.1,0.1
geometric,937,0.0,a2c_pointer,2,core_learning_training_aware,0.6238562205130022,0.3,0.25,0.15,0.05,0.05,0.1,0.1
arithmetic,937,0.0,a2c_pointer,2,core_learning_training_aware,0.6684322463459859,0.3,0.25,0.15,0.05,0.05,0.1,0.1
geometric,938,0.0,full,2,core_learning_training_aware,0.6246032153527783,0.3,0.25,0.15,0.05,0.05,0.15,0.05
arithmetic,938,1.0,full,1,core_learning_training_aware,0.6712951325270284,0.3,0.25,0.15,0.05,0.05,0.15,0.05
geometric,938,0.0,traditional_ppo,3,core_learning_training_aware,0.47925140873469857,0.3,0.25,0.15,0.05,0.05,0.15,0.05
arithmetic,938,0.0,traditional_ppo,3,core_learning_training_aware,0.557166831430144,0.3,0.25,0.15,0.05,0.05,0.15,0.05
geometric,938,1.0,a2c_pointer,1,core_learning_training_aware,0.624620052803515,0.3,0.25,0.15,0.05,0.05,0.15,0.05
arithmetic,938,0.0,a2c_pointer,2,core_learning_training_aware,0.66960486968718,0.3,0.25,0.15,0.05,0.05,0.15,0.05
geometric,939,0.0,full,2,core_learning_training_aware,0.6034559503164754,0.3,0.25,0.15,0.05,0.1,0.05,0.1
arithmetic,939,1.0,full,1,core_learning_training_aware,0.6462471866862768,0.3,0.25,0.15,0.05,0.1,0.05,0.1
geometric,939,0.0,traditional_ppo,3,core_learning_training_aware,0.4305339110796108,0.3,0.25,0.15,0.05,0.1,0.05,0.1
arithmetic,939,0.0,traditional_ppo,3,core_learning_training_aware,0.4992518617657157,0.3,0.25,0.15,0.05,0.1,0.05,0.1
geometric,939,1.0,a2c_pointer,1,core_learning_training_aware,0.6043617429639981,0.3,0.25,0.15,0.05,0.1,0.05,0.1
arithmetic,939,0.0,a2c_pointer,2,core_learning_training_aware,0.6456334406007532,0.3,0.25,0.15,0.05,0.1,0.05,0.1
geometric,940,0.0,full,2,core_learning_training_aware,0.6040946423584979,0.3,0.25,0.15,0.05,0.1,0.1,0.05
arithmetic,940,1.0,full,1,core_learning_training_aware,0.6472792865332837,0.3,0.25,0.15,0.05,0.1,0.1,0.05
geometric,940,0.0,traditional_ppo,3,core_learning_training_aware,0.4687991344731664,0.3,0.25,0.15,0.05,0.1,0.1,0.05
arithmetic,940,0.0,traditional_ppo,3,core_learning_training_aware,0.5395814744345508,0.3,0.25,0.15,0.05,0.1,0.1,0.05
geometric,940,1.0,a2c_pointer,1,core_learning_training_aware,0.6051017067557302,0.3,0.25,0.15,0.05,0.1,0.1,0.05
arithmetic,940,0.0,a2c_pointer,2,core_learning_training_aware,0.6468060639419475,0.3,0.25,0.15,0.05,0.1,0.1,0.05
geometric,941,0.0,full,2,core_learning_training_aware,0.5842594593755452,0.3,0.25,0.15,0.05,0.15,0.05,0.05
arithmetic,941,0.0,full,2,core_learning_training_aware,0.6232634405395386,0.3,0.25,0.15,0.05,0.15,0.05,0.05
geometric,941,0.0,traditional_ppo,3,core_learning_training_aware,0.45857481997397864,0.3,0.25,0.15,0.05,0.15,0.05,0.05
arithmetic,941,0.0,traditional_ppo,3,core_learning_training_aware,0.5219961174389574,0.3,0.25,0.15,0.05,0.15,0.05,0.05
geometric,941,1.0,a2c_pointer,1,core_learning_training_aware,0.5861932768173166,0.3,0.25,0.15,0.05,0.15,0.05,0.05
arithmetic,941,1.0,a2c_pointer,1,core_learning_training_aware,0.6240072581967149,0.3,0.25,0.15,0.05,0.15,0.05,0.05
geometric,942,1.0,full,1,core_learning_training_aware,0.6218253728680593,0.3,0.25,0.15,0.1,0.05,0.05,0.1
arithmetic,942,1.0,full,1,core_learning_training_aware,0.6670224629455953,0.3,0.25,0.15,0.1,0.05,0.05,0.1
geometric,942,0.0,traditional_ppo,3,core_learning_training_aware,0.43923087017214163,0.3,0.25,0.15,0.1,0.05,0.05,0.1
arithmetic,942,0.0,traditional_ppo,3,core_learning_training_aware,0.5148545932555008,0.3,0.25,0.15,0.1,0.05,0.05,0.1
geometric,942,0.0,a2c_pointer,2,core_learning_training_aware,0.6217531499000833,0.3,0.25,0.15,0.1,0.05,0.05,0.1
arithmetic,942,0.0,a2c_pointer,2,core_learning_training_aware,0.6652646208705374,0.3,0.25,0.15,0.1,0.05,0.05,0.1
geometric,943,0.0,full,2,core_learning_training_aware,0.6224835069323107,0.3,0.25,0.15,0.1,0.05,0.1,0.05
arithmetic,943,1.0,full,1,core_learning_training_aware,0.6680545627926022,0.3,0.25,0.15,0.1,0.05,0.1,0.05
geometric,943,0.0,traditional_ppo,3,core_learning_training_aware,0.47826906655099777,0.3,0.25,0.15,0.1,0.05,0.1,0.05
arithmetic,943,0.0,traditional_ppo,3,core_learning_training_aware,0.5551842059243359,0.3,0.25,0.15,0.1,0.05,0.1,0.05
geometric,943,1.0,a2c_pointer,1,core_learning_training_aware,0.6225144072491422,0.3,0.25,0.15,0.1,0.05,0.1,0.05
arithmetic,943,0.0,a2c_pointer,2,core_learning_training_aware,0.6664372442117317,0.3,0.25,0.15,0.1,0.05,0.1,0.05
geometric,944,0.0,full,2,core_learning_training_aware,0.6020445336355651,0.3,0.25,0.15,0.1,0.1,0.05,0.05
arithmetic,944,1.0,full,1,core_learning_training_aware,0.6440387167988573,0.3,0.25,0.15,0.1,0.1,0.05,0.05
geometric,944,0.0,traditional_ppo,3,core_learning_training_aware,0.4678382167646693,0.3,0.25,0.15,0.1,0.1,0.05,0.05
arithmetic,944,0.0,traditional_ppo,3,core_learning_training_aware,0.5375988489287425,0.3,0.25,0.15,0.1,0.1,0.05,0.05
geometric,944,1.0,a2c_pointer,1,core_learning_training_aware,0.6030618591506864,0.3,0.25,0.15,0.1,0.1,0.05,0.05
arithmetic,944,0.0,a2c_pointer,2,core_learning_training_aware,0.643638438466499,0.3,0.25,0.15,0.1,0.1,0.05,0.05
geometric,945,0.0,full,2,core_learning_training_aware,0.6203709921408183,0.3,0.25,0.15,0.15,0.05,0.05,0.05
arithmetic,945,1.0,full,1,core_learning_training_aware,0.6648139930581757,0.3,0.25,0.15,0.15,0.05,0.05,0.05
geometric,945,0.0,traditional_ppo,3,core_learning_training_aware,0.47728873791623677,0.3,0.25,0.15,0.15,0.05,0.05,0.05
arithmetic,945,0.0,traditional_ppo,3,core_learning_training_aware,0.5532015804185275,0.3,0.25,0.15,0.15,0.05,0.05,0.05
geometric,945,1.0,a2c_pointer,1,core_learning_training_aware,0.62041585999906,0.3,0.25,0.15,0.15,0.05,0.05,0.05
arithmetic,945,0.0,a2c_pointer,2,core_learning_training_aware,0.6632696187362829,0.3,0.25,0.15,0.15,0.05,0.05,0.05
geometric,946,0.0,full,2,core_learning_training_aware,0.6219949514133287,0.3,0.25,0.2,0.05,0.05,0.05,0.1
arithmetic,946,1.0,full,1,core_learning_training_aware,0.6672743420717716,0.3,0.25,0.2,0.05,0.05,0.05,0.1
geometric,946,0.0,traditional_ppo,3,core_learning_training_aware,0.4388227429529108,0.3,0.25,0.2,0.05,0.05,0.05,0.1
arithmetic,946,0.0,traditional_ppo,3,core_learning_training_aware,0.5139827712731792,0.3,0.25,0.2,0.05,0.05,0.05,0.1
geometric,946,1.0,a2c_pointer,1,core_learning_training_aware,0.6224213792429751,0.3,0.25,0.2,0.05,0.05,0.05,0.1
arithmetic,946,0.0,a2c_pointer,2,core_learning_training_aware,0.6662491565098286,0.3,0.25,0.2,0.05,0.05,0.05,0.1
geometric,947,0.0,full,2,core_learning_training_aware,0.6226532649579007,0.3,0.25,0.2,0.05,0.05,0.1,0.05
arithmetic,947,1.0,full,1,core_learning_training_aware,0.6683064419187785,0.3,0.25,0.2,0.05,0.05,0.1,0.05
geometric,947,0.0,traditional_ppo,3,core_learning_training_aware,0.4778246655823248,0.3,0.25,0.2,0.05,0.05,0.1,0.05
arithmetic,947,0.0,traditional_ppo,3,core_learning_training_aware,0.5543123839420143,0.3,0.25,0.2,0.05,0.05,0.1,0.05
geometric,947,1.0,a2c_pointer,1,core_learning_training_aware,0.6231834547535475,0.3,0.25,0.2,0.05,0.05,0.1,0.05
arithmetic,947,0.0,a2c_pointer,2,core_learning_training_aware,0.6674217798510229,0.3,0.25,0.2,0.05,0.05,0.1,0.05
geometric,948,0.0,full,2,core_learning_training_aware,0.6022087177307403,0.3,0.25,0.2,0.05,0.1,0.05,0.05
arithmetic,948,0.0,full,2,core_learning_training_aware,0.6442905959250335,0.3,0.25,0.2,0.05,0.1,0.05,0.05
geometric,948,0.0,traditional_ppo,3,core_learning_training_aware,0.4674035079966284,0.3,0.25,0.2,0.05,0.1,0.05,0.05
arithmetic,948,0.0,traditional_ppo,3,core_learning_training_aware,0.5367270269464209,0.3,0.25,0.2,0.05,0.1,0.05,0.05
geometric,948,1.0,a2c_pointer,1,core_learning_training_aware,0.6037100000244853,0.3,0.25,0.2,0.05,0.1,0.05,0.05
arithmetic,948,1.0,a2c_pointer,1,core_learning_training_aware,0.6446229741057904,0.3,0.25,0.2,0.05,0.1,0.05,0.05
geometric,949,0.0,full,2,core_learning_training_aware,0.6205401740606382,0.3,0.25,0.2,0.1,0.05,0.05,0.05
arithmetic,949,1.0,full,1,core_learning_training_aware,0.665065872184352,0.3,0.25,0.2,0.1,0.05,0.05,0.05
geometric,949,0.0,traditional_ppo,3,core_learning_training_aware,0.4768452478553045,0.3,0.25,0.2,0.1,0.05,0.05,0.05
arithmetic,949,0.0,traditional_ppo,3,core_learning_training_aware,0.552329758436206,0.3,0.25,0.2,0.1,0.05,0.05,0.05
geometric,949,1.0,a2c_pointer,1,core_learning_training_aware,0.6210826520893187,0.3,0.25,0.2,0.1,0.05,0.05,0.05
arithmetic,949,0.0,a2c_pointer,2,core_learning_training_aware,0.6642541543755743,0.3,0.25,0.2,0.1,0.05,0.05,0.05
geometric,950,0.0,full,2,core_learning_training_aware,0.6207094021182088,0.3,0.25,0.25,0.05,0.05,0.05,0.05
arithmetic,950,1.0,full,1,core_learning_training_aware,0.6653177513105281,0.3,0.25,0.25,0.05,0.05,0.05,0.05
geometric,950,0.0,traditional_ppo,3,core_learning_training_aware,0.47640216987917244,0.3,0.25,0.25,0.05,0.05,0.05,0.05
arithmetic,950,0.0,traditional_ppo,3,core_learning_training_aware,0.5514579364538843,0.3,0.25,0.25,0.05,0.05,0.05,0.05
geometric,950,1.0,a2c_pointer,1,core_learning_training_aware,0.621750160814532,0.3,0.25,0.25,0.05,0.05,0.05,0.05
arithmetic,950,0.0,a2c_pointer,2,core_learning_training_aware,0.6652386900148657,0.3,0.25,0.25,0.05,0.05,0.05,0.05
geometric,951,1.0,full,1,core_learning_training_aware,0.7072208750892444,0.35,0.1,0.1,0.05,0.05,0.15,0.2
arithmetic,951,1.0,full,1,core_learning_training_aware,0.7447055102146738,0.35,0.1,0.1,0.05,0.05,0.15,0.2
geometric,951,0.0,traditional_ppo,3,core_learning_training_aware,0.4075872052901401,0.35,0.1,0.1,0.05,0.05,0.15,0.2
arithmetic,951,0.0,traditional_ppo,3,core_learning_training_aware,0.4982037257344559,0.35,0.1,0.1,0.05,0.05,0.15,0.2
geometric,951,0.0,a2c_pointer,2,core_learning_training_aware,0.7053900938002444,0.35,0.1,0.1,0.05,0.05,0.15,0.2
arithmetic,951,0.0,a2c_pointer,2,core_learning_training_aware,0.7404292562729914,0.35,0.1,0.1,0.05,0.05,0.15,0.2
geometric,952,1.0,full,1,core_learning_training_aware,0.7079693909413706,0.35,0.1,0.1,0.05,0.05,0.2,0.15
arithmetic,952,1.0,full,1,core_learning_training_aware,0.7457376100616806,0.35,0.1,0.1,0.05,0.05,0.2,0.15
geometric,952,0.0,traditional_ppo,3,core_learning_training_aware,0.4438129590842432,0.35,0.1,0.1,0.05,0.05,0.2,0.15
arithmetic,952,0.0,traditional_ppo,3,core_learning_training_aware,0.538533338403291,0.35,0.1,0.1,0.05,0.05,0.2,0.15
geometric,952,0.0,a2c_pointer,2,core_learning_training_aware,0.7062537539086735,0.35,0.1,0.1,0.05,0.05,0.2,0.15
arithmetic,952,0.0,a2c_pointer,2,core_learning_training_aware,0.7416018796141854,0.35,0.1,0.1,0.05,0.05,0.2,0.15
geometric,953,1.0,full,1,core_learning_training_aware,0.6839995874247954,0.35,0.1,0.1,0.05,0.1,0.1,0.2
arithmetic,953,1.0,full,1,core_learning_training_aware,0.720689664220929,0.35,0.1,0.1,0.05,0.1,0.1,0.2
geometric,953,0.0,traditional_ppo,3,core_learning_training_aware,0.39869789755407814,0.35,0.1,0.1,0.05,0.1,0.1,0.2
arithmetic,953,0.0,traditional_ppo,3,core_learning_training_aware,0.48061836873886266,0.35,0.1,0.1,0.05,0.1,0.1,0.2
geometric,953,0.0,a2c_pointer,2,core_learning_training_aware,0.6833478172391949,0.35,0.1,0.1,0.05,0.1,0.1,0.2
arithmetic,953,0.0,a2c_pointer,2,core_learning_training_aware,0.7176304505277588,0.35,0.1,0.1,0.05,0.1,0.1,0.2
geometric,954,1.0,full,1,core_learning_training_aware,0.6847235260867737,0.35,0.1,0.1,0.05,0.1,0.15,0.15
arithmetic,954,1.0,full,1,core_learning_training_aware,0.7217217640679356,0.35,0.1,0.1,0.05,0.1,0.15,0.15
geometric,954,0.0,traditional_ppo,3,core_learning_training_aware,0.4341335826971858,0.35,0.1,0.1,0.05,0.1,0.15,0.15
arithmetic,954,0.0,traditional_ppo,3,core_learning_training_aware,0.5209479814076976,0.35,0.1,0.1,0.05,0.1,0.15,0.15
geometric,954,0.0,a2c_pointer,2,core_learning_training_aware,0.684184489394246,0.35,0.1,0.1,0.05,0.1,0.15,0.15
arithmetic,954,0.0,a2c_pointer,2,core_learning_training_aware,0.7188030738689529,0.35,0.1,0.1,0.05,0.1,0.15,0.15
geometric,955,1.0,full,1,core_learning_training_aware,0.6854482309585509,0.35,0.1,0.1,0.05,0.1,0.2,0.1
arithmetic,955,1.0,full,1,core_learning_training_aware,0.7227538639149426,0.35,0.1,0.1,0.05,0.1,0.2,0.1
geometric,955,0.0,traditional_ppo,3,core_learning_training_aware,0.47271873963150385,0.35,0.1,0.1,0.05,0.1,0.2,0.1
arithmetic,955,0.0,traditional_ppo,3,core_learning_training_aware,0.5612775940765328,0.35,0.1,0.1,0.05,0.1,0.2,0.1
geometric,955,0.0,a2c_pointer,2,core_learning_training_aware,0.685022185947528,0.35,0.1,0.1,0.05,0.1,0.2,0.1
arithmetic,955,0.0,a2c_pointer,2,core_learning_training_aware,0.7199756972101471,0.35,0.1,0.1,0.05,0.1,0.2,0.1
geometric,956,0.0,full,2,core_learning_training_aware,0.6615407605696756,0.35,0.1,0.1,0.05,0.15,0.05,0.2
arithmetic,956,1.0,full,1,core_learning_training_aware,0.696673818227184,0.35,0.1,0.1,0.05,0.15,0.05,0.2
geometric,956,0.0,traditional_ppo,3,core_learning_training_aware,0.3900024619293112,0.35,0.1,0.1,0.05,0.15,0.05,0.2
arithmetic,956,0.0,traditional_ppo,3,core_learning_training_aware,0.4630330117432693,0.35,0.1,0.1,0.05,0.15,0.05,0.2
geometric,956,1.0,a2c_pointer,1,core_learning_training_aware,0.6619943254516545,0.35,0.1,0.1,0.05,0.15,0.05,0.2
arithmetic,956,0.0,a2c_pointer,2,core_learning_training_aware,0.6948316447825262,0.35,0.1,0.1,0.05,0.15,0.05,0.2
geometric,957,0.0,full,2,core_learning_training_aware,0.6622409290227795,0.35,0.1,0.1,0.05,0.15,0.1,0.15
arithmetic,957,1.0,full,1,core_learning_training_aware,0.6977059180741907,0.35,0.1,0.1,0.05,0.15,0.1,0.15
geometric,957,0.0,traditional_ppo,3,core_learning_training_aware,0.4246653094907017,0.35,0.1,0.1,0.05,0.15,0.1,0.15
arithmetic,957,0.0,traditional_ppo,3,core_learning_training_aware,0.5033626244121043,0.35,0.1,0.1,0.05,0.15,0.1,0.15
geometric,957,1.0,a2c_pointer,1,core_learning_training_aware,0.6628048529823415,0.35,0.1,0.1,0.05,0.15,0.1,0.15
arithmetic,957,0.0,a2c_pointer,2,core_learning_training_aware,0.6960042681237203,0.35,0.1,0.1,0.05,0.15,0.1,0.15
geometric,958,0.0,full,2,core_learning_training_aware,0.6629418385275192,0.35,0.1,0.1,0.05,0.15,0.15,0.1
arithmetic,958,1.0,full,1,core_learning_training_aware,0.6987380179211975,0.35,0.1,0.1,0.05,0.15,0.15,0.1
geometric,958,0.0,traditional_ppo,3,core_learning_training_aware,0.46240894017105105,0.35,0.1,0.1,0.05,0.15,0.15,0.1
arithmetic,958,0.0,traditional_ppo,3,core_learning_training_aware,0.5436922370809393,0.35,0.1,0.1,0.05,0.15,0.15,0.1
geometric,958,1.0,a2c_pointer,1,core_learning_training_aware,0.6636163729005049,0.35,0.1,0.1,0.05,0.15,0.15,0.1
arithmetic,958,0.0,a2c_pointer,2,core_learning_training_aware,0.6971768914649146,0.35,0.1,0.1,0.05,0.15,0.15,0.1
geometric,959,0.0,full,2,core_learning_training_aware,0.6636434898682166,0.35,0.1,0.1,0.05,0.15,0.2,0.05
arithmetic,959,1.0,full,1,core_learning_training_aware,0.6997701177682042,0.35,0.1,0.1,0.05,0.15,0.2,0.05
geometric,959,0.0,traditional_ppo,3,core_learning_training_aware,0.5035071694614047,0.35,0.1,0.1,0.05,0.15,0.2,0.05
arithmetic,959,0.0,traditional_ppo,3,core_learning_training_aware,0.5840218497497744,0.35,0.1,0.1,0.05,0.15,0.2,0.05
geometric,959,1.0,a2c_pointer,1,core_learning_training_aware,0.6644288864211964,0.35,0.1,0.1,0.05,0.15,0.2,0.05
arithmetic,959,0.0,a2c_pointer,2,core_learning_training_aware,0.6983495148061086,0.35,0.1,0.1,0.05,0.15,0.2,0.05
geometric,960,1.0,full,1,core_learning_training_aware,0.7048207881104888,0.35,0.1,0.1,0.1,0.05,0.1,0.2
arithmetic,960,1.0,full,1,core_learning_training_aware,0.7414649404802475,0.35,0.1,0.1,0.1,0.05,0.1,0.2
geometric,960,0.0,traditional_ppo,3,core_learning_training_aware,0.40675175630032845,0.35,0.1,0.1,0.1,0.05,0.1,0.2
arithmetic,960,0.0,traditional_ppo,3,core_learning_training_aware,0.49622110022864774,0.35,0.1,0.1,0.1,0.05,0.1,0.2
geometric,960,0.0,a2c_pointer,2,core_learning_training_aware,0.7030121657967447,0.35,0.1,0.1,0.1,0.05,0.1,0.2
arithmetic,960,0.0,a2c_pointer,2,core_learning_training_aware,0.7372616307975429,0.35,0.1,0.1,0.1,0.05,0.1,0.2
geometric,961,1.0,full,1,core_learning_training_aware,0.7055667637333692,0.35,0.1,0.1,0.1,0.05,0.15,0.15
arithmetic,961,1.0,full,1,core_learning_training_aware,0.7424970403272542,0.35,0.1,0.1,0.1,0.05,0.15,0.15
geometric,961,0.0,traditional_ppo,3,core_learning_training_aware,0.4429032566119384,0.35,0.1,0.1,0.1,0.05,0.15,0.15
arithmetic,961,0.0,traditional_ppo,3,core_learning_training_aware,0.5365507128974827,0.35,0.1,0.1,0.1,0.05,0.15,0.15
geometric,961,0.0,a2c_pointer,2,core_learning_training_aware,0.703872914435938,0.35,0.1,0.1,0.1,0.05,0.15,0.15
arithmetic,961,0.0,a2c_pointer,2,core_learning_training_aware,0.738434254138737,0.35,0.1,0.1,0.1,0.05,0.15,0.15
geometric,962,1.0,full,1,core_learning_training_aware,0.7063135288897585,0.35,0.1,0.1,0.1,0.05,0.2,0.1
arithmetic,962,1.0,full,1,core_learning_training_aware,0.7435291401742611,0.35,0.1,0.1,0.1,0.05,0.2,0.1
geometric,962,0.0,traditional_ppo,3,core_learning_training_aware,0.4822678493184472,0.35,0.1,0.1,0.1,0.05,0.2,0.1
arithmetic,962,0.0,traditional_ppo,3,core_learning_training_aware,0.5768803255663179,0.35,0.1,0.1,0.1,0.05,0.2,0.1
geometric,962,0.0,a2c_pointer,2,core_learning_training_aware,0.7047347169519429,0.35,0.1,0.1,0.1,0.05,0.2,0.1
arithmetic,962,0.0,a2c_pointer,2,core_learning_training_aware,0.7396068774799313,0.35,0.1,0.1,0.1,0.05,0.2,0.1
geometric,963,1.0,full,1,core_learning_training_aware,0.6816783062507275,0.35,0.1,0.1,0.1,0.1,0.05,0.2
arithmetic,963,1.0,full,1,core_learning_training_aware,0.7174490944865026,0.35,0.1,0.1,0.1,0.1,0.05,0.2
geometric,963,0.0,traditional_ppo,3,core_learning_training_aware,0.39788066935989463,0.35,0.1,0.1,0.1,0.1,0.05,0.2
arithmetic,963,0.0,traditional_ppo,3,core_learning_training_aware,0.47863574323305436,0.35,0.1,0.1,0.1,0.1,0.05,0.2
geometric,963,0.0,a2c_pointer,2,core_learning_training_aware,0.6810441955623023,0.35,0.1,0.1,0.1,0.1,0.05,0.2
arithmetic,963,0.0,a2c_pointer,2,core_learning_training_aware,0.7144628250523103,0.35,0.1,0.1,0.1,0.1,0.05,0.2
geometric,964,1.0,full,1,core_learning_training_aware,0.6823997880907747,0.35,0.1,0.1,0.1,0.1,0.1,0.15
arithmetic,964,1.0,full,1,core_learning_training_aware,0.7184811943335094,0.35,0.1,0.1,0.1,0.1,0.1,0.15
geometric,964,0.0,traditional_ppo,3,core_learning_training_aware,0.43324372045813564,0.35,0.1,0.1,0.1,0.1,0.1,0.15
arithmetic,964,0.0,traditional_ppo,3,core_learning_training_aware,0.5189653559018895,0.35,0.1,0.1,0.1,0.1,0.1,0.15
geometric,964,0.0,a2c_pointer,2,core_learning_training_aware,0.6818780472267274,0.35,0.1,0.1,0.1,0.1,0.1,0.15
arithmetic,964,0.0,a2c_pointer,2,core_learning_training_aware,0.7156354483935046,0.35,0.1,0.1,0.1,0.1,0.1,0.15
geometric,965,1.0,full,1,core_learning_training_aware,0.6831220335403438,0.35,0.1,0.1,0.1,0.1,0.15,0.1
arithmetic,965,1.0,full,1,core_learning_training_aware,0.7195132941805161,0.35,0.1,0.1,0.1,0.1,0.15,0.1
geometric,965,0.0,traditional_ppo,3,core_learning_training_aware,0.4717497877400699,0.35,0.1,0.1,0.1,0.1,0.15,0.1
arithmetic,965,0.0,traditional_ppo,3,core_learning_training_aware,0.5592949685707245,0.35,0.1,0.1,0.1,0.1,0.15,0.1
geometric,965,0.0,a2c_pointer,2,core_learning_training_aware,0.6827129198360528,0.35,0.1,0.1,0.1,0.1,0.15,0.1
arithmetic,965,0.0,a2c_pointer,2,core_learning_training_aware,0.7168080717346986,0.35,0.1,0.1,0.1,0.1,0.15,0.1
geometric,966,1.0,full,1,core_learning_training_aware,0.6838450434076321,0.35,0.1,0.1,0.1,0.1,0.2,0.05
arithmetic,966,1.0,full,1,core_learning_training_aware,0.7205453940275228,0.35,0.1,0.1,0.1,0.1,0.2,0.05
geometric,966,0.0,traditional_ppo,3,core_learning_training_aware,0.5136782178803807,0.35,0.1,0.1,0.1,0.1,0.2,0.05
arithmetic,966,0.0,traditional_ppo,3,core_learning_training_aware,0.5996245812395595,0.35,0.1,0.1,0.1,0.1,0.2,0.05
geometric,966,0.0,a2c_pointer,2,core_learning_training_aware,0.6835488146402949,0.35,0.1,0.1,0.1,0.1,0.2,0.05
arithmetic,966,0.0,a2c_pointer,2,core_learning_training_aware,0.7179806950758927,0.35,0.1,0.1,0.1,0.1,0.2,0.05
geometric,967,0.0,full,2,core_learning_training_aware,0.6599934899460611,0.35,0.1,0.1,0.1,0.15,0.05,0.15
arithmetic,967,1.0,full,1,core_learning_training_aware,0.6944653483397644,0.35,0.1,0.1,0.1,0.15,0.05,0.15
geometric,967,0.0,traditional_ppo,3,core_learning_training_aware,0.4237948547776557,0.35,0.1,0.1,0.1,0.15,0.05,0.15
arithmetic,967,0.0,traditional_ppo,3,core_learning_training_aware,0.5013799989062961,0.35,0.1,0.1,0.1,0.15,0.05,0.15
geometric,967,1.0,a2c_pointer,1,core_learning_training_aware,0.660570483327005,0.35,0.1,0.1,0.1,0.15,0.05,0.15
arithmetic,967,0.0,a2c_pointer,2,core_learning_training_aware,0.6928366426482718,0.35,0.1,0.1,0.1,0.15,0.05,0.15
geometric,968,0.0,full,2,core_learning_training_aware,0.6606920207826437,0.35,0.1,0.1,0.1,0.15,0.1,0.1
arithmetic,968,1.0,full,1,core_learning_training_aware,0.6954974481867712,0.35,0.1,0.1,0.1,0.15,0.1,0.1
geometric,968,0.0,traditional_ppo,3,core_learning_training_aware,0.4614611207181053,0.35,0.1,0.1,0.1,0.15,0.1,0.1
arithmetic,968,0.0,traditional_ppo,3,core_learning_training_aware,0.5417096115751312,0.35,0.1,0.1,0.1,0.15,0.1,0.1
geometric,968,1.0,a2c_pointer,1,core_learning_training_aware,0.6613792675448009,0.35,0.1,0.1,0.1,0.15,0.1,0.1
arithmetic,968,0.0,a2c_pointer,2,core_learning_training_aware,0.6940092659894662,0.35,0.1,0.1,0.1,0.15,0.1,0.1
geometric,969,0.0,full,2,core_learning_training_aware,0.6613912909376242,0.35,0.1,0.1,0.1,0.15,0.15,0.05
arithmetic,969,1.0,full,1,core_learning_training_aware,0.6965295480337779,0.35,0.1,0.1,0.1,0.15,0.15,0.05
geometric,969,0.0,traditional_ppo,3,core_learning_training_aware,0.5024751092037968,0.35,0.1,0.1,0.1,0.15,0.15,0.05
arithmetic,969,0.0,traditional_ppo,3,core_learning_training_aware,0.5820392242439661,0.35,0.1,0.1,0.1,0.15,0.15,0.05
geometric,969,1.0,a2c_pointer,1,core_learning_training_aware,0.6621890420156091,0.35,0.1,0.1,0.1,0.15,0.15,0.05
arithmetic,969,0.0,a2c_pointer,2,core_learning_training_aware,0.6951818893306602,0.35,0.1,0.1,0.1,0.15,0.15,0.05
geometric,970,1.0,full,1,core_learning_training_aware,0.7024288462780495,0.35,0.1,0.1,0.15,0.05,0.05,0.2
arithmetic,970,1.0,full,1,core_learning_training_aware,0.7382243707458211,0.35,0.1,0.1,0.15,0.05,0.05,0.2
geometric,970,0.0,traditional_ppo,3,core_learning_training_aware,0.4059180197661718,0.35,0.1,0.1,0.15,0.05,0.05,0.2
arithmetic,970,0.0,traditional_ppo,3,core_learning_training_aware,0.49423847472283944,0.35,0.1,0.1,0.15,0.05,0.05,0.2
geometric,970,0.0,a2c_pointer,2,core_learning_training_aware,0.7006422539840584,0.35,0.1,0.1,0.15,0.05,0.05,0.2
arithmetic,970,0.0,a2c_pointer,2,core_learning_training_aware,0.7340940053220943,0.35,0.1,0.1,0.15,0.05,0.05,0.2
geometric,971,1.0,full,1,core_learning_training_aware,0.7031722902924298,0.35,0.1,0.1,0.15,0.05,0.1,0.15
arithmetic,971,1.0,full,1,core_learning_training_aware,0.7392564705928278,0.35,0.1,0.1,0.15,0.05,0.1,0.15
geometric,971,0.0,traditional_ppo,3,core_learning_training_aware,0.44199541879583887,0.35,0.1,0.1,0.15,0.05,0.1,0.15
arithmetic,971,0.0,traditional_ppo,3,core_learning_training_aware,0.5345680873916745,0.35,0.1,0.1,0.15,0.05,0.1,0.15
geometric,971,0.0,a2c_pointer,2,core_learning_training_aware,0.7015001009688181,0.35,0.1,0.1,0.15,0.05,0.1,0.15
arithmetic,971,0.0,a2c_pointer,2,core_learning_training_aware,0.7352666286632884,0.35,0.1,0.1,0.15,0.05,0.1,0.15
geometric,972,1.0,full,1,core_learning_training_aware,0.7039165211608884,0.35,0.1,0.1,0.15,0.05,0.15,0.1
arithmetic,972,1.0,full,1,core_learning_training_aware,0.7402885704398345,0.35,0.1,0.1,0.15,0.05,0.15,0.1
geometric,972,0.0,traditional_ppo,3,core_learning_training_aware,0.4812793242070054,0.35,0.1,0.1,0.15,0.05,0.15,0.1
arithmetic,972,0.0,traditional_ppo,3,core_learning_training_aware,0.5748977000605094,0.35,0.1,0.1,0.15,0.05,0.15,0.1
geometric,972,0.0,a2c_pointer,2,core_learning_training_aware,0.702358998277684,0.35,0.1,0.1,0.15,0.05,0.15,0.1
arithmetic,972,0.0,a2c_pointer,2,core_learning_training_aware,0.7364392520044827,0.35,0.1,0.1,0.15,0.05,0.15,0.1
geometric,973,1.0,full,1,core_learning_training_aware,0.7046615397162245,0.35,0.1,0.1,0.15,0.05,0.2,0.05
arithmetic,973,1.0,full,1,core_learning_training_aware,0.7413206702868413,0.35,0.1,0.1,0.15,0.05,0.2,0.05
geometric,973,0.0,traditional_ppo,3,core_learning_training_aware,0.5240547255901388,0.35,0.1,0.1,0.15,0.05,0.2,0.05
arithmetic,973,0.0,traditional_ppo,3,core_learning_training_aware,0.6152273127293446,0.35,0.1,0.1,0.15,0.05,0.2,0.05
geometric,973,0.0,a2c_pointer,2,core_learning_training_aware,0.703218947196644,0.35,0.1,0.1,0.15,0.05,0.2,0.05
arithmetic,973,0.0,a2c_pointer,2,core_learning_training_aware,0.7376118753456767,0.35,0.1,0.1,0.15,0.05,0.2,0.05
geometric,974,1.0,full,1,core_learning_training_aware,0.6800839361364677,0.35,0.1,0.1,0.15,0.1,0.05,0.15
arithmetic,974,1.0,full,1,core_learning_training_aware,0.7152406245990829,0.35,0.1,0.1,0.15,0.1,0.05,0.15
geometric,974,0.0,traditional_ppo,3,core_learning_training_aware,0.43235568220791315,0.35,0.1,0.1,0.15,0.1,0.05,0.15
arithmetic,974,0.0,traditional_ppo,3,core_learning_training_aware,0.5169827303960812,0.35,0.1,0.1,0.15,0.1,0.05,0.15
geometric,974,0.0,a2c_pointer,2,core_learning_training_aware,0.6795793802653917,0.35,0.1,0.1,0.15,0.1,0.05,0.15
arithmetic,974,0.0,a2c_pointer,2,core_learning_training_aware,0.7124678229180559,0.35,0.1,0.1,0.15,0.1,0.05,0.15
geometric,975,1.0,full,1,core_learning_training_aware,0.6808037305103403,0.35,0.1,0.1,0.15,0.1,0.1,0.1
arithmetic,975,1.0,full,1,core_learning_training_aware,0.7162727244460897,0.35,0.1,0.1,0.15,0.1,0.1,0.1
geometric,975,0.0,traditional_ppo,3,core_learning_training_aware,0.4707828219509188,0.35,0.1,0.1,0.15,0.1,0.1,0.1
arithmetic,975,0.0,traditional_ppo,3,core_learning_training_aware,0.5573123430649163,0.35,0.1,0.1,0.15,0.1,0.1,0.1
geometric,975,0.0,a2c_pointer,2,core_learning_training_aware,0.6804114384505076,0.35,0.1,0.1,0.15,0.1,0.1,0.1
arithmetic,975,0.0,a2c_pointer,2,core_learning_training_aware,0.7136404462592502,0.35,0.1,0.1,0.15,0.1,0.1,0.1
geometric,976,1.0,full,1,core_learning_training_aware,0.6815242867077367,0.35,0.1,0.1,0.15,0.1,0.15,0.05
arithmetic,976,1.0,full,1,core_learning_training_aware,0.7173048242930964,0.35,0.1,0.1,0.15,0.1,0.15,0.05
geometric,976,0.0,traditional_ppo,3,core_learning_training_aware,0.51262530958825,0.35,0.1,0.1,0.15,0.1,0.15,0.05
arithmetic,976,0.0,traditional_ppo,3,core_learning_training_aware,0.5976419557337512,0.35,0.1,0.1,0.15,0.1,0.15,0.05
geometric,976,0.0,a2c_pointer,2,core_learning_training_aware,0.6812445153846373,0.35,0.1,0.1,0.15,0.1,0.15,0.05
arithmetic,976,0.0,a2c_pointer,2,core_learning_training_aware,0.7148130696004442,0.35,0.1,0.1,0.15,0.1,0.15,0.05
geometric,977,0.0,full,2,core_learning_training_aware,0.6584498382171926,0.35,0.1,0.1,0.15,0.15,0.05,0.1
arithmetic,977,1.0,full,1,core_learning_training_aware,0.6922568784523447,0.35,0.1,0.1,0.15,0.15,0.05,0.1
geometric,977,0.0,traditional_ppo,3,core_learning_training_aware,0.4605152440513763,0.35,0.1,0.1,0.15,0.15,0.05,0.1
arithmetic,977,0.0,traditional_ppo,3,core_learning_training_aware,0.5397269860693228,0.35,0.1,0.1,0.15,0.15,0.05,0.1
geometric,977,1.0,a2c_pointer,1,core_learning_training_aware,0.6591497036551862,0.35,0.1,0.1,0.15,0.15,0.05,0.1
arithmetic,977,0.0,a2c_pointer,2,core_learning_training_aware,0.6908416405140174,0.35,0.1,0.1,0.15,0.15,0.05,0.1
geometric,978,0.0,full,2,core_learning_training_aware,0.6591467352674576,0.35,0.1,0.1,0.15,0.15,0.1,0.05
arithmetic,978,1.0,full,1,core_learning_training_aware,0.6932889782993514,0.35,0.1,0.1,0.15,0.15,0.1,0.05
geometric,978,0.0,traditional_ppo,3,core_learning_training_aware,0.5014451644043987,0.35,0.1,0.1,0.15,0.15,0.1,0.05
arithmetic,978,0.0,traditional_ppo,3,core_learning_training_aware,0.580056598738158,0.35,0.1,0.1,0.15,0.15,0.1,0.05
geometric,978,1.0,a2c_pointer,1,core_learning_training_aware,0.6599567483096735,0.35,0.1,0.1,0.15,0.15,0.1,0.05
arithmetic,978,0.0,a2c_pointer,2,core_learning_training_aware,0.6920142638552116,0.35,0.1,0.1,0.15,0.15,0.1,0.05
geometric,979,1.0,full,1,core_learning_training_aware,0.7050130004085688,0.35,0.1,0.15,0.05,0.05,0.1,0.2
arithmetic,979,1.0,full,1,core_learning_training_aware,0.7417168196064237,0.35,0.1,0.15,0.05,0.05,0.1,0.2
geometric,979,0.0,traditional_ppo,3,core_learning_training_aware,0.4063738082222459,0.35,0.1,0.15,0.05,0.05,0.1,0.2
arithmetic,979,0.0,traditional_ppo,3,core_learning_training_aware,0.49534927824632613,0.35,0.1,0.15,0.05,0.05,0.1,0.2
geometric,979,0.0,a2c_pointer,2,core_learning_training_aware,0.7037677282859268,0.35,0.1,0.15,0.05,0.05,0.1,0.2
arithmetic,979,0.0,a2c_pointer,2,core_learning_training_aware,0.7382461664368342,0.35,0.1,0.15,0.05,0.05,0.1,0.2
geometric,980,1.0,full,1,core_learning_training_aware,0.7057591794671186,0.35,0.1,0.15,0.05,0.05,0.15,0.15
arithmetic,980,1.0,full,1,core_learning_training_aware,0.7427489194534304,0.35,0.1,0.15,0.05,0.05,0.15,0.15
geometric,980,0.0,traditional_ppo,3,core_learning_training_aware,0.4424917170622742,0.35,0.1,0.15,0.05,0.05,0.15,0.15
arithmetic,980,0.0,traditional_ppo,3,core_learning_training_aware,0.5356788909151611,0.35,0.1,0.15,0.05,0.05,0.15,0.15
geometric,980,0.0,a2c_pointer,2,core_learning_training_aware,0.7046294020149209,0.35,0.1,0.15,0.05,0.05,0.15,0.15
arithmetic,980,0.0,a2c_pointer,2,core_learning_training_aware,0.7394187897780283,0.35,0.1,0.15,0.05,0.05,0.15,0.15
geometric,981,1.0,full,1,core_learning_training_aware,0.7065061482744918,0.35,0.1,0.15,0.05,0.05,0.2,0.1
arithmetic,981,1.0,full,1,core_learning_training_aware,0.7437810193004369,0.35,0.1,0.15,0.05,0.05,0.2,0.1
geometric,981,0.0,traditional_ppo,3,core_learning_training_aware,0.48181973273641016,0.35,0.1,0.15,0.05,0.05,0.2,0.1
arithmetic,981,0.0,traditional_ppo,3,core_learning_training_aware,0.576008503583996,0.35,0.1,0.15,0.05,0.05,0.2,0.1
geometric,981,0.0,a2c_pointer,2,core_learning_training_aware,0.7054921307533809,0.35,0.1,0.15,0.05,0.05,0.2,0.1
arithmetic,981,0.0,a2c_pointer,2,core_learning_training_aware,0.7405914131192223,0.35,0.1,0.15,0.05,0.05,0.2,0.1
geometric,982,1.0,full,1,core_learning_training_aware,0.6818642073421909,0.35,0.1,0.15,0.05,0.1,0.05,0.2
arithmetic,982,1.0,full,1,core_learning_training_aware,0.7177009736126788,0.35,0.1,0.15,0.05,0.1,0.05,0.2
geometric,982,0.0,traditional_ppo,3,core_learning_training_aware,0.39751096417248855,0.35,0.1,0.15,0.05,0.1,0.05,0.2
arithmetic,982,0.0,traditional_ppo,3,core_learning_training_aware,0.47776392125073275,0.35,0.1,0.15,0.05,0.1,0.05,0.2
geometric,982,0.0,a2c_pointer,2,core_learning_training_aware,0.6817761479703505,0.35,0.1,0.15,0.05,0.1,0.05,0.2
arithmetic,982,0.0,a2c_pointer,2,core_learning_training_aware,0.7154473606916016,0.35,0.1,0.15,0.05,0.1,0.05,0.2
geometric,983,0.0,full,2,core_learning_training_aware,0.6825858859381864,0.35,0.1,0.15,0.05,0.1,0.1,0.15
arithmetic,983,1.0,full,1,core_learning_training_aware,0.7187330734596855,0.35,0.1,0.15,0.05,0.1,0.1,0.15
geometric,983,0.0,traditional_ppo,3,core_learning_training_aware,0.43284115641519744,0.35,0.1,0.15,0.05,0.1,0.1,0.15
arithmetic,983,0.0,traditional_ppo,3,core_learning_training_aware,0.5180935339195678,0.35,0.1,0.15,0.05,0.1,0.1,0.15
geometric,983,1.0,a2c_pointer,1,core_learning_training_aware,0.6826108958170465,0.35,0.1,0.15,0.05,0.1,0.1,0.15
arithmetic,983,0.0,a2c_pointer,2,core_learning_training_aware,0.7166199840327957,0.35,0.1,0.15,0.05,0.1,0.1,0.15
geometric,984,0.0,full,2,core_learning_training_aware,0.6833083283519483,0.35,0.1,0.15,0.05,0.1,0.15,0.1
arithmetic,984,1.0,full,1,core_learning_training_aware,0.7197651733066922,0.35,0.1,0.15,0.05,0.1,0.15,0.1
geometric,984,0.0,traditional_ppo,3,core_learning_training_aware,0.4713114443946498,0.35,0.1,0.15,0.05,0.1,0.15,0.1
arithmetic,984,0.0,traditional_ppo,3,core_learning_training_aware,0.5584231465884028,0.35,0.1,0.15,0.05,0.1,0.15,0.1
geometric,984,1.0,a2c_pointer,1,core_learning_training_aware,0.6834466657059034,0.35,0.1,0.15,0.05,0.1,0.15,0.1
arithmetic,984,0.0,a2c_pointer,2,core_learning_training_aware,0.71779260737399,0.35,0.1,0.15,0.05,0.1,0.15,0.1
geometric,985,0.0,full,2,core_learning_training_aware,0.6840315353918944,0.35,0.1,0.15,0.05,0.1,0.2,0.05
arithmetic,985,1.0,full,1,core_learning_training_aware,0.7207972731536989,0.35,0.1,0.15,0.05,0.1,0.2,0.05
geometric,985,0.0,traditional_ppo,3,core_learning_training_aware,0.5132009152204817,0.35,0.1,0.15,0.05,0.1,0.2,0.05
arithmetic,985,0.0,traditional_ppo,3,core_learning_training_aware,0.5987527592572379,0.35,0.1,0.15,0.05,0.1,0.2,0.05
geometric,985,1.0,a2c_pointer,1,core_learning_training_aware,0.6842834588882815,0.35,0.1,0.15,0.05,0.1,0.2,0.05
arithmetic,985,0.0,a2c_pointer,2,core_learning_training_aware,0.718965230715184,0.35,0.1,0.15,0.05,0.1,0.2,0.05
geometric,986,0.0,full,2,core_learning_training_aware,0.6601734773521655,0.35,0.1,0.15,0.05,0.15,0.05,0.15
arithmetic,986,1.0,full,1,core_learning_training_aware,0.6947172274659406,0.35,0.1,0.15,0.05,0.15,0.05,0.15
geometric,986,0.0,traditional_ppo,3,core_learning_training_aware,0.4234010704893681,0.35,0.1,0.15,0.05,0.15,0.05,0.15
arithmetic,986,0.0,traditional_ppo,3,core_learning_training_aware,0.5005081769239745,0.35,0.1,0.15,0.05,0.15,0.05,0.15
geometric,986,1.0,a2c_pointer,1,core_learning_training_aware,0.6612804316080524,0.35,0.1,0.15,0.05,0.15,0.05,0.15
arithmetic,986,0.0,a2c_pointer,2,core_learning_training_aware,0.6938211782875632,0.35,0.1,0.15,0.05,0.15,0.05,0.15
geometric,987,0.0,full,2,core_learning_training_aware,0.6608721986857079,0.35,0.1,0.15,0.05,0.15,0.1,0.1
arithmetic,987,1.0,full,1,core_learning_training_aware,0.6957493273129474,0.35,0.1,0.15,0.05,0.15,0.1,0.1
geometric,987,0.0,traditional_ppo,3,core_learning_training_aware,0.4610323374590689,0.35,0.1,0.15,0.05,0.15,0.1,0.1
arithmetic,987,0.0,traditional_ppo,3,core_learning_training_aware,0.5408377895928095,0.35,0.1,0.15,0.05,0.15,0.1,0.1
geometric,987,1.0,a2c_pointer,1,core_learning_training_aware,0.6620900850668751,0.35,0.1,0.15,0.05,0.15,0.1,0.1
arithmetic,987,0.0,a2c_pointer,2,core_learning_training_aware,0.6949938016287573,0.35,0.1,0.15,0.05,0.15,0.1,0.1
geometric,988,0.0,full,2,core_learning_training_aware,0.6615716595392684,0.35,0.1,0.15,0.05,0.15,0.15,0.05
arithmetic,988,1.0,full,1,core_learning_training_aware,0.696781427159954,0.35,0.1,0.15,0.05,0.15,0.15,0.05
geometric,988,0.0,traditional_ppo,3,core_learning_training_aware,0.5020082163167563,0.35,0.1,0.15,0.05,0.15,0.15,0.05
arithmetic,988,0.0,traditional_ppo,3,core_learning_training_aware,0.5811674022616445,0.35,0.1,0.15,0.05,0.15,0.15,0.05
geometric,988,1.0,a2c_pointer,1,core_learning_training_aware,0.6629007298429846,0.35,0.1,0.15,0.05,0.15,0.15,0.05
arithmetic,988,0.0,a2c_pointer,2,core_learning_training_aware,0.6961664249699515,0.35,0.1,0.15,0.05,0.15,0.15,0.05
geometric,989,1.0,full,1,core_learning_training_aware,0.7026204062675652,0.35,0.1,0.15,0.1,0.05,0.05,0.2
arithmetic,989,1.0,full,1,core_learning_training_aware,0.7384762498719972,0.35,0.1,0.15,0.1,0.05,0.05,0.2
geometric,989,0.0,traditional_ppo,3,core_learning_training_aware,0.4055408463844878,0.35,0.1,0.15,0.1,0.05,0.05,0.2
arithmetic,989,0.0,traditional_ppo,3,core_learning_training_aware,0.49336665274051783,0.35,0.1,0.15,0.1,0.05,0.05,0.2
geometric,989,0.0,a2c_pointer,2,core_learning_training_aware,0.701395269409967,0.35,0.1,0.15,0.1,0.05,0.05,0.2
arithmetic,989,0.0,a2c_pointer,2,core_learning_training_aware,0.7350785409613857,0.35,0.1,0.15,0.1,0.05,0.05,0.2
geometric,990,1.0,full,1,core_learning_training_aware,0.7033640530272175,0.35,0.1,0.15,0.1,0.05,0.1,0.15
arithmetic,990,1.0,full,1,core_learning_training_aware,0.739508349719004,0.35,0.1,0.15,0.1,0.05,0.1,0.15
geometric,990,0.0,traditional_ppo,3,core_learning_training_aware,0.44158472279645433,0.35,0.1,0.15,0.1,0.05,0.1,0.15
arithmetic,990,0.0,traditional_ppo,3,core_learning_training_aware,0.5336962654093529,0.35,0.1,0.15,0.1,0.05,0.1,0.15
geometric,990,0.0,a2c_pointer,2,core_learning_training_aware,0.7022540383659737,0.35,0.1,0.15,0.1,0.05,0.1,0.15
arithmetic,990,0.0,a2c_pointer,2,core_learning_training_aware,0.7362511643025798,0.35,0.1,0.15,0.1,0.05,0.1,0.15
geometric,991,1.0,full,1,core_learning_training_aware,0.7041084868555321,0.35,0.1,0.15,0.1,0.05,0.15,0.1
arithmetic,991,1.0,full,1,core_learning_training_aware,0.7405404495660106,0.35,0.1,0.15,0.1,0.05,0.15,0.1
geometric,991,0.0,traditional_ppo,3,core_learning_training_aware,0.4808321261487612,0.35,0.1,0.15,0.1,0.05,0.15,0.1
arithmetic,991,0.0,traditional_ppo,3,core_learning_training_aware,0.5740258780781878,0.35,0.1,0.15,0.1,0.05,0.15,0.1
geometric,991,0.0,a2c_pointer,2,core_learning_training_aware,0.7031138587749227,0.35,0.1,0.15,0.1,0.05,0.15,0.1
arithmetic,991,0.0,a2c_pointer,2,core_learning_training_aware,0.7374237876437739,0.35,0.1,0.15,0.1,0.05,0.15,0.1
geometric,992,1.0,full,1,core_learning_training_aware,0.7048537085855346,0.35,0.1,0.15,0.1,0.05,0.2,0.05
arithmetic,992,1.0,full,1,core_learning_training_aware,0.7415725494130174,0.35,0.1,0.15,0.1,0.05,0.2,0.05
geometric,992,0.0,traditional_ppo,3,core_learning_training_aware,0.5235677812235098,0.35,0.1,0.15,0.1,0.05,0.2,0.05
arithmetic,992,0.0,traditional_ppo,3,core_learning_training_aware,0.614355490747023,0.35,0.1,0.15,0.1,0.05,0.2,0.05
geometric,992,0.0,a2c_pointer,2,core_learning_training_aware,0.7039747319241839,0.35,0.1,0.15,0.1,0.05,0.2,0.05
arithmetic,992,0.0,a2c_pointer,2,core_learning_training_aware,0.7385964109849681,0.35,0.1,0.15,0.1,0.05,0.2,0.05
geometric,993,0.0,full,2,core_learning_training_aware,0.6802694024258524,0.35,0.1,0.15,0.1,0.1,0.05,0.15
arithmetic,993,1.0,full,1,core_learning_training_aware,0.7154925037252591,0.35,0.1,0.15,0.1,0.1,0.05,0.15
geometric,993,0.0,traditional_ppo,3,core_learning_training_aware,0.4319539433177732,0.35,0.1,0.15,0.1,0.1,0.05,0.15
arithmetic,993,0.0,traditional_ppo,3,core_learning_training_aware,0.5161109084137596,0.35,0.1,0.15,0.1,0.1,0.05,0.15
geometric,993,1.0,a2c_pointer,1,core_learning_training_aware,0.6803097583628578,0.35,0.1,0.15,0.1,0.1,0.05,0.15
arithmetic,993,0.0,a2c_pointer,2,core_learning_training_aware,0.7134523585573472,0.35,0.1,0.15,0.1,0.1,0.05,0.15
geometric,994,0.0,full,2,core_learning_training_aware,0.6809893930954829,0.35,0.1,0.15,0.1,0.1,0.1,0.1
arithmetic,994,1.0,full,1,core_learning_training_aware,0.716524603572266,0.35,0.1,0.15,0.1,0.1,0.1,0.1
geometric,994,0.0,traditional_ppo,3,core_learning_training_aware,0.470345377096669,0.35,0.1,0.15,0.1,0.1,0.1,0.1
arithmetic,994,0.0,traditional_ppo,3,core_learning_training_aware,0.5564405210825947,0.35,0.1,0.15,0.1,0.1,0.1,0.1
geometric,994,1.0,a2c_pointer,1,core_learning_training_aware,0.6811427108027023,0.35,0.1,0.15,0.1,0.1,0.1,0.1
arithmetic,994,0.0,a2c_pointer,2,core_learning_training_aware,0.7146249818985416,0.35,0.1,0.15,0.1,0.1,0.1,0.1
geometric,995,0.0,full,2,core_learning_training_aware,0.6817101457963948,0.35,0.1,0.15,0.1,0.1,0.15,0.05
arithmetic,995,1.0,full,1,core_learning_training_aware,0.7175567034192725,0.35,0.1,0.15,0.1,0.1,0.15,0.05
geometric,995,0.0,traditional_ppo,3,core_learning_training_aware,0.5121489852761005,0.35,0.1,0.15,0.1,0.1,0.15,0.05
arithmetic,995,0.0,traditional_ppo,3,core_learning_training_aware,0.5967701337514296,0.35,0.1,0.15,0.1,0.1,0.15,0.05
geometric,995,1.0,a2c_pointer,1,core_learning_training_aware,0.6819766830864612,0.35,0.1,0.15,0.1,0.1,0.15,0.05
arithmetic,995,0.0,a2c_pointer,2,core_learning_training_aware,0.7157976052397356,0.35,0.1,0.15,0.1,0.1,0.15,0.05
geometric,996,0.0,full,2,core_learning_training_aware,0.6586294046526739,0.35,0.1,0.15,0.1,0.15,0.05,0.1
arithmetic,996,1.0,full,1,core_learning_training_aware,0.6925087575785209,0.35,0.1,0.15,0.1,0.15,0.05,0.1
geometric,996,0.0,traditional_ppo,3,core_learning_training_aware,0.4600873396877908,0.35,0.1,0.15,0.1,0.15,0.05,0.1
arithmetic,996,0.0,traditional_ppo,3,core_learning_training_aware,0.5388551640870012,0.35,0.1,0.15,0.1,0.15,0.05,0.1
geometric,996,1.0,a2c_pointer,1,core_learning_training_aware,0.6598581249529499,0.35,0.1,0.15,0.1,0.15,0.05,0.1
arithmetic,996,0.0,a2c_pointer,2,core_learning_training_aware,0.6918261761533089,0.35,0.1,0.15,0.1,0.15,0.05,0.1
geometric,997,0.0,full,2,core_learning_training_aware,0.6593264917543475,0.35,0.1,0.15,0.1,0.15,0.1,0.05
arithmetic,997,1.0,full,1,core_learning_training_aware,0.6935408574255277,0.35,0.1,0.15,0.1,0.15,0.1,0.05
geometric,997,0.0,traditional_ppo,3,core_learning_training_aware,0.5009792285277495,0.35,0.1,0.15,0.1,0.15,0.1,0.05
arithmetic,997,0.0,traditional_ppo,3,core_learning_training_aware,0.5791847767558364,0.35,0.1,0.15,0.1,0.15,0.1,0.05
geometric,997,1.0,a2c_pointer,1,core_learning_training_aware,0.6606660369788679,0.35,0.1,0.15,0.1,0.15,0.1,0.05
arithmetic,997,0.0,a2c_pointer,2,core_learning_training_aware,0.692998799494503,0.35,0.1,0.15,0.1,0.15,0.1,0.05
geometric,998,1.0,full,1,core_learning_training_aware,0.7009770548991118,0.35,0.1,0.15,0.15,0.05,0.05,0.15
arithmetic,998,1.0,full,1,core_learning_training_aware,0.7362677799845776,0.35,0.1,0.15,0.15,0.05,0.05,0.15
geometric,998,0.0,traditional_ppo,3,core_learning_training_aware,0.4406795876357127,0.35,0.1,0.15,0.15,0.05,0.05,0.15
arithmetic,998,0.0,traditional_ppo,3,core_learning_training_aware,0.5317136399035446,0.35,0.1,0.15,0.15,0.05,0.05,0.15
geometric,998,0.0,a2c_pointer,2,core_learning_training_aware,0.6998866822631898,0.35,0.1,0.15,0.15,0.05,0.05,0.15
arithmetic,998,0.0,a2c_pointer,2,core_learning_training_aware,0.7330835388271312,0.35,0.1,0.15,0.15,0.05,0.05,0.15
geometric,999,1.0,full,1,core_learning_training_aware,0.7017189623512957,0.35,0.1,0.15,0.15,0.05,0.1,0.1
arithmetic,999,1.0,full,1,core_learning_training_aware,0.7372998798315844,0.35,0.1,0.15,0.15,0.05,0.1,0.1
geometric,999,0.0,traditional_ppo,3,core_learning_training_aware,0.47984654390072673,0.35,0.1,0.15,0.15,0.05,0.1,0.1
arithmetic,999,0.0,traditional_ppo,3,core_learning_training_aware,0.5720432525723796,0.35,0.1,0.15,0.15,0.05,0.1,0.1
geometric,999,0.0,a2c_pointer,2,core_learning_training_aware,0.7007436041468457,0.35,0.1,0.15,0.15,0.05,0.1,0.1
arithmetic,999,0.0,a2c_pointer,2,core_learning_training_aware,0.7342561621683255,0.35,0.1,0.15,0.15,0.05,0.1,0.1
geometric,1000,1.0,full,1,core_learning_training_aware,0.7024616550312752,0.35,0.1,0.15,0.15,0.05,0.15,0.05
arithmetic,1000,1.0,full,1,core_learning_training_aware,0.738331979678591,0.35,0.1,0.15,0.15,0.05,0.15,0.05
geometric,1000,0.0,traditional_ppo,3,core_learning_training_aware,0.5224946018688985,0.35,0.1,0.15,0.15,0.05,0.15,0.05
arithmetic,1000,0.0,traditional_ppo,3,core_learning_training_aware,0.6123728652412147,0.35,0.1,0.15,0.15,0.05,0.15,0.05
geometric,1000,0.0,a2c_pointer,2,core_learning_training_aware,0.7016015752219397,0.35,0.1,0.15,0.15,0.05,0.15,0.05
arithmetic,1000,0.0,a2c_pointer,2,core_learning_training_aware,0.7354287855095195,0.35,0.1,0.15,0.15,0.05,0.15,0.05
geometric,1001,0.0,full,2,core_learning_training_aware,0.6786783275817099,0.35,0.1,0.15,0.15,0.1,0.05,0.1
arithmetic,1001,1.0,full,1,core_learning_training_aware,0.7132840338378393,0.35,0.1,0.15,0.15,0.1,0.05,0.1
geometric,1001,0.0,traditional_ppo,3,core_learning_training_aware,0.46938128998829615,0.35,0.1,0.15,0.15,0.1,0.05,0.1
arithmetic,1001,0.0,traditional_ppo,3,core_learning_training_aware,0.5544578955767863,0.35,0.1,0.15,0.15,0.1,0.05,0.1
geometric,1001,1.0,a2c_pointer,1,core_learning_training_aware,0.6788465227209114,0.35,0.1,0.15,0.15,0.1,0.05,0.1
arithmetic,1001,0.0,a2c_pointer,2,core_learning_training_aware,0.7114573564230928,0.35,0.1,0.15,0.15,0.1,0.05,0.1
geometric,1002,0.0,full,2,core_learning_training_aware,0.6793966342728485,0.35,0.1,0.15,0.15,0.1,0.1,0.05
arithmetic,1002,1.0,full,1,core_learning_training_aware,0.714316133684846,0.35,0.1,0.15,0.15,0.1,0.1,0.05
geometric,1002,0.0,traditional_ppo,3,core_learning_training_aware,0.511099211517679,0.35,0.1,0.15,0.15,0.1,0.1,0.05
arithmetic,1002,0.0,traditional_ppo,3,core_learning_training_aware,0.5947875082456214,0.35,0.1,0.15,0.15,0.1,0.1,0.05
geometric,1002,1.0,a2c_pointer,1,core_learning_training_aware,0.6796776836155324,0.35,0.1,0.15,0.15,0.1,0.1,0.05
arithmetic,1002,0.0,a2c_pointer,2,core_learning_training_aware,0.712629979764287,0.35,0.1,0.15,0.15,0.1,0.1,0.05
geometric,1003,0.0,full,2,core_learning_training_aware,0.657088943368338,0.35,0.1,0.15,0.15,0.15,0.05,0.05
arithmetic,1003,1.0,full,1,core_learning_training_aware,0.6903002876911012,0.35,0.1,0.15,0.15,0.15,0.05,0.05
geometric,1003,0.0,traditional_ppo,3,core_learning_training_aware,0.4999523498991817,0.35,0.1,0.15,0.15,0.15,0.05,0.05
arithmetic,1003,0.0,traditional_ppo,3,core_learning_training_aware,0.577202151250028,0.35,0.1,0.15,0.15,0.15,0.05,0.05
geometric,1003,1.0,a2c_pointer,1,core_learning_training_aware,0.6584388774481329,0.35,0.1,0.15,0.15,0.15,0.05,0.05
arithmetic,1003,0.0,a2c_pointer,2,core_learning_training_aware,0.6898311740190544,0.35,0.1,0.15,0.15,0.15,0.05,0.05
geometric,1004,1.0,full,1,core_learning_training_aware,0.7028120184975744,0.35,0.1,0.2,0.05,0.05,0.05,0.2
arithmetic,1004,1.0,full,1,core_learning_training_aware,0.7387281289981734,0.35,0.1,0.2,0.05,0.05,0.05,0.2
geometric,1004,0.0,traditional_ppo,3,core_learning_training_aware,0.4051640234670673,0.35,0.1,0.2,0.05,0.05,0.05,0.2
arithmetic,1004,0.0,traditional_ppo,3,core_learning_training_aware,0.4924948307581962,0.35,0.1,0.2,0.05,0.05,0.05,0.2
geometric,1004,0.0,a2c_pointer,2,core_learning_training_aware,0.7021490941393802,0.35,0.1,0.2,0.05,0.05,0.05,0.2
arithmetic,1004,0.0,a2c_pointer,2,core_learning_training_aware,0.736063076600677,0.35,0.1,0.2,0.05,0.05,0.05,0.2
geometric,1005,1.0,full,1,core_learning_training_aware,0.7035558680577897,0.35,0.1,0.2,0.05,0.05,0.1,0.15
arithmetic,1005,1.0,full,1,core_learning_training_aware,0.7397602288451801,0.35,0.1,0.2,0.05,0.05,0.1,0.15
geometric,1005,0.0,traditional_ppo,3,core_learning_training_aware,0.44117440841008365,0.35,0.1,0.2,0.05,0.05,0.1,0.15
arithmetic,1005,0.0,traditional_ppo,3,core_learning_training_aware,0.5328244434270313,0.35,0.1,0.2,0.05,0.05,0.1,0.15
geometric,1005,0.0,a2c_pointer,2,core_learning_training_aware,0.7030087860575227,0.35,0.1,0.2,0.05,0.05,0.1,0.15
arithmetic,1005,0.0,a2c_pointer,2,core_learning_training_aware,0.7372356999418711,0.35,0.1,0.2,0.05,0.05,0.1,0.15
geometric,1006,1.0,full,1,core_learning_training_aware,0.7043005049013094,0.35,0.1,0.2,0.05,0.05,0.15,0.1
arithmetic,1006,1.0,full,1,core_learning_training_aware,0.7407923286921868,0.35,0.1,0.2,0.05,0.05,0.15,0.1
geometric,1006,0.0,traditional_ppo,3,core_learning_training_aware,0.48038534362073665,0.35,0.1,0.2,0.05,0.05,0.15,0.1
arithmetic,1006,0.0,traditional_ppo,3,core_learning_training_aware,0.5731540560958662,0.35,0.1,0.2,0.05,0.05,0.15,0.1
geometric,1006,0.0,a2c_pointer,2,core_learning_training_aware,0.7038695305586568,0.35,0.1,0.2,0.05,0.05,0.15,0.1
arithmetic,1006,0.0,a2c_pointer,2,core_learning_training_aware,0.7384083232830654,0.35,0.1,0.2,0.05,0.05,0.15,0.1
geometric,1007,1.0,full,1,core_learning_training_aware,0.7050459298613866,0.35,0.1,0.2,0.05,0.05,0.2,0.05
arithmetic,1007,1.0,full,1,core_learning_training_aware,0.7418244285391935,0.35,0.1,0.2,0.05,0.05,0.2,0.05
geometric,1007,0.0,traditional_ppo,3,core_learning_training_aware,0.5230812893188177,0.35,0.1,0.2,0.05,0.05,0.2,0.05
arithmetic,1007,0.0,traditional_ppo,3,core_learning_training_aware,0.6134836687647014,0.35,0.1,0.2,0.05,0.05,0.2,0.05
geometric,1007,0.0,a2c_pointer,2,core_learning_training_aware,0.704731328931536,0.35,0.1,0.2,0.05,0.05,0.2,0.05
arithmetic,1007,0.0,a2c_pointer,2,core_learning_training_aware,0.7395809466242594,0.35,0.1,0.2,0.05,0.05,0.2,0.05
geometric,1008,0.0,full,2,core_learning_training_aware,0.6804549192939124,0.35,0.1,0.2,0.05,0.1,0.05,0.15
arithmetic,1008,1.0,full,1,core_learning_training_aware,0.7157443828514352,0.35,0.1,0.2,0.05,0.1,0.05,0.15
geometric,1008,0.0,traditional_ppo,3,core_learning_training_aware,0.4315525777178258,0.35,0.1,0.2,0.05,0.1,0.05,0.15
arithmetic,1008,0.0,traditional_ppo,3,core_learning_training_aware,0.515239086431438,0.35,0.1,0.2,0.05,0.1,0.05,0.15
geometric,1008,1.0,a2c_pointer,1,core_learning_training_aware,0.6810409214343546,0.35,0.1,0.2,0.05,0.1,0.05,0.15
arithmetic,1008,0.0,a2c_pointer,2,core_learning_training_aware,0.7144368941966386,0.35,0.1,0.2,0.05,0.1,0.05,0.15
geometric,1009,0.0,full,2,core_learning_training_aware,0.6811751063128327,0.35,0.1,0.2,0.05,0.1,0.1,0.1
arithmetic,1009,1.0,full,1,core_learning_training_aware,0.7167764826984421,0.35,0.1,0.2,0.05,0.1,0.1,0.1
geometric,1009,0.0,traditional_ppo,3,core_learning_training_aware,0.46990833871009724,0.35,0.1,0.2,0.05,0.1,0.1,0.1
arithmetic,1009,0.0,traditional_ppo,3,core_learning_training_aware,0.5555686991002731,0.35,0.1,0.2,0.05,0.1,0.1,0.1
geometric,1009,1.0,a2c_pointer,1,core_learning_training_aware,0.681874769090028,0.35,0.1,0.2,0.05,0.1,0.1,0.1
arithmetic,1009,0.0,a2c_pointer,2,core_learning_training_aware,0.7156095175378329,0.35,0.1,0.2,0.05,0.1,0.1,0.1
geometric,1010,0.0,full,2,core_learning_training_aware,0.6818960555708488,0.35,0.1,0.2,0.05,0.1,0.15,0.05
arithmetic,1010,1.0,full,1,core_learning_training_aware,0.7178085825454485,0.35,0.1,0.2,0.05,0.1,0.15,0.05
geometric,1010,0.0,traditional_ppo,3,core_learning_training_aware,0.5116731035578809,0.35,0.1,0.2,0.05,0.1,0.15,0.05
arithmetic,1010,0.0,traditional_ppo,3,core_learning_training_aware,0.595898311769108,0.35,0.1,0.2,0.05,0.1,0.15,0.05
geometric,1010,1.0,a2c_pointer,1,core_learning_training_aware,0.6827096376856935,0.35,0.1,0.2,0.05,0.1,0.15,0.05
arithmetic,1010,0.0,a2c_pointer,2,core_learning_training_aware,0.7167821408790269,0.35,0.1,0.2,0.05,0.1,0.15,0.05
geometric,1011,0.0,full,2,core_learning_training_aware,0.6588090200578762,0.35,0.1,0.2,0.05,0.15,0.05,0.1
arithmetic,1011,0.0,full,2,core_learning_training_aware,0.692760636704697,0.35,0.1,0.2,0.05,0.15,0.05,0.1
geometric,1011,0.0,traditional_ppo,3,core_learning_training_aware,0.45965983292699214,0.35,0.1,0.2,0.05,0.15,0.05,0.1
arithmetic,1011,0.0,traditional_ppo,3,core_learning_training_aware,0.5379833421046796,0.35,0.1,0.2,0.05,0.15,0.05,0.1
geometric,1011,1.0,a2c_pointer,1,core_learning_training_aware,0.6605673076266686,0.35,0.1,0.2,0.05,0.15,0.05,0.1
arithmetic,1011,1.0,a2c_pointer,1,core_learning_training_aware,0.6928107117926001,0.35,0.1,0.2,0.05,0.15,0.05,0.1
geometric,1012,0.0,full,2,core_learning_training_aware,0.6595062972627874,0.35,0.1,0.2,0.05,0.15,0.1,0.05
arithmetic,1012,0.0,full,2,core_learning_training_aware,0.6937927365517038,0.35,0.1,0.2,0.05,0.15,0.1,0.05
geometric,1012,0.0,traditional_ppo,3,core_learning_training_aware,0.5005137255922402,0.35,0.1,0.2,0.05,0.15,0.1,0.05
arithmetic,1012,0.0,traditional_ppo,3,core_learning_training_aware,0.5783129547735147,0.35,0.1,0.2,0.05,0.15,0.1,0.05
geometric,1012,1.0,a2c_pointer,1,core_learning_training_aware,0.6613760879562249,0.35,0.1,0.2,0.05,0.15,0.1,0.05
arithmetic,1012,1.0,a2c_pointer,1,core_learning_training_aware,0.6939833351337943,0.35,0.1,0.2,0.05,0.15,0.1,0.05
geometric,1013,1.0,full,1,core_learning_training_aware,0.7011682189693214,0.35,0.1,0.2,0.1,0.05,0.05,0.15
arithmetic,1013,1.0,full,1,core_learning_training_aware,0.7365196591107538,0.35,0.1,0.2,0.1,0.05,0.05,0.15
geometric,1013,0.0,traditional_ppo,3,core_learning_training_aware,0.44027011428835194,0.35,0.1,0.2,0.1,0.05,0.05,0.15
arithmetic,1013,0.0,traditional_ppo,3,core_learning_training_aware,0.530841817921223,0.35,0.1,0.2,0.1,0.05,0.05,0.15
geometric,1013,0.0,a2c_pointer,2,core_learning_training_aware,0.7006388856382152,0.35,0.1,0.2,0.1,0.05,0.05,0.15
arithmetic,1013,0.0,a2c_pointer,2,core_learning_training_aware,0.7340680744664225,0.35,0.1,0.2,0.1,0.05,0.05,0.15
geometric,1014,1.0,full,1,core_learning_training_aware,0.7019103287477402,0.35,0.1,0.2,0.1,0.05,0.1,0.1
arithmetic,1014,1.0,full,1,core_learning_training_aware,0.7375517589577606,0.35,0.1,0.2,0.1,0.05,0.1,0.1
geometric,1014,0.0,traditional_ppo,3,core_learning_training_aware,0.47940067716202733,0.35,0.1,0.2,0.1,0.05,0.1,0.1
arithmetic,1014,0.0,traditional_ppo,3,core_learning_training_aware,0.5711714305900581,0.35,0.1,0.2,0.1,0.05,0.1,0.1
geometric,1014,0.0,a2c_pointer,2,core_learning_training_aware,0.7014967284988654,0.35,0.1,0.2,0.1,0.05,0.1,0.1
arithmetic,1014,0.0,a2c_pointer,2,core_learning_training_aware,0.7352406978076168,0.35,0.1,0.2,0.1,0.05,0.1,0.1
geometric,1015,1.0,full,1,core_learning_training_aware,0.7026532239680948,0.35,0.1,0.2,0.1,0.05,0.15,0.05
arithmetic,1015,1.0,full,1,core_learning_training_aware,0.7385838588047673,0.35,0.1,0.2,0.1,0.05,0.15,0.05
geometric,1015,0.0,traditional_ppo,3,core_learning_training_aware,0.5220091071475454,0.35,0.1,0.2,0.1,0.05,0.15,0.05
arithmetic,1015,0.0,traditional_ppo,3,core_learning_training_aware,0.6115010432588931,0.35,0.1,0.2,0.1,0.05,0.15,0.05
geometric,1015,0.0,a2c_pointer,2,core_learning_training_aware,0.7023556216785725,0.35,0.1,0.2,0.1,0.05,0.15,0.05
arithmetic,1015,0.0,a2c_pointer,2,core_learning_training_aware,0.7364133211488109,0.35,0.1,0.2,0.1,0.05,0.15,0.05
geometric,1016,0.0,full,2,core_learning_training_aware,0.6788634105463474,0.35,0.1,0.2,0.1,0.1,0.05,0.1
arithmetic,1016,1.0,full,1,core_learning_training_aware,0.7135359129640156,0.35,0.1,0.2,0.1,0.1,0.05,0.1
geometric,1016,0.0,traditional_ppo,3,core_learning_training_aware,0.4689451474180646,0.35,0.1,0.2,0.1,0.1,0.05,0.1
arithmetic,1016,0.0,traditional_ppo,3,core_learning_training_aware,0.5535860735944648,0.35,0.1,0.2,0.1,0.1,0.05,0.1
geometric,1016,1.0,a2c_pointer,1,core_learning_training_aware,0.6795761131795606,0.35,0.1,0.2,0.1,0.1,0.05,0.1
arithmetic,1016,0.0,a2c_pointer,2,core_learning_training_aware,0.7124418920623842,0.35,0.1,0.2,0.1,0.1,0.05,0.1
geometric,1017,0.0,full,2,core_learning_training_aware,0.6795819131275365,0.35,0.1,0.2,0.1,0.1,0.1,0.05
arithmetic,1017,1.0,full,1,core_learning_training_aware,0.7145680128110224,0.35,0.1,0.2,0.1,0.1,0.1,0.05
geometric,1017,0.0,traditional_ppo,3,core_learning_training_aware,0.5106243052346437,0.35,0.1,0.2,0.1,0.1,0.1,0.05
arithmetic,1017,0.0,traditional_ppo,3,core_learning_training_aware,0.5939156862632999,0.35,0.1,0.2,0.1,0.1,0.1,0.05
geometric,1017,1.0,a2c_pointer,1,core_learning_training_aware,0.680408167364547,0.35,0.1,0.2,0.1,0.1,0.1,0.05
arithmetic,1017,0.0,a2c_pointer,2,core_learning_training_aware,0.7136145154035783,0.35,0.1,0.2,0.1,0.1,0.1,0.05
geometric,1018,0.0,full,2,core_learning_training_aware,0.6572681386729862,0.35,0.1,0.2,0.1,0.15,0.05,0.05
arithmetic,1018,0.0,full,2,core_learning_training_aware,0.6905521668172774,0.35,0.1,0.2,0.1,0.15,0.05,0.05
geometric,1018,0.0,traditional_ppo,3,core_learning_training_aware,0.49948780112502034,0.35,0.1,0.2,0.1,0.15,0.05,0.05
arithmetic,1018,0.0,traditional_ppo,3,core_learning_training_aware,0.5763303292677064,0.35,0.1,0.2,0.1,0.15,0.05,0.05
geometric,1018,1.0,a2c_pointer,1,core_learning_training_aware,0.6591465347852647,0.35,0.1,0.2,0.1,0.15,0.05,0.05
arithmetic,1018,1.0,a2c_pointer,1,core_learning_training_aware,0.6908157096583457,0.35,0.1,0.2,0.1,0.15,0.05,0.05
geometric,1019,1.0,full,1,core_learning_training_aware,0.6995282641062393,0.35,0.1,0.2,0.15,0.05,0.05,0.1
arithmetic,1019,1.0,full,1,core_learning_training_aware,0.734311189223334,0.35,0.1,0.2,0.15,0.05,0.05,0.1
geometric,1019,0.0,traditional_ppo,3,core_learning_training_aware,0.47841802901642405,0.35,0.1,0.2,0.15,0.05,0.05,0.1
arithmetic,1019,0.0,traditional_ppo,3,core_learning_training_aware,0.5691888050842497,0.35,0.1,0.2,0.15,0.05,0.05,0.1
geometric,1019,0.0,a2c_pointer,2,core_learning_training_aware,0.6991319253499098,0.35,0.1,0.2,0.15,0.05,0.05,0.1
arithmetic,1019,0.0,a2c_pointer,2,core_learning_training_aware,0.7320730723321682,0.35,0.1,0.2,0.15,0.05,0.05,0.1
geometric,1020,1.0,full,1,core_learning_training_aware,0.7002686381720186,0.35,0.1,0.2,0.15,0.05,0.1,0.05
arithmetic,1020,1.0,full,1,core_learning_training_aware,0.7353432890703409,0.35,0.1,0.2,0.15,0.05,0.1,0.05
geometric,1020,0.0,traditional_ppo,3,core_learning_training_aware,0.5209391226740917,0.35,0.1,0.2,0.15,0.05,0.1,0.05
arithmetic,1020,0.0,traditional_ppo,3,core_learning_training_aware,0.6095184177530849,0.35,0.1,0.2,0.15,0.05,0.1,0.05
geometric,1020,0.0,a2c_pointer,2,core_learning_training_aware,0.6999879231300897,0.35,0.1,0.2,0.15,0.05,0.1,0.05
arithmetic,1020,0.0,a2c_pointer,2,core_learning_training_aware,0.7332456956733624,0.35,0.1,0.2,0.15,0.05,0.1,0.05
geometric,1021,0.0,full,2,core_learning_training_aware,0.6772756241616044,0.35,0.1,0.2,0.15,0.1,0.05,0.05
arithmetic,1021,1.0,full,1,core_learning_training_aware,0.7113274430765958,0.35,0.1,0.2,0.15,0.1,0.05,0.05
geometric,1021,0.0,traditional_ppo,3,core_learning_training_aware,0.5095776566783481,0.35,0.1,0.2,0.15,0.1,0.05,0.05
arithmetic,1021,0.0,traditional_ppo,3,core_learning_training_aware,0.5919330607574915,0.35,0.1,0.2,0.15,0.1,0.05,0.05
geometric,1021,1.0,a2c_pointer,1,core_learning_training_aware,0.6781144554890804,0.35,0.1,0.2,0.15,0.1,0.05,0.05
arithmetic,1021,0.0,a2c_pointer,2,core_learning_training_aware,0.7104468899281298,0.35,0.1,0.2,0.15,0.1,0.05,0.05
geometric,1022,0.0,full,2,core_learning_training_aware,0.701359435172053,0.35,0.1,0.25,0.05,0.05,0.05,0.15
arithmetic,1022,1.0,full,1,core_learning_training_aware,0.7367715382369299,0.35,0.1,0.25,0.05,0.05,0.05,0.15
geometric,1022,0.0,traditional_ppo,3,core_learning_training_aware,0.43986102141793393,0.35,0.1,0.25,0.05,0.05,0.05,0.15
arithmetic,1022,0.0,traditional_ppo,3,core_learning_training_aware,0.5299699959389014,0.35,0.1,0.25,0.05,0.05,0.05,0.15
geometric,1022,1.0,a2c_pointer,1,core_learning_training_aware,0.7013918974439933,0.35,0.1,0.25,0.05,0.05,0.05,0.15
arithmetic,1022,0.0,a2c_pointer,2,core_learning_training_aware,0.735052610105714,0.35,0.1,0.25,0.05,0.05,0.05,0.15
geometric,1023,0.0,full,2,core_learning_training_aware,0.7021017473318834,0.35,0.1,0.25,0.05,0.05,0.1,0.1
arithmetic,1023,1.0,full,1,core_learning_training_aware,0.7378036380839366,0.35,0.1,0.25,0.05,0.05,0.1,0.1
geometric,1023,0.0,traditional_ppo,3,core_learning_training_aware,0.47895522471650404,0.35,0.1,0.25,0.05,0.05,0.1,0.1
arithmetic,1023,0.0,traditional_ppo,3,core_learning_training_aware,0.5702996086077364,0.35,0.1,0.25,0.05,0.05,0.1,0.1
geometric,1023,1.0,a2c_pointer,1,core_learning_training_aware,0.7022506622714582,0.35,0.1,0.25,0.05,0.05,0.1,0.1
arithmetic,1023,0.0,a2c_pointer,2,core_learning_training_aware,0.7362252334469082,0.35,0.1,0.25,0.05,0.05,0.1,0.1
geometric,1024,0.0,full,2,core_learning_training_aware,0.7028448451478481,0.35,0.1,0.25,0.05,0.05,0.15,0.05
arithmetic,1024,1.0,full,1,core_learning_training_aware,0.7388357379309434,0.35,0.1,0.25,0.05,0.05,0.15,0.05
geometric,1024,0.0,traditional_ppo,3,core_learning_training_aware,0.5215240635411391,0.35,0.1,0.25,0.05,0.05,0.15,0.05
arithmetic,1024,0.0,traditional_ppo,3,core_learning_training_aware,0.6106292212765715,0.35,0.1,0.25,0.05,0.05,0.15,0.05
geometric,1024,1.0,a2c_pointer,1,core_learning_training_aware,0.7031104785468104,0.35,0.1,0.25,0.05,0.05,0.15,0.05
arithmetic,1024,0.0,a2c_pointer,2,core_learning_training_aware,0.7373978567881023,0.35,0.1,0.25,0.05,0.05,0.15,0.05
geometric,1025,0.0,full,2,core_learning_training_aware,0.6790485439851233,0.35,0.1,0.25,0.05,0.1,0.05,0.1
arithmetic,1025,1.0,full,1,core_learning_training_aware,0.7137877920901916,0.35,0.1,0.25,0.05,0.1,0.05,0.1
geometric,1025,0.0,traditional_ppo,3,core_learning_training_aware,0.46850941010544694,0.35,0.1,0.25,0.05,0.1,0.05,0.1
arithmetic,1025,0.0,traditional_ppo,3,core_learning_training_aware,0.552714251612143,0.35,0.1,0.25,0.05,0.1,0.05,0.1
geometric,1025,1.0,a2c_pointer,1,core_learning_training_aware,0.6803064877657254,0.35,0.1,0.25,0.05,0.1,0.05,0.1
arithmetic,1025,0.0,a2c_pointer,2,core_learning_training_aware,0.7134264277016755,0.35,0.1,0.25,0.05,0.1,0.05,0.1
geometric,1026,0.0,full,2,core_learning_training_aware,0.6797672425097844,0.35,0.1,0.25,0.05,0.1,0.1,0.05
arithmetic,1026,1.0,full,1,core_learning_training_aware,0.7148198919371984,0.35,0.1,0.25,0.05,0.1,0.1,0.05
geometric,1026,0.0,traditional_ppo,3,core_learning_training_aware,0.5101498402279255,0.35,0.1,0.25,0.05,0.1,0.1,0.05
arithmetic,1026,0.0,traditional_ppo,3,core_learning_training_aware,0.5930438642809782,0.35,0.1,0.25,0.05,0.1,0.1,0.05
geometric,1026,1.0,a2c_pointer,1,core_learning_training_aware,0.6811394362011413,0.35,0.1,0.25,0.05,0.1,0.1,0.05
arithmetic,1026,0.0,a2c_pointer,2,core_learning_training_aware,0.7145990510428697,0.35,0.1,0.25,0.05,0.1,0.1,0.05
geometric,1027,0.0,full,2,core_learning_training_aware,0.6574473828461438,0.35,0.1,0.25,0.05,0.15,0.05,0.05
arithmetic,1027,0.0,full,2,core_learning_training_aware,0.6908040459434535,0.35,0.1,0.25,0.05,0.15,0.05,0.05
geometric,1027,0.0,traditional_ppo,3,core_learning_training_aware,0.49902368400312275,0.35,0.1,0.25,0.05,0.15,0.05,0.05
arithmetic,1027,0.0,traditional_ppo,3,core_learning_training_aware,0.5754585072853848,0.35,0.1,0.25,0.05,0.15,0.05,0.05
geometric,1027,1.0,a2c_pointer,1,core_learning_training_aware,0.6598549526772847,0.35,0.1,0.25,0.05,0.15,0.05,0.05
arithmetic,1027,1.0,a2c_pointer,1,core_learning_training_aware,0.6918002452976372,0.35,0.1,0.25,0.05,0.15,0.05,0.05
geometric,1028,0.0,full,2,core_learning_training_aware,0.6997190330754354,0.35,0.1,0.25,0.1,0.05,0.05,0.1
arithmetic,1028,1.0,full,1,core_learning_training_aware,0.7345630683495102,0.35,0.1,0.25,0.1,0.05,0.05,0.1
geometric,1028,0.0,traditional_ppo,3,core_learning_training_aware,0.47797348963389874,0.35,0.1,0.25,0.1,0.05,0.05,0.1
arithmetic,1028,0.0,traditional_ppo,3,core_learning_training_aware,0.5683169831019281,0.35,0.1,0.25,0.1,0.05,0.05,0.1
geometric,1028,1.0,a2c_pointer,1,core_learning_training_aware,0.6998833175497665,0.35,0.1,0.25,0.1,0.05,0.05,0.1
arithmetic,1028,0.0,a2c_pointer,2,core_learning_training_aware,0.7330576079714595,0.35,0.1,0.25,0.1,0.05,0.05,0.1
geometric,1029,0.0,full,2,core_learning_training_aware,0.7004596090492784,0.35,0.1,0.25,0.1,0.05,0.1,0.05
arithmetic,1029,1.0,full,1,core_learning_training_aware,0.7355951681965169,0.35,0.1,0.25,0.1,0.05,0.1,0.05
geometric,1029,0.0,traditional_ppo,3,core_learning_training_aware,0.5204550732823852,0.35,0.1,0.25,0.1,0.05,0.1,0.05
arithmetic,1029,0.0,traditional_ppo,3,core_learning_training_aware,0.6086465957707633,0.35,0.1,0.25,0.1,0.05,0.1,0.05
geometric,1029,1.0,a2c_pointer,1,core_learning_training_aware,0.7007402353137604,0.35,0.1,0.25,0.1,0.05,0.1,0.05
arithmetic,1029,0.0,a2c_pointer,2,core_learning_training_aware,0.7342302313126536,0.35,0.1,0.25,0.1,0.05,0.1,0.05
geometric,1030,0.0,full,2,core_learning_training_aware,0.6774603245937564,0.35,0.1,0.25,0.1,0.1,0.05,0.05
arithmetic,1030,1.0,full,1,core_learning_training_aware,0.711579322202772,0.35,0.1,0.25,0.1,0.1,0.05,0.05
geometric,1030,0.0,traditional_ppo,3,core_learning_training_aware,0.5091041642029198,0.35,0.1,0.25,0.1,0.1,0.05,0.05
arithmetic,1030,0.0,traditional_ppo,3,core_learning_training_aware,0.5910612387751699,0.35,0.1,0.25,0.1,0.1,0.05,0.05
geometric,1030,1.0,a2c_pointer,1,core_learning_training_aware,0.6788432591583015,0.35,0.1,0.25,0.1,0.1,0.05,0.05
arithmetic,1030,0.0,a2c_pointer,2,core_learning_training_aware,0.7114314255674211,0.35,0.1,0.25,0.1,0.1,0.05,0.05
geometric,1031,0.0,full,2,core_learning_training_aware,0.6980824676977717,0.35,0.1,0.25,0.15,0.05,0.05,0.05
arithmetic,1031,1.0,full,1,core_learning_training_aware,0.7323545984620906,0.35,0.1,0.25,0.15,0.05,0.05,0.05
geometric,1031,0.0,traditional_ppo,3,core_learning_training_aware,0.5193882741788497,0.35,0.1,0.25,0.15,0.05,0.05,0.05
arithmetic,1031,0.0,traditional_ppo,3,core_learning_training_aware,0.606663970264955,0.35,0.1,0.25,0.15,0.05,0.05,0.05
geometric,1031,1.0,a2c_pointer,1,core_learning_training_aware,0.6983779823655307,0.35,0.1,0.25,0.15,0.05,0.05,0.05
arithmetic,1031,0.0,a2c_pointer,2,core_learning_training_aware,0.7310626058372052,0.35,0.1,0.25,0.15,0.05,0.05,0.05
geometric,1032,1.0,full,1,core_learning_training_aware,0.6725834021768777,0.35,0.15,0.1,0.05,0.05,0.1,0.2
arithmetic,1032,1.0,full,1,core_learning_training_aware,0.7134624087261665,0.35,0.15,0.1,0.05,0.05,0.1,0.2
geometric,1032,0.0,traditional_ppo,3,core_learning_training_aware,0.3877692482835396,0.35,0.15,0.1,0.05,0.05,0.1,0.2
arithmetic,1032,0.0,traditional_ppo,3,core_learning_training_aware,0.4670895591801928,0.35,0.15,0.1,0.05,0.05,0.1,0.2
geometric,1032,0.0,a2c_pointer,2,core_learning_training_aware,0.6714299671658353,0.35,0.15,0.1,0.05,0.05,0.1,0.2
arithmetic,1032,0.0,a2c_pointer,2,core_learning_training_aware,0.7100050677423057,0.35,0.15,0.1,0.05,0.05,0.1,0.2
geometric,1033,1.0,full,1,core_learning_training_aware,0.6732952580568994,0.35,0.15,0.1,0.05,0.05,0.15,0.15
arithmetic,1033,1.0,full,1,core_learning_training_aware,0.7144945085731732,0.35,0.15,0.1,0.05,0.05,0.15,0.15
geometric,1033,0.0,traditional_ppo,3,core_learning_training_aware,0.4222336110871866,0.35,0.15,0.1,0.05,0.05,0.15,0.15
arithmetic,1033,0.0,traditional_ppo,3,core_learning_training_aware,0.5074191718490279,0.35,0.15,0.1,0.05,0.05,0.15,0.15
geometric,1033,0.0,a2c_pointer,2,core_learning_training_aware,0.6722520474350957,0.35,0.15,0.1,0.05,0.05,0.15,0.15
arithmetic,1033,0.0,a2c_pointer,2,core_learning_training_aware,0.7111776910834997,0.35,0.15,0.1,0.05,0.05,0.15,0.15
geometric,1034,1.0,full,1,core_learning_training_aware,0.6740078673584184,0.35,0.15,0.1,0.05,0.05,0.2,0.1
arithmetic,1034,1.0,full,1,core_learning_training_aware,0.7155266084201798,0.35,0.15,0.1,0.05,0.05,0.2,0.1
geometric,1034,0.0,traditional_ppo,3,core_learning_training_aware,0.4597611159752542,0.35,0.15,0.1,0.05,0.05,0.2,0.1
arithmetic,1034,0.0,traditional_ppo,3,core_learning_training_aware,0.5477487845178627,0.35,0.15,0.1,0.05,0.05,0.2,0.1
geometric,1034,0.0,a2c_pointer,2,core_learning_training_aware,0.673075134236686,0.35,0.15,0.1,0.05,0.05,0.2,0.1
arithmetic,1034,0.0,a2c_pointer,2,core_learning_training_aware,0.7123503144246938,0.35,0.15,0.1,0.05,0.05,0.2,0.1
geometric,1035,1.0,full,1,core_learning_training_aware,0.6504994207639815,0.35,0.15,0.1,0.05,0.1,0.05,0.2
arithmetic,1035,1.0,full,1,core_learning_training_aware,0.6894465627324217,0.35,0.15,0.1,0.05,0.1,0.05,0.2
geometric,1035,0.0,traditional_ppo,3,core_learning_training_aware,0.37931216196229445,0.35,0.15,0.1,0.05,0.1,0.05,0.2
arithmetic,1035,0.0,traditional_ppo,3,core_learning_training_aware,0.4495042021845995,0.35,0.15,0.1,0.05,0.1,0.05,0.2
geometric,1035,0.0,a2c_pointer,2,core_learning_training_aware,0.6504488885290308,0.35,0.15,0.1,0.05,0.1,0.05,0.2
arithmetic,1035,0.0,a2c_pointer,2,core_learning_training_aware,0.687206261997073,0.35,0.15,0.1,0.05,0.1,0.05,0.2
geometric,1036,0.0,full,2,core_learning_training_aware,0.651187903167982,0.35,0.15,0.1,0.05,0.1,0.1,0.15
arithmetic,1036,1.0,full,1,core_learning_training_aware,0.6904786625794284,0.35,0.15,0.1,0.05,0.1,0.1,0.15
geometric,1036,0.0,traditional_ppo,3,core_learning_training_aware,0.4130248713211999,0.35,0.15,0.1,0.05,0.1,0.1,0.15
arithmetic,1036,0.0,traditional_ppo,3,core_learning_training_aware,0.4898338148534345,0.35,0.15,0.1,0.05,0.1,0.1,0.15
geometric,1036,1.0,a2c_pointer,1,core_learning_training_aware,0.651245280146282,0.35,0.15,0.1,0.05,0.1,0.1,0.15
arithmetic,1036,0.0,a2c_pointer,2,core_learning_training_aware,0.6883788853382672,0.35,0.15,0.1,0.05,0.1,0.1,0.15
geometric,1037,0.0,full,2,core_learning_training_aware,0.6518771142552149,0.35,0.15,0.1,0.05,0.1,0.15,0.1
arithmetic,1037,1.0,full,1,core_learning_training_aware,0.691510762426435,0.35,0.15,0.1,0.05,0.1,0.15,0.1
geometric,1037,0.0,traditional_ppo,3,core_learning_training_aware,0.4497339169073393,0.35,0.15,0.1,0.05,0.1,0.15,0.1
arithmetic,1037,0.0,traditional_ppo,3,core_learning_training_aware,0.5301634275222695,0.35,0.15,0.1,0.05,0.1,0.15,0.1
geometric,1037,1.0,a2c_pointer,1,core_learning_training_aware,0.6520426468433884,0.35,0.15,0.1,0.05,0.1,0.15,0.1
arithmetic,1037,0.0,a2c_pointer,2,core_learning_training_aware,0.6895515086794612,0.35,0.15,0.1,0.05,0.1,0.15,0.1
geometric,1038,0.0,full,2,core_learning_training_aware,0.6525670547969117,0.35,0.15,0.1,0.05,0.1,0.2,0.05
arithmetic,1038,1.0,full,1,core_learning_training_aware,0.6925428622734418,0.35,0.15,0.1,0.05,0.1,0.2,0.05
geometric,1038,0.0,traditional_ppo,3,core_learning_training_aware,0.4897056086957151,0.35,0.15,0.1,0.05,0.1,0.2,0.05
arithmetic,1038,0.0,traditional_ppo,3,core_learning_training_aware,0.5704930401911046,0.35,0.15,0.1,0.05,0.1,0.2,0.05
geometric,1038,1.0,a2c_pointer,1,core_learning_training_aware,0.6528409898142107,0.35,0.15,0.1,0.05,0.1,0.2,0.05
arithmetic,1038,0.0,a2c_pointer,2,core_learning_training_aware,0.6907241320206554,0.35,0.15,0.1,0.05,0.1,0.2,0.05
geometric,1039,0.0,full,2,core_learning_training_aware,0.6298064335936218,0.35,0.15,0.1,0.05,0.15,0.05,0.15
arithmetic,1039,1.0,full,1,core_learning_training_aware,0.6664628165856834,0.35,0.15,0.1,0.05,0.15,0.05,0.15
geometric,1039,0.0,traditional_ppo,3,core_learning_training_aware,0.4040169703464675,0.35,0.15,0.1,0.05,0.15,0.05,0.15
arithmetic,1039,0.0,traditional_ppo,3,core_learning_training_aware,0.4722484578578412,0.35,0.15,0.1,0.05,0.15,0.05,0.15
geometric,1039,1.0,a2c_pointer,1,core_learning_training_aware,0.630894939674776,0.35,0.15,0.1,0.05,0.15,0.05,0.15
arithmetic,1039,0.0,a2c_pointer,2,core_learning_training_aware,0.6655800795930346,0.35,0.15,0.1,0.05,0.15,0.05,0.15
geometric,1040,0.0,full,2,core_learning_training_aware,0.6304730147366862,0.35,0.15,0.1,0.05,0.15,0.1,0.1
arithmetic,1040,1.0,full,1,core_learning_training_aware,0.6674949164326902,0.35,0.15,0.1,0.05,0.15,0.1,0.1
geometric,1040,0.0,traditional_ppo,3,core_learning_training_aware,0.4399254068882675,0.35,0.15,0.1,0.05,0.15,0.1,0.1
arithmetic,1040,0.0,traditional_ppo,3,core_learning_training_aware,0.5125780705266763,0.35,0.15,0.1,0.05,0.15,0.1,0.1
geometric,1040,1.0,a2c_pointer,1,core_learning_training_aware,0.6316673899782262,0.35,0.15,0.1,0.05,0.15,0.1,0.1
arithmetic,1040,0.0,a2c_pointer,2,core_learning_training_aware,0.6667527029342288,0.35,0.15,0.1,0.05,0.15,0.1,0.1
geometric,1041,0.0,full,2,core_learning_training_aware,0.6311403013828963,0.35,0.15,0.1,0.05,0.15,0.15,0.05
arithmetic,1041,1.0,full,1,core_learning_training_aware,0.6685270162796968,0.35,0.15,0.1,0.05,0.15,0.15,0.05
geometric,1041,0.0,traditional_ppo,3,core_learning_training_aware,0.4790253326731325,0.35,0.15,0.1,0.05,0.15,0.15,0.05
arithmetic,1041,0.0,traditional_ppo,3,core_learning_training_aware,0.5529076831955113,0.35,0.15,0.1,0.05,0.15,0.15,0.05
geometric,1041,1.0,a2c_pointer,1,core_learning_training_aware,0.6324407860484498,0.35,0.15,0.1,0.05,0.15,0.15,0.05
arithmetic,1041,0.0,a2c_pointer,2,core_learning_training_aware,0.6679253262754229,0.35,0.15,0.1,0.05,0.15,0.15,0.05
geometric,1042,1.0,full,1,core_learning_training_aware,0.6703008639733947,0.35,0.15,0.1,0.1,0.05,0.05,0.2
arithmetic,1042,1.0,full,1,core_learning_training_aware,0.7102218389917402,0.35,0.15,0.1,0.1,0.05,0.05,0.2
geometric,1042,0.0,traditional_ppo,3,core_learning_training_aware,0.3869744210108633,0.35,0.15,0.1,0.1,0.05,0.05,0.2
arithmetic,1042,0.0,traditional_ppo,3,core_learning_training_aware,0.4651069336743846,0.35,0.15,0.1,0.1,0.05,0.05,0.2
geometric,1042,0.0,a2c_pointer,2,core_learning_training_aware,0.6691665215414278,0.35,0.15,0.1,0.1,0.05,0.05,0.2
arithmetic,1042,0.0,a2c_pointer,2,core_learning_training_aware,0.7068374422668571,0.35,0.15,0.1,0.1,0.05,0.05,0.2
geometric,1043,1.0,full,1,core_learning_training_aware,0.6710103040366772,0.35,0.15,0.1,0.1,0.05,0.1,0.15
arithmetic,1043,1.0,full,1,core_learning_training_aware,0.7112539388387469,0.35,0.15,0.1,0.1,0.05,0.1,0.15
geometric,1043,0.0,traditional_ppo,3,core_learning_training_aware,0.42136814073073564,0.35,0.15,0.1,0.1,0.05,0.1,0.15
arithmetic,1043,0.0,traditional_ppo,3,core_learning_training_aware,0.5054365463432197,0.35,0.15,0.1,0.1,0.05,0.1,0.15
geometric,1043,0.0,a2c_pointer,2,core_learning_training_aware,0.669985830510509,0.35,0.15,0.1,0.1,0.05,0.1,0.15
arithmetic,1043,0.0,a2c_pointer,2,core_learning_training_aware,0.7080100656080511,0.35,0.15,0.1,0.1,0.05,0.1,0.15
geometric,1044,1.0,full,1,core_learning_training_aware,0.6717204949645794,0.35,0.15,0.1,0.1,0.05,0.15,0.1
arithmetic,1044,1.0,full,1,core_learning_training_aware,0.7122860386857536,0.35,0.15,0.1,0.1,0.05,0.15,0.1
geometric,1044,0.0,traditional_ppo,3,core_learning_training_aware,0.4588187238812168,0.35,0.15,0.1,0.1,0.05,0.15,0.1
arithmetic,1044,0.0,traditional_ppo,3,core_learning_training_aware,0.5457661590120546,0.35,0.15,0.1,0.1,0.05,0.15,0.1
geometric,1044,0.0,a2c_pointer,2,core_learning_training_aware,0.6708061426188167,0.35,0.15,0.1,0.1,0.05,0.15,0.1
arithmetic,1044,0.0,a2c_pointer,2,core_learning_training_aware,0.7091826889492452,0.35,0.15,0.1,0.1,0.05,0.15,0.1
geometric,1045,1.0,full,1,core_learning_training_aware,0.6724314375518096,0.35,0.15,0.1,0.1,0.05,0.2,0.05
arithmetic,1045,1.0,full,1,core_learning_training_aware,0.7133181385327603,0.35,0.15,0.1,0.1,0.05,0.2,0.05
geometric,1045,0.0,traditional_ppo,3,core_learning_training_aware,0.4995978600064882,0.35,0.15,0.1,0.1,0.05,0.2,0.05
arithmetic,1045,0.0,traditional_ppo,3,core_learning_training_aware,0.5860957716808898,0.35,0.15,0.1,0.1,0.05,0.2,0.05
geometric,1045,0.0,a2c_pointer,2,core_learning_training_aware,0.6716274590945668,0.35,0.15,0.1,0.1,0.05,0.2,0.05
arithmetic,1045,0.0,a2c_pointer,2,core_learning_training_aware,0.7103553122904394,0.35,0.15,0.1,0.1,0.05,0.2,0.05
geometric,1046,0.0,full,2,core_learning_training_aware,0.6489779746121833,0.35,0.15,0.1,0.1,0.1,0.05,0.15
arithmetic,1046,1.0,full,1,core_learning_training_aware,0.687238092845002,0.35,0.15,0.1,0.1,0.1,0.05,0.15
geometric,1046,0.0,traditional_ppo,3,core_learning_training_aware,0.41217827651392,0.35,0.15,0.1,0.1,0.1,0.05,0.15
arithmetic,1046,0.0,traditional_ppo,3,core_learning_training_aware,0.48785118934762634,0.35,0.15,0.1,0.1,0.1,0.05,0.15
geometric,1046,1.0,a2c_pointer,1,core_learning_training_aware,0.6490498787614061,0.35,0.15,0.1,0.1,0.1,0.05,0.15
arithmetic,1046,0.0,a2c_pointer,2,core_learning_training_aware,0.6852112598628186,0.35,0.15,0.1,0.1,0.1,0.05,0.15
geometric,1047,0.0,full,2,core_learning_training_aware,0.649664846732038,0.35,0.15,0.1,0.1,0.1,0.1,0.1
arithmetic,1047,1.0,full,1,core_learning_training_aware,0.6882701926920088,0.35,0.15,0.1,0.1,0.1,0.1,0.1
geometric,1047,0.0,traditional_ppo,3,core_learning_training_aware,0.44881207799363537,0.35,0.15,0.1,0.1,0.1,0.1,0.1
arithmetic,1047,0.0,traditional_ppo,3,core_learning_training_aware,0.5281808020164614,0.35,0.15,0.1,0.1,0.1,0.1,0.1
geometric,1047,1.0,a2c_pointer,1,core_learning_training_aware,0.6498445574698167,0.35,0.15,0.1,0.1,0.1,0.1,0.1
arithmetic,1047,0.0,a2c_pointer,2,core_learning_training_aware,0.6863838832040129,0.35,0.15,0.1,0.1,0.1,0.1,0.1
geometric,1048,0.0,full,2,core_learning_training_aware,0.6503524458308155,0.35,0.15,0.1,0.1,0.1,0.15,0.05
arithmetic,1048,1.0,full,1,core_learning_training_aware,0.6893022925390154,0.35,0.15,0.1,0.1,0.1,0.15,0.05
geometric,1048,0.0,traditional_ppo,3,core_learning_training_aware,0.48870183808962187,0.35,0.15,0.1,0.1,0.1,0.15,0.05
arithmetic,1048,0.0,traditional_ppo,3,core_learning_training_aware,0.5685104146852964,0.35,0.15,0.1,0.1,0.1,0.15,0.05
geometric,1048,1.0,a2c_pointer,1,core_learning_training_aware,0.6506402091608446,0.35,0.15,0.1,0.1,0.1,0.15,0.05
arithmetic,1048,0.0,a2c_pointer,2,core_learning_training_aware,0.6875565065452068,0.35,0.15,0.1,0.1,0.1,0.15,0.05
geometric,1049,0.0,full,2,core_learning_training_aware,0.6283333860486395,0.35,0.15,0.1,0.1,0.15,0.05,0.1
arithmetic,1049,1.0,full,1,core_learning_training_aware,0.6642543466982638,0.35,0.15,0.1,0.1,0.15,0.05,0.1
geometric,1049,0.0,traditional_ppo,3,core_learning_training_aware,0.4390236728985667,0.35,0.15,0.1,0.1,0.15,0.05,0.1
arithmetic,1049,0.0,traditional_ppo,3,core_learning_training_aware,0.5105954450208681,0.35,0.15,0.1,0.1,0.15,0.05,0.1
geometric,1049,1.0,a2c_pointer,1,core_learning_training_aware,0.6295379872708045,0.35,0.15,0.1,0.1,0.15,0.05,0.1
arithmetic,1049,0.0,a2c_pointer,2,core_learning_training_aware,0.6635850774587801,0.35,0.15,0.1,0.1,0.15,0.05,0.1
geometric,1050,0.0,full,2,core_learning_training_aware,0.6289984081321834,0.35,0.15,0.1,0.1,0.15,0.1,0.05
arithmetic,1050,1.0,full,1,core_learning_training_aware,0.6652864465452706,0.35,0.15,0.1,0.1,0.15,0.1,0.05
geometric,1050,0.0,traditional_ppo,3,core_learning_training_aware,0.4780434538872391,0.35,0.15,0.1,0.1,0.15,0.1,0.05
arithmetic,1050,0.0,traditional_ppo,3,core_learning_training_aware,0.5509250576897031,0.35,0.15,0.1,0.1,0.15,0.1,0.05
geometric,1050,1.0,a2c_pointer,1,core_learning_training_aware,0.6303087761592864,0.35,0.15,0.1,0.1,0.15,0.1,0.05
arithmetic,1050,0.0,a2c_pointer,2,core_learning_training_aware,0.6647577007999743,0.35,0.15,0.1,0.1,0.15,0.1,0.05
geometric,1051,1.0,full,1,core_learning_training_aware,0.6687331044374345,0.35,0.15,0.1,0.15,0.05,0.05,0.15
arithmetic,1051,1.0,full,1,core_learning_training_aware,0.7080133691043206,0.35,0.15,0.1,0.15,0.05,0.05,0.15
geometric,1051,0.0,traditional_ppo,3,core_learning_training_aware,0.4205044443660235,0.35,0.15,0.1,0.15,0.05,0.05,0.15
arithmetic,1051,0.0,traditional_ppo,3,core_learning_training_aware,0.5034539208374115,0.35,0.15,0.1,0.15,0.05,0.05,0.15
geometric,1051,0.0,a2c_pointer,2,core_learning_training_aware,0.6677272531895037,0.35,0.15,0.1,0.15,0.05,0.05,0.15
arithmetic,1051,0.0,a2c_pointer,2,core_learning_training_aware,0.7048424401326026,0.35,0.15,0.1,0.15,0.05,0.05,0.15
geometric,1052,1.0,full,1,core_learning_training_aware,0.6694408851989255,0.35,0.15,0.1,0.15,0.05,0.1,0.1
arithmetic,1052,1.0,full,1,core_learning_training_aware,0.7090454689513273,0.35,0.15,0.1,0.15,0.05,0.1,0.1
geometric,1052,0.0,traditional_ppo,3,core_learning_training_aware,0.4578782634487056,0.35,0.15,0.1,0.15,0.05,0.1,0.1
arithmetic,1052,0.0,traditional_ppo,3,core_learning_training_aware,0.5437835335062464,0.35,0.15,0.1,0.15,0.05,0.1,0.1
geometric,1052,0.0,a2c_pointer,2,core_learning_training_aware,0.6685447999582481,0.35,0.15,0.1,0.15,0.05,0.1,0.1
arithmetic,1052,0.0,a2c_pointer,2,core_learning_training_aware,0.7060150634737967,0.35,0.15,0.1,0.15,0.05,0.1,0.1
geometric,1053,1.0,full,1,core_learning_training_aware,0.6701494150688472,0.35,0.15,0.1,0.15,0.05,0.15,0.05
arithmetic,1053,1.0,full,1,core_learning_training_aware,0.7100775687983341,0.35,0.15,0.1,0.15,0.05,0.15,0.05
geometric,1053,0.0,traditional_ppo,3,core_learning_training_aware,0.49857381282827185,0.35,0.15,0.1,0.15,0.05,0.15,0.05
arithmetic,1053,0.0,traditional_ppo,3,core_learning_training_aware,0.5841131461750815,0.35,0.15,0.1,0.15,0.05,0.15,0.05
geometric,1053,0.0,a2c_pointer,2,core_learning_training_aware,0.6693633477086297,0.35,0.15,0.1,0.15,0.05,0.15,0.05
arithmetic,1053,0.0,a2c_pointer,2,core_learning_training_aware,0.7071876868149909,0.35,0.15,0.1,0.15,0.05,0.15,0.05
geometric,1054,0.0,full,2,core_learning_training_aware,0.6474600869545497,0.35,0.15,0.1,0.15,0.1,0.05,0.1
arithmetic,1054,1.0,full,1,core_learning_training_aware,0.6850296229575823,0.35,0.15,0.1,0.15,0.1,0.05,0.1
geometric,1054,0.0,traditional_ppo,3,core_learning_training_aware,0.44789212861272176,0.35,0.15,0.1,0.15,0.1,0.05,0.1
arithmetic,1054,0.0,traditional_ppo,3,core_learning_training_aware,0.526198176510653,0.35,0.15,0.1,0.15,0.1,0.05,0.1
geometric,1054,1.0,a2c_pointer,1,core_learning_training_aware,0.6476538780362507,0.35,0.15,0.1,0.15,0.1,0.05,0.1
arithmetic,1054,0.0,a2c_pointer,2,core_learning_training_aware,0.6832162577285641,0.35,0.15,0.1,0.15,0.1,0.05,0.1
geometric,1055,0.0,full,2,core_learning_training_aware,0.6481453525565349,0.35,0.15,0.1,0.15,0.1,0.1,0.05
arithmetic,1055,1.0,full,1,core_learning_training_aware,0.6860617228045891,0.35,0.15,0.1,0.15,0.1,0.1,0.05
geometric,1055,0.0,traditional_ppo,3,core_learning_training_aware,0.4877001249552255,0.35,0.15,0.1,0.15,0.1,0.1,0.05
arithmetic,1055,0.0,traditional_ppo,3,core_learning_training_aware,0.5665277891794882,0.35,0.15,0.1,0.15,0.1,0.1,0.05
geometric,1055,1.0,a2c_pointer,1,core_learning_training_aware,0.6484468475200095,0.35,0.15,0.1,0.15,0.1,0.1,0.05
arithmetic,1055,0.0,a2c_pointer,2,core_learning_training_aware,0.6843888810697583,0.35,0.15,0.1,0.15,0.1,0.1,0.05
geometric,1056,0.0,full,2,core_learning_training_aware,0.626863783798837,0.35,0.15,0.1,0.15,0.15,0.05,0.05
arithmetic,1056,1.0,full,1,core_learning_training_aware,0.6620458768108441,0.35,0.15,0.1,0.15,0.15,0.05,0.05
geometric,1056,0.0,traditional_ppo,3,core_learning_training_aware,0.4770635877004391,0.35,0.15,0.1,0.15,0.15,0.05,0.05
arithmetic,1056,0.0,traditional_ppo,3,core_learning_training_aware,0.5489424321838948,0.35,0.15,0.1,0.15,0.15,0.05,0.05
geometric,1056,1.0,a2c_pointer,1,core_learning_training_aware,0.6281839534507536,0.35,0.15,0.1,0.15,0.15,0.05,0.05
arithmetic,1056,0.0,a2c_pointer,2,core_learning_training_aware,0.6615900753245257,0.35,0.15,0.1,0.15,0.15,0.05,0.05
geometric,1057,1.0,full,1,core_learning_training_aware,0.670483662312551,0.35,0.15,0.15,0.05,0.05,0.05,0.2
arithmetic,1057,1.0,full,1,core_learning_training_aware,0.7104737181179163,0.35,0.15,0.15,0.05,0.05,0.05,0.2
geometric,1057,0.0,traditional_ppo,3,core_learning_training_aware,0.3866148497578258,0.35,0.15,0.15,0.05,0.05,0.05,0.2
arithmetic,1057,0.0,traditional_ppo,3,core_learning_training_aware,0.4642351116920628,0.35,0.15,0.15,0.05,0.05,0.05,0.2
geometric,1057,0.0,a2c_pointer,2,core_learning_training_aware,0.6698857084165513,0.35,0.15,0.15,0.05,0.05,0.05,0.2
arithmetic,1057,0.0,a2c_pointer,2,core_learning_training_aware,0.7078219779061483,0.35,0.15,0.15,0.05,0.05,0.05,0.2
geometric,1058,1.0,full,1,core_learning_training_aware,0.6711932958478581,0.35,0.15,0.15,0.05,0.05,0.1,0.15
arithmetic,1058,1.0,full,1,core_learning_training_aware,0.7115058179649231,0.35,0.15,0.15,0.05,0.05,0.1,0.15
geometric,1058,0.0,traditional_ppo,3,core_learning_training_aware,0.42097661131140884,0.35,0.15,0.15,0.05,0.05,0.1,0.15
arithmetic,1058,0.0,traditional_ppo,3,core_learning_training_aware,0.5045647243608979,0.35,0.15,0.15,0.05,0.05,0.1,0.15
geometric,1058,0.0,a2c_pointer,2,core_learning_training_aware,0.6707058979381381,0.35,0.15,0.15,0.05,0.05,0.1,0.15
arithmetic,1058,0.0,a2c_pointer,2,core_learning_training_aware,0.7089946012473426,0.35,0.15,0.15,0.05,0.05,0.1,0.15
geometric,1059,1.0,full,1,core_learning_training_aware,0.6719036804525541,0.35,0.15,0.15,0.05,0.05,0.15,0.1
arithmetic,1059,1.0,full,1,core_learning_training_aware,0.7125379178119297,0.35,0.15,0.15,0.05,0.05,0.15,0.1
geometric,1059,0.0,traditional_ppo,3,core_learning_training_aware,0.45839239590059183,0.35,0.15,0.15,0.05,0.05,0.15,0.1
arithmetic,1059,0.0,traditional_ppo,3,core_learning_training_aware,0.5448943370297328,0.35,0.15,0.15,0.05,0.05,0.15,0.1
geometric,1059,0.0,a2c_pointer,2,core_learning_training_aware,0.6715270916770757,0.35,0.15,0.15,0.05,0.05,0.15,0.1
arithmetic,1059,0.0,a2c_pointer,2,core_learning_training_aware,0.7101672245885365,0.35,0.15,0.15,0.05,0.05,0.15,0.1
geometric,1060,1.0,full,1,core_learning_training_aware,0.6726148169215634,0.35,0.15,0.15,0.05,0.05,0.2,0.05
arithmetic,1060,1.0,full,1,core_learning_training_aware,0.7135700176589365,0.35,0.15,0.15,0.05,0.05,0.2,0.05
geometric,1060,0.0,traditional_ppo,3,core_learning_training_aware,0.49913364061940785,0.35,0.15,0.15,0.05,0.05,0.2,0.05
arithmetic,1060,0.0,traditional_ppo,3,core_learning_training_aware,0.585223949698568,0.35,0.15,0.15,0.05,0.05,0.2,0.05
geometric,1060,0.0,a2c_pointer,2,core_learning_training_aware,0.6723492908628996,0.35,0.15,0.15,0.05,0.05,0.2,0.05
arithmetic,1060,0.0,a2c_pointer,2,core_learning_training_aware,0.7113398479297307,0.35,0.15,0.15,0.05,0.05,0.2,0.05
geometric,1061,0.0,full,2,core_learning_training_aware,0.6491549579673962,0.35,0.15,0.15,0.05,0.1,0.05,0.15
arithmetic,1061,1.0,full,1,core_learning_training_aware,0.6874899719711782,0.35,0.15,0.15,0.05,0.1,0.05,0.15
geometric,1061,0.0,traditional_ppo,3,core_learning_training_aware,0.4117952861886839,0.35,0.15,0.15,0.05,0.1,0.05,0.15
arithmetic,1061,0.0,traditional_ppo,3,core_learning_training_aware,0.4869793673653046,0.35,0.15,0.15,0.05,0.1,0.05,0.15
geometric,1061,1.0,a2c_pointer,1,core_learning_training_aware,0.649747445270009,0.35,0.15,0.15,0.05,0.1,0.05,0.15
arithmetic,1061,0.0,a2c_pointer,2,core_learning_training_aware,0.68619579550211,0.35,0.15,0.15,0.05,0.1,0.05,0.15
geometric,1062,0.0,full,2,core_learning_training_aware,0.6498420174047518,0.35,0.15,0.15,0.05,0.1,0.1,0.1
arithmetic,1062,1.0,full,1,core_learning_training_aware,0.6885220718181849,0.35,0.15,0.15,0.05,0.1,0.1,0.1
geometric,1062,0.0,traditional_ppo,3,core_learning_training_aware,0.4483950480492762,0.35,0.15,0.15,0.05,0.1,0.1,0.1
arithmetic,1062,0.0,traditional_ppo,3,core_learning_training_aware,0.5273089800341396,0.35,0.15,0.15,0.05,0.1,0.1,0.1
geometric,1062,1.0,a2c_pointer,1,core_learning_training_aware,0.6505429780595471,0.35,0.15,0.15,0.05,0.1,0.1,0.1
arithmetic,1062,0.0,a2c_pointer,2,core_learning_training_aware,0.6873684188433042,0.35,0.15,0.15,0.05,0.1,0.1,0.1
geometric,1063,0.0,full,2,core_learning_training_aware,0.6505298040192854,0.35,0.15,0.15,0.05,0.1,0.15,0.05
arithmetic,1063,1.0,full,1,core_learning_training_aware,0.6895541716651916,0.35,0.15,0.15,0.05,0.1,0.15,0.05
geometric,1063,0.0,traditional_ppo,3,core_learning_training_aware,0.4882477431346513,0.35,0.15,0.15,0.05,0.1,0.15,0.05
arithmetic,1063,0.0,traditional_ppo,3,core_learning_training_aware,0.5676385927029747,0.35,0.15,0.15,0.05,0.1,0.15,0.05
geometric,1063,1.0,a2c_pointer,1,core_learning_training_aware,0.6513394848774154,0.35,0.15,0.15,0.05,0.1,0.15,0.05
arithmetic,1063,0.0,a2c_pointer,2,core_learning_training_aware,0.6885410421844983,0.35,0.15,0.15,0.05,0.1,0.15,0.05
geometric,1064,0.0,full,2,core_learning_training_aware,0.6285047393999172,0.35,0.15,0.15,0.05,0.15,0.05,0.1
arithmetic,1064,0.0,full,2,core_learning_training_aware,0.6645062258244399,0.35,0.15,0.15,0.05,0.15,0.05,0.1
geometric,1064,0.0,traditional_ppo,3,core_learning_training_aware,0.4386157382041625,0.35,0.15,0.15,0.05,0.15,0.05,0.1
arithmetic,1064,0.0,traditional_ppo,3,core_learning_training_aware,0.5097236230385462,0.35,0.15,0.15,0.05,0.15,0.05,0.1
geometric,1064,1.0,a2c_pointer,1,core_learning_training_aware,0.6302145833694766,0.35,0.15,0.15,0.05,0.15,0.05,0.1
arithmetic,1064,1.0,a2c_pointer,1,core_learning_training_aware,0.6645696130980715,0.35,0.15,0.15,0.05,0.15,0.05,0.1
geometric,1065,0.0,full,2,core_learning_training_aware,0.6291699428422194,0.35,0.15,0.15,0.05,0.15,0.1,0.05
arithmetic,1065,0.0,full,2,core_learning_training_aware,0.6655383256714467,0.35,0.15,0.15,0.05,0.15,0.1,0.05
geometric,1065,0.0,traditional_ppo,3,core_learning_training_aware,0.4775992625547173,0.35,0.15,0.15,0.05,0.15,0.1,0.05
arithmetic,1065,0.0,traditional_ppo,3,core_learning_training_aware,0.5500532357073814,0.35,0.15,0.15,0.05,0.15,0.1,0.05
geometric,1065,1.0,a2c_pointer,1,core_learning_training_aware,0.6309862006634961,0.35,0.15,0.15,0.05,0.15,0.1,0.05
arithmetic,1065,1.0,a2c_pointer,1,core_learning_training_aware,0.6657422364392658,0.35,0.15,0.15,0.05,0.15,0.1,0.05
geometric,1066,1.0,full,1,core_learning_training_aware,0.6689154752315065,0.35,0.15,0.15,0.1,0.05,0.05,0.15
arithmetic,1066,1.0,full,1,core_learning_training_aware,0.7082652482304966,0.35,0.15,0.15,0.1,0.05,0.05,0.15
geometric,1066,0.0,traditional_ppo,3,core_learning_training_aware,0.42011371748135334,0.35,0.15,0.15,0.1,0.05,0.05,0.15
arithmetic,1066,0.0,traditional_ppo,3,core_learning_training_aware,0.5025820988550898,0.35,0.15,0.15,0.1,0.05,0.05,0.15
geometric,1066,0.0,a2c_pointer,2,core_learning_training_aware,0.6684448932106303,0.35,0.15,0.15,0.1,0.05,0.05,0.15
arithmetic,1066,0.0,a2c_pointer,2,core_learning_training_aware,0.705826975771894,0.35,0.15,0.15,0.1,0.05,0.05,0.15
geometric,1067,1.0,full,1,core_learning_training_aware,0.6696234490125126,0.35,0.15,0.15,0.1,0.05,0.1,0.1
arithmetic,1067,1.0,full,1,core_learning_training_aware,0.7092973480775033,0.35,0.15,0.15,0.1,0.05,0.1,0.1
geometric,1067,0.0,traditional_ppo,3,core_learning_training_aware,0.4574528093308419,0.35,0.15,0.15,0.1,0.05,0.1,0.1
arithmetic,1067,0.0,traditional_ppo,3,core_learning_training_aware,0.5429117115239247,0.35,0.15,0.15,0.1,0.05,0.1,0.1
geometric,1067,0.0,a2c_pointer,2,core_learning_training_aware,0.6692633186379551,0.35,0.15,0.15,0.1,0.05,0.1,0.1
arithmetic,1067,0.0,a2c_pointer,2,core_learning_training_aware,0.7069995991130882,0.35,0.15,0.15,0.1,0.05,0.1,0.1
geometric,1068,1.0,full,1,core_learning_training_aware,0.6703321721062392,0.35,0.15,0.15,0.1,0.05,0.15,0.05
arithmetic,1068,1.0,full,1,core_learning_training_aware,0.7103294479245101,0.35,0.15,0.15,0.1,0.05,0.15,0.05
geometric,1068,0.0,traditional_ppo,3,core_learning_training_aware,0.49811054497159507,0.35,0.15,0.15,0.1,0.05,0.15,0.05
arithmetic,1068,0.0,traditional_ppo,3,core_learning_training_aware,0.5832413241927598,0.35,0.15,0.15,0.1,0.05,0.15,0.05
geometric,1068,0.0,a2c_pointer,2,core_learning_training_aware,0.6700827461227223,0.35,0.15,0.15,0.1,0.05,0.15,0.05
arithmetic,1068,0.0,a2c_pointer,2,core_learning_training_aware,0.7081722224542824,0.35,0.15,0.15,0.1,0.05,0.15,0.05
geometric,1069,0.0,full,2,core_learning_training_aware,0.6476366563652822,0.35,0.15,0.15,0.1,0.1,0.05,0.1
arithmetic,1069,1.0,full,1,core_learning_training_aware,0.6852815020837585,0.35,0.15,0.15,0.1,0.1,0.05,0.1
geometric,1069,0.0,traditional_ppo,3,core_learning_training_aware,0.4474759534725399,0.35,0.15,0.15,0.1,0.1,0.05,0.1
arithmetic,1069,0.0,traditional_ppo,3,core_learning_training_aware,0.5253263545283313,0.35,0.15,0.15,0.1,0.1,0.05,0.1
geometric,1069,1.0,a2c_pointer,1,core_learning_training_aware,0.6483499441927488,0.35,0.15,0.15,0.1,0.1,0.05,0.1
arithmetic,1069,0.0,a2c_pointer,2,core_learning_training_aware,0.6842007933678556,0.35,0.15,0.15,0.1,0.1,0.05,0.1
geometric,1070,0.0,full,2,core_learning_training_aware,0.6483221088466534,0.35,0.15,0.15,0.1,0.1,0.1,0.05
arithmetic,1070,1.0,full,1,core_learning_training_aware,0.6863136019307652,0.35,0.15,0.15,0.1,0.1,0.1,0.05
geometric,1070,0.0,traditional_ppo,3,core_learning_training_aware,0.4872469607781755,0.35,0.15,0.15,0.1,0.1,0.1,0.05
arithmetic,1070,0.0,traditional_ppo,3,core_learning_training_aware,0.5656559671971665,0.35,0.15,0.15,0.1,0.1,0.1,0.05
geometric,1070,1.0,a2c_pointer,1,core_learning_training_aware,0.6491437659206453,0.35,0.15,0.15,0.1,0.1,0.1,0.05
arithmetic,1070,0.0,a2c_pointer,2,core_learning_training_aware,0.6853734167090497,0.35,0.15,0.15,0.1,0.1,0.1,0.05
geometric,1071,0.0,full,2,core_learning_training_aware,0.6270347363735903,0.35,0.15,0.15,0.1,0.15,0.05,0.05
arithmetic,1071,0.0,full,2,core_learning_training_aware,0.6622977559370203,0.35,0.15,0.15,0.1,0.15,0.05,0.05
geometric,1071,0.0,traditional_ppo,3,core_learning_training_aware,0.4766203068459578,0.35,0.15,0.15,0.1,0.15,0.05,0.05
arithmetic,1071,0.0,traditional_ppo,3,core_learning_training_aware,0.5480706102015731,0.35,0.15,0.15,0.1,0.15,0.05,0.05
geometric,1071,1.0,a2c_pointer,1,core_learning_training_aware,0.6288590943012617,0.35,0.15,0.15,0.1,0.15,0.05,0.05
arithmetic,1071,1.0,a2c_pointer,1,core_learning_training_aware,0.6625746109638172,0.35,0.15,0.15,0.1,0.15,0.05,0.05
geometric,1072,1.0,full,1,core_learning_training_aware,0.6673509559664872,0.35,0.15,0.15,0.15,0.05,0.05,0.1
arithmetic,1072,1.0,full,1,core_learning_training_aware,0.7060567783430769,0.35,0.15,0.15,0.15,0.05,0.05,0.1
geometric,1072,0.0,traditional_ppo,3,core_learning_training_aware,0.45651514867201476,0.35,0.15,0.15,0.15,0.05,0.05,0.1
arithmetic,1072,0.0,traditional_ppo,3,core_learning_training_aware,0.5409290860181163,0.35,0.15,0.15,0.15,0.05,0.05,0.1
geometric,1072,0.0,a2c_pointer,2,core_learning_training_aware,0.6670071769638773,0.35,0.15,0.15,0.15,0.05,0.05,0.1
arithmetic,1072,0.0,a2c_pointer,2,core_learning_training_aware,0.7038319736376394,0.35,0.15,0.15,0.15,0.05,0.05,0.1
geometric,1073,1.0,full,1,core_learning_training_aware,0.6680572738751737,0.35,0.15,0.15,0.15,0.05,0.1,0.05
arithmetic,1073,1.0,full,1,core_learning_training_aware,0.7070888781900837,0.35,0.15,0.15,0.15,0.05,0.1,0.05
geometric,1073,0.0,traditional_ppo,3,core_learning_training_aware,0.4970895464068467,0.35,0.15,0.15,0.15,0.05,0.1,0.05
arithmetic,1073,0.0,traditional_ppo,3,core_learning_training_aware,0.5812586986869516,0.35,0.15,0.15,0.15,0.05,0.1,0.05
geometric,1073,0.0,a2c_pointer,2,core_learning_training_aware,0.6678238420912198,0.35,0.15,0.15,0.15,0.05,0.1,0.05
arithmetic,1073,0.0,a2c_pointer,2,core_learning_training_aware,0.7050045969788337,0.35,0.15,0.15,0.15,0.05,0.1,0.05
geometric,1074,0.0,full,2,core_learning_training_aware,0.646121905902579,0.35,0.15,0.15,0.15,0.1,0.05,0.05
arithmetic,1074,1.0,full,1,core_learning_training_aware,0.6830730321963387,0.35,0.15,0.15,0.15,0.1,0.05,0.05
geometric,1074,0.0,traditional_ppo,3,core_learning_training_aware,0.48624822976825305,0.35,0.15,0.15,0.15,0.1,0.05,0.05
arithmetic,1074,0.0,traditional_ppo,3,core_learning_training_aware,0.5636733416913582,0.35,0.15,0.15,0.15,0.1,0.05,0.05
geometric,1074,1.0,a2c_pointer,1,core_learning_training_aware,0.6469554489130107,0.35,0.15,0.15,0.15,0.1,0.05,0.05
arithmetic,1074,0.0,a2c_pointer,2,core_learning_training_aware,0.6822057912336011,0.35,0.15,0.15,0.15,0.1,0.05,0.05
geometric,1075,0.0,full,2,core_learning_training_aware,0.6690978957600785,0.35,0.15,0.2,0.05,0.05,0.05,0.15
arithmetic,1075,1.0,full,1,core_learning_training_aware,0.7085171273566728,0.35,0.15,0.2,0.05,0.05,0.05,0.15
geometric,1075,0.0,traditional_ppo,3,core_learning_training_aware,0.41972335365467334,0.35,0.15,0.2,0.05,0.05,0.05,0.15
arithmetic,1075,0.0,traditional_ppo,3,core_learning_training_aware,0.5017102768727681,0.35,0.15,0.2,0.05,0.05,0.05,0.15
geometric,1075,1.0,a2c_pointer,1,core_learning_training_aware,0.669163304515537,0.35,0.15,0.2,0.05,0.05,0.05,0.15
arithmetic,1075,0.0,a2c_pointer,2,core_learning_training_aware,0.7068115114111854,0.35,0.15,0.2,0.05,0.05,0.05,0.15
geometric,1076,0.0,full,2,core_learning_training_aware,0.669806062613238,0.35,0.15,0.2,0.05,0.05,0.1,0.1
arithmetic,1076,1.0,full,1,core_learning_training_aware,0.7095492272036796,0.35,0.15,0.2,0.05,0.05,0.1,0.1
geometric,1076,0.0,traditional_ppo,3,core_learning_training_aware,0.45702775053903083,0.35,0.15,0.2,0.05,0.05,0.1,0.1
arithmetic,1076,0.0,traditional_ppo,3,core_learning_training_aware,0.5420398895416031,0.35,0.15,0.2,0.05,0.05,0.1,0.1
geometric,1076,1.0,a2c_pointer,1,core_learning_training_aware,0.6699826095457807,0.35,0.15,0.2,0.05,0.05,0.1,0.1
arithmetic,1076,0.0,a2c_pointer,2,core_learning_training_aware,0.7079841347523796,0.35,0.15,0.2,0.05,0.05,0.1,0.1
geometric,1077,0.0,full,2,core_learning_training_aware,0.6705149789834639,0.35,0.15,0.2,0.05,0.05,0.15,0.05
arithmetic,1077,1.0,full,1,core_learning_training_aware,0.7105813270506862,0.35,0.15,0.2,0.05,0.05,0.15,0.05
geometric,1077,0.0,traditional_ppo,3,core_learning_training_aware,0.4976477075769713,0.35,0.15,0.2,0.05,0.05,0.15,0.05
arithmetic,1077,0.0,traditional_ppo,3,core_learning_training_aware,0.5823695022104382,0.35,0.15,0.2,0.05,0.05,0.15,0.05
geometric,1077,1.0,a2c_pointer,1,core_learning_training_aware,0.6708029177104283,0.35,0.15,0.2,0.05,0.05,0.15,0.05
arithmetic,1077,0.0,a2c_pointer,2,core_learning_training_aware,0.7091567580935737,0.35,0.15,0.2,0.05,0.05,0.15,0.05
geometric,1078,0.0,full,2,core_learning_training_aware,0.6478132739284143,0.35,0.15,0.2,0.05,0.1,0.05,0.1
arithmetic,1078,1.0,full,1,core_learning_training_aware,0.6855333812099346,0.35,0.15,0.2,0.05,0.1,0.05,0.1
geometric,1078,0.0,traditional_ppo,3,core_learning_training_aware,0.4470601650365134,0.35,0.15,0.2,0.05,0.1,0.05,0.1
arithmetic,1078,0.0,traditional_ppo,3,core_learning_training_aware,0.5244545325460097,0.35,0.15,0.2,0.05,0.1,0.05,0.1
geometric,1078,1.0,a2c_pointer,1,core_learning_training_aware,0.6490467584465109,0.35,0.15,0.2,0.05,0.1,0.05,0.1
arithmetic,1078,0.0,a2c_pointer,2,core_learning_training_aware,0.685185329007147,0.35,0.15,0.2,0.05,0.1,0.05,0.1
geometric,1079,0.0,full,2,core_learning_training_aware,0.6484989133401355,0.35,0.15,0.2,0.05,0.1,0.1,0.05
arithmetic,1079,1.0,full,1,core_learning_training_aware,0.6865654810569413,0.35,0.15,0.2,0.05,0.1,0.1,0.05
geometric,1079,0.0,traditional_ppo,3,core_learning_training_aware,0.4867942176749798,0.35,0.15,0.2,0.05,0.1,0.1,0.05
arithmetic,1079,0.0,traditional_ppo,3,core_learning_training_aware,0.5647841452148449,0.35,0.15,0.2,0.05,0.1,0.1,0.05
geometric,1079,1.0,a2c_pointer,1,core_learning_training_aware,0.6498414333344946,0.35,0.15,0.2,0.05,0.1,0.1,0.05
arithmetic,1079,0.0,a2c_pointer,2,core_learning_training_aware,0.6863579523483412,0.35,0.15,0.2,0.05,0.1,0.1,0.05
geometric,1080,0.0,full,2,core_learning_training_aware,0.627205735568971,0.35,0.15,0.2,0.05,0.15,0.05,0.05
arithmetic,1080,0.0,full,2,core_learning_training_aware,0.6625496350631964,0.35,0.15,0.2,0.05,0.15,0.05,0.05
geometric,1080,0.0,traditional_ppo,3,core_learning_training_aware,0.4761774378818849,0.35,0.15,0.2,0.05,0.15,0.05,0.05
arithmetic,1080,0.0,traditional_ppo,3,core_learning_training_aware,0.5471987882192515,0.35,0.15,0.2,0.05,0.15,0.05,0.05
geometric,1080,1.0,a2c_pointer,1,core_learning_training_aware,0.6295349607595563,0.35,0.15,0.2,0.05,0.15,0.05,0.05
arithmetic,1080,1.0,a2c_pointer,1,core_learning_training_aware,0.6635591466031086,0.35,0.15,0.2,0.05,0.15,0.05,0.05
geometric,1081,0.0,full,2,core_learning_training_aware,0.6675329498336319,0.35,0.15,0.2,0.1,0.05,0.05,0.1
arithmetic,1081,1.0,full,1,core_learning_training_aware,0.7063086574692531,0.35,0.15,0.2,0.1,0.05,0.05,0.1
geometric,1081,0.0,traditional_ppo,3,core_learning_training_aware,0.45609096114145414,0.35,0.15,0.2,0.1,0.05,0.05,0.1
arithmetic,1081,0.0,traditional_ppo,3,core_learning_training_aware,0.5400572640357948,0.35,0.15,0.2,0.1,0.05,0.05,0.1
geometric,1081,1.0,a2c_pointer,1,core_learning_training_aware,0.6677240430829123,0.35,0.15,0.2,0.1,0.05,0.05,0.1
arithmetic,1081,0.0,a2c_pointer,2,core_learning_training_aware,0.704816509276931,0.35,0.15,0.2,0.1,0.05,0.05,0.1
geometric,1082,0.0,full,2,core_learning_training_aware,0.6682394603628976,0.35,0.15,0.2,0.1,0.05,0.1,0.05
arithmetic,1082,1.0,full,1,core_learning_training_aware,0.7073407573162598,0.35,0.15,0.2,0.1,0.05,0.1,0.05
geometric,1082,0.0,traditional_ppo,3,core_learning_training_aware,0.4966276577098973,0.35,0.15,0.2,0.1,0.05,0.1,0.05
arithmetic,1082,0.0,traditional_ppo,3,core_learning_training_aware,0.58038687670463,0.35,0.15,0.2,0.1,0.05,0.1,0.05
geometric,1082,1.0,a2c_pointer,1,core_learning_training_aware,0.6685415859212911,0.35,0.15,0.2,0.1,0.05,0.1,0.05
arithmetic,1082,0.0,a2c_pointer,2,core_learning_training_aware,0.7059891326181251,0.35,0.15,0.2,0.1,0.05,0.1,0.05
geometric,1083,0.0,full,2,core_learning_training_aware,0.6462981103767779,0.35,0.15,0.2,0.1,0.1,0.05,0.05
arithmetic,1083,1.0,full,1,core_learning_training_aware,0.6833249113225148,0.35,0.15,0.2,0.1,0.1,0.05,0.05
geometric,1083,0.0,traditional_ppo,3,core_learning_training_aware,0.4857964146720294,0.35,0.15,0.2,0.1,0.1,0.05,0.05
arithmetic,1083,0.0,traditional_ppo,3,core_learning_training_aware,0.5628015197090366,0.35,0.15,0.2,0.1,0.1,0.05,0.05
geometric,1083,1.0,a2c_pointer,1,core_learning_training_aware,0.6476507644326457,0.35,0.15,0.2,0.1,0.1,0.05,0.05
arithmetic,1083,0.0,a2c_pointer,2,core_learning_training_aware,0.6831903268728926,0.35,0.15,0.2,0.1,0.1,0.05,0.05
geometric,1084,0.0,full,2,core_learning_training_aware,0.6659716641425085,0.35,0.15,0.2,0.15,0.05,0.05,0.05
arithmetic,1084,1.0,full,1,core_learning_training_aware,0.7041001875818335,0.35,0.15,0.2,0.15,0.05,0.05,0.05
geometric,1084,0.0,traditional_ppo,3,core_learning_training_aware,0.49560969868282023,0.35,0.15,0.2,0.15,0.05,0.05,0.05
arithmetic,1084,0.0,traditional_ppo,3,core_learning_training_aware,0.5784042511988217,0.35,0.15,0.2,0.15,0.05,0.05,0.05
geometric,1084,1.0,a2c_pointer,1,core_learning_training_aware,0.6662878772675421,0.35,0.15,0.2,0.15,0.05,0.05,0.05
arithmetic,1084,0.0,a2c_pointer,2,core_learning_training_aware,0.7028215071426765,0.35,0.15,0.2,0.15,0.05,0.05,0.05
geometric,1085,0.0,full,2,core_learning_training_aware,0.6677149933324846,0.35,0.15,0.25,0.05,0.05,0.05,0.1
arithmetic,1085,1.0,full,1,core_learning_training_aware,0.7065605365954292,0.35,0.15,0.25,0.05,0.05,0.05,0.1
geometric,1085,0.0,traditional_ppo,3,core_learning_training_aware,0.4556671677600509,0.35,0.15,0.25,0.05,0.05,0.05,0.1
arithmetic,1085,0.0,traditional_ppo,3,core_learning_training_aware,0.5391854420534731,0.35,0.15,0.25,0.05,0.05,0.05,0.1
geometric,1085,1.0,a2c_pointer,1,core_learning_training_aware,0.6684416796539762,0.35,0.15,0.25,0.05,0.05,0.05,0.1
arithmetic,1085,0.0,a2c_pointer,2,core_learning_training_aware,0.7058010449162221,0.35,0.15,0.25,0.05,0.05,0.05,0.1
geometric,1086,0.0,full,2,core_learning_training_aware,0.6684216965348592,0.35,0.15,0.25,0.05,0.05,0.1,0.05
arithmetic,1086,1.0,full,1,core_learning_training_aware,0.7075926364424361,0.35,0.15,0.25,0.05,0.05,0.1,0.05
geometric,1086,0.0,traditional_ppo,3,core_learning_training_aware,0.4961661981935049,0.35,0.15,0.25,0.05,0.05,0.1,0.05
arithmetic,1086,0.0,traditional_ppo,3,core_learning_training_aware,0.5795150547223084,0.35,0.15,0.25,0.05,0.05,0.1,0.05
geometric,1086,1.0,a2c_pointer,1,core_learning_training_aware,0.6692601011467111,0.35,0.15,0.25,0.05,0.05,0.1,0.05
arithmetic,1086,0.0,a2c_pointer,2,core_learning_training_aware,0.7069736682574164,0.35,0.15,0.25,0.05,0.05,0.1,0.05
geometric,1087,0.0,full,2,core_learning_training_aware,0.6464743629038541,0.35,0.15,0.25,0.05,0.1,0.05,0.05
arithmetic,1087,0.0,full,2,core_learning_training_aware,0.683576790448691,0.35,0.15,0.25,0.05,0.1,0.05,0.05
geometric,1087,0.0,traditional_ppo,3,core_learning_training_aware,0.48534501939611285,0.35,0.15,0.25,0.05,0.1,0.05,0.05
arithmetic,1087,0.0,traditional_ppo,3,core_learning_training_aware,0.561929697726715,0.35,0.15,0.25,0.05,0.1,0.05,0.05
geometric,1087,1.0,a2c_pointer,1,core_learning_training_aware,0.6483468272427975,0.35,0.15,0.25,0.05,0.1,0.05,0.05
arithmetic,1087,1.0,a2c_pointer,1,core_learning_training_aware,0.6841748625121838,0.35,0.15,0.25,0.05,0.1,0.05,0.05
geometric,1088,0.0,full,2,core_learning_training_aware,0.6661532818617648,0.35,0.15,0.25,0.1,0.05,0.05,0.05
arithmetic,1088,1.0,full,1,core_learning_training_aware,0.7043520667080096,0.35,0.15,0.25,0.1,0.05,0.05,0.05
geometric,1088,0.0,traditional_ppo,3,core_learning_training_aware,0.49514918503980604,0.35,0.15,0.25,0.1,0.05,0.05,0.05
arithmetic,1088,0.0,traditional_ppo,3,core_learning_training_aware,0.5775324292165,0.35,0.15,0.25,0.1,0.05,0.05,0.05
geometric,1088,1.0,a2c_pointer,1,core_learning_training_aware,0.6670039703190608,0.35,0.15,0.25,0.1,0.05,0.05,0.05
arithmetic,1088,0.0,a2c_pointer,2,core_learning_training_aware,0.7038060427819679,0.35,0.15,0.25,0.1,0.05,0.05,0.05
geometric,1089,1.0,full,1,core_learning_training_aware,0.6396423646668223,0.35,0.2,0.1,0.05,0.05,0.05,0.2
arithmetic,1089,1.0,full,1,core_learning_training_aware,0.6822193072376591,0.35,0.2,0.1,0.05,0.05,0.05,0.2
geometric,1089,0.0,traditional_ppo,3,core_learning_training_aware,0.36891489223108553,0.35,0.2,0.1,0.05,0.05,0.05,0.2
arithmetic,1089,0.0,traditional_ppo,3,core_learning_training_aware,0.43597539262592955,0.35,0.2,0.1,0.05,0.05,0.05,0.2
geometric,1089,0.0,a2c_pointer,2,core_learning_training_aware,0.6391048084891016,0.35,0.2,0.1,0.05,0.05,0.05,0.2
arithmetic,1089,0.0,a2c_pointer,2,core_learning_training_aware,0.6795808792116196,0.35,0.2,0.1,0.05,0.05,0.05,0.2
geometric,1090,1.0,full,1,core_learning_training_aware,0.6403193560658449,0.35,0.2,0.1,0.05,0.05,0.1,0.15
arithmetic,1090,1.0,full,1,core_learning_training_aware,0.6832514070846659,0.35,0.2,0.1,0.05,0.05,0.1,0.15
geometric,1090,0.0,traditional_ppo,3,core_learning_training_aware,0.4017035074856494,0.35,0.2,0.1,0.05,0.05,0.1,0.15
arithmetic,1090,0.0,traditional_ppo,3,core_learning_training_aware,0.47630500529476466,0.35,0.2,0.1,0.05,0.05,0.1,0.15
geometric,1090,0.0,a2c_pointer,2,core_learning_training_aware,0.6398873107287113,0.35,0.2,0.1,0.05,0.05,0.1,0.15
arithmetic,1090,0.0,a2c_pointer,2,core_learning_training_aware,0.6807535025528139,0.35,0.2,0.1,0.05,0.05,0.1,0.15
geometric,1091,1.0,full,1,core_learning_training_aware,0.6409970639861294,0.35,0.2,0.1,0.05,0.05,0.15,0.1
arithmetic,1091,1.0,full,1,core_learning_training_aware,0.6842835069316725,0.35,0.2,0.1,0.05,0.05,0.15,0.1
geometric,1091,0.0,traditional_ppo,3,core_learning_training_aware,0.43740632683701747,0.35,0.2,0.1,0.05,0.05,0.15,0.1
arithmetic,1091,0.0,traditional_ppo,3,core_learning_training_aware,0.5166346179635996,0.35,0.2,0.1,0.05,0.05,0.15,0.1
geometric,1091,0.0,a2c_pointer,2,core_learning_training_aware,0.6406707710424068,0.35,0.2,0.1,0.05,0.05,0.15,0.1
arithmetic,1091,0.0,a2c_pointer,2,core_learning_training_aware,0.6819261258940078,0.35,0.2,0.1,0.05,0.05,0.15,0.1
geometric,1092,1.0,full,1,core_learning_training_aware,0.6416754891860352,0.35,0.2,0.1,0.05,0.05,0.2,0.05
arithmetic,1092,1.0,full,1,core_learning_training_aware,0.6853156067786793,0.35,0.2,0.1,0.05,0.05,0.2,0.05
geometric,1092,0.0,traditional_ppo,3,core_learning_training_aware,0.47628236047674205,0.35,0.2,0.1,0.05,0.05,0.2,0.05
arithmetic,1092,0.0,traditional_ppo,3,core_learning_training_aware,0.5569642306324346,0.35,0.2,0.1,0.05,0.05,0.2,0.05
geometric,1092,0.0,a2c_pointer,2,core_learning_training_aware,0.6414551906032271,0.35,0.2,0.1,0.05,0.05,0.2,0.05
arithmetic,1092,0.0,a2c_pointer,2,core_learning_training_aware,0.683098749235202,0.35,0.2,0.1,0.05,0.05,0.2,0.05
geometric,1093,0.0,full,2,core_learning_training_aware,0.6192947504750619,0.35,0.2,0.1,0.05,0.1,0.05,0.15
arithmetic,1093,1.0,full,1,core_learning_training_aware,0.6592355610909211,0.35,0.2,0.1,0.05,0.1,0.05,0.15
geometric,1093,0.0,traditional_ppo,3,core_learning_training_aware,0.39294252075606484,0.35,0.2,0.1,0.05,0.1,0.05,0.15
arithmetic,1093,0.0,traditional_ppo,3,core_learning_training_aware,0.45871964829917133,0.35,0.2,0.1,0.05,0.1,0.05,0.15
geometric,1093,1.0,a2c_pointer,1,core_learning_training_aware,0.6198918880612323,0.35,0.2,0.1,0.05,0.1,0.05,0.15
arithmetic,1093,0.0,a2c_pointer,2,core_learning_training_aware,0.6579546968075812,0.35,0.2,0.1,0.05,0.1,0.05,0.15
geometric,1094,0.0,full,2,core_learning_training_aware,0.6199502061526261,0.35,0.2,0.1,0.05,0.1,0.1,0.1
arithmetic,1094,1.0,full,1,core_learning_training_aware,0.6602676609379278,0.35,0.2,0.1,0.05,0.1,0.1,0.1
geometric,1094,0.0,traditional_ppo,3,core_learning_training_aware,0.42786667643953524,0.35,0.2,0.1,0.05,0.1,0.1,0.1
arithmetic,1094,0.0,traditional_ppo,3,core_learning_training_aware,0.4990492609680064,0.35,0.2,0.1,0.05,0.1,0.1,0.1
geometric,1094,1.0,a2c_pointer,1,core_learning_training_aware,0.6206508665328082,0.35,0.2,0.1,0.05,0.1,0.1,0.1
arithmetic,1094,0.0,a2c_pointer,2,core_learning_training_aware,0.6591273201487755,0.35,0.2,0.1,0.05,0.1,0.1,0.1
geometric,1095,0.0,full,2,core_learning_training_aware,0.6206063555582493,0.35,0.2,0.1,0.05,0.1,0.15,0.05
arithmetic,1095,1.0,full,1,core_learning_training_aware,0.6612997607849345,0.35,0.2,0.1,0.05,0.1,0.15,0.05
geometric,1095,0.0,traditional_ppo,3,core_learning_training_aware,0.46589483992510466,0.35,0.2,0.1,0.05,0.1,0.15,0.05
arithmetic,1095,0.0,traditional_ppo,3,core_learning_training_aware,0.5393788736368414,0.35,0.2,0.1,0.05,0.1,0.15,0.05
geometric,1095,1.0,a2c_pointer,1,core_learning_training_aware,0.6214107742766191,0.35,0.2,0.1,0.05,0.1,0.15,0.05
arithmetic,1095,0.0,a2c_pointer,2,core_learning_training_aware,0.6602999434899696,0.35,0.2,0.1,0.05,0.1,0.15,0.05
geometric,1096,0.0,full,2,core_learning_training_aware,0.5995944126773729,0.35,0.2,0.1,0.05,0.15,0.05,0.1
arithmetic,1096,0.0,full,2,core_learning_training_aware,0.6362518149441827,0.35,0.2,0.1,0.05,0.15,0.05,0.1
geometric,1096,0.0,traditional_ppo,3,core_learning_training_aware,0.4185350818568016,0.35,0.2,0.1,0.05,0.15,0.05,0.1
arithmetic,1096,0.0,traditional_ppo,3,core_learning_training_aware,0.48146390397241295,0.35,0.2,0.1,0.05,0.15,0.05,0.1
geometric,1096,1.0,a2c_pointer,1,core_learning_training_aware,0.6012565510069577,0.35,0.2,0.1,0.05,0.15,0.05,0.1
arithmetic,1096,1.0,a2c_pointer,1,core_learning_training_aware,0.6363285144035428,0.35,0.2,0.1,0.05,0.15,0.05,0.1
geometric,1097,0.0,full,2,core_learning_training_aware,0.6002290177046617,0.35,0.2,0.1,0.05,0.15,0.1,0.05
arithmetic,1097,0.0,full,2,core_learning_training_aware,0.6372839147911895,0.35,0.2,0.1,0.05,0.15,0.1,0.05
geometric,1097,0.0,traditional_ppo,3,core_learning_training_aware,0.45573386688428147,0.35,0.2,0.1,0.05,0.15,0.1,0.05
arithmetic,1097,0.0,traditional_ppo,3,core_learning_training_aware,0.5217935166412481,0.35,0.2,0.1,0.05,0.15,0.1,0.05
geometric,1097,1.0,a2c_pointer,1,core_learning_training_aware,0.601992712887597,0.35,0.2,0.1,0.05,0.15,0.1,0.05
arithmetic,1097,1.0,a2c_pointer,1,core_learning_training_aware,0.637501137744737,0.35,0.2,0.1,0.05,0.15,0.1,0.05
geometric,1098,1.0,full,1,core_learning_training_aware,0.6381463119676416,0.35,0.2,0.1,0.1,0.05,0.05,0.15
arithmetic,1098,1.0,full,1,core_learning_training_aware,0.6800108373502396,0.35,0.2,0.1,0.1,0.05,0.05,0.15
geometric,1098,0.0,traditional_ppo,3,core_learning_training_aware,0.4008801185637774,0.35,0.2,0.1,0.1,0.05,0.05,0.15
arithmetic,1098,0.0,traditional_ppo,3,core_learning_training_aware,0.47432237978895647,0.35,0.2,0.1,0.1,0.05,0.05,0.15
geometric,1098,0.0,a2c_pointer,2,core_learning_training_aware,0.6377301979925961,0.35,0.2,0.1,0.1,0.05,0.05,0.15
arithmetic,1098,0.0,a2c_pointer,2,core_learning_training_aware,0.6775858770773653,0.35,0.2,0.1,0.1,0.05,0.05,0.15
geometric,1099,1.0,full,1,core_learning_training_aware,0.6388217199587072,0.35,0.2,0.1,0.1,0.05,0.1,0.1
arithmetic,1099,1.0,full,1,core_learning_training_aware,0.6810429371972463,0.35,0.2,0.1,0.1,0.05,0.1,0.1
geometric,1099,0.0,traditional_ppo,3,core_learning_training_aware,0.4365097563138257,0.35,0.2,0.1,0.1,0.05,0.1,0.1
arithmetic,1099,0.0,traditional_ppo,3,core_learning_training_aware,0.5146519924577915,0.35,0.2,0.1,0.1,0.05,0.1,0.1
geometric,1099,0.0,a2c_pointer,2,core_learning_training_aware,0.6385110171971577,0.35,0.2,0.1,0.1,0.05,0.1,0.1
arithmetic,1099,0.0,a2c_pointer,2,core_learning_training_aware,0.6787585004185595,0.35,0.2,0.1,0.1,0.05,0.1,0.1
geometric,1100,1.0,full,1,core_learning_training_aware,0.6394978427951709,0.35,0.2,0.1,0.1,0.05,0.15,0.05
arithmetic,1100,1.0,full,1,core_learning_training_aware,0.682075037044253,0.35,0.2,0.1,0.1,0.05,0.15,0.05
geometric,1100,0.0,traditional_ppo,3,core_learning_training_aware,0.4753061040786979,0.35,0.2,0.1,0.1,0.05,0.15,0.05
arithmetic,1100,0.0,traditional_ppo,3,core_learning_training_aware,0.5549816051266265,0.35,0.2,0.1,0.1,0.05,0.15,0.05
geometric,1100,0.0,a2c_pointer,2,core_learning_training_aware,0.6392927924151435,0.35,0.2,0.1,0.1,0.05,0.15,0.05
arithmetic,1100,0.0,a2c_pointer,2,core_learning_training_aware,0.6799311237597536,0.35,0.2,0.1,0.1,0.05,0.15,0.05
geometric,1101,0.0,full,2,core_learning_training_aware,0.617846288593524,0.35,0.2,0.1,0.1,0.1,0.05,0.1
arithmetic,1101,1.0,full,1,core_learning_training_aware,0.6570270912035013,0.35,0.2,0.1,0.1,0.1,0.05,0.1
geometric,1101,0.0,traditional_ppo,3,core_learning_training_aware,0.4269896597472399,0.35,0.2,0.1,0.1,0.1,0.05,0.1
arithmetic,1101,0.0,traditional_ppo,3,core_learning_training_aware,0.4970666354621982,0.35,0.2,0.1,0.1,0.1,0.05,0.1
geometric,1101,1.0,a2c_pointer,1,core_learning_training_aware,0.6185586014317013,0.35,0.2,0.1,0.1,0.1,0.05,0.1
arithmetic,1101,0.0,a2c_pointer,2,core_learning_training_aware,0.6559596946733268,0.35,0.2,0.1,0.1,0.1,0.05,0.1
geometric,1102,0.0,full,2,core_learning_training_aware,0.6185002112328003,0.35,0.2,0.1,0.1,0.1,0.1,0.05
arithmetic,1102,1.0,full,1,core_learning_training_aware,0.658059191050508,0.35,0.2,0.1,0.1,0.1,0.1,0.05
geometric,1102,0.0,traditional_ppo,3,core_learning_training_aware,0.46493987527380554,0.35,0.2,0.1,0.1,0.1,0.1,0.05
arithmetic,1102,0.0,traditional_ppo,3,core_learning_training_aware,0.5373962481310333,0.35,0.2,0.1,0.1,0.1,0.1,0.05
geometric,1102,1.0,a2c_pointer,1,core_learning_training_aware,0.6193159474640281,0.35,0.2,0.1,0.1,0.1,0.1,0.05
arithmetic,1102,0.0,a2c_pointer,2,core_learning_training_aware,0.657132318014521,0.35,0.2,0.1,0.1,0.1,0.1,0.05
geometric,1103,0.0,full,2,core_learning_training_aware,0.5981920277056286,0.35,0.2,0.1,0.1,0.15,0.05,0.05
arithmetic,1103,0.0,full,2,core_learning_training_aware,0.6340433450567632,0.35,0.2,0.1,0.1,0.15,0.05,0.05
geometric,1103,0.0,traditional_ppo,3,core_learning_training_aware,0.4547997296155702,0.35,0.2,0.1,0.1,0.15,0.05,0.05
arithmetic,1103,0.0,traditional_ppo,3,core_learning_training_aware,0.5198108911354399,0.35,0.2,0.1,0.1,0.15,0.05,0.05
geometric,1103,1.0,a2c_pointer,1,core_learning_training_aware,0.5999633459565049,0.35,0.2,0.1,0.1,0.15,0.05,0.05
arithmetic,1103,1.0,a2c_pointer,1,core_learning_training_aware,0.6343335122692885,0.35,0.2,0.1,0.1,0.15,0.05,0.05
geometric,1104,1.0,full,1,core_learning_training_aware,0.6366537583701503,0.35,0.2,0.1,0.15,0.05,0.05,0.1
arithmetic,1104,1.0,full,1,core_learning_training_aware,0.6778023674628199,0.35,0.2,0.1,0.15,0.05,0.05,0.1
geometric,1104,0.0,traditional_ppo,3,core_learning_training_aware,0.4356150235297197,0.35,0.2,0.1,0.15,0.05,0.05,0.1
arithmetic,1104,0.0,traditional_ppo,3,core_learning_training_aware,0.5126693669519832,0.35,0.2,0.1,0.15,0.05,0.05,0.1
geometric,1104,0.0,a2c_pointer,2,core_learning_training_aware,0.6363585440596967,0.35,0.2,0.1,0.15,0.05,0.05,0.1
arithmetic,1104,0.0,a2c_pointer,2,core_learning_training_aware,0.6755908749431109,0.35,0.2,0.1,0.15,0.05,0.05,0.1
geometric,1105,1.0,full,1,core_learning_training_aware,0.6373275866566748,0.35,0.2,0.1,0.15,0.05,0.1,0.05
arithmetic,1105,1.0,full,1,core_learning_training_aware,0.6788344673098268,0.35,0.2,0.1,0.15,0.05,0.1,0.05
geometric,1105,0.0,traditional_ppo,3,core_learning_training_aware,0.47433184875529744,0.35,0.2,0.1,0.15,0.05,0.1,0.05
arithmetic,1105,0.0,traditional_ppo,3,core_learning_training_aware,0.5529989796208183,0.35,0.2,0.1,0.15,0.05,0.1,0.05
geometric,1105,0.0,a2c_pointer,2,core_learning_training_aware,0.6371376838491448,0.35,0.2,0.1,0.15,0.05,0.1,0.05
arithmetic,1105,0.0,a2c_pointer,2,core_learning_training_aware,0.6767634982843052,0.35,0.2,0.1,0.15,0.05,0.1,0.05
geometric,1106,0.0,full,2,core_learning_training_aware,0.6164012145040201,0.35,0.2,0.1,0.15,0.1,0.05,0.05
arithmetic,1106,1.0,full,1,core_learning_training_aware,0.6548186213160817,0.35,0.2,0.1,0.15,0.1,0.05,0.05
geometric,1106,0.0,traditional_ppo,3,core_learning_training_aware,0.4639868680545428,0.35,0.2,0.1,0.15,0.1,0.05,0.05
arithmetic,1106,0.0,traditional_ppo,3,core_learning_training_aware,0.535413622625225,0.35,0.2,0.1,0.15,0.1,0.05,0.05
geometric,1106,1.0,a2c_pointer,1,core_learning_training_aware,0.6172281824848593,0.35,0.2,0.1,0.15,0.1,0.05,0.05
arithmetic,1106,0.0,a2c_pointer,2,core_learning_training_aware,0.6539646925390725,0.35,0.2,0.1,0.15,0.1,0.05,0.05
geometric,1107,0.0,full,2,core_learning_training_aware,0.6383203414105919,0.35,0.2,0.15,0.05,0.05,0.05,0.15
arithmetic,1107,1.0,full,1,core_learning_training_aware,0.6802627164764157,0.35,0.2,0.15,0.05,0.05,0.05,0.15
geometric,1107,0.0,traditional_ppo,3,core_learning_training_aware,0.40050762632986364,0.35,0.2,0.15,0.05,0.05,0.05,0.15
arithmetic,1107,0.0,traditional_ppo,3,core_learning_training_aware,0.47345055780663464,0.35,0.2,0.15,0.05,0.05,0.05,0.15
geometric,1107,1.0,a2c_pointer,1,core_learning_training_aware,0.6384155986716524,0.35,0.2,0.15,0.05,0.05,0.05,0.15
arithmetic,1107,0.0,a2c_pointer,2,core_learning_training_aware,0.6785704127166565,0.35,0.2,0.15,0.05,0.05,0.05,0.15
geometric,1108,0.0,full,2,core_learning_training_aware,0.6389959335927659,0.35,0.2,0.15,0.05,0.05,0.1,0.1
arithmetic,1108,1.0,full,1,core_learning_training_aware,0.6812948163234224,0.35,0.2,0.15,0.05,0.05,0.1,0.1
geometric,1108,0.0,traditional_ppo,3,core_learning_training_aware,0.43610415751576853,0.35,0.2,0.15,0.05,0.05,0.1,0.1
arithmetic,1108,0.0,traditional_ppo,3,core_learning_training_aware,0.5137801704754696,0.35,0.2,0.15,0.05,0.05,0.1,0.1
geometric,1108,1.0,a2c_pointer,1,core_learning_training_aware,0.6391972570618364,0.35,0.2,0.15,0.05,0.05,0.1,0.1
arithmetic,1108,0.0,a2c_pointer,2,core_learning_training_aware,0.6797430360578508,0.35,0.2,0.15,0.05,0.05,0.1,0.1
geometric,1109,0.0,full,2,core_learning_training_aware,0.6396722408152838,0.35,0.2,0.15,0.05,0.05,0.15,0.05
arithmetic,1109,1.0,full,1,core_learning_training_aware,0.6823269161704291,0.35,0.2,0.15,0.05,0.05,0.15,0.05
geometric,1109,0.0,traditional_ppo,3,core_learning_training_aware,0.47486445625356893,0.35,0.2,0.15,0.05,0.05,0.15,0.05
arithmetic,1109,0.0,traditional_ppo,3,core_learning_training_aware,0.5541097831443047,0.35,0.2,0.15,0.05,0.05,0.15,0.05
geometric,1109,1.0,a2c_pointer,1,core_learning_training_aware,0.63997987249292,0.35,0.2,0.15,0.05,0.05,0.15,0.05
arithmetic,1109,0.0,a2c_pointer,2,core_learning_training_aware,0.6809156593990449,0.35,0.2,0.15,0.05,0.05,0.15,0.05
geometric,1110,0.0,full,2,core_learning_training_aware,0.6180147819992154,0.35,0.2,0.15,0.05,0.1,0.05,0.1
arithmetic,1110,1.0,full,1,core_learning_training_aware,0.6572789703296774,0.35,0.2,0.15,0.05,0.1,0.05,0.1
geometric,1110,0.0,traditional_ppo,3,core_learning_training_aware,0.4265929068905825,0.35,0.2,0.15,0.05,0.1,0.05,0.1
arithmetic,1110,0.0,traditional_ppo,3,core_learning_training_aware,0.4961948134798764,0.35,0.2,0.15,0.05,0.1,0.05,0.1
geometric,1110,1.0,a2c_pointer,1,core_learning_training_aware,0.6192233974328817,0.35,0.2,0.15,0.05,0.1,0.05,0.1
arithmetic,1110,0.0,a2c_pointer,2,core_learning_training_aware,0.6569442303126182,0.35,0.2,0.15,0.05,0.1,0.05,0.1
geometric,1111,0.0,full,2,core_learning_training_aware,0.6186688829703108,0.35,0.2,0.15,0.05,0.1,0.1,0.05
arithmetic,1111,1.0,full,1,core_learning_training_aware,0.6583110701766843,0.35,0.2,0.15,0.05,0.1,0.1,0.05
geometric,1111,0.0,traditional_ppo,3,core_learning_training_aware,0.46450785960439084,0.35,0.2,0.15,0.05,0.1,0.1,0.05
arithmetic,1111,0.0,traditional_ppo,3,core_learning_training_aware,0.5365244261487115,0.35,0.2,0.15,0.05,0.1,0.1,0.05
geometric,1111,1.0,a2c_pointer,1,core_learning_training_aware,0.6199815574230333,0.35,0.2,0.15,0.05,0.1,0.1,0.05
arithmetic,1111,0.0,a2c_pointer,2,core_learning_training_aware,0.6581168536538125,0.35,0.2,0.15,0.05,0.1,0.1,0.05
geometric,1112,0.0,full,2,core_learning_training_aware,0.5983551611805178,0.35,0.2,0.15,0.05,0.15,0.05,0.05
arithmetic,1112,0.0,full,2,core_learning_training_aware,0.6342952241829393,0.35,0.2,0.15,0.05,0.15,0.05,0.05
geometric,1112,0.0,traditional_ppo,3,core_learning_training_aware,0.4543771360285526,0.35,0.2,0.15,0.05,0.15,0.05,0.05
arithmetic,1112,0.0,traditional_ppo,3,core_learning_training_aware,0.518939069153118,0.35,0.2,0.15,0.05,0.15,0.05,0.05
geometric,1112,1.0,a2c_pointer,1,core_learning_training_aware,0.6006081567025255,0.35,0.2,0.15,0.05,0.15,0.05,0.05
arithmetic,1112,1.0,a2c_pointer,1,core_learning_training_aware,0.6353180479085797,0.35,0.2,0.15,0.05,0.15,0.05,0.05
geometric,1113,0.0,full,2,core_learning_training_aware,0.636827380777494,0.35,0.2,0.15,0.1,0.05,0.05,0.1
arithmetic,1113,1.0,full,1,core_learning_training_aware,0.678054246588996,0.35,0.2,0.15,0.1,0.05,0.05,0.1
geometric,1113,0.0,traditional_ppo,3,core_learning_training_aware,0.43521025610492853,0.35,0.2,0.15,0.1,0.05,0.05,0.1
arithmetic,1113,0.0,traditional_ppo,3,core_learning_training_aware,0.5117975449696615,0.35,0.2,0.15,0.1,0.05,0.05,0.1
geometric,1113,1.0,a2c_pointer,1,core_learning_training_aware,0.6370424705533686,0.35,0.2,0.15,0.1,0.05,0.05,0.1
arithmetic,1113,0.0,a2c_pointer,2,core_learning_training_aware,0.6765754105824021,0.35,0.2,0.15,0.1,0.05,0.05,0.1
geometric,1114,0.0,full,2,core_learning_training_aware,0.6375013928243242,0.35,0.2,0.15,0.1,0.05,0.1,0.05
arithmetic,1114,1.0,full,1,core_learning_training_aware,0.6790863464360029,0.35,0.2,0.15,0.1,0.05,0.1,0.05
geometric,1114,0.0,traditional_ppo,3,core_learning_training_aware,0.4738911061946727,0.35,0.2,0.15,0.1,0.05,0.1,0.05
arithmetic,1114,0.0,traditional_ppo,3,core_learning_training_aware,0.5521271576384966,0.35,0.2,0.15,0.1,0.05,0.1,0.05
geometric,1114,1.0,a2c_pointer,1,core_learning_training_aware,0.6378224477234872,0.35,0.2,0.15,0.1,0.05,0.1,0.05
arithmetic,1114,0.0,a2c_pointer,2,core_learning_training_aware,0.6777480339235964,0.35,0.2,0.15,0.1,0.05,0.1,0.05
geometric,1115,0.0,full,2,core_learning_training_aware,0.6165693138222833,0.35,0.2,0.15,0.1,0.1,0.05,0.05
arithmetic,1115,1.0,full,1,core_learning_training_aware,0.6550705004422579,0.35,0.2,0.15,0.1,0.1,0.05,0.05
geometric,1115,0.0,traditional_ppo,3,core_learning_training_aware,0.4635557379061894,0.35,0.2,0.15,0.1,0.1,0.05,0.05
arithmetic,1115,0.0,traditional_ppo,3,core_learning_training_aware,0.5345418006429032,0.35,0.2,0.15,0.1,0.1,0.05,0.05
geometric,1115,1.0,a2c_pointer,1,core_learning_training_aware,0.6178915486179661,0.35,0.2,0.15,0.1,0.1,0.05,0.05
arithmetic,1115,0.0,a2c_pointer,2,core_learning_training_aware,0.6549492281783639,0.35,0.2,0.15,0.1,0.1,0.05,0.05
geometric,1116,0.0,full,2,core_learning_training_aware,0.635337912014085,0.35,0.2,0.15,0.15,0.05,0.05,0.05
arithmetic,1116,1.0,full,1,core_learning_training_aware,0.6758457767015763,0.35,0.2,0.15,0.15,0.05,0.05,0.05
geometric,1116,0.0,traditional_ppo,3,core_learning_training_aware,0.47291975125317204,0.35,0.2,0.15,0.15,0.05,0.05,0.05
arithmetic,1116,0.0,traditional_ppo,3,core_learning_training_aware,0.5501445321326882,0.35,0.2,0.15,0.15,0.05,0.05,0.05
geometric,1116,1.0,a2c_pointer,1,core_learning_training_aware,0.6356722958103361,0.35,0.2,0.15,0.15,0.05,0.05,0.05
arithmetic,1116,0.0,a2c_pointer,2,core_learning_training_aware,0.6745804084481477,0.35,0.2,0.15,0.15,0.05,0.05,0.05
geometric,1117,0.0,full,2,core_learning_training_aware,0.6370010505335575,0.35,0.2,0.2,0.05,0.05,0.05,0.1
arithmetic,1117,1.0,full,1,core_learning_training_aware,0.6783061257151721,0.35,0.2,0.2,0.05,0.05,0.05,0.1
geometric,1117,0.0,traditional_ppo,3,core_learning_training_aware,0.4348058647844022,0.35,0.2,0.2,0.05,0.05,0.05,0.1
arithmetic,1117,0.0,traditional_ppo,3,core_learning_training_aware,0.5109257229873398,0.35,0.2,0.2,0.05,0.05,0.05,0.1
geometric,1117,1.0,a2c_pointer,1,core_learning_training_aware,0.6377271320971991,0.35,0.2,0.2,0.05,0.05,0.05,0.1
arithmetic,1117,0.0,a2c_pointer,2,core_learning_training_aware,0.6775599462216936,0.35,0.2,0.2,0.05,0.05,0.05,0.1
geometric,1118,0.0,full,2,core_learning_training_aware,0.6376752463908067,0.35,0.2,0.2,0.05,0.05,0.1,0.05
arithmetic,1118,1.0,full,1,core_learning_training_aware,0.6793382255621789,0.35,0.2,0.2,0.05,0.05,0.1,0.05
geometric,1118,0.0,traditional_ppo,3,core_learning_training_aware,0.4734507731659089,0.35,0.2,0.2,0.05,0.05,0.1,0.05
arithmetic,1118,0.0,traditional_ppo,3,core_learning_training_aware,0.551255335656175,0.35,0.2,0.2,0.05,0.05,0.1,0.05
geometric,1118,1.0,a2c_pointer,1,core_learning_training_aware,0.6385079475479631,0.35,0.2,0.2,0.05,0.05,0.1,0.05
arithmetic,1118,0.0,a2c_pointer,2,core_learning_training_aware,0.6787325695628879,0.35,0.2,0.2,0.05,0.05,0.1,0.05
geometric,1119,0.0,full,2,core_learning_training_aware,0.6167374589830599,0.35,0.2,0.2,0.05,0.1,0.05,0.05
arithmetic,1119,0.0,full,2,core_learning_training_aware,0.655322379568434,0.35,0.2,0.2,0.05,0.1,0.05,0.05
geometric,1119,0.0,traditional_ppo,3,core_learning_training_aware,0.4631250083579771,0.35,0.2,0.2,0.05,0.1,0.05,0.05
arithmetic,1119,0.0,traditional_ppo,3,core_learning_training_aware,0.5336699786605816,0.35,0.2,0.2,0.05,0.1,0.05,0.05
geometric,1119,1.0,a2c_pointer,1,core_learning_training_aware,0.6185556277039792,0.35,0.2,0.2,0.05,0.1,0.05,0.05
arithmetic,1119,1.0,a2c_pointer,1,core_learning_training_aware,0.6559337638176552,0.35,0.2,0.2,0.05,0.1,0.05,0.05
geometric,1120,0.0,full,2,core_learning_training_aware,0.6355111755758096,0.35,0.2,0.2,0.1,0.05,0.05,0.05
arithmetic,1120,1.0,full,1,core_learning_training_aware,0.6760976558277526,0.35,0.2,0.2,0.1,0.05,0.05,0.05
geometric,1120,0.0,traditional_ppo,3,core_learning_training_aware,0.47248032079391794,0.35,0.2,0.2,0.1,0.05,0.05,0.05
arithmetic,1120,0.0,traditional_ppo,3,core_learning_training_aware,0.5492727101503667,0.35,0.2,0.2,0.1,0.05,0.05,0.05
geometric,1120,1.0,a2c_pointer,1,core_learning_training_aware,0.6363554847585419,0.35,0.2,0.2,0.1,0.05,0.05,0.05
arithmetic,1120,0.0,a2c_pointer,2,core_learning_training_aware,0.6755649440874393,0.35,0.2,0.2,0.1,0.05,0.05,0.05
geometric,1121,0.0,full,2,core_learning_training_aware,0.6356844863883929,0.35,0.2,0.25,0.05,0.05,0.05,0.05
arithmetic,1121,0.0,full,2,core_learning_training_aware,0.6763495349539286,0.35,0.2,0.25,0.05,0.05,0.05,0.05
geometric,1121,0.0,traditional_ppo,3,core_learning_training_aware,0.4720412986473386,0.35,0.2,0.25,0.05,0.05,0.05,0.05
arithmetic,1121,0.0,traditional_ppo,3,core_learning_training_aware,0.548400888168045,0.35,0.2,0.25,0.05,0.05,0.05,0.05
geometric,1121,1.0,a2c_pointer,1,core_learning_training_aware,0.6370394079642292,0.35,0.2,0.25,0.05,0.05,0.05,0.05
arithmetic,1121,1.0,a2c_pointer,1,core_learning_training_aware,0.6765494797267305,0.35,0.2,0.25,0.05,0.05,0.05,0.05
geometric,1122,0.0,full,2,core_learning_training_aware,0.6089585109151754,0.35,0.25,0.1,0.05,0.05,0.05,0.15
arithmetic,1122,1.0,full,1,core_learning_training_aware,0.6520083055961586,0.35,0.25,0.1,0.05,0.05,0.05,0.15
geometric,1122,0.0,traditional_ppo,3,core_learning_training_aware,0.38217163127014303,0.35,0.25,0.1,0.05,0.05,0.05,0.15
arithmetic,1122,0.0,traditional_ppo,3,core_learning_training_aware,0.44519083874050147,0.35,0.25,0.1,0.05,0.05,0.05,0.15
geometric,1122,1.0,a2c_pointer,1,core_learning_training_aware,0.6090807339209395,0.35,0.25,0.1,0.05,0.05,0.05,0.15
arithmetic,1122,0.0,a2c_pointer,2,core_learning_training_aware,0.6503293140221279,0.35,0.25,0.1,0.05,0.05,0.05,0.15
geometric,1123,0.0,full,2,core_learning_training_aware,0.6096030268150343,0.35,0.25,0.1,0.05,0.05,0.1,0.1
arithmetic,1123,1.0,full,1,core_learning_training_aware,0.6530404054431653,0.35,0.25,0.1,0.05,0.05,0.1,0.1
geometric,1123,0.0,traditional_ppo,3,core_learning_training_aware,0.41613848607273135,0.35,0.25,0.1,0.05,0.05,0.1,0.1
arithmetic,1123,0.0,traditional_ppo,3,core_learning_training_aware,0.48552045140933653,0.35,0.25,0.1,0.05,0.05,0.1,0.1
geometric,1123,1.0,a2c_pointer,1,core_learning_training_aware,0.6098264755145961,0.35,0.25,0.1,0.05,0.05,0.1,0.1
arithmetic,1123,0.0,a2c_pointer,2,core_learning_training_aware,0.6515019373633222,0.35,0.25,0.1,0.05,0.05,0.1,0.1
geometric,1124,0.0,full,2,core_learning_training_aware,0.6102482248643957,0.35,0.25,0.1,0.05,0.05,0.15,0.05
arithmetic,1124,1.0,full,1,core_learning_training_aware,0.654072505290172,0.35,0.25,0.1,0.05,0.05,0.15,0.05
geometric,1124,0.0,traditional_ppo,3,core_learning_training_aware,0.4531242651773294,0.35,0.25,0.1,0.05,0.05,0.15,0.05
arithmetic,1124,0.0,traditional_ppo,3,core_learning_training_aware,0.5258500640781716,0.35,0.25,0.1,0.05,0.05,0.15,0.05
geometric,1124,1.0,a2c_pointer,1,core_learning_training_aware,0.6105731301736209,0.35,0.25,0.1,0.05,0.05,0.15,0.05
arithmetic,1124,0.0,a2c_pointer,2,core_learning_training_aware,0.6526745607045162,0.35,0.25,0.1,0.05,0.05,0.15,0.05
geometric,1125,0.0,full,2,core_learning_training_aware,0.5895869784411732,0.35,0.25,0.1,0.05,0.1,0.05,0.1
arithmetic,1125,1.0,full,1,core_learning_training_aware,0.6290245594494205,0.35,0.25,0.1,0.05,0.1,0.05,0.1
geometric,1125,0.0,traditional_ppo,3,core_learning_training_aware,0.40706267845289656,0.35,0.25,0.1,0.05,0.1,0.05,0.1
arithmetic,1125,0.0,traditional_ppo,3,core_learning_training_aware,0.4679350944137432,0.35,0.25,0.1,0.05,0.1,0.05,0.1
geometric,1125,1.0,a2c_pointer,1,core_learning_training_aware,0.5907704043481794,0.35,0.25,0.1,0.05,0.1,0.05,0.1
arithmetic,1125,0.0,a2c_pointer,2,core_learning_training_aware,0.6287031316180896,0.35,0.25,0.1,0.05,0.1,0.05,0.1
geometric,1126,0.0,full,2,core_learning_training_aware,0.5902109916951863,0.35,0.25,0.1,0.05,0.1,0.1,0.05
arithmetic,1126,1.0,full,1,core_learning_training_aware,0.6300566592964272,0.35,0.25,0.1,0.05,0.1,0.1,0.05
geometric,1126,0.0,traditional_ppo,3,core_learning_training_aware,0.4432418130700045,0.35,0.25,0.1,0.05,0.1,0.1,0.05
arithmetic,1126,0.0,traditional_ppo,3,core_learning_training_aware,0.5082647070825782,0.35,0.25,0.1,0.05,0.1,0.1,0.05
geometric,1126,1.0,a2c_pointer,1,core_learning_training_aware,0.5914937272810649,0.35,0.25,0.1,0.05,0.1,0.1,0.05
arithmetic,1126,0.0,a2c_pointer,2,core_learning_training_aware,0.6298757549592837,0.35,0.25,0.1,0.05,0.1,0.1,0.05
geometric,1127,0.0,full,2,core_learning_training_aware,0.5708316723005996,0.35,0.25,0.1,0.05,0.15,0.05,0.05
arithmetic,1127,0.0,full,2,core_learning_training_aware,0.6060408133026822,0.35,0.25,0.1,0.05,0.15,0.05,0.05
geometric,1127,0.0,traditional_ppo,3,core_learning_training_aware,0.43357489314040437,0.35,0.25,0.1,0.05,0.15,0.05,0.05
arithmetic,1127,0.0,traditional_ppo,3,core_learning_training_aware,0.4906793500869849,0.35,0.25,0.1,0.05,0.15,0.05,0.05
geometric,1127,1.0,a2c_pointer,1,core_learning_training_aware,0.5730105242485208,0.35,0.25,0.1,0.05,0.15,0.05,0.05
arithmetic,1127,1.0,a2c_pointer,1,core_learning_training_aware,0.6070769492140511,0.35,0.25,0.1,0.05,0.15,0.05,0.05
geometric,1128,0.0,full,2,core_learning_training_aware,0.6075342243540152,0.35,0.25,0.1,0.1,0.05,0.05,0.1
arithmetic,1128,1.0,full,1,core_learning_training_aware,0.6497998357087389,0.35,0.25,0.1,0.1,0.05,0.05,0.1
geometric,1128,0.0,traditional_ppo,3,core_learning_training_aware,0.41528550915564755,0.35,0.25,0.1,0.1,0.05,0.05,0.1
arithmetic,1128,0.0,traditional_ppo,3,core_learning_training_aware,0.48353782590352834,0.35,0.25,0.1,0.1,0.05,0.05,0.1
geometric,1128,1.0,a2c_pointer,1,core_learning_training_aware,0.6077707003255951,0.35,0.25,0.1,0.1,0.05,0.05,0.1
arithmetic,1128,0.0,a2c_pointer,2,core_learning_training_aware,0.6483343118878735,0.35,0.25,0.1,0.1,0.05,0.05,0.1
geometric,1129,0.0,full,2,core_learning_training_aware,0.6081772328025155,0.35,0.25,0.1,0.1,0.05,0.1,0.05
arithmetic,1129,1.0,full,1,core_learning_training_aware,0.6508319355557457,0.35,0.25,0.1,0.1,0.05,0.1,0.05
geometric,1129,0.0,traditional_ppo,3,core_learning_training_aware,0.4521954769212504,0.35,0.25,0.1,0.1,0.05,0.1,0.05
arithmetic,1129,0.0,traditional_ppo,3,core_learning_training_aware,0.5238674385723634,0.35,0.25,0.1,0.1,0.05,0.1,0.05
geometric,1129,1.0,a2c_pointer,1,core_learning_training_aware,0.6085148379503741,0.35,0.25,0.1,0.1,0.05,0.1,0.05
arithmetic,1129,0.0,a2c_pointer,2,core_learning_training_aware,0.6495069352290677,0.35,0.25,0.1,0.1,0.05,0.1,0.05
geometric,1130,0.0,full,2,core_learning_training_aware,0.5882079997505448,0.35,0.25,0.1,0.1,0.1,0.05,0.05
arithmetic,1130,1.0,full,1,core_learning_training_aware,0.6268160895620007,0.35,0.25,0.1,0.1,0.1,0.05,0.05
geometric,1130,0.0,traditional_ppo,3,core_learning_training_aware,0.44233328130020083,0.35,0.25,0.1,0.1,0.1,0.05,0.05
arithmetic,1130,0.0,traditional_ppo,3,core_learning_training_aware,0.50628208157677,0.35,0.25,0.1,0.1,0.1,0.05,0.05
geometric,1130,1.0,a2c_pointer,1,core_learning_training_aware,0.5894997532936809,0.35,0.25,0.1,0.1,0.1,0.05,0.05
arithmetic,1130,0.0,a2c_pointer,2,core_learning_training_aware,0.6267081294838351,0.35,0.25,0.1,0.1,0.1,0.05,0.05
geometric,1131,0.0,full,2,core_learning_training_aware,0.60611326904149,0.35,0.25,0.1,0.15,0.05,0.05,0.05
arithmetic,1131,1.0,full,1,core_learning_training_aware,0.6475913658213193,0.35,0.25,0.1,0.15,0.05,0.05,0.05
geometric,1131,0.0,traditional_ppo,3,core_learning_training_aware,0.451268592442327,0.35,0.25,0.1,0.15,0.05,0.05,0.05
arithmetic,1131,0.0,traditional_ppo,3,core_learning_training_aware,0.5218848130665551,0.35,0.25,0.1,0.15,0.05,0.05,0.05
geometric,1131,1.0,a2c_pointer,1,core_learning_training_aware,0.606463484399445,0.35,0.25,0.1,0.15,0.05,0.05,0.05
arithmetic,1131,0.0,a2c_pointer,2,core_learning_training_aware,0.6463393097536192,0.35,0.25,0.1,0.15,0.05,0.05,0.05
geometric,1132,0.0,full,2,core_learning_training_aware,0.6076999055475828,0.35,0.25,0.15,0.05,0.05,0.05,0.1
arithmetic,1132,1.0,full,1,core_learning_training_aware,0.650051714834915,0.35,0.25,0.15,0.05,0.05,0.05,0.1
geometric,1132,0.0,traditional_ppo,3,core_learning_training_aware,0.41489963163303145,0.35,0.25,0.15,0.05,0.05,0.05,0.1
arithmetic,1132,0.0,traditional_ppo,3,core_learning_training_aware,0.4826660039212065,0.35,0.25,0.15,0.05,0.05,0.05,0.1
geometric,1132,1.0,a2c_pointer,1,core_learning_training_aware,0.608423902027545,0.35,0.25,0.15,0.05,0.05,0.05,0.1
arithmetic,1132,0.0,a2c_pointer,2,core_learning_training_aware,0.6493188475271648,0.35,0.25,0.15,0.05,0.05,0.05,0.1
geometric,1133,0.0,full,2,core_learning_training_aware,0.6083430893514836,0.35,0.25,0.15,0.05,0.05,0.1,0.05
arithmetic,1133,1.0,full,1,core_learning_training_aware,0.6510838146819218,0.35,0.25,0.15,0.05,0.05,0.1,0.05
geometric,1133,0.0,traditional_ppo,3,core_learning_training_aware,0.4517753031696371,0.35,0.25,0.15,0.05,0.05,0.1,0.05
arithmetic,1133,0.0,traditional_ppo,3,core_learning_training_aware,0.5229956165900417,0.35,0.25,0.15,0.05,0.05,0.1,0.05
geometric,1133,1.0,a2c_pointer,1,core_learning_training_aware,0.6091688394144099,0.35,0.25,0.15,0.05,0.05,0.1,0.05
arithmetic,1133,0.0,a2c_pointer,2,core_learning_training_aware,0.6504914708683591,0.35,0.25,0.15,0.05,0.05,0.1,0.05
geometric,1134,0.0,full,2,core_learning_training_aware,0.5883684104723742,0.35,0.25,0.15,0.05,0.1,0.05,0.05
arithmetic,1134,0.0,full,2,core_learning_training_aware,0.6270679686881768,0.35,0.25,0.15,0.05,0.1,0.05,0.05
geometric,1134,0.0,traditional_ppo,3,core_learning_training_aware,0.4419222713636735,0.35,0.25,0.15,0.05,0.1,0.05,0.05
arithmetic,1134,0.0,traditional_ppo,3,core_learning_training_aware,0.5054102595944483,0.35,0.25,0.15,0.05,0.1,0.05,0.05
geometric,1134,1.0,a2c_pointer,1,core_learning_training_aware,0.5901333182910462,0.35,0.25,0.15,0.05,0.1,0.05,0.05
arithmetic,1134,1.0,a2c_pointer,1,core_learning_training_aware,0.6276926651231265,0.35,0.25,0.15,0.05,0.1,0.05,0.05
geometric,1135,0.0,full,2,core_learning_training_aware,0.6062785627250824,0.35,0.25,0.15,0.1,0.05,0.05,0.05
arithmetic,1135,1.0,full,1,core_learning_training_aware,0.6478432449474955,0.35,0.25,0.15,0.1,0.05,0.05,0.05
geometric,1135,0.0,traditional_ppo,3,core_learning_training_aware,0.4508492799388877,0.35,0.25,0.15,0.1,0.05,0.05,0.05
arithmetic,1135,0.0,traditional_ppo,3,core_learning_training_aware,0.5210129910842334,0.35,0.25,0.15,0.1,0.05,0.05,0.05
geometric,1135,1.0,a2c_pointer,1,core_learning_training_aware,0.6071152811707735,0.35,0.25,0.15,0.1,0.05,0.05,0.05
arithmetic,1135,0.0,a2c_pointer,2,core_learning_training_aware,0.6473238453929105,0.35,0.25,0.15,0.1,0.05,0.05,0.05
geometric,1136,0.0,full,2,core_learning_training_aware,0.606443901486061,0.35,0.25,0.2,0.05,0.05,0.05,0.05
arithmetic,1136,0.0,full,2,core_learning_training_aware,0.6480951240736715,0.35,0.25,0.2,0.05,0.05,0.05,0.05
geometric,1136,0.0,traditional_ppo,3,core_learning_training_aware,0.45043035705479817,0.35,0.25,0.2,0.05,0.05,0.05,0.05
arithmetic,1136,0.0,traditional_ppo,3,core_learning_training_aware,0.5201411691019117,0.35,0.25,0.2,0.05,0.05,0.05,0.05
geometric,1136,1.0,a2c_pointer,1,core_learning_training_aware,0.607767778460834,0.35,0.25,0.2,0.05,0.05,0.05,0.05
arithmetic,1136,1.0,a2c_pointer,1,core_learning_training_aware,0.6483083810322018,0.35,0.25,0.2,0.05,0.05,0.05,0.05
geometric,1137,1.0,full,1,core_learning_training_aware,0.6888099859727,0.4,0.1,0.1,0.05,0.05,0.1,0.2
arithmetic,1137,1.0,full,1,core_learning_training_aware,0.724494192369567,0.4,0.1,0.1,0.05,0.05,0.1,0.2
geometric,1137,0.0,traditional_ppo,3,core_learning_training_aware,0.3842197015636781,0.4,0.1,0.1,0.05,0.05,0.1,0.2
arithmetic,1137,0.0,traditional_ppo,3,core_learning_training_aware,0.4640325108943536,0.4,0.1,0.1,0.05,0.05,0.1,0.2
geometric,1137,0.0,a2c_pointer,2,core_learning_training_aware,0.687940873569563,0.4,0.1,0.1,0.05,0.05,0.1,0.2
arithmetic,1137,0.0,a2c_pointer,2,core_learning_training_aware,0.7213158574541704,0.4,0.1,0.1,0.05,0.05,0.1,0.2
geometric,1138,1.0,full,1,core_learning_training_aware,0.6895390159147791,0.4,0.1,0.1,0.05,0.05,0.15,0.15
arithmetic,1138,1.0,full,1,core_learning_training_aware,0.7255262922165737,0.4,0.1,0.1,0.05,0.05,0.15,0.15
geometric,1138,0.0,traditional_ppo,3,core_learning_training_aware,0.4183685858540513,0.4,0.1,0.1,0.05,0.05,0.15,0.15
arithmetic,1138,0.0,traditional_ppo,3,core_learning_training_aware,0.5043621235631885,0.4,0.1,0.1,0.05,0.05,0.15,0.15
geometric,1138,0.0,a2c_pointer,2,core_learning_training_aware,0.6887831693356674,0.4,0.1,0.1,0.05,0.05,0.15,0.15
arithmetic,1138,0.0,a2c_pointer,2,core_learning_training_aware,0.7224884807953644,0.4,0.1,0.1,0.05,0.05,0.15,0.15
geometric,1139,1.0,full,1,core_learning_training_aware,0.6902688174552195,0.4,0.1,0.1,0.05,0.05,0.2,0.1
arithmetic,1139,1.0,full,1,core_learning_training_aware,0.7265583920635804,0.4,0.1,0.1,0.05,0.05,0.2,0.1
geometric,1139,0.0,traditional_ppo,3,core_learning_training_aware,0.45555257296068147,0.4,0.1,0.1,0.05,0.05,0.2,0.1
arithmetic,1139,0.0,traditional_ppo,3,core_learning_training_aware,0.5446917362320235,0.4,0.1,0.1,0.05,0.05,0.2,0.1
geometric,1139,0.0,a2c_pointer,2,core_learning_training_aware,0.6896264963853964,0.4,0.1,0.1,0.05,0.05,0.2,0.1
arithmetic,1139,0.0,a2c_pointer,2,core_learning_training_aware,0.7236611041365585,0.4,0.1,0.1,0.05,0.05,0.2,0.1
geometric,1140,0.0,full,2,core_learning_training_aware,0.6661932117882577,0.4,0.1,0.1,0.05,0.1,0.05,0.2
arithmetic,1140,1.0,full,1,core_learning_training_aware,0.7004783463758222,0.4,0.1,0.1,0.05,0.1,0.05,0.2
geometric,1140,0.0,traditional_ppo,3,core_learning_training_aware,0.3758400293827858,0.4,0.1,0.1,0.05,0.1,0.05,0.2
arithmetic,1140,0.0,traditional_ppo,3,core_learning_training_aware,0.4464471538987602,0.4,0.1,0.1,0.05,0.1,0.05,0.2
geometric,1140,1.0,a2c_pointer,1,core_learning_training_aware,0.666443856350089,0.4,0.1,0.1,0.05,0.1,0.05,0.2
arithmetic,1140,0.0,a2c_pointer,2,core_learning_training_aware,0.6985170517089377,0.4,0.1,0.1,0.05,0.1,0.05,0.2
geometric,1141,0.0,full,2,core_learning_training_aware,0.6668983043515103,0.4,0.1,0.1,0.05,0.1,0.1,0.15
arithmetic,1141,1.0,full,1,core_learning_training_aware,0.7015104462228289,0.4,0.1,0.1,0.05,0.1,0.1,0.15
geometric,1141,0.0,traditional_ppo,3,core_learning_training_aware,0.4092441406838199,0.4,0.1,0.1,0.05,0.1,0.1,0.15
arithmetic,1141,0.0,traditional_ppo,3,core_learning_training_aware,0.4867767665675953,0.4,0.1,0.1,0.05,0.1,0.1,0.15
geometric,1141,1.0,a2c_pointer,1,core_learning_training_aware,0.6672598317632625,0.4,0.1,0.1,0.05,0.1,0.1,0.15
arithmetic,1141,0.0,a2c_pointer,2,core_learning_training_aware,0.6996896750501319,0.4,0.1,0.1,0.05,0.1,0.1,0.15
geometric,1142,0.0,full,2,core_learning_training_aware,0.6676041431780299,0.4,0.1,0.1,0.05,0.1,0.15,0.1
arithmetic,1142,1.0,full,1,core_learning_training_aware,0.7025425460698356,0.4,0.1,0.1,0.05,0.1,0.15,0.1
geometric,1142,0.0,traditional_ppo,3,core_learning_training_aware,0.4456171604687224,0.4,0.1,0.1,0.05,0.1,0.15,0.1
arithmetic,1142,0.0,traditional_ppo,3,core_learning_training_aware,0.5271063792364302,0.4,0.1,0.1,0.05,0.1,0.15,0.1
geometric,1142,1.0,a2c_pointer,1,core_learning_training_aware,0.668076806234149,0.4,0.1,0.1,0.05,0.1,0.15,0.1
arithmetic,1142,0.0,a2c_pointer,2,core_learning_training_aware,0.700862298391326,0.4,0.1,0.1,0.05,0.1,0.15,0.1
geometric,1143,0.0,full,2,core_learning_training_aware,0.6683107290576547,0.4,0.1,0.1,0.05,0.1,0.2,0.05
arithmetic,1143,1.0,full,1,core_learning_training_aware,0.7035746459168424,0.4,0.1,0.1,0.05,0.1,0.2,0.05
geometric,1143,0.0,traditional_ppo,3,core_learning_training_aware,0.48522296097484,0.4,0.1,0.1,0.05,0.1,0.2,0.05
arithmetic,1143,0.0,traditional_ppo,3,core_learning_training_aware,0.5674359919052654,0.4,0.1,0.1,0.05,0.1,0.2,0.05
geometric,1143,1.0,a2c_pointer,1,core_learning_training_aware,0.668894780985967,0.4,0.1,0.1,0.05,0.1,0.2,0.05
arithmetic,1143,0.0,a2c_pointer,2,core_learning_training_aware,0.7020349217325201,0.4,0.1,0.1,0.05,0.1,0.2,0.05
geometric,1144,0.0,full,2,core_learning_training_aware,0.645000990635586,0.4,0.1,0.1,0.05,0.15,0.05,0.15
arithmetic,1144,1.0,full,1,core_learning_training_aware,0.6774946002290839,0.4,0.1,0.1,0.05,0.15,0.05,0.15
geometric,1144,0.0,traditional_ppo,3,core_learning_training_aware,0.40031869587470464,0.4,0.1,0.1,0.05,0.15,0.05,0.15
arithmetic,1144,0.0,traditional_ppo,3,core_learning_training_aware,0.46919140957200195,0.4,0.1,0.1,0.05,0.15,0.05,0.15
geometric,1144,1.0,a2c_pointer,1,core_learning_training_aware,0.6464090629772037,0.4,0.1,0.1,0.05,0.15,0.05,0.15
arithmetic,1144,0.0,a2c_pointer,2,core_learning_training_aware,0.6768908693048993,0.4,0.1,0.1,0.05,0.15,0.05,0.15
geometric,1145,0.0,full,2,core_learning_training_aware,0.6456836535534006,0.4,0.1,0.1,0.05,0.15,0.1,0.1
arithmetic,1145,1.0,full,1,core_learning_training_aware,0.6785267000760906,0.4,0.1,0.1,0.05,0.15,0.1,0.1
geometric,1145,0.0,traditional_ppo,3,core_learning_training_aware,0.4358984351984903,0.4,0.1,0.1,0.05,0.15,0.1,0.1
arithmetic,1145,0.0,traditional_ppo,3,core_learning_training_aware,0.509521022240837,0.4,0.1,0.1,0.05,0.15,0.1,0.1
geometric,1145,1.0,a2c_pointer,1,core_learning_training_aware,0.6472005083438557,0.4,0.1,0.1,0.05,0.15,0.1,0.1
arithmetic,1145,0.0,a2c_pointer,2,core_learning_training_aware,0.6780634926460936,0.4,0.1,0.1,0.05,0.15,0.1,0.1
geometric,1146,0.0,full,2,core_learning_training_aware,0.6463670389951589,0.4,0.1,0.1,0.05,0.15,0.15,0.05
arithmetic,1146,1.0,full,1,core_learning_training_aware,0.6795587999230974,0.4,0.1,0.1,0.05,0.15,0.15,0.05
geometric,1146,0.0,traditional_ppo,3,core_learning_training_aware,0.4746404496380621,0.4,0.1,0.1,0.05,0.15,0.15,0.05
arithmetic,1146,0.0,traditional_ppo,3,core_learning_training_aware,0.549850634909672,0.4,0.1,0.1,0.05,0.15,0.15,0.05
geometric,1146,1.0,a2c_pointer,1,core_learning_training_aware,0.6479929227343105,0.4,0.1,0.1,0.05,0.15,0.15,0.05
arithmetic,1146,0.0,a2c_pointer,2,core_learning_training_aware,0.6792361159872876,0.4,0.1,0.1,0.05,0.15,0.15,0.05
geometric,1147,1.0,full,1,core_learning_training_aware,0.68647237980693,0.4,0.1,0.1,0.1,0.05,0.05,0.2
arithmetic,1147,1.0,full,1,core_learning_training_aware,0.7212536226351407,0.4,0.1,0.1,0.1,0.05,0.05,0.2
geometric,1147,0.0,traditional_ppo,3,core_learning_training_aware,0.383432149949273,0.4,0.1,0.1,0.1,0.05,0.05,0.2
arithmetic,1147,0.0,traditional_ppo,3,core_learning_training_aware,0.4620498853885453,0.4,0.1,0.1,0.1,0.05,0.05,0.2
geometric,1147,0.0,a2c_pointer,2,core_learning_training_aware,0.685621768322139,0.4,0.1,0.1,0.1,0.05,0.05,0.2
arithmetic,1147,0.0,a2c_pointer,2,core_learning_training_aware,0.7181482319787218,0.4,0.1,0.1,0.1,0.05,0.05,0.2
geometric,1148,1.0,full,1,core_learning_training_aware,0.6871989356488619,0.4,0.1,0.1,0.1,0.05,0.1,0.15
arithmetic,1148,1.0,full,1,core_learning_training_aware,0.7222857224821474,0.4,0.1,0.1,0.1,0.05,0.1,0.15
geometric,1148,0.0,traditional_ppo,3,core_learning_training_aware,0.41751103780572163,0.4,0.1,0.1,0.1,0.05,0.1,0.15
arithmetic,1148,0.0,traditional_ppo,3,core_learning_training_aware,0.5023794980573804,0.4,0.1,0.1,0.1,0.05,0.1,0.15
geometric,1148,0.0,a2c_pointer,2,core_learning_training_aware,0.6864612246399621,0.4,0.1,0.1,0.1,0.05,0.1,0.15
arithmetic,1148,0.0,a2c_pointer,2,core_learning_training_aware,0.7193208553199159,0.4,0.1,0.1,0.1,0.05,0.1,0.15
geometric,1149,1.0,full,1,core_learning_training_aware,0.6879262604705911,0.4,0.1,0.1,0.1,0.05,0.15,0.1
arithmetic,1149,1.0,full,1,core_learning_training_aware,0.7233178223291541,0.4,0.1,0.1,0.1,0.05,0.15,0.1
geometric,1149,0.0,traditional_ppo,3,core_learning_training_aware,0.454618807297907,0.4,0.1,0.1,0.1,0.05,0.15,0.1
arithmetic,1149,0.0,traditional_ppo,3,core_learning_training_aware,0.5427091107262153,0.4,0.1,0.1,0.1,0.05,0.15,0.1
geometric,1149,0.0,a2c_pointer,2,core_learning_training_aware,0.6873017087648678,0.4,0.1,0.1,0.1,0.05,0.15,0.1
arithmetic,1149,0.0,a2c_pointer,2,core_learning_training_aware,0.7204934786611101,0.4,0.1,0.1,0.1,0.05,0.15,0.1
geometric,1150,1.0,full,1,core_learning_training_aware,0.6886543550859985,0.4,0.1,0.1,0.1,0.05,0.2,0.05
arithmetic,1150,1.0,full,1,core_learning_training_aware,0.7243499221761609,0.4,0.1,0.1,0.1,0.05,0.2,0.05
geometric,1150,0.0,traditional_ppo,3,core_learning_training_aware,0.4950246609890685,0.4,0.1,0.1,0.1,0.05,0.2,0.05
arithmetic,1150,0.0,traditional_ppo,3,core_learning_training_aware,0.5830387233950505,0.4,0.1,0.1,0.1,0.05,0.2,0.05
geometric,1150,0.0,a2c_pointer,2,core_learning_training_aware,0.6881432219552748,0.4,0.1,0.1,0.1,0.05,0.2,0.05
arithmetic,1150,0.0,a2c_pointer,2,core_learning_training_aware,0.7216661020023042,0.4,0.1,0.1,0.1,0.05,0.2,0.05
geometric,1151,0.0,full,2,core_learning_training_aware,0.6646350595961482,0.4,0.1,0.1,0.1,0.1,0.05,0.15
arithmetic,1151,1.0,full,1,core_learning_training_aware,0.6982698764884024,0.4,0.1,0.1,0.1,0.1,0.05,0.15
geometric,1151,0.0,traditional_ppo,3,core_learning_training_aware,0.4084052954024102,0.4,0.1,0.1,0.1,0.1,0.05,0.15
arithmetic,1151,0.0,traditional_ppo,3,core_learning_training_aware,0.48479414106178703,0.4,0.1,0.1,0.1,0.1,0.05,0.15
geometric,1151,1.0,a2c_pointer,1,core_learning_training_aware,0.6650104440081663,0.4,0.1,0.1,0.1,0.1,0.05,0.15
arithmetic,1151,0.0,a2c_pointer,2,core_learning_training_aware,0.6965220495746833,0.4,0.1,0.1,0.1,0.1,0.05,0.15
geometric,1152,0.0,full,2,core_learning_training_aware,0.6653385030259308,0.4,0.1,0.1,0.1,0.1,0.1,0.1
arithmetic,1152,1.0,full,1,core_learning_training_aware,0.6993019763354092,0.4,0.1,0.1,0.1,0.1,0.1,0.1
geometric,1152,0.0,traditional_ppo,3,core_learning_training_aware,0.44470375984739685,0.4,0.1,0.1,0.1,0.1,0.1,0.1
arithmetic,1152,0.0,traditional_ppo,3,core_learning_training_aware,0.5251237537306221,0.4,0.1,0.1,0.1,0.1,0.1,0.1
geometric,1152,1.0,a2c_pointer,1,core_learning_training_aware,0.6658246643909397,0.4,0.1,0.1,0.1,0.1,0.1,0.1
arithmetic,1152,0.0,a2c_pointer,2,core_learning_training_aware,0.6976946729158776,0.4,0.1,0.1,0.1,0.1,0.1,0.1
geometric,1153,0.0,full,2,core_learning_training_aware,0.6660426909735532,0.4,0.1,0.1,0.1,0.1,0.15,0.05
arithmetic,1153,1.0,full,1,core_learning_training_aware,0.7003340761824159,0.4,0.1,0.1,0.1,0.1,0.15,0.05
geometric,1153,0.0,traditional_ppo,3,core_learning_training_aware,0.4842283786441918,0.4,0.1,0.1,0.1,0.1,0.15,0.05
arithmetic,1153,0.0,traditional_ppo,3,core_learning_training_aware,0.5654533663994571,0.4,0.1,0.1,0.1,0.1,0.15,0.05
geometric,1153,1.0,a2c_pointer,1,core_learning_training_aware,0.6666398816826153,0.4,0.1,0.1,0.1,0.1,0.15,0.05
arithmetic,1153,0.0,a2c_pointer,2,core_learning_training_aware,0.6988672962570717,0.4,0.1,0.1,0.1,0.1,0.15,0.05
geometric,1154,0.0,full,2,core_learning_training_aware,0.6434924047033249,0.4,0.1,0.1,0.1,0.15,0.05,0.1
arithmetic,1154,1.0,full,1,core_learning_training_aware,0.6752861303416643,0.4,0.1,0.1,0.1,0.15,0.05,0.1
geometric,1154,0.0,traditional_ppo,3,core_learning_training_aware,0.4350049554655144,0.4,0.1,0.1,0.1,0.15,0.05,0.1
arithmetic,1154,0.0,traditional_ppo,3,core_learning_training_aware,0.5075383967350288,0.4,0.1,0.1,0.1,0.15,0.05,0.1
geometric,1154,1.0,a2c_pointer,1,core_learning_training_aware,0.6450187422172875,0.4,0.1,0.1,0.1,0.15,0.05,0.1
arithmetic,1154,0.0,a2c_pointer,2,core_learning_training_aware,0.6748958671706449,0.4,0.1,0.1,0.1,0.15,0.05,0.1
geometric,1155,0.0,full,2,core_learning_training_aware,0.6441734709481278,0.4,0.1,0.1,0.1,0.15,0.1,0.05
arithmetic,1155,1.0,full,1,core_learning_training_aware,0.676318230188671,0.4,0.1,0.1,0.1,0.15,0.1,0.05
geometric,1155,0.0,traditional_ppo,3,core_learning_training_aware,0.4736675587351409,0.4,0.1,0.1,0.1,0.15,0.1,0.05
arithmetic,1155,0.0,traditional_ppo,3,core_learning_training_aware,0.5478680094038638,0.4,0.1,0.1,0.1,0.15,0.1,0.05
geometric,1155,1.0,a2c_pointer,1,core_learning_training_aware,0.6458084853136796,0.4,0.1,0.1,0.1,0.15,0.1,0.05
arithmetic,1155,0.0,a2c_pointer,2,core_learning_training_aware,0.676068490511839,0.4,0.1,0.1,0.1,0.15,0.1,0.05
geometric,1156,1.0,full,1,core_learning_training_aware,0.6848667968852014,0.4,0.1,0.1,0.15,0.05,0.05,0.15
arithmetic,1156,1.0,full,1,core_learning_training_aware,0.7190451527477211,0.4,0.1,0.1,0.15,0.05,0.05,0.15
geometric,1156,0.0,traditional_ppo,3,core_learning_training_aware,0.4166552475104358,0.4,0.1,0.1,0.15,0.05,0.05,0.15
arithmetic,1156,0.0,traditional_ppo,3,core_learning_training_aware,0.5003968725515722,0.4,0.1,0.1,0.15,0.05,0.05,0.15
geometric,1156,0.0,a2c_pointer,2,core_learning_training_aware,0.6841471074107366,0.4,0.1,0.1,0.15,0.05,0.05,0.15
arithmetic,1156,0.0,a2c_pointer,2,core_learning_training_aware,0.7161532298444674,0.4,0.1,0.1,0.15,0.05,0.05,0.15
geometric,1157,1.0,full,1,core_learning_training_aware,0.68559165339343,0.4,0.1,0.1,0.15,0.05,0.1,0.1
arithmetic,1157,1.0,full,1,core_learning_training_aware,0.7200772525947279,0.4,0.1,0.1,0.15,0.05,0.1,0.1
geometric,1157,0.0,traditional_ppo,3,core_learning_training_aware,0.4536869556146923,0.4,0.1,0.1,0.15,0.05,0.1,0.1
arithmetic,1157,0.0,traditional_ppo,3,core_learning_training_aware,0.5407264852204071,0.4,0.1,0.1,0.15,0.05,0.1,0.1
geometric,1157,0.0,a2c_pointer,2,core_learning_training_aware,0.6849847581945525,0.4,0.1,0.1,0.15,0.05,0.1,0.1
arithmetic,1157,0.0,a2c_pointer,2,core_learning_training_aware,0.7173258531856617,0.4,0.1,0.1,0.15,0.05,0.1,0.1
geometric,1158,1.0,full,1,core_learning_training_aware,0.686317277082897,0.4,0.1,0.1,0.15,0.05,0.15,0.05
arithmetic,1158,1.0,full,1,core_learning_training_aware,0.7211093524417345,0.4,0.1,0.1,0.15,0.05,0.15,0.05
geometric,1158,0.0,traditional_ppo,3,core_learning_training_aware,0.4940099876931765,0.4,0.1,0.1,0.15,0.05,0.15,0.05
arithmetic,1158,0.0,traditional_ppo,3,core_learning_training_aware,0.5810560978892422,0.4,0.1,0.1,0.15,0.05,0.15,0.05
geometric,1158,0.0,a2c_pointer,2,core_learning_training_aware,0.6858234345748053,0.4,0.1,0.1,0.15,0.05,0.15,0.05
arithmetic,1158,0.0,a2c_pointer,2,core_learning_training_aware,0.7184984765268557,0.4,0.1,0.1,0.15,0.05,0.15,0.05
geometric,1159,0.0,full,2,core_learning_training_aware,0.6630805517495693,0.4,0.1,0.1,0.15,0.1,0.05,0.1
arithmetic,1159,1.0,full,1,core_learning_training_aware,0.6960614066009828,0.4,0.1,0.1,0.15,0.1,0.05,0.1
geometric,1159,0.0,traditional_ppo,3,core_learning_training_aware,0.44379223146253155,0.4,0.1,0.1,0.15,0.1,0.05,0.1
arithmetic,1159,0.0,traditional_ppo,3,core_learning_training_aware,0.5231411282248137,0.4,0.1,0.1,0.15,0.1,0.05,0.1
geometric,1159,1.0,a2c_pointer,1,core_learning_training_aware,0.6635801147030553,0.4,0.1,0.1,0.15,0.1,0.05,0.1
arithmetic,1159,0.0,a2c_pointer,2,core_learning_training_aware,0.694527047440429,0.4,0.1,0.1,0.15,0.1,0.05,0.1
geometric,1160,0.0,full,2,core_learning_training_aware,0.6637823499030224,0.4,0.1,0.1,0.15,0.1,0.1,0.05
arithmetic,1160,1.0,full,1,core_learning_training_aware,0.6970935064479895,0.4,0.1,0.1,0.15,0.1,0.1,0.05
geometric,1160,0.0,traditional_ppo,3,core_learning_training_aware,0.4832358349516379,0.4,0.1,0.1,0.15,0.1,0.1,0.05
arithmetic,1160,0.0,traditional_ppo,3,core_learning_training_aware,0.5634707408936489,0.4,0.1,0.1,0.15,0.1,0.1,0.05
geometric,1160,1.0,a2c_pointer,1,core_learning_training_aware,0.6643925838302134,0.4,0.1,0.1,0.15,0.1,0.1,0.05
arithmetic,1160,0.0,a2c_pointer,2,core_learning_training_aware,0.6956996707816232,0.4,0.1,0.1,0.15,0.1,0.1,0.05
geometric,1161,0.0,full,2,core_learning_training_aware,0.6419873471865982,0.4,0.1,0.1,0.15,0.15,0.05,0.05
arithmetic,1161,1.0,full,1,core_learning_training_aware,0.6730776604542447,0.4,0.1,0.1,0.15,0.15,0.05,0.05
geometric,1161,0.0,traditional_ppo,3,core_learning_training_aware,0.4726966620084635,0.4,0.1,0.1,0.15,0.15,0.05,0.05
arithmetic,1161,0.0,traditional_ppo,3,core_learning_training_aware,0.5458853838980555,0.4,0.1,0.1,0.15,0.15,0.05,0.05
geometric,1161,1.0,a2c_pointer,1,core_learning_training_aware,0.6436314118111985,0.4,0.1,0.1,0.15,0.15,0.05,0.05
arithmetic,1161,0.0,a2c_pointer,2,core_learning_training_aware,0.6729008650363906,0.4,0.1,0.1,0.15,0.15,0.05,0.05
geometric,1162,1.0,full,1,core_learning_training_aware,0.6866595882944165,0.4,0.1,0.15,0.05,0.05,0.05,0.2
arithmetic,1162,1.0,full,1,core_learning_training_aware,0.7215055017613168,0.4,0.1,0.15,0.05,0.05,0.05,0.2
geometric,1162,0.0,traditional_ppo,3,core_learning_training_aware,0.3830758701252681,0.4,0.1,0.15,0.05,0.05,0.05,0.2
arithmetic,1162,0.0,traditional_ppo,3,core_learning_training_aware,0.4611780634062236,0.4,0.1,0.15,0.05,0.05,0.05,0.2
geometric,1162,0.0,a2c_pointer,2,core_learning_training_aware,0.6863586404775787,0.4,0.1,0.15,0.05,0.05,0.05,0.2
arithmetic,1162,0.0,a2c_pointer,2,core_learning_training_aware,0.719132767618013,0.4,0.1,0.15,0.05,0.05,0.05,0.2
geometric,1163,1.0,full,1,core_learning_training_aware,0.6873863422760321,0.4,0.1,0.15,0.05,0.05,0.1,0.15
arithmetic,1163,1.0,full,1,core_learning_training_aware,0.7225376016083236,0.4,0.1,0.15,0.05,0.05,0.1,0.15
geometric,1163,0.0,traditional_ppo,3,core_learning_training_aware,0.41712309235281886,0.4,0.1,0.15,0.05,0.05,0.1,0.15
arithmetic,1163,0.0,traditional_ppo,3,core_learning_training_aware,0.5015076760750588,0.4,0.1,0.15,0.05,0.05,0.1,0.15
geometric,1163,0.0,a2c_pointer,2,core_learning_training_aware,0.687198999001275,0.4,0.1,0.15,0.05,0.05,0.1,0.15
arithmetic,1163,0.0,a2c_pointer,2,core_learning_training_aware,0.7203053909592073,0.4,0.1,0.15,0.05,0.05,0.1,0.15
geometric,1164,1.0,full,1,core_learning_training_aware,0.6881138654471544,0.4,0.1,0.15,0.05,0.05,0.15,0.1
arithmetic,1164,1.0,full,1,core_learning_training_aware,0.7235697014553302,0.4,0.1,0.15,0.05,0.05,0.15,0.1
geometric,1164,0.0,traditional_ppo,3,core_learning_training_aware,0.4541963818213922,0.4,0.1,0.15,0.05,0.05,0.15,0.1
arithmetic,1164,0.0,traditional_ppo,3,core_learning_training_aware,0.5418372887438936,0.4,0.1,0.15,0.05,0.05,0.15,0.1
geometric,1164,0.0,a2c_pointer,2,core_learning_training_aware,0.6880403864366902,0.4,0.1,0.15,0.05,0.05,0.15,0.1
arithmetic,1164,0.0,a2c_pointer,2,core_learning_training_aware,0.7214780143004013,0.4,0.1,0.15,0.05,0.05,0.15,0.1
geometric,1165,0.0,full,2,core_learning_training_aware,0.6888421586218857,0.4,0.1,0.15,0.05,0.05,0.2,0.05
arithmetic,1165,1.0,full,1,core_learning_training_aware,0.7246018013023369,0.4,0.1,0.15,0.05,0.05,0.2,0.05
geometric,1165,0.0,traditional_ppo,3,core_learning_training_aware,0.49456469095494743,0.4,0.1,0.15,0.05,0.05,0.2,0.05
arithmetic,1165,0.0,traditional_ppo,3,core_learning_training_aware,0.5821669014127288,0.4,0.1,0.15,0.05,0.05,0.2,0.05
geometric,1165,1.0,a2c_pointer,1,core_learning_training_aware,0.6888828040435949,0.4,0.1,0.15,0.05,0.05,0.2,0.05
arithmetic,1165,0.0,a2c_pointer,2,core_learning_training_aware,0.7226506376415954,0.4,0.1,0.15,0.05,0.05,0.2,0.05
geometric,1166,0.0,full,2,core_learning_training_aware,0.6648163128088012,0.4,0.1,0.15,0.05,0.1,0.05,0.15
arithmetic,1166,1.0,full,1,core_learning_training_aware,0.6985217556145786,0.4,0.1,0.15,0.05,0.1,0.05,0.15
geometric,1166,0.0,traditional_ppo,3,core_learning_training_aware,0.40802581087877826,0.4,0.1,0.15,0.05,0.1,0.05,0.15
arithmetic,1166,0.0,traditional_ppo,3,core_learning_training_aware,0.4839223190794654,0.4,0.1,0.15,0.05,0.1,0.05,0.15
geometric,1166,1.0,a2c_pointer,1,core_learning_training_aware,0.6657251641379915,0.4,0.1,0.15,0.05,0.1,0.05,0.15
arithmetic,1166,0.0,a2c_pointer,2,core_learning_training_aware,0.6975065852139747,0.4,0.1,0.15,0.05,0.1,0.05,0.15
geometric,1167,0.0,full,2,core_learning_training_aware,0.6655199480752612,0.4,0.1,0.15,0.05,0.1,0.1,0.1
arithmetic,1167,1.0,full,1,core_learning_training_aware,0.6995538554615854,0.4,0.1,0.15,0.05,0.1,0.1,0.1
geometric,1167,0.0,traditional_ppo,3,core_learning_training_aware,0.4442905472951534,0.4,0.1,0.15,0.05,0.1,0.1,0.1
arithmetic,1167,0.0,traditional_ppo,3,core_learning_training_aware,0.5242519317483004,0.4,0.1,0.15,0.05,0.1,0.1,0.1
geometric,1167,1.0,a2c_pointer,1,core_learning_training_aware,0.6665402596043112,0.4,0.1,0.15,0.05,0.1,0.1,0.1
arithmetic,1167,0.0,a2c_pointer,2,core_learning_training_aware,0.698679208555169,0.4,0.1,0.15,0.05,0.1,0.1,0.1
geometric,1168,0.0,full,2,core_learning_training_aware,0.6662243280625992,0.4,0.1,0.15,0.05,0.1,0.15,0.05
arithmetic,1168,1.0,full,1,core_learning_training_aware,0.700585955308592,0.4,0.1,0.15,0.05,0.1,0.15,0.05
geometric,1168,0.0,traditional_ppo,3,core_learning_training_aware,0.4837784403655567,0.4,0.1,0.15,0.05,0.1,0.15,0.05
arithmetic,1168,0.0,traditional_ppo,3,core_learning_training_aware,0.5645815444171355,0.4,0.1,0.15,0.05,0.1,0.15,0.05
geometric,1168,1.0,a2c_pointer,1,core_learning_training_aware,0.6673563530509612,0.4,0.1,0.15,0.05,0.1,0.15,0.05
arithmetic,1168,0.0,a2c_pointer,2,core_learning_training_aware,0.699851831896363,0.4,0.1,0.15,0.05,0.1,0.15,0.05
geometric,1169,0.0,full,2,core_learning_training_aware,0.6436678920839353,0.4,0.1,0.15,0.05,0.15,0.05,0.1
arithmetic,1169,0.0,full,2,core_learning_training_aware,0.6755380094678404,0.4,0.1,0.15,0.05,0.15,0.05,0.1
geometric,1169,0.0,traditional_ppo,3,core_learning_training_aware,0.4346007549074886,0.4,0.1,0.15,0.05,0.15,0.05,0.1
arithmetic,1169,0.0,traditional_ppo,3,core_learning_training_aware,0.506666574752707,0.4,0.1,0.15,0.05,0.15,0.05,0.1
geometric,1169,1.0,a2c_pointer,1,core_learning_training_aware,0.6457119762609496,0.4,0.1,0.15,0.05,0.15,0.05,0.1
arithmetic,1169,1.0,a2c_pointer,1,core_learning_training_aware,0.6758804028099362,0.4,0.1,0.15,0.05,0.15,0.05,0.1
geometric,1170,0.0,full,2,core_learning_training_aware,0.6443491440629137,0.4,0.1,0.15,0.05,0.15,0.1,0.05
arithmetic,1170,0.0,full,2,core_learning_training_aware,0.6765701093148473,0.4,0.1,0.15,0.05,0.15,0.1,0.05
geometric,1170,0.0,traditional_ppo,3,core_learning_training_aware,0.47322743342356927,0.4,0.1,0.15,0.05,0.15,0.1,0.05
arithmetic,1170,0.0,traditional_ppo,3,core_learning_training_aware,0.5469961874215422,0.4,0.1,0.15,0.05,0.15,0.1,0.05
geometric,1170,1.0,a2c_pointer,1,core_learning_training_aware,0.6465025681339186,0.4,0.1,0.15,0.05,0.15,0.1,0.05
arithmetic,1170,1.0,a2c_pointer,1,core_learning_training_aware,0.6770530261511305,0.4,0.1,0.15,0.05,0.15,0.1,0.05
geometric,1171,1.0,full,1,core_learning_training_aware,0.6850535675127547,0.4,0.1,0.15,0.1,0.05,0.05,0.15
arithmetic,1171,1.0,full,1,core_learning_training_aware,0.7192970318738972,0.4,0.1,0.15,0.1,0.05,0.05,0.15
geometric,1171,0.0,traditional_ppo,3,core_learning_training_aware,0.4162680972459799,0.4,0.1,0.15,0.1,0.05,0.05,0.15
arithmetic,1171,0.0,traditional_ppo,3,core_learning_training_aware,0.4995250505692505,0.4,0.1,0.15,0.1,0.05,0.05,0.15
geometric,1171,0.0,a2c_pointer,2,core_learning_training_aware,0.6848823946740177,0.4,0.1,0.15,0.1,0.05,0.05,0.15
arithmetic,1171,0.0,a2c_pointer,2,core_learning_training_aware,0.7171377654837587,0.4,0.1,0.15,0.1,0.05,0.05,0.15
geometric,1172,1.0,full,1,core_learning_training_aware,0.6857786216972402,0.4,0.1,0.15,0.1,0.05,0.1,0.1
arithmetic,1172,1.0,full,1,core_learning_training_aware,0.720329131720904,0.4,0.1,0.15,0.1,0.05,0.1,0.1
geometric,1172,0.0,traditional_ppo,3,core_learning_training_aware,0.45326539600180865,0.4,0.1,0.15,0.1,0.05,0.1,0.1
arithmetic,1172,0.0,traditional_ppo,3,core_learning_training_aware,0.5398546632380855,0.4,0.1,0.15,0.1,0.05,0.1,0.1
geometric,1172,0.0,a2c_pointer,2,core_learning_training_aware,0.685720945723209,0.4,0.1,0.15,0.1,0.05,0.1,0.1
arithmetic,1172,0.0,a2c_pointer,2,core_learning_training_aware,0.7183103888249529,0.4,0.1,0.15,0.1,0.05,0.1,0.1
geometric,1173,0.0,full,2,core_learning_training_aware,0.686504443272183,0.4,0.1,0.15,0.1,0.05,0.15,0.05
arithmetic,1173,1.0,full,1,core_learning_training_aware,0.7213612315679105,0.4,0.1,0.15,0.1,0.05,0.15,0.05
geometric,1173,0.0,traditional_ppo,3,core_learning_training_aware,0.4935509604793779,0.4,0.1,0.15,0.1,0.05,0.15,0.05
arithmetic,1173,0.0,traditional_ppo,3,core_learning_training_aware,0.5801842759069206,0.4,0.1,0.15,0.1,0.05,0.15,0.05
geometric,1173,1.0,a2c_pointer,1,core_learning_training_aware,0.6865605234710971,0.4,0.1,0.15,0.1,0.05,0.15,0.05
arithmetic,1173,0.0,a2c_pointer,2,core_learning_training_aware,0.7194830121661471,0.4,0.1,0.15,0.1,0.05,0.15,0.05
geometric,1174,0.0,full,2,core_learning_training_aware,0.6632613810310177,0.4,0.1,0.15,0.1,0.1,0.05,0.1
arithmetic,1174,1.0,full,1,core_learning_training_aware,0.696313285727159,0.4,0.1,0.15,0.1,0.1,0.05,0.1
geometric,1174,0.0,traditional_ppo,3,core_learning_training_aware,0.4433798658897929,0.4,0.1,0.15,0.1,0.1,0.05,0.1
arithmetic,1174,0.0,traditional_ppo,3,core_learning_training_aware,0.5222693062424921,0.4,0.1,0.15,0.1,0.1,0.05,0.1
geometric,1174,1.0,a2c_pointer,1,core_learning_training_aware,0.6642932975861262,0.4,0.1,0.15,0.1,0.1,0.05,0.1
arithmetic,1174,0.0,a2c_pointer,2,core_learning_training_aware,0.6955115830797203,0.4,0.1,0.15,0.1,0.1,0.05,0.1
geometric,1175,0.0,full,2,core_learning_training_aware,0.6639633705724637,0.4,0.1,0.15,0.1,0.1,0.1,0.05
arithmetic,1175,1.0,full,1,core_learning_training_aware,0.6973453855741658,0.4,0.1,0.15,0.1,0.1,0.1,0.05
geometric,1175,0.0,traditional_ppo,3,core_learning_training_aware,0.48278681893080544,0.4,0.1,0.15,0.1,0.1,0.1,0.05
arithmetic,1175,0.0,traditional_ppo,3,core_learning_training_aware,0.5625989189113273,0.4,0.1,0.15,0.1,0.1,0.1,0.05
geometric,1175,1.0,a2c_pointer,1,core_learning_training_aware,0.6651066399146681,0.4,0.1,0.15,0.1,0.1,0.1,0.05
arithmetic,1175,0.0,a2c_pointer,2,core_learning_training_aware,0.6966842064209144,0.4,0.1,0.15,0.1,0.1,0.1,0.05
geometric,1176,0.0,full,2,core_learning_training_aware,0.642162424121647,0.4,0.1,0.15,0.1,0.15,0.05,0.05
arithmetic,1176,0.0,full,2,core_learning_training_aware,0.6733295395804209,0.4,0.1,0.15,0.1,0.15,0.05,0.05
geometric,1176,0.0,traditional_ppo,3,core_learning_training_aware,0.4722574388406347,0.4,0.1,0.15,0.1,0.15,0.05,0.05
arithmetic,1176,0.0,traditional_ppo,3,core_learning_training_aware,0.5450135619157339,0.4,0.1,0.15,0.1,0.15,0.05,0.05
geometric,1176,1.0,a2c_pointer,1,core_learning_training_aware,0.644323154821183,0.4,0.1,0.15,0.1,0.15,0.05,0.05
arithmetic,1176,1.0,a2c_pointer,1,core_learning_training_aware,0.6738854006756819,0.4,0.1,0.15,0.1,0.15,0.05,0.05
geometric,1177,1.0,full,1,core_learning_training_aware,0.6834513030359567,0.4,0.1,0.15,0.15,0.05,0.05,0.1
arithmetic,1177,1.0,full,1,core_learning_training_aware,0.7170885619864774,0.4,0.1,0.15,0.15,0.05,0.05,0.1
geometric,1177,0.0,traditional_ppo,3,core_learning_training_aware,0.45233631846382105,0.4,0.1,0.15,0.15,0.05,0.05,0.1
arithmetic,1177,0.0,traditional_ppo,3,core_learning_training_aware,0.5378720377322771,0.4,0.1,0.15,0.15,0.05,0.05,0.1
geometric,1177,0.0,a2c_pointer,2,core_learning_training_aware,0.6834093240350778,0.4,0.1,0.15,0.15,0.05,0.05,0.1
arithmetic,1177,0.0,a2c_pointer,2,core_learning_training_aware,0.7151427633495041,0.4,0.1,0.15,0.15,0.05,0.05,0.1
geometric,1178,0.0,full,2,core_learning_training_aware,0.6841746613989492,0.4,0.1,0.15,0.15,0.05,0.1,0.05
arithmetic,1178,1.0,full,1,core_learning_training_aware,0.7181206618334843,0.4,0.1,0.15,0.15,0.05,0.1,0.05
geometric,1178,0.0,traditional_ppo,3,core_learning_training_aware,0.49253930789067724,0.4,0.1,0.15,0.15,0.05,0.1,0.05
arithmetic,1178,0.0,traditional_ppo,3,core_learning_training_aware,0.5782016504011124,0.4,0.1,0.15,0.15,0.05,0.1,0.05
geometric,1178,1.0,a2c_pointer,1,core_learning_training_aware,0.6842460714973474,0.4,0.1,0.15,0.15,0.05,0.1,0.05
arithmetic,1178,0.0,a2c_pointer,2,core_learning_training_aware,0.7163153866906984,0.4,0.1,0.15,0.15,0.05,0.1,0.05
geometric,1179,0.0,full,2,core_learning_training_aware,0.6617100860665721,0.4,0.1,0.15,0.15,0.1,0.05,0.05
arithmetic,1179,1.0,full,1,core_learning_training_aware,0.6941048158397393,0.4,0.1,0.15,0.15,0.1,0.05,0.05
geometric,1179,0.0,traditional_ppo,3,core_learning_training_aware,0.48179723006507313,0.4,0.1,0.15,0.15,0.1,0.05,0.05
arithmetic,1179,0.0,traditional_ppo,3,core_learning_training_aware,0.560616293405519,0.4,0.1,0.15,0.15,0.1,0.05,0.05
geometric,1179,1.0,a2c_pointer,1,core_learning_training_aware,0.6628645107463295,0.4,0.1,0.15,0.15,0.1,0.05,0.05
arithmetic,1179,0.0,a2c_pointer,2,core_learning_training_aware,0.6935165809454659,0.4,0.1,0.15,0.15,0.1,0.05,0.05
geometric,1180,0.0,full,2,core_learning_training_aware,0.6852403890746905,0.4,0.1,0.2,0.05,0.05,0.05,0.15
arithmetic,1180,1.0,full,1,core_learning_training_aware,0.7195489110000733,0.4,0.1,0.2,0.05,0.05,0.05,0.15
geometric,1180,0.0,traditional_ppo,3,core_learning_training_aware,0.41588130671616824,0.4,0.1,0.2,0.05,0.05,0.05,0.15
arithmetic,1180,0.0,traditional_ppo,3,core_learning_training_aware,0.4986532285869289,0.4,0.1,0.2,0.05,0.05,0.05,0.15
geometric,1180,1.0,a2c_pointer,1,core_learning_training_aware,0.6856184721874565,0.4,0.1,0.2,0.05,0.05,0.05,0.15
arithmetic,1180,0.0,a2c_pointer,2,core_learning_training_aware,0.7181223011230501,0.4,0.1,0.2,0.05,0.05,0.05,0.15
geometric,1181,0.0,full,2,core_learning_training_aware,0.6859656409893414,0.4,0.1,0.2,0.05,0.05,0.1,0.1
arithmetic,1181,1.0,full,1,core_learning_training_aware,0.72058101084708,0.4,0.1,0.2,0.05,0.05,0.1,0.1
geometric,1181,0.0,traditional_ppo,3,core_learning_training_aware,0.4528442280962576,0.4,0.1,0.2,0.05,0.05,0.1,0.1
arithmetic,1181,0.0,traditional_ppo,3,core_learning_training_aware,0.5389828412557639,0.4,0.1,0.2,0.05,0.05,0.1,0.1
geometric,1181,1.0,a2c_pointer,1,core_learning_training_aware,0.6864579244695834,0.4,0.1,0.2,0.05,0.05,0.1,0.1
arithmetic,1181,0.0,a2c_pointer,2,core_learning_training_aware,0.7192949244642444,0.4,0.1,0.2,0.05,0.05,0.1,0.1
geometric,1182,0.0,full,2,core_learning_training_aware,0.6866916605037253,0.4,0.1,0.2,0.05,0.05,0.15,0.05
arithmetic,1182,1.0,full,1,core_learning_training_aware,0.7216131106940868,0.4,0.1,0.2,0.05,0.05,0.15,0.05
geometric,1182,0.0,traditional_ppo,3,core_learning_training_aware,0.4930923597872858,0.4,0.1,0.2,0.05,0.05,0.15,0.05
arithmetic,1182,0.0,traditional_ppo,3,core_learning_training_aware,0.579312453924599,0.4,0.1,0.2,0.05,0.05,0.15,0.05
geometric,1182,1.0,a2c_pointer,1,core_learning_training_aware,0.6872984045538519,0.4,0.1,0.2,0.05,0.05,0.15,0.05
arithmetic,1182,0.0,a2c_pointer,2,core_learning_training_aware,0.7204675478054384,0.4,0.1,0.2,0.05,0.05,0.15,0.05
geometric,1183,0.0,full,2,core_learning_training_aware,0.663442259626579,0.4,0.1,0.2,0.05,0.1,0.05,0.1
arithmetic,1183,1.0,full,1,core_learning_training_aware,0.6965651648533351,0.4,0.1,0.2,0.05,0.1,0.05,0.1
geometric,1183,0.0,traditional_ppo,3,core_learning_training_aware,0.4429678834814125,0.4,0.1,0.2,0.05,0.1,0.05,0.1
arithmetic,1183,0.0,traditional_ppo,3,core_learning_training_aware,0.5213974842601705,0.4,0.1,0.2,0.05,0.1,0.05,0.1
geometric,1183,1.0,a2c_pointer,1,core_learning_training_aware,0.665007246962667,0.4,0.1,0.2,0.05,0.1,0.05,0.1
arithmetic,1183,0.0,a2c_pointer,2,core_learning_training_aware,0.6964961187190117,0.4,0.1,0.2,0.05,0.1,0.05,0.1
geometric,1184,0.0,full,2,core_learning_training_aware,0.6641444406082112,0.4,0.1,0.2,0.05,0.1,0.1,0.05
arithmetic,1184,0.0,full,2,core_learning_training_aware,0.6975972647003419,0.4,0.1,0.2,0.05,0.1,0.1,0.05
geometric,1184,0.0,traditional_ppo,3,core_learning_training_aware,0.4823382201294181,0.4,0.1,0.2,0.05,0.1,0.1,0.05
arithmetic,1184,0.0,traditional_ppo,3,core_learning_training_aware,0.5617270969290057,0.4,0.1,0.2,0.05,0.1,0.1,0.05
geometric,1184,1.0,a2c_pointer,1,core_learning_training_aware,0.6658214634310663,0.4,0.1,0.2,0.05,0.1,0.1,0.05
arithmetic,1184,1.0,a2c_pointer,1,core_learning_training_aware,0.6976687420602059,0.4,0.1,0.2,0.05,0.1,0.1,0.05
geometric,1185,0.0,full,2,core_learning_training_aware,0.642337548802081,0.4,0.1,0.2,0.05,0.15,0.05,0.05
arithmetic,1185,0.0,full,2,core_learning_training_aware,0.6735814187065969,0.4,0.1,0.2,0.05,0.15,0.05,0.05
geometric,1185,0.0,traditional_ppo,3,core_learning_training_aware,0.47181862379286826,0.4,0.1,0.2,0.05,0.15,0.05,0.05
arithmetic,1185,0.0,traditional_ppo,3,core_learning_training_aware,0.5441417399334123,0.4,0.1,0.2,0.05,0.15,0.05,0.05
geometric,1185,1.0,a2c_pointer,1,core_learning_training_aware,0.6450156412821286,0.4,0.1,0.2,0.05,0.15,0.05,0.05
arithmetic,1185,1.0,a2c_pointer,1,core_learning_training_aware,0.6748699363149733,0.4,0.1,0.2,0.05,0.15,0.05,0.05
geometric,1186,0.0,full,2,core_learning_training_aware,0.6836376876429353,0.4,0.1,0.2,0.1,0.05,0.05,0.1
arithmetic,1186,1.0,full,1,core_learning_training_aware,0.7173404411126537,0.4,0.1,0.2,0.1,0.05,0.05,0.1
geometric,1186,0.0,traditional_ppo,3,core_learning_training_aware,0.45191601384420393,0.4,0.1,0.2,0.1,0.05,0.05,0.1
arithmetic,1186,0.0,traditional_ppo,3,core_learning_training_aware,0.5370002157499556,0.4,0.1,0.2,0.1,0.05,0.05,0.1
geometric,1186,1.0,a2c_pointer,1,core_learning_training_aware,0.6841438183655038,0.4,0.1,0.2,0.1,0.05,0.05,0.1
arithmetic,1186,0.0,a2c_pointer,2,core_learning_training_aware,0.7161272989887957,0.4,0.1,0.2,0.1,0.05,0.05,0.1
geometric,1187,0.0,full,2,core_learning_training_aware,0.6843612432736244,0.4,0.1,0.2,0.1,0.05,0.1,0.05
arithmetic,1187,1.0,full,1,core_learning_training_aware,0.7183725409596604,0.4,0.1,0.2,0.1,0.05,0.1,0.05
geometric,1187,0.0,traditional_ppo,3,core_learning_training_aware,0.4920816472121085,0.4,0.1,0.2,0.1,0.05,0.1,0.05
arithmetic,1187,0.0,traditional_ppo,3,core_learning_training_aware,0.5773298284187908,0.4,0.1,0.2,0.1,0.05,0.1,0.05
geometric,1187,1.0,a2c_pointer,1,core_learning_training_aware,0.6849814651223037,0.4,0.1,0.2,0.1,0.05,0.1,0.05
arithmetic,1187,0.0,a2c_pointer,2,core_learning_training_aware,0.7172999223299898,0.4,0.1,0.2,0.1,0.05,0.1,0.05
geometric,1188,0.0,full,2,core_learning_training_aware,0.6618905416071168,0.4,0.1,0.2,0.1,0.1,0.05,0.05
arithmetic,1188,0.0,full,2,core_learning_training_aware,0.6943566949659155,0.4,0.1,0.2,0.1,0.1,0.05,0.05
geometric,1188,0.0,traditional_ppo,3,core_learning_training_aware,0.48134955077590447,0.4,0.1,0.2,0.1,0.1,0.05,0.05
arithmetic,1188,0.0,traditional_ppo,3,core_learning_training_aware,0.5597444714231974,0.4,0.1,0.2,0.1,0.1,0.05,0.05
geometric,1188,1.0,a2c_pointer,1,core_learning_training_aware,0.6635769245338808,0.4,0.1,0.2,0.1,0.1,0.05,0.05
arithmetic,1188,1.0,a2c_pointer,1,core_learning_training_aware,0.6945011165847573,0.4,0.1,0.2,0.1,0.1,0.05,0.05
geometric,1189,0.0,full,2,core_learning_training_aware,0.6820387347524516,0.4,0.1,0.2,0.15,0.05,0.05,0.05
arithmetic,1189,1.0,full,1,core_learning_training_aware,0.715131971225234,0.4,0.1,0.2,0.15,0.05,0.05,0.05
geometric,1189,0.0,traditional_ppo,3,core_learning_training_aware,0.4910730063378801,0.4,0.1,0.2,0.15,0.05,0.05,0.05
arithmetic,1189,0.0,traditional_ppo,3,core_learning_training_aware,0.5753472029129825,0.4,0.1,0.2,0.15,0.05,0.05,0.05
geometric,1189,1.0,a2c_pointer,1,core_learning_training_aware,0.6826723362840784,0.4,0.1,0.2,0.15,0.05,0.05,0.05
arithmetic,1189,0.0,a2c_pointer,2,core_learning_training_aware,0.7141322968545413,0.4,0.1,0.2,0.15,0.05,0.05,0.05
geometric,1190,0.0,full,2,core_learning_training_aware,0.6838241230790245,0.4,0.1,0.25,0.05,0.05,0.05,0.1
arithmetic,1190,1.0,full,1,core_learning_training_aware,0.7175923202388297,0.4,0.1,0.25,0.05,0.05,0.05,0.1
geometric,1190,0.0,traditional_ppo,3,core_learning_training_aware,0.4514960997657973,0.4,0.1,0.25,0.05,0.05,0.05,0.1
arithmetic,1190,0.0,traditional_ppo,3,core_learning_training_aware,0.5361283937676339,0.4,0.1,0.25,0.05,0.05,0.05,0.1
geometric,1190,1.0,a2c_pointer,1,core_learning_training_aware,0.6848791020938828,0.4,0.1,0.25,0.05,0.05,0.05,0.1
arithmetic,1190,0.0,a2c_pointer,2,core_learning_training_aware,0.717111834628087,0.4,0.1,0.25,0.05,0.05,0.05,0.1
geometric,1191,0.0,full,2,core_learning_training_aware,0.6845478760312069,0.4,0.1,0.25,0.05,0.05,0.1,0.05
arithmetic,1191,1.0,full,1,core_learning_training_aware,0.7186244200858365,0.4,0.1,0.25,0.05,0.05,0.1,0.05
geometric,1191,0.0,traditional_ppo,3,core_learning_training_aware,0.49162441178548083,0.4,0.1,0.25,0.05,0.05,0.1,0.05
arithmetic,1191,0.0,traditional_ppo,3,core_learning_training_aware,0.576458006436469,0.4,0.1,0.25,0.05,0.05,0.1,0.05
geometric,1191,1.0,a2c_pointer,1,core_learning_training_aware,0.6857176491117299,0.4,0.1,0.25,0.05,0.05,0.1,0.05
arithmetic,1191,0.0,a2c_pointer,2,core_learning_training_aware,0.7182844579692813,0.4,0.1,0.25,0.05,0.05,0.1,0.05
geometric,1192,0.0,full,2,core_learning_training_aware,0.662071046359851,0.4,0.1,0.25,0.05,0.1,0.05,0.05
arithmetic,1192,0.0,full,2,core_learning_training_aware,0.6946085740920915,0.4,0.1,0.25,0.05,0.1,0.05,0.05
geometric,1192,0.0,traditional_ppo,3,core_learning_training_aware,0.4809022874641086,0.4,0.1,0.25,0.05,0.1,0.05,0.05
arithmetic,1192,0.0,traditional_ppo,3,core_learning_training_aware,0.5588726494408757,0.4,0.1,0.25,0.05,0.1,0.05,0.05
geometric,1192,1.0,a2c_pointer,1,core_learning_training_aware,0.6642901039883167,0.4,0.1,0.25,0.05,0.1,0.05,0.05
arithmetic,1192,1.0,a2c_pointer,1,core_learning_training_aware,0.6954856522240487,0.4,0.1,0.25,0.05,0.1,0.05,0.05
geometric,1193,0.0,full,2,core_learning_training_aware,0.6822247341366893,0.4,0.1,0.25,0.1,0.05,0.05,0.05
arithmetic,1193,1.0,full,1,core_learning_training_aware,0.7153838503514102,0.4,0.1,0.25,0.1,0.05,0.05,0.05
geometric,1193,0.0,traditional_ppo,3,core_learning_training_aware,0.49061670812633257,0.4,0.1,0.25,0.1,0.05,0.05,0.05
arithmetic,1193,0.0,traditional_ppo,3,core_learning_training_aware,0.5744753809306609,0.4,0.1,0.25,0.1,0.05,0.05,0.05
geometric,1193,1.0,a2c_pointer,1,core_learning_training_aware,0.6834060385367471,0.4,0.1,0.25,0.1,0.05,0.05,0.05
arithmetic,1193,0.0,a2c_pointer,2,core_learning_training_aware,0.7151168324938327,0.4,0.1,0.25,0.1,0.05,0.05,0.05
geometric,1194,1.0,full,1,core_learning_training_aware,0.6550742209927901,0.4,0.15,0.1,0.05,0.05,0.05,0.2
arithmetic,1194,1.0,full,1,core_learning_training_aware,0.6932510908810596,0.4,0.15,0.1,0.05,0.05,0.05,0.2
geometric,1194,0.0,traditional_ppo,3,core_learning_training_aware,0.36553793376564947,0.4,0.15,0.1,0.05,0.05,0.05,0.2
arithmetic,1194,0.0,traditional_ppo,3,core_learning_training_aware,0.43291834434009024,0.4,0.15,0.1,0.05,0.05,0.05,0.2
geometric,1194,0.0,a2c_pointer,2,core_learning_training_aware,0.6548208178886786,0.4,0.15,0.1,0.05,0.05,0.05,0.2
arithmetic,1194,0.0,a2c_pointer,2,core_learning_training_aware,0.6908916689234844,0.4,0.15,0.1,0.05,0.05,0.05,0.2
geometric,1195,1.0,full,1,core_learning_training_aware,0.6557675453218696,0.4,0.15,0.1,0.05,0.05,0.1,0.15
arithmetic,1195,1.0,full,1,core_learning_training_aware,0.6942831907280664,0.4,0.15,0.1,0.05,0.05,0.1,0.15
geometric,1195,0.0,traditional_ppo,3,core_learning_training_aware,0.39802640989819477,0.4,0.15,0.1,0.05,0.05,0.1,0.15
arithmetic,1195,0.0,traditional_ppo,3,core_learning_training_aware,0.4732479570089254,0.4,0.15,0.1,0.05,0.05,0.1,0.15
geometric,1195,0.0,a2c_pointer,2,core_learning_training_aware,0.65562256237524,0.4,0.15,0.1,0.05,0.05,0.1,0.15
arithmetic,1195,0.0,a2c_pointer,2,core_learning_training_aware,0.6920642922646786,0.4,0.15,0.1,0.05,0.05,0.1,0.15
geometric,1196,1.0,full,1,core_learning_training_aware,0.6564616034588292,0.4,0.15,0.1,0.05,0.05,0.15,0.1
arithmetic,1196,1.0,full,1,core_learning_training_aware,0.695315290575073,0.4,0.15,0.1,0.05,0.05,0.15,0.1
geometric,1196,0.0,traditional_ppo,3,core_learning_training_aware,0.433402414202007,0.4,0.15,0.1,0.05,0.05,0.15,0.1
arithmetic,1196,0.0,traditional_ppo,3,core_learning_training_aware,0.5135775696777602,0.4,0.15,0.1,0.05,0.05,0.15,0.1
geometric,1196,0.0,a2c_pointer,2,core_learning_training_aware,0.6564252884955616,0.4,0.15,0.1,0.05,0.05,0.15,0.1
arithmetic,1196,0.0,a2c_pointer,2,core_learning_training_aware,0.6932369156058727,0.4,0.15,0.1,0.05,0.05,0.15,0.1
geometric,1197,0.0,full,2,core_learning_training_aware,0.657156396180324,0.4,0.15,0.1,0.05,0.05,0.2,0.05
arithmetic,1197,1.0,full,1,core_learning_training_aware,0.6963473904220797,0.4,0.15,0.1,0.05,0.05,0.2,0.05
geometric,1197,0.0,traditional_ppo,3,core_learning_training_aware,0.4719225859514503,0.4,0.15,0.1,0.05,0.05,0.2,0.05
arithmetic,1197,0.0,traditional_ppo,3,core_learning_training_aware,0.5539071823465954,0.4,0.15,0.1,0.05,0.05,0.2,0.05
geometric,1197,1.0,a2c_pointer,1,core_learning_training_aware,0.6572289974515285,0.4,0.15,0.1,0.05,0.05,0.2,0.05
arithmetic,1197,0.0,a2c_pointer,2,core_learning_training_aware,0.6944095389470668,0.4,0.15,0.1,0.05,0.05,0.2,0.05
geometric,1198,0.0,full,2,core_learning_training_aware,0.634235705203311,0.4,0.15,0.1,0.05,0.1,0.05,0.15
arithmetic,1198,1.0,full,1,core_learning_training_aware,0.6702673447343216,0.4,0.15,0.1,0.05,0.1,0.05,0.15
geometric,1198,0.0,traditional_ppo,3,core_learning_training_aware,0.3893456191404321,0.4,0.15,0.1,0.05,0.1,0.05,0.15
arithmetic,1198,0.0,traditional_ppo,3,core_learning_training_aware,0.4556626000133321,0.4,0.15,0.1,0.05,0.1,0.05,0.15
geometric,1198,1.0,a2c_pointer,1,core_learning_training_aware,0.6351354390564492,0.4,0.15,0.1,0.05,0.1,0.05,0.15
arithmetic,1198,0.0,a2c_pointer,2,core_learning_training_aware,0.6692654865194461,0.4,0.15,0.1,0.05,0.1,0.05,0.15
geometric,1199,0.0,full,2,core_learning_training_aware,0.6349069742453473,0.4,0.15,0.1,0.05,0.1,0.1,0.1
arithmetic,1199,1.0,full,1,core_learning_training_aware,0.6712994445813283,0.4,0.15,0.1,0.05,0.1,0.1,0.1
geometric,1199,0.0,traditional_ppo,3,core_learning_training_aware,0.4239500874768554,0.4,0.15,0.1,0.05,0.1,0.1,0.1
arithmetic,1199,0.0,traditional_ppo,3,core_learning_training_aware,0.49599221268216714,0.4,0.15,0.1,0.05,0.1,0.1,0.1
geometric,1199,1.0,a2c_pointer,1,core_learning_training_aware,0.635913081309982,0.4,0.15,0.1,0.05,0.1,0.1,0.1
arithmetic,1199,0.0,a2c_pointer,2,core_learning_training_aware,0.6704381098606402,0.4,0.15,0.1,0.05,0.1,0.1,0.1
geometric,1200,0.0,full,2,core_learning_training_aware,0.6355789537521571,0.4,0.15,0.1,0.05,0.1,0.15,0.05
arithmetic,1200,1.0,full,1,core_learning_training_aware,0.672331544428335,0.4,0.15,0.1,0.05,0.1,0.15,0.05
geometric,1200,0.0,traditional_ppo,3,core_learning_training_aware,0.46163015027223325,0.4,0.15,0.1,0.05,0.1,0.15,0.05
arithmetic,1200,0.0,traditional_ppo,3,core_learning_training_aware,0.5363218253510021,0.4,0.15,0.1,0.05,0.1,0.15,0.05
geometric,1200,1.0,a2c_pointer,1,core_learning_training_aware,0.6366916756871682,0.4,0.15,0.1,0.05,0.1,0.15,0.05
arithmetic,1200,0.0,a2c_pointer,2,core_learning_training_aware,0.6716107332018344,0.4,0.15,0.1,0.05,0.1,0.15,0.05
geometric,1201,0.0,full,2,core_learning_training_aware,0.6140600818409685,0.4,0.15,0.1,0.05,0.15,0.05,0.1
arithmetic,1201,0.0,full,2,core_learning_training_aware,0.6472835985875832,0.4,0.15,0.1,0.05,0.15,0.05,0.1
geometric,1201,0.0,traditional_ppo,3,core_learning_training_aware,0.41470391207341156,0.4,0.15,0.1,0.05,0.15,0.05,0.1
arithmetic,1201,0.0,traditional_ppo,3,core_learning_training_aware,0.4784068556865737,0.4,0.15,0.1,0.05,0.15,0.05,0.1
geometric,1201,1.0,a2c_pointer,1,core_learning_training_aware,0.616041846754492,0.4,0.15,0.1,0.05,0.15,0.05,0.1
arithmetic,1201,1.0,a2c_pointer,1,core_learning_training_aware,0.6476393041154075,0.4,0.15,0.1,0.05,0.15,0.05,0.1
geometric,1202,0.0,full,2,core_learning_training_aware,0.6147099971950053,0.4,0.15,0.1,0.05,0.15,0.1,0.05
arithmetic,1202,0.0,full,2,core_learning_training_aware,0.6483156984345901,0.4,0.15,0.1,0.05,0.15,0.1,0.05
geometric,1202,0.0,traditional_ppo,3,core_learning_training_aware,0.45156218834223777,0.4,0.15,0.1,0.05,0.15,0.1,0.05
arithmetic,1202,0.0,traditional_ppo,3,core_learning_training_aware,0.5187364683554089,0.4,0.15,0.1,0.05,0.15,0.1,0.05
geometric,1202,1.0,a2c_pointer,1,core_learning_training_aware,0.6167961113420458,0.4,0.15,0.1,0.05,0.15,0.1,0.05
arithmetic,1202,1.0,a2c_pointer,1,core_learning_training_aware,0.6488119274566018,0.4,0.15,0.1,0.05,0.15,0.1,0.05
geometric,1203,1.0,full,1,core_learning_training_aware,0.6535420748895681,0.4,0.15,0.1,0.1,0.05,0.05,0.15
arithmetic,1203,1.0,full,1,core_learning_training_aware,0.6910426209936401,0.4,0.15,0.1,0.1,0.05,0.05,0.15
geometric,1203,0.0,traditional_ppo,3,core_learning_training_aware,0.3972105580810822,0.4,0.15,0.1,0.1,0.05,0.05,0.15
arithmetic,1203,0.0,traditional_ppo,3,core_learning_training_aware,0.47126533150311717,0.4,0.15,0.1,0.1,0.05,0.05,0.15
geometric,1203,0.0,a2c_pointer,2,core_learning_training_aware,0.6534124048120692,0.4,0.15,0.1,0.1,0.05,0.05,0.15
arithmetic,1203,0.0,a2c_pointer,2,core_learning_training_aware,0.6888966667892301,0.4,0.15,0.1,0.1,0.05,0.05,0.15
geometric,1204,1.0,full,1,core_learning_training_aware,0.6542337776097749,0.4,0.15,0.1,0.1,0.05,0.1,0.1
arithmetic,1204,1.0,full,1,core_learning_training_aware,0.6920747208406468,0.4,0.15,0.1,0.1,0.05,0.1,0.1
geometric,1204,0.0,traditional_ppo,3,core_learning_training_aware,0.43251405067040577,0.4,0.15,0.1,0.1,0.05,0.1,0.1
arithmetic,1204,0.0,traditional_ppo,3,core_learning_training_aware,0.5115949441719522,0.4,0.15,0.1,0.1,0.05,0.1,0.1
geometric,1204,0.0,a2c_pointer,2,core_learning_training_aware,0.6542124248766389,0.4,0.15,0.1,0.1,0.05,0.1,0.1
arithmetic,1204,0.0,a2c_pointer,2,core_learning_training_aware,0.6900692901304242,0.4,0.15,0.1,0.1,0.05,0.1,0.1
geometric,1205,0.0,full,2,core_learning_training_aware,0.6549262124215662,0.4,0.15,0.1,0.1,0.05,0.15,0.05
arithmetic,1205,1.0,full,1,core_learning_training_aware,0.6931068206876535,0.4,0.15,0.1,0.1,0.05,0.15,0.05
geometric,1205,0.0,traditional_ppo,3,core_learning_training_aware,0.4709552659703881,0.4,0.15,0.1,0.1,0.05,0.15,0.05
arithmetic,1205,0.0,traditional_ppo,3,core_learning_training_aware,0.5519245568407872,0.4,0.15,0.1,0.1,0.05,0.15,0.05
geometric,1205,1.0,a2c_pointer,1,core_learning_training_aware,0.6550134244636342,0.4,0.15,0.1,0.1,0.05,0.15,0.05
arithmetic,1205,0.0,a2c_pointer,2,core_learning_training_aware,0.6912419134716183,0.4,0.15,0.1,0.1,0.05,0.15,0.05
geometric,1206,0.0,full,2,core_learning_training_aware,0.6327522980822389,0.4,0.15,0.1,0.1,0.1,0.05,0.1
arithmetic,1206,1.0,full,1,core_learning_training_aware,0.6680588748469019,0.4,0.15,0.1,0.1,0.1,0.05,0.1
geometric,1206,0.0,traditional_ppo,3,core_learning_training_aware,0.42308109878507116,0.4,0.15,0.1,0.1,0.1,0.05,0.1
arithmetic,1206,0.0,traditional_ppo,3,core_learning_training_aware,0.4940095871763589,0.4,0.15,0.1,0.1,0.1,0.05,0.1
geometric,1206,1.0,a2c_pointer,1,core_learning_training_aware,0.6337693660279994,0.4,0.15,0.1,0.1,0.1,0.05,0.1
arithmetic,1206,0.0,a2c_pointer,2,core_learning_training_aware,0.6672704843851918,0.4,0.15,0.1,0.1,0.1,0.05,0.1
geometric,1207,0.0,full,2,core_learning_training_aware,0.6334219971002778,0.4,0.15,0.1,0.1,0.1,0.1,0.05
arithmetic,1207,1.0,full,1,core_learning_training_aware,0.6690909746939087,0.4,0.15,0.1,0.1,0.1,0.1,0.05
geometric,1207,0.0,traditional_ppo,3,core_learning_training_aware,0.46068392713837164,0.4,0.15,0.1,0.1,0.1,0.1,0.05
arithmetic,1207,0.0,traditional_ppo,3,core_learning_training_aware,0.534339199845194,0.4,0.15,0.1,0.1,0.1,0.1,0.05
geometric,1207,1.0,a2c_pointer,1,core_learning_training_aware,0.6345453356995238,0.4,0.15,0.1,0.1,0.1,0.1,0.05
arithmetic,1207,0.0,a2c_pointer,2,core_learning_training_aware,0.6684431077263859,0.4,0.15,0.1,0.1,0.1,0.1,0.05
geometric,1208,0.0,full,2,core_learning_training_aware,0.6126238632700239,0.4,0.15,0.1,0.1,0.15,0.05,0.05
arithmetic,1208,0.0,full,2,core_learning_training_aware,0.6450751287001637,0.4,0.15,0.1,0.1,0.15,0.05,0.05
geometric,1208,0.0,traditional_ppo,3,core_learning_training_aware,0.45063660194209776,0.4,0.15,0.1,0.1,0.15,0.05,0.05
arithmetic,1208,0.0,traditional_ppo,3,core_learning_training_aware,0.5167538428496006,0.4,0.15,0.1,0.1,0.15,0.05,0.05
geometric,1208,1.0,a2c_pointer,1,core_learning_training_aware,0.6147168409376257,0.4,0.15,0.1,0.1,0.15,0.05,0.05
arithmetic,1208,1.0,a2c_pointer,1,core_learning_training_aware,0.6456443019811533,0.4,0.15,0.1,0.1,0.15,0.05,0.05
geometric,1209,1.0,full,1,core_learning_training_aware,0.6520135123065129,0.4,0.15,0.1,0.15,0.05,0.05,0.1
arithmetic,1209,1.0,full,1,core_learning_training_aware,0.6888341511062204,0.4,0.15,0.1,0.15,0.05,0.05,0.1
geometric,1209,0.0,traditional_ppo,3,core_learning_training_aware,0.4316275080556673,0.4,0.15,0.1,0.15,0.05,0.05,0.1
arithmetic,1209,0.0,traditional_ppo,3,core_learning_training_aware,0.5096123186661439,0.4,0.15,0.1,0.15,0.05,0.05,0.1
geometric,1209,0.0,a2c_pointer,2,core_learning_training_aware,0.6520070210029176,0.4,0.15,0.1,0.15,0.05,0.05,0.1
arithmetic,1209,0.0,a2c_pointer,2,core_learning_training_aware,0.6869016646549756,0.4,0.15,0.1,0.15,0.05,0.05,0.1
geometric,1210,0.0,full,2,core_learning_training_aware,0.6527035972106107,0.4,0.15,0.1,0.15,0.05,0.1,0.05
arithmetic,1210,1.0,full,1,core_learning_training_aware,0.6898662509532272,0.4,0.15,0.1,0.15,0.05,0.1,0.05
geometric,1210,0.0,traditional_ppo,3,core_learning_training_aware,0.4699899287466121,0.4,0.15,0.1,0.15,0.05,0.1,0.05
arithmetic,1210,0.0,traditional_ppo,3,core_learning_training_aware,0.549941931334979,0.4,0.15,0.1,0.15,0.05,0.1,0.05
geometric,1210,1.0,a2c_pointer,1,core_learning_training_aware,0.6528053203544468,0.4,0.15,0.1,0.15,0.05,0.1,0.05
arithmetic,1210,0.0,a2c_pointer,2,core_learning_training_aware,0.6880742879961699,0.4,0.15,0.1,0.15,0.05,0.1,0.05
geometric,1211,0.0,full,2,core_learning_training_aware,0.6312723604862484,0.4,0.15,0.1,0.15,0.1,0.05,0.05
arithmetic,1211,1.0,full,1,core_learning_training_aware,0.6658504049594822,0.4,0.15,0.1,0.15,0.1,0.05,0.05
geometric,1211,0.0,traditional_ppo,3,core_learning_training_aware,0.45973964351868296,0.4,0.15,0.1,0.15,0.1,0.05,0.05
arithmetic,1211,0.0,traditional_ppo,3,core_learning_training_aware,0.5323565743393857,0.4,0.15,0.1,0.15,0.1,0.05,0.05
geometric,1211,1.0,a2c_pointer,1,core_learning_training_aware,0.6324062312004501,0.4,0.15,0.1,0.15,0.1,0.05,0.05
arithmetic,1211,0.0,a2c_pointer,2,core_learning_training_aware,0.6652754822509372,0.4,0.15,0.1,0.15,0.1,0.05,0.05
geometric,1212,0.0,full,2,core_learning_training_aware,0.6537203029245886,0.4,0.15,0.15,0.05,0.05,0.05,0.15
arithmetic,1212,1.0,full,1,core_learning_training_aware,0.6912945001198162,0.4,0.15,0.15,0.05,0.05,0.05,0.15
geometric,1212,0.0,traditional_ppo,3,core_learning_training_aware,0.39684147555176186,0.4,0.15,0.15,0.05,0.05,0.05,0.15
arithmetic,1212,0.0,traditional_ppo,3,core_learning_training_aware,0.47039350952079545,0.4,0.15,0.15,0.05,0.05,0.05,0.15
geometric,1212,1.0,a2c_pointer,1,core_learning_training_aware,0.6541146599465629,0.4,0.15,0.15,0.05,0.05,0.05,0.15
arithmetic,1212,0.0,a2c_pointer,2,core_learning_training_aware,0.6898812024285214,0.4,0.15,0.15,0.05,0.05,0.05,0.15
geometric,1213,0.0,full,2,core_learning_training_aware,0.6544121942796538,0.4,0.15,0.15,0.05,0.05,0.1,0.1
arithmetic,1213,1.0,full,1,core_learning_training_aware,0.6923265999668229,0.4,0.15,0.15,0.05,0.05,0.1,0.1
geometric,1213,0.0,traditional_ppo,3,core_learning_training_aware,0.4321121646264919,0.4,0.15,0.15,0.05,0.05,0.1,0.1
arithmetic,1213,0.0,traditional_ppo,3,core_learning_training_aware,0.5107231221896305,0.4,0.15,0.15,0.05,0.05,0.1,0.1
geometric,1213,1.0,a2c_pointer,1,core_learning_training_aware,0.6549155398328835,0.4,0.15,0.15,0.05,0.05,0.1,0.1
arithmetic,1213,0.0,a2c_pointer,2,core_learning_training_aware,0.6910538257697155,0.4,0.15,0.15,0.05,0.05,0.1,0.1
geometric,1214,0.0,full,2,core_learning_training_aware,0.6551048179259527,0.4,0.15,0.15,0.05,0.05,0.15,0.05
arithmetic,1214,1.0,full,1,core_learning_training_aware,0.6933586998138296,0.4,0.15,0.15,0.05,0.05,0.15,0.05
geometric,1214,0.0,traditional_ppo,3,core_learning_training_aware,0.47051766088355246,0.4,0.15,0.15,0.05,0.05,0.15,0.05
arithmetic,1214,0.0,traditional_ppo,3,core_learning_training_aware,0.5510527348584655,0.4,0.15,0.15,0.05,0.05,0.15,0.05
geometric,1214,1.0,a2c_pointer,1,core_learning_training_aware,0.6557174002943719,0.4,0.15,0.15,0.05,0.05,0.15,0.05
arithmetic,1214,0.0,a2c_pointer,2,core_learning_training_aware,0.6922264491109097,0.4,0.15,0.15,0.05,0.05,0.15,0.05
geometric,1215,0.0,full,2,core_learning_training_aware,0.6329248565189104,0.4,0.15,0.15,0.05,0.1,0.05,0.1
arithmetic,1215,1.0,full,1,core_learning_training_aware,0.6683107539730779,0.4,0.15,0.15,0.05,0.1,0.05,0.1
geometric,1215,0.0,traditional_ppo,3,core_learning_training_aware,0.4226879777089305,0.4,0.15,0.15,0.05,0.1,0.05,0.1
arithmetic,1215,0.0,traditional_ppo,3,core_learning_training_aware,0.4931377651940372,0.4,0.15,0.15,0.05,0.1,0.05,0.1
geometric,1215,1.0,a2c_pointer,1,core_learning_training_aware,0.6344505098019777,0.4,0.15,0.15,0.05,0.1,0.05,0.1
arithmetic,1215,0.0,a2c_pointer,2,core_learning_training_aware,0.6682550200244829,0.4,0.15,0.15,0.05,0.1,0.05,0.1
geometric,1216,0.0,full,2,core_learning_training_aware,0.6335947381711584,0.4,0.15,0.15,0.05,0.1,0.1,0.05
arithmetic,1216,0.0,full,2,core_learning_training_aware,0.6693428538200847,0.4,0.15,0.15,0.05,0.1,0.1,0.05
geometric,1216,0.0,traditional_ppo,3,core_learning_training_aware,0.4602558660368065,0.4,0.15,0.15,0.05,0.1,0.1,0.05
arithmetic,1216,0.0,traditional_ppo,3,core_learning_training_aware,0.5334673778628723,0.4,0.15,0.15,0.05,0.1,0.1,0.05
geometric,1216,1.0,a2c_pointer,1,core_learning_training_aware,0.6352273134470876,0.4,0.15,0.15,0.05,0.1,0.1,0.05
arithmetic,1216,1.0,a2c_pointer,1,core_learning_training_aware,0.6694276433656772,0.4,0.15,0.15,0.05,0.1,0.1,0.05
geometric,1217,0.0,full,2,core_learning_training_aware,0.6127909324635045,0.4,0.15,0.15,0.05,0.15,0.05,0.05
arithmetic,1217,0.0,full,2,core_learning_training_aware,0.6453270078263398,0.4,0.15,0.15,0.05,0.15,0.05,0.05
geometric,1217,0.0,traditional_ppo,3,core_learning_training_aware,0.4502178766754466,0.4,0.15,0.15,0.05,0.15,0.05,0.05
arithmetic,1217,0.0,traditional_ppo,3,core_learning_training_aware,0.5158820208672789,0.4,0.15,0.15,0.05,0.15,0.05,0.05
geometric,1217,1.0,a2c_pointer,1,core_learning_training_aware,0.6153775080058188,0.4,0.15,0.15,0.05,0.15,0.05,0.05
arithmetic,1217,1.0,a2c_pointer,1,core_learning_training_aware,0.6466288376204445,0.4,0.15,0.15,0.05,0.15,0.05,0.05
geometric,1218,0.0,full,2,core_learning_training_aware,0.6521913234858847,0.4,0.15,0.15,0.1,0.05,0.05,0.1
arithmetic,1218,1.0,full,1,core_learning_training_aware,0.6890860302323965,0.4,0.15,0.15,0.1,0.05,0.05,0.1
geometric,1218,0.0,traditional_ppo,3,core_learning_training_aware,0.43122644577482794,0.4,0.15,0.15,0.1,0.05,0.05,0.1
arithmetic,1218,0.0,traditional_ppo,3,core_learning_training_aware,0.5087404966838223,0.4,0.15,0.15,0.1,0.05,0.05,0.1
geometric,1218,1.0,a2c_pointer,1,core_learning_training_aware,0.6527077657008347,0.4,0.15,0.15,0.1,0.05,0.05,0.1
arithmetic,1218,0.0,a2c_pointer,2,core_learning_training_aware,0.6878862002942668,0.4,0.15,0.15,0.1,0.05,0.05,0.1
geometric,1219,0.0,full,2,core_learning_training_aware,0.6528815965836446,0.4,0.15,0.15,0.1,0.05,0.1,0.05
arithmetic,1219,1.0,full,1,core_learning_training_aware,0.6901181300794033,0.4,0.15,0.15,0.1,0.05,0.1,0.05
geometric,1219,0.0,traditional_ppo,3,core_learning_training_aware,0.46955322063770644,0.4,0.15,0.15,0.1,0.05,0.1,0.05
arithmetic,1219,0.0,traditional_ppo,3,core_learning_training_aware,0.5490701093526574,0.4,0.15,0.15,0.1,0.05,0.1,0.05
geometric,1219,1.0,a2c_pointer,1,core_learning_training_aware,0.6535069230247781,0.4,0.15,0.15,0.1,0.05,0.1,0.05
arithmetic,1219,0.0,a2c_pointer,2,core_learning_training_aware,0.6890588236354611,0.4,0.15,0.15,0.1,0.05,0.1,0.05
geometric,1220,0.0,full,2,core_learning_training_aware,0.6314445153278341,0.4,0.15,0.15,0.1,0.1,0.05,0.05
arithmetic,1220,0.0,full,2,core_learning_training_aware,0.6661022840856583,0.4,0.15,0.15,0.1,0.1,0.05,0.05
geometric,1220,0.0,traditional_ppo,3,core_learning_training_aware,0.4593124598323316,0.4,0.15,0.15,0.1,0.1,0.05,0.05
arithmetic,1220,0.0,traditional_ppo,3,core_learning_training_aware,0.531484752357064,0.4,0.15,0.15,0.1,0.1,0.05,0.05
geometric,1220,1.0,a2c_pointer,1,core_learning_training_aware,0.6330859099449546,0.4,0.15,0.15,0.1,0.1,0.05,0.05
arithmetic,1220,1.0,a2c_pointer,1,core_learning_training_aware,0.6662600178902286,0.4,0.15,0.15,0.1,0.1,0.05,0.05
geometric,1221,0.0,full,2,core_learning_training_aware,0.6506659201608697,0.4,0.15,0.15,0.15,0.05,0.05,0.05
arithmetic,1221,1.0,full,1,core_learning_training_aware,0.6868775603449768,0.4,0.15,0.15,0.15,0.05,0.05,0.05
geometric,1221,0.0,traditional_ppo,3,core_learning_training_aware,0.4685907572464298,0.4,0.15,0.15,0.15,0.05,0.05,0.05
arithmetic,1221,0.0,traditional_ppo,3,core_learning_training_aware,0.547087483846849,0.4,0.15,0.15,0.15,0.05,0.05,0.05
geometric,1221,1.0,a2c_pointer,1,core_learning_training_aware,0.651303897455806,0.4,0.15,0.15,0.15,0.05,0.05,0.05
arithmetic,1221,0.0,a2c_pointer,2,core_learning_training_aware,0.6858911981600125,0.4,0.15,0.15,0.15,0.05,0.05,0.05
geometric,1222,0.0,full,2,core_learning_training_aware,0.6523691831563,0.4,0.15,0.2,0.05,0.05,0.05,0.1
arithmetic,1222,1.0,full,1,core_learning_training_aware,0.6893379093585726,0.4,0.15,0.2,0.05,0.05,0.05,0.1
geometric,1222,0.0,traditional_ppo,3,core_learning_training_aware,0.43082575615548513,0.4,0.15,0.2,0.05,0.05,0.05,0.1
arithmetic,1222,0.0,traditional_ppo,3,core_learning_training_aware,0.5078686747015007,0.4,0.15,0.2,0.05,0.05,0.05,0.1
geometric,1222,1.0,a2c_pointer,1,core_learning_training_aware,0.6534092635242791,0.4,0.15,0.2,0.05,0.05,0.05,0.1
arithmetic,1222,0.0,a2c_pointer,2,core_learning_training_aware,0.6888707359335583,0.4,0.15,0.2,0.05,0.05,0.05,0.1
geometric,1223,0.0,full,2,core_learning_training_aware,0.6530596444990445,0.4,0.15,0.2,0.05,0.05,0.1,0.05
arithmetic,1223,1.0,full,1,core_learning_training_aware,0.6903700092055796,0.4,0.15,0.2,0.05,0.05,0.1,0.05
geometric,1223,0.0,traditional_ppo,3,core_learning_training_aware,0.46911691831190533,0.4,0.15,0.2,0.05,0.05,0.1,0.05
arithmetic,1223,0.0,traditional_ppo,3,core_learning_training_aware,0.5481982873703358,0.4,0.15,0.2,0.05,0.05,0.1,0.05
geometric,1223,1.0,a2c_pointer,1,core_learning_training_aware,0.6542092797427429,0.4,0.15,0.2,0.05,0.05,0.1,0.05
arithmetic,1223,0.0,a2c_pointer,2,core_learning_training_aware,0.6900433592747526,0.4,0.15,0.2,0.05,0.05,0.1,0.05
geometric,1224,0.0,full,2,core_learning_training_aware,0.6316167171179184,0.4,0.15,0.2,0.05,0.1,0.05,0.05
arithmetic,1224,0.0,full,2,core_learning_training_aware,0.6663541632118345,0.4,0.15,0.2,0.05,0.1,0.05,0.05
geometric,1224,0.0,traditional_ppo,3,core_learning_training_aware,0.4588856730791237,0.4,0.15,0.2,0.05,0.1,0.05,0.05
arithmetic,1224,0.0,traditional_ppo,3,core_learning_training_aware,0.5306129303747424,0.4,0.15,0.2,0.05,0.1,0.05,0.05
geometric,1224,1.0,a2c_pointer,1,core_learning_training_aware,0.6337663191743483,0.4,0.15,0.2,0.05,0.1,0.05,0.05
arithmetic,1224,1.0,a2c_pointer,1,core_learning_training_aware,0.6672445535295201,0.4,0.15,0.2,0.05,0.1,0.05,0.05
geometric,1225,0.0,full,2,core_learning_training_aware,0.6508433638372001,0.4,0.15,0.2,0.1,0.05,0.05,0.05
arithmetic,1225,1.0,full,1,core_learning_training_aware,0.687129439471153,0.4,0.15,0.2,0.1,0.05,0.05,0.05
geometric,1225,0.0,traditional_ppo,3,core_learning_training_aware,0.4681553492282335,0.4,0.15,0.2,0.1,0.05,0.05,0.05
arithmetic,1225,0.0,traditional_ppo,3,core_learning_training_aware,0.5462156618645275,0.4,0.15,0.2,0.1,0.05,0.05,0.05
geometric,1225,1.0,a2c_pointer,1,core_learning_training_aware,0.6520038864715266,0.4,0.15,0.2,0.1,0.05,0.05,0.05
arithmetic,1225,0.0,a2c_pointer,2,core_learning_training_aware,0.686875733799304,0.4,0.15,0.2,0.1,0.05,0.05,0.05
geometric,1226,0.0,full,2,core_learning_training_aware,0.6510208559043521,0.4,0.15,0.25,0.05,0.05,0.05,0.05
arithmetic,1226,0.0,full,2,core_learning_training_aware,0.6873813185973292,0.4,0.15,0.25,0.05,0.05,0.05,0.05
geometric,1226,0.0,traditional_ppo,3,core_learning_training_aware,0.4677203457851156,0.4,0.15,0.25,0.05,0.05,0.05,0.05
arithmetic,1226,0.0,traditional_ppo,3,core_learning_training_aware,0.5453438398822058,0.4,0.15,0.25,0.05,0.05,0.05,0.05
geometric,1226,1.0,a2c_pointer,1,core_learning_training_aware,0.6527046278006052,0.4,0.15,0.25,0.05,0.05,0.05,0.05
arithmetic,1226,1.0,a2c_pointer,1,core_learning_training_aware,0.6878602694385952,0.4,0.15,0.25,0.05,0.05,0.05,0.05
geometric,1227,0.0,full,2,core_learning_training_aware,0.623650096038392,0.4,0.2,0.1,0.05,0.05,0.05,0.15
arithmetic,1227,1.0,full,1,core_learning_training_aware,0.663040089239559,0.4,0.2,0.1,0.05,0.05,0.05,0.15
geometric,1227,0.0,traditional_ppo,3,core_learning_training_aware,0.37867332379423113,0.4,0.2,0.1,0.05,0.05,0.05,0.15
arithmetic,1227,0.0,traditional_ppo,3,core_learning_training_aware,0.4421337904546621,0.4,0.2,0.1,0.05,0.05,0.05,0.15
geometric,1227,1.0,a2c_pointer,1,core_learning_training_aware,0.6240584314945701,0.4,0.2,0.1,0.05,0.05,0.05,0.15
arithmetic,1227,0.0,a2c_pointer,2,core_learning_training_aware,0.6616401037339926,0.4,0.2,0.1,0.05,0.05,0.05,0.15
geometric,1228,0.0,full,2,core_learning_training_aware,0.6243101613723033,0.4,0.2,0.1,0.05,0.05,0.1,0.1
arithmetic,1228,1.0,full,1,core_learning_training_aware,0.6640721890865657,0.4,0.2,0.1,0.05,0.05,0.1,0.1
geometric,1228,0.0,traditional_ppo,3,core_learning_training_aware,0.4123292541524954,0.4,0.2,0.1,0.05,0.05,0.1,0.1
arithmetic,1228,0.0,traditional_ppo,3,core_learning_training_aware,0.48246340312349717,0.4,0.2,0.1,0.05,0.05,0.1,0.1
geometric,1228,1.0,a2c_pointer,1,core_learning_training_aware,0.6248225113666122,0.4,0.2,0.1,0.05,0.05,0.1,0.1
arithmetic,1228,0.0,a2c_pointer,2,core_learning_training_aware,0.6628127270751868,0.4,0.2,0.1,0.05,0.05,0.1,0.1
geometric,1229,0.0,full,2,core_learning_training_aware,0.6249709253130902,0.4,0.2,0.1,0.05,0.05,0.15,0.05
arithmetic,1229,1.0,full,1,core_learning_training_aware,0.6651042889335724,0.4,0.2,0.1,0.05,0.05,0.15,0.05
geometric,1229,0.0,traditional_ppo,3,core_learning_training_aware,0.4489764743035834,0.4,0.2,0.1,0.05,0.05,0.15,0.05
arithmetic,1229,0.0,traditional_ppo,3,core_learning_training_aware,0.5227930157923322,0.4,0.2,0.1,0.05,0.05,0.15,0.05
geometric,1229,1.0,a2c_pointer,1,core_learning_training_aware,0.6255875267569029,0.4,0.2,0.1,0.05,0.05,0.15,0.05
arithmetic,1229,0.0,a2c_pointer,2,core_learning_training_aware,0.663985350416381,0.4,0.2,0.1,0.05,0.05,0.15,0.05
geometric,1230,0.0,full,2,core_learning_training_aware,0.6038112106771116,0.4,0.2,0.1,0.05,0.1,0.05,0.1
arithmetic,1230,1.0,full,1,core_learning_training_aware,0.6400563430928209,0.4,0.2,0.1,0.05,0.1,0.05,0.1
geometric,1230,0.0,traditional_ppo,3,core_learning_training_aware,0.4033365242994244,0.4,0.2,0.1,0.05,0.1,0.05,0.1
arithmetic,1230,0.0,traditional_ppo,3,core_learning_training_aware,0.46487804612790384,0.4,0.2,0.1,0.05,0.1,0.05,0.1
geometric,1230,1.0,a2c_pointer,1,core_learning_training_aware,0.6052978388227805,0.4,0.2,0.1,0.05,0.1,0.05,0.1
arithmetic,1230,0.0,a2c_pointer,2,core_learning_training_aware,0.6400139213299542,0.4,0.2,0.1,0.05,0.1,0.05,0.1
geometric,1231,0.0,full,2,core_learning_training_aware,0.6044502787233231,0.4,0.2,0.1,0.05,0.1,0.1,0.05
arithmetic,1231,0.0,full,2,core_learning_training_aware,0.6410884429398277,0.4,0.2,0.1,0.05,0.1,0.1,0.05
geometric,1231,0.0,traditional_ppo,3,core_learning_training_aware,0.4391844837932443,0.4,0.2,0.1,0.05,0.1,0.1,0.05
arithmetic,1231,0.0,traditional_ppo,3,core_learning_training_aware,0.505207658796739,0.4,0.2,0.1,0.05,0.1,0.1,0.05
geometric,1231,1.0,a2c_pointer,1,core_learning_training_aware,0.6060389487443746,0.4,0.2,0.1,0.05,0.1,0.1,0.05
arithmetic,1231,1.0,a2c_pointer,1,core_learning_training_aware,0.6411865446711484,0.4,0.2,0.1,0.05,0.1,0.1,0.05
geometric,1232,0.0,full,2,core_learning_training_aware,0.5846034185761034,0.4,0.2,0.1,0.05,0.15,0.05,0.05
arithmetic,1232,0.0,full,2,core_learning_training_aware,0.6170725969460826,0.4,0.2,0.1,0.05,0.15,0.05,0.05
geometric,1232,0.0,traditional_ppo,3,core_learning_training_aware,0.4296060525307553,0.4,0.2,0.1,0.05,0.15,0.05,0.05
arithmetic,1232,0.0,traditional_ppo,3,core_learning_training_aware,0.4876223018011455,0.4,0.2,0.1,0.05,0.15,0.05,0.05
geometric,1232,1.0,a2c_pointer,1,core_learning_training_aware,0.587101231540234,0.4,0.2,0.1,0.05,0.15,0.05,0.05
arithmetic,1232,1.0,a2c_pointer,1,core_learning_training_aware,0.6183877389259158,0.4,0.2,0.1,0.05,0.15,0.05,0.05
geometric,1233,0.0,full,2,core_learning_training_aware,0.6221914474856051,0.4,0.2,0.1,0.1,0.05,0.05,0.1
arithmetic,1233,1.0,full,1,core_learning_training_aware,0.6608316193521394,0.4,0.2,0.1,0.1,0.05,0.05,0.1
geometric,1233,0.0,traditional_ppo,3,core_learning_training_aware,0.4114840851815846,0.4,0.2,0.1,0.1,0.05,0.05,0.1
arithmetic,1233,0.0,traditional_ppo,3,core_learning_training_aware,0.4804807776176889,0.4,0.2,0.1,0.1,0.05,0.05,0.1
geometric,1233,1.0,a2c_pointer,1,core_learning_training_aware,0.6227161833077771,0.4,0.2,0.1,0.1,0.05,0.05,0.1
arithmetic,1233,0.0,a2c_pointer,2,core_learning_training_aware,0.6596451015997383,0.4,0.2,0.1,0.1,0.05,0.05,0.1
geometric,1234,0.0,full,2,core_learning_training_aware,0.6228499689997523,0.4,0.2,0.1,0.1,0.05,0.1,0.05
arithmetic,1234,1.0,full,1,core_learning_training_aware,0.6618637191991463,0.4,0.2,0.1,0.1,0.05,0.1,0.05
geometric,1234,0.0,traditional_ppo,3,core_learning_training_aware,0.4480561879524965,0.4,0.2,0.1,0.1,0.05,0.1,0.05
arithmetic,1234,0.0,traditional_ppo,3,core_learning_training_aware,0.5208103902865241,0.4,0.2,0.1,0.1,0.05,0.1,0.05
geometric,1234,1.0,a2c_pointer,1,core_learning_training_aware,0.6234786197682873,0.4,0.2,0.1,0.1,0.05,0.1,0.05
arithmetic,1234,0.0,a2c_pointer,2,core_learning_training_aware,0.6608177249409326,0.4,0.2,0.1,0.1,0.05,0.1,0.05
geometric,1235,0.0,full,2,core_learning_training_aware,0.6023989630815358,0.4,0.2,0.1,0.1,0.1,0.05,0.05
arithmetic,1235,0.0,full,2,core_learning_training_aware,0.6378478732054013,0.4,0.2,0.1,0.1,0.1,0.05,0.05
geometric,1235,0.0,traditional_ppo,3,core_learning_training_aware,0.4382842685054145,0.4,0.2,0.1,0.1,0.1,0.05,0.05
arithmetic,1235,0.0,traditional_ppo,3,core_learning_training_aware,0.5032250332909307,0.4,0.2,0.1,0.1,0.1,0.05,0.05
geometric,1235,1.0,a2c_pointer,1,core_learning_training_aware,0.603995941619527,0.4,0.2,0.1,0.1,0.1,0.05,0.05
arithmetic,1235,1.0,a2c_pointer,1,core_learning_training_aware,0.6380189191957,0.4,0.2,0.1,0.1,0.1,0.05,0.05
geometric,1236,0.0,full,2,core_learning_training_aware,0.6207362105503487,0.4,0.2,0.1,0.15,0.05,0.05,0.05
arithmetic,1236,1.0,full,1,core_learning_training_aware,0.6586231494647198,0.4,0.2,0.1,0.15,0.05,0.05,0.05
geometric,1236,0.0,traditional_ppo,3,core_learning_training_aware,0.44713778795184583,0.4,0.2,0.1,0.15,0.05,0.05,0.05
arithmetic,1236,0.0,traditional_ppo,3,core_learning_training_aware,0.5188277647807157,0.4,0.2,0.1,0.15,0.05,0.05,0.05
geometric,1236,1.0,a2c_pointer,1,core_learning_training_aware,0.6213768220785254,0.4,0.2,0.1,0.15,0.05,0.05,0.05
arithmetic,1236,0.0,a2c_pointer,2,core_learning_training_aware,0.6576500994654839,0.4,0.2,0.1,0.15,0.05,0.05,0.05
geometric,1237,0.0,full,2,core_learning_training_aware,0.6223611258634061,0.4,0.2,0.15,0.05,0.05,0.05,0.1
arithmetic,1237,1.0,full,1,core_learning_training_aware,0.6610834984783156,0.4,0.2,0.15,0.05,0.05,0.05,0.1
geometric,1237,0.0,traditional_ppo,3,core_learning_training_aware,0.41110173988928517,0.4,0.2,0.15,0.05,0.05,0.05,0.1
arithmetic,1237,0.0,traditional_ppo,3,core_learning_training_aware,0.4796089556353673,0.4,0.2,0.15,0.05,0.05,0.05,0.1
geometric,1237,1.0,a2c_pointer,1,core_learning_training_aware,0.6233854476710485,0.4,0.2,0.15,0.05,0.05,0.05,0.1
arithmetic,1237,0.0,a2c_pointer,2,core_learning_training_aware,0.6606296372390296,0.4,0.2,0.15,0.05,0.05,0.05,0.1
geometric,1238,0.0,full,2,core_learning_training_aware,0.6230198269635356,0.4,0.2,0.15,0.05,0.05,0.1,0.05
arithmetic,1238,1.0,full,1,core_learning_training_aware,0.6621155983253223,0.4,0.2,0.15,0.05,0.05,0.1,0.05
geometric,1238,0.0,traditional_ppo,3,core_learning_training_aware,0.44763986037065673,0.4,0.2,0.15,0.05,0.05,0.1,0.05
arithmetic,1238,0.0,traditional_ppo,3,core_learning_training_aware,0.5199385683042024,0.4,0.2,0.15,0.05,0.05,0.1,0.05
geometric,1238,1.0,a2c_pointer,1,core_learning_training_aware,0.6241487035603227,0.4,0.2,0.15,0.05,0.05,0.1,0.05
arithmetic,1238,0.0,a2c_pointer,2,core_learning_training_aware,0.6618022605802237,0.4,0.2,0.15,0.05,0.05,0.1,0.05
geometric,1239,0.0,full,2,core_learning_training_aware,0.6025632438334777,0.4,0.2,0.15,0.05,0.1,0.05,0.05
arithmetic,1239,0.0,full,2,core_learning_training_aware,0.6380997523315773,0.4,0.2,0.15,0.05,0.1,0.05,0.05
geometric,1239,0.0,traditional_ppo,3,core_learning_training_aware,0.43787702085529473,0.4,0.2,0.15,0.05,0.1,0.05,0.05
arithmetic,1239,0.0,traditional_ppo,3,core_learning_training_aware,0.502353211308609,0.4,0.2,0.15,0.05,0.1,0.05,0.05
geometric,1239,1.0,a2c_pointer,1,core_learning_training_aware,0.6046450863986772,0.4,0.2,0.15,0.05,0.1,0.05,0.05
arithmetic,1239,1.0,a2c_pointer,1,core_learning_training_aware,0.6390034548349912,0.4,0.2,0.15,0.05,0.1,0.05,0.05
geometric,1240,0.0,full,2,core_learning_training_aware,0.6209054920692029,0.4,0.2,0.15,0.1,0.05,0.05,0.05
arithmetic,1240,1.0,full,1,core_learning_training_aware,0.658875028590896,0.4,0.2,0.15,0.1,0.05,0.05,0.05
geometric,1240,0.0,traditional_ppo,3,core_learning_training_aware,0.44672231373452065,0.4,0.2,0.15,0.1,0.05,0.05,0.05
arithmetic,1240,0.0,traditional_ppo,3,core_learning_training_aware,0.5179559427983941,0.4,0.2,0.15,0.1,0.05,0.05,0.05
geometric,1240,1.0,a2c_pointer,1,core_learning_training_aware,0.6220446469630033,0.4,0.2,0.15,0.1,0.05,0.05,0.05
arithmetic,1240,0.0,a2c_pointer,2,core_learning_training_aware,0.6586346351047752,0.4,0.2,0.15,0.1,0.05,0.05,0.05
geometric,1241,0.0,full,2,core_learning_training_aware,0.6210748197529693,0.4,0.2,0.2,0.05,0.05,0.05,0.05
arithmetic,1241,0.0,full,2,core_learning_training_aware,0.659126907717072,0.4,0.2,0.2,0.05,0.05,0.05,0.05
geometric,1241,0.0,traditional_ppo,3,core_learning_training_aware,0.44630722557006314,0.4,0.2,0.2,0.05,0.05,0.05,0.05
arithmetic,1241,0.0,traditional_ppo,3,core_learning_training_aware,0.5170841208160725,0.4,0.2,0.2,0.05,0.05,0.05,0.05
geometric,1241,1.0,a2c_pointer,1,core_learning_training_aware,0.6227131895924315,0.4,0.2,0.2,0.05,0.05,0.05,0.05
arithmetic,1241,1.0,a2c_pointer,1,core_learning_training_aware,0.6596191707440666,0.4,0.2,0.2,0.05,0.05,0.05,0.05
geometric,1242,0.0,full,2,core_learning_training_aware,0.5937333966512117,0.4,0.25,0.1,0.05,0.05,0.05,0.1
arithmetic,1242,1.0,full,1,core_learning_training_aware,0.6328290875980584,0.4,0.25,0.1,0.05,0.05,0.05,0.1
geometric,1242,0.0,traditional_ppo,3,core_learning_training_aware,0.3922807263152662,0.4,0.25,0.1,0.05,0.05,0.05,0.1
arithmetic,1242,0.0,traditional_ppo,3,core_learning_training_aware,0.451349236569234,0.4,0.25,0.1,0.05,0.05,0.05,0.1
geometric,1242,1.0,a2c_pointer,1,core_learning_training_aware,0.5947412105423783,0.4,0.25,0.1,0.05,0.05,0.05,0.1
arithmetic,1242,0.0,a2c_pointer,2,core_learning_training_aware,0.6323885385445008,0.4,0.25,0.1,0.05,0.05,0.05,0.1
geometric,1243,0.0,full,2,core_learning_training_aware,0.5943617984348468,0.4,0.25,0.1,0.05,0.05,0.1,0.05
arithmetic,1243,1.0,full,1,core_learning_training_aware,0.6338611874450653,0.4,0.25,0.1,0.05,0.05,0.1,0.05
geometric,1243,0.0,traditional_ppo,3,core_learning_training_aware,0.4271460626781997,0.4,0.25,0.1,0.05,0.05,0.1,0.05
arithmetic,1243,0.0,traditional_ppo,3,core_learning_training_aware,0.4916788492380691,0.4,0.25,0.1,0.05,0.05,0.1,0.05
geometric,1243,1.0,a2c_pointer,1,core_learning_training_aware,0.5954693952204716,0.4,0.25,0.1,0.05,0.05,0.1,0.05
arithmetic,1243,0.0,a2c_pointer,2,core_learning_training_aware,0.6335611618856951,0.4,0.25,0.1,0.05,0.05,0.1,0.05
geometric,1244,0.0,full,2,core_learning_training_aware,0.574846189119054,0.4,0.25,0.1,0.05,0.1,0.05,0.05
arithmetic,1244,0.0,full,2,core_learning_training_aware,0.6098453414513203,0.4,0.25,0.1,0.05,0.1,0.05,0.05
geometric,1244,0.0,traditional_ppo,3,core_learning_training_aware,0.41783018438243524,0.4,0.25,0.1,0.05,0.1,0.05,0.05
arithmetic,1244,0.0,traditional_ppo,3,core_learning_training_aware,0.47409349224247577,0.4,0.25,0.1,0.05,0.1,0.05,0.05
geometric,1244,1.0,a2c_pointer,1,core_learning_training_aware,0.576861959124541,0.4,0.25,0.1,0.05,0.1,0.05,0.05
arithmetic,1244,1.0,a2c_pointer,1,core_learning_training_aware,0.6107623561404626,0.4,0.25,0.1,0.05,0.1,0.05,0.05
geometric,1245,0.0,full,2,core_learning_training_aware,0.5923447199472907,0.4,0.25,0.1,0.1,0.05,0.05,0.05
arithmetic,1245,1.0,full,1,core_learning_training_aware,0.6306206177106389,0.4,0.25,0.1,0.1,0.05,0.05,0.05
geometric,1245,0.0,traditional_ppo,3,core_learning_training_aware,0.42627052305886237,0.4,0.25,0.1,0.1,0.05,0.05,0.05
arithmetic,1245,0.0,traditional_ppo,3,core_learning_training_aware,0.48969622373226085,0.4,0.25,0.1,0.1,0.05,0.05,0.05
geometric,1245,1.0,a2c_pointer,1,core_learning_training_aware,0.5934620189295837,0.4,0.25,0.1,0.1,0.05,0.05,0.05
arithmetic,1245,0.0,a2c_pointer,2,core_learning_training_aware,0.6303935364102466,0.4,0.25,0.1,0.1,0.05,0.05,0.05
geometric,1246,0.0,full,2,core_learning_training_aware,0.5925062587977294,0.4,0.25,0.15,0.05,0.05,0.05,0.05
arithmetic,1246,0.0,full,2,core_learning_training_aware,0.630872496836815,0.4,0.25,0.15,0.05,0.05,0.05,0.05
geometric,1246,0.0,traditional_ppo,3,core_learning_training_aware,0.42587443841401973,0.4,0.25,0.15,0.05,0.05,0.05,0.05
arithmetic,1246,0.0,traditional_ppo,3,core_learning_training_aware,0.48882440174993913,0.4,0.25,0.15,0.05,0.05,0.05,0.05
geometric,1246,1.0,a2c_pointer,1,core_learning_training_aware,0.5940998423728655,0.4,0.25,0.15,0.05,0.05,0.05,0.05
arithmetic,1246,1.0,a2c_pointer,1,core_learning_training_aware,0.6313780720495379,0.4,0.25,0.15,0.05,0.05,0.05,0.05
