episodes_seen,mean_weighted_coverage,median,model,q25,q75,record_type,training_seed
16.0,0.193359375,,full,,,seed,42
32.0,0.19687500000000002,,full,,,seed,42
48.0,0.23086734693877553,,full,,,seed,42
64.0,0.255859375,,full,,,seed,42
80.0,0.321875,,full,,,seed,42
96.0,0.24489795918367346,,full,,,seed,42
112.0,0.380859375,,full,,,seed,42
128.0,0.353125,,full,,,seed,42
144.0,0.35969387755102045,,full,,,seed,42
160.0,0.375,,full,,,seed,42
176.0,0.415625,,full,,,seed,42
192.0,0.4145408163265306,,full,,,seed,42
208.0,0.458984375,,full,,,seed,42
224.0,0.40937499999999993,,full,,,seed,42
240.0,0.4017857142857143,,full,,,seed,42
250.0,0.4875,,full,,,seed,42
266.0,0.425,,full,,,seed,42
282.0,0.4094387755102041,,full,,,seed,42
298.0,0.4921875,,full,,,seed,42
314.0,0.39375000000000004,,full,,,seed,42
330.0,0.39285714285714285,,full,,,seed,42
346.0,0.53515625,,full,,,seed,42
362.0,0.4578125,,full,,,seed,42
378.0,0.39668367346938777,,full,,,seed,42
394.0,0.494140625,,full,,,seed,42
410.0,0.403125,,full,,,seed,42
426.0,0.3431122448979592,,full,,,seed,42
442.0,0.423828125,,full,,,seed,42
458.0,0.4328125,,full,,,seed,42
474.0,0.399234693877551,,full,,,seed,42
490.0,0.513671875,,full,,,seed,42
500.0,0.4375,,full,,,seed,42
516.0,0.4362244897959183,,full,,,seed,42
532.0,0.431640625,,full,,,seed,42
548.0,0.49375,,full,,,seed,42
564.0,0.4502551020408163,,full,,,seed,42
580.0,0.4453125,,full,,,seed,42
596.0,0.42656249999999996,,full,,,seed,42
612.0,0.42219387755102045,,full,,,seed,42
628.0,0.439453125,,full,,,seed,42
644.0,0.4515625,,full,,,seed,42
660.0,0.4311224489795918,,full,,,seed,42
676.0,0.544921875,,full,,,seed,42
692.0,0.4578125,,full,,,seed,42
708.0,0.4553571428571428,,full,,,seed,42
724.0,0.4765625,,full,,,seed,42
740.0,0.42500000000000004,,full,,,seed,42
756.0,0.4681122448979592,,full,,,seed,42
772.0,0.494140625,,full,,,seed,42
788.0,0.4296875,,full,,,seed,42
804.0,0.4387755102040816,,full,,,seed,42
820.0,0.498046875,,full,,,seed,42
836.0,0.4765625,,full,,,seed,42
852.0,0.4872448979591837,,full,,,seed,42
868.0,0.505859375,,full,,,seed,42
884.0,0.4984375,,full,,,seed,42
900.0,0.4030612244897959,,full,,,seed,42
916.0,0.482421875,,full,,,seed,42
932.0,0.434375,,full,,,seed,42
948.0,0.4961734693877551,,full,,,seed,42
964.0,0.458984375,,full,,,seed,42
980.0,0.503125,,full,,,seed,42
996.0,0.4413265306122449,,full,,,seed,42
1000.0,0.5546875,,full,,,seed,42
1016.0,0.4140625,,full,,,seed,42
1032.0,0.3966836734693877,,full,,,seed,42
1048.0,0.439453125,,full,,,seed,42
1064.0,0.44375,,full,,,seed,42
1080.0,0.4630102040816327,,full,,,seed,42
1096.0,0.439453125,,full,,,seed,42
1112.0,0.45625,,full,,,seed,42
1128.0,0.4323979591836734,,full,,,seed,42
1144.0,0.517578125,,full,,,seed,42
1160.0,0.5046875,,full,,,seed,42
1176.0,0.423469387755102,,full,,,seed,42
1192.0,0.38671875,,full,,,seed,42
1208.0,0.475,,full,,,seed,42
1224.0,0.3788265306122449,,full,,,seed,42
1240.0,0.44140625,,full,,,seed,42
1256.0,0.525,,full,,,seed,42
1272.0,0.423469387755102,,full,,,seed,42
1288.0,0.447265625,,full,,,seed,42
1304.0,0.4125,,full,,,seed,42
1320.0,0.43239795918367346,,full,,,seed,42
1336.0,0.453125,,full,,,seed,42
1352.0,0.471875,,full,,,seed,42
1368.0,0.4693877551020408,,full,,,seed,42
1384.0,0.4765625,,full,,,seed,42
1400.0,0.44218749999999996,,full,,,seed,42
1416.0,0.3839285714285714,,full,,,seed,42
1432.0,0.435546875,,full,,,seed,42
1448.0,0.46406249999999993,,full,,,seed,42
1464.0,0.48214285714285715,,full,,,seed,42
1480.0,0.49609375,,full,,,seed,42
1496.0,0.46718750000000003,,full,,,seed,42
1500.0,0.4489795918367347,,full,,,seed,42
1516.0,0.51953125,,full,,,seed,42
1532.0,0.39531249999999996,,full,,,seed,42
1548.0,0.4119897959183674,,full,,,seed,42
1564.0,0.431640625,,full,,,seed,42
1580.0,0.47968750000000004,,full,,,seed,42
1596.0,0.43112244897959184,,full,,,seed,42
1612.0,0.51953125,,full,,,seed,42
1628.0,0.49062500000000003,,full,,,seed,42
1644.0,0.389030612244898,,full,,,seed,42
1660.0,0.5234375,,full,,,seed,42
1676.0,0.4609375,,full,,,seed,42
1692.0,0.47704081632653056,,full,,,seed,42
1708.0,0.46484375,,full,,,seed,42
1724.0,0.45625000000000004,,full,,,seed,42
1740.0,0.4591836734693877,,full,,,seed,42
1756.0,0.521484375,,full,,,seed,42
1772.0,0.44375,,full,,,seed,42
1788.0,0.46683673469387754,,full,,,seed,42
1804.0,0.50390625,,full,,,seed,42
1820.0,0.4765625,,full,,,seed,42
1836.0,0.43494897959183676,,full,,,seed,42
1852.0,0.48828125,,full,,,seed,42
1868.0,0.5218749999999999,,full,,,seed,42
1884.0,0.4477040816326531,,full,,,seed,42
1900.0,0.45703125,,full,,,seed,42
1916.0,0.46562499999999996,,full,,,seed,42
1932.0,0.4502551020408163,,full,,,seed,42
1948.0,0.466796875,,full,,,seed,42
1964.0,0.4640625,,full,,,seed,42
1980.0,0.4770408163265306,,full,,,seed,42
1996.0,0.537109375,,full,,,seed,42
2000.0,0.5812499999999999,,full,,,seed,42
2016.0,0.4107142857142857,,full,,,seed,42
2032.0,0.484375,,full,,,seed,42
2048.0,0.39531249999999996,,full,,,seed,42
2064.0,0.4413265306122449,,full,,,seed,42
2080.0,0.4375,,full,,,seed,42
2096.0,0.4921875,,full,,,seed,42
2112.0,0.475765306122449,,full,,,seed,42
2128.0,0.494140625,,full,,,seed,42
2144.0,0.4390625,,full,,,seed,42
2160.0,0.4744897959183674,,full,,,seed,42
2176.0,0.453125,,full,,,seed,42
2192.0,0.471875,,full,,,seed,42
2208.0,0.485969387755102,,full,,,seed,42
2224.0,0.421875,,full,,,seed,42
2240.0,0.546875,,full,,,seed,42
2256.0,0.4502551020408163,,full,,,seed,42
2272.0,0.474609375,,full,,,seed,42
2288.0,0.5046875,,full,,,seed,42
2304.0,0.43112244897959184,,full,,,seed,42
2320.0,0.48828125,,full,,,seed,42
2336.0,0.496875,,full,,,seed,42
2352.0,0.41836734693877553,,full,,,seed,42
2368.0,0.572265625,,full,,,seed,42
2384.0,0.46875,,full,,,seed,42
2400.0,0.44387755102040816,,full,,,seed,42
2416.0,0.443359375,,full,,,seed,42
2432.0,0.46406250000000004,,full,,,seed,42
2448.0,0.4285714285714286,,full,,,seed,42
2464.0,0.466796875,,full,,,seed,42
2480.0,0.4953125,,full,,,seed,42
2496.0,0.44387755102040816,,full,,,seed,42
2500.0,0.4609375,,full,,,seed,42
2516.0,0.4921875,,full,,,seed,42
2532.0,0.4604591836734694,,full,,,seed,42
2548.0,0.48828125,,full,,,seed,42
2564.0,0.428125,,full,,,seed,42
2580.0,0.46556122448979587,,full,,,seed,42
2596.0,0.47265625,,full,,,seed,42
2612.0,0.484375,,full,,,seed,42
2628.0,0.471938775510204,,full,,,seed,42
2644.0,0.439453125,,full,,,seed,42
2660.0,0.403125,,full,,,seed,42
2676.0,0.4298469387755102,,full,,,seed,42
2692.0,0.470703125,,full,,,seed,42
2708.0,0.4828125,,full,,,seed,42
2724.0,0.45918367346938777,,full,,,seed,42
2740.0,0.5078125,,full,,,seed,42
2756.0,0.4765625,,full,,,seed,42
2772.0,0.4477040816326531,,full,,,seed,42
2788.0,0.515625,,full,,,seed,42
2804.0,0.4921875,,full,,,seed,42
2820.0,0.4400510204081633,,full,,,seed,42
2836.0,0.494140625,,full,,,seed,42
2852.0,0.471875,,full,,,seed,42
2868.0,0.4872448979591837,,full,,,seed,42
2884.0,0.451171875,,full,,,seed,42
2900.0,0.509375,,full,,,seed,42
2916.0,0.3316326530612245,,full,,,seed,42
2932.0,0.51171875,,full,,,seed,42
2948.0,0.44375,,full,,,seed,42
2964.0,0.4387755102040817,,full,,,seed,42
2980.0,0.505859375,,full,,,seed,42
2996.0,0.4375,,full,,,seed,42
3000.0,0.5459183673469388,,full,,,seed,42
16.0,0.224609375,,full,,,seed,43
32.0,0.1953125,,full,,,seed,43
48.0,0.20408163265306123,,full,,,seed,43
64.0,0.287109375,,full,,,seed,43
80.0,0.359375,,full,,,seed,43
96.0,0.2716836734693877,,full,,,seed,43
112.0,0.322265625,,full,,,seed,43
128.0,0.35781250000000003,,full,,,seed,43
144.0,0.3520408163265306,,full,,,seed,43
160.0,0.384765625,,full,,,seed,43
176.0,0.3421875,,full,,,seed,43
192.0,0.413265306122449,,full,,,seed,43
208.0,0.4375,,full,,,seed,43
224.0,0.446875,,full,,,seed,43
240.0,0.40433673469387754,,full,,,seed,43
250.0,0.53125,,full,,,seed,43
266.0,0.4078125,,full,,,seed,43
282.0,0.36352040816326525,,full,,,seed,43
298.0,0.3984375,,full,,,seed,43
314.0,0.4546875,,full,,,seed,43
330.0,0.40943877551020413,,full,,,seed,43
346.0,0.486328125,,full,,,seed,43
362.0,0.4703125,,full,,,seed,43
378.0,0.4464285714285714,,full,,,seed,43
394.0,0.462890625,,full,,,seed,43
410.0,0.475,,full,,,seed,43
426.0,0.4413265306122449,,full,,,seed,43
442.0,0.494140625,,full,,,seed,43
458.0,0.40312499999999996,,full,,,seed,43
474.0,0.4260204081632653,,full,,,seed,43
490.0,0.466796875,,full,,,seed,43
500.0,0.4525,,full,,,seed,43
516.0,0.447704081632653,,full,,,seed,43
532.0,0.45703125,,full,,,seed,43
548.0,0.484375,,full,,,seed,43
564.0,0.41964285714285715,,full,,,seed,43
580.0,0.486328125,,full,,,seed,43
596.0,0.47187500000000004,,full,,,seed,43
612.0,0.3979591836734694,,full,,,seed,43
628.0,0.50390625,,full,,,seed,43
644.0,0.46562499999999996,,full,,,seed,43
660.0,0.45408163265306123,,full,,,seed,43
676.0,0.451171875,,full,,,seed,43
692.0,0.471875,,full,,,seed,43
708.0,0.47831632653061223,,full,,,seed,43
724.0,0.51953125,,full,,,seed,43
740.0,0.53125,,full,,,seed,43
756.0,0.3737244897959183,,full,,,seed,43
772.0,0.5078125,,full,,,seed,43
788.0,0.4921875,,full,,,seed,43
804.0,0.40178571428571425,,full,,,seed,43
820.0,0.443359375,,full,,,seed,43
836.0,0.4234375,,full,,,seed,43
852.0,0.451530612244898,,full,,,seed,43
868.0,0.41796875,,full,,,seed,43
884.0,0.4609375,,full,,,seed,43
900.0,0.4655612244897959,,full,,,seed,43
916.0,0.505859375,,full,,,seed,43
932.0,0.4125,,full,,,seed,43
948.0,0.4068877551020408,,full,,,seed,43
964.0,0.421875,,full,,,seed,43
980.0,0.490625,,full,,,seed,43
996.0,0.44515306122448983,,full,,,seed,43
1000.0,0.5,,full,,,seed,43
1016.0,0.49375,,full,,,seed,43
1032.0,0.47831632653061223,,full,,,seed,43
1048.0,0.45703125,,full,,,seed,43
1064.0,0.4125,,full,,,seed,43
1080.0,0.46811224489795916,,full,,,seed,43
1096.0,0.5546875,,full,,,seed,43
1112.0,0.45625000000000004,,full,,,seed,43
1128.0,0.43239795918367346,,full,,,seed,43
1144.0,0.46484375,,full,,,seed,43
1160.0,0.4421875,,full,,,seed,43
1176.0,0.45408163265306123,,full,,,seed,43
1192.0,0.517578125,,full,,,seed,43
1208.0,0.4984375,,full,,,seed,43
1224.0,0.4502551020408163,,full,,,seed,43
1240.0,0.427734375,,full,,,seed,43
1256.0,0.428125,,full,,,seed,43
1272.0,0.3647959183673469,,full,,,seed,43
1288.0,0.46484375,,full,,,seed,43
1304.0,0.5015625,,full,,,seed,43
1320.0,0.4655612244897959,,full,,,seed,43
1336.0,0.435546875,,full,,,seed,43
1352.0,0.36875,,full,,,seed,43
1368.0,0.451530612244898,,full,,,seed,43
1384.0,0.431640625,,full,,,seed,43
1400.0,0.5046875000000001,,full,,,seed,43
1416.0,0.46811224489795916,,full,,,seed,43
1432.0,0.513671875,,full,,,seed,43
1448.0,0.49375,,full,,,seed,43
1464.0,0.3852040816326531,,full,,,seed,43
1480.0,0.48828125,,full,,,seed,43
1496.0,0.4453125,,full,,,seed,43
1500.0,0.4744897959183673,,full,,,seed,43
1516.0,0.5,,full,,,seed,43
1532.0,0.4953125,,full,,,seed,43
1548.0,0.5280612244897959,,full,,,seed,43
1564.0,0.482421875,,full,,,seed,43
1580.0,0.4296875,,full,,,seed,43
1596.0,0.44260204081632654,,full,,,seed,43
1612.0,0.5234375,,full,,,seed,43
1628.0,0.42656249999999996,,full,,,seed,43
1644.0,0.4477040816326531,,full,,,seed,43
1660.0,0.46484375,,full,,,seed,43
1676.0,0.49375,,full,,,seed,43
1692.0,0.41581632653061223,,full,,,seed,43
1708.0,0.4765625,,full,,,seed,43
1724.0,0.390625,,full,,,seed,43
1740.0,0.45280612244897955,,full,,,seed,43
1756.0,0.505859375,,full,,,seed,43
1772.0,0.4203125,,full,,,seed,43
1788.0,0.42219387755102045,,full,,,seed,43
1804.0,0.50390625,,full,,,seed,43
1820.0,0.4859375,,full,,,seed,43
1836.0,0.4272959183673469,,full,,,seed,43
1852.0,0.505859375,,full,,,seed,43
1868.0,0.5078125,,full,,,seed,43
1884.0,0.45535714285714285,,full,,,seed,43
1900.0,0.48828125,,full,,,seed,43
1916.0,0.4765625,,full,,,seed,43
1932.0,0.41709183673469385,,full,,,seed,43
1948.0,0.43359375,,full,,,seed,43
1964.0,0.44375,,full,,,seed,43
1980.0,0.39668367346938777,,full,,,seed,43
1996.0,0.46875,,full,,,seed,43
2000.0,0.375,,full,,,seed,43
2016.0,0.4349489795918367,,full,,,seed,43
2032.0,0.44140625,,full,,,seed,43
2048.0,0.465625,,full,,,seed,43
2064.0,0.4642857142857143,,full,,,seed,43
2080.0,0.478515625,,full,,,seed,43
2096.0,0.5078125,,full,,,seed,43
2112.0,0.4553571428571429,,full,,,seed,43
2128.0,0.447265625,,full,,,seed,43
2144.0,0.39999999999999997,,full,,,seed,43
2160.0,0.45790816326530615,,full,,,seed,43
2176.0,0.427734375,,full,,,seed,43
2192.0,0.4953125,,full,,,seed,43
2208.0,0.528061224489796,,full,,,seed,43
2224.0,0.4921875,,full,,,seed,43
2240.0,0.5125,,full,,,seed,43
2256.0,0.4706632653061224,,full,,,seed,43
2272.0,0.5078125,,full,,,seed,43
2288.0,0.5078125,,full,,,seed,43
2304.0,0.4311224489795918,,full,,,seed,43
2320.0,0.599609375,,full,,,seed,43
2336.0,0.48281250000000003,,full,,,seed,43
2352.0,0.4413265306122449,,full,,,seed,43
2368.0,0.482421875,,full,,,seed,43
2384.0,0.49375,,full,,,seed,43
2400.0,0.47066326530612246,,full,,,seed,43
2416.0,0.44921875,,full,,,seed,43
2432.0,0.4734375,,full,,,seed,43
2448.0,0.41709183673469385,,full,,,seed,43
2464.0,0.490234375,,full,,,seed,43
2480.0,0.4140625,,full,,,seed,43
2496.0,0.4362244897959183,,full,,,seed,43
2500.0,0.5625,,full,,,seed,43
2516.0,0.4265625,,full,,,seed,43
2532.0,0.4272959183673469,,full,,,seed,43
2548.0,0.48046875,,full,,,seed,43
2564.0,0.5,,full,,,seed,43
2580.0,0.44260204081632654,,full,,,seed,43
2596.0,0.501953125,,full,,,seed,43
2612.0,0.54375,,full,,,seed,43
2628.0,0.4362244897959183,,full,,,seed,43
2644.0,0.498046875,,full,,,seed,43
2660.0,0.5062500000000001,,full,,,seed,43
2676.0,0.5012755102040817,,full,,,seed,43
2692.0,0.490234375,,full,,,seed,43
2708.0,0.546875,,full,,,seed,43
2724.0,0.475765306122449,,full,,,seed,43
2740.0,0.505859375,,full,,,seed,43
2756.0,0.4828125,,full,,,seed,43
2772.0,0.4375,,full,,,seed,43
2788.0,0.53515625,,full,,,seed,43
2804.0,0.534375,,full,,,seed,43
2820.0,0.4438775510204081,,full,,,seed,43
2836.0,0.447265625,,full,,,seed,43
2852.0,0.44999999999999996,,full,,,seed,43
2868.0,0.485969387755102,,full,,,seed,43
2884.0,0.494140625,,full,,,seed,43
2900.0,0.428125,,full,,,seed,43
2916.0,0.45663265306122447,,full,,,seed,43
2932.0,0.46875,,full,,,seed,43
2948.0,0.45625,,full,,,seed,43
2964.0,0.44132653061224486,,full,,,seed,43
2980.0,0.478515625,,full,,,seed,43
2996.0,0.5296874999999999,,full,,,seed,43
3000.0,0.44897959183673475,,full,,,seed,43
16.0,0.236328125,,full,,,seed,44
32.0,0.22499999999999998,,full,,,seed,44
48.0,0.2474489795918367,,full,,,seed,44
64.0,0.353515625,,full,,,seed,44
80.0,0.3,,full,,,seed,44
96.0,0.2755102040816326,,full,,,seed,44
112.0,0.314453125,,full,,,seed,44
128.0,0.3625,,full,,,seed,44
144.0,0.3826530612244898,,full,,,seed,44
160.0,0.45703125,,full,,,seed,44
176.0,0.4078125,,full,,,seed,44
192.0,0.38647959183673464,,full,,,seed,44
208.0,0.48046875,,full,,,seed,44
224.0,0.44375,,full,,,seed,44
240.0,0.3762755102040817,,full,,,seed,44
250.0,0.49375,,full,,,seed,44
266.0,0.390625,,full,,,seed,44
282.0,0.37755102040816324,,full,,,seed,44
298.0,0.5078125,,full,,,seed,44
314.0,0.4203125,,full,,,seed,44
330.0,0.43494897959183676,,full,,,seed,44
346.0,0.466796875,,full,,,seed,44
362.0,0.4125,,full,,,seed,44
378.0,0.43494897959183676,,full,,,seed,44
394.0,0.431640625,,full,,,seed,44
410.0,0.46718750000000003,,full,,,seed,44
426.0,0.4362244897959184,,full,,,seed,44
442.0,0.4375,,full,,,seed,44
458.0,0.39531249999999996,,full,,,seed,44
474.0,0.39030612244897955,,full,,,seed,44
490.0,0.416015625,,full,,,seed,44
500.0,0.44749999999999995,,full,,,seed,44
516.0,0.43239795918367346,,full,,,seed,44
532.0,0.408203125,,full,,,seed,44
548.0,0.4953125,,full,,,seed,44
564.0,0.4362244897959183,,full,,,seed,44
580.0,0.419921875,,full,,,seed,44
596.0,0.515625,,full,,,seed,44
612.0,0.46173469387755106,,full,,,seed,44
628.0,0.43359375,,full,,,seed,44
644.0,0.4875,,full,,,seed,44
660.0,0.44387755102040816,,full,,,seed,44
676.0,0.458984375,,full,,,seed,44
692.0,0.4578125,,full,,,seed,44
708.0,0.43112244897959184,,full,,,seed,44
724.0,0.44140625,,full,,,seed,44
740.0,0.4921875,,full,,,seed,44
756.0,0.423469387755102,,full,,,seed,44
772.0,0.544921875,,full,,,seed,44
788.0,0.440625,,full,,,seed,44
804.0,0.41964285714285715,,full,,,seed,44
820.0,0.45703125,,full,,,seed,44
836.0,0.45625000000000004,,full,,,seed,44
852.0,0.41836734693877553,,full,,,seed,44
868.0,0.45703125,,full,,,seed,44
884.0,0.48749999999999993,,full,,,seed,44
900.0,0.43112244897959184,,full,,,seed,44
916.0,0.466796875,,full,,,seed,44
932.0,0.3640625,,full,,,seed,44
948.0,0.4145408163265306,,full,,,seed,44
964.0,0.50390625,,full,,,seed,44
980.0,0.44218749999999996,,full,,,seed,44
996.0,0.4719387755102041,,full,,,seed,44
1000.0,0.546875,,full,,,seed,44
1016.0,0.45625,,full,,,seed,44
1032.0,0.44260204081632654,,full,,,seed,44
1048.0,0.345703125,,full,,,seed,44
1064.0,0.4625,,full,,,seed,44
1080.0,0.32015306122448983,,full,,,seed,44
1096.0,0.2890625,,full,,,seed,44
1112.0,0.4109375,,full,,,seed,44
1128.0,0.38137755102040816,,full,,,seed,44
1144.0,0.4375,,full,,,seed,44
1160.0,0.45,,full,,,seed,44
1176.0,0.44260204081632654,,full,,,seed,44
1192.0,0.578125,,full,,,seed,44
1208.0,0.4984375,,full,,,seed,44
1224.0,0.5012755102040816,,full,,,seed,44
1240.0,0.4765625,,full,,,seed,44
1256.0,0.4375,,full,,,seed,44
1272.0,0.4604591836734694,,full,,,seed,44
1288.0,0.423828125,,full,,,seed,44
1304.0,0.40625,,full,,,seed,44
1320.0,0.39413265306122447,,full,,,seed,44
1336.0,0.470703125,,full,,,seed,44
1352.0,0.546875,,full,,,seed,44
1368.0,0.41964285714285715,,full,,,seed,44
1384.0,0.49609375,,full,,,seed,44
1400.0,0.5046875000000001,,full,,,seed,44
1416.0,0.4413265306122449,,full,,,seed,44
1432.0,0.48828125,,full,,,seed,44
1448.0,0.5031249999999999,,full,,,seed,44
1464.0,0.534438775510204,,full,,,seed,44
1480.0,0.546875,,full,,,seed,44
1496.0,0.5343749999999999,,full,,,seed,44
1500.0,0.2653061224489796,,full,,,seed,44
1516.0,0.533203125,,full,,,seed,44
1532.0,0.44218749999999996,,full,,,seed,44
1548.0,0.44005102040816324,,full,,,seed,44
1564.0,0.439453125,,full,,,seed,44
1580.0,0.4671875,,full,,,seed,44
1596.0,0.48086734693877553,,full,,,seed,44
1612.0,0.462890625,,full,,,seed,44
1628.0,0.4078125,,full,,,seed,44
1644.0,0.4897959183673469,,full,,,seed,44
1660.0,0.439453125,,full,,,seed,44
1676.0,0.44375,,full,,,seed,44
1692.0,0.44260204081632654,,full,,,seed,44
1708.0,0.47265625,,full,,,seed,44
1724.0,0.4828125,,full,,,seed,44
1740.0,0.4961734693877551,,full,,,seed,44
1756.0,0.529296875,,full,,,seed,44
1772.0,0.4203125,,full,,,seed,44
1788.0,0.44515306122448983,,full,,,seed,44
1804.0,0.41796875,,full,,,seed,44
1820.0,0.43437499999999996,,full,,,seed,44
1836.0,0.4068877551020408,,full,,,seed,44
1852.0,0.490234375,,full,,,seed,44
1868.0,0.5109374999999999,,full,,,seed,44
1884.0,0.43112244897959184,,full,,,seed,44
1900.0,0.498046875,,full,,,seed,44
1916.0,0.4640625,,full,,,seed,44
1932.0,0.46811224489795916,,full,,,seed,44
1948.0,0.451171875,,full,,,seed,44
1964.0,0.4578125,,full,,,seed,44
1980.0,0.485969387755102,,full,,,seed,44
1996.0,0.5,,full,,,seed,44
2000.0,0.4375,,full,,,seed,44
2016.0,0.45918367346938777,,full,,,seed,44
2032.0,0.49609375,,full,,,seed,44
2048.0,0.5109375,,full,,,seed,44
2064.0,0.4336734693877551,,full,,,seed,44
2080.0,0.513671875,,full,,,seed,44
2096.0,0.47343749999999996,,full,,,seed,44
2112.0,0.4502551020408163,,full,,,seed,44
2128.0,0.443359375,,full,,,seed,44
2144.0,0.45781249999999996,,full,,,seed,44
2160.0,0.4693877551020408,,full,,,seed,44
2176.0,0.47265625,,full,,,seed,44
2192.0,0.43437499999999996,,full,,,seed,44
2208.0,0.4272959183673469,,full,,,seed,44
2224.0,0.490234375,,full,,,seed,44
2240.0,0.471875,,full,,,seed,44
2256.0,0.47066326530612246,,full,,,seed,44
2272.0,0.568359375,,full,,,seed,44
2288.0,0.47500000000000003,,full,,,seed,44
2304.0,0.35841836734693877,,full,,,seed,44
2320.0,0.521484375,,full,,,seed,44
2336.0,0.5203125000000001,,full,,,seed,44
2352.0,0.5012755102040816,,full,,,seed,44
2368.0,0.44140625,,full,,,seed,44
2384.0,0.378125,,full,,,seed,44
2400.0,0.48852040816326536,,full,,,seed,44
2416.0,0.458984375,,full,,,seed,44
2432.0,0.45000000000000007,,full,,,seed,44
2448.0,0.4413265306122449,,full,,,seed,44
2464.0,0.447265625,,full,,,seed,44
2480.0,0.48281250000000003,,full,,,seed,44
2496.0,0.45790816326530615,,full,,,seed,44
2500.0,0.421875,,full,,,seed,44
2516.0,0.3828125,,full,,,seed,44
2532.0,0.3903061224489796,,full,,,seed,44
2548.0,0.384765625,,full,,,seed,44
2564.0,0.5078125,,full,,,seed,44
2580.0,0.48086734693877553,,full,,,seed,44
2596.0,0.482421875,,full,,,seed,44
2612.0,0.41875,,full,,,seed,44
2628.0,0.45280612244897955,,full,,,seed,44
2644.0,0.4609375,,full,,,seed,44
2660.0,0.4703125,,full,,,seed,44
2676.0,0.44515306122448983,,full,,,seed,44
2692.0,0.447265625,,full,,,seed,44
2708.0,0.4828125,,full,,,seed,44
2724.0,0.49872448979591844,,full,,,seed,44
2740.0,0.55078125,,full,,,seed,44
2756.0,0.54375,,full,,,seed,44
2772.0,0.45153061224489793,,full,,,seed,44
2788.0,0.494140625,,full,,,seed,44
2804.0,0.47187500000000004,,full,,,seed,44
2820.0,0.48852040816326525,,full,,,seed,44
2836.0,0.44921875,,full,,,seed,44
2852.0,0.5734375,,full,,,seed,44
2868.0,0.5216836734693877,,full,,,seed,44
2884.0,0.40234375,,full,,,seed,44
2900.0,0.4625,,full,,,seed,44
2916.0,0.4502551020408163,,full,,,seed,44
2932.0,0.435546875,,full,,,seed,44
2948.0,0.43906249999999997,,full,,,seed,44
2964.0,0.42219387755102045,,full,,,seed,44
2980.0,0.474609375,,full,,,seed,44
2996.0,0.478125,,full,,,seed,44
3000.0,0.34183673469387754,,full,,,seed,44
16.0,0.21484375,,full,,,seed,45
32.0,0.203125,,full,,,seed,45
48.0,0.2193877551020408,,full,,,seed,45
64.0,0.314453125,,full,,,seed,45
80.0,0.3109375,,full,,,seed,45
96.0,0.3214285714285714,,full,,,seed,45
112.0,0.337890625,,full,,,seed,45
128.0,0.35625,,full,,,seed,45
144.0,0.31887755102040816,,full,,,seed,45
160.0,0.408203125,,full,,,seed,45
176.0,0.3828125,,full,,,seed,45
192.0,0.3380102040816326,,full,,,seed,45
208.0,0.453125,,full,,,seed,45
224.0,0.38125,,full,,,seed,45
240.0,0.4579081632653061,,full,,,seed,45
250.0,0.459375,,full,,,seed,45
266.0,0.40625,,full,,,seed,45
282.0,0.3622448979591837,,full,,,seed,45
298.0,0.466796875,,full,,,seed,45
314.0,0.40781249999999997,,full,,,seed,45
330.0,0.4604591836734694,,full,,,seed,45
346.0,0.451171875,,full,,,seed,45
362.0,0.4703125,,full,,,seed,45
378.0,0.41326530612244894,,full,,,seed,45
394.0,0.4453125,,full,,,seed,45
410.0,0.453125,,full,,,seed,45
426.0,0.4362244897959183,,full,,,seed,45
442.0,0.46875,,full,,,seed,45
458.0,0.4671875,,full,,,seed,45
474.0,0.42091836734693877,,full,,,seed,45
490.0,0.5078125,,full,,,seed,45
500.0,0.44749999999999995,,full,,,seed,45
516.0,0.42602040816326536,,full,,,seed,45
532.0,0.4296875,,full,,,seed,45
548.0,0.459375,,full,,,seed,45
564.0,0.36989795918367346,,full,,,seed,45
580.0,0.337890625,,full,,,seed,45
596.0,0.36406249999999996,,full,,,seed,45
612.0,0.3839285714285714,,full,,,seed,45
628.0,0.373046875,,full,,,seed,45
644.0,0.4203125,,full,,,seed,45
660.0,0.39413265306122447,,full,,,seed,45
676.0,0.537109375,,full,,,seed,45
692.0,0.33125,,full,,,seed,45
708.0,0.4017857142857143,,full,,,seed,45
724.0,0.44921875,,full,,,seed,45
740.0,0.4375,,full,,,seed,45
756.0,0.40433673469387754,,full,,,seed,45
772.0,0.51953125,,full,,,seed,45
788.0,0.425,,full,,,seed,45
804.0,0.4451530612244898,,full,,,seed,45
820.0,0.4609375,,full,,,seed,45
836.0,0.4875,,full,,,seed,45
852.0,0.41836734693877553,,full,,,seed,45
868.0,0.451171875,,full,,,seed,45
884.0,0.4453125,,full,,,seed,45
900.0,0.4196428571428571,,full,,,seed,45
916.0,0.427734375,,full,,,seed,45
932.0,0.4875,,full,,,seed,45
948.0,0.49617346938775514,,full,,,seed,45
964.0,0.4765625,,full,,,seed,45
980.0,0.44375,,full,,,seed,45
996.0,0.43112244897959184,,full,,,seed,45
1000.0,0.5,,full,,,seed,45
1016.0,0.45468749999999997,,full,,,seed,45
1032.0,0.46173469387755106,,full,,,seed,45
1048.0,0.451171875,,full,,,seed,45
1064.0,0.38125,,full,,,seed,45
1080.0,0.45280612244897955,,full,,,seed,45
1096.0,0.45703125,,full,,,seed,45
1112.0,0.490625,,full,,,seed,45
1128.0,0.3596938775510204,,full,,,seed,45
1144.0,0.462890625,,full,,,seed,45
1160.0,0.484375,,full,,,seed,45
1176.0,0.46556122448979587,,full,,,seed,45
1192.0,0.46484375,,full,,,seed,45
1208.0,0.44999999999999996,,full,,,seed,45
1224.0,0.409438775510204,,full,,,seed,45
1240.0,0.46875,,full,,,seed,45
1256.0,0.4234375,,full,,,seed,45
1272.0,0.44897959183673464,,full,,,seed,45
1288.0,0.474609375,,full,,,seed,45
1304.0,0.5203125,,full,,,seed,45
1320.0,0.41836734693877553,,full,,,seed,45
1336.0,0.501953125,,full,,,seed,45
1352.0,0.5296875000000001,,full,,,seed,45
1368.0,0.43494897959183676,,full,,,seed,45
1384.0,0.56640625,,full,,,seed,45
1400.0,0.5234375,,full,,,seed,45
1416.0,0.5012755102040816,,full,,,seed,45
1432.0,0.45703125,,full,,,seed,45
1448.0,0.475,,full,,,seed,45
1464.0,0.3839285714285714,,full,,,seed,45
1480.0,0.455078125,,full,,,seed,45
1496.0,0.4859375,,full,,,seed,45
1500.0,0.3928571428571429,,full,,,seed,45
1516.0,0.484375,,full,,,seed,45
1532.0,0.42031250000000003,,full,,,seed,45
1548.0,0.40433673469387754,,full,,,seed,45
1564.0,0.42578125,,full,,,seed,45
1580.0,0.4265625,,full,,,seed,45
1596.0,0.39413265306122447,,full,,,seed,45
1612.0,0.5234375,,full,,,seed,45
1628.0,0.5062500000000001,,full,,,seed,45
1644.0,0.4158163265306122,,full,,,seed,45
1660.0,0.451171875,,full,,,seed,45
1676.0,0.4609375,,full,,,seed,45
1692.0,0.4604591836734694,,full,,,seed,45
1708.0,0.423828125,,full,,,seed,45
1724.0,0.46875,,full,,,seed,45
1740.0,0.5140306122448979,,full,,,seed,45
1756.0,0.455078125,,full,,,seed,45
1772.0,0.4046875,,full,,,seed,45
1788.0,0.5012755102040816,,full,,,seed,45
1804.0,0.46875,,full,,,seed,45
1820.0,0.4859375,,full,,,seed,45
1836.0,0.4323979591836734,,full,,,seed,45
1852.0,0.544921875,,full,,,seed,45
1868.0,0.4390625,,full,,,seed,45
1884.0,0.4579081632653061,,full,,,seed,45
1900.0,0.48828125,,full,,,seed,45
1916.0,0.4453125,,full,,,seed,45
1932.0,0.451530612244898,,full,,,seed,45
1948.0,0.48828125,,full,,,seed,45
1964.0,0.5203125,,full,,,seed,45
1980.0,0.45663265306122447,,full,,,seed,45
1996.0,0.44921875,,full,,,seed,45
2000.0,0.4375,,full,,,seed,45
2016.0,0.4630102040816326,,full,,,seed,45
2032.0,0.43359375,,full,,,seed,45
2048.0,0.49687499999999996,,full,,,seed,45
2064.0,0.471938775510204,,full,,,seed,45
2080.0,0.458984375,,full,,,seed,45
2096.0,0.46875,,full,,,seed,45
2112.0,0.4489795918367347,,full,,,seed,45
2128.0,0.470703125,,full,,,seed,45
2144.0,0.515625,,full,,,seed,45
2160.0,0.4311224489795918,,full,,,seed,45
2176.0,0.51953125,,full,,,seed,45
2192.0,0.41875,,full,,,seed,45
2208.0,0.5,,full,,,seed,45
2224.0,0.55078125,,full,,,seed,45
2240.0,0.40312499999999996,,full,,,seed,45
2256.0,0.45663265306122447,,full,,,seed,45
2272.0,0.439453125,,full,,,seed,45
2288.0,0.49843750000000003,,full,,,seed,45
2304.0,0.4642857142857143,,full,,,seed,45
2320.0,0.4375,,full,,,seed,45
2336.0,0.43125,,full,,,seed,45
2352.0,0.39668367346938777,,full,,,seed,45
2368.0,0.544921875,,full,,,seed,45
2384.0,0.4453125,,full,,,seed,45
2400.0,0.4056122448979592,,full,,,seed,45
2416.0,0.5546875,,full,,,seed,45
2432.0,0.49375,,full,,,seed,45
2448.0,0.44387755102040816,,full,,,seed,45
2464.0,0.490234375,,full,,,seed,45
2480.0,0.4625,,full,,,seed,45
2496.0,0.4553571428571428,,full,,,seed,45
2500.0,0.4453125,,full,,,seed,45
2516.0,0.490625,,full,,,seed,45
2532.0,0.41709183673469385,,full,,,seed,45
2548.0,0.509765625,,full,,,seed,45
2564.0,0.48906250000000007,,full,,,seed,45
2580.0,0.49107142857142855,,full,,,seed,45
2596.0,0.51953125,,full,,,seed,45
2612.0,0.3671875,,full,,,seed,45
2628.0,0.4489795918367347,,full,,,seed,45
2644.0,0.421875,,full,,,seed,45
2660.0,0.4796875,,full,,,seed,45
2676.0,0.48086734693877553,,full,,,seed,45
2692.0,0.478515625,,full,,,seed,45
2708.0,0.4515625,,full,,,seed,45
2724.0,0.4681122448979592,,full,,,seed,45
2740.0,0.486328125,,full,,,seed,45
2756.0,0.4765625,,full,,,seed,45
2772.0,0.48852040816326525,,full,,,seed,45
2788.0,0.4765625,,full,,,seed,45
2804.0,0.4859375,,full,,,seed,45
2820.0,0.38137755102040816,,full,,,seed,45
2836.0,0.447265625,,full,,,seed,45
2852.0,0.4625,,full,,,seed,45
2868.0,0.4426020408163265,,full,,,seed,45
2884.0,0.529296875,,full,,,seed,45
2900.0,0.503125,,full,,,seed,45
2916.0,0.43494897959183676,,full,,,seed,45
2932.0,0.447265625,,full,,,seed,45
2948.0,0.428125,,full,,,seed,45
2964.0,0.49107142857142855,,full,,,seed,45
2980.0,0.5,,full,,,seed,45
2996.0,0.46875,,full,,,seed,45
3000.0,0.4744897959183674,,full,,,seed,45
16.0,0.236328125,,full,,,seed,46
32.0,0.234375,,full,,,seed,46
48.0,0.25,,full,,,seed,46
64.0,0.39453125,,full,,,seed,46
80.0,0.3046875,,full,,,seed,46
96.0,0.29081632653061223,,full,,,seed,46
112.0,0.392578125,,full,,,seed,46
128.0,0.3640625,,full,,,seed,46
144.0,0.36862244897959184,,full,,,seed,46
160.0,0.40625,,full,,,seed,46
176.0,0.40468750000000003,,full,,,seed,46
192.0,0.43494897959183676,,full,,,seed,46
208.0,0.462890625,,full,,,seed,46
224.0,0.4453125,,full,,,seed,46
240.0,0.40816326530612246,,full,,,seed,46
250.0,0.540625,,full,,,seed,46
266.0,0.44843750000000004,,full,,,seed,46
282.0,0.4107142857142857,,full,,,seed,46
298.0,0.384765625,,full,,,seed,46
314.0,0.5046875,,full,,,seed,46
330.0,0.3877551020408163,,full,,,seed,46
346.0,0.478515625,,full,,,seed,46
362.0,0.3921875,,full,,,seed,46
378.0,0.41836734693877553,,full,,,seed,46
394.0,0.404296875,,full,,,seed,46
410.0,0.4140625,,full,,,seed,46
426.0,0.40561224489795916,,full,,,seed,46
442.0,0.3515625,,full,,,seed,46
458.0,0.396875,,full,,,seed,46
474.0,0.38137755102040816,,full,,,seed,46
490.0,0.4296875,,full,,,seed,46
500.0,0.4149999999999999,,full,,,seed,46
516.0,0.4872448979591837,,full,,,seed,46
532.0,0.517578125,,full,,,seed,46
548.0,0.4296875,,full,,,seed,46
564.0,0.4285714285714286,,full,,,seed,46
580.0,0.44921875,,full,,,seed,46
596.0,0.4859375,,full,,,seed,46
612.0,0.4655612244897959,,full,,,seed,46
628.0,0.412109375,,full,,,seed,46
644.0,0.515625,,full,,,seed,46
660.0,0.4502551020408163,,full,,,seed,46
676.0,0.439453125,,full,,,seed,46
692.0,0.4109375,,full,,,seed,46
708.0,0.38775510204081637,,full,,,seed,46
724.0,0.52734375,,full,,,seed,46
740.0,0.44062500000000004,,full,,,seed,46
756.0,0.4502551020408163,,full,,,seed,46
772.0,0.388671875,,full,,,seed,46
788.0,0.3890625,,full,,,seed,46
804.0,0.35459183673469385,,full,,,seed,46
820.0,0.41015625,,full,,,seed,46
836.0,0.44218749999999996,,full,,,seed,46
852.0,0.4732142857142857,,full,,,seed,46
868.0,0.478515625,,full,,,seed,46
884.0,0.4765625,,full,,,seed,46
900.0,0.4298469387755102,,full,,,seed,46
916.0,0.44921875,,full,,,seed,46
932.0,0.396875,,full,,,seed,46
948.0,0.4094387755102041,,full,,,seed,46
964.0,0.404296875,,full,,,seed,46
980.0,0.45,,full,,,seed,46
996.0,0.3826530612244898,,full,,,seed,46
1000.0,0.46875,,full,,,seed,46
1016.0,0.51875,,full,,,seed,46
1032.0,0.4158163265306123,,full,,,seed,46
1048.0,0.451171875,,full,,,seed,46
1064.0,0.46875,,full,,,seed,46
1080.0,0.5102040816326531,,full,,,seed,46
1096.0,0.494140625,,full,,,seed,46
1112.0,0.3828125,,full,,,seed,46
1128.0,0.47831632653061223,,full,,,seed,46
1144.0,0.53515625,,full,,,seed,46
1160.0,0.4765625,,full,,,seed,46
1176.0,0.46173469387755106,,full,,,seed,46
1192.0,0.4921875,,full,,,seed,46
1208.0,0.47656250000000006,,full,,,seed,46
1224.0,0.4655612244897959,,full,,,seed,46
1240.0,0.5234375,,full,,,seed,46
1256.0,0.4875,,full,,,seed,46
1272.0,0.4528061224489796,,full,,,seed,46
1288.0,0.462890625,,full,,,seed,46
1304.0,0.4625,,full,,,seed,46
1320.0,0.389030612244898,,full,,,seed,46
1336.0,0.462890625,,full,,,seed,46
1352.0,0.40625,,full,,,seed,46
1368.0,0.5229591836734694,,full,,,seed,46
1384.0,0.46484375,,full,,,seed,46
1400.0,0.4875,,full,,,seed,46
1416.0,0.4502551020408163,,full,,,seed,46
1432.0,0.44921875,,full,,,seed,46
1448.0,0.5078125,,full,,,seed,46
1464.0,0.45663265306122447,,full,,,seed,46
1480.0,0.54296875,,full,,,seed,46
1496.0,0.4546875,,full,,,seed,46
1500.0,0.4948979591836735,,full,,,seed,46
1516.0,0.46875,,full,,,seed,46
1532.0,0.459375,,full,,,seed,46
1548.0,0.4438775510204081,,full,,,seed,46
1564.0,0.478515625,,full,,,seed,46
1580.0,0.4828125,,full,,,seed,46
1596.0,0.4591836734693877,,full,,,seed,46
1612.0,0.52734375,,full,,,seed,46
1628.0,0.4828125,,full,,,seed,46
1644.0,0.41326530612244894,,full,,,seed,46
1660.0,0.494140625,,full,,,seed,46
1676.0,0.4453125,,full,,,seed,46
1692.0,0.46938775510204084,,full,,,seed,46
1708.0,0.458984375,,full,,,seed,46
1724.0,0.50625,,full,,,seed,46
1740.0,0.5,,full,,,seed,46
1756.0,0.478515625,,full,,,seed,46
1772.0,0.4375,,full,,,seed,46
1788.0,0.4464285714285714,,full,,,seed,46
1804.0,0.521484375,,full,,,seed,46
1820.0,0.4421875,,full,,,seed,46
1836.0,0.38647959183673464,,full,,,seed,46
1852.0,0.390625,,full,,,seed,46
1868.0,0.54375,,full,,,seed,46
1884.0,0.4272959183673469,,full,,,seed,46
1900.0,0.521484375,,full,,,seed,46
1916.0,0.4828125,,full,,,seed,46
1932.0,0.3839285714285714,,full,,,seed,46
1948.0,0.505859375,,full,,,seed,46
1964.0,0.45625000000000004,,full,,,seed,46
1980.0,0.4362244897959184,,full,,,seed,46
1996.0,0.42578125,,full,,,seed,46
2000.0,0.5875,,full,,,seed,46
2016.0,0.44642857142857145,,full,,,seed,46
2032.0,0.548828125,,full,,,seed,46
2048.0,0.44687499999999997,,full,,,seed,46
2064.0,0.4744897959183674,,full,,,seed,46
2080.0,0.52734375,,full,,,seed,46
2096.0,0.4671875,,full,,,seed,46
2112.0,0.4744897959183673,,full,,,seed,46
2128.0,0.5,,full,,,seed,46
2144.0,0.43281250000000004,,full,,,seed,46
2160.0,0.43112244897959184,,full,,,seed,46
2176.0,0.435546875,,full,,,seed,46
2192.0,0.45781249999999996,,full,,,seed,46
2208.0,0.39668367346938777,,full,,,seed,46
2224.0,0.44921875,,full,,,seed,46
2240.0,0.534375,,full,,,seed,46
2256.0,0.4821428571428571,,full,,,seed,46
2272.0,0.486328125,,full,,,seed,46
2288.0,0.490625,,full,,,seed,46
2304.0,0.4502551020408163,,full,,,seed,46
2320.0,0.53515625,,full,,,seed,46
2336.0,0.5265625,,full,,,seed,46
2352.0,0.45790816326530615,,full,,,seed,46
2368.0,0.515625,,full,,,seed,46
2384.0,0.4421875,,full,,,seed,46
2400.0,0.44132653061224486,,full,,,seed,46
2416.0,0.48828125,,full,,,seed,46
2432.0,0.44375,,full,,,seed,46
2448.0,0.39540816326530615,,full,,,seed,46
2464.0,0.44921875,,full,,,seed,46
2480.0,0.3890625,,full,,,seed,46
2496.0,0.4451530612244897,,full,,,seed,46
2500.0,0.5,,full,,,seed,46
2516.0,0.421875,,full,,,seed,46
2532.0,0.4336734693877551,,full,,,seed,46
2548.0,0.42578125,,full,,,seed,46
2564.0,0.5203125,,full,,,seed,46
2580.0,0.413265306122449,,full,,,seed,46
2596.0,0.501953125,,full,,,seed,46
2612.0,0.48906249999999996,,full,,,seed,46
2628.0,0.48724489795918363,,full,,,seed,46
2644.0,0.474609375,,full,,,seed,46
2660.0,0.4984375,,full,,,seed,46
2676.0,0.47831632653061223,,full,,,seed,46
2692.0,0.494140625,,full,,,seed,46
2708.0,0.421875,,full,,,seed,46
2724.0,0.4336734693877551,,full,,,seed,46
2740.0,0.533203125,,full,,,seed,46
2756.0,0.459375,,full,,,seed,46
2772.0,0.43112244897959184,,full,,,seed,46
2788.0,0.5234375,,full,,,seed,46
2804.0,0.446875,,full,,,seed,46
2820.0,0.4247448979591837,,full,,,seed,46
2836.0,0.505859375,,full,,,seed,46
2852.0,0.5171875,,full,,,seed,46
2868.0,0.4846938775510204,,full,,,seed,46
2884.0,0.373046875,,full,,,seed,46
2900.0,0.47656249999999994,,full,,,seed,46
2916.0,0.45790816326530615,,full,,,seed,46
2932.0,0.529296875,,full,,,seed,46
2948.0,0.49531250000000004,,full,,,seed,46
2964.0,0.38265306122448983,,full,,,seed,46
2980.0,0.474609375,,full,,,seed,46
2996.0,0.4625,,full,,,seed,46
3000.0,0.5051020408163265,,full,,,seed,46
0.0,,0.224609375,full,0.21484375,0.236328125,summary,
20.0,,0.21728515625,full,0.2119140625,0.23349609375,summary,
40.0,,0.21387117346938778,full,0.2112563775510204,0.23622448979591834,summary,
60.0,,0.29068678252551017,full,0.2663524394132653,0.32699896364795916,summary,
80.0,,0.3109375,full,0.3046875,0.321875,summary,
100.0,,0.28524593431122447,full,0.2843291613520408,0.31625677614795916,summary,
120.0,,0.3470703125,full,0.34003906250000004,0.3669921875,summary,
140.0,,0.35805165816326534,full,0.35348373724489796,0.3674824617346939,summary,
160.0,,0.40625,full,0.384765625,0.408203125,summary,
180.0,,0.4024792729591837,full,0.37161192602040816,0.41225286989795923,summary,
200.0,,0.4334741709183673,full,0.42538265306122447,0.4367625956632653,summary,
220.0,,0.44453125000000004,full,0.42177734375,0.44970703125,summary,
240.0,,0.40433673469387754,full,0.4017857142857143,0.40816326530612246,summary,
260.0,,0.4484375,full,0.429296875,0.4541015625,summary,
280.0,,0.37918526785714285,full,0.3690569196428571,0.4113839285714286,summary,
300.0,,0.459423828125,full,0.40546875,0.4798828125,summary,
320.0,,0.427555006377551,full,0.42580117984693877,0.4377192283163266,summary,
340.0,,0.45485391422193877,full,0.454654615752551,0.45749461894132654,summary,
360.0,,0.46748046875000004,full,0.41928710937499997,0.46791992187500003,summary,
380.0,,0.4172712053571428,full,0.4166085379464286,0.43453543526785715,summary,
400.0,,0.4482421875,full,0.44497070312500003,0.460009765625,summary,
420.0,,0.44256218112244894,full,0.40878109056122447,0.447835618622449,summary,
440.0,,0.4373405612244898,full,0.4137386399872449,0.4646843112244898,summary,
460.0,,0.40598692602040815,full,0.394937818877551,0.42861527423469387,summary,
480.0,,0.44131158322704084,full,0.39994718590561223,0.4421486367984694,summary,
500.0,,0.44749999999999995,full,0.4375,0.44749999999999995,summary,
520.0,,0.43507852359693877,full,0.42693718112244905,0.4500358737244898,summary,
540.0,,0.4626953125,full,0.4517578125,0.470703125,summary,
560.0,,0.43582589285714285,full,0.42885044642857145,0.4509964923469387,summary,
580.0,,0.4453125,full,0.419921875,0.44921875,summary,
600.0,,0.45339604591836735,full,0.4254703443877551,0.480843431122449,summary,
620.0,,0.438835299744898,full,0.4308235012755102,0.44766422193877553,summary,
640.0,,0.4740234375,full,0.44853515624999996,0.47519531249999997,summary,
660.0,,0.44387755102040816,full,0.4311224489795918,0.4502551020408163,summary,
680.0,,0.45869140625,full,0.45634765625,0.48564453125,summary,
700.0,,0.44446747448979596,full,0.3993463010204082,0.4565848214285714,summary,
720.0,,0.4712611607142857,full,0.438835299744898,0.4924465880102041,summary,
740.0,,0.44062500000000004,full,0.4375,0.4921875,summary,
760.0,,0.43485929528061223,full,0.43313536352040816,0.4538325095663265,summary,
780.0,,0.472265625,full,0.4619140625,0.4927734375,summary,
800.0,,0.42488839285714286,full,0.4243861607142857,0.43650350765306123,summary,
820.0,,0.45703125,full,0.443359375,0.4609375,summary,
840.0,,0.4499441964285714,full,0.44677933673469394,0.4702168367346939,summary,
860.0,,0.43769929846938777,full,0.43476961096938777,0.47586495535714285,summary,
880.0,,0.47705078125,full,0.4501953125,0.4798828125,summary,
900.0,,0.4298469387755102,full,0.4196428571428571,0.43112244897959184,summary,
920.0,,0.44267578125,full,0.44111328125,0.47041015625,summary,
940.0,,0.4096938775510204,full,0.40315688775510206,0.4652742346938775,summary,
960.0,,0.46828164859693877,full,0.41812818877551017,0.48146524234693877,summary,
980.0,,0.45,full,0.44375,0.490625,summary,
1000.0,,0.5,full,0.5,0.546875,summary,
1020.0,,0.45644929846938775,full,0.45283801020408165,0.48989158163265306,summary,
1040.0,,0.43349410076530615,full,0.41806839923469385,0.45645328443877553,summary,
1060.0,,0.43330078125000004,full,0.42363281249999996,0.44267578124999996,summary,
1080.0,,0.4630102040816327,full,0.45280612244897955,0.46811224489795916,summary,
1100.0,,0.4654296875,full,0.44365234375,0.46630859375,summary,
1120.0,,0.43056441326530615,full,0.4251594387755102,0.44432397959183667,summary,
1140.0,,0.4567323022959184,full,0.4370914381377551,0.4962830835459183,summary,
1160.0,,0.4765625,full,0.45,0.484375,summary,
1180.0,,0.4693478954081633,full,0.4653818558673469,0.4699557557397959,summary,
1200.0,,0.484375,full,0.457421875,0.5080078125,summary,
1220.0,,0.4623007015306122,full,0.419579081632653,0.4683115433673469,summary,
1240.0,,0.46875,full,0.44140625,0.4765625,summary,
1260.0,,0.4432397959183674,full,0.4298230229591837,0.4788265306122449,summary,
1280.0,,0.4421436543367347,full,0.435367506377551,0.45784837372448983,summary,
1300.0,,0.46259765625000004,full,0.42119140624999996,0.49238281250000004,summary,
1320.0,,0.41836734693877553,full,0.39413265306122447,0.43239795918367346,summary,
1340.0,,0.4578125,full,0.44873046875,0.48974609375,summary,
1360.0,,0.47063137755102036,full,0.4646045918367347,0.4823182397959184,summary,
1380.0,,0.4769810267857143,full,0.47476881377551017,0.4793726084183674,summary,
1400.0,,0.5046875000000001,full,0.4875,0.5046875000000001,summary,
1420.0,,0.4530652104591837,full,0.44999601403061223,0.4795021524234694,summary,
1440.0,,0.478515625,full,0.466015625,0.49570312499999997,summary,
1460.0,,0.4694276147959183,full,0.4123405612244898,0.47762276785714286,summary,
1480.0,,0.49609375,full,0.48828125,0.54296875,summary,
1500.0,,0.4489795918367347,full,0.3928571428571429,0.4744897959183673,summary,
1520.0,,0.4884765625,full,0.468359375,0.498828125,summary,
1540.0,,0.4411192602040816,full,0.4123246173469388,0.45162627551020407,summary,
1560.0,,0.4396025988520408,full,0.42672791772959184,0.469856106505102,summary,
1580.0,,0.4671875,full,0.4296875,0.47968750000000004,summary,
1600.0,,0.4628109056122449,full,0.45322464923469385,0.4762236926020408,summary,
1620.0,,0.505078125,full,0.475,0.505078125,summary,
1640.0,,0.43842474489795913,full,0.43065210459183667,0.44241868622448977,summary,
1660.0,,0.46484375,full,0.451171875,0.494140625,summary,
1680.0,,0.4608179209183674,full,0.4513313137755102,0.4649633290816326,summary,
1700.0,,0.45762914540816324,full,0.44618941326530615,0.46418606505102045,summary,
1720.0,,0.45839843750000003,full,0.45751953125,0.48027343749999996,summary,
1740.0,,0.4961734693877551,full,0.4591836734693877,0.5,summary,
1760.0,,0.48447265625,full,0.46826171875,0.50205078125,summary,
1780.0,,0.4419642857142857,full,0.4327327806122449,0.45298150510204077,summary,
1800.0,,0.4834781568877551,full,0.4768813775510204,0.4946388711734694,summary,
1820.0,,0.4765625,full,0.4421875,0.4859375,summary,
1840.0,,0.44693678252551017,full,0.4277244100765306,0.44828204719387754,summary,
1860.0,,0.5005859374999999,full,0.4919921875,0.5050781249999999,summary,
1880.0,,0.4564094387755102,full,0.4531967474489796,0.46624681122448974,summary,
1900.0,,0.48828125,full,0.48828125,0.498046875,summary,
1920.0,,0.46169483418367346,full,0.45809151785714286,0.46178252551020404,summary,
1940.0,,0.45852598852040816,full,0.4448939732142857,0.45964205994897955,summary,
1960.0,,0.46474609375,full,0.45615234375,0.46865234375000003,summary,
1980.0,,0.45663265306122447,full,0.4362244897959184,0.4770408163265306,summary,
2000.0,,0.4375,full,0.4375,0.5812499999999999,summary,
2020.0,,0.45565609056122447,full,0.43656329719387754,0.46841119260204084,summary,
2040.0,,0.465234375,full,0.453515625,0.49785156249999996,summary,
2060.0,,0.46462053571428574,full,0.4529894770408163,0.4675860969387755,summary,
2080.0,,0.478515625,full,0.458984375,0.513671875,summary,
2100.0,,0.4690130739795918,full,0.46764190051020404,0.48808195153061223,summary,
2120.0,,0.4598413584183674,full,0.45131138392857145,0.48495296556122447,summary,
2140.0,,0.45283203125000004,full,0.44960937500000003,0.45419921874999997,summary,
2160.0,,0.45790816326530615,full,0.43112244897959184,0.4693877551020408,summary,
2180.0,,0.4578125,full,0.44462890625,0.4630859375,summary,
2200.0,,0.459375,full,0.43083545918367344,0.478922193877551,summary,
2220.0,,0.47449976084183676,full,0.43789859693877553,0.5011559311224489,summary,
2240.0,,0.5125,full,0.471875,0.534375,summary,
2260.0,,0.4799505739795918,full,0.45634367028061223,0.4831891741071428,summary,
2280.0,,0.4896484375,full,0.4884765625,0.5078125,summary,
2300.0,,0.45029496173469385,full,0.4495137117346939,0.4603475765306122,summary,
2320.0,,0.521484375,full,0.48828125,0.53515625,summary,
2340.0,,0.4772480867346939,full,0.47244100765306124,0.5093989158163266,summary,
2360.0,,0.4713408801020408,full,0.47080277423469385,0.4867665816326531,summary,
2380.0,,0.47021484375,full,0.460546875,0.49091796875000004,summary,
2400.0,,0.44387755102040816,full,0.44132653061224486,0.47066326530612246,summary,
2420.0,,0.45673828125000004,full,0.4552734375,0.4771484375,summary,
2440.0,,0.4456632653061225,full,0.4452646683673469,0.4463169642857143,summary,
2460.0,,0.45724051339285715,full,0.44578085140306123,0.47194874043367346,summary,
2480.0,,0.4625,full,0.4140625,0.48281250000000003,summary,
2500.0,,0.4609375,full,0.4453125,0.5,summary,
2520.0,,0.4267458545918367,full,0.42482461734693877,0.4722417091836735,summary,
2540.0,,0.45388233418367346,full,0.42972735969387754,0.4634287308673469,summary,
2560.0,,0.49423828125,full,0.47705078125,0.4951171875,summary,
2580.0,,0.46556122448979587,full,0.44260204081632654,0.48086734693877553,summary,
2600.0,,0.4814453125,full,0.4755859375,0.49873046875,summary,
2620.0,,0.478156887755102,full,0.4357780612244898,0.4881536989795918,summary,
2640.0,,0.4589046556122449,full,0.447574537627551,0.4777682557397959,summary,
2660.0,,0.4796875,full,0.4703125,0.4984375,summary,
2680.0,,0.4802794164540817,full,0.4456812021683674,0.48227240114795916,summary,
2700.0,,0.4650390625,full,0.4650390625,0.4767578125,summary,
2720.0,,0.4650908801020408,full,0.4639748086734694,0.49354272959183676,summary,
2740.0,,0.5078125,full,0.505859375,0.533203125,summary,
2760.0,,0.47148437499999996,full,0.46934789540816324,0.4795519770408163,summary,
2780.0,,0.48166454081632654,full,0.4772799744897959,0.4825414540816326,summary,
2800.0,,0.48359375000000004,full,0.47744140625000003,0.498046875,summary,
2820.0,,0.4400510204081633,full,0.4247448979591837,0.4438775510204081,summary,
2840.0,,0.4802734375,full,0.45107421875,0.48857421875,summary,
2860.0,,0.47955994897959187,full,0.467984693877551,0.5009406887755102,summary,
2880.0,,0.4601901307397959,full,0.4321787308673469,0.49209781568877553,summary,
2900.0,,0.47656249999999994,full,0.4625,0.503125,summary,
2920.0,,0.44657804528061223,full,0.43802814094387754,0.4596619897959183,summary,
2940.0,,0.4625,full,0.4376953125,0.477734375,summary,
2960.0,,0.44001913265306125,full,0.42641103316326534,0.44505739795918364,summary,
2980.0,,0.478515625,full,0.474609375,0.5,summary,
3000.0,,0.4744897959183674,full,0.44897959183673475,0.5051020408163265,summary,
16.0,0.193359375,,a2c_pointer,,,seed,42
32.0,0.19687500000000002,,a2c_pointer,,,seed,42
48.0,0.21556122448979592,,a2c_pointer,,,seed,42
64.0,0.2421875,,a2c_pointer,,,seed,42
80.0,0.275,,a2c_pointer,,,seed,42
96.0,0.20153061224489793,,a2c_pointer,,,seed,42
112.0,0.3046875,,a2c_pointer,,,seed,42
128.0,0.28437500000000004,,a2c_pointer,,,seed,42
144.0,0.23979591836734696,,a2c_pointer,,,seed,42
160.0,0.27734375,,a2c_pointer,,,seed,42
176.0,0.321875,,a2c_pointer,,,seed,42
192.0,0.29081632653061223,,a2c_pointer,,,seed,42
208.0,0.34375,,a2c_pointer,,,seed,42
224.0,0.290625,,a2c_pointer,,,seed,42
240.0,0.3163265306122449,,a2c_pointer,,,seed,42
250.0,0.3375,,a2c_pointer,,,seed,42
266.0,0.29218750000000004,,a2c_pointer,,,seed,42
282.0,0.3137755102040816,,a2c_pointer,,,seed,42
298.0,0.337890625,,a2c_pointer,,,seed,42
314.0,0.3015625,,a2c_pointer,,,seed,42
330.0,0.2704081632653061,,a2c_pointer,,,seed,42
346.0,0.427734375,,a2c_pointer,,,seed,42
362.0,0.37031250000000004,,a2c_pointer,,,seed,42
378.0,0.3405612244897959,,a2c_pointer,,,seed,42
394.0,0.453125,,a2c_pointer,,,seed,42
410.0,0.365625,,a2c_pointer,,,seed,42
426.0,0.2895408163265306,,a2c_pointer,,,seed,42
442.0,0.37109375,,a2c_pointer,,,seed,42
458.0,0.3640625,,a2c_pointer,,,seed,42
474.0,0.33163265306122447,,a2c_pointer,,,seed,42
490.0,0.44140625,,a2c_pointer,,,seed,42
500.0,0.4125,,a2c_pointer,,,seed,42
516.0,0.36734693877551017,,a2c_pointer,,,seed,42
532.0,0.376953125,,a2c_pointer,,,seed,42
548.0,0.409375,,a2c_pointer,,,seed,42
564.0,0.38903061224489793,,a2c_pointer,,,seed,42
580.0,0.4140625,,a2c_pointer,,,seed,42
596.0,0.36875,,a2c_pointer,,,seed,42
612.0,0.36096938775510207,,a2c_pointer,,,seed,42
628.0,0.412109375,,a2c_pointer,,,seed,42
644.0,0.35624999999999996,,a2c_pointer,,,seed,42
660.0,0.37244897959183676,,a2c_pointer,,,seed,42
676.0,0.484375,,a2c_pointer,,,seed,42
692.0,0.396875,,a2c_pointer,,,seed,42
708.0,0.4145408163265306,,a2c_pointer,,,seed,42
724.0,0.421875,,a2c_pointer,,,seed,42
740.0,0.3609375,,a2c_pointer,,,seed,42
756.0,0.38903061224489793,,a2c_pointer,,,seed,42
772.0,0.46484375,,a2c_pointer,,,seed,42
788.0,0.3953125,,a2c_pointer,,,seed,42
804.0,0.38010204081632654,,a2c_pointer,,,seed,42
820.0,0.458984375,,a2c_pointer,,,seed,42
836.0,0.4546875,,a2c_pointer,,,seed,42
852.0,0.4362244897959184,,a2c_pointer,,,seed,42
868.0,0.45703125,,a2c_pointer,,,seed,42
884.0,0.446875,,a2c_pointer,,,seed,42
900.0,0.3788265306122449,,a2c_pointer,,,seed,42
916.0,0.474609375,,a2c_pointer,,,seed,42
932.0,0.41875,,a2c_pointer,,,seed,42
948.0,0.46683673469387754,,a2c_pointer,,,seed,42
964.0,0.4453125,,a2c_pointer,,,seed,42
980.0,0.4640625,,a2c_pointer,,,seed,42
996.0,0.399234693877551,,a2c_pointer,,,seed,42
1000.0,0.546875,,a2c_pointer,,,seed,42
1016.0,0.37812500000000004,,a2c_pointer,,,seed,42
1032.0,0.37755102040816324,,a2c_pointer,,,seed,42
1048.0,0.4140625,,a2c_pointer,,,seed,42
1064.0,0.4375,,a2c_pointer,,,seed,42
1080.0,0.4030612244897959,,a2c_pointer,,,seed,42
1096.0,0.470703125,,a2c_pointer,,,seed,42
1112.0,0.4359375,,a2c_pointer,,,seed,42
1128.0,0.40688775510204084,,a2c_pointer,,,seed,42
1144.0,0.498046875,,a2c_pointer,,,seed,42
1160.0,0.4765625,,a2c_pointer,,,seed,42
1176.0,0.4158163265306122,,a2c_pointer,,,seed,42
1192.0,0.421875,,a2c_pointer,,,seed,42
1208.0,0.4046875,,a2c_pointer,,,seed,42
1224.0,0.3877551020408163,,a2c_pointer,,,seed,42
1240.0,0.451171875,,a2c_pointer,,,seed,42
1256.0,0.459375,,a2c_pointer,,,seed,42
1272.0,0.40816326530612246,,a2c_pointer,,,seed,42
1288.0,0.435546875,,a2c_pointer,,,seed,42
1304.0,0.4265625,,a2c_pointer,,,seed,42
1320.0,0.4005102040816326,,a2c_pointer,,,seed,42
1336.0,0.47265625,,a2c_pointer,,,seed,42
1352.0,0.4375,,a2c_pointer,,,seed,42
1368.0,0.46173469387755095,,a2c_pointer,,,seed,42
1384.0,0.478515625,,a2c_pointer,,,seed,42
1400.0,0.44843750000000004,,a2c_pointer,,,seed,42
1416.0,0.41326530612244894,,a2c_pointer,,,seed,42
1432.0,0.4375,,a2c_pointer,,,seed,42
1448.0,0.46093749999999994,,a2c_pointer,,,seed,42
1464.0,0.47066326530612246,,a2c_pointer,,,seed,42
1480.0,0.470703125,,a2c_pointer,,,seed,42
1496.0,0.5078125,,a2c_pointer,,,seed,42
1500.0,0.423469387755102,,a2c_pointer,,,seed,42
1516.0,0.517578125,,a2c_pointer,,,seed,42
1532.0,0.4046875,,a2c_pointer,,,seed,42
1548.0,0.4017857142857143,,a2c_pointer,,,seed,42
1564.0,0.44140625,,a2c_pointer,,,seed,42
1580.0,0.4890625,,a2c_pointer,,,seed,42
1596.0,0.47576530612244894,,a2c_pointer,,,seed,42
1612.0,0.515625,,a2c_pointer,,,seed,42
1628.0,0.48906249999999996,,a2c_pointer,,,seed,42
1644.0,0.3801020408163265,,a2c_pointer,,,seed,42
1660.0,0.498046875,,a2c_pointer,,,seed,42
1676.0,0.48281250000000003,,a2c_pointer,,,seed,42
1692.0,0.4872448979591837,,a2c_pointer,,,seed,42
1708.0,0.478515625,,a2c_pointer,,,seed,42
1724.0,0.5,,a2c_pointer,,,seed,42
1740.0,0.45280612244897955,,a2c_pointer,,,seed,42
1756.0,0.474609375,,a2c_pointer,,,seed,42
1772.0,0.428125,,a2c_pointer,,,seed,42
1788.0,0.45408163265306123,,a2c_pointer,,,seed,42
1804.0,0.521484375,,a2c_pointer,,,seed,42
1820.0,0.48125,,a2c_pointer,,,seed,42
1836.0,0.46173469387755106,,a2c_pointer,,,seed,42
1852.0,0.494140625,,a2c_pointer,,,seed,42
1868.0,0.5265625,,a2c_pointer,,,seed,42
1884.0,0.4081632653061224,,a2c_pointer,,,seed,42
1900.0,0.451171875,,a2c_pointer,,,seed,42
1916.0,0.4703125,,a2c_pointer,,,seed,42
1932.0,0.4387755102040816,,a2c_pointer,,,seed,42
1948.0,0.48046875,,a2c_pointer,,,seed,42
1964.0,0.45781249999999996,,a2c_pointer,,,seed,42
1980.0,0.48341836734693877,,a2c_pointer,,,seed,42
1996.0,0.529296875,,a2c_pointer,,,seed,42
2000.0,0.44375,,a2c_pointer,,,seed,42
2016.0,0.46811224489795916,,a2c_pointer,,,seed,42
2032.0,0.48046875,,a2c_pointer,,,seed,42
2048.0,0.409375,,a2c_pointer,,,seed,42
2064.0,0.5,,a2c_pointer,,,seed,42
2080.0,0.47265625,,a2c_pointer,,,seed,42
2096.0,0.47500000000000003,,a2c_pointer,,,seed,42
2112.0,0.4630102040816326,,a2c_pointer,,,seed,42
2128.0,0.515625,,a2c_pointer,,,seed,42
2144.0,0.45625,,a2c_pointer,,,seed,42
2160.0,0.4821428571428571,,a2c_pointer,,,seed,42
2176.0,0.470703125,,a2c_pointer,,,seed,42
2192.0,0.490625,,a2c_pointer,,,seed,42
2208.0,0.44897959183673464,,a2c_pointer,,,seed,42
2224.0,0.484375,,a2c_pointer,,,seed,42
2240.0,0.5609375,,a2c_pointer,,,seed,42
2256.0,0.4272959183673469,,a2c_pointer,,,seed,42
2272.0,0.51171875,,a2c_pointer,,,seed,42
2288.0,0.5234375,,a2c_pointer,,,seed,42
2304.0,0.4477040816326531,,a2c_pointer,,,seed,42
2320.0,0.5078125,,a2c_pointer,,,seed,42
2336.0,0.484375,,a2c_pointer,,,seed,42
2352.0,0.40943877551020413,,a2c_pointer,,,seed,42
2368.0,0.556640625,,a2c_pointer,,,seed,42
2384.0,0.48125000000000007,,a2c_pointer,,,seed,42
2400.0,0.44260204081632654,,a2c_pointer,,,seed,42
2416.0,0.458984375,,a2c_pointer,,,seed,42
2432.0,0.46875,,a2c_pointer,,,seed,42
2448.0,0.4272959183673469,,a2c_pointer,,,seed,42
2464.0,0.498046875,,a2c_pointer,,,seed,42
2480.0,0.521875,,a2c_pointer,,,seed,42
2496.0,0.4375,,a2c_pointer,,,seed,42
2500.0,0.53125,,a2c_pointer,,,seed,42
2516.0,0.49531250000000004,,a2c_pointer,,,seed,42
2532.0,0.4630102040816326,,a2c_pointer,,,seed,42
2548.0,0.484375,,a2c_pointer,,,seed,42
2564.0,0.38593750000000004,,a2c_pointer,,,seed,42
2580.0,0.45790816326530615,,a2c_pointer,,,seed,42
2596.0,0.4453125,,a2c_pointer,,,seed,42
2612.0,0.44375,,a2c_pointer,,,seed,42
2628.0,0.4285714285714286,,a2c_pointer,,,seed,42
2644.0,0.427734375,,a2c_pointer,,,seed,42
2660.0,0.39999999999999997,,a2c_pointer,,,seed,42
2676.0,0.4349489795918367,,a2c_pointer,,,seed,42
2692.0,0.48828125,,a2c_pointer,,,seed,42
2708.0,0.484375,,a2c_pointer,,,seed,42
2724.0,0.45663265306122447,,a2c_pointer,,,seed,42
2740.0,0.484375,,a2c_pointer,,,seed,42
2756.0,0.46875,,a2c_pointer,,,seed,42
2772.0,0.42091836734693877,,a2c_pointer,,,seed,42
2788.0,0.509765625,,a2c_pointer,,,seed,42
2804.0,0.49531250000000004,,a2c_pointer,,,seed,42
2820.0,0.4068877551020408,,a2c_pointer,,,seed,42
2836.0,0.5078125,,a2c_pointer,,,seed,42
2852.0,0.46718750000000003,,a2c_pointer,,,seed,42
2868.0,0.4770408163265306,,a2c_pointer,,,seed,42
2884.0,0.48046875,,a2c_pointer,,,seed,42
2900.0,0.49687499999999996,,a2c_pointer,,,seed,42
2916.0,0.3788265306122449,,a2c_pointer,,,seed,42
2932.0,0.537109375,,a2c_pointer,,,seed,42
2948.0,0.4390625,,a2c_pointer,,,seed,42
2964.0,0.42857142857142855,,a2c_pointer,,,seed,42
2980.0,0.4921875,,a2c_pointer,,,seed,42
2996.0,0.43125,,a2c_pointer,,,seed,42
3000.0,0.5408163265306123,,a2c_pointer,,,seed,42
16.0,0.224609375,,a2c_pointer,,,seed,43
32.0,0.221875,,a2c_pointer,,,seed,43
48.0,0.20153061224489796,,a2c_pointer,,,seed,43
64.0,0.26171875,,a2c_pointer,,,seed,43
80.0,0.25,,a2c_pointer,,,seed,43
96.0,0.22193877551020408,,a2c_pointer,,,seed,43
112.0,0.275390625,,a2c_pointer,,,seed,43
128.0,0.2765625,,a2c_pointer,,,seed,43
144.0,0.2576530612244898,,a2c_pointer,,,seed,43
160.0,0.314453125,,a2c_pointer,,,seed,43
176.0,0.2453125,,a2c_pointer,,,seed,43
192.0,0.26785714285714285,,a2c_pointer,,,seed,43
208.0,0.291015625,,a2c_pointer,,,seed,43
224.0,0.31875,,a2c_pointer,,,seed,43
240.0,0.24234693877551022,,a2c_pointer,,,seed,43
250.0,0.390625,,a2c_pointer,,,seed,43
266.0,0.29375,,a2c_pointer,,,seed,43
282.0,0.29336734693877553,,a2c_pointer,,,seed,43
298.0,0.361328125,,a2c_pointer,,,seed,43
314.0,0.3265625,,a2c_pointer,,,seed,43
330.0,0.29464285714285715,,a2c_pointer,,,seed,43
346.0,0.373046875,,a2c_pointer,,,seed,43
362.0,0.321875,,a2c_pointer,,,seed,43
378.0,0.32908163265306123,,a2c_pointer,,,seed,43
394.0,0.349609375,,a2c_pointer,,,seed,43
410.0,0.334375,,a2c_pointer,,,seed,43
426.0,0.32780612244897955,,a2c_pointer,,,seed,43
442.0,0.400390625,,a2c_pointer,,,seed,43
458.0,0.3234375,,a2c_pointer,,,seed,43
474.0,0.3214285714285714,,a2c_pointer,,,seed,43
490.0,0.431640625,,a2c_pointer,,,seed,43
500.0,0.3675,,a2c_pointer,,,seed,43
516.0,0.3239795918367347,,a2c_pointer,,,seed,43
532.0,0.37890625,,a2c_pointer,,,seed,43
548.0,0.36875,,a2c_pointer,,,seed,43
564.0,0.3239795918367347,,a2c_pointer,,,seed,43
580.0,0.412109375,,a2c_pointer,,,seed,43
596.0,0.4265625,,a2c_pointer,,,seed,43
612.0,0.3673469387755102,,a2c_pointer,,,seed,43
628.0,0.453125,,a2c_pointer,,,seed,43
644.0,0.39687500000000003,,a2c_pointer,,,seed,43
660.0,0.35586734693877553,,a2c_pointer,,,seed,43
676.0,0.41796875,,a2c_pointer,,,seed,43
692.0,0.41718750000000004,,a2c_pointer,,,seed,43
708.0,0.4005102040816326,,a2c_pointer,,,seed,43
724.0,0.48828125,,a2c_pointer,,,seed,43
740.0,0.4515625,,a2c_pointer,,,seed,43
756.0,0.3392857142857143,,a2c_pointer,,,seed,43
772.0,0.486328125,,a2c_pointer,,,seed,43
788.0,0.44999999999999996,,a2c_pointer,,,seed,43
804.0,0.3839285714285714,,a2c_pointer,,,seed,43
820.0,0.435546875,,a2c_pointer,,,seed,43
836.0,0.40625,,a2c_pointer,,,seed,43
852.0,0.4323979591836735,,a2c_pointer,,,seed,43
868.0,0.43359375,,a2c_pointer,,,seed,43
884.0,0.43124999999999997,,a2c_pointer,,,seed,43
900.0,0.44005102040816324,,a2c_pointer,,,seed,43
916.0,0.484375,,a2c_pointer,,,seed,43
932.0,0.4046875,,a2c_pointer,,,seed,43
948.0,0.3877551020408163,,a2c_pointer,,,seed,43
964.0,0.4375,,a2c_pointer,,,seed,43
980.0,0.4953125,,a2c_pointer,,,seed,43
996.0,0.451530612244898,,a2c_pointer,,,seed,43
1000.0,0.4921875,,a2c_pointer,,,seed,43
1016.0,0.490625,,a2c_pointer,,,seed,43
1032.0,0.4642857142857143,,a2c_pointer,,,seed,43
1048.0,0.46484375,,a2c_pointer,,,seed,43
1064.0,0.409375,,a2c_pointer,,,seed,43
1080.0,0.44005102040816324,,a2c_pointer,,,seed,43
1096.0,0.48046875,,a2c_pointer,,,seed,43
1112.0,0.34531249999999997,,a2c_pointer,,,seed,43
1128.0,0.35076530612244894,,a2c_pointer,,,seed,43
1144.0,0.375,,a2c_pointer,,,seed,43
1160.0,0.3484375,,a2c_pointer,,,seed,43
1176.0,0.4323979591836735,,a2c_pointer,,,seed,43
1192.0,0.546875,,a2c_pointer,,,seed,43
1208.0,0.490625,,a2c_pointer,,,seed,43
1224.0,0.4477040816326531,,a2c_pointer,,,seed,43
1240.0,0.474609375,,a2c_pointer,,,seed,43
1256.0,0.421875,,a2c_pointer,,,seed,43
1272.0,0.42219387755102045,,a2c_pointer,,,seed,43
1288.0,0.455078125,,a2c_pointer,,,seed,43
1304.0,0.525,,a2c_pointer,,,seed,43
1320.0,0.4655612244897959,,a2c_pointer,,,seed,43
1336.0,0.45703125,,a2c_pointer,,,seed,43
1352.0,0.41875,,a2c_pointer,,,seed,43
1368.0,0.4387755102040816,,a2c_pointer,,,seed,43
1384.0,0.455078125,,a2c_pointer,,,seed,43
1400.0,0.5,,a2c_pointer,,,seed,43
1416.0,0.4362244897959183,,a2c_pointer,,,seed,43
1432.0,0.490234375,,a2c_pointer,,,seed,43
1448.0,0.5093749999999999,,a2c_pointer,,,seed,43
1464.0,0.40433673469387754,,a2c_pointer,,,seed,43
1480.0,0.48046875,,a2c_pointer,,,seed,43
1496.0,0.43906249999999997,,a2c_pointer,,,seed,43
1500.0,0.46938775510204084,,a2c_pointer,,,seed,43
1516.0,0.517578125,,a2c_pointer,,,seed,43
1532.0,0.4640625,,a2c_pointer,,,seed,43
1548.0,0.5408163265306123,,a2c_pointer,,,seed,43
1564.0,0.46875,,a2c_pointer,,,seed,43
1580.0,0.4609375,,a2c_pointer,,,seed,43
1596.0,0.44897959183673464,,a2c_pointer,,,seed,43
1612.0,0.5,,a2c_pointer,,,seed,43
1628.0,0.42656249999999996,,a2c_pointer,,,seed,43
1644.0,0.4464285714285714,,a2c_pointer,,,seed,43
1660.0,0.435546875,,a2c_pointer,,,seed,43
1676.0,0.4484375,,a2c_pointer,,,seed,43
1692.0,0.41326530612244894,,a2c_pointer,,,seed,43
1708.0,0.45703125,,a2c_pointer,,,seed,43
1724.0,0.4171875,,a2c_pointer,,,seed,43
1740.0,0.4489795918367347,,a2c_pointer,,,seed,43
1756.0,0.544921875,,a2c_pointer,,,seed,43
1772.0,0.4046875,,a2c_pointer,,,seed,43
1788.0,0.4387755102040816,,a2c_pointer,,,seed,43
1804.0,0.505859375,,a2c_pointer,,,seed,43
1820.0,0.46562499999999996,,a2c_pointer,,,seed,43
1836.0,0.41836734693877553,,a2c_pointer,,,seed,43
1852.0,0.513671875,,a2c_pointer,,,seed,43
1868.0,0.47968750000000004,,a2c_pointer,,,seed,43
1884.0,0.44515306122448983,,a2c_pointer,,,seed,43
1900.0,0.501953125,,a2c_pointer,,,seed,43
1916.0,0.4625,,a2c_pointer,,,seed,43
1932.0,0.44005102040816324,,a2c_pointer,,,seed,43
1948.0,0.419921875,,a2c_pointer,,,seed,43
1964.0,0.4296875,,a2c_pointer,,,seed,43
1980.0,0.4107142857142857,,a2c_pointer,,,seed,43
1996.0,0.46484375,,a2c_pointer,,,seed,43
2000.0,0.50625,,a2c_pointer,,,seed,43
2016.0,0.46683673469387754,,a2c_pointer,,,seed,43
2032.0,0.447265625,,a2c_pointer,,,seed,43
2048.0,0.44999999999999996,,a2c_pointer,,,seed,43
2064.0,0.4770408163265306,,a2c_pointer,,,seed,43
2080.0,0.47265625,,a2c_pointer,,,seed,43
2096.0,0.53125,,a2c_pointer,,,seed,43
2112.0,0.46173469387755106,,a2c_pointer,,,seed,43
2128.0,0.4921875,,a2c_pointer,,,seed,43
2144.0,0.4109375,,a2c_pointer,,,seed,43
2160.0,0.48086734693877553,,a2c_pointer,,,seed,43
2176.0,0.4140625,,a2c_pointer,,,seed,43
2192.0,0.4890625,,a2c_pointer,,,seed,43
2208.0,0.5114795918367347,,a2c_pointer,,,seed,43
2224.0,0.5078125,,a2c_pointer,,,seed,43
2240.0,0.5234375,,a2c_pointer,,,seed,43
2256.0,0.4451530612244898,,a2c_pointer,,,seed,43
2272.0,0.5,,a2c_pointer,,,seed,43
2288.0,0.5,,a2c_pointer,,,seed,43
2304.0,0.4451530612244898,,a2c_pointer,,,seed,43
2320.0,0.607421875,,a2c_pointer,,,seed,43
2336.0,0.4953125,,a2c_pointer,,,seed,43
2352.0,0.4477040816326531,,a2c_pointer,,,seed,43
2368.0,0.48828125,,a2c_pointer,,,seed,43
2384.0,0.49687500000000007,,a2c_pointer,,,seed,43
2400.0,0.45663265306122447,,a2c_pointer,,,seed,43
2416.0,0.45703125,,a2c_pointer,,,seed,43
2432.0,0.46875000000000006,,a2c_pointer,,,seed,43
2448.0,0.41964285714285715,,a2c_pointer,,,seed,43
2464.0,0.517578125,,a2c_pointer,,,seed,43
2480.0,0.4140625,,a2c_pointer,,,seed,43
2496.0,0.4413265306122449,,a2c_pointer,,,seed,43
2500.0,0.5390625,,a2c_pointer,,,seed,43
2516.0,0.3984375,,a2c_pointer,,,seed,43
2532.0,0.4553571428571429,,a2c_pointer,,,seed,43
2548.0,0.48828125,,a2c_pointer,,,seed,43
2564.0,0.5125,,a2c_pointer,,,seed,43
2580.0,0.4579081632653061,,a2c_pointer,,,seed,43
2596.0,0.513671875,,a2c_pointer,,,seed,43
2612.0,0.5140625,,a2c_pointer,,,seed,43
2628.0,0.43112244897959184,,a2c_pointer,,,seed,43
2644.0,0.494140625,,a2c_pointer,,,seed,43
2660.0,0.46406250000000004,,a2c_pointer,,,seed,43
2676.0,0.5076530612244897,,a2c_pointer,,,seed,43
2692.0,0.46484375,,a2c_pointer,,,seed,43
2708.0,0.5625,,a2c_pointer,,,seed,43
2724.0,0.4706632653061224,,a2c_pointer,,,seed,43
2740.0,0.50390625,,a2c_pointer,,,seed,43
2756.0,0.4625,,a2c_pointer,,,seed,43
2772.0,0.4272959183673469,,a2c_pointer,,,seed,43
2788.0,0.517578125,,a2c_pointer,,,seed,43
2804.0,0.49843750000000003,,a2c_pointer,,,seed,43
2820.0,0.47066326530612246,,a2c_pointer,,,seed,43
2836.0,0.4453125,,a2c_pointer,,,seed,43
2852.0,0.453125,,a2c_pointer,,,seed,43
2868.0,0.4553571428571429,,a2c_pointer,,,seed,43
2884.0,0.501953125,,a2c_pointer,,,seed,43
2900.0,0.42500000000000004,,a2c_pointer,,,seed,43
2916.0,0.451530612244898,,a2c_pointer,,,seed,43
2932.0,0.47265625,,a2c_pointer,,,seed,43
2948.0,0.45625000000000004,,a2c_pointer,,,seed,43
2964.0,0.42091836734693877,,a2c_pointer,,,seed,43
2980.0,0.44921875,,a2c_pointer,,,seed,43
2996.0,0.4921875,,a2c_pointer,,,seed,43
3000.0,0.44897959183673475,,a2c_pointer,,,seed,43
16.0,0.236328125,,a2c_pointer,,,seed,44
32.0,0.178125,,a2c_pointer,,,seed,44
48.0,0.21683673469387757,,a2c_pointer,,,seed,44
64.0,0.263671875,,a2c_pointer,,,seed,44
80.0,0.259375,,a2c_pointer,,,seed,44
96.0,0.2028061224489796,,a2c_pointer,,,seed,44
112.0,0.275390625,,a2c_pointer,,,seed,44
128.0,0.296875,,a2c_pointer,,,seed,44
144.0,0.27168367346938777,,a2c_pointer,,,seed,44
160.0,0.35546875,,a2c_pointer,,,seed,44
176.0,0.30937499999999996,,a2c_pointer,,,seed,44
192.0,0.2346938775510204,,a2c_pointer,,,seed,44
208.0,0.330078125,,a2c_pointer,,,seed,44
224.0,0.32499999999999996,,a2c_pointer,,,seed,44
240.0,0.2385204081632653,,a2c_pointer,,,seed,44
250.0,0.390625,,a2c_pointer,,,seed,44
266.0,0.275,,a2c_pointer,,,seed,44
282.0,0.22066326530612246,,a2c_pointer,,,seed,44
298.0,0.3828125,,a2c_pointer,,,seed,44
314.0,0.2984375,,a2c_pointer,,,seed,44
330.0,0.28316326530612246,,a2c_pointer,,,seed,44
346.0,0.36328125,,a2c_pointer,,,seed,44
362.0,0.275,,a2c_pointer,,,seed,44
378.0,0.26785714285714285,,a2c_pointer,,,seed,44
394.0,0.349609375,,a2c_pointer,,,seed,44
410.0,0.3515625,,a2c_pointer,,,seed,44
426.0,0.33290816326530615,,a2c_pointer,,,seed,44
442.0,0.34765625,,a2c_pointer,,,seed,44
458.0,0.29375,,a2c_pointer,,,seed,44
474.0,0.2767857142857143,,a2c_pointer,,,seed,44
490.0,0.388671875,,a2c_pointer,,,seed,44
500.0,0.3675,,a2c_pointer,,,seed,44
516.0,0.34566326530612246,,a2c_pointer,,,seed,44
532.0,0.341796875,,a2c_pointer,,,seed,44
548.0,0.3734375,,a2c_pointer,,,seed,44
564.0,0.3520408163265306,,a2c_pointer,,,seed,44
580.0,0.369140625,,a2c_pointer,,,seed,44
596.0,0.3828125,,a2c_pointer,,,seed,44
612.0,0.3877551020408163,,a2c_pointer,,,seed,44
628.0,0.388671875,,a2c_pointer,,,seed,44
644.0,0.428125,,a2c_pointer,,,seed,44
660.0,0.39413265306122447,,a2c_pointer,,,seed,44
676.0,0.4609375,,a2c_pointer,,,seed,44
692.0,0.39531249999999996,,a2c_pointer,,,seed,44
708.0,0.3635204081632653,,a2c_pointer,,,seed,44
724.0,0.412109375,,a2c_pointer,,,seed,44
740.0,0.45624999999999993,,a2c_pointer,,,seed,44
756.0,0.39158163265306123,,a2c_pointer,,,seed,44
772.0,0.484375,,a2c_pointer,,,seed,44
788.0,0.41718750000000004,,a2c_pointer,,,seed,44
804.0,0.4119897959183674,,a2c_pointer,,,seed,44
820.0,0.455078125,,a2c_pointer,,,seed,44
836.0,0.4421875,,a2c_pointer,,,seed,44
852.0,0.4221938775510204,,a2c_pointer,,,seed,44
868.0,0.443359375,,a2c_pointer,,,seed,44
884.0,0.471875,,a2c_pointer,,,seed,44
900.0,0.3877551020408163,,a2c_pointer,,,seed,44
916.0,0.478515625,,a2c_pointer,,,seed,44
932.0,0.40625,,a2c_pointer,,,seed,44
948.0,0.3877551020408163,,a2c_pointer,,,seed,44
964.0,0.46875,,a2c_pointer,,,seed,44
980.0,0.45,,a2c_pointer,,,seed,44
996.0,0.4553571428571428,,a2c_pointer,,,seed,44
1000.0,0.515625,,a2c_pointer,,,seed,44
1016.0,0.43437500000000007,,a2c_pointer,,,seed,44
1032.0,0.4362244897959183,,a2c_pointer,,,seed,44
1048.0,0.44921875,,a2c_pointer,,,seed,44
1064.0,0.496875,,a2c_pointer,,,seed,44
1080.0,0.4553571428571428,,a2c_pointer,,,seed,44
1096.0,0.431640625,,a2c_pointer,,,seed,44
1112.0,0.51875,,a2c_pointer,,,seed,44
1128.0,0.47576530612244894,,a2c_pointer,,,seed,44
1144.0,0.4453125,,a2c_pointer,,,seed,44
1160.0,0.4078125,,a2c_pointer,,,seed,44
1176.0,0.451530612244898,,a2c_pointer,,,seed,44
1192.0,0.560546875,,a2c_pointer,,,seed,44
1208.0,0.484375,,a2c_pointer,,,seed,44
1224.0,0.47193877551020413,,a2c_pointer,,,seed,44
1240.0,0.47265625,,a2c_pointer,,,seed,44
1256.0,0.459375,,a2c_pointer,,,seed,44
1272.0,0.45535714285714285,,a2c_pointer,,,seed,44
1288.0,0.44140625,,a2c_pointer,,,seed,44
1304.0,0.41874999999999996,,a2c_pointer,,,seed,44
1320.0,0.40433673469387754,,a2c_pointer,,,seed,44
1336.0,0.52734375,,a2c_pointer,,,seed,44
1352.0,0.5484374999999999,,a2c_pointer,,,seed,44
1368.0,0.41709183673469385,,a2c_pointer,,,seed,44
1384.0,0.45703125,,a2c_pointer,,,seed,44
1400.0,0.5203125,,a2c_pointer,,,seed,44
1416.0,0.4528061224489796,,a2c_pointer,,,seed,44
1432.0,0.4453125,,a2c_pointer,,,seed,44
1448.0,0.51875,,a2c_pointer,,,seed,44
1464.0,0.5306122448979591,,a2c_pointer,,,seed,44
1480.0,0.5546875,,a2c_pointer,,,seed,44
1496.0,0.490625,,a2c_pointer,,,seed,44
1500.0,0.2857142857142857,,a2c_pointer,,,seed,44
1516.0,0.5390625,,a2c_pointer,,,seed,44
1532.0,0.409375,,a2c_pointer,,,seed,44
1548.0,0.4336734693877551,,a2c_pointer,,,seed,44
1564.0,0.421875,,a2c_pointer,,,seed,44
1580.0,0.421875,,a2c_pointer,,,seed,44
1596.0,0.48341836734693877,,a2c_pointer,,,seed,44
1612.0,0.451171875,,a2c_pointer,,,seed,44
1628.0,0.3984375,,a2c_pointer,,,seed,44
1644.0,0.4961734693877551,,a2c_pointer,,,seed,44
1660.0,0.458984375,,a2c_pointer,,,seed,44
1676.0,0.440625,,a2c_pointer,,,seed,44
1692.0,0.42219387755102045,,a2c_pointer,,,seed,44
1708.0,0.46484375,,a2c_pointer,,,seed,44
1724.0,0.4859375,,a2c_pointer,,,seed,44
1740.0,0.4681122448979592,,a2c_pointer,,,seed,44
1756.0,0.52734375,,a2c_pointer,,,seed,44
1772.0,0.3484375,,a2c_pointer,,,seed,44
1788.0,0.4489795918367347,,a2c_pointer,,,seed,44
1804.0,0.4296875,,a2c_pointer,,,seed,44
1820.0,0.4515625,,a2c_pointer,,,seed,44
1836.0,0.41581632653061223,,a2c_pointer,,,seed,44
1852.0,0.478515625,,a2c_pointer,,,seed,44
1868.0,0.49531249999999993,,a2c_pointer,,,seed,44
1884.0,0.44387755102040816,,a2c_pointer,,,seed,44
1900.0,0.486328125,,a2c_pointer,,,seed,44
1916.0,0.5046875,,a2c_pointer,,,seed,44
1932.0,0.4732142857142857,,a2c_pointer,,,seed,44
1948.0,0.484375,,a2c_pointer,,,seed,44
1964.0,0.4578125,,a2c_pointer,,,seed,44
1980.0,0.4183673469387755,,a2c_pointer,,,seed,44
1996.0,0.51171875,,a2c_pointer,,,seed,44
2000.0,0.43125,,a2c_pointer,,,seed,44
2016.0,0.4630102040816327,,a2c_pointer,,,seed,44
2032.0,0.4921875,,a2c_pointer,,,seed,44
2048.0,0.525,,a2c_pointer,,,seed,44
2064.0,0.41964285714285715,,a2c_pointer,,,seed,44
2080.0,0.517578125,,a2c_pointer,,,seed,44
2096.0,0.4546875,,a2c_pointer,,,seed,44
2112.0,0.4362244897959184,,a2c_pointer,,,seed,44
2128.0,0.443359375,,a2c_pointer,,,seed,44
2144.0,0.490625,,a2c_pointer,,,seed,44
2160.0,0.44005102040816324,,a2c_pointer,,,seed,44
2176.0,0.44921875,,a2c_pointer,,,seed,44
2192.0,0.43281249999999993,,a2c_pointer,,,seed,44
2208.0,0.4094387755102041,,a2c_pointer,,,seed,44
2224.0,0.48046875,,a2c_pointer,,,seed,44
2240.0,0.4546875,,a2c_pointer,,,seed,44
2256.0,0.44005102040816324,,a2c_pointer,,,seed,44
2272.0,0.537109375,,a2c_pointer,,,seed,44
2288.0,0.4671875,,a2c_pointer,,,seed,44
2304.0,0.36224489795918363,,a2c_pointer,,,seed,44
2320.0,0.517578125,,a2c_pointer,,,seed,44
2336.0,0.5375,,a2c_pointer,,,seed,44
2352.0,0.49107142857142855,,a2c_pointer,,,seed,44
2368.0,0.50390625,,a2c_pointer,,,seed,44
2384.0,0.40625,,a2c_pointer,,,seed,44
2400.0,0.5165816326530612,,a2c_pointer,,,seed,44
2416.0,0.4375,,a2c_pointer,,,seed,44
2432.0,0.4453125,,a2c_pointer,,,seed,44
2448.0,0.42091836734693877,,a2c_pointer,,,seed,44
2464.0,0.470703125,,a2c_pointer,,,seed,44
2480.0,0.428125,,a2c_pointer,,,seed,44
2496.0,0.42602040816326525,,a2c_pointer,,,seed,44
2500.0,0.40625,,a2c_pointer,,,seed,44
2516.0,0.528125,,a2c_pointer,,,seed,44
2532.0,0.49489795918367346,,a2c_pointer,,,seed,44
2548.0,0.431640625,,a2c_pointer,,,seed,44
2564.0,0.49375,,a2c_pointer,,,seed,44
2580.0,0.4400510204081633,,a2c_pointer,,,seed,44
2596.0,0.48828125,,a2c_pointer,,,seed,44
2612.0,0.415625,,a2c_pointer,,,seed,44
2628.0,0.4145408163265306,,a2c_pointer,,,seed,44
2644.0,0.478515625,,a2c_pointer,,,seed,44
2660.0,0.459375,,a2c_pointer,,,seed,44
2676.0,0.4375,,a2c_pointer,,,seed,44
2692.0,0.435546875,,a2c_pointer,,,seed,44
2708.0,0.4515625,,a2c_pointer,,,seed,44
2724.0,0.48724489795918363,,a2c_pointer,,,seed,44
2740.0,0.5390625,,a2c_pointer,,,seed,44
2756.0,0.509375,,a2c_pointer,,,seed,44
2772.0,0.43112244897959184,,a2c_pointer,,,seed,44
2788.0,0.46875,,a2c_pointer,,,seed,44
2804.0,0.48125000000000007,,a2c_pointer,,,seed,44
2820.0,0.46683673469387754,,a2c_pointer,,,seed,44
2836.0,0.482421875,,a2c_pointer,,,seed,44
2852.0,0.553125,,a2c_pointer,,,seed,44
2868.0,0.5076530612244898,,a2c_pointer,,,seed,44
2884.0,0.4921875,,a2c_pointer,,,seed,44
2900.0,0.48281250000000003,,a2c_pointer,,,seed,44
2916.0,0.4477040816326531,,a2c_pointer,,,seed,44
2932.0,0.44921875,,a2c_pointer,,,seed,44
2948.0,0.45781249999999996,,a2c_pointer,,,seed,44
2964.0,0.44005102040816324,,a2c_pointer,,,seed,44
2980.0,0.45703125,,a2c_pointer,,,seed,44
2996.0,0.4609375,,a2c_pointer,,,seed,44
3000.0,0.29591836734693877,,a2c_pointer,,,seed,44
16.0,0.21484375,,a2c_pointer,,,seed,45
32.0,0.2109375,,a2c_pointer,,,seed,45
48.0,0.1875,,a2c_pointer,,,seed,45
64.0,0.2421875,,a2c_pointer,,,seed,45
80.0,0.29374999999999996,,a2c_pointer,,,seed,45
96.0,0.25510204081632654,,a2c_pointer,,,seed,45
112.0,0.3125,,a2c_pointer,,,seed,45
128.0,0.29218750000000004,,a2c_pointer,,,seed,45
144.0,0.2729591836734694,,a2c_pointer,,,seed,45
160.0,0.3515625,,a2c_pointer,,,seed,45
176.0,0.30312500000000003,,a2c_pointer,,,seed,45
192.0,0.28443877551020413,,a2c_pointer,,,seed,45
208.0,0.357421875,,a2c_pointer,,,seed,45
224.0,0.29375,,a2c_pointer,,,seed,45
240.0,0.33290816326530615,,a2c_pointer,,,seed,45
250.0,0.396875,,a2c_pointer,,,seed,45
266.0,0.30625,,a2c_pointer,,,seed,45
282.0,0.25637755102040816,,a2c_pointer,,,seed,45
298.0,0.353515625,,a2c_pointer,,,seed,45
314.0,0.3078125,,a2c_pointer,,,seed,45
330.0,0.3341836734693877,,a2c_pointer,,,seed,45
346.0,0.37890625,,a2c_pointer,,,seed,45
362.0,0.3546875,,a2c_pointer,,,seed,45
378.0,0.3252551020408163,,a2c_pointer,,,seed,45
394.0,0.35546875,,a2c_pointer,,,seed,45
410.0,0.33906250000000004,,a2c_pointer,,,seed,45
426.0,0.3520408163265306,,a2c_pointer,,,seed,45
442.0,0.37890625,,a2c_pointer,,,seed,45
458.0,0.4046875,,a2c_pointer,,,seed,45
474.0,0.33290816326530615,,a2c_pointer,,,seed,45
490.0,0.44140625,,a2c_pointer,,,seed,45
500.0,0.4325,,a2c_pointer,,,seed,45
516.0,0.3647959183673469,,a2c_pointer,,,seed,45
532.0,0.412109375,,a2c_pointer,,,seed,45
548.0,0.428125,,a2c_pointer,,,seed,45
564.0,0.3596938775510204,,a2c_pointer,,,seed,45
580.0,0.41015625,,a2c_pointer,,,seed,45
596.0,0.3546875,,a2c_pointer,,,seed,45
612.0,0.34566326530612246,,a2c_pointer,,,seed,45
628.0,0.3828125,,a2c_pointer,,,seed,45
644.0,0.3734375,,a2c_pointer,,,seed,45
660.0,0.37755102040816324,,a2c_pointer,,,seed,45
676.0,0.501953125,,a2c_pointer,,,seed,45
692.0,0.3265625,,a2c_pointer,,,seed,45
708.0,0.35331632653061223,,a2c_pointer,,,seed,45
724.0,0.47265625,,a2c_pointer,,,seed,45
740.0,0.4375,,a2c_pointer,,,seed,45
756.0,0.375,,a2c_pointer,,,seed,45
772.0,0.5078125,,a2c_pointer,,,seed,45
788.0,0.4546875,,a2c_pointer,,,seed,45
804.0,0.41709183673469385,,a2c_pointer,,,seed,45
820.0,0.453125,,a2c_pointer,,,seed,45
836.0,0.475,,a2c_pointer,,,seed,45
852.0,0.40433673469387754,,a2c_pointer,,,seed,45
868.0,0.4453125,,a2c_pointer,,,seed,45
884.0,0.440625,,a2c_pointer,,,seed,45
900.0,0.4145408163265306,,a2c_pointer,,,seed,45
916.0,0.423828125,,a2c_pointer,,,seed,45
932.0,0.4671875,,a2c_pointer,,,seed,45
948.0,0.4655612244897959,,a2c_pointer,,,seed,45
964.0,0.455078125,,a2c_pointer,,,seed,45
980.0,0.43125,,a2c_pointer,,,seed,45
996.0,0.42857142857142855,,a2c_pointer,,,seed,45
1000.0,0.5078125,,a2c_pointer,,,seed,45
1016.0,0.44375,,a2c_pointer,,,seed,45
1032.0,0.45535714285714285,,a2c_pointer,,,seed,45
1048.0,0.455078125,,a2c_pointer,,,seed,45
1064.0,0.4453125,,a2c_pointer,,,seed,45
1080.0,0.451530612244898,,a2c_pointer,,,seed,45
1096.0,0.439453125,,a2c_pointer,,,seed,45
1112.0,0.47187500000000004,,a2c_pointer,,,seed,45
1128.0,0.4094387755102041,,a2c_pointer,,,seed,45
1144.0,0.453125,,a2c_pointer,,,seed,45
1160.0,0.503125,,a2c_pointer,,,seed,45
1176.0,0.44515306122448983,,a2c_pointer,,,seed,45
1192.0,0.44921875,,a2c_pointer,,,seed,45
1208.0,0.45625,,a2c_pointer,,,seed,45
1224.0,0.42091836734693877,,a2c_pointer,,,seed,45
1240.0,0.49609375,,a2c_pointer,,,seed,45
1256.0,0.46562500000000007,,a2c_pointer,,,seed,45
1272.0,0.44387755102040816,,a2c_pointer,,,seed,45
1288.0,0.453125,,a2c_pointer,,,seed,45
1304.0,0.475,,a2c_pointer,,,seed,45
1320.0,0.3852040816326531,,a2c_pointer,,,seed,45
1336.0,0.517578125,,a2c_pointer,,,seed,45
1352.0,0.4828125,,a2c_pointer,,,seed,45
1368.0,0.40688775510204084,,a2c_pointer,,,seed,45
1384.0,0.529296875,,a2c_pointer,,,seed,45
1400.0,0.4765625,,a2c_pointer,,,seed,45
1416.0,0.4375,,a2c_pointer,,,seed,45
1432.0,0.44921875,,a2c_pointer,,,seed,45
1448.0,0.484375,,a2c_pointer,,,seed,45
1464.0,0.3877551020408163,,a2c_pointer,,,seed,45
1480.0,0.470703125,,a2c_pointer,,,seed,45
1496.0,0.48125,,a2c_pointer,,,seed,45
1500.0,0.45408163265306123,,a2c_pointer,,,seed,45
1516.0,0.49609375,,a2c_pointer,,,seed,45
1532.0,0.42656249999999996,,a2c_pointer,,,seed,45
1548.0,0.43112244897959184,,a2c_pointer,,,seed,45
1564.0,0.45703125,,a2c_pointer,,,seed,45
1580.0,0.459375,,a2c_pointer,,,seed,45
1596.0,0.4247448979591837,,a2c_pointer,,,seed,45
1612.0,0.552734375,,a2c_pointer,,,seed,45
1628.0,0.4921875,,a2c_pointer,,,seed,45
1644.0,0.44387755102040816,,a2c_pointer,,,seed,45
1660.0,0.4453125,,a2c_pointer,,,seed,45
1676.0,0.4609375,,a2c_pointer,,,seed,45
1692.0,0.43239795918367346,,a2c_pointer,,,seed,45
1708.0,0.38671875,,a2c_pointer,,,seed,45
1724.0,0.44062500000000004,,a2c_pointer,,,seed,45
1740.0,0.47831632653061223,,a2c_pointer,,,seed,45
1756.0,0.482421875,,a2c_pointer,,,seed,45
1772.0,0.3953125,,a2c_pointer,,,seed,45
1788.0,0.4744897959183673,,a2c_pointer,,,seed,45
1804.0,0.455078125,,a2c_pointer,,,seed,45
1820.0,0.446875,,a2c_pointer,,,seed,45
1836.0,0.43112244897959184,,a2c_pointer,,,seed,45
1852.0,0.513671875,,a2c_pointer,,,seed,45
1868.0,0.45156250000000003,,a2c_pointer,,,seed,45
1884.0,0.4272959183673469,,a2c_pointer,,,seed,45
1900.0,0.482421875,,a2c_pointer,,,seed,45
1916.0,0.42656250000000007,,a2c_pointer,,,seed,45
1932.0,0.4579081632653061,,a2c_pointer,,,seed,45
1948.0,0.45703125,,a2c_pointer,,,seed,45
1964.0,0.5140625,,a2c_pointer,,,seed,45
1980.0,0.4502551020408163,,a2c_pointer,,,seed,45
1996.0,0.4375,,a2c_pointer,,,seed,45
2000.0,0.41874999999999996,,a2c_pointer,,,seed,45
2016.0,0.4681122448979592,,a2c_pointer,,,seed,45
2032.0,0.44140625,,a2c_pointer,,,seed,45
2048.0,0.4921875,,a2c_pointer,,,seed,45
2064.0,0.4808673469387755,,a2c_pointer,,,seed,45
2080.0,0.458984375,,a2c_pointer,,,seed,45
2096.0,0.4796875,,a2c_pointer,,,seed,45
2112.0,0.48852040816326525,,a2c_pointer,,,seed,45
2128.0,0.5078125,,a2c_pointer,,,seed,45
2144.0,0.5265624999999999,,a2c_pointer,,,seed,45
2160.0,0.41581632653061223,,a2c_pointer,,,seed,45
2176.0,0.494140625,,a2c_pointer,,,seed,45
2192.0,0.4328125,,a2c_pointer,,,seed,45
2208.0,0.4987244897959183,,a2c_pointer,,,seed,45
2224.0,0.544921875,,a2c_pointer,,,seed,45
2240.0,0.4015625,,a2c_pointer,,,seed,45
2256.0,0.4630102040816326,,a2c_pointer,,,seed,45
2272.0,0.447265625,,a2c_pointer,,,seed,45
2288.0,0.475,,a2c_pointer,,,seed,45
2304.0,0.4489795918367347,,a2c_pointer,,,seed,45
2320.0,0.44140625,,a2c_pointer,,,seed,45
2336.0,0.45,,a2c_pointer,,,seed,45
2352.0,0.40433673469387754,,a2c_pointer,,,seed,45
2368.0,0.541015625,,a2c_pointer,,,seed,45
2384.0,0.46875,,a2c_pointer,,,seed,45
2400.0,0.4298469387755102,,a2c_pointer,,,seed,45
2416.0,0.5234375,,a2c_pointer,,,seed,45
2432.0,0.5,,a2c_pointer,,,seed,45
2448.0,0.41326530612244894,,a2c_pointer,,,seed,45
2464.0,0.486328125,,a2c_pointer,,,seed,45
2480.0,0.459375,,a2c_pointer,,,seed,45
2496.0,0.45535714285714285,,a2c_pointer,,,seed,45
2500.0,0.5,,a2c_pointer,,,seed,45
2516.0,0.4828125,,a2c_pointer,,,seed,45
2532.0,0.4477040816326531,,a2c_pointer,,,seed,45
2548.0,0.513671875,,a2c_pointer,,,seed,45
2564.0,0.4781249999999999,,a2c_pointer,,,seed,45
2580.0,0.4770408163265306,,a2c_pointer,,,seed,45
2596.0,0.521484375,,a2c_pointer,,,seed,45
2612.0,0.41718749999999993,,a2c_pointer,,,seed,45
2628.0,0.45280612244897955,,a2c_pointer,,,seed,45
2644.0,0.400390625,,a2c_pointer,,,seed,45
2660.0,0.4765625,,a2c_pointer,,,seed,45
2676.0,0.4655612244897959,,a2c_pointer,,,seed,45
2692.0,0.51171875,,a2c_pointer,,,seed,45
2708.0,0.43281249999999993,,a2c_pointer,,,seed,45
2724.0,0.4183673469387755,,a2c_pointer,,,seed,45
2740.0,0.4296875,,a2c_pointer,,,seed,45
2756.0,0.40937500000000004,,a2c_pointer,,,seed,45
2772.0,0.41709183673469385,,a2c_pointer,,,seed,45
2788.0,0.439453125,,a2c_pointer,,,seed,45
2804.0,0.4140625,,a2c_pointer,,,seed,45
2820.0,0.2895408163265306,,a2c_pointer,,,seed,45
2836.0,0.357421875,,a2c_pointer,,,seed,45
2852.0,0.47343750000000007,,a2c_pointer,,,seed,45
2868.0,0.45790816326530615,,a2c_pointer,,,seed,45
2884.0,0.505859375,,a2c_pointer,,,seed,45
2900.0,0.47187500000000004,,a2c_pointer,,,seed,45
2916.0,0.38010204081632654,,a2c_pointer,,,seed,45
2932.0,0.435546875,,a2c_pointer,,,seed,45
2948.0,0.48125000000000007,,a2c_pointer,,,seed,45
2964.0,0.47066326530612246,,a2c_pointer,,,seed,45
2980.0,0.466796875,,a2c_pointer,,,seed,45
2996.0,0.4453125,,a2c_pointer,,,seed,45
3000.0,0.4387755102040816,,a2c_pointer,,,seed,45
16.0,0.236328125,,a2c_pointer,,,seed,46
32.0,0.2484375,,a2c_pointer,,,seed,46
48.0,0.20790816326530612,,a2c_pointer,,,seed,46
64.0,0.349609375,,a2c_pointer,,,seed,46
80.0,0.24218750000000003,,a2c_pointer,,,seed,46
96.0,0.2232142857142857,,a2c_pointer,,,seed,46
112.0,0.3203125,,a2c_pointer,,,seed,46
128.0,0.3046875,,a2c_pointer,,,seed,46
144.0,0.2602040816326531,,a2c_pointer,,,seed,46
160.0,0.31640625,,a2c_pointer,,,seed,46
176.0,0.315625,,a2c_pointer,,,seed,46
192.0,0.2895408163265306,,a2c_pointer,,,seed,46
208.0,0.37109375,,a2c_pointer,,,seed,46
224.0,0.3375,,a2c_pointer,,,seed,46
240.0,0.33035714285714285,,a2c_pointer,,,seed,46
250.0,0.403125,,a2c_pointer,,,seed,46
266.0,0.3359375,,a2c_pointer,,,seed,46
282.0,0.3278061224489796,,a2c_pointer,,,seed,46
298.0,0.3125,,a2c_pointer,,,seed,46
314.0,0.359375,,a2c_pointer,,,seed,46
330.0,0.29464285714285715,,a2c_pointer,,,seed,46
346.0,0.427734375,,a2c_pointer,,,seed,46
362.0,0.325,,a2c_pointer,,,seed,46
378.0,0.336734693877551,,a2c_pointer,,,seed,46
394.0,0.380859375,,a2c_pointer,,,seed,46
410.0,0.353125,,a2c_pointer,,,seed,46
426.0,0.3482142857142857,,a2c_pointer,,,seed,46
442.0,0.33984375,,a2c_pointer,,,seed,46
458.0,0.37187499999999996,,a2c_pointer,,,seed,46
474.0,0.326530612244898,,a2c_pointer,,,seed,46
490.0,0.419921875,,a2c_pointer,,,seed,46
500.0,0.4025,,a2c_pointer,,,seed,46
516.0,0.4336734693877551,,a2c_pointer,,,seed,46
532.0,0.431640625,,a2c_pointer,,,seed,46
548.0,0.3984375,,a2c_pointer,,,seed,46
564.0,0.36096938775510207,,a2c_pointer,,,seed,46
580.0,0.40234375,,a2c_pointer,,,seed,46
596.0,0.4453125,,a2c_pointer,,,seed,46
612.0,0.39923469387755106,,a2c_pointer,,,seed,46
628.0,0.40234375,,a2c_pointer,,,seed,46
644.0,0.45625000000000004,,a2c_pointer,,,seed,46
660.0,0.4107142857142857,,a2c_pointer,,,seed,46
676.0,0.470703125,,a2c_pointer,,,seed,46
692.0,0.4078125,,a2c_pointer,,,seed,46
708.0,0.3954081632653061,,a2c_pointer,,,seed,46
724.0,0.4921875,,a2c_pointer,,,seed,46
740.0,0.465625,,a2c_pointer,,,seed,46
756.0,0.4196428571428571,,a2c_pointer,,,seed,46
772.0,0.451171875,,a2c_pointer,,,seed,46
788.0,0.43749999999999994,,a2c_pointer,,,seed,46
804.0,0.3673469387755102,,a2c_pointer,,,seed,46
820.0,0.419921875,,a2c_pointer,,,seed,46
836.0,0.45625,,a2c_pointer,,,seed,46
852.0,0.43367346938775514,,a2c_pointer,,,seed,46
868.0,0.482421875,,a2c_pointer,,,seed,46
884.0,0.459375,,a2c_pointer,,,seed,46
900.0,0.4451530612244898,,a2c_pointer,,,seed,46
916.0,0.47265625,,a2c_pointer,,,seed,46
932.0,0.4203125,,a2c_pointer,,,seed,46
948.0,0.39285714285714285,,a2c_pointer,,,seed,46
964.0,0.40625,,a2c_pointer,,,seed,46
980.0,0.434375,,a2c_pointer,,,seed,46
996.0,0.36734693877551017,,a2c_pointer,,,seed,46
1000.0,0.4453125,,a2c_pointer,,,seed,46
1016.0,0.4703125,,a2c_pointer,,,seed,46
1032.0,0.44387755102040816,,a2c_pointer,,,seed,46
1048.0,0.4765625,,a2c_pointer,,,seed,46
1064.0,0.4296875,,a2c_pointer,,,seed,46
1080.0,0.45280612244897955,,a2c_pointer,,,seed,46
1096.0,0.48828125,,a2c_pointer,,,seed,46
1112.0,0.384375,,a2c_pointer,,,seed,46
1128.0,0.4808673469387755,,a2c_pointer,,,seed,46
1144.0,0.541015625,,a2c_pointer,,,seed,46
1160.0,0.5093749999999999,,a2c_pointer,,,seed,46
1176.0,0.4604591836734694,,a2c_pointer,,,seed,46
1192.0,0.4765625,,a2c_pointer,,,seed,46
1208.0,0.4765625,,a2c_pointer,,,seed,46
1224.0,0.44260204081632654,,a2c_pointer,,,seed,46
1240.0,0.515625,,a2c_pointer,,,seed,46
1256.0,0.48593749999999997,,a2c_pointer,,,seed,46
1272.0,0.45535714285714285,,a2c_pointer,,,seed,46
1288.0,0.453125,,a2c_pointer,,,seed,46
1304.0,0.465625,,a2c_pointer,,,seed,46
1320.0,0.40178571428571425,,a2c_pointer,,,seed,46
1336.0,0.42578125,,a2c_pointer,,,seed,46
1352.0,0.39375,,a2c_pointer,,,seed,46
1368.0,0.5089285714285714,,a2c_pointer,,,seed,46
1384.0,0.44140625,,a2c_pointer,,,seed,46
1400.0,0.4734375,,a2c_pointer,,,seed,46
1416.0,0.44897959183673464,,a2c_pointer,,,seed,46
1432.0,0.4375,,a2c_pointer,,,seed,46
1448.0,0.51875,,a2c_pointer,,,seed,46
1464.0,0.45663265306122447,,a2c_pointer,,,seed,46
1480.0,0.53515625,,a2c_pointer,,,seed,46
1496.0,0.4578125,,a2c_pointer,,,seed,46
1500.0,0.46938775510204084,,a2c_pointer,,,seed,46
1516.0,0.44140625,,a2c_pointer,,,seed,46
1532.0,0.4546875,,a2c_pointer,,,seed,46
1548.0,0.4336734693877551,,a2c_pointer,,,seed,46
1564.0,0.478515625,,a2c_pointer,,,seed,46
1580.0,0.46093749999999994,,a2c_pointer,,,seed,46
1596.0,0.4451530612244898,,a2c_pointer,,,seed,46
1612.0,0.521484375,,a2c_pointer,,,seed,46
1628.0,0.47968750000000004,,a2c_pointer,,,seed,46
1644.0,0.423469387755102,,a2c_pointer,,,seed,46
1660.0,0.484375,,a2c_pointer,,,seed,46
1676.0,0.4359375,,a2c_pointer,,,seed,46
1692.0,0.4604591836734694,,a2c_pointer,,,seed,46
1708.0,0.44921875,,a2c_pointer,,,seed,46
1724.0,0.446875,,a2c_pointer,,,seed,46
1740.0,0.4961734693877551,,a2c_pointer,,,seed,46
1756.0,0.408203125,,a2c_pointer,,,seed,46
1772.0,0.4078125,,a2c_pointer,,,seed,46
1788.0,0.4170918367346939,,a2c_pointer,,,seed,46
1804.0,0.505859375,,a2c_pointer,,,seed,46
1820.0,0.42656250000000007,,a2c_pointer,,,seed,46
1836.0,0.423469387755102,,a2c_pointer,,,seed,46
1852.0,0.439453125,,a2c_pointer,,,seed,46
1868.0,0.5359375,,a2c_pointer,,,seed,46
1884.0,0.4681122448979592,,a2c_pointer,,,seed,46
1900.0,0.54296875,,a2c_pointer,,,seed,46
1916.0,0.49375,,a2c_pointer,,,seed,46
1932.0,0.389030612244898,,a2c_pointer,,,seed,46
1948.0,0.525390625,,a2c_pointer,,,seed,46
1964.0,0.4609375,,a2c_pointer,,,seed,46
1980.0,0.43112244897959184,,a2c_pointer,,,seed,46
1996.0,0.416015625,,a2c_pointer,,,seed,46
2000.0,0.58125,,a2c_pointer,,,seed,46
2016.0,0.46683673469387754,,a2c_pointer,,,seed,46
2032.0,0.537109375,,a2c_pointer,,,seed,46
2048.0,0.4671875,,a2c_pointer,,,seed,46
2064.0,0.4872448979591837,,a2c_pointer,,,seed,46
2080.0,0.52734375,,a2c_pointer,,,seed,46
2096.0,0.41875,,a2c_pointer,,,seed,46
2112.0,0.4591836734693877,,a2c_pointer,,,seed,46
2128.0,0.494140625,,a2c_pointer,,,seed,46
2144.0,0.43125,,a2c_pointer,,,seed,46
2160.0,0.4591836734693878,,a2c_pointer,,,seed,46
2176.0,0.44140625,,a2c_pointer,,,seed,46
2192.0,0.4453125,,a2c_pointer,,,seed,46
2208.0,0.40816326530612246,,a2c_pointer,,,seed,46
2224.0,0.431640625,,a2c_pointer,,,seed,46
2240.0,0.5328125,,a2c_pointer,,,seed,46
2256.0,0.47959183673469385,,a2c_pointer,,,seed,46
2272.0,0.48046875,,a2c_pointer,,,seed,46
2288.0,0.5140625000000001,,a2c_pointer,,,seed,46
2304.0,0.5038265306122449,,a2c_pointer,,,seed,46
2320.0,0.525390625,,a2c_pointer,,,seed,46
2336.0,0.5109375,,a2c_pointer,,,seed,46
2352.0,0.45790816326530615,,a2c_pointer,,,seed,46
2368.0,0.541015625,,a2c_pointer,,,seed,46
2384.0,0.44999999999999996,,a2c_pointer,,,seed,46
2400.0,0.45408163265306123,,a2c_pointer,,,seed,46
2416.0,0.537109375,,a2c_pointer,,,seed,46
2432.0,0.45000000000000007,,a2c_pointer,,,seed,46
2448.0,0.41581632653061223,,a2c_pointer,,,seed,46
2464.0,0.494140625,,a2c_pointer,,,seed,46
2480.0,0.4328125,,a2c_pointer,,,seed,46
2496.0,0.4400510204081633,,a2c_pointer,,,seed,46
2500.0,0.4921875,,a2c_pointer,,,seed,46
2516.0,0.4125,,a2c_pointer,,,seed,46
2532.0,0.45408163265306123,,a2c_pointer,,,seed,46
2548.0,0.4375,,a2c_pointer,,,seed,46
2564.0,0.5203125,,a2c_pointer,,,seed,46
2580.0,0.46683673469387754,,a2c_pointer,,,seed,46
2596.0,0.525390625,,a2c_pointer,,,seed,46
2612.0,0.509375,,a2c_pointer,,,seed,46
2628.0,0.5140306122448979,,a2c_pointer,,,seed,46
2644.0,0.478515625,,a2c_pointer,,,seed,46
2660.0,0.47656249999999994,,a2c_pointer,,,seed,46
2676.0,0.49362244897959184,,a2c_pointer,,,seed,46
2692.0,0.498046875,,a2c_pointer,,,seed,46
2708.0,0.421875,,a2c_pointer,,,seed,46
2724.0,0.44387755102040816,,a2c_pointer,,,seed,46
2740.0,0.533203125,,a2c_pointer,,,seed,46
2756.0,0.425,,a2c_pointer,,,seed,46
2772.0,0.44387755102040816,,a2c_pointer,,,seed,46
2788.0,0.521484375,,a2c_pointer,,,seed,46
2804.0,0.440625,,a2c_pointer,,,seed,46
2820.0,0.4451530612244898,,a2c_pointer,,,seed,46
2836.0,0.515625,,a2c_pointer,,,seed,46
2852.0,0.5125,,a2c_pointer,,,seed,46
2868.0,0.461734693877551,,a2c_pointer,,,seed,46
2884.0,0.41015625,,a2c_pointer,,,seed,46
2900.0,0.44687499999999997,,a2c_pointer,,,seed,46
2916.0,0.44132653061224486,,a2c_pointer,,,seed,46
2932.0,0.560546875,,a2c_pointer,,,seed,46
2948.0,0.4875,,a2c_pointer,,,seed,46
2964.0,0.4272959183673469,,a2c_pointer,,,seed,46
2980.0,0.5,,a2c_pointer,,,seed,46
2996.0,0.4625,,a2c_pointer,,,seed,46
3000.0,0.4897959183673469,,a2c_pointer,,,seed,46
0.0,,0.224609375,a2c_pointer,0.21484375,0.236328125,summary,
20.0,,0.22177734375,a2c_pointer,0.2138671875,0.22392578125,summary,
40.0,,0.20621811224489797,a2c_pointer,0.19921875,0.21170280612244896,summary,
60.0,,0.2466717155612245,a2c_pointer,0.235530931122449,0.2519630899234694,summary,
80.0,,0.259375,a2c_pointer,0.25,0.275,summary,
100.0,,0.23530173788265307,a2c_pointer,0.22731983418367346,0.24748883928571427,summary,
120.0,,0.29453125,a2c_pointer,0.2861328125,0.30234375,summary,
140.0,,0.27132493622448983,a2c_pointer,0.26238042091836733,0.2777662627551021,summary,
160.0,,0.31640625,a2c_pointer,0.314453125,0.3515625,summary,
180.0,,0.2984534438775511,a2c_pointer,0.29070471938775505,0.30910395408163266,summary,
200.0,,0.31728316326530615,a2c_pointer,0.28238600127551017,0.32093032525510207,summary,
220.0,,0.31181640624999996,a2c_pointer,0.30966796875,0.32626953124999997,summary,
240.0,,0.3163265306122449,a2c_pointer,0.24234693877551022,0.33035714285714285,summary,
260.0,,0.330078125,a2c_pointer,0.318359375,0.340234375,summary,
280.0,,0.29341517857142857,a2c_pointer,0.26261160714285714,0.31107700892857143,summary,
300.0,,0.347802734375,a2c_pointer,0.333349609375,0.356982421875,summary,
320.0,,0.3145926339285714,a2c_pointer,0.2927096619897959,0.3177016900510204,summary,
340.0,,0.3621352838010204,a2c_pointer,0.34364536830357145,0.3687370455994898,summary,
360.0,,0.33784179687500004,a2c_pointer,0.32827148437500003,0.35771484375,summary,
380.0,,0.3316476004464286,a2c_pointer,0.3290318080357143,0.34225027901785715,summary,
400.0,,0.350341796875,a2c_pointer,0.34931640625000004,0.370458984375,summary,
420.0,,0.3399035395408163,a2c_pointer,0.3302694515306122,0.34717394770408166,summary,
440.0,,0.3608996332908163,a2c_pointer,0.34581273915816324,0.3755480707908163,summary,
460.0,,0.36000876913265306,a2c_pointer,0.3231863839285714,0.3662069515306122,summary,
480.0,,0.3627580915178571,a2c_pointer,0.36155233577806123,0.3727977519132653,summary,
500.0,,0.4025,a2c_pointer,0.3675,0.4125,summary,
520.0,,0.3697484853316326,a2c_pointer,0.34469666772959184,0.37662428252551017,summary,
540.0,,0.3931640625,a2c_pointer,0.373828125,0.4150390625,summary,
560.0,,0.37033641581632654,a2c_pointer,0.35738998724489796,0.3768016581632653,summary,
580.0,,0.41015625,a2c_pointer,0.40234375,0.412109375,summary,
600.0,,0.3840481505102041,a2c_pointer,0.3668048469387755,0.41175860969387756,summary,
620.0,,0.38821348852040816,a2c_pointer,0.38653938137755106,0.40078922193877553,summary,
640.0,,0.4109375,a2c_pointer,0.37578124999999996,0.41826171874999996,summary,
660.0,,0.37755102040816324,a2c_pointer,0.37244897959183676,0.39413265306122447,summary,
680.0,,0.45498046875,a2c_pointer,0.44453125,0.45810546875,summary,
700.0,,0.40161033163265303,a2c_pointer,0.3794164540816326,0.4057079081632653,summary,
720.0,,0.4428212691326531,a2c_pointer,0.4200414540816326,0.46633848852040816,summary,
740.0,,0.4515625,a2c_pointer,0.4375,0.45624999999999993,summary,
760.0,,0.408203125,a2c_pointer,0.40798389668367346,0.4147799744897959,summary,
780.0,,0.45078125,a2c_pointer,0.4443359375,0.4681640625,summary,
800.0,,0.40044642857142854,a2c_pointer,0.3848852040816326,0.41328922193877554,summary,
820.0,,0.453125,a2c_pointer,0.435546875,0.455078125,summary,
840.0,,0.4500717474489796,a2c_pointer,0.4371890943877551,0.45060586734693875,summary,
860.0,,0.43299585459183676,a2c_pointer,0.43277662627551017,0.4466278698979592,summary,
880.0,,0.44941406250000004,a2c_pointer,0.441796875,0.46474609375,summary,
900.0,,0.4145408163265306,a2c_pointer,0.3877551020408163,0.44005102040816324,summary,
920.0,,0.46044921875,a2c_pointer,0.4595703125,0.46064453125,summary,
940.0,,0.40658482142857144,a2c_pointer,0.39700255102040816,0.44279336734693875,summary,
960.0,,0.4485012755102041,a2c_pointer,0.4250637755102041,0.4506935586734694,summary,
980.0,,0.45,a2c_pointer,0.434375,0.4640625,summary,
1000.0,,0.5078125,a2c_pointer,0.4921875,0.515625,summary,
1020.0,,0.4466517857142857,a2c_pointer,0.43483737244897963,0.46370376275510206,summary,
1040.0,,0.4552176339285714,a2c_pointer,0.44272161989795916,0.4602200255102041,summary,
1060.0,,0.44140625,a2c_pointer,0.431640625,0.44775390625,summary,
1080.0,,0.451530612244898,a2c_pointer,0.44005102040816324,0.45280612244897955,summary,
1100.0,,0.45341796875,a2c_pointer,0.44755859375,0.46201171875,summary,
1120.0,,0.4326211734693878,a2c_pointer,0.4214126275510204,0.44065688775510203,summary,
1140.0,,0.45292570153061223,a2c_pointer,0.442203443877551,0.4752570950255102,summary,
1160.0,,0.4765625,a2c_pointer,0.4078125,0.503125,summary,
1180.0,,0.46101721938775514,a2c_pointer,0.4461694834183674,0.464485012755102,summary,
1200.0,,0.4765625,a2c_pointer,0.452734375,0.51875,summary,
1220.0,,0.4510921556122449,a2c_pointer,0.4297512755102041,0.4584343112244898,summary,
1240.0,,0.474609375,a2c_pointer,0.47265625,0.49609375,summary,
1260.0,,0.4583705357142857,a2c_pointer,0.44657206632653057,0.4601881377551021,summary,
1280.0,,0.4483816964285714,a2c_pointer,0.4386360012755102,0.4485012755102041,summary,
1300.0,,0.4625,a2c_pointer,0.42880859375,0.46953124999999996,summary,
1320.0,,0.40178571428571425,a2c_pointer,0.4005102040816326,0.40433673469387754,summary,
1340.0,,0.4638671875,a2c_pointer,0.4474609375,0.50888671875,summary,
1360.0,,0.4496173469387755,a2c_pointer,0.4448501275510204,0.4513392857142857,summary,
1380.0,,0.45828683035714285,a2c_pointer,0.4510024713010204,0.4743203922193877,summary,
1400.0,,0.4765625,a2c_pointer,0.4734375,0.5,summary,
1420.0,,0.44610969387755095,a2c_pointer,0.4404296875,0.44972696109693877,summary,
1440.0,,0.478125,a2c_pointer,0.466796875,0.48203125,summary,
1460.0,,0.46823182397959184,a2c_pointer,0.43059630102040813,0.4721619897959184,summary,
1480.0,,0.48046875,a2c_pointer,0.470703125,0.53515625,summary,
1500.0,,0.45408163265306123,a2c_pointer,0.423469387755102,0.46938775510204084,summary,
1520.0,,0.48935546875,a2c_pointer,0.4787109375,0.50419921875,summary,
1540.0,,0.4288424744897959,a2c_pointer,0.42152423469387756,0.44418048469387755,summary,
1560.0,,0.450554049744898,a2c_pointer,0.4315011160714286,0.46730508609693877,summary,
1580.0,,0.46093749999999994,a2c_pointer,0.459375,0.4609375,summary,
1600.0,,0.4642358896683673,a2c_pointer,0.46173469387755095,0.4753567442602041,summary,
1620.0,,0.5005859375,a2c_pointer,0.46328125,0.50234375,summary,
1640.0,,0.44146205357142854,a2c_pointer,0.43752391581632655,0.45595503826530615,summary,
1660.0,,0.458984375,a2c_pointer,0.4453125,0.484375,summary,
1680.0,,0.44206792091836733,a2c_pointer,0.4396444515306122,0.4538026147959184,summary,
1700.0,,0.4435188137755102,a2c_pointer,0.43514827806122447,0.4548389668367347,summary,
1720.0,,0.44746093750000004,a2c_pointer,0.42714843750000003,0.48066406250000004,summary,
1740.0,,0.4681122448979592,a2c_pointer,0.45280612244897955,0.47831632653061223,summary,
1760.0,,0.46298828125,a2c_pointer,0.46064453125,0.4826171875,summary,
1780.0,,0.4217315051020408,a2c_pointer,0.412452168367347,0.43490114795918366,summary,
1800.0,,0.48366749043367346,a2c_pointer,0.45993104272959184,0.4890884088010204,summary,
1820.0,,0.4515625,a2c_pointer,0.446875,0.46562499999999996,summary,
1840.0,,0.4421934789540817,a2c_pointer,0.43149115114795916,0.45175980548469385,summary,
1860.0,,0.4876953125,a2c_pointer,0.48691406249999997,0.4966796875,summary,
1880.0,,0.4537866709183674,a2c_pointer,0.4377630739795918,0.4567362882653061,summary,
1900.0,,0.486328125,a2c_pointer,0.482421875,0.501953125,summary,
1920.0,,0.46242825255102044,a2c_pointer,0.4568877551020408,0.4675701530612245,summary,
1940.0,,0.4574697066326531,a2c_pointer,0.457210618622449,0.4596221301020408,summary,
1960.0,,0.464453125,a2c_pointer,0.46347656249999997,0.47705078125,summary,
1980.0,,0.43112244897959184,a2c_pointer,0.4183673469387755,0.4502551020408163,summary,
2000.0,,0.44375,a2c_pointer,0.43125,0.50625,summary,
2020.0,,0.4703045280612245,a2c_pointer,0.46194395727040816,0.4712013711734694,summary,
2040.0,,0.466796875,a2c_pointer,0.4486328125,0.5021484375,summary,
2060.0,,0.47734375,a2c_pointer,0.4702806122448979,0.48223054846938773,summary,
2080.0,,0.47265625,a2c_pointer,0.47265625,0.517578125,summary,
2100.0,,0.47200255102040817,a2c_pointer,0.4500717474489796,0.4818957270408163,summary,
2120.0,,0.47696109693877553,a2c_pointer,0.47666214923469385,0.4893176020408163,summary,
2140.0,,0.47109375,a2c_pointer,0.44697265625000004,0.47880859374999996,summary,
2160.0,,0.4591836734693878,a2c_pointer,0.44005102040816324,0.48086734693877553,summary,
2180.0,,0.44511718749999996,a2c_pointer,0.4423828125,0.47568359375,summary,
2200.0,,0.46576849489795913,a2c_pointer,0.42673788265306123,0.4698022959183673,summary,
2220.0,,0.4755261479591837,a2c_pointer,0.462711256377551,0.5087292729591837,summary,
2240.0,,0.5234375,a2c_pointer,0.4546875,0.5328125,summary,
2260.0,,0.45907405931122447,a2c_pointer,0.4588647959183673,0.46431560905612246,summary,
2280.0,,0.5,a2c_pointer,0.49726562500000004,0.5021484375,summary,
2300.0,,0.4588647959183673,a2c_pointer,0.45548469387755103,0.46663743622448983,summary,
2320.0,,0.517578125,a2c_pointer,0.5078125,0.525390625,summary,
2340.0,,0.4834103954081633,a2c_pointer,0.46564094387755106,0.49768016581632657,summary,
2360.0,,0.48303970025510207,a2c_pointer,0.47267617984693877,0.4974888392857143,summary,
2380.0,,0.48681640625,a2c_pointer,0.47275390624999997,0.4947265625,summary,
2400.0,,0.45408163265306123,a2c_pointer,0.44260204081632654,0.45663265306122447,summary,
2420.0,,0.46142578125,a2c_pointer,0.4599609375,0.51533203125,summary,
2440.0,,0.4441964285714286,a2c_pointer,0.4331154336734694,0.44802295918367346,summary,
2460.0,,0.4745595503826531,a2c_pointer,0.46806242028061223,0.48035913584183676,summary,
2480.0,,0.4328125,a2c_pointer,0.428125,0.459375,summary,
2500.0,,0.5,a2c_pointer,0.4921875,0.53125,summary,
2520.0,,0.47403539540816325,a2c_pointer,0.4228954081632653,0.4872369260204082,summary,
2540.0,,0.47181919642857145,a2c_pointer,0.46326929209183676,0.4736926020408163,summary,
2560.0,,0.48701171874999993,a2c_pointer,0.47822265625000004,0.49960937499999997,summary,
2580.0,,0.45790816326530615,a2c_pointer,0.4579081632653061,0.46683673469387754,summary,
2600.0,,0.49541015624999996,a2c_pointer,0.4701171875,0.51376953125,summary,
2620.0,,0.4361607142857143,a2c_pointer,0.43499681122448974,0.4725924744897959,summary,
2640.0,,0.4625219228316326,a2c_pointer,0.42794363839285715,0.478386080994898,summary,
2660.0,,0.46406250000000004,a2c_pointer,0.459375,0.47656249999999994,summary,
2680.0,,0.4771006058673469,a2c_pointer,0.44828204719387754,0.49472855548469385,summary,
2700.0,,0.47226562499999997,a2c_pointer,0.4599609375,0.486328125,summary,
2720.0,,0.4635682397959183,a2c_pointer,0.43837691326530615,0.47832429846938773,summary,
2740.0,,0.50390625,a2c_pointer,0.484375,0.533203125,summary,
2760.0,,0.45369897959183675,a2c_pointer,0.42971938775510204,0.4567920918367347,summary,
2780.0,,0.4653419961734694,a2c_pointer,0.4499362244897959,0.47243702168367346,summary,
2800.0,,0.478125,a2c_pointer,0.46083984375,0.49892578125000003,summary,
2820.0,,0.4451530612244898,a2c_pointer,0.4068877551020408,0.46683673469387754,summary,
2840.0,,0.49765625,a2c_pointer,0.447265625,0.50009765625,summary,
2860.0,,0.4721141581632653,a2c_pointer,0.4656728316326531,0.4871173469387755,summary,
2880.0,,0.4903041294642857,a2c_pointer,0.4796117665816326,0.49387157206632654,summary,
2900.0,,0.47187500000000004,a2c_pointer,0.44687499999999997,0.48281250000000003,summary,
2920.0,,0.44808274872448983,a2c_pointer,0.4183972417091837,0.4568120216836735,summary,
2940.0,,0.464453125,a2c_pointer,0.45839843750000003,0.4880859375,summary,
2960.0,,0.4423469387755102,a2c_pointer,0.43119419642857143,0.4444913903061224,summary,
2980.0,,0.466796875,a2c_pointer,0.45703125,0.4921875,summary,
3000.0,,0.44897959183673475,a2c_pointer,0.4387755102040816,0.4897959183673469,summary,
16.0,0.193359375,,traditional_ppo,,,seed,42
32.0,0.1703125,,traditional_ppo,,,seed,42
48.0,0.18622448979591838,,traditional_ppo,,,seed,42
64.0,0.208984375,,traditional_ppo,,,seed,42
80.0,0.1875,,traditional_ppo,,,seed,42
96.0,0.18877551020408162,,traditional_ppo,,,seed,42
112.0,0.24609375,,traditional_ppo,,,seed,42
128.0,0.184375,,traditional_ppo,,,seed,42
144.0,0.18239795918367346,,traditional_ppo,,,seed,42
160.0,0.234375,,traditional_ppo,,,seed,42
176.0,0.221875,,traditional_ppo,,,seed,42
192.0,0.2028061224489796,,traditional_ppo,,,seed,42
208.0,0.224609375,,traditional_ppo,,,seed,42
224.0,0.22031250000000002,,traditional_ppo,,,seed,42
240.0,0.20790816326530615,,traditional_ppo,,,seed,42
250.0,0.240625,,traditional_ppo,,,seed,42
266.0,0.234375,,traditional_ppo,,,seed,42
282.0,0.21556122448979592,,traditional_ppo,,,seed,42
298.0,0.296875,,traditional_ppo,,,seed,42
314.0,0.21875,,traditional_ppo,,,seed,42
330.0,0.18239795918367346,,traditional_ppo,,,seed,42
346.0,0.318359375,,traditional_ppo,,,seed,42
362.0,0.24999999999999997,,traditional_ppo,,,seed,42
378.0,0.235969387755102,,traditional_ppo,,,seed,42
394.0,0.28125,,traditional_ppo,,,seed,42
410.0,0.2453125,,traditional_ppo,,,seed,42
426.0,0.21938775510204084,,traditional_ppo,,,seed,42
442.0,0.30859375,,traditional_ppo,,,seed,42
458.0,0.2703125,,traditional_ppo,,,seed,42
474.0,0.23469387755102042,,traditional_ppo,,,seed,42
490.0,0.37890625,,traditional_ppo,,,seed,42
500.0,0.26999999999999996,,traditional_ppo,,,seed,42
516.0,0.23341836734693877,,traditional_ppo,,,seed,42
532.0,0.3046875,,traditional_ppo,,,seed,42
548.0,0.2765625,,traditional_ppo,,,seed,42
564.0,0.25510204081632654,,traditional_ppo,,,seed,42
580.0,0.291015625,,traditional_ppo,,,seed,42
596.0,0.24218750000000003,,traditional_ppo,,,seed,42
612.0,0.2385204081632653,,traditional_ppo,,,seed,42
628.0,0.2890625,,traditional_ppo,,,seed,42
644.0,0.26875,,traditional_ppo,,,seed,42
660.0,0.23086734693877553,,traditional_ppo,,,seed,42
676.0,0.32421875,,traditional_ppo,,,seed,42
692.0,0.2640625,,traditional_ppo,,,seed,42
708.0,0.2678571428571429,,traditional_ppo,,,seed,42
724.0,0.259765625,,traditional_ppo,,,seed,42
740.0,0.2765625,,traditional_ppo,,,seed,42
756.0,0.23469387755102042,,traditional_ppo,,,seed,42
772.0,0.310546875,,traditional_ppo,,,seed,42
788.0,0.2625,,traditional_ppo,,,seed,42
804.0,0.20790816326530615,,traditional_ppo,,,seed,42
820.0,0.310546875,,traditional_ppo,,,seed,42
836.0,0.2515625,,traditional_ppo,,,seed,42
852.0,0.2551020408163265,,traditional_ppo,,,seed,42
868.0,0.275390625,,traditional_ppo,,,seed,42
884.0,0.2671875,,traditional_ppo,,,seed,42
900.0,0.21428571428571427,,traditional_ppo,,,seed,42
916.0,0.314453125,,traditional_ppo,,,seed,42
932.0,0.3,,traditional_ppo,,,seed,42
948.0,0.25255102040816324,,traditional_ppo,,,seed,42
964.0,0.291015625,,traditional_ppo,,,seed,42
980.0,0.284375,,traditional_ppo,,,seed,42
996.0,0.22448979591836735,,traditional_ppo,,,seed,42
1000.0,0.3359375,,traditional_ppo,,,seed,42
1016.0,0.2375,,traditional_ppo,,,seed,42
1032.0,0.24107142857142858,,traditional_ppo,,,seed,42
1048.0,0.251953125,,traditional_ppo,,,seed,42
1064.0,0.23125,,traditional_ppo,,,seed,42
1080.0,0.22831632653061223,,traditional_ppo,,,seed,42
1096.0,0.259765625,,traditional_ppo,,,seed,42
1112.0,0.259375,,traditional_ppo,,,seed,42
1128.0,0.22193877551020408,,traditional_ppo,,,seed,42
1144.0,0.30859375,,traditional_ppo,,,seed,42
1160.0,0.2984375,,traditional_ppo,,,seed,42
1176.0,0.2474489795918367,,traditional_ppo,,,seed,42
1192.0,0.24609375,,traditional_ppo,,,seed,42
1208.0,0.2375,,traditional_ppo,,,seed,42
1224.0,0.2002551020408163,,traditional_ppo,,,seed,42
1240.0,0.26953125,,traditional_ppo,,,seed,42
1256.0,0.2796875,,traditional_ppo,,,seed,42
1272.0,0.2232142857142857,,traditional_ppo,,,seed,42
1288.0,0.2890625,,traditional_ppo,,,seed,42
1304.0,0.2765625,,traditional_ppo,,,seed,42
1320.0,0.2372448979591837,,traditional_ppo,,,seed,42
1336.0,0.2578125,,traditional_ppo,,,seed,42
1352.0,0.22968750000000002,,traditional_ppo,,,seed,42
1368.0,0.22704081632653061,,traditional_ppo,,,seed,42
1384.0,0.322265625,,traditional_ppo,,,seed,42
1400.0,0.2515625,,traditional_ppo,,,seed,42
1416.0,0.24107142857142855,,traditional_ppo,,,seed,42
1432.0,0.275390625,,traditional_ppo,,,seed,42
1448.0,0.275,,traditional_ppo,,,seed,42
1464.0,0.25,,traditional_ppo,,,seed,42
1480.0,0.26171875,,traditional_ppo,,,seed,42
1496.0,0.28125,,traditional_ppo,,,seed,42
1500.0,0.2142857142857143,,traditional_ppo,,,seed,42
1516.0,0.265625,,traditional_ppo,,,seed,42
1532.0,0.2203125,,traditional_ppo,,,seed,42
1548.0,0.20535714285714285,,traditional_ppo,,,seed,42
1564.0,0.25,,traditional_ppo,,,seed,42
1580.0,0.21250000000000002,,traditional_ppo,,,seed,42
1596.0,0.23086734693877553,,traditional_ppo,,,seed,42
1612.0,0.298828125,,traditional_ppo,,,seed,42
1628.0,0.30000000000000004,,traditional_ppo,,,seed,42
1644.0,0.1747448979591837,,traditional_ppo,,,seed,42
1660.0,0.291015625,,traditional_ppo,,,seed,42
1676.0,0.24375000000000002,,traditional_ppo,,,seed,42
1692.0,0.24744897959183673,,traditional_ppo,,,seed,42
1708.0,0.337890625,,traditional_ppo,,,seed,42
1724.0,0.296875,,traditional_ppo,,,seed,42
1740.0,0.2308673469387755,,traditional_ppo,,,seed,42
1756.0,0.294921875,,traditional_ppo,,,seed,42
1772.0,0.2390625,,traditional_ppo,,,seed,42
1788.0,0.22831632653061226,,traditional_ppo,,,seed,42
1804.0,0.34765625,,traditional_ppo,,,seed,42
1820.0,0.26406250000000003,,traditional_ppo,,,seed,42
1836.0,0.23979591836734693,,traditional_ppo,,,seed,42
1852.0,0.310546875,,traditional_ppo,,,seed,42
1868.0,0.2890625,,traditional_ppo,,,seed,42
1884.0,0.21301020408163265,,traditional_ppo,,,seed,42
1900.0,0.26953125,,traditional_ppo,,,seed,42
1916.0,0.25156249999999997,,traditional_ppo,,,seed,42
1932.0,0.2576530612244898,,traditional_ppo,,,seed,42
1948.0,0.275390625,,traditional_ppo,,,seed,42
1964.0,0.275,,traditional_ppo,,,seed,42
1980.0,0.23341836734693877,,traditional_ppo,,,seed,42
1996.0,0.259765625,,traditional_ppo,,,seed,42
2000.0,0.2375,,traditional_ppo,,,seed,42
2016.0,0.24872448979591835,,traditional_ppo,,,seed,42
2032.0,0.310546875,,traditional_ppo,,,seed,42
2048.0,0.20625,,traditional_ppo,,,seed,42
2064.0,0.26913265306122447,,traditional_ppo,,,seed,42
2080.0,0.29296875,,traditional_ppo,,,seed,42
2096.0,0.275,,traditional_ppo,,,seed,42
2112.0,0.21811224489795916,,traditional_ppo,,,seed,42
2128.0,0.326171875,,traditional_ppo,,,seed,42
2144.0,0.2640625,,traditional_ppo,,,seed,42
2160.0,0.2346938775510204,,traditional_ppo,,,seed,42
2176.0,0.328125,,traditional_ppo,,,seed,42
2192.0,0.2875,,traditional_ppo,,,seed,42
2208.0,0.2346938775510204,,traditional_ppo,,,seed,42
2224.0,0.30859375,,traditional_ppo,,,seed,42
2240.0,0.2625,,traditional_ppo,,,seed,42
2256.0,0.22193877551020408,,traditional_ppo,,,seed,42
2272.0,0.298828125,,traditional_ppo,,,seed,42
2288.0,0.2671875,,traditional_ppo,,,seed,42
2304.0,0.21045918367346939,,traditional_ppo,,,seed,42
2320.0,0.287109375,,traditional_ppo,,,seed,42
2336.0,0.246875,,traditional_ppo,,,seed,42
2352.0,0.20408163265306123,,traditional_ppo,,,seed,42
2368.0,0.359375,,traditional_ppo,,,seed,42
2384.0,0.2625,,traditional_ppo,,,seed,42
2400.0,0.2576530612244898,,traditional_ppo,,,seed,42
2416.0,0.25390625,,traditional_ppo,,,seed,42
2432.0,0.23750000000000002,,traditional_ppo,,,seed,42
2448.0,0.2614795918367347,,traditional_ppo,,,seed,42
2464.0,0.294921875,,traditional_ppo,,,seed,42
2480.0,0.28125,,traditional_ppo,,,seed,42
2496.0,0.24744897959183673,,traditional_ppo,,,seed,42
2500.0,0.3125,,traditional_ppo,,,seed,42
2516.0,0.2375,,traditional_ppo,,,seed,42
2532.0,0.24234693877551017,,traditional_ppo,,,seed,42
2548.0,0.33203125,,traditional_ppo,,,seed,42
2564.0,0.2421875,,traditional_ppo,,,seed,42
2580.0,0.225765306122449,,traditional_ppo,,,seed,42
2596.0,0.28515625,,traditional_ppo,,,seed,42
2612.0,0.265625,,traditional_ppo,,,seed,42
2628.0,0.24872448979591838,,traditional_ppo,,,seed,42
2644.0,0.306640625,,traditional_ppo,,,seed,42
2660.0,0.2546875,,traditional_ppo,,,seed,42
2676.0,0.22193877551020408,,traditional_ppo,,,seed,42
2692.0,0.294921875,,traditional_ppo,,,seed,42
2708.0,0.259375,,traditional_ppo,,,seed,42
2724.0,0.24872448979591838,,traditional_ppo,,,seed,42
2740.0,0.296875,,traditional_ppo,,,seed,42
2756.0,0.2671875,,traditional_ppo,,,seed,42
2772.0,0.24362244897959182,,traditional_ppo,,,seed,42
2788.0,0.298828125,,traditional_ppo,,,seed,42
2804.0,0.29375,,traditional_ppo,,,seed,42
2820.0,0.21301020408163265,,traditional_ppo,,,seed,42
2836.0,0.30859375,,traditional_ppo,,,seed,42
2852.0,0.246875,,traditional_ppo,,,seed,42
2868.0,0.24107142857142858,,traditional_ppo,,,seed,42
2884.0,0.25,,traditional_ppo,,,seed,42
2900.0,0.3078125,,traditional_ppo,,,seed,42
2916.0,0.20280612244897958,,traditional_ppo,,,seed,42
2932.0,0.31640625,,traditional_ppo,,,seed,42
2948.0,0.25625,,traditional_ppo,,,seed,42
2964.0,0.22959183673469388,,traditional_ppo,,,seed,42
2980.0,0.302734375,,traditional_ppo,,,seed,42
2996.0,0.25468749999999996,,traditional_ppo,,,seed,42
3000.0,0.2755102040816326,,traditional_ppo,,,seed,42
16.0,0.201171875,,traditional_ppo,,,seed,43
32.0,0.18125,,traditional_ppo,,,seed,43
48.0,0.16709183673469385,,traditional_ppo,,,seed,43
64.0,0.216796875,,traditional_ppo,,,seed,43
80.0,0.1875,,traditional_ppo,,,seed,43
96.0,0.15433673469387754,,traditional_ppo,,,seed,43
112.0,0.220703125,,traditional_ppo,,,seed,43
128.0,0.2203125,,traditional_ppo,,,seed,43
144.0,0.211734693877551,,traditional_ppo,,,seed,43
160.0,0.267578125,,traditional_ppo,,,seed,43
176.0,0.19062500000000002,,traditional_ppo,,,seed,43
192.0,0.2142857142857143,,traditional_ppo,,,seed,43
208.0,0.2109375,,traditional_ppo,,,seed,43
224.0,0.2375,,traditional_ppo,,,seed,43
240.0,0.19515306122448978,,traditional_ppo,,,seed,43
250.0,0.284375,,traditional_ppo,,,seed,43
266.0,0.25625,,traditional_ppo,,,seed,43
282.0,0.211734693877551,,traditional_ppo,,,seed,43
298.0,0.28515625,,traditional_ppo,,,seed,43
314.0,0.2765625,,traditional_ppo,,,seed,43
330.0,0.2002551020408163,,traditional_ppo,,,seed,43
346.0,0.26953125,,traditional_ppo,,,seed,43
362.0,0.25468749999999996,,traditional_ppo,,,seed,43
378.0,0.22448979591836735,,traditional_ppo,,,seed,43
394.0,0.2890625,,traditional_ppo,,,seed,43
410.0,0.2515625,,traditional_ppo,,,seed,43
426.0,0.22066326530612246,,traditional_ppo,,,seed,43
442.0,0.28125,,traditional_ppo,,,seed,43
458.0,0.253125,,traditional_ppo,,,seed,43
474.0,0.2028061224489796,,traditional_ppo,,,seed,43
490.0,0.33203125,,traditional_ppo,,,seed,43
500.0,0.24500000000000002,,traditional_ppo,,,seed,43
516.0,0.20408163265306123,,traditional_ppo,,,seed,43
532.0,0.296875,,traditional_ppo,,,seed,43
548.0,0.2296875,,traditional_ppo,,,seed,43
564.0,0.21683673469387754,,traditional_ppo,,,seed,43
580.0,0.28515625,,traditional_ppo,,,seed,43
596.0,0.23125,,traditional_ppo,,,seed,43
612.0,0.1836734693877551,,traditional_ppo,,,seed,43
628.0,0.296875,,traditional_ppo,,,seed,43
644.0,0.2640625,,traditional_ppo,,,seed,43
660.0,0.2079081632653061,,traditional_ppo,,,seed,43
676.0,0.28515625,,traditional_ppo,,,seed,43
692.0,0.26406250000000003,,traditional_ppo,,,seed,43
708.0,0.23596938775510204,,traditional_ppo,,,seed,43
724.0,0.26953125,,traditional_ppo,,,seed,43
740.0,0.29375,,traditional_ppo,,,seed,43
756.0,0.16964285714285715,,traditional_ppo,,,seed,43
772.0,0.349609375,,traditional_ppo,,,seed,43
788.0,0.25,,traditional_ppo,,,seed,43
804.0,0.20918367346938777,,traditional_ppo,,,seed,43
820.0,0.275390625,,traditional_ppo,,,seed,43
836.0,0.2609375,,traditional_ppo,,,seed,43
852.0,0.28443877551020413,,traditional_ppo,,,seed,43
868.0,0.283203125,,traditional_ppo,,,seed,43
884.0,0.28125,,traditional_ppo,,,seed,43
900.0,0.23852040816326534,,traditional_ppo,,,seed,43
916.0,0.3046875,,traditional_ppo,,,seed,43
932.0,0.2515625,,traditional_ppo,,,seed,43
948.0,0.20153061224489796,,traditional_ppo,,,seed,43
964.0,0.28515625,,traditional_ppo,,,seed,43
980.0,0.2546875,,traditional_ppo,,,seed,43
996.0,0.24362244897959182,,traditional_ppo,,,seed,43
1000.0,0.265625,,traditional_ppo,,,seed,43
1016.0,0.2375,,traditional_ppo,,,seed,43
1032.0,0.22959183673469388,,traditional_ppo,,,seed,43
1048.0,0.271484375,,traditional_ppo,,,seed,43
1064.0,0.221875,,traditional_ppo,,,seed,43
1080.0,0.2193877551020408,,traditional_ppo,,,seed,43
1096.0,0.35546875,,traditional_ppo,,,seed,43
1112.0,0.2515625,,traditional_ppo,,,seed,43
1128.0,0.2423469387755102,,traditional_ppo,,,seed,43
1144.0,0.294921875,,traditional_ppo,,,seed,43
1160.0,0.2140625,,traditional_ppo,,,seed,43
1176.0,0.21811224489795916,,traditional_ppo,,,seed,43
1192.0,0.310546875,,traditional_ppo,,,seed,43
1208.0,0.2765625,,traditional_ppo,,,seed,43
1224.0,0.22704081632653061,,traditional_ppo,,,seed,43
1240.0,0.279296875,,traditional_ppo,,,seed,43
1256.0,0.24218749999999997,,traditional_ppo,,,seed,43
1272.0,0.20153061224489796,,traditional_ppo,,,seed,43
1288.0,0.263671875,,traditional_ppo,,,seed,43
1304.0,0.278125,,traditional_ppo,,,seed,43
1320.0,0.23214285714285715,,traditional_ppo,,,seed,43
1336.0,0.279296875,,traditional_ppo,,,seed,43
1352.0,0.24375000000000002,,traditional_ppo,,,seed,43
1368.0,0.2372448979591837,,traditional_ppo,,,seed,43
1384.0,0.2734375,,traditional_ppo,,,seed,43
1400.0,0.28593749999999996,,traditional_ppo,,,seed,43
1416.0,0.25765306122448983,,traditional_ppo,,,seed,43
1432.0,0.32421875,,traditional_ppo,,,seed,43
1448.0,0.27656250000000004,,traditional_ppo,,,seed,43
1464.0,0.22448979591836735,,traditional_ppo,,,seed,43
1480.0,0.3046875,,traditional_ppo,,,seed,43
1496.0,0.275,,traditional_ppo,,,seed,43
1500.0,0.27040816326530615,,traditional_ppo,,,seed,43
1516.0,0.30078125,,traditional_ppo,,,seed,43
1532.0,0.275,,traditional_ppo,,,seed,43
1548.0,0.2844387755102041,,traditional_ppo,,,seed,43
1564.0,0.26171875,,traditional_ppo,,,seed,43
1580.0,0.2546875,,traditional_ppo,,,seed,43
1596.0,0.27040816326530615,,traditional_ppo,,,seed,43
1612.0,0.333984375,,traditional_ppo,,,seed,43
1628.0,0.24843749999999998,,traditional_ppo,,,seed,43
1644.0,0.225765306122449,,traditional_ppo,,,seed,43
1660.0,0.296875,,traditional_ppo,,,seed,43
1676.0,0.27187500000000003,,traditional_ppo,,,seed,43
1692.0,0.18367346938775508,,traditional_ppo,,,seed,43
1708.0,0.322265625,,traditional_ppo,,,seed,43
1724.0,0.2296875,,traditional_ppo,,,seed,43
1740.0,0.2193877551020408,,traditional_ppo,,,seed,43
1756.0,0.330078125,,traditional_ppo,,,seed,43
1772.0,0.2546875,,traditional_ppo,,,seed,43
1788.0,0.23214285714285715,,traditional_ppo,,,seed,43
1804.0,0.302734375,,traditional_ppo,,,seed,43
1820.0,0.2734375,,traditional_ppo,,,seed,43
1836.0,0.21045918367346939,,traditional_ppo,,,seed,43
1852.0,0.29296875,,traditional_ppo,,,seed,43
1868.0,0.259375,,traditional_ppo,,,seed,43
1884.0,0.26658163265306123,,traditional_ppo,,,seed,43
1900.0,0.275390625,,traditional_ppo,,,seed,43
1916.0,0.25625,,traditional_ppo,,,seed,43
1932.0,0.2193877551020408,,traditional_ppo,,,seed,43
1948.0,0.275390625,,traditional_ppo,,,seed,43
1964.0,0.2421875,,traditional_ppo,,,seed,43
1980.0,0.18494897959183676,,traditional_ppo,,,seed,43
1996.0,0.27734375,,traditional_ppo,,,seed,43
2000.0,0.28125,,traditional_ppo,,,seed,43
2016.0,0.21301020408163265,,traditional_ppo,,,seed,43
2032.0,0.298828125,,traditional_ppo,,,seed,43
2048.0,0.259375,,traditional_ppo,,,seed,43
2064.0,0.24107142857142855,,traditional_ppo,,,seed,43
2080.0,0.283203125,,traditional_ppo,,,seed,43
2096.0,0.28593749999999996,,traditional_ppo,,,seed,43
2112.0,0.2614795918367347,,traditional_ppo,,,seed,43
2128.0,0.2578125,,traditional_ppo,,,seed,43
2144.0,0.2484375,,traditional_ppo,,,seed,43
2160.0,0.20153061224489793,,traditional_ppo,,,seed,43
2176.0,0.271484375,,traditional_ppo,,,seed,43
2192.0,0.25468749999999996,,traditional_ppo,,,seed,43
2208.0,0.23214285714285715,,traditional_ppo,,,seed,43
2224.0,0.314453125,,traditional_ppo,,,seed,43
2240.0,0.275,,traditional_ppo,,,seed,43
2256.0,0.25637755102040816,,traditional_ppo,,,seed,43
2272.0,0.265625,,traditional_ppo,,,seed,43
2288.0,0.3,,traditional_ppo,,,seed,43
2304.0,0.23341836734693877,,traditional_ppo,,,seed,43
2320.0,0.357421875,,traditional_ppo,,,seed,43
2336.0,0.26093750000000004,,traditional_ppo,,,seed,43
2352.0,0.24489795918367346,,traditional_ppo,,,seed,43
2368.0,0.291015625,,traditional_ppo,,,seed,43
2384.0,0.2828125,,traditional_ppo,,,seed,43
2400.0,0.25765306122448983,,traditional_ppo,,,seed,43
2416.0,0.31640625,,traditional_ppo,,,seed,43
2432.0,0.2625,,traditional_ppo,,,seed,43
2448.0,0.20535714285714285,,traditional_ppo,,,seed,43
2464.0,0.298828125,,traditional_ppo,,,seed,43
2480.0,0.22500000000000003,,traditional_ppo,,,seed,43
2496.0,0.2232142857142857,,traditional_ppo,,,seed,43
2500.0,0.3046875,,traditional_ppo,,,seed,43
2516.0,0.25,,traditional_ppo,,,seed,43
2532.0,0.22448979591836735,,traditional_ppo,,,seed,43
2548.0,0.3359375,,traditional_ppo,,,seed,43
2564.0,0.28125,,traditional_ppo,,,seed,43
2580.0,0.24744897959183673,,traditional_ppo,,,seed,43
2596.0,0.296875,,traditional_ppo,,,seed,43
2612.0,0.240625,,traditional_ppo,,,seed,43
2628.0,0.20790816326530615,,traditional_ppo,,,seed,43
2644.0,0.3046875,,traditional_ppo,,,seed,43
2660.0,0.290625,,traditional_ppo,,,seed,43
2676.0,0.22448979591836735,,traditional_ppo,,,seed,43
2692.0,0.3046875,,traditional_ppo,,,seed,43
2708.0,0.2875,,traditional_ppo,,,seed,43
2724.0,0.2614795918367347,,traditional_ppo,,,seed,43
2740.0,0.283203125,,traditional_ppo,,,seed,43
2756.0,0.29531250000000003,,traditional_ppo,,,seed,43
2772.0,0.21683673469387754,,traditional_ppo,,,seed,43
2788.0,0.310546875,,traditional_ppo,,,seed,43
2804.0,0.3015625,,traditional_ppo,,,seed,43
2820.0,0.2576530612244898,,traditional_ppo,,,seed,43
2836.0,0.306640625,,traditional_ppo,,,seed,43
2852.0,0.24843749999999998,,traditional_ppo,,,seed,43
2868.0,0.2576530612244898,,traditional_ppo,,,seed,43
2884.0,0.31640625,,traditional_ppo,,,seed,43
2900.0,0.24843749999999998,,traditional_ppo,,,seed,43
2916.0,0.24872448979591838,,traditional_ppo,,,seed,43
2932.0,0.30859375,,traditional_ppo,,,seed,43
2948.0,0.25625,,traditional_ppo,,,seed,43
2964.0,0.2193877551020408,,traditional_ppo,,,seed,43
2980.0,0.26953125,,traditional_ppo,,,seed,43
2996.0,0.3,,traditional_ppo,,,seed,43
3000.0,0.19387755102040818,,traditional_ppo,,,seed,43
16.0,0.26953125,,traditional_ppo,,,seed,44
32.0,0.1765625,,traditional_ppo,,,seed,44
48.0,0.17346938775510204,,traditional_ppo,,,seed,44
64.0,0.306640625,,traditional_ppo,,,seed,44
80.0,0.2171875,,traditional_ppo,,,seed,44
96.0,0.18877551020408162,,traditional_ppo,,,seed,44
112.0,0.158203125,,traditional_ppo,,,seed,44
128.0,0.1953125,,traditional_ppo,,,seed,44
144.0,0.21683673469387754,,traditional_ppo,,,seed,44
160.0,0.287109375,,traditional_ppo,,,seed,44
176.0,0.1953125,,traditional_ppo,,,seed,44
192.0,0.19260204081632654,,traditional_ppo,,,seed,44
208.0,0.21484375,,traditional_ppo,,,seed,44
224.0,0.23125,,traditional_ppo,,,seed,44
240.0,0.20153061224489796,,traditional_ppo,,,seed,44
250.0,0.26875,,traditional_ppo,,,seed,44
266.0,0.2046875,,traditional_ppo,,,seed,44
282.0,0.21301020408163263,,traditional_ppo,,,seed,44
298.0,0.30859375,,traditional_ppo,,,seed,44
314.0,0.24687499999999998,,traditional_ppo,,,seed,44
330.0,0.18112244897959184,,traditional_ppo,,,seed,44
346.0,0.2578125,,traditional_ppo,,,seed,44
362.0,0.253125,,traditional_ppo,,,seed,44
378.0,0.21173469387755103,,traditional_ppo,,,seed,44
394.0,0.224609375,,traditional_ppo,,,seed,44
410.0,0.296875,,traditional_ppo,,,seed,44
426.0,0.2193877551020408,,traditional_ppo,,,seed,44
442.0,0.265625,,traditional_ppo,,,seed,44
458.0,0.26093750000000004,,traditional_ppo,,,seed,44
474.0,0.20153061224489796,,traditional_ppo,,,seed,44
490.0,0.29296875,,traditional_ppo,,,seed,44
500.0,0.2325,,traditional_ppo,,,seed,44
516.0,0.22448979591836735,,traditional_ppo,,,seed,44
532.0,0.24609375,,traditional_ppo,,,seed,44
548.0,0.259375,,traditional_ppo,,,seed,44
564.0,0.20535714285714285,,traditional_ppo,,,seed,44
580.0,0.263671875,,traditional_ppo,,,seed,44
596.0,0.27812499999999996,,traditional_ppo,,,seed,44
612.0,0.25510204081632654,,traditional_ppo,,,seed,44
628.0,0.255859375,,traditional_ppo,,,seed,44
644.0,0.2546875,,traditional_ppo,,,seed,44
660.0,0.21428571428571425,,traditional_ppo,,,seed,44
676.0,0.28515625,,traditional_ppo,,,seed,44
692.0,0.2296875,,traditional_ppo,,,seed,44
708.0,0.21683673469387754,,traditional_ppo,,,seed,44
724.0,0.263671875,,traditional_ppo,,,seed,44
740.0,0.25,,traditional_ppo,,,seed,44
756.0,0.2142857142857143,,traditional_ppo,,,seed,44
772.0,0.30859375,,traditional_ppo,,,seed,44
788.0,0.26406250000000003,,traditional_ppo,,,seed,44
804.0,0.22704081632653061,,traditional_ppo,,,seed,44
820.0,0.28515625,,traditional_ppo,,,seed,44
836.0,0.26249999999999996,,traditional_ppo,,,seed,44
852.0,0.23214285714285715,,traditional_ppo,,,seed,44
868.0,0.2890625,,traditional_ppo,,,seed,44
884.0,0.221875,,traditional_ppo,,,seed,44
900.0,0.21045918367346939,,traditional_ppo,,,seed,44
916.0,0.29296875,,traditional_ppo,,,seed,44
932.0,0.2625,,traditional_ppo,,,seed,44
948.0,0.2308673469387755,,traditional_ppo,,,seed,44
964.0,0.30078125,,traditional_ppo,,,seed,44
980.0,0.2375,,traditional_ppo,,,seed,44
996.0,0.23852040816326528,,traditional_ppo,,,seed,44
1000.0,0.4140625,,traditional_ppo,,,seed,44
1016.0,0.2796875,,traditional_ppo,,,seed,44
1032.0,0.21556122448979592,,traditional_ppo,,,seed,44
1048.0,0.279296875,,traditional_ppo,,,seed,44
1064.0,0.265625,,traditional_ppo,,,seed,44
1080.0,0.2346938775510204,,traditional_ppo,,,seed,44
1096.0,0.279296875,,traditional_ppo,,,seed,44
1112.0,0.296875,,traditional_ppo,,,seed,44
1128.0,0.23214285714285712,,traditional_ppo,,,seed,44
1144.0,0.26171875,,traditional_ppo,,,seed,44
1160.0,0.2625,,traditional_ppo,,,seed,44
1176.0,0.23469387755102042,,traditional_ppo,,,seed,44
1192.0,0.341796875,,traditional_ppo,,,seed,44
1208.0,0.28125,,traditional_ppo,,,seed,44
1224.0,0.24872448979591835,,traditional_ppo,,,seed,44
1240.0,0.333984375,,traditional_ppo,,,seed,44
1256.0,0.24687499999999998,,traditional_ppo,,,seed,44
1272.0,0.22959183673469385,,traditional_ppo,,,seed,44
1288.0,0.283203125,,traditional_ppo,,,seed,44
1304.0,0.246875,,traditional_ppo,,,seed,44
1320.0,0.211734693877551,,traditional_ppo,,,seed,44
1336.0,0.326171875,,traditional_ppo,,,seed,44
1352.0,0.30000000000000004,,traditional_ppo,,,seed,44
1368.0,0.21556122448979592,,traditional_ppo,,,seed,44
1384.0,0.275390625,,traditional_ppo,,,seed,44
1400.0,0.25468749999999996,,traditional_ppo,,,seed,44
1416.0,0.2193877551020408,,traditional_ppo,,,seed,44
1432.0,0.33984375,,traditional_ppo,,,seed,44
1448.0,0.26875000000000004,,traditional_ppo,,,seed,44
1464.0,0.24872448979591838,,traditional_ppo,,,seed,44
1480.0,0.30859375,,traditional_ppo,,,seed,44
1496.0,0.2765625,,traditional_ppo,,,seed,44
1500.0,0.1683673469387755,,traditional_ppo,,,seed,44
1516.0,0.287109375,,traditional_ppo,,,seed,44
1532.0,0.2328125,,traditional_ppo,,,seed,44
1548.0,0.22448979591836735,,traditional_ppo,,,seed,44
1564.0,0.279296875,,traditional_ppo,,,seed,44
1580.0,0.27656250000000004,,traditional_ppo,,,seed,44
1596.0,0.2767857142857143,,traditional_ppo,,,seed,44
1612.0,0.298828125,,traditional_ppo,,,seed,44
1628.0,0.2546875,,traditional_ppo,,,seed,44
1644.0,0.2614795918367347,,traditional_ppo,,,seed,44
1660.0,0.2578125,,traditional_ppo,,,seed,44
1676.0,0.24531250000000002,,traditional_ppo,,,seed,44
1692.0,0.24617346938775508,,traditional_ppo,,,seed,44
1708.0,0.28125,,traditional_ppo,,,seed,44
1724.0,0.27656250000000004,,traditional_ppo,,,seed,44
1740.0,0.25765306122448983,,traditional_ppo,,,seed,44
1756.0,0.318359375,,traditional_ppo,,,seed,44
1772.0,0.21875,,traditional_ppo,,,seed,44
1788.0,0.20790816326530612,,traditional_ppo,,,seed,44
1804.0,0.251953125,,traditional_ppo,,,seed,44
1820.0,0.259375,,traditional_ppo,,,seed,44
1836.0,0.20535714285714288,,traditional_ppo,,,seed,44
1852.0,0.275390625,,traditional_ppo,,,seed,44
1868.0,0.2625,,traditional_ppo,,,seed,44
1884.0,0.18494897959183673,,traditional_ppo,,,seed,44
1900.0,0.296875,,traditional_ppo,,,seed,44
1916.0,0.25,,traditional_ppo,,,seed,44
1932.0,0.22831632653061223,,traditional_ppo,,,seed,44
1948.0,0.279296875,,traditional_ppo,,,seed,44
1964.0,0.23750000000000002,,traditional_ppo,,,seed,44
1980.0,0.22704081632653061,,traditional_ppo,,,seed,44
1996.0,0.306640625,,traditional_ppo,,,seed,44
2000.0,0.20625,,traditional_ppo,,,seed,44
2016.0,0.24744897959183673,,traditional_ppo,,,seed,44
2032.0,0.283203125,,traditional_ppo,,,seed,44
2048.0,0.3,,traditional_ppo,,,seed,44
2064.0,0.2385204081632653,,traditional_ppo,,,seed,44
2080.0,0.322265625,,traditional_ppo,,,seed,44
2096.0,0.265625,,traditional_ppo,,,seed,44
2112.0,0.24872448979591835,,traditional_ppo,,,seed,44
2128.0,0.2890625,,traditional_ppo,,,seed,44
2144.0,0.2796875,,traditional_ppo,,,seed,44
2160.0,0.24107142857142858,,traditional_ppo,,,seed,44
2176.0,0.27734375,,traditional_ppo,,,seed,44
2192.0,0.23281249999999998,,traditional_ppo,,,seed,44
2208.0,0.22831632653061223,,traditional_ppo,,,seed,44
2224.0,0.29296875,,traditional_ppo,,,seed,44
2240.0,0.24375000000000002,,traditional_ppo,,,seed,44
2256.0,0.20408163265306123,,traditional_ppo,,,seed,44
2272.0,0.333984375,,traditional_ppo,,,seed,44
2288.0,0.246875,,traditional_ppo,,,seed,44
2304.0,0.20408163265306123,,traditional_ppo,,,seed,44
2320.0,0.310546875,,traditional_ppo,,,seed,44
2336.0,0.30937499999999996,,traditional_ppo,,,seed,44
2352.0,0.26658163265306123,,traditional_ppo,,,seed,44
2368.0,0.3125,,traditional_ppo,,,seed,44
2384.0,0.25,,traditional_ppo,,,seed,44
2400.0,0.2512755102040816,,traditional_ppo,,,seed,44
2416.0,0.2890625,,traditional_ppo,,,seed,44
2432.0,0.275,,traditional_ppo,,,seed,44
2448.0,0.19260204081632654,,traditional_ppo,,,seed,44
2464.0,0.279296875,,traditional_ppo,,,seed,44
2480.0,0.253125,,traditional_ppo,,,seed,44
2496.0,0.21428571428571427,,traditional_ppo,,,seed,44
2500.0,0.2734375,,traditional_ppo,,,seed,44
2516.0,0.26875,,traditional_ppo,,,seed,44
2532.0,0.25255102040816324,,traditional_ppo,,,seed,44
2548.0,0.263671875,,traditional_ppo,,,seed,44
2564.0,0.2859375,,traditional_ppo,,,seed,44
2580.0,0.26658163265306123,,traditional_ppo,,,seed,44
2596.0,0.275390625,,traditional_ppo,,,seed,44
2612.0,0.28750000000000003,,traditional_ppo,,,seed,44
2628.0,0.2461734693877551,,traditional_ppo,,,seed,44
2644.0,0.291015625,,traditional_ppo,,,seed,44
2660.0,0.2703125,,traditional_ppo,,,seed,44
2676.0,0.23341836734693877,,traditional_ppo,,,seed,44
2692.0,0.263671875,,traditional_ppo,,,seed,44
2708.0,0.2375,,traditional_ppo,,,seed,44
2724.0,0.2716836734693877,,traditional_ppo,,,seed,44
2740.0,0.302734375,,traditional_ppo,,,seed,44
2756.0,0.3078125,,traditional_ppo,,,seed,44
2772.0,0.2512755102040816,,traditional_ppo,,,seed,44
2788.0,0.275390625,,traditional_ppo,,,seed,44
2804.0,0.26093750000000004,,traditional_ppo,,,seed,44
2820.0,0.25765306122448983,,traditional_ppo,,,seed,44
2836.0,0.328125,,traditional_ppo,,,seed,44
2852.0,0.3,,traditional_ppo,,,seed,44
2868.0,0.26913265306122447,,traditional_ppo,,,seed,44
2884.0,0.3046875,,traditional_ppo,,,seed,44
2900.0,0.278125,,traditional_ppo,,,seed,44
2916.0,0.23214285714285715,,traditional_ppo,,,seed,44
2932.0,0.26171875,,traditional_ppo,,,seed,44
2948.0,0.2640625,,traditional_ppo,,,seed,44
2964.0,0.20280612244897958,,traditional_ppo,,,seed,44
2980.0,0.26171875,,traditional_ppo,,,seed,44
2996.0,0.23906249999999998,,traditional_ppo,,,seed,44
3000.0,0.22959183673469388,,traditional_ppo,,,seed,44
16.0,0.21875,,traditional_ppo,,,seed,45
32.0,0.171875,,traditional_ppo,,,seed,45
48.0,0.19642857142857142,,traditional_ppo,,,seed,45
64.0,0.19140625,,traditional_ppo,,,seed,45
80.0,0.23593750000000002,,traditional_ppo,,,seed,45
96.0,0.2142857142857143,,traditional_ppo,,,seed,45
112.0,0.2734375,,traditional_ppo,,,seed,45
128.0,0.2265625,,traditional_ppo,,,seed,45
144.0,0.19132653061224492,,traditional_ppo,,,seed,45
160.0,0.18359375,,traditional_ppo,,,seed,45
176.0,0.17812499999999998,,traditional_ppo,,,seed,45
192.0,0.17474489795918366,,traditional_ppo,,,seed,45
208.0,0.26953125,,traditional_ppo,,,seed,45
224.0,0.19375,,traditional_ppo,,,seed,45
240.0,0.2678571428571429,,traditional_ppo,,,seed,45
250.0,0.271875,,traditional_ppo,,,seed,45
266.0,0.171875,,traditional_ppo,,,seed,45
282.0,0.18367346938775508,,traditional_ppo,,,seed,45
298.0,0.267578125,,traditional_ppo,,,seed,45
314.0,0.22343749999999998,,traditional_ppo,,,seed,45
330.0,0.20918367346938774,,traditional_ppo,,,seed,45
346.0,0.302734375,,traditional_ppo,,,seed,45
362.0,0.24375,,traditional_ppo,,,seed,45
378.0,0.211734693877551,,traditional_ppo,,,seed,45
394.0,0.2890625,,traditional_ppo,,,seed,45
410.0,0.2609375,,traditional_ppo,,,seed,45
426.0,0.20153061224489793,,traditional_ppo,,,seed,45
442.0,0.28125,,traditional_ppo,,,seed,45
458.0,0.2546875,,traditional_ppo,,,seed,45
474.0,0.22193877551020408,,traditional_ppo,,,seed,45
490.0,0.271484375,,traditional_ppo,,,seed,45
500.0,0.23750000000000004,,traditional_ppo,,,seed,45
516.0,0.21045918367346939,,traditional_ppo,,,seed,45
532.0,0.248046875,,traditional_ppo,,,seed,45
548.0,0.26875000000000004,,traditional_ppo,,,seed,45
564.0,0.21556122448979592,,traditional_ppo,,,seed,45
580.0,0.234375,,traditional_ppo,,,seed,45
596.0,0.2640625,,traditional_ppo,,,seed,45
612.0,0.19642857142857142,,traditional_ppo,,,seed,45
628.0,0.30078125,,traditional_ppo,,,seed,45
644.0,0.2546875,,traditional_ppo,,,seed,45
660.0,0.23086734693877553,,traditional_ppo,,,seed,45
676.0,0.3359375,,traditional_ppo,,,seed,45
692.0,0.209375,,traditional_ppo,,,seed,45
708.0,0.2002551020408163,,traditional_ppo,,,seed,45
724.0,0.28515625,,traditional_ppo,,,seed,45
740.0,0.25625,,traditional_ppo,,,seed,45
756.0,0.23214285714285715,,traditional_ppo,,,seed,45
772.0,0.302734375,,traditional_ppo,,,seed,45
788.0,0.26406250000000003,,traditional_ppo,,,seed,45
804.0,0.23979591836734693,,traditional_ppo,,,seed,45
820.0,0.322265625,,traditional_ppo,,,seed,45
836.0,0.30000000000000004,,traditional_ppo,,,seed,45
852.0,0.21045918367346939,,traditional_ppo,,,seed,45
868.0,0.271484375,,traditional_ppo,,,seed,45
884.0,0.2765625,,traditional_ppo,,,seed,45
900.0,0.24872448979591838,,traditional_ppo,,,seed,45
916.0,0.208984375,,traditional_ppo,,,seed,45
932.0,0.284375,,traditional_ppo,,,seed,45
948.0,0.24617346938775508,,traditional_ppo,,,seed,45
964.0,0.322265625,,traditional_ppo,,,seed,45
980.0,0.21875,,traditional_ppo,,,seed,45
996.0,0.24617346938775508,,traditional_ppo,,,seed,45
1000.0,0.296875,,traditional_ppo,,,seed,45
1016.0,0.2703125,,traditional_ppo,,,seed,45
1032.0,0.24107142857142855,,traditional_ppo,,,seed,45
1048.0,0.328125,,traditional_ppo,,,seed,45
1064.0,0.2859375,,traditional_ppo,,,seed,45
1080.0,0.235969387755102,,traditional_ppo,,,seed,45
1096.0,0.263671875,,traditional_ppo,,,seed,45
1112.0,0.26093750000000004,,traditional_ppo,,,seed,45
1128.0,0.22193877551020408,,traditional_ppo,,,seed,45
1144.0,0.30078125,,traditional_ppo,,,seed,45
1160.0,0.2734375,,traditional_ppo,,,seed,45
1176.0,0.25510204081632654,,traditional_ppo,,,seed,45
1192.0,0.29296875,,traditional_ppo,,,seed,45
1208.0,0.2390625,,traditional_ppo,,,seed,45
1224.0,0.24489795918367346,,traditional_ppo,,,seed,45
1240.0,0.30078125,,traditional_ppo,,,seed,45
1256.0,0.2828125,,traditional_ppo,,,seed,45
1272.0,0.21428571428571427,,traditional_ppo,,,seed,45
1288.0,0.28515625,,traditional_ppo,,,seed,45
1304.0,0.2609375,,traditional_ppo,,,seed,45
1320.0,0.22831632653061223,,traditional_ppo,,,seed,45
1336.0,0.357421875,,traditional_ppo,,,seed,45
1352.0,0.315625,,traditional_ppo,,,seed,45
1368.0,0.22831632653061223,,traditional_ppo,,,seed,45
1384.0,0.3046875,,traditional_ppo,,,seed,45
1400.0,0.265625,,traditional_ppo,,,seed,45
1416.0,0.22959183673469388,,traditional_ppo,,,seed,45
1432.0,0.328125,,traditional_ppo,,,seed,45
1448.0,0.2546875,,traditional_ppo,,,seed,45
1464.0,0.23979591836734693,,traditional_ppo,,,seed,45
1480.0,0.302734375,,traditional_ppo,,,seed,45
1496.0,0.2609375,,traditional_ppo,,,seed,45
1500.0,0.18877551020408165,,traditional_ppo,,,seed,45
1516.0,0.314453125,,traditional_ppo,,,seed,45
1532.0,0.2375,,traditional_ppo,,,seed,45
1548.0,0.20153061224489793,,traditional_ppo,,,seed,45
1564.0,0.27734375,,traditional_ppo,,,seed,45
1580.0,0.259375,,traditional_ppo,,,seed,45
1596.0,0.2372448979591837,,traditional_ppo,,,seed,45
1612.0,0.349609375,,traditional_ppo,,,seed,45
1628.0,0.25625,,traditional_ppo,,,seed,45
1644.0,0.2385204081632653,,traditional_ppo,,,seed,45
1660.0,0.3125,,traditional_ppo,,,seed,45
1676.0,0.2375,,traditional_ppo,,,seed,45
1692.0,0.22704081632653061,,traditional_ppo,,,seed,45
1708.0,0.24609375,,traditional_ppo,,,seed,45
1724.0,0.23593750000000002,,traditional_ppo,,,seed,45
1740.0,0.264030612244898,,traditional_ppo,,,seed,45
1756.0,0.287109375,,traditional_ppo,,,seed,45
1772.0,0.240625,,traditional_ppo,,,seed,45
1788.0,0.23596938775510207,,traditional_ppo,,,seed,45
1804.0,0.294921875,,traditional_ppo,,,seed,45
1820.0,0.234375,,traditional_ppo,,,seed,45
1836.0,0.24617346938775508,,traditional_ppo,,,seed,45
1852.0,0.310546875,,traditional_ppo,,,seed,45
1868.0,0.246875,,traditional_ppo,,,seed,45
1884.0,0.23469387755102042,,traditional_ppo,,,seed,45
1900.0,0.291015625,,traditional_ppo,,,seed,45
1916.0,0.24218749999999997,,traditional_ppo,,,seed,45
1932.0,0.22704081632653061,,traditional_ppo,,,seed,45
1948.0,0.287109375,,traditional_ppo,,,seed,45
1964.0,0.29218750000000004,,traditional_ppo,,,seed,45
1980.0,0.24489795918367346,,traditional_ppo,,,seed,45
1996.0,0.28515625,,traditional_ppo,,,seed,45
2000.0,0.2375,,traditional_ppo,,,seed,45
2016.0,0.2614795918367347,,traditional_ppo,,,seed,45
2032.0,0.28515625,,traditional_ppo,,,seed,45
2048.0,0.278125,,traditional_ppo,,,seed,45
2064.0,0.24617346938775514,,traditional_ppo,,,seed,45
2080.0,0.30859375,,traditional_ppo,,,seed,45
2096.0,0.2734375,,traditional_ppo,,,seed,45
2112.0,0.2461734693877551,,traditional_ppo,,,seed,45
2128.0,0.314453125,,traditional_ppo,,,seed,45
2144.0,0.2921875,,traditional_ppo,,,seed,45
2160.0,0.19770408163265307,,traditional_ppo,,,seed,45
2176.0,0.33203125,,traditional_ppo,,,seed,45
2192.0,0.2453125,,traditional_ppo,,,seed,45
2208.0,0.25255102040816324,,traditional_ppo,,,seed,45
2224.0,0.33984375,,traditional_ppo,,,seed,45
2240.0,0.234375,,traditional_ppo,,,seed,45
2256.0,0.24107142857142855,,traditional_ppo,,,seed,45
2272.0,0.287109375,,traditional_ppo,,,seed,45
2288.0,0.2984375,,traditional_ppo,,,seed,45
2304.0,0.24489795918367346,,traditional_ppo,,,seed,45
2320.0,0.251953125,,traditional_ppo,,,seed,45
2336.0,0.23906249999999998,,traditional_ppo,,,seed,45
2352.0,0.23341836734693877,,traditional_ppo,,,seed,45
2368.0,0.271484375,,traditional_ppo,,,seed,45
2384.0,0.2390625,,traditional_ppo,,,seed,45
2400.0,0.21811224489795916,,traditional_ppo,,,seed,45
2416.0,0.310546875,,traditional_ppo,,,seed,45
2432.0,0.284375,,traditional_ppo,,,seed,45
2448.0,0.235969387755102,,traditional_ppo,,,seed,45
2464.0,0.291015625,,traditional_ppo,,,seed,45
2480.0,0.2375,,traditional_ppo,,,seed,45
2496.0,0.23214285714285715,,traditional_ppo,,,seed,45
2500.0,0.21875,,traditional_ppo,,,seed,45
2516.0,0.27812499999999996,,traditional_ppo,,,seed,45
2532.0,0.24107142857142855,,traditional_ppo,,,seed,45
2548.0,0.3203125,,traditional_ppo,,,seed,45
2564.0,0.275,,traditional_ppo,,,seed,45
2580.0,0.2385204081632653,,traditional_ppo,,,seed,45
2596.0,0.283203125,,traditional_ppo,,,seed,45
2612.0,0.23125,,traditional_ppo,,,seed,45
2628.0,0.22831632653061223,,traditional_ppo,,,seed,45
2644.0,0.27734375,,traditional_ppo,,,seed,45
2660.0,0.253125,,traditional_ppo,,,seed,45
2676.0,0.25,,traditional_ppo,,,seed,45
2692.0,0.33984375,,traditional_ppo,,,seed,45
2708.0,0.2640625,,traditional_ppo,,,seed,45
2724.0,0.2602040816326531,,traditional_ppo,,,seed,45
2740.0,0.291015625,,traditional_ppo,,,seed,45
2756.0,0.2671875,,traditional_ppo,,,seed,45
2772.0,0.2627551020408163,,traditional_ppo,,,seed,45
2788.0,0.322265625,,traditional_ppo,,,seed,45
2804.0,0.2734375,,traditional_ppo,,,seed,45
2820.0,0.20535714285714285,,traditional_ppo,,,seed,45
2836.0,0.2578125,,traditional_ppo,,,seed,45
2852.0,0.30312500000000003,,traditional_ppo,,,seed,45
2868.0,0.24872448979591838,,traditional_ppo,,,seed,45
2884.0,0.310546875,,traditional_ppo,,,seed,45
2900.0,0.296875,,traditional_ppo,,,seed,45
2916.0,0.22448979591836735,,traditional_ppo,,,seed,45
2932.0,0.2734375,,traditional_ppo,,,seed,45
2948.0,0.2546875,,traditional_ppo,,,seed,45
2964.0,0.23341836734693877,,traditional_ppo,,,seed,45
2980.0,0.32421875,,traditional_ppo,,,seed,45
2996.0,0.259375,,traditional_ppo,,,seed,45
3000.0,0.26530612244897955,,traditional_ppo,,,seed,45
16.0,0.2421875,,traditional_ppo,,,seed,46
32.0,0.18125,,traditional_ppo,,,seed,46
48.0,0.14923469387755103,,traditional_ppo,,,seed,46
64.0,0.212890625,,traditional_ppo,,,seed,46
80.0,0.184375,,traditional_ppo,,,seed,46
96.0,0.17091836734693877,,traditional_ppo,,,seed,46
112.0,0.20703125,,traditional_ppo,,,seed,46
128.0,0.2375,,traditional_ppo,,,seed,46
144.0,0.18494897959183673,,traditional_ppo,,,seed,46
160.0,0.212890625,,traditional_ppo,,,seed,46
176.0,0.21718749999999998,,traditional_ppo,,,seed,46
192.0,0.20408163265306123,,traditional_ppo,,,seed,46
208.0,0.25390625,,traditional_ppo,,,seed,46
224.0,0.21718749999999998,,traditional_ppo,,,seed,46
240.0,0.20408163265306123,,traditional_ppo,,,seed,46
250.0,0.253125,,traditional_ppo,,,seed,46
266.0,0.22031250000000002,,traditional_ppo,,,seed,46
282.0,0.21938775510204078,,traditional_ppo,,,seed,46
298.0,0.224609375,,traditional_ppo,,,seed,46
314.0,0.2625,,traditional_ppo,,,seed,46
330.0,0.19260204081632654,,traditional_ppo,,,seed,46
346.0,0.283203125,,traditional_ppo,,,seed,46
362.0,0.2296875,,traditional_ppo,,,seed,46
378.0,0.20153061224489796,,traditional_ppo,,,seed,46
394.0,0.294921875,,traditional_ppo,,,seed,46
410.0,0.24375000000000002,,traditional_ppo,,,seed,46
426.0,0.23086734693877553,,traditional_ppo,,,seed,46
442.0,0.25,,traditional_ppo,,,seed,46
458.0,0.23281249999999998,,traditional_ppo,,,seed,46
474.0,0.1836734693877551,,traditional_ppo,,,seed,46
490.0,0.236328125,,traditional_ppo,,,seed,46
500.0,0.195,,traditional_ppo,,,seed,46
516.0,0.24362244897959182,,traditional_ppo,,,seed,46
532.0,0.298828125,,traditional_ppo,,,seed,46
548.0,0.215625,,traditional_ppo,,,seed,46
564.0,0.21301020408163265,,traditional_ppo,,,seed,46
580.0,0.28515625,,traditional_ppo,,,seed,46
596.0,0.265625,,traditional_ppo,,,seed,46
612.0,0.23341836734693877,,traditional_ppo,,,seed,46
628.0,0.236328125,,traditional_ppo,,,seed,46
644.0,0.2546875,,traditional_ppo,,,seed,46
660.0,0.21683673469387754,,traditional_ppo,,,seed,46
676.0,0.28515625,,traditional_ppo,,,seed,46
692.0,0.246875,,traditional_ppo,,,seed,46
708.0,0.225765306122449,,traditional_ppo,,,seed,46
724.0,0.29296875,,traditional_ppo,,,seed,46
740.0,0.234375,,traditional_ppo,,,seed,46
756.0,0.22959183673469385,,traditional_ppo,,,seed,46
772.0,0.30859375,,traditional_ppo,,,seed,46
788.0,0.24843749999999998,,traditional_ppo,,,seed,46
804.0,0.22448979591836735,,traditional_ppo,,,seed,46
820.0,0.267578125,,traditional_ppo,,,seed,46
836.0,0.23593750000000002,,traditional_ppo,,,seed,46
852.0,0.2308673469387755,,traditional_ppo,,,seed,46
868.0,0.28515625,,traditional_ppo,,,seed,46
884.0,0.275,,traditional_ppo,,,seed,46
900.0,0.26913265306122447,,traditional_ppo,,,seed,46
916.0,0.27734375,,traditional_ppo,,,seed,46
932.0,0.253125,,traditional_ppo,,,seed,46
948.0,0.21683673469387754,,traditional_ppo,,,seed,46
964.0,0.26953125,,traditional_ppo,,,seed,46
980.0,0.25625,,traditional_ppo,,,seed,46
996.0,0.20663265306122447,,traditional_ppo,,,seed,46
1000.0,0.3203125,,traditional_ppo,,,seed,46
1016.0,0.30156249999999996,,traditional_ppo,,,seed,46
1032.0,0.2308673469387755,,traditional_ppo,,,seed,46
1048.0,0.30859375,,traditional_ppo,,,seed,46
1064.0,0.25625,,traditional_ppo,,,seed,46
1080.0,0.25892857142857145,,traditional_ppo,,,seed,46
1096.0,0.314453125,,traditional_ppo,,,seed,46
1112.0,0.234375,,traditional_ppo,,,seed,46
1128.0,0.22704081632653061,,traditional_ppo,,,seed,46
1144.0,0.337890625,,traditional_ppo,,,seed,46
1160.0,0.27812499999999996,,traditional_ppo,,,seed,46
1176.0,0.225765306122449,,traditional_ppo,,,seed,46
1192.0,0.3046875,,traditional_ppo,,,seed,46
1208.0,0.2890625,,traditional_ppo,,,seed,46
1224.0,0.2423469387755102,,traditional_ppo,,,seed,46
1240.0,0.294921875,,traditional_ppo,,,seed,46
1256.0,0.25,,traditional_ppo,,,seed,46
1272.0,0.2193877551020408,,traditional_ppo,,,seed,46
1288.0,0.236328125,,traditional_ppo,,,seed,46
1304.0,0.25156249999999997,,traditional_ppo,,,seed,46
1320.0,0.21556122448979592,,traditional_ppo,,,seed,46
1336.0,0.271484375,,traditional_ppo,,,seed,46
1352.0,0.271875,,traditional_ppo,,,seed,46
1368.0,0.24362244897959184,,traditional_ppo,,,seed,46
1384.0,0.28515625,,traditional_ppo,,,seed,46
1400.0,0.23124999999999998,,traditional_ppo,,,seed,46
1416.0,0.22193877551020408,,traditional_ppo,,,seed,46
1432.0,0.302734375,,traditional_ppo,,,seed,46
1448.0,0.303125,,traditional_ppo,,,seed,46
1464.0,0.2614795918367347,,traditional_ppo,,,seed,46
1480.0,0.34375,,traditional_ppo,,,seed,46
1496.0,0.2234375,,traditional_ppo,,,seed,46
1500.0,0.19387755102040816,,traditional_ppo,,,seed,46
1516.0,0.26953125,,traditional_ppo,,,seed,46
1532.0,0.2703125,,traditional_ppo,,,seed,46
1548.0,0.260204081632653,,traditional_ppo,,,seed,46
1564.0,0.279296875,,traditional_ppo,,,seed,46
1580.0,0.28750000000000003,,traditional_ppo,,,seed,46
1596.0,0.2614795918367347,,traditional_ppo,,,seed,46
1612.0,0.3046875,,traditional_ppo,,,seed,46
1628.0,0.2515625,,traditional_ppo,,,seed,46
1644.0,0.20535714285714285,,traditional_ppo,,,seed,46
1660.0,0.265625,,traditional_ppo,,,seed,46
1676.0,0.2484375,,traditional_ppo,,,seed,46
1692.0,0.23086734693877553,,traditional_ppo,,,seed,46
1708.0,0.283203125,,traditional_ppo,,,seed,46
1724.0,0.27031249999999996,,traditional_ppo,,,seed,46
1740.0,0.2525510204081633,,traditional_ppo,,,seed,46
1756.0,0.294921875,,traditional_ppo,,,seed,46
1772.0,0.24062499999999998,,traditional_ppo,,,seed,46
1788.0,0.24362244897959184,,traditional_ppo,,,seed,46
1804.0,0.314453125,,traditional_ppo,,,seed,46
1820.0,0.20625000000000002,,traditional_ppo,,,seed,46
1836.0,0.2181122448979592,,traditional_ppo,,,seed,46
1852.0,0.265625,,traditional_ppo,,,seed,46
1868.0,0.2890625,,traditional_ppo,,,seed,46
1884.0,0.20408163265306123,,traditional_ppo,,,seed,46
1900.0,0.30859375,,traditional_ppo,,,seed,46
1916.0,0.3078125,,traditional_ppo,,,seed,46
1932.0,0.2002551020408163,,traditional_ppo,,,seed,46
1948.0,0.2890625,,traditional_ppo,,,seed,46
1964.0,0.25625,,traditional_ppo,,,seed,46
1980.0,0.18877551020408162,,traditional_ppo,,,seed,46
1996.0,0.287109375,,traditional_ppo,,,seed,46
2000.0,0.3125,,traditional_ppo,,,seed,46
2016.0,0.20663265306122447,,traditional_ppo,,,seed,46
2032.0,0.31640625,,traditional_ppo,,,seed,46
2048.0,0.24531250000000002,,traditional_ppo,,,seed,46
2064.0,0.25255102040816324,,traditional_ppo,,,seed,46
2080.0,0.341796875,,traditional_ppo,,,seed,46
2096.0,0.27499999999999997,,traditional_ppo,,,seed,46
2112.0,0.26658163265306123,,traditional_ppo,,,seed,46
2128.0,0.2578125,,traditional_ppo,,,seed,46
2144.0,0.246875,,traditional_ppo,,,seed,46
2160.0,0.23086734693877548,,traditional_ppo,,,seed,46
2176.0,0.2578125,,traditional_ppo,,,seed,46
2192.0,0.2640625,,traditional_ppo,,,seed,46
2208.0,0.2066326530612245,,traditional_ppo,,,seed,46
2224.0,0.302734375,,traditional_ppo,,,seed,46
2240.0,0.30000000000000004,,traditional_ppo,,,seed,46
2256.0,0.26658163265306123,,traditional_ppo,,,seed,46
2272.0,0.28125,,traditional_ppo,,,seed,46
2288.0,0.2453125,,traditional_ppo,,,seed,46
2304.0,0.22959183673469388,,traditional_ppo,,,seed,46
2320.0,0.318359375,,traditional_ppo,,,seed,46
2336.0,0.26249999999999996,,traditional_ppo,,,seed,46
2352.0,0.21811224489795916,,traditional_ppo,,,seed,46
2368.0,0.275390625,,traditional_ppo,,,seed,46
2384.0,0.2671875,,traditional_ppo,,,seed,46
2400.0,0.23214285714285712,,traditional_ppo,,,seed,46
2416.0,0.28515625,,traditional_ppo,,,seed,46
2432.0,0.27656250000000004,,traditional_ppo,,,seed,46
2448.0,0.22448979591836732,,traditional_ppo,,,seed,46
2464.0,0.318359375,,traditional_ppo,,,seed,46
2480.0,0.23281249999999998,,traditional_ppo,,,seed,46
2496.0,0.24107142857142858,,traditional_ppo,,,seed,46
2500.0,0.2890625,,traditional_ppo,,,seed,46
2516.0,0.2625,,traditional_ppo,,,seed,46
2532.0,0.20663265306122447,,traditional_ppo,,,seed,46
2548.0,0.255859375,,traditional_ppo,,,seed,46
2564.0,0.30000000000000004,,traditional_ppo,,,seed,46
2580.0,0.2551020408163265,,traditional_ppo,,,seed,46
2596.0,0.27734375,,traditional_ppo,,,seed,46
2612.0,0.3078125,,traditional_ppo,,,seed,46
2628.0,0.25255102040816324,,traditional_ppo,,,seed,46
2644.0,0.28515625,,traditional_ppo,,,seed,46
2660.0,0.2796875,,traditional_ppo,,,seed,46
2676.0,0.24617346938775508,,traditional_ppo,,,seed,46
2692.0,0.3125,,traditional_ppo,,,seed,46
2708.0,0.24375000000000002,,traditional_ppo,,,seed,46
2724.0,0.2538265306122449,,traditional_ppo,,,seed,46
2740.0,0.330078125,,traditional_ppo,,,seed,46
2756.0,0.2390625,,traditional_ppo,,,seed,46
2772.0,0.2308673469387755,,traditional_ppo,,,seed,46
2788.0,0.3046875,,traditional_ppo,,,seed,46
2804.0,0.278125,,traditional_ppo,,,seed,46
2820.0,0.23341836734693877,,traditional_ppo,,,seed,46
2836.0,0.298828125,,traditional_ppo,,,seed,46
2852.0,0.2671875,,traditional_ppo,,,seed,46
2868.0,0.25255102040816324,,traditional_ppo,,,seed,46
2884.0,0.228515625,,traditional_ppo,,,seed,46
2900.0,0.27812499999999996,,traditional_ppo,,,seed,46
2916.0,0.23214285714285715,,traditional_ppo,,,seed,46
2932.0,0.248046875,,traditional_ppo,,,seed,46
2948.0,0.2421875,,traditional_ppo,,,seed,46
2964.0,0.2385204081632653,,traditional_ppo,,,seed,46
2980.0,0.27734375,,traditional_ppo,,,seed,46
2996.0,0.265625,,traditional_ppo,,,seed,46
3000.0,0.2857142857142857,,traditional_ppo,,,seed,46
0.0,,0.21875,traditional_ppo,0.201171875,0.2421875,summary,
20.0,,0.20703125,traditional_ppo,0.19619140625,0.226953125,summary,
40.0,,0.17501594387755104,traditional_ppo,0.17417091836734694,0.1782684948979592,summary,
60.0,,0.2032944036989796,traditional_ppo,0.19697664221938777,0.20437061543367346,summary,
80.0,,0.1875,traditional_ppo,0.1875,0.2171875,summary,
100.0,,0.18113241390306123,traditional_ppo,0.17994658801020408,0.20310507015306123,summary,
120.0,,0.2205078125,traditional_ppo,0.215234375,0.222265625,summary,
140.0,,0.2001355229591837,traditional_ppo,0.19808673469387755,0.21145567602040816,summary,
160.0,,0.234375,traditional_ppo,0.212890625,0.267578125,summary,
180.0,,0.19654017857142858,traditional_ppo,0.19463488520408162,0.2139110331632653,summary,
200.0,,0.2137077487244898,traditional_ppo,0.21261160714285715,0.22213807397959184,summary,
220.0,,0.22636718749999998,traditional_ppo,0.22138671875000002,0.22714843750000002,summary,
240.0,,0.20408163265306123,traditional_ppo,0.20153061224489796,0.20790816326530615,summary,
260.0,,0.23261718750000002,traditional_ppo,0.2287109375,0.23671875,summary,
280.0,,0.21729910714285713,traditional_ppo,0.21196986607142854,0.21791294642857142,summary,
300.0,,0.28408203125,traditional_ppo,0.262060546875,0.287109375,summary,
320.0,,0.22221779336734693,traditional_ppo,0.2180923150510204,0.23628826530612246,summary,
340.0,,0.24922771843112246,traditional_ppo,0.24355269451530612,0.26737384406887754,summary,
360.0,,0.2537109375,traditional_ppo,0.251123046875,0.25654296874999993,summary,
380.0,,0.22140066964285712,traditional_ppo,0.21334402901785715,0.23256138392857142,summary,
400.0,,0.275,traditional_ppo,0.2677734375,0.275732421875,summary,
420.0,,0.23225047831632656,traditional_ppo,0.22910953443877552,0.23569834183673471,summary,
440.0,,0.27128507653061223,traditional_ppo,0.2598453443877551,0.2736766581632653,summary,
460.0,,0.2505939094387755,traditional_ppo,0.24683514030612244,0.2535116390306123,summary,
480.0,,0.24051837531887754,traditional_ppo,0.23581991390306123,0.25126554528061223,summary,
500.0,,0.23750000000000004,traditional_ppo,0.2325,0.24500000000000002,summary,
520.0,,0.2298907844387755,traditional_ppo,0.22727997448979592,0.2512356505102041,summary,
540.0,,0.2583984375,traditional_ppo,0.2572265625,0.26328125,summary,
560.0,,0.22004942602040817,traditional_ppo,0.21886160714285713,0.22885841836734694,summary,
580.0,,0.28515625,traditional_ppo,0.263671875,0.28515625,summary,
600.0,,0.24715401785714283,traditional_ppo,0.24127072704081634,0.2575733418367347,summary,
620.0,,0.2486049107142857,traditional_ppo,0.24027423469387754,0.25548070790816324,summary,
640.0,,0.2662109375,traditional_ppo,0.25498046875,0.27226562499999996,summary,
660.0,,0.21683673469387754,traditional_ppo,0.21428571428571425,0.23086734693877553,summary,
680.0,,0.2798828125,traditional_ppo,0.2755859375,0.304296875,summary,
700.0,,0.2363201530612245,traditional_ppo,0.22326211734693877,0.25001594387755105,summary,
720.0,,0.2617885044642857,traditional_ppo,0.26114078443877553,0.2639309630102041,summary,
740.0,,0.25625,traditional_ppo,0.25,0.2765625,summary,
760.0,,0.2493423150510204,traditional_ppo,0.23786272321428573,0.24979073660714285,summary,
780.0,,0.28632812500000004,traditional_ppo,0.28339843750000004,0.2865234375,summary,
800.0,,0.2304767219387755,traditional_ppo,0.2215561224489796,0.23629623724489796,summary,
820.0,,0.28515625,traditional_ppo,0.275390625,0.310546875,summary,
840.0,,0.25491071428571427,traditional_ppo,0.2524473852040816,0.26681281887755104,summary,
860.0,,0.2606026785714286,traditional_ppo,0.25801179846938777,0.26524633290816324,summary,
880.0,,0.27529296875,traditional_ppo,0.26923828125000004,0.27753906250000004,summary,
900.0,,0.23852040816326534,traditional_ppo,0.21428571428571427,0.24872448979591838,summary,
920.0,,0.2853515625,traditional_ppo,0.2712890625,0.29140625,summary,
940.0,,0.24668367346938774,traditional_ppo,0.23498086734693877,0.26527423469387756,summary,
960.0,,0.2813994738520408,traditional_ppo,0.26424984056122447,0.28330277423469385,summary,
980.0,,0.2546875,traditional_ppo,0.2375,0.25625,summary,
1000.0,,0.3203125,traditional_ppo,0.296875,0.3359375,summary,
1020.0,,0.2630022321428571,traditional_ppo,0.23839285714285713,0.26365593112244895,summary,
1040.0,,0.2505381058673469,traditional_ppo,0.24742904974489796,0.26973054846938777,summary,
1060.0,,0.26904296875,traditional_ppo,0.23642578125000002,0.26933593749999996,summary,
1080.0,,0.2346938775510204,traditional_ppo,0.22831632653061223,0.235969387755102,summary,
1100.0,,0.28369140625,traditional_ppo,0.26298828125,0.29443359375,summary,
1120.0,,0.24143813775510206,traditional_ppo,0.24065688775510205,0.2469547193877551,summary,
1140.0,,0.28177814094387754,traditional_ppo,0.281070631377551,0.286930006377551,summary,
1160.0,,0.2734375,traditional_ppo,0.2625,0.27812499999999996,summary,
1180.0,,0.24711017219387754,traditional_ppo,0.24549585459183676,0.2614696269132653,summary,
1200.0,,0.2935546875,traditional_ppo,0.266015625,0.296875,summary,
1220.0,,0.2434390943877551,traditional_ppo,0.23942123724489794,0.2540258290816326,summary,
1240.0,,0.294921875,traditional_ppo,0.279296875,0.30078125,summary,
1260.0,,0.24255420918367346,traditional_ppo,0.2423469387755102,0.2655691964285714,summary,
1280.0,,0.24972098214285715,traditional_ppo,0.232601243622449,0.25613839285714285,summary,
1300.0,,0.2669921875,traditional_ppo,0.25595703125,0.27451171875,summary,
1320.0,,0.22831632653061223,traditional_ppo,0.21556122448979592,0.23214285714285715,summary,
1340.0,,0.27158203125,traditional_ppo,0.27041015625,0.31962890625,summary,
1360.0,,0.2577487244897959,traditional_ppo,0.24049744897959185,0.257780612244898,summary,
1380.0,,0.274772799744898,traditional_ppo,0.2643893494897959,0.2855947066326531,summary,
1400.0,,0.25468749999999996,traditional_ppo,0.2515625,0.265625,summary,
1420.0,,0.2496512276785714,traditional_ppo,0.24950175382653061,0.2542251275510204,summary,
1440.0,,0.300390625,traditional_ppo,0.29140625,0.3029296875,summary,
1460.0,,0.2537308673469388,traditional_ppo,0.2435188137755102,0.25625,summary,
1480.0,,0.3046875,traditional_ppo,0.302734375,0.30859375,summary,
1500.0,,0.19387755102040816,traditional_ppo,0.18877551020408165,0.2142857142857143,summary,
1520.0,,0.27353515625,traditional_ppo,0.2697265625,0.2943359375,summary,
1540.0,,0.22865114795918368,traditional_ppo,0.21951530612244896,0.2652582908163265,summary,
1560.0,,0.26559510522959184,traditional_ppo,0.25839046556122447,0.267398756377551,summary,
1580.0,,0.259375,traditional_ppo,0.2546875,0.27656250000000004,summary,
1600.0,,0.272281568877551,traditional_ppo,0.26533601721938777,0.2822963169642857,summary,
1620.0,,0.2912109375,traditional_ppo,0.278125,0.2994140625,summary,
1640.0,,0.23143335459183673,traditional_ppo,0.21690848214285713,0.24295280612244896,summary,
1660.0,,0.291015625,traditional_ppo,0.265625,0.296875,summary,
1680.0,,0.2446747448979592,traditional_ppo,0.2440449617346939,0.24552774234693878,summary,
1700.0,,0.25703523596938777,traditional_ppo,0.25296954719387754,0.26371173469387754,summary,
1720.0,,0.27353515624999997,traditional_ppo,0.25283203125,0.27773437500000003,summary,
1740.0,,0.2525510204081633,traditional_ppo,0.2308673469387755,0.25765306122448983,summary,
1760.0,,0.28134765625,traditional_ppo,0.28095703125,0.29345703125,summary,
1780.0,,0.23829719387755105,traditional_ppo,0.23368941326530612,0.2421237244897959,summary,
1800.0,,0.2850864955357143,traditional_ppo,0.28018375318877553,0.296745455994898,summary,
1820.0,,0.259375,traditional_ppo,0.234375,0.26406250000000003,summary,
1840.0,,0.23108657525510204,traditional_ppo,0.22999043367346939,0.25748365752551017,summary,
1860.0,,0.27734375,traditional_ppo,0.276171875,0.2787109375,summary,
1880.0,,0.2320232780612245,traditional_ppo,0.22532684948979592,0.23773915816326532,summary,
1900.0,,0.291015625,traditional_ppo,0.275390625,0.296875,summary,
1920.0,,0.24703443877551018,traditional_ppo,0.24457908163265307,0.2530851403061224,summary,
1940.0,,0.25380660076530615,traditional_ppo,0.2473891900510204,0.2570750956632653,summary,
1960.0,,0.26445312499999996,traditional_ppo,0.25048828125,0.27509765625000004,summary,
1980.0,,0.22704081632653061,traditional_ppo,0.18877551020408162,0.23341836734693877,summary,
2000.0,,0.2375,traditional_ppo,0.2375,0.28125,summary,
2020.0,,0.25638751594387754,traditional_ppo,0.2344646843112245,0.26418008609693877,summary,
2040.0,,0.280859375,traditional_ppo,0.2791015625,0.281640625,summary,
2060.0,,0.25341198979591834,traditional_ppo,0.2507413903061224,0.253890306122449,summary,
2080.0,,0.30859375,traditional_ppo,0.29296875,0.322265625,summary,
2100.0,,0.26662149234693877,traditional_ppo,0.2613998724489796,0.2728954081632653,summary,
2120.0,,0.26889349489795916,traditional_ppo,0.2621970663265306,0.27214205994897955,summary,
2140.0,,0.27958984374999996,traditional_ppo,0.25078125,0.28203124999999996,summary,
2160.0,,0.23086734693877548,traditional_ppo,0.20153061224489793,0.2346938775510204,summary,
2180.0,,0.26728515625,traditional_ppo,0.2662109375,0.3103515625,summary,
2200.0,,0.24341517857142855,traditional_ppo,0.23534757653061222,0.24893176020408161,summary,
2220.0,,0.2901187818877551,traditional_ppo,0.27870894451530615,0.2938755580357143,summary,
2240.0,,0.2625,traditional_ppo,0.24375000000000002,0.275,summary,
2260.0,,0.2525809151785714,traditional_ppo,0.24116111288265307,0.25868941326530615,summary,
2280.0,,0.2830078125,traditional_ppo,0.2828125,0.2904296875,summary,
2300.0,,0.2335220025510204,traditional_ppo,0.22464126275510204,0.2500637755102041,summary,
2320.0,,0.310546875,traditional_ppo,0.287109375,0.318359375,summary,
2340.0,,0.25140306122448974,traditional_ppo,0.2376514668367347,0.2569276147959184,summary,
2360.0,,0.26795679209183676,traditional_ppo,0.2524513711734694,0.2817283163265306,summary,
2380.0,,0.26923828125000004,traditional_ppo,0.265625,0.28486328125000004,summary,
2400.0,,0.2512755102040816,traditional_ppo,0.23214285714285712,0.2576530612244898,summary,
2420.0,,0.285546875,traditional_ppo,0.2830078125,0.3029296875,summary,
2440.0,,0.24948979591836734,traditional_ppo,0.23392857142857143,0.2505261479591837,summary,
2460.0,,0.27725406568877553,traditional_ppo,0.2754603794642857,0.2865613042091837,summary,
2480.0,,0.2375,traditional_ppo,0.23281249999999998,0.253125,summary,
2500.0,,0.2890625,traditional_ppo,0.2734375,0.3046875,summary,
2520.0,,0.2485331632653061,traditional_ppo,0.24362244897959184,0.2647002551020408,summary,
2540.0,,0.2802136479591837,traditional_ppo,0.2581114477040816,0.2806919642857143,summary,
2560.0,,0.28632812500000004,traditional_ppo,0.28037109375,0.28896484375000003,summary,
2580.0,,0.24744897959183673,traditional_ppo,0.2385204081632653,0.2551020408163265,summary,
2600.0,,0.2802734375,traditional_ppo,0.27841796875,0.2828125,summary,
2620.0,,0.2571747448979592,traditional_ppo,0.22978316326530612,0.2668367346938776,summary,
2640.0,,0.27980508609693877,traditional_ppo,0.2770049426020408,0.28049266581632654,summary,
2660.0,,0.2703125,traditional_ppo,0.2546875,0.2796875,summary,
2680.0,,0.2445392219387755,traditional_ppo,0.24098174426020408,0.2627551020408163,summary,
2700.0,,0.278125,traditional_ppo,0.2771484375,0.29609375,summary,
2720.0,,0.2611686862244898,traditional_ppo,0.2513871173469388,0.2631377551020408,summary,
2740.0,,0.296875,traditional_ppo,0.291015625,0.302734375,summary,
2760.0,,0.26607940051020407,traditional_ppo,0.261296237244898,0.2756935586734694,summary,
2780.0,,0.26777742346938777,traditional_ppo,0.26369180484693877,0.2712252869897959,summary,
2800.0,,0.28564453125,traditional_ppo,0.284765625,0.29501953125,summary,
2820.0,,0.23341836734693877,traditional_ppo,0.21301020408163265,0.2576530612244898,summary,
2840.0,,0.29208984375,traditional_ppo,0.29091796875,0.2931640625,summary,
2860.0,,0.25986926020408163,traditional_ppo,0.25304528061224485,0.2759247448979592,summary,
2880.0,,0.2950912786989796,traditional_ppo,0.24776785714285715,0.29579878826530615,summary,
2900.0,,0.278125,traditional_ppo,0.27812499999999996,0.296875,summary,
2920.0,,0.2367267219387755,traditional_ppo,0.23611886160714285,0.23953683035714285,summary,
2940.0,,0.2640625,traditional_ppo,0.262890625,0.282421875,summary,
2960.0,,0.2362563775510204,traditional_ppo,0.2286033163265306,0.23873565051020407,summary,
2980.0,,0.27734375,traditional_ppo,0.26953125,0.302734375,summary,
3000.0,,0.26530612244897955,traditional_ppo,0.22959183673469388,0.2755102040816326,summary,
16.0,0.193359375,,no_priority_bias,,,seed,42
32.0,0.19687500000000002,,no_priority_bias,,,seed,42
48.0,0.23086734693877553,,no_priority_bias,,,seed,42
64.0,0.255859375,,no_priority_bias,,,seed,42
80.0,0.33124999999999993,,no_priority_bias,,,seed,42
96.0,0.2538265306122449,,no_priority_bias,,,seed,42
112.0,0.38671875,,no_priority_bias,,,seed,42
128.0,0.35,,no_priority_bias,,,seed,42
144.0,0.33418367346938777,,no_priority_bias,,,seed,42
160.0,0.37109375,,no_priority_bias,,,seed,42
176.0,0.37031250000000004,,no_priority_bias,,,seed,42
192.0,0.3622448979591837,,no_priority_bias,,,seed,42
208.0,0.44921875,,no_priority_bias,,,seed,42
224.0,0.3609375,,no_priority_bias,,,seed,42
240.0,0.37244897959183676,,no_priority_bias,,,seed,42
250.0,0.45625,,no_priority_bias,,,seed,42
266.0,0.4375,,no_priority_bias,,,seed,42
282.0,0.3864795918367347,,no_priority_bias,,,seed,42
298.0,0.48828125,,no_priority_bias,,,seed,42
314.0,0.409375,,no_priority_bias,,,seed,42
330.0,0.39668367346938777,,no_priority_bias,,,seed,42
346.0,0.525390625,,no_priority_bias,,,seed,42
362.0,0.5109375,,no_priority_bias,,,seed,42
378.0,0.4630102040816326,,no_priority_bias,,,seed,42
394.0,0.53515625,,no_priority_bias,,,seed,42
410.0,0.48125,,no_priority_bias,,,seed,42
426.0,0.3864795918367347,,no_priority_bias,,,seed,42
442.0,0.37109375,,no_priority_bias,,,seed,42
458.0,0.39999999999999997,,no_priority_bias,,,seed,42
474.0,0.3520408163265306,,no_priority_bias,,,seed,42
490.0,0.47265625,,no_priority_bias,,,seed,42
500.0,0.45,,no_priority_bias,,,seed,42
516.0,0.45153061224489793,,no_priority_bias,,,seed,42
532.0,0.423828125,,no_priority_bias,,,seed,42
548.0,0.4765625,,no_priority_bias,,,seed,42
564.0,0.471938775510204,,no_priority_bias,,,seed,42
580.0,0.44921875,,no_priority_bias,,,seed,42
596.0,0.47187499999999993,,no_priority_bias,,,seed,42
612.0,0.41326530612244894,,no_priority_bias,,,seed,42
628.0,0.443359375,,no_priority_bias,,,seed,42
644.0,0.4640625,,no_priority_bias,,,seed,42
660.0,0.44005102040816324,,no_priority_bias,,,seed,42
676.0,0.533203125,,no_priority_bias,,,seed,42
692.0,0.446875,,no_priority_bias,,,seed,42
708.0,0.4770408163265306,,no_priority_bias,,,seed,42
724.0,0.4765625,,no_priority_bias,,,seed,42
740.0,0.434375,,no_priority_bias,,,seed,42
756.0,0.4630102040816326,,no_priority_bias,,,seed,42
772.0,0.51953125,,no_priority_bias,,,seed,42
788.0,0.4234375,,no_priority_bias,,,seed,42
804.0,0.44515306122448983,,no_priority_bias,,,seed,42
820.0,0.501953125,,no_priority_bias,,,seed,42
836.0,0.5015625,,no_priority_bias,,,seed,42
852.0,0.49489795918367346,,no_priority_bias,,,seed,42
868.0,0.533203125,,no_priority_bias,,,seed,42
884.0,0.4921875,,no_priority_bias,,,seed,42
900.0,0.4272959183673469,,no_priority_bias,,,seed,42
916.0,0.505859375,,no_priority_bias,,,seed,42
932.0,0.4546875,,no_priority_bias,,,seed,42
948.0,0.5153061224489797,,no_priority_bias,,,seed,42
964.0,0.451171875,,no_priority_bias,,,seed,42
980.0,0.4359375,,no_priority_bias,,,seed,42
996.0,0.4362244897959183,,no_priority_bias,,,seed,42
1000.0,0.5625,,no_priority_bias,,,seed,42
1016.0,0.3921875,,no_priority_bias,,,seed,42
1032.0,0.45663265306122447,,no_priority_bias,,,seed,42
1048.0,0.466796875,,no_priority_bias,,,seed,42
1064.0,0.46875,,no_priority_bias,,,seed,42
1080.0,0.4285714285714286,,no_priority_bias,,,seed,42
1096.0,0.41015625,,no_priority_bias,,,seed,42
1112.0,0.415625,,no_priority_bias,,,seed,42
1128.0,0.4426020408163266,,no_priority_bias,,,seed,42
1144.0,0.48046875,,no_priority_bias,,,seed,42
1160.0,0.51875,,no_priority_bias,,,seed,42
1176.0,0.48341836734693877,,no_priority_bias,,,seed,42
1192.0,0.42578125,,no_priority_bias,,,seed,42
1208.0,0.4453125,,no_priority_bias,,,seed,42
1224.0,0.4107142857142857,,no_priority_bias,,,seed,42
1240.0,0.46484375,,no_priority_bias,,,seed,42
1256.0,0.534375,,no_priority_bias,,,seed,42
1272.0,0.45408163265306123,,no_priority_bias,,,seed,42
1288.0,0.431640625,,no_priority_bias,,,seed,42
1304.0,0.45625000000000004,,no_priority_bias,,,seed,42
1320.0,0.4145408163265306,,no_priority_bias,,,seed,42
1336.0,0.4609375,,no_priority_bias,,,seed,42
1352.0,0.4609375,,no_priority_bias,,,seed,42
1368.0,0.4630102040816327,,no_priority_bias,,,seed,42
1384.0,0.5,,no_priority_bias,,,seed,42
1400.0,0.4625,,no_priority_bias,,,seed,42
1416.0,0.41709183673469385,,no_priority_bias,,,seed,42
1432.0,0.41796875,,no_priority_bias,,,seed,42
1448.0,0.4453125,,no_priority_bias,,,seed,42
1464.0,0.4770408163265306,,no_priority_bias,,,seed,42
1480.0,0.4921875,,no_priority_bias,,,seed,42
1496.0,0.48125,,no_priority_bias,,,seed,42
1500.0,0.5102040816326531,,no_priority_bias,,,seed,42
1516.0,0.521484375,,no_priority_bias,,,seed,42
1532.0,0.409375,,no_priority_bias,,,seed,42
1548.0,0.42474489795918363,,no_priority_bias,,,seed,42
1564.0,0.4453125,,no_priority_bias,,,seed,42
1580.0,0.5078125,,no_priority_bias,,,seed,42
1596.0,0.4872448979591837,,no_priority_bias,,,seed,42
1612.0,0.515625,,no_priority_bias,,,seed,42
1628.0,0.4796875,,no_priority_bias,,,seed,42
1644.0,0.3826530612244898,,no_priority_bias,,,seed,42
1660.0,0.54296875,,no_priority_bias,,,seed,42
1676.0,0.4625,,no_priority_bias,,,seed,42
1692.0,0.5,,no_priority_bias,,,seed,42
1708.0,0.451171875,,no_priority_bias,,,seed,42
1724.0,0.5046875,,no_priority_bias,,,seed,42
1740.0,0.4502551020408163,,no_priority_bias,,,seed,42
1756.0,0.39453125,,no_priority_bias,,,seed,42
1772.0,0.471875,,no_priority_bias,,,seed,42
1788.0,0.43239795918367346,,no_priority_bias,,,seed,42
1804.0,0.48828125,,no_priority_bias,,,seed,42
1820.0,0.48906250000000007,,no_priority_bias,,,seed,42
1836.0,0.46683673469387754,,no_priority_bias,,,seed,42
1852.0,0.5078125,,no_priority_bias,,,seed,42
1868.0,0.528125,,no_priority_bias,,,seed,42
1884.0,0.44515306122448983,,no_priority_bias,,,seed,42
1900.0,0.43359375,,no_priority_bias,,,seed,42
1916.0,0.446875,,no_priority_bias,,,seed,42
1932.0,0.4719387755102041,,no_priority_bias,,,seed,42
1948.0,0.466796875,,no_priority_bias,,,seed,42
1964.0,0.46562499999999996,,no_priority_bias,,,seed,42
1980.0,0.46173469387755106,,no_priority_bias,,,seed,42
1996.0,0.470703125,,no_priority_bias,,,seed,42
2000.0,0.475,,no_priority_bias,,,seed,42
2016.0,0.45153061224489793,,no_priority_bias,,,seed,42
2032.0,0.478515625,,no_priority_bias,,,seed,42
2048.0,0.4265625,,no_priority_bias,,,seed,42
2064.0,0.45408163265306123,,no_priority_bias,,,seed,42
2080.0,0.451171875,,no_priority_bias,,,seed,42
2096.0,0.475,,no_priority_bias,,,seed,42
2112.0,0.43112244897959184,,no_priority_bias,,,seed,42
2128.0,0.46875,,no_priority_bias,,,seed,42
2144.0,0.3984375,,no_priority_bias,,,seed,42
2160.0,0.45153061224489793,,no_priority_bias,,,seed,42
2176.0,0.470703125,,no_priority_bias,,,seed,42
2192.0,0.446875,,no_priority_bias,,,seed,42
2208.0,0.4821428571428571,,no_priority_bias,,,seed,42
2224.0,0.466796875,,no_priority_bias,,,seed,42
2240.0,0.571875,,no_priority_bias,,,seed,42
2256.0,0.4642857142857143,,no_priority_bias,,,seed,42
2272.0,0.4765625,,no_priority_bias,,,seed,42
2288.0,0.48124999999999996,,no_priority_bias,,,seed,42
2304.0,0.44005102040816324,,no_priority_bias,,,seed,42
2320.0,0.46875,,no_priority_bias,,,seed,42
2336.0,0.4515624999999999,,no_priority_bias,,,seed,42
2352.0,0.4272959183673469,,no_priority_bias,,,seed,42
2368.0,0.54296875,,no_priority_bias,,,seed,42
2384.0,0.4609375,,no_priority_bias,,,seed,42
2400.0,0.4362244897959184,,no_priority_bias,,,seed,42
2416.0,0.4453125,,no_priority_bias,,,seed,42
2432.0,0.4671875,,no_priority_bias,,,seed,42
2448.0,0.423469387755102,,no_priority_bias,,,seed,42
2464.0,0.5,,no_priority_bias,,,seed,42
2480.0,0.50625,,no_priority_bias,,,seed,42
2496.0,0.43494897959183676,,no_priority_bias,,,seed,42
2500.0,0.546875,,no_priority_bias,,,seed,42
2516.0,0.47812499999999997,,no_priority_bias,,,seed,42
2532.0,0.44260204081632654,,no_priority_bias,,,seed,42
2548.0,0.494140625,,no_priority_bias,,,seed,42
2564.0,0.4109375,,no_priority_bias,,,seed,42
2580.0,0.4693877551020408,,no_priority_bias,,,seed,42
2596.0,0.47265625,,no_priority_bias,,,seed,42
2612.0,0.475,,no_priority_bias,,,seed,42
2628.0,0.45663265306122447,,no_priority_bias,,,seed,42
2644.0,0.453125,,no_priority_bias,,,seed,42
2660.0,0.4203125,,no_priority_bias,,,seed,42
2676.0,0.45408163265306123,,no_priority_bias,,,seed,42
2692.0,0.462890625,,no_priority_bias,,,seed,42
2708.0,0.47343749999999996,,no_priority_bias,,,seed,42
2724.0,0.4591836734693877,,no_priority_bias,,,seed,42
2740.0,0.4453125,,no_priority_bias,,,seed,42
2756.0,0.4796875,,no_priority_bias,,,seed,42
2772.0,0.42091836734693877,,no_priority_bias,,,seed,42
2788.0,0.494140625,,no_priority_bias,,,seed,42
2804.0,0.4796875,,no_priority_bias,,,seed,42
2820.0,0.40943877551020413,,no_priority_bias,,,seed,42
2836.0,0.50390625,,no_priority_bias,,,seed,42
2852.0,0.49374999999999997,,no_priority_bias,,,seed,42
2868.0,0.5063775510204083,,no_priority_bias,,,seed,42
2884.0,0.462890625,,no_priority_bias,,,seed,42
2900.0,0.5,,no_priority_bias,,,seed,42
2916.0,0.39668367346938777,,no_priority_bias,,,seed,42
2932.0,0.51953125,,no_priority_bias,,,seed,42
2948.0,0.45156250000000003,,no_priority_bias,,,seed,42
2964.0,0.42346938775510207,,no_priority_bias,,,seed,42
2980.0,0.494140625,,no_priority_bias,,,seed,42
2996.0,0.4546875,,no_priority_bias,,,seed,42
3000.0,0.5102040816326531,,no_priority_bias,,,seed,42
16.0,0.224609375,,no_priority_bias,,,seed,43
32.0,0.1953125,,no_priority_bias,,,seed,43
48.0,0.20535714285714285,,no_priority_bias,,,seed,43
64.0,0.291015625,,no_priority_bias,,,seed,43
80.0,0.359375,,no_priority_bias,,,seed,43
96.0,0.2729591836734694,,no_priority_bias,,,seed,43
112.0,0.326171875,,no_priority_bias,,,seed,43
128.0,0.359375,,no_priority_bias,,,seed,43
144.0,0.3494897959183674,,no_priority_bias,,,seed,43
160.0,0.40625,,no_priority_bias,,,seed,43
176.0,0.3421875,,no_priority_bias,,,seed,43
192.0,0.4119897959183673,,no_priority_bias,,,seed,43
208.0,0.431640625,,no_priority_bias,,,seed,43
224.0,0.421875,,no_priority_bias,,,seed,43
240.0,0.3839285714285714,,no_priority_bias,,,seed,43
250.0,0.5875,,no_priority_bias,,,seed,43
266.0,0.259375,,no_priority_bias,,,seed,43
282.0,0.3252551020408163,,no_priority_bias,,,seed,43
298.0,0.40234375,,no_priority_bias,,,seed,43
314.0,0.4328125,,no_priority_bias,,,seed,43
330.0,0.38647959183673464,,no_priority_bias,,,seed,43
346.0,0.4453125,,no_priority_bias,,,seed,43
362.0,0.4515625,,no_priority_bias,,,seed,43
378.0,0.4630102040816326,,no_priority_bias,,,seed,43
394.0,0.4140625,,no_priority_bias,,,seed,43
410.0,0.44218749999999996,,no_priority_bias,,,seed,43
426.0,0.3852040816326531,,no_priority_bias,,,seed,43
442.0,0.462890625,,no_priority_bias,,,seed,43
458.0,0.36875,,no_priority_bias,,,seed,43
474.0,0.3928571428571429,,no_priority_bias,,,seed,43
490.0,0.48046875,,no_priority_bias,,,seed,43
500.0,0.465,,no_priority_bias,,,seed,43
516.0,0.45918367346938777,,no_priority_bias,,,seed,43
532.0,0.44140625,,no_priority_bias,,,seed,43
548.0,0.47500000000000003,,no_priority_bias,,,seed,43
564.0,0.41964285714285715,,no_priority_bias,,,seed,43
580.0,0.474609375,,no_priority_bias,,,seed,43
596.0,0.4703125,,no_priority_bias,,,seed,43
612.0,0.4017857142857143,,no_priority_bias,,,seed,43
628.0,0.5078125,,no_priority_bias,,,seed,43
644.0,0.43593750000000003,,no_priority_bias,,,seed,43
660.0,0.3801020408163265,,no_priority_bias,,,seed,43
676.0,0.4375,,no_priority_bias,,,seed,43
692.0,0.48593749999999997,,no_priority_bias,,,seed,43
708.0,0.4630102040816326,,no_priority_bias,,,seed,43
724.0,0.498046875,,no_priority_bias,,,seed,43
740.0,0.4625,,no_priority_bias,,,seed,43
756.0,0.32397959183673475,,no_priority_bias,,,seed,43
772.0,0.44140625,,no_priority_bias,,,seed,43
788.0,0.46875,,no_priority_bias,,,seed,43
804.0,0.3979591836734694,,no_priority_bias,,,seed,43
820.0,0.412109375,,no_priority_bias,,,seed,43
836.0,0.421875,,no_priority_bias,,,seed,43
852.0,0.47193877551020413,,no_priority_bias,,,seed,43
868.0,0.419921875,,no_priority_bias,,,seed,43
884.0,0.4453125,,no_priority_bias,,,seed,43
900.0,0.41581632653061223,,no_priority_bias,,,seed,43
916.0,0.47265625,,no_priority_bias,,,seed,43
932.0,0.421875,,no_priority_bias,,,seed,43
948.0,0.43239795918367346,,no_priority_bias,,,seed,43
964.0,0.412109375,,no_priority_bias,,,seed,43
980.0,0.5125,,no_priority_bias,,,seed,43
996.0,0.4642857142857143,,no_priority_bias,,,seed,43
1000.0,0.5234375,,no_priority_bias,,,seed,43
1016.0,0.478125,,no_priority_bias,,,seed,43
1032.0,0.45663265306122447,,no_priority_bias,,,seed,43
1048.0,0.451171875,,no_priority_bias,,,seed,43
1064.0,0.4125,,no_priority_bias,,,seed,43
1080.0,0.4719387755102041,,no_priority_bias,,,seed,43
1096.0,0.560546875,,no_priority_bias,,,seed,43
1112.0,0.4765625,,no_priority_bias,,,seed,43
1128.0,0.42091836734693877,,no_priority_bias,,,seed,43
1144.0,0.455078125,,no_priority_bias,,,seed,43
1160.0,0.390625,,no_priority_bias,,,seed,43
1176.0,0.4770408163265306,,no_priority_bias,,,seed,43
1192.0,0.5,,no_priority_bias,,,seed,43
1208.0,0.496875,,no_priority_bias,,,seed,43
1224.0,0.4413265306122449,,no_priority_bias,,,seed,43
1240.0,0.447265625,,no_priority_bias,,,seed,43
1256.0,0.421875,,no_priority_bias,,,seed,43
1272.0,0.39285714285714285,,no_priority_bias,,,seed,43
1288.0,0.4765625,,no_priority_bias,,,seed,43
1304.0,0.515625,,no_priority_bias,,,seed,43
1320.0,0.4681122448979592,,no_priority_bias,,,seed,43
1336.0,0.462890625,,no_priority_bias,,,seed,43
1352.0,0.425,,no_priority_bias,,,seed,43
1368.0,0.451530612244898,,no_priority_bias,,,seed,43
1384.0,0.42578125,,no_priority_bias,,,seed,43
1400.0,0.459375,,no_priority_bias,,,seed,43
1416.0,0.45153061224489793,,no_priority_bias,,,seed,43
1432.0,0.521484375,,no_priority_bias,,,seed,43
1448.0,0.48124999999999996,,no_priority_bias,,,seed,43
1464.0,0.3762755102040817,,no_priority_bias,,,seed,43
1480.0,0.4921875,,no_priority_bias,,,seed,43
1496.0,0.4484375,,no_priority_bias,,,seed,43
1500.0,0.4489795918367347,,no_priority_bias,,,seed,43
1516.0,0.486328125,,no_priority_bias,,,seed,43
1532.0,0.490625,,no_priority_bias,,,seed,43
1548.0,0.5,,no_priority_bias,,,seed,43
1564.0,0.484375,,no_priority_bias,,,seed,43
1580.0,0.46875,,no_priority_bias,,,seed,43
1596.0,0.45280612244897955,,no_priority_bias,,,seed,43
1612.0,0.5078125,,no_priority_bias,,,seed,43
1628.0,0.4453125,,no_priority_bias,,,seed,43
1644.0,0.4744897959183674,,no_priority_bias,,,seed,43
1660.0,0.42578125,,no_priority_bias,,,seed,43
1676.0,0.446875,,no_priority_bias,,,seed,43
1692.0,0.41581632653061223,,no_priority_bias,,,seed,43
1708.0,0.5078125,,no_priority_bias,,,seed,43
1724.0,0.4234375,,no_priority_bias,,,seed,43
1740.0,0.4285714285714286,,no_priority_bias,,,seed,43
1756.0,0.50390625,,no_priority_bias,,,seed,43
1772.0,0.421875,,no_priority_bias,,,seed,43
1788.0,0.4528061224489796,,no_priority_bias,,,seed,43
1804.0,0.490234375,,no_priority_bias,,,seed,43
1820.0,0.4734375,,no_priority_bias,,,seed,43
1836.0,0.399234693877551,,no_priority_bias,,,seed,43
1852.0,0.51171875,,no_priority_bias,,,seed,43
1868.0,0.5203125,,no_priority_bias,,,seed,43
1884.0,0.4681122448979592,,no_priority_bias,,,seed,43
1900.0,0.5078125,,no_priority_bias,,,seed,43
1916.0,0.4109375,,no_priority_bias,,,seed,43
1932.0,0.3711734693877551,,no_priority_bias,,,seed,43
1948.0,0.39453125,,no_priority_bias,,,seed,43
1964.0,0.4421875,,no_priority_bias,,,seed,43
1980.0,0.413265306122449,,no_priority_bias,,,seed,43
1996.0,0.462890625,,no_priority_bias,,,seed,43
2000.0,0.48124999999999996,,no_priority_bias,,,seed,43
2016.0,0.44897959183673475,,no_priority_bias,,,seed,43
2032.0,0.44921875,,no_priority_bias,,,seed,43
2048.0,0.421875,,no_priority_bias,,,seed,43
2064.0,0.4630102040816326,,no_priority_bias,,,seed,43
2080.0,0.453125,,no_priority_bias,,,seed,43
2096.0,0.521875,,no_priority_bias,,,seed,43
2112.0,0.4502551020408163,,no_priority_bias,,,seed,43
2128.0,0.46484375,,no_priority_bias,,,seed,43
2144.0,0.3828125,,no_priority_bias,,,seed,43
2160.0,0.47193877551020413,,no_priority_bias,,,seed,43
2176.0,0.41015625,,no_priority_bias,,,seed,43
2192.0,0.4671875,,no_priority_bias,,,seed,43
2208.0,0.5063775510204082,,no_priority_bias,,,seed,43
2224.0,0.494140625,,no_priority_bias,,,seed,43
2240.0,0.5,,no_priority_bias,,,seed,43
2256.0,0.46045918367346944,,no_priority_bias,,,seed,43
2272.0,0.486328125,,no_priority_bias,,,seed,43
2288.0,0.48124999999999996,,no_priority_bias,,,seed,43
2304.0,0.43112244897959184,,no_priority_bias,,,seed,43
2320.0,0.556640625,,no_priority_bias,,,seed,43
2336.0,0.490625,,no_priority_bias,,,seed,43
2352.0,0.4464285714285714,,no_priority_bias,,,seed,43
2368.0,0.513671875,,no_priority_bias,,,seed,43
2384.0,0.478125,,no_priority_bias,,,seed,43
2400.0,0.45790816326530615,,no_priority_bias,,,seed,43
2416.0,0.451171875,,no_priority_bias,,,seed,43
2432.0,0.5078125,,no_priority_bias,,,seed,43
2448.0,0.4272959183673469,,no_priority_bias,,,seed,43
2464.0,0.49609375,,no_priority_bias,,,seed,43
2480.0,0.40625,,no_priority_bias,,,seed,43
2496.0,0.4285714285714286,,no_priority_bias,,,seed,43
2500.0,0.515625,,no_priority_bias,,,seed,43
2516.0,0.415625,,no_priority_bias,,,seed,43
2532.0,0.4298469387755102,,no_priority_bias,,,seed,43
2548.0,0.4921875,,no_priority_bias,,,seed,43
2564.0,0.503125,,no_priority_bias,,,seed,43
2580.0,0.4604591836734694,,no_priority_bias,,,seed,43
2596.0,0.51171875,,no_priority_bias,,,seed,43
2612.0,0.5390625,,no_priority_bias,,,seed,43
2628.0,0.41581632653061223,,no_priority_bias,,,seed,43
2644.0,0.466796875,,no_priority_bias,,,seed,43
2660.0,0.4765625,,no_priority_bias,,,seed,43
2676.0,0.5255102040816326,,no_priority_bias,,,seed,43
2692.0,0.490234375,,no_priority_bias,,,seed,43
2708.0,0.5125,,no_priority_bias,,,seed,43
2724.0,0.4974489795918367,,no_priority_bias,,,seed,43
2740.0,0.525390625,,no_priority_bias,,,seed,43
2756.0,0.503125,,no_priority_bias,,,seed,43
2772.0,0.423469387755102,,no_priority_bias,,,seed,43
2788.0,0.51953125,,no_priority_bias,,,seed,43
2804.0,0.5171875,,no_priority_bias,,,seed,43
2820.0,0.451530612244898,,no_priority_bias,,,seed,43
2836.0,0.44140625,,no_priority_bias,,,seed,43
2852.0,0.45468749999999997,,no_priority_bias,,,seed,43
2868.0,0.47066326530612246,,no_priority_bias,,,seed,43
2884.0,0.427734375,,no_priority_bias,,,seed,43
2900.0,0.41718750000000004,,no_priority_bias,,,seed,43
2916.0,0.423469387755102,,no_priority_bias,,,seed,43
2932.0,0.4609375,,no_priority_bias,,,seed,43
2948.0,0.42500000000000004,,no_priority_bias,,,seed,43
2964.0,0.43239795918367346,,no_priority_bias,,,seed,43
2980.0,0.43359375,,no_priority_bias,,,seed,43
2996.0,0.4859375,,no_priority_bias,,,seed,43
3000.0,0.43367346938775514,,no_priority_bias,,,seed,43
16.0,0.236328125,,no_priority_bias,,,seed,44
32.0,0.2203125,,no_priority_bias,,,seed,44
48.0,0.2474489795918367,,no_priority_bias,,,seed,44
64.0,0.353515625,,no_priority_bias,,,seed,44
80.0,0.29375,,no_priority_bias,,,seed,44
96.0,0.2780612244897959,,no_priority_bias,,,seed,44
112.0,0.31640625,,no_priority_bias,,,seed,44
128.0,0.37656249999999997,,no_priority_bias,,,seed,44
144.0,0.3775510204081633,,no_priority_bias,,,seed,44
160.0,0.478515625,,no_priority_bias,,,seed,44
176.0,0.384375,,no_priority_bias,,,seed,44
192.0,0.35841836734693877,,no_priority_bias,,,seed,44
208.0,0.46484375,,no_priority_bias,,,seed,44
224.0,0.3921875,,no_priority_bias,,,seed,44
240.0,0.33673469387755106,,no_priority_bias,,,seed,44
250.0,0.5375,,no_priority_bias,,,seed,44
266.0,0.3765625,,no_priority_bias,,,seed,44
282.0,0.3966836734693877,,no_priority_bias,,,seed,44
298.0,0.50390625,,no_priority_bias,,,seed,44
314.0,0.4609375,,no_priority_bias,,,seed,44
330.0,0.44260204081632654,,no_priority_bias,,,seed,44
346.0,0.482421875,,no_priority_bias,,,seed,44
362.0,0.4125,,no_priority_bias,,,seed,44
378.0,0.42984693877551017,,no_priority_bias,,,seed,44
394.0,0.404296875,,no_priority_bias,,,seed,44
410.0,0.42656249999999996,,no_priority_bias,,,seed,44
426.0,0.41964285714285715,,no_priority_bias,,,seed,44
442.0,0.427734375,,no_priority_bias,,,seed,44
458.0,0.3625,,no_priority_bias,,,seed,44
474.0,0.39923469387755095,,no_priority_bias,,,seed,44
490.0,0.41796875,,no_priority_bias,,,seed,44
500.0,0.43500000000000005,,no_priority_bias,,,seed,44
516.0,0.4413265306122449,,no_priority_bias,,,seed,44
532.0,0.408203125,,no_priority_bias,,,seed,44
548.0,0.490625,,no_priority_bias,,,seed,44
564.0,0.43494897959183676,,no_priority_bias,,,seed,44
580.0,0.466796875,,no_priority_bias,,,seed,44
596.0,0.478125,,no_priority_bias,,,seed,44
612.0,0.46811224489795916,,no_priority_bias,,,seed,44
628.0,0.44140625,,no_priority_bias,,,seed,44
644.0,0.46875,,no_priority_bias,,,seed,44
660.0,0.4362244897959184,,no_priority_bias,,,seed,44
676.0,0.501953125,,no_priority_bias,,,seed,44
692.0,0.434375,,no_priority_bias,,,seed,44
708.0,0.4362244897959184,,no_priority_bias,,,seed,44
724.0,0.400390625,,no_priority_bias,,,seed,44
740.0,0.4703125,,no_priority_bias,,,seed,44
756.0,0.4375,,no_priority_bias,,,seed,44
772.0,0.416015625,,no_priority_bias,,,seed,44
788.0,0.45000000000000007,,no_priority_bias,,,seed,44
804.0,0.44132653061224486,,no_priority_bias,,,seed,44
820.0,0.458984375,,no_priority_bias,,,seed,44
836.0,0.434375,,no_priority_bias,,,seed,44
852.0,0.44005102040816324,,no_priority_bias,,,seed,44
868.0,0.431640625,,no_priority_bias,,,seed,44
884.0,0.4640625,,no_priority_bias,,,seed,44
900.0,0.3979591836734694,,no_priority_bias,,,seed,44
916.0,0.505859375,,no_priority_bias,,,seed,44
932.0,0.4140625,,no_priority_bias,,,seed,44
948.0,0.38392857142857145,,no_priority_bias,,,seed,44
964.0,0.486328125,,no_priority_bias,,,seed,44
980.0,0.4671875,,no_priority_bias,,,seed,44
996.0,0.42346938775510207,,no_priority_bias,,,seed,44
1000.0,0.46875,,no_priority_bias,,,seed,44
1016.0,0.403125,,no_priority_bias,,,seed,44
1032.0,0.4387755102040816,,no_priority_bias,,,seed,44
1048.0,0.435546875,,no_priority_bias,,,seed,44
1064.0,0.5140625,,no_priority_bias,,,seed,44
1080.0,0.4247448979591837,,no_priority_bias,,,seed,44
1096.0,0.380859375,,no_priority_bias,,,seed,44
1112.0,0.50625,,no_priority_bias,,,seed,44
1128.0,0.4770408163265306,,no_priority_bias,,,seed,44
1144.0,0.462890625,,no_priority_bias,,,seed,44
1160.0,0.421875,,no_priority_bias,,,seed,44
1176.0,0.4477040816326531,,no_priority_bias,,,seed,44
1192.0,0.544921875,,no_priority_bias,,,seed,44
1208.0,0.5171875,,no_priority_bias,,,seed,44
1224.0,0.4872448979591837,,no_priority_bias,,,seed,44
1240.0,0.486328125,,no_priority_bias,,,seed,44
1256.0,0.44062500000000004,,no_priority_bias,,,seed,44
1272.0,0.4630102040816326,,no_priority_bias,,,seed,44
1288.0,0.458984375,,no_priority_bias,,,seed,44
1304.0,0.44375000000000003,,no_priority_bias,,,seed,44
1320.0,0.4247448979591837,,no_priority_bias,,,seed,44
1336.0,0.50390625,,no_priority_bias,,,seed,44
1352.0,0.525,,no_priority_bias,,,seed,44
1368.0,0.42091836734693877,,no_priority_bias,,,seed,44
1384.0,0.474609375,,no_priority_bias,,,seed,44
1400.0,0.4984375,,no_priority_bias,,,seed,44
1416.0,0.4489795918367347,,no_priority_bias,,,seed,44
1432.0,0.5234375,,no_priority_bias,,,seed,44
1448.0,0.5296875,,no_priority_bias,,,seed,44
1464.0,0.5318877551020407,,no_priority_bias,,,seed,44
1480.0,0.51953125,,no_priority_bias,,,seed,44
1496.0,0.50625,,no_priority_bias,,,seed,44
1500.0,0.3316326530612245,,no_priority_bias,,,seed,44
1516.0,0.53125,,no_priority_bias,,,seed,44
1532.0,0.4359375,,no_priority_bias,,,seed,44
1548.0,0.4387755102040817,,no_priority_bias,,,seed,44
1564.0,0.421875,,no_priority_bias,,,seed,44
1580.0,0.41718750000000004,,no_priority_bias,,,seed,44
1596.0,0.4630102040816326,,no_priority_bias,,,seed,44
1612.0,0.453125,,no_priority_bias,,,seed,44
1628.0,0.3796875,,no_priority_bias,,,seed,44
1644.0,0.48852040816326536,,no_priority_bias,,,seed,44
1660.0,0.447265625,,no_priority_bias,,,seed,44
1676.0,0.475,,no_priority_bias,,,seed,44
1692.0,0.43494897959183676,,no_priority_bias,,,seed,44
1708.0,0.435546875,,no_priority_bias,,,seed,44
1724.0,0.475,,no_priority_bias,,,seed,44
1740.0,0.46811224489795916,,no_priority_bias,,,seed,44
1756.0,0.5390625,,no_priority_bias,,,seed,44
1772.0,0.38125,,no_priority_bias,,,seed,44
1788.0,0.4464285714285714,,no_priority_bias,,,seed,44
1804.0,0.41796875,,no_priority_bias,,,seed,44
1820.0,0.42343749999999997,,no_priority_bias,,,seed,44
1836.0,0.38647959183673475,,no_priority_bias,,,seed,44
1852.0,0.490234375,,no_priority_bias,,,seed,44
1868.0,0.5109375,,no_priority_bias,,,seed,44
1884.0,0.44005102040816324,,no_priority_bias,,,seed,44
1900.0,0.486328125,,no_priority_bias,,,seed,44
1916.0,0.5046875000000001,,no_priority_bias,,,seed,44
1932.0,0.5012755102040816,,no_priority_bias,,,seed,44
1948.0,0.431640625,,no_priority_bias,,,seed,44
1964.0,0.4484375,,no_priority_bias,,,seed,44
1980.0,0.46173469387755106,,no_priority_bias,,,seed,44
1996.0,0.48828125,,no_priority_bias,,,seed,44
2000.0,0.45000000000000007,,no_priority_bias,,,seed,44
2016.0,0.485969387755102,,no_priority_bias,,,seed,44
2032.0,0.47265625,,no_priority_bias,,,seed,44
2048.0,0.5390625,,no_priority_bias,,,seed,44
2064.0,0.4744897959183674,,no_priority_bias,,,seed,44
2080.0,0.52734375,,no_priority_bias,,,seed,44
2096.0,0.45781249999999996,,no_priority_bias,,,seed,44
2112.0,0.4336734693877551,,no_priority_bias,,,seed,44
2128.0,0.44921875,,no_priority_bias,,,seed,44
2144.0,0.49375,,no_priority_bias,,,seed,44
2160.0,0.45918367346938777,,no_priority_bias,,,seed,44
2176.0,0.46484375,,no_priority_bias,,,seed,44
2192.0,0.434375,,no_priority_bias,,,seed,44
2208.0,0.4119897959183673,,no_priority_bias,,,seed,44
2224.0,0.4765625,,no_priority_bias,,,seed,44
2240.0,0.4765625,,no_priority_bias,,,seed,44
2256.0,0.45535714285714285,,no_priority_bias,,,seed,44
2272.0,0.546875,,no_priority_bias,,,seed,44
2288.0,0.48906249999999996,,no_priority_bias,,,seed,44
2304.0,0.3801020408163265,,no_priority_bias,,,seed,44
2320.0,0.51171875,,no_priority_bias,,,seed,44
2336.0,0.5234375,,no_priority_bias,,,seed,44
2352.0,0.48086734693877553,,no_priority_bias,,,seed,44
2368.0,0.515625,,no_priority_bias,,,seed,44
2384.0,0.4140625,,no_priority_bias,,,seed,44
2400.0,0.4948979591836735,,no_priority_bias,,,seed,44
2416.0,0.521484375,,no_priority_bias,,,seed,44
2432.0,0.4453125,,no_priority_bias,,,seed,44
2448.0,0.4323979591836734,,no_priority_bias,,,seed,44
2464.0,0.47265625,,no_priority_bias,,,seed,44
2480.0,0.4828125,,no_priority_bias,,,seed,44
2496.0,0.45280612244897955,,no_priority_bias,,,seed,44
2500.0,0.375,,no_priority_bias,,,seed,44
2516.0,0.43125,,no_priority_bias,,,seed,44
2532.0,0.4260204081632653,,no_priority_bias,,,seed,44
2548.0,0.37109375,,no_priority_bias,,,seed,44
2564.0,0.47031249999999997,,no_priority_bias,,,seed,44
2580.0,0.4642857142857143,,no_priority_bias,,,seed,44
2596.0,0.51171875,,no_priority_bias,,,seed,44
2612.0,0.4296875,,no_priority_bias,,,seed,44
2628.0,0.41581632653061223,,no_priority_bias,,,seed,44
2644.0,0.498046875,,no_priority_bias,,,seed,44
2660.0,0.48125,,no_priority_bias,,,seed,44
2676.0,0.46683673469387754,,no_priority_bias,,,seed,44
2692.0,0.44921875,,no_priority_bias,,,seed,44
2708.0,0.47343749999999996,,no_priority_bias,,,seed,44
2724.0,0.5191326530612246,,no_priority_bias,,,seed,44
2740.0,0.564453125,,no_priority_bias,,,seed,44
2756.0,0.53125,,no_priority_bias,,,seed,44
2772.0,0.461734693877551,,no_priority_bias,,,seed,44
2788.0,0.341796875,,no_priority_bias,,,seed,44
2804.0,0.43125,,no_priority_bias,,,seed,44
2820.0,0.49999999999999994,,no_priority_bias,,,seed,44
2836.0,0.4765625,,no_priority_bias,,,seed,44
2852.0,0.49531250000000004,,no_priority_bias,,,seed,44
2868.0,0.5357142857142857,,no_priority_bias,,,seed,44
2884.0,0.509765625,,no_priority_bias,,,seed,44
2900.0,0.5015625,,no_priority_bias,,,seed,44
2916.0,0.447704081632653,,no_priority_bias,,,seed,44
2932.0,0.451171875,,no_priority_bias,,,seed,44
2948.0,0.4671875,,no_priority_bias,,,seed,44
2964.0,0.4145408163265306,,no_priority_bias,,,seed,44
2980.0,0.47265625,,no_priority_bias,,,seed,44
2996.0,0.4375,,no_priority_bias,,,seed,44
3000.0,0.34183673469387754,,no_priority_bias,,,seed,44
16.0,0.21484375,,no_priority_bias,,,seed,45
32.0,0.203125,,no_priority_bias,,,seed,45
48.0,0.2193877551020408,,no_priority_bias,,,seed,45
64.0,0.314453125,,no_priority_bias,,,seed,45
80.0,0.3109375,,no_priority_bias,,,seed,45
96.0,0.3214285714285714,,no_priority_bias,,,seed,45
112.0,0.337890625,,no_priority_bias,,,seed,45
128.0,0.36406249999999996,,no_priority_bias,,,seed,45
144.0,0.29336734693877553,,no_priority_bias,,,seed,45
160.0,0.41796875,,no_priority_bias,,,seed,45
176.0,0.37031250000000004,,no_priority_bias,,,seed,45
192.0,0.3698979591836735,,no_priority_bias,,,seed,45
208.0,0.453125,,no_priority_bias,,,seed,45
224.0,0.375,,no_priority_bias,,,seed,45
240.0,0.44260204081632654,,no_priority_bias,,,seed,45
250.0,0.50625,,no_priority_bias,,,seed,45
266.0,0.40625,,no_priority_bias,,,seed,45
282.0,0.35841836734693877,,no_priority_bias,,,seed,45
298.0,0.4453125,,no_priority_bias,,,seed,45
314.0,0.37187499999999996,,no_priority_bias,,,seed,45
330.0,0.4247448979591837,,no_priority_bias,,,seed,45
346.0,0.4453125,,no_priority_bias,,,seed,45
362.0,0.4609375,,no_priority_bias,,,seed,45
378.0,0.4068877551020408,,no_priority_bias,,,seed,45
394.0,0.42578125,,no_priority_bias,,,seed,45
410.0,0.4359375,,no_priority_bias,,,seed,45
426.0,0.42091836734693877,,no_priority_bias,,,seed,45
442.0,0.427734375,,no_priority_bias,,,seed,45
458.0,0.5,,no_priority_bias,,,seed,45
474.0,0.4502551020408163,,no_priority_bias,,,seed,45
490.0,0.5,,no_priority_bias,,,seed,45
500.0,0.4699999999999999,,no_priority_bias,,,seed,45
516.0,0.43239795918367346,,no_priority_bias,,,seed,45
532.0,0.470703125,,no_priority_bias,,,seed,45
548.0,0.5046875,,no_priority_bias,,,seed,45
564.0,0.4438775510204081,,no_priority_bias,,,seed,45
580.0,0.4375,,no_priority_bias,,,seed,45
596.0,0.44687499999999997,,no_priority_bias,,,seed,45
612.0,0.41964285714285715,,no_priority_bias,,,seed,45
628.0,0.46875,,no_priority_bias,,,seed,45
644.0,0.4453125,,no_priority_bias,,,seed,45
660.0,0.4387755102040817,,no_priority_bias,,,seed,45
676.0,0.560546875,,no_priority_bias,,,seed,45
692.0,0.3671875,,no_priority_bias,,,seed,45
708.0,0.42984693877551017,,no_priority_bias,,,seed,45
724.0,0.4765625,,no_priority_bias,,,seed,45
740.0,0.45625000000000004,,no_priority_bias,,,seed,45
756.0,0.39668367346938777,,no_priority_bias,,,seed,45
772.0,0.51953125,,no_priority_bias,,,seed,45
788.0,0.4640625,,no_priority_bias,,,seed,45
804.0,0.4030612244897959,,no_priority_bias,,,seed,45
820.0,0.474609375,,no_priority_bias,,,seed,45
836.0,0.47187500000000004,,no_priority_bias,,,seed,45
852.0,0.44132653061224486,,no_priority_bias,,,seed,45
868.0,0.412109375,,no_priority_bias,,,seed,45
884.0,0.4015625,,no_priority_bias,,,seed,45
900.0,0.39030612244897955,,no_priority_bias,,,seed,45
916.0,0.44140625,,no_priority_bias,,,seed,45
932.0,0.496875,,no_priority_bias,,,seed,45
948.0,0.4744897959183673,,no_priority_bias,,,seed,45
964.0,0.482421875,,no_priority_bias,,,seed,45
980.0,0.4375,,no_priority_bias,,,seed,45
996.0,0.42857142857142855,,no_priority_bias,,,seed,45
1000.0,0.4765625,,no_priority_bias,,,seed,45
1016.0,0.459375,,no_priority_bias,,,seed,45
1032.0,0.45280612244897955,,no_priority_bias,,,seed,45
1048.0,0.4765625,,no_priority_bias,,,seed,45
1064.0,0.41093749999999996,,no_priority_bias,,,seed,45
1080.0,0.45535714285714285,,no_priority_bias,,,seed,45
1096.0,0.4609375,,no_priority_bias,,,seed,45
1112.0,0.5046875,,no_priority_bias,,,seed,45
1128.0,0.4362244897959183,,no_priority_bias,,,seed,45
1144.0,0.44140625,,no_priority_bias,,,seed,45
1160.0,0.5203125,,no_priority_bias,,,seed,45
1176.0,0.44005102040816324,,no_priority_bias,,,seed,45
1192.0,0.423828125,,no_priority_bias,,,seed,45
1208.0,0.4453125,,no_priority_bias,,,seed,45
1224.0,0.4477040816326531,,no_priority_bias,,,seed,45
1240.0,0.52734375,,no_priority_bias,,,seed,45
1256.0,0.46718750000000003,,no_priority_bias,,,seed,45
1272.0,0.4630102040816326,,no_priority_bias,,,seed,45
1288.0,0.46875,,no_priority_bias,,,seed,45
1304.0,0.5125,,no_priority_bias,,,seed,45
1320.0,0.4260204081632653,,no_priority_bias,,,seed,45
1336.0,0.541015625,,no_priority_bias,,,seed,45
1352.0,0.5046875,,no_priority_bias,,,seed,45
1368.0,0.39285714285714285,,no_priority_bias,,,seed,45
1384.0,0.5390625,,no_priority_bias,,,seed,45
1400.0,0.4734375,,no_priority_bias,,,seed,45
1416.0,0.4783163265306123,,no_priority_bias,,,seed,45
1432.0,0.486328125,,no_priority_bias,,,seed,45
1448.0,0.490625,,no_priority_bias,,,seed,45
1464.0,0.45790816326530615,,no_priority_bias,,,seed,45
1480.0,0.482421875,,no_priority_bias,,,seed,45
1496.0,0.47968750000000004,,no_priority_bias,,,seed,45
1500.0,0.5102040816326531,,no_priority_bias,,,seed,45
1516.0,0.4375,,no_priority_bias,,,seed,45
1532.0,0.41874999999999996,,no_priority_bias,,,seed,45
1548.0,0.4464285714285714,,no_priority_bias,,,seed,45
1564.0,0.42578125,,no_priority_bias,,,seed,45
1580.0,0.4859375,,no_priority_bias,,,seed,45
1596.0,0.4451530612244898,,no_priority_bias,,,seed,45
1612.0,0.5546875,,no_priority_bias,,,seed,45
1628.0,0.5359375000000001,,no_priority_bias,,,seed,45
1644.0,0.46556122448979587,,no_priority_bias,,,seed,45
1660.0,0.462890625,,no_priority_bias,,,seed,45
1676.0,0.47500000000000003,,no_priority_bias,,,seed,45
1692.0,0.47066326530612246,,no_priority_bias,,,seed,45
1708.0,0.396484375,,no_priority_bias,,,seed,45
1724.0,0.44375,,no_priority_bias,,,seed,45
1740.0,0.49489795918367346,,no_priority_bias,,,seed,45
1756.0,0.458984375,,no_priority_bias,,,seed,45
1772.0,0.42656250000000007,,no_priority_bias,,,seed,45
1788.0,0.5229591836734694,,no_priority_bias,,,seed,45
1804.0,0.470703125,,no_priority_bias,,,seed,45
1820.0,0.459375,,no_priority_bias,,,seed,45
1836.0,0.423469387755102,,no_priority_bias,,,seed,45
1852.0,0.484375,,no_priority_bias,,,seed,45
1868.0,0.446875,,no_priority_bias,,,seed,45
1884.0,0.4362244897959183,,no_priority_bias,,,seed,45
1900.0,0.439453125,,no_priority_bias,,,seed,45
1916.0,0.44375,,no_priority_bias,,,seed,45
1932.0,0.48086734693877553,,no_priority_bias,,,seed,45
1948.0,0.494140625,,no_priority_bias,,,seed,45
1964.0,0.515625,,no_priority_bias,,,seed,45
1980.0,0.4961734693877551,,no_priority_bias,,,seed,45
1996.0,0.439453125,,no_priority_bias,,,seed,45
2000.0,0.42499999999999993,,no_priority_bias,,,seed,45
2016.0,0.46683673469387754,,no_priority_bias,,,seed,45
2032.0,0.46484375,,no_priority_bias,,,seed,45
2048.0,0.4921875,,no_priority_bias,,,seed,45
2064.0,0.4272959183673469,,no_priority_bias,,,seed,45
2080.0,0.408203125,,no_priority_bias,,,seed,45
2096.0,0.421875,,no_priority_bias,,,seed,45
2112.0,0.49489795918367346,,no_priority_bias,,,seed,45
2128.0,0.46484375,,no_priority_bias,,,seed,45
2144.0,0.5109375,,no_priority_bias,,,seed,45
2160.0,0.43112244897959184,,no_priority_bias,,,seed,45
2176.0,0.5078125,,no_priority_bias,,,seed,45
2192.0,0.43124999999999997,,no_priority_bias,,,seed,45
2208.0,0.5089285714285714,,no_priority_bias,,,seed,45
2224.0,0.548828125,,no_priority_bias,,,seed,45
2240.0,0.4453125,,no_priority_bias,,,seed,45
2256.0,0.46938775510204084,,no_priority_bias,,,seed,45
2272.0,0.46484375,,no_priority_bias,,,seed,45
2288.0,0.48125,,no_priority_bias,,,seed,45
2304.0,0.45280612244897955,,no_priority_bias,,,seed,45
2320.0,0.462890625,,no_priority_bias,,,seed,45
2336.0,0.41875,,no_priority_bias,,,seed,45
2352.0,0.4005102040816327,,no_priority_bias,,,seed,45
2368.0,0.529296875,,no_priority_bias,,,seed,45
2384.0,0.4796875,,no_priority_bias,,,seed,45
2400.0,0.4528061224489796,,no_priority_bias,,,seed,45
2416.0,0.53515625,,no_priority_bias,,,seed,45
2432.0,0.521875,,no_priority_bias,,,seed,45
2448.0,0.3979591836734694,,no_priority_bias,,,seed,45
2464.0,0.4453125,,no_priority_bias,,,seed,45
2480.0,0.45,,no_priority_bias,,,seed,45
2496.0,0.4579081632653061,,no_priority_bias,,,seed,45
2500.0,0.4453125,,no_priority_bias,,,seed,45
2516.0,0.5,,no_priority_bias,,,seed,45
2532.0,0.41964285714285715,,no_priority_bias,,,seed,45
2548.0,0.51171875,,no_priority_bias,,,seed,45
2564.0,0.49687499999999996,,no_priority_bias,,,seed,45
2580.0,0.4961734693877551,,no_priority_bias,,,seed,45
2596.0,0.494140625,,no_priority_bias,,,seed,45
2612.0,0.4359375,,no_priority_bias,,,seed,45
2628.0,0.45153061224489793,,no_priority_bias,,,seed,45
2644.0,0.412109375,,no_priority_bias,,,seed,45
2660.0,0.4765625,,no_priority_bias,,,seed,45
2676.0,0.4872448979591837,,no_priority_bias,,,seed,45
2692.0,0.533203125,,no_priority_bias,,,seed,45
2708.0,0.4890625,,no_priority_bias,,,seed,45
2724.0,0.4630102040816326,,no_priority_bias,,,seed,45
2740.0,0.509765625,,no_priority_bias,,,seed,45
2756.0,0.48906249999999996,,no_priority_bias,,,seed,45
2772.0,0.47576530612244894,,no_priority_bias,,,seed,45
2788.0,0.51171875,,no_priority_bias,,,seed,45
2804.0,0.4609375,,no_priority_bias,,,seed,45
2820.0,0.3494897959183674,,no_priority_bias,,,seed,45
2836.0,0.431640625,,no_priority_bias,,,seed,45
2852.0,0.5546875,,no_priority_bias,,,seed,45
2868.0,0.4272959183673469,,no_priority_bias,,,seed,45
2884.0,0.521484375,,no_priority_bias,,,seed,45
2900.0,0.48750000000000004,,no_priority_bias,,,seed,45
2916.0,0.3979591836734694,,no_priority_bias,,,seed,45
2932.0,0.4453125,,no_priority_bias,,,seed,45
2948.0,0.4703125,,no_priority_bias,,,seed,45
2964.0,0.47066326530612246,,no_priority_bias,,,seed,45
2980.0,0.4921875,,no_priority_bias,,,seed,45
2996.0,0.459375,,no_priority_bias,,,seed,45
3000.0,0.4744897959183673,,no_priority_bias,,,seed,45
16.0,0.236328125,,no_priority_bias,,,seed,46
32.0,0.234375,,no_priority_bias,,,seed,46
48.0,0.24107142857142855,,no_priority_bias,,,seed,46
64.0,0.392578125,,no_priority_bias,,,seed,46
80.0,0.29843749999999997,,no_priority_bias,,,seed,46
96.0,0.31760204081632654,,no_priority_bias,,,seed,46
112.0,0.408203125,,no_priority_bias,,,seed,46
128.0,0.3734375,,no_priority_bias,,,seed,46
144.0,0.375,,no_priority_bias,,,seed,46
160.0,0.4140625,,no_priority_bias,,,seed,46
176.0,0.4078125,,no_priority_bias,,,seed,46
192.0,0.4145408163265306,,no_priority_bias,,,seed,46
208.0,0.484375,,no_priority_bias,,,seed,46
224.0,0.43125,,no_priority_bias,,,seed,46
240.0,0.4336734693877551,,no_priority_bias,,,seed,46
250.0,0.53125,,no_priority_bias,,,seed,46
266.0,0.4375,,no_priority_bias,,,seed,46
282.0,0.4642857142857143,,no_priority_bias,,,seed,46
298.0,0.400390625,,no_priority_bias,,,seed,46
314.0,0.484375,,no_priority_bias,,,seed,46
330.0,0.3163265306122449,,no_priority_bias,,,seed,46
346.0,0.486328125,,no_priority_bias,,,seed,46
362.0,0.4109375,,no_priority_bias,,,seed,46
378.0,0.4375,,no_priority_bias,,,seed,46
394.0,0.42578125,,no_priority_bias,,,seed,46
410.0,0.43125,,no_priority_bias,,,seed,46
426.0,0.44260204081632654,,no_priority_bias,,,seed,46
442.0,0.3671875,,no_priority_bias,,,seed,46
458.0,0.3515625,,no_priority_bias,,,seed,46
474.0,0.3852040816326531,,no_priority_bias,,,seed,46
490.0,0.43359375,,no_priority_bias,,,seed,46
500.0,0.4499999999999999,,no_priority_bias,,,seed,46
516.0,0.4591836734693877,,no_priority_bias,,,seed,46
532.0,0.48828125,,no_priority_bias,,,seed,46
548.0,0.44375,,no_priority_bias,,,seed,46
564.0,0.3737244897959183,,no_priority_bias,,,seed,46
580.0,0.453125,,no_priority_bias,,,seed,46
596.0,0.4828125,,no_priority_bias,,,seed,46
612.0,0.4528061224489796,,no_priority_bias,,,seed,46
628.0,0.44140625,,no_priority_bias,,,seed,46
644.0,0.5093749999999999,,no_priority_bias,,,seed,46
660.0,0.42219387755102045,,no_priority_bias,,,seed,46
676.0,0.490234375,,no_priority_bias,,,seed,46
692.0,0.45625000000000004,,no_priority_bias,,,seed,46
708.0,0.4502551020408163,,no_priority_bias,,,seed,46
724.0,0.46875,,no_priority_bias,,,seed,46
740.0,0.5078125,,no_priority_bias,,,seed,46
756.0,0.4285714285714286,,no_priority_bias,,,seed,46
772.0,0.474609375,,no_priority_bias,,,seed,46
788.0,0.4515625,,no_priority_bias,,,seed,46
804.0,0.39158163265306123,,no_priority_bias,,,seed,46
820.0,0.43359375,,no_priority_bias,,,seed,46
836.0,0.4671875,,no_priority_bias,,,seed,46
852.0,0.45408163265306123,,no_priority_bias,,,seed,46
868.0,0.513671875,,no_priority_bias,,,seed,46
884.0,0.47343749999999996,,no_priority_bias,,,seed,46
900.0,0.45535714285714285,,no_priority_bias,,,seed,46
916.0,0.46875,,no_priority_bias,,,seed,46
932.0,0.4546875,,no_priority_bias,,,seed,46
948.0,0.4413265306122449,,no_priority_bias,,,seed,46
964.0,0.458984375,,no_priority_bias,,,seed,46
980.0,0.4625,,no_priority_bias,,,seed,46
996.0,0.4107142857142857,,no_priority_bias,,,seed,46
1000.0,0.4375,,no_priority_bias,,,seed,46
1016.0,0.5109374999999999,,no_priority_bias,,,seed,46
1032.0,0.43494897959183676,,no_priority_bias,,,seed,46
1048.0,0.482421875,,no_priority_bias,,,seed,46
1064.0,0.48437499999999994,,no_priority_bias,,,seed,46
1080.0,0.48852040816326525,,no_priority_bias,,,seed,46
1096.0,0.515625,,no_priority_bias,,,seed,46
1112.0,0.41875,,no_priority_bias,,,seed,46
1128.0,0.4872448979591837,,no_priority_bias,,,seed,46
1144.0,0.5390625,,no_priority_bias,,,seed,46
1160.0,0.50625,,no_priority_bias,,,seed,46
1176.0,0.4553571428571429,,no_priority_bias,,,seed,46
1192.0,0.48046875,,no_priority_bias,,,seed,46
1208.0,0.478125,,no_priority_bias,,,seed,46
1224.0,0.4477040816326531,,no_priority_bias,,,seed,46
1240.0,0.513671875,,no_priority_bias,,,seed,46
1256.0,0.47187500000000004,,no_priority_bias,,,seed,46
1272.0,0.44005102040816324,,no_priority_bias,,,seed,46
1288.0,0.458984375,,no_priority_bias,,,seed,46
1304.0,0.490625,,no_priority_bias,,,seed,46
1320.0,0.38903061224489793,,no_priority_bias,,,seed,46
1336.0,0.46484375,,no_priority_bias,,,seed,46
1352.0,0.415625,,no_priority_bias,,,seed,46
1368.0,0.4910714285714286,,no_priority_bias,,,seed,46
1384.0,0.451171875,,no_priority_bias,,,seed,46
1400.0,0.47187499999999993,,no_priority_bias,,,seed,46
1416.0,0.4604591836734694,,no_priority_bias,,,seed,46
1432.0,0.458984375,,no_priority_bias,,,seed,46
1448.0,0.5375000000000001,,no_priority_bias,,,seed,46
1464.0,0.45408163265306123,,no_priority_bias,,,seed,46
1480.0,0.5703125,,no_priority_bias,,,seed,46
1496.0,0.465625,,no_priority_bias,,,seed,46
1500.0,0.5357142857142857,,no_priority_bias,,,seed,46
1516.0,0.47265625,,no_priority_bias,,,seed,46
1532.0,0.47343750000000007,,no_priority_bias,,,seed,46
1548.0,0.4770408163265306,,no_priority_bias,,,seed,46
1564.0,0.447265625,,no_priority_bias,,,seed,46
1580.0,0.4734375,,no_priority_bias,,,seed,46
1596.0,0.45153061224489793,,no_priority_bias,,,seed,46
1612.0,0.515625,,no_priority_bias,,,seed,46
1628.0,0.44375,,no_priority_bias,,,seed,46
1644.0,0.36734693877551017,,no_priority_bias,,,seed,46
1660.0,0.466796875,,no_priority_bias,,,seed,46
1676.0,0.45,,no_priority_bias,,,seed,46
1692.0,0.461734693877551,,no_priority_bias,,,seed,46
1708.0,0.470703125,,no_priority_bias,,,seed,46
1724.0,0.4953125,,no_priority_bias,,,seed,46
1740.0,0.48596938775510207,,no_priority_bias,,,seed,46
1756.0,0.4375,,no_priority_bias,,,seed,46
1772.0,0.3640625,,no_priority_bias,,,seed,46
1788.0,0.42091836734693877,,no_priority_bias,,,seed,46
1804.0,0.509765625,,no_priority_bias,,,seed,46
1820.0,0.4453125,,no_priority_bias,,,seed,46
1836.0,0.4375,,no_priority_bias,,,seed,46
1852.0,0.423828125,,no_priority_bias,,,seed,46
1868.0,0.5203125,,no_priority_bias,,,seed,46
1884.0,0.4885204081632653,,no_priority_bias,,,seed,46
1900.0,0.521484375,,no_priority_bias,,,seed,46
1916.0,0.44218749999999996,,no_priority_bias,,,seed,46
1932.0,0.39923469387755106,,no_priority_bias,,,seed,46
1948.0,0.515625,,no_priority_bias,,,seed,46
1964.0,0.4671875,,no_priority_bias,,,seed,46
1980.0,0.3737244897959184,,no_priority_bias,,,seed,46
1996.0,0.390625,,no_priority_bias,,,seed,46
2000.0,0.575,,no_priority_bias,,,seed,46
2016.0,0.4502551020408163,,no_priority_bias,,,seed,46
2032.0,0.541015625,,no_priority_bias,,,seed,46
2048.0,0.45937500000000003,,no_priority_bias,,,seed,46
2064.0,0.45408163265306123,,no_priority_bias,,,seed,46
2080.0,0.494140625,,no_priority_bias,,,seed,46
2096.0,0.44375,,no_priority_bias,,,seed,46
2112.0,0.47831632653061223,,no_priority_bias,,,seed,46
2128.0,0.4609375,,no_priority_bias,,,seed,46
2144.0,0.41875,,no_priority_bias,,,seed,46
2160.0,0.4642857142857143,,no_priority_bias,,,seed,46
2176.0,0.427734375,,no_priority_bias,,,seed,46
2192.0,0.4625,,no_priority_bias,,,seed,46
2208.0,0.3762755102040816,,no_priority_bias,,,seed,46
2224.0,0.455078125,,no_priority_bias,,,seed,46
2240.0,0.5687500000000001,,no_priority_bias,,,seed,46
2256.0,0.4897959183673469,,no_priority_bias,,,seed,46
2272.0,0.4765625,,no_priority_bias,,,seed,46
2288.0,0.4921875,,no_priority_bias,,,seed,46
2304.0,0.5076530612244898,,no_priority_bias,,,seed,46
2320.0,0.541015625,,no_priority_bias,,,seed,46
2336.0,0.5078125,,no_priority_bias,,,seed,46
2352.0,0.42857142857142855,,no_priority_bias,,,seed,46
2368.0,0.48828125,,no_priority_bias,,,seed,46
2384.0,0.46562499999999996,,no_priority_bias,,,seed,46
2400.0,0.41709183673469385,,no_priority_bias,,,seed,46
2416.0,0.462890625,,no_priority_bias,,,seed,46
2432.0,0.4609375,,no_priority_bias,,,seed,46
2448.0,0.4107142857142857,,no_priority_bias,,,seed,46
2464.0,0.43359375,,no_priority_bias,,,seed,46
2480.0,0.4171875,,no_priority_bias,,,seed,46
2496.0,0.43112244897959184,,no_priority_bias,,,seed,46
2500.0,0.46875,,no_priority_bias,,,seed,46
2516.0,0.4078125,,no_priority_bias,,,seed,46
2532.0,0.4540816326530612,,no_priority_bias,,,seed,46
2548.0,0.44140625,,no_priority_bias,,,seed,46
2564.0,0.5218750000000001,,no_priority_bias,,,seed,46
2580.0,0.4821428571428571,,no_priority_bias,,,seed,46
2596.0,0.5703125,,no_priority_bias,,,seed,46
2612.0,0.5109374999999999,,no_priority_bias,,,seed,46
2628.0,0.5025510204081634,,no_priority_bias,,,seed,46
2644.0,0.482421875,,no_priority_bias,,,seed,46
2660.0,0.48593749999999997,,no_priority_bias,,,seed,46
2676.0,0.5051020408163265,,no_priority_bias,,,seed,46
2692.0,0.50390625,,no_priority_bias,,,seed,46
2708.0,0.4296875,,no_priority_bias,,,seed,46
2724.0,0.45280612244897955,,no_priority_bias,,,seed,46
2740.0,0.541015625,,no_priority_bias,,,seed,46
2756.0,0.42656249999999996,,no_priority_bias,,,seed,46
2772.0,0.4387755102040816,,no_priority_bias,,,seed,46
2788.0,0.533203125,,no_priority_bias,,,seed,46
2804.0,0.43593750000000003,,no_priority_bias,,,seed,46
2820.0,0.4489795918367347,,no_priority_bias,,,seed,46
2836.0,0.4765625,,no_priority_bias,,,seed,46
2852.0,0.49062500000000003,,no_priority_bias,,,seed,46
2868.0,0.4311224489795919,,no_priority_bias,,,seed,46
2884.0,0.39453125,,no_priority_bias,,,seed,46
2900.0,0.4921875,,no_priority_bias,,,seed,46
2916.0,0.44387755102040816,,no_priority_bias,,,seed,46
2932.0,0.5234375,,no_priority_bias,,,seed,46
2948.0,0.5109375,,no_priority_bias,,,seed,46
2964.0,0.44515306122448983,,no_priority_bias,,,seed,46
2980.0,0.49609375,,no_priority_bias,,,seed,46
2996.0,0.46093750000000006,,no_priority_bias,,,seed,46
3000.0,0.4744897959183673,,no_priority_bias,,,seed,46
0.0,,0.224609375,no_priority_bias,0.21484375,0.236328125,summary,
20.0,,0.21728515625,no_priority_bias,0.2119140625,0.23232421875,summary,
40.0,,0.21387117346938778,no_priority_bias,0.2112563775510204,0.23388073979591834,summary,
60.0,,0.29068678252551017,no_priority_bias,0.2696010044642857,0.32699896364795916,summary,
80.0,,0.3109375,no_priority_bias,0.29843749999999997,0.33124999999999993,summary,
100.0,,0.2876474808673469,no_priority_bias,0.2870495854591837,0.32554408482142855,summary,
120.0,,0.3509765625,no_priority_bias,0.34648437499999996,0.368359375,summary,
140.0,,0.35196109693877553,no_priority_bias,0.3381377551020408,0.374609375,summary,
160.0,,0.4140625,no_priority_bias,0.40625,0.41796875,summary,
180.0,,0.3702088647959184,no_priority_bias,0.36829559948979596,0.3778858418367347,summary,
200.0,,0.4116310586734694,no_priority_bias,0.41151147959183676,0.4218152104591837,summary,
220.0,,0.41035156250000004,no_priority_bias,0.39453125,0.42431640625,summary,
240.0,,0.3839285714285714,no_priority_bias,0.37244897959183676,0.4336734693877551,summary,
260.0,,0.44375,no_priority_bias,0.4369140625,0.44453125,summary,
280.0,,0.39285714285714285,no_priority_bias,0.3643973214285714,0.39416852678571423,summary,
300.0,,0.4361328125,no_priority_bias,0.410888671875,0.47841796875,summary,
320.0,,0.4154376594387755,no_priority_bias,0.4046157525510204,0.42135682397959184,summary,
340.0,,0.43759964923469385,no_priority_bias,0.4232501594387755,0.46748943718112246,summary,
360.0,,0.45078124999999997,no_priority_bias,0.42124023437499997,0.458984375,summary,
380.0,,0.43603515625,no_priority_bias,0.4266531808035714,0.45689174107142855,summary,
400.0,,0.42783203125,no_priority_bias,0.42460937499999996,0.42958984375,summary,
420.0,,0.4222377232142857,no_priority_bias,0.4220184948979592,0.42655054209183674,summary,
440.0,,0.42672293526785715,no_priority_bias,0.3766143176020408,0.4268823740433674,summary,
460.0,,0.3717633928571429,no_priority_bias,0.36709183673469387,0.3940051020408163,summary,
480.0,,0.40625996492346933,no_priority_bias,0.40335020727040816,0.4257114955357143,summary,
500.0,,0.45,no_priority_bias,0.4499999999999999,0.465,summary,
520.0,,0.44460499043367346,no_priority_bias,0.4419742506377551,0.45473931760204084,summary,
540.0,,0.45820312500000004,no_priority_bias,0.4501953125,0.466015625,summary,
560.0,,0.44886798469387756,no_priority_bias,0.43348214285714287,0.4590800382653061,summary,
580.0,,0.453125,no_priority_bias,0.44921875,0.466796875,summary,
600.0,,0.45722257653061216,no_priority_bias,0.4531808035714286,0.47531090561224487,summary,
620.0,,0.44710618622448983,no_priority_bias,0.4441964285714286,0.45475924744897955,summary,
640.0,,0.45888671875,no_priority_bias,0.45390625,0.4619140625,summary,
660.0,,0.4362244897959184,no_priority_bias,0.42219387755102045,0.4387755102040817,summary,
680.0,,0.48505859375,no_priority_bias,0.48173828125,0.51162109375,summary,
700.0,,0.4532525510204082,no_priority_bias,0.4352997448979592,0.4619579081632653,summary,
720.0,,0.46488360969387754,no_priority_bias,0.4641262755102041,0.4766820790816326,summary,
740.0,,0.4625,no_priority_bias,0.45625000000000004,0.4703125,summary,
760.0,,0.43212890625,no_priority_bias,0.42739556760204084,0.44008091517857145,summary,
780.0,,0.4630859375,no_priority_bias,0.455078125,0.471484375,summary,
800.0,,0.41831154336734694,no_priority_bias,0.415656887755102,0.43972417091836735,summary,
820.0,,0.458984375,no_priority_bias,0.43359375,0.474609375,summary,
840.0,,0.4639110331632653,no_priority_bias,0.4357940051020408,0.46423788265306126,summary,
860.0,,0.44593032525510207,no_priority_bias,0.4358458227040816,0.4838767538265306,summary,
880.0,,0.45595703125,no_priority_bias,0.43896484375,0.48349609374999997,summary,
900.0,,0.41581632653061223,no_priority_bias,0.3979591836734694,0.4272959183673469,summary,
920.0,,0.465234375,no_priority_bias,0.4599609375,0.48291015625,summary,
940.0,,0.44800701530612247,no_priority_bias,0.42713647959183676,0.48499681122448984,summary,
960.0,,0.46072823660714285,no_priority_bias,0.45456991390306123,0.4672054368622449,summary,
980.0,,0.4625,no_priority_bias,0.4375,0.4671875,summary,
1000.0,,0.4765625,no_priority_bias,0.46875,0.5234375,summary,
1020.0,,0.45773278061224487,no_priority_bias,0.4120376275510204,0.47275191326530613,summary,
1040.0,,0.4586854272959184,no_priority_bias,0.45390226403061223,0.46171476403061223,summary,
1060.0,,0.46826171875,no_priority_bias,0.42734374999999997,0.48388671874999994,summary,
1080.0,,0.45535714285714285,no_priority_bias,0.4285714285714286,0.4719387755102041,summary,
1100.0,,0.471875,no_priority_bias,0.41220703125,0.49140625,summary,
1120.0,,0.4529974489795918,no_priority_bias,0.4487404336734694,0.47045599489795914,summary,
1140.0,,0.4664281728316326,no_priority_bias,0.4465381855867347,0.4710020727040817,summary,
1160.0,,0.50625,no_priority_bias,0.421875,0.51875,summary,
1180.0,,0.4690090880102041,no_priority_bias,0.4616350446428572,0.47200852997448983,summary,
1200.0,,0.479296875,no_priority_bias,0.435546875,0.4984375,summary,
1220.0,,0.4552136479591837,no_priority_bias,0.44710618622448983,0.4553093112244898,summary,
1240.0,,0.486328125,no_priority_bias,0.46484375,0.513671875,summary,
1260.0,,0.46391900510204087,no_priority_bias,0.4462213010204082,0.46614317602040817,summary,
1280.0,,0.4495176977040816,no_priority_bias,0.4428611288265306,0.4609972895408163,summary,
1300.0,,0.48271484374999996,no_priority_bias,0.45009765625000003,0.5015624999999999,summary,
1320.0,,0.4247448979591837,no_priority_bias,0.4145408163265306,0.4260204081632653,summary,
1340.0,,0.4609375,no_priority_bias,0.45341796875,0.5091796875,summary,
1360.0,,0.4533482142857143,no_priority_bias,0.4487723214285714,0.4619738520408163,summary,
1380.0,,0.4611866230867347,no_priority_bias,0.46114676339285715,0.49075255102040816,summary,
1400.0,,0.47187499999999993,no_priority_bias,0.4625,0.4734375,summary,
1420.0,,0.467594068877551,no_priority_bias,0.460090481505102,0.46901905293367346,summary,
1440.0,,0.49824218750000004,no_priority_bias,0.4884765625,0.5013671875,summary,
1460.0,,0.469108737244898,no_priority_bias,0.4660873724489796,0.47493622448979594,summary,
1480.0,,0.4921875,no_priority_bias,0.4921875,0.51953125,summary,
1500.0,,0.5102040816326531,no_priority_bias,0.4489795918367347,0.5102040816326531,summary,
1520.0,,0.48740234375,no_priority_bias,0.47285156250000004,0.49345703125,summary,
1540.0,,0.4373565051020408,no_priority_bias,0.4325892857142857,0.47523915816326534,summary,
1560.0,,0.4401705994897959,no_priority_bias,0.43094308035714285,0.4547094228316326,summary,
1580.0,,0.4734375,no_priority_bias,0.46875,0.4859375,summary,
1600.0,,0.46755420918367346,no_priority_bias,0.46655771683673464,0.4725366709183673,summary,
1620.0,,0.4796875,no_priority_bias,0.4765625,0.49765625,summary,
1640.0,,0.46131218112244904,no_priority_bias,0.40691167091836733,0.46719547193877553,summary,
1660.0,,0.462890625,no_priority_bias,0.447265625,0.466796875,summary,
1680.0,,0.4649872448979592,no_priority_bias,0.45293367346938773,0.47187500000000004,summary,
1700.0,,0.46181441326530615,no_priority_bias,0.4352479272959184,0.46621890943877553,summary,
1720.0,,0.46513671874999996,no_priority_bias,0.44453125000000004,0.48916015625,summary,
1740.0,,0.46811224489795916,no_priority_bias,0.4502551020408163,0.48596938775510207,summary,
1760.0,,0.45087890625000004,no_priority_bias,0.419140625,0.4833984375,summary,
1780.0,,0.43734056122448983,no_priority_bias,0.4138392857142857,0.4521364795918367,summary,
1800.0,,0.4808773118622449,no_priority_bias,0.4743104272959184,0.4837671396683674,summary,
1820.0,,0.459375,no_priority_bias,0.4453125,0.4734375,summary,
1840.0,,0.43408203125,no_priority_bias,0.42735570790816324,0.4386957908163265,summary,
1860.0,,0.5005859375,no_priority_bias,0.4720703125,0.516015625,summary,
1880.0,,0.46589604591836736,no_priority_bias,0.4577726403061224,0.48116230867346943,summary,
1900.0,,0.486328125,no_priority_bias,0.439453125,0.5078125,summary,
1920.0,,0.45302933673469387,no_priority_bias,0.43144929846938773,0.45314094387755105,summary,
1940.0,,0.4664580676020408,no_priority_bias,0.45742984693877553,0.469367825255102,summary,
1960.0,,0.46591796874999997,no_priority_bias,0.44423828125,0.47929687499999996,summary,
1980.0,,0.46173469387755106,no_priority_bias,0.413265306122449,0.46173469387755106,summary,
2000.0,,0.475,no_priority_bias,0.45000000000000007,0.48124999999999996,summary,
2020.0,,0.46633848852040816,no_priority_bias,0.45827686543367346,0.47294523278061223,summary,
2040.0,,0.478515625,no_priority_bias,0.4525390625,0.5001953125,summary,
2060.0,,0.45272640306122447,no_priority_bias,0.4472018494897959,0.45540497448979594,summary,
2080.0,,0.453125,no_priority_bias,0.451171875,0.494140625,summary,
2100.0,,0.45239158163265303,no_priority_bias,0.45177774234693874,0.46403061224489794,summary,
2120.0,,0.45754942602040816,no_priority_bias,0.4499362244897959,0.46962691326530615,summary,
2140.0,,0.429296875,no_priority_bias,0.416015625,0.48261718750000004,summary,
2160.0,,0.45918367346938777,no_priority_bias,0.45153061224489793,0.4642857142857143,summary,
2180.0,,0.4572265625,no_priority_bias,0.43642578125,0.46474609375,summary,
2200.0,,0.46450892857142856,no_priority_bias,0.42318239795918366,0.47008928571428565,summary,
2220.0,,0.4706333705357143,no_priority_bias,0.46041932397959184,0.497199856505102,summary,
2240.0,,0.5,no_priority_bias,0.4765625,0.5687500000000001,summary,
2260.0,,0.4682517538265306,no_priority_bias,0.4673549107142857,0.47823660714285715,summary,
2280.0,,0.4837890625,no_priority_bias,0.47890625,0.484375,summary,
2300.0,,0.4503507653061224,no_priority_bias,0.4436543367346939,0.4599170918367347,summary,
2320.0,,0.51171875,no_priority_bias,0.46875,0.541015625,summary,
2340.0,,0.47957589285714286,no_priority_bias,0.44549585459183666,0.48800223214285715,summary,
2360.0,,0.4800502232142857,no_priority_bias,0.4649035395408163,0.48513233418367346,summary,
2380.0,,0.4814453125,no_priority_bias,0.47128906249999997,0.48701171875000004,summary,
2400.0,,0.4528061224489796,no_priority_bias,0.4362244897959184,0.45790816326530615,summary,
2420.0,,0.46533203125,no_priority_bias,0.46240234375,0.50244140625,summary,
2440.0,,0.445328443877551,no_priority_bias,0.4388552295918367,0.4599170918367347,summary,
2460.0,,0.4625916772959183,no_priority_bias,0.4334741709183674,0.47889429209183676,summary,
2480.0,,0.45,no_priority_bias,0.4171875,0.4828125,summary,
2500.0,,0.46875,no_priority_bias,0.4453125,0.515625,summary,
2520.0,,0.42994260204081636,no_priority_bias,0.4193797831632653,0.4692442602040816,summary,
2540.0,,0.4610172193877551,no_priority_bias,0.4477439413265306,0.4656808035714286,summary,
2560.0,,0.5003906250000001,no_priority_bias,0.4455078125,0.5005859374999999,summary,
2580.0,,0.4693877551020408,no_priority_bias,0.4642857142857143,0.4821428571428571,summary,
2600.0,,0.4912109375,no_priority_bias,0.47958984375,0.5185546875,summary,
2620.0,,0.4658163265306122,no_priority_bias,0.443734056122449,0.47743941326530615,summary,
2640.0,,0.4540517378826531,no_priority_bias,0.45400191326530615,0.4774892378826531,summary,
2660.0,,0.4765625,no_priority_bias,0.4765625,0.48125,summary,
2680.0,,0.49873445471938777,no_priority_bias,0.46243223852040816,0.5048030931122449,summary,
2700.0,,0.4681640625,no_priority_bias,0.466796875,0.5013671875,summary,
2720.0,,0.46952327806122446,no_priority_bias,0.46274713010204077,0.5012117346938775,summary,
2740.0,,0.525390625,no_priority_bias,0.509765625,0.541015625,summary,
2760.0,,0.4832110969387755,no_priority_bias,0.46499521683673467,0.4857382015306122,summary,
2780.0,,0.471500318877551,no_priority_bias,0.4575294961734694,0.4859893176020408,summary,
2800.0,,0.4736328125,no_priority_bias,0.46025390625,0.48330078125,summary,
2820.0,,0.4489795918367347,no_priority_bias,0.40943877551020413,0.451530612244898,summary,
2840.0,,0.480078125,no_priority_bias,0.46240234375,0.48125,summary,
2860.0,,0.49099170918367346,no_priority_bias,0.4626753826530612,0.5000637755102041,summary,
2880.0,,0.47376235650510207,no_priority_bias,0.4384665975765306,0.49793726084183676,summary,
2900.0,,0.4921875,no_priority_bias,0.48750000000000004,0.5,summary,
2920.0,,0.4328364158163265,no_priority_bias,0.42739556760204084,0.4485710299744898,summary,
2940.0,,0.4591796875,no_priority_bias,0.4578125,0.48554687500000004,summary,
2960.0,,0.4305484693877551,no_priority_bias,0.43049266581632656,0.4615991709183674,summary,
2980.0,,0.4921875,no_priority_bias,0.47265625,0.494140625,summary,
3000.0,,0.4744897959183673,no_priority_bias,0.43367346938775514,0.4744897959183673,summary,
16.0,0.251953125,,no_domain_randomization,,,seed,42
32.0,0.2765625,,no_domain_randomization,,,seed,42
48.0,0.22066326530612246,,no_domain_randomization,,,seed,42
64.0,0.412109375,,no_domain_randomization,,,seed,42
80.0,0.35,,no_domain_randomization,,,seed,42
96.0,0.3112244897959183,,no_domain_randomization,,,seed,42
112.0,0.505859375,,no_domain_randomization,,,seed,42
128.0,0.453125,,no_domain_randomization,,,seed,42
144.0,0.3979591836734694,,no_domain_randomization,,,seed,42
160.0,0.556640625,,no_domain_randomization,,,seed,42
176.0,0.49375,,no_domain_randomization,,,seed,42
192.0,0.475765306122449,,no_domain_randomization,,,seed,42
208.0,0.671875,,no_domain_randomization,,,seed,42
224.0,0.51875,,no_domain_randomization,,,seed,42
240.0,0.43494897959183676,,no_domain_randomization,,,seed,42
250.0,0.390625,,no_domain_randomization,,,seed,42
266.0,0.4609375,,no_domain_randomization,,,seed,42
282.0,0.4630102040816327,,no_domain_randomization,,,seed,42
298.0,0.568359375,,no_domain_randomization,,,seed,42
314.0,0.5078125,,no_domain_randomization,,,seed,42
330.0,0.45535714285714285,,no_domain_randomization,,,seed,42
346.0,0.646484375,,no_domain_randomization,,,seed,42
362.0,0.55,,no_domain_randomization,,,seed,42
378.0,0.4655612244897959,,no_domain_randomization,,,seed,42
394.0,0.525390625,,no_domain_randomization,,,seed,42
410.0,0.5375000000000001,,no_domain_randomization,,,seed,42
426.0,0.41836734693877553,,no_domain_randomization,,,seed,42
442.0,0.5078125,,no_domain_randomization,,,seed,42
458.0,0.4484375,,no_domain_randomization,,,seed,42
474.0,0.5038265306122449,,no_domain_randomization,,,seed,42
490.0,0.65234375,,no_domain_randomization,,,seed,42
500.0,0.5800000000000001,,no_domain_randomization,,,seed,42
516.0,0.5051020408163265,,no_domain_randomization,,,seed,42
532.0,0.599609375,,no_domain_randomization,,,seed,42
548.0,0.596875,,no_domain_randomization,,,seed,42
564.0,0.48341836734693877,,no_domain_randomization,,,seed,42
580.0,0.623046875,,no_domain_randomization,,,seed,42
596.0,0.5375,,no_domain_randomization,,,seed,42
612.0,0.5114795918367347,,no_domain_randomization,,,seed,42
628.0,0.546875,,no_domain_randomization,,,seed,42
644.0,0.4984375000000001,,no_domain_randomization,,,seed,42
660.0,0.41964285714285715,,no_domain_randomization,,,seed,42
676.0,0.62109375,,no_domain_randomization,,,seed,42
692.0,0.559375,,no_domain_randomization,,,seed,42
708.0,0.5089285714285714,,no_domain_randomization,,,seed,42
724.0,0.67578125,,no_domain_randomization,,,seed,42
740.0,0.53125,,no_domain_randomization,,,seed,42
756.0,0.5522959183673469,,no_domain_randomization,,,seed,42
772.0,0.65625,,no_domain_randomization,,,seed,42
788.0,0.596875,,no_domain_randomization,,,seed,42
804.0,0.5051020408163265,,no_domain_randomization,,,seed,42
820.0,0.6953125,,no_domain_randomization,,,seed,42
836.0,0.5734374999999999,,no_domain_randomization,,,seed,42
852.0,0.48469387755102034,,no_domain_randomization,,,seed,42
868.0,0.728515625,,no_domain_randomization,,,seed,42
884.0,0.646875,,no_domain_randomization,,,seed,42
900.0,0.4961734693877551,,no_domain_randomization,,,seed,42
916.0,0.6796875,,no_domain_randomization,,,seed,42
932.0,0.5531250000000001,,no_domain_randomization,,,seed,42
948.0,0.5267857142857143,,no_domain_randomization,,,seed,42
964.0,0.58203125,,no_domain_randomization,,,seed,42
980.0,0.5796875,,no_domain_randomization,,,seed,42
996.0,0.4744897959183674,,no_domain_randomization,,,seed,42
1000.0,0.7578125,,no_domain_randomization,,,seed,42
1016.0,0.5265625,,no_domain_randomization,,,seed,42
1032.0,0.4285714285714286,,no_domain_randomization,,,seed,42
1048.0,0.67578125,,no_domain_randomization,,,seed,42
1064.0,0.5984375,,no_domain_randomization,,,seed,42
1080.0,0.49744897959183676,,no_domain_randomization,,,seed,42
1096.0,0.669921875,,no_domain_randomization,,,seed,42
1112.0,0.6171875,,no_domain_randomization,,,seed,42
1128.0,0.3839285714285714,,no_domain_randomization,,,seed,42
1144.0,0.623046875,,no_domain_randomization,,,seed,42
1160.0,0.515625,,no_domain_randomization,,,seed,42
1176.0,0.4885204081632653,,no_domain_randomization,,,seed,42
1192.0,0.630859375,,no_domain_randomization,,,seed,42
1208.0,0.5703125,,no_domain_randomization,,,seed,42
1224.0,0.4719387755102041,,no_domain_randomization,,,seed,42
1240.0,0.646484375,,no_domain_randomization,,,seed,42
1256.0,0.54375,,no_domain_randomization,,,seed,42
1272.0,0.5051020408163265,,no_domain_randomization,,,seed,42
1288.0,0.650390625,,no_domain_randomization,,,seed,42
1304.0,0.5890625,,no_domain_randomization,,,seed,42
1320.0,0.45790816326530615,,no_domain_randomization,,,seed,42
1336.0,0.666015625,,no_domain_randomization,,,seed,42
1352.0,0.6140625,,no_domain_randomization,,,seed,42
1368.0,0.5140306122448979,,no_domain_randomization,,,seed,42
1384.0,0.697265625,,no_domain_randomization,,,seed,42
1400.0,0.5421875,,no_domain_randomization,,,seed,42
1416.0,0.4948979591836735,,no_domain_randomization,,,seed,42
1432.0,0.625,,no_domain_randomization,,,seed,42
1448.0,0.540625,,no_domain_randomization,,,seed,42
1464.0,0.47831632653061223,,no_domain_randomization,,,seed,42
1480.0,0.662109375,,no_domain_randomization,,,seed,42
1496.0,0.565625,,no_domain_randomization,,,seed,42
1500.0,0.47959183673469397,,no_domain_randomization,,,seed,42
1516.0,0.685546875,,no_domain_randomization,,,seed,42
1532.0,0.5421875,,no_domain_randomization,,,seed,42
1548.0,0.471938775510204,,no_domain_randomization,,,seed,42
1564.0,0.703125,,no_domain_randomization,,,seed,42
1580.0,0.58125,,no_domain_randomization,,,seed,42
1596.0,0.5688775510204082,,no_domain_randomization,,,seed,42
1612.0,0.728515625,,no_domain_randomization,,,seed,42
1628.0,0.6265625,,no_domain_randomization,,,seed,42
1644.0,0.5433673469387754,,no_domain_randomization,,,seed,42
1660.0,0.685546875,,no_domain_randomization,,,seed,42
1676.0,0.6000000000000001,,no_domain_randomization,,,seed,42
1692.0,0.46683673469387754,,no_domain_randomization,,,seed,42
1708.0,0.671875,,no_domain_randomization,,,seed,42
1724.0,0.5765625000000001,,no_domain_randomization,,,seed,42
1740.0,0.4681122448979592,,no_domain_randomization,,,seed,42
1756.0,0.701171875,,no_domain_randomization,,,seed,42
1772.0,0.6234375,,no_domain_randomization,,,seed,42
1788.0,0.4897959183673469,,no_domain_randomization,,,seed,42
1804.0,0.65234375,,no_domain_randomization,,,seed,42
1820.0,0.5874999999999999,,no_domain_randomization,,,seed,42
1836.0,0.44515306122448983,,no_domain_randomization,,,seed,42
1852.0,0.646484375,,no_domain_randomization,,,seed,42
1868.0,0.5859375,,no_domain_randomization,,,seed,42
1884.0,0.5293367346938775,,no_domain_randomization,,,seed,42
1900.0,0.69140625,,no_domain_randomization,,,seed,42
1916.0,0.58125,,no_domain_randomization,,,seed,42
1932.0,0.5102040816326531,,no_domain_randomization,,,seed,42
1948.0,0.6640625,,no_domain_randomization,,,seed,42
1964.0,0.5640624999999999,,no_domain_randomization,,,seed,42
1980.0,0.4744897959183673,,no_domain_randomization,,,seed,42
1996.0,0.671875,,no_domain_randomization,,,seed,42
2000.0,0.58125,,no_domain_randomization,,,seed,42
2016.0,0.4974489795918367,,no_domain_randomization,,,seed,42
2032.0,0.69140625,,no_domain_randomization,,,seed,42
2048.0,0.540625,,no_domain_randomization,,,seed,42
2064.0,0.4872448979591837,,no_domain_randomization,,,seed,42
2080.0,0.712890625,,no_domain_randomization,,,seed,42
2096.0,0.5703125,,no_domain_randomization,,,seed,42
2112.0,0.4846938775510204,,no_domain_randomization,,,seed,42
2128.0,0.685546875,,no_domain_randomization,,,seed,42
2144.0,0.5656249999999999,,no_domain_randomization,,,seed,42
2160.0,0.49234693877551017,,no_domain_randomization,,,seed,42
2176.0,0.607421875,,no_domain_randomization,,,seed,42
2192.0,0.56875,,no_domain_randomization,,,seed,42
2208.0,0.5038265306122449,,no_domain_randomization,,,seed,42
2224.0,0.658203125,,no_domain_randomization,,,seed,42
2240.0,0.6015625,,no_domain_randomization,,,seed,42
2256.0,0.4961734693877551,,no_domain_randomization,,,seed,42
2272.0,0.7265625,,no_domain_randomization,,,seed,42
2288.0,0.640625,,no_domain_randomization,,,seed,42
2304.0,0.5191326530612245,,no_domain_randomization,,,seed,42
2320.0,0.654296875,,no_domain_randomization,,,seed,42
2336.0,0.6171875,,no_domain_randomization,,,seed,42
2352.0,0.506377551020408,,no_domain_randomization,,,seed,42
2368.0,0.685546875,,no_domain_randomization,,,seed,42
2384.0,0.521875,,no_domain_randomization,,,seed,42
2400.0,0.5025510204081632,,no_domain_randomization,,,seed,42
2416.0,0.705078125,,no_domain_randomization,,,seed,42
2432.0,0.58125,,no_domain_randomization,,,seed,42
2448.0,0.47959183673469385,,no_domain_randomization,,,seed,42
2464.0,0.650390625,,no_domain_randomization,,,seed,42
2480.0,0.5703125,,no_domain_randomization,,,seed,42
2496.0,0.485969387755102,,no_domain_randomization,,,seed,42
2500.0,0.6171875,,no_domain_randomization,,,seed,42
2516.0,0.5687500000000001,,no_domain_randomization,,,seed,42
2532.0,0.45918367346938777,,no_domain_randomization,,,seed,42
2548.0,0.68359375,,no_domain_randomization,,,seed,42
2564.0,0.6,,no_domain_randomization,,,seed,42
2580.0,0.5165816326530612,,no_domain_randomization,,,seed,42
2596.0,0.6875,,no_domain_randomization,,,seed,42
2612.0,0.6046874999999999,,no_domain_randomization,,,seed,42
2628.0,0.5497448979591837,,no_domain_randomization,,,seed,42
2644.0,0.630859375,,no_domain_randomization,,,seed,42
2660.0,0.5734374999999999,,no_domain_randomization,,,seed,42
2676.0,0.5510204081632653,,no_domain_randomization,,,seed,42
2692.0,0.70703125,,no_domain_randomization,,,seed,42
2708.0,0.6140625000000001,,no_domain_randomization,,,seed,42
2724.0,0.49999999999999994,,no_domain_randomization,,,seed,42
2740.0,0.701171875,,no_domain_randomization,,,seed,42
2756.0,0.6343749999999999,,no_domain_randomization,,,seed,42
2772.0,0.5076530612244898,,no_domain_randomization,,,seed,42
2788.0,0.666015625,,no_domain_randomization,,,seed,42
2804.0,0.5546875,,no_domain_randomization,,,seed,42
2820.0,0.534438775510204,,no_domain_randomization,,,seed,42
2836.0,0.73046875,,no_domain_randomization,,,seed,42
2852.0,0.6,,no_domain_randomization,,,seed,42
2868.0,0.5089285714285714,,no_domain_randomization,,,seed,42
2884.0,0.759765625,,no_domain_randomization,,,seed,42
2900.0,0.60625,,no_domain_randomization,,,seed,42
2916.0,0.4821428571428571,,no_domain_randomization,,,seed,42
2932.0,0.638671875,,no_domain_randomization,,,seed,42
2948.0,0.6203125,,no_domain_randomization,,,seed,42
2964.0,0.5318877551020408,,no_domain_randomization,,,seed,42
2980.0,0.662109375,,no_domain_randomization,,,seed,42
2996.0,0.534375,,no_domain_randomization,,,seed,42
3000.0,0.6275510204081634,,no_domain_randomization,,,seed,42
16.0,0.3046875,,no_domain_randomization,,,seed,43
32.0,0.2703125,,no_domain_randomization,,,seed,43
48.0,0.2385204081632653,,no_domain_randomization,,,seed,43
64.0,0.421875,,no_domain_randomization,,,seed,43
80.0,0.34375,,no_domain_randomization,,,seed,43
96.0,0.32015306122448983,,no_domain_randomization,,,seed,43
112.0,0.43359375,,no_domain_randomization,,,seed,43
128.0,0.38437499999999997,,no_domain_randomization,,,seed,43
144.0,0.32142857142857145,,no_domain_randomization,,,seed,43
160.0,0.576171875,,no_domain_randomization,,,seed,43
176.0,0.4203125,,no_domain_randomization,,,seed,43
192.0,0.27168367346938777,,no_domain_randomization,,,seed,43
208.0,0.490234375,,no_domain_randomization,,,seed,43
224.0,0.3609375,,no_domain_randomization,,,seed,43
240.0,0.41581632653061223,,no_domain_randomization,,,seed,43
250.0,0.6375,,no_domain_randomization,,,seed,43
266.0,0.459375,,no_domain_randomization,,,seed,43
282.0,0.42091836734693877,,no_domain_randomization,,,seed,43
298.0,0.537109375,,no_domain_randomization,,,seed,43
314.0,0.484375,,no_domain_randomization,,,seed,43
330.0,0.3979591836734694,,no_domain_randomization,,,seed,43
346.0,0.4921875,,no_domain_randomization,,,seed,43
362.0,0.434375,,no_domain_randomization,,,seed,43
378.0,0.42984693877551017,,no_domain_randomization,,,seed,43
394.0,0.52734375,,no_domain_randomization,,,seed,43
410.0,0.509375,,no_domain_randomization,,,seed,43
426.0,0.4336734693877551,,no_domain_randomization,,,seed,43
442.0,0.607421875,,no_domain_randomization,,,seed,43
458.0,0.5234375,,no_domain_randomization,,,seed,43
474.0,0.48596938775510207,,no_domain_randomization,,,seed,43
490.0,0.619140625,,no_domain_randomization,,,seed,43
500.0,0.5975,,no_domain_randomization,,,seed,43
516.0,0.47066326530612246,,no_domain_randomization,,,seed,43
532.0,0.654296875,,no_domain_randomization,,,seed,43
548.0,0.5874999999999999,,no_domain_randomization,,,seed,43
564.0,0.4630102040816326,,no_domain_randomization,,,seed,43
580.0,0.578125,,no_domain_randomization,,,seed,43
596.0,0.596875,,no_domain_randomization,,,seed,43
612.0,0.4489795918367347,,no_domain_randomization,,,seed,43
628.0,0.662109375,,no_domain_randomization,,,seed,43
644.0,0.521875,,no_domain_randomization,,,seed,43
660.0,0.48341836734693877,,no_domain_randomization,,,seed,43
676.0,0.638671875,,no_domain_randomization,,,seed,43
692.0,0.5453125000000001,,no_domain_randomization,,,seed,43
708.0,0.4987244897959184,,no_domain_randomization,,,seed,43
724.0,0.607421875,,no_domain_randomization,,,seed,43
740.0,0.571875,,no_domain_randomization,,,seed,43
756.0,0.4897959183673469,,no_domain_randomization,,,seed,43
772.0,0.646484375,,no_domain_randomization,,,seed,43
788.0,0.5828125,,no_domain_randomization,,,seed,43
804.0,0.47959183673469385,,no_domain_randomization,,,seed,43
820.0,0.541015625,,no_domain_randomization,,,seed,43
836.0,0.5265625,,no_domain_randomization,,,seed,43
852.0,0.4119897959183673,,no_domain_randomization,,,seed,43
868.0,0.63671875,,no_domain_randomization,,,seed,43
884.0,0.5140625000000001,,no_domain_randomization,,,seed,43
900.0,0.4744897959183674,,no_domain_randomization,,,seed,43
916.0,0.609375,,no_domain_randomization,,,seed,43
932.0,0.5203125,,no_domain_randomization,,,seed,43
948.0,0.461734693877551,,no_domain_randomization,,,seed,43
964.0,0.59765625,,no_domain_randomization,,,seed,43
980.0,0.565625,,no_domain_randomization,,,seed,43
996.0,0.4693877551020408,,no_domain_randomization,,,seed,43
1000.0,0.6484375,,no_domain_randomization,,,seed,43
1016.0,0.6265625,,no_domain_randomization,,,seed,43
1032.0,0.45280612244897955,,no_domain_randomization,,,seed,43
1048.0,0.67578125,,no_domain_randomization,,,seed,43
1064.0,0.5703125,,no_domain_randomization,,,seed,43
1080.0,0.5,,no_domain_randomization,,,seed,43
1096.0,0.671875,,no_domain_randomization,,,seed,43
1112.0,0.5390625,,no_domain_randomization,,,seed,43
1128.0,0.48852040816326525,,no_domain_randomization,,,seed,43
1144.0,0.603515625,,no_domain_randomization,,,seed,43
1160.0,0.559375,,no_domain_randomization,,,seed,43
1176.0,0.5114795918367347,,no_domain_randomization,,,seed,43
1192.0,0.693359375,,no_domain_randomization,,,seed,43
1208.0,0.5765625000000001,,no_domain_randomization,,,seed,43
1224.0,0.49489795918367346,,no_domain_randomization,,,seed,43
1240.0,0.63671875,,no_domain_randomization,,,seed,43
1256.0,0.51875,,no_domain_randomization,,,seed,43
1272.0,0.4323979591836735,,no_domain_randomization,,,seed,43
1288.0,0.65625,,no_domain_randomization,,,seed,43
1304.0,0.571875,,no_domain_randomization,,,seed,43
1320.0,0.5051020408163265,,no_domain_randomization,,,seed,43
1336.0,0.630859375,,no_domain_randomization,,,seed,43
1352.0,0.5203125,,no_domain_randomization,,,seed,43
1368.0,0.45918367346938777,,no_domain_randomization,,,seed,43
1384.0,0.673828125,,no_domain_randomization,,,seed,43
1400.0,0.575,,no_domain_randomization,,,seed,43
1416.0,0.45280612244897955,,no_domain_randomization,,,seed,43
1432.0,0.669921875,,no_domain_randomization,,,seed,43
1448.0,0.60625,,no_domain_randomization,,,seed,43
1464.0,0.46811224489795916,,no_domain_randomization,,,seed,43
1480.0,0.626953125,,no_domain_randomization,,,seed,43
1496.0,0.5843750000000001,,no_domain_randomization,,,seed,43
1500.0,0.5357142857142857,,no_domain_randomization,,,seed,43
1516.0,0.703125,,no_domain_randomization,,,seed,43
1532.0,0.5328124999999999,,no_domain_randomization,,,seed,43
1548.0,0.5267857142857143,,no_domain_randomization,,,seed,43
1564.0,0.662109375,,no_domain_randomization,,,seed,43
1580.0,0.5906250000000001,,no_domain_randomization,,,seed,43
1596.0,0.4987244897959184,,no_domain_randomization,,,seed,43
1612.0,0.7109375,,no_domain_randomization,,,seed,43
1628.0,0.5828125,,no_domain_randomization,,,seed,43
1644.0,0.48596938775510207,,no_domain_randomization,,,seed,43
1660.0,0.720703125,,no_domain_randomization,,,seed,43
1676.0,0.6109375,,no_domain_randomization,,,seed,43
1692.0,0.5153061224489796,,no_domain_randomization,,,seed,43
1708.0,0.619140625,,no_domain_randomization,,,seed,43
1724.0,0.5421875,,no_domain_randomization,,,seed,43
1740.0,0.4630102040816326,,no_domain_randomization,,,seed,43
1756.0,0.677734375,,no_domain_randomization,,,seed,43
1772.0,0.49687500000000007,,no_domain_randomization,,,seed,43
1788.0,0.49617346938775514,,no_domain_randomization,,,seed,43
1804.0,0.64453125,,no_domain_randomization,,,seed,43
1820.0,0.5390625,,no_domain_randomization,,,seed,43
1836.0,0.451530612244898,,no_domain_randomization,,,seed,43
1852.0,0.595703125,,no_domain_randomization,,,seed,43
1868.0,0.534375,,no_domain_randomization,,,seed,43
1884.0,0.47959183673469385,,no_domain_randomization,,,seed,43
1900.0,0.701171875,,no_domain_randomization,,,seed,43
1916.0,0.559375,,no_domain_randomization,,,seed,43
1932.0,0.4681122448979592,,no_domain_randomization,,,seed,43
1948.0,0.666015625,,no_domain_randomization,,,seed,43
1964.0,0.54375,,no_domain_randomization,,,seed,43
1980.0,0.46938775510204084,,no_domain_randomization,,,seed,43
1996.0,0.626953125,,no_domain_randomization,,,seed,43
2000.0,0.5375,,no_domain_randomization,,,seed,43
2016.0,0.5063775510204082,,no_domain_randomization,,,seed,43
2032.0,0.68359375,,no_domain_randomization,,,seed,43
2048.0,0.5890625,,no_domain_randomization,,,seed,43
2064.0,0.47576530612244894,,no_domain_randomization,,,seed,43
2080.0,0.6484375,,no_domain_randomization,,,seed,43
2096.0,0.5953124999999999,,no_domain_randomization,,,seed,43
2112.0,0.4770408163265306,,no_domain_randomization,,,seed,43
2128.0,0.70703125,,no_domain_randomization,,,seed,43
2144.0,0.5546875,,no_domain_randomization,,,seed,43
2160.0,0.4821428571428571,,no_domain_randomization,,,seed,43
2176.0,0.630859375,,no_domain_randomization,,,seed,43
2192.0,0.6234375000000001,,no_domain_randomization,,,seed,43
2208.0,0.5727040816326531,,no_domain_randomization,,,seed,43
2224.0,0.6640625,,no_domain_randomization,,,seed,43
2240.0,0.5671875,,no_domain_randomization,,,seed,43
2256.0,0.5153061224489797,,no_domain_randomization,,,seed,43
2272.0,0.705078125,,no_domain_randomization,,,seed,43
2288.0,0.6109375,,no_domain_randomization,,,seed,43
2304.0,0.5178571428571428,,no_domain_randomization,,,seed,43
2320.0,0.72265625,,no_domain_randomization,,,seed,43
2336.0,0.559375,,no_domain_randomization,,,seed,43
2352.0,0.49362244897959184,,no_domain_randomization,,,seed,43
2368.0,0.693359375,,no_domain_randomization,,,seed,43
2384.0,0.6046875,,no_domain_randomization,,,seed,43
2400.0,0.5102040816326531,,no_domain_randomization,,,seed,43
2416.0,0.685546875,,no_domain_randomization,,,seed,43
2432.0,0.5421875,,no_domain_randomization,,,seed,43
2448.0,0.48214285714285715,,no_domain_randomization,,,seed,43
2464.0,0.705078125,,no_domain_randomization,,,seed,43
2480.0,0.5531250000000001,,no_domain_randomization,,,seed,43
2496.0,0.5255102040816326,,no_domain_randomization,,,seed,43
2500.0,0.7421875,,no_domain_randomization,,,seed,43
2516.0,0.6265624999999999,,no_domain_randomization,,,seed,43
2532.0,0.5625,,no_domain_randomization,,,seed,43
2548.0,0.669921875,,no_domain_randomization,,,seed,43
2564.0,0.60625,,no_domain_randomization,,,seed,43
2580.0,0.47066326530612246,,no_domain_randomization,,,seed,43
2596.0,0.642578125,,no_domain_randomization,,,seed,43
2612.0,0.5953124999999999,,no_domain_randomization,,,seed,43
2628.0,0.45408163265306123,,no_domain_randomization,,,seed,43
2644.0,0.751953125,,no_domain_randomization,,,seed,43
2660.0,0.5890625,,no_domain_randomization,,,seed,43
2676.0,0.528061224489796,,no_domain_randomization,,,seed,43
2692.0,0.595703125,,no_domain_randomization,,,seed,43
2708.0,0.5968749999999999,,no_domain_randomization,,,seed,43
2724.0,0.5382653061224489,,no_domain_randomization,,,seed,43
2740.0,0.66796875,,no_domain_randomization,,,seed,43
2756.0,0.65625,,no_domain_randomization,,,seed,43
2772.0,0.5382653061224489,,no_domain_randomization,,,seed,43
2788.0,0.6796875,,no_domain_randomization,,,seed,43
2804.0,0.54375,,no_domain_randomization,,,seed,43
2820.0,0.45408163265306123,,no_domain_randomization,,,seed,43
2836.0,0.5859375,,no_domain_randomization,,,seed,43
2852.0,0.5953125,,no_domain_randomization,,,seed,43
2868.0,0.5102040816326531,,no_domain_randomization,,,seed,43
2884.0,0.64453125,,no_domain_randomization,,,seed,43
2900.0,0.5578125,,no_domain_randomization,,,seed,43
2916.0,0.534438775510204,,no_domain_randomization,,,seed,43
2932.0,0.6640625,,no_domain_randomization,,,seed,43
2948.0,0.5609375,,no_domain_randomization,,,seed,43
2964.0,0.4897959183673469,,no_domain_randomization,,,seed,43
2980.0,0.689453125,,no_domain_randomization,,,seed,43
2996.0,0.6015625,,no_domain_randomization,,,seed,43
3000.0,0.5561224489795917,,no_domain_randomization,,,seed,43
16.0,0.318359375,,no_domain_randomization,,,seed,44
32.0,0.2546875,,no_domain_randomization,,,seed,44
48.0,0.22704081632653061,,no_domain_randomization,,,seed,44
64.0,0.380859375,,no_domain_randomization,,,seed,44
80.0,0.353125,,no_domain_randomization,,,seed,44
96.0,0.3354591836734694,,no_domain_randomization,,,seed,44
112.0,0.47265625,,no_domain_randomization,,,seed,44
128.0,0.42500000000000004,,no_domain_randomization,,,seed,44
144.0,0.360969387755102,,no_domain_randomization,,,seed,44
160.0,0.51953125,,no_domain_randomization,,,seed,44
176.0,0.44062500000000004,,no_domain_randomization,,,seed,44
192.0,0.37755102040816324,,no_domain_randomization,,,seed,44
208.0,0.634765625,,no_domain_randomization,,,seed,44
224.0,0.496875,,no_domain_randomization,,,seed,44
240.0,0.38392857142857145,,no_domain_randomization,,,seed,44
250.0,0.621875,,no_domain_randomization,,,seed,44
266.0,0.4125,,no_domain_randomization,,,seed,44
282.0,0.3839285714285714,,no_domain_randomization,,,seed,44
298.0,0.56640625,,no_domain_randomization,,,seed,44
314.0,0.4984375,,no_domain_randomization,,,seed,44
330.0,0.4272959183673469,,no_domain_randomization,,,seed,44
346.0,0.576171875,,no_domain_randomization,,,seed,44
362.0,0.4609375,,no_domain_randomization,,,seed,44
378.0,0.42091836734693877,,no_domain_randomization,,,seed,44
394.0,0.37109375,,no_domain_randomization,,,seed,44
410.0,0.4296875,,no_domain_randomization,,,seed,44
426.0,0.39158163265306123,,no_domain_randomization,,,seed,44
442.0,0.599609375,,no_domain_randomization,,,seed,44
458.0,0.459375,,no_domain_randomization,,,seed,44
474.0,0.45153061224489793,,no_domain_randomization,,,seed,44
490.0,0.37109375,,no_domain_randomization,,,seed,44
500.0,0.44499999999999995,,no_domain_randomization,,,seed,44
516.0,0.4260204081632653,,no_domain_randomization,,,seed,44
532.0,0.529296875,,no_domain_randomization,,,seed,44
548.0,0.490625,,no_domain_randomization,,,seed,44
564.0,0.43239795918367346,,no_domain_randomization,,,seed,44
580.0,0.5546875,,no_domain_randomization,,,seed,44
596.0,0.5375,,no_domain_randomization,,,seed,44
612.0,0.4770408163265306,,no_domain_randomization,,,seed,44
628.0,0.544921875,,no_domain_randomization,,,seed,44
644.0,0.5578125,,no_domain_randomization,,,seed,44
660.0,0.3762755102040816,,no_domain_randomization,,,seed,44
676.0,0.611328125,,no_domain_randomization,,,seed,44
692.0,0.5609375,,no_domain_randomization,,,seed,44
708.0,0.4719387755102041,,no_domain_randomization,,,seed,44
724.0,0.60546875,,no_domain_randomization,,,seed,44
740.0,0.4578125,,no_domain_randomization,,,seed,44
756.0,0.4655612244897959,,no_domain_randomization,,,seed,44
772.0,0.673828125,,no_domain_randomization,,,seed,44
788.0,0.534375,,no_domain_randomization,,,seed,44
804.0,0.5153061224489796,,no_domain_randomization,,,seed,44
820.0,0.572265625,,no_domain_randomization,,,seed,44
836.0,0.5390625,,no_domain_randomization,,,seed,44
852.0,0.49362244897959184,,no_domain_randomization,,,seed,44
868.0,0.630859375,,no_domain_randomization,,,seed,44
884.0,0.5875,,no_domain_randomization,,,seed,44
900.0,0.5127551020408163,,no_domain_randomization,,,seed,44
916.0,0.6796875,,no_domain_randomization,,,seed,44
932.0,0.5718749999999999,,no_domain_randomization,,,seed,44
948.0,0.4400510204081633,,no_domain_randomization,,,seed,44
964.0,0.54296875,,no_domain_randomization,,,seed,44
980.0,0.5,,no_domain_randomization,,,seed,44
996.0,0.471938775510204,,no_domain_randomization,,,seed,44
1000.0,0.6640625,,no_domain_randomization,,,seed,44
1016.0,0.5234375,,no_domain_randomization,,,seed,44
1032.0,0.48596938775510207,,no_domain_randomization,,,seed,44
1048.0,0.646484375,,no_domain_randomization,,,seed,44
1064.0,0.6015625,,no_domain_randomization,,,seed,44
1080.0,0.4974489795918367,,no_domain_randomization,,,seed,44
1096.0,0.654296875,,no_domain_randomization,,,seed,44
1112.0,0.6499999999999999,,no_domain_randomization,,,seed,44
1128.0,0.48341836734693877,,no_domain_randomization,,,seed,44
1144.0,0.611328125,,no_domain_randomization,,,seed,44
1160.0,0.55,,no_domain_randomization,,,seed,44
1176.0,0.4260204081632653,,no_domain_randomization,,,seed,44
1192.0,0.60546875,,no_domain_randomization,,,seed,44
1208.0,0.4765625,,no_domain_randomization,,,seed,44
1224.0,0.47066326530612246,,no_domain_randomization,,,seed,44
1240.0,0.677734375,,no_domain_randomization,,,seed,44
1256.0,0.5015625,,no_domain_randomization,,,seed,44
1272.0,0.4489795918367347,,no_domain_randomization,,,seed,44
1288.0,0.603515625,,no_domain_randomization,,,seed,44
1304.0,0.5140625,,no_domain_randomization,,,seed,44
1320.0,0.4642857142857143,,no_domain_randomization,,,seed,44
1336.0,0.7265625,,no_domain_randomization,,,seed,44
1352.0,0.5421875,,no_domain_randomization,,,seed,44
1368.0,0.49744897959183676,,no_domain_randomization,,,seed,44
1384.0,0.56640625,,no_domain_randomization,,,seed,44
1400.0,0.5671875,,no_domain_randomization,,,seed,44
1416.0,0.5242346938775511,,no_domain_randomization,,,seed,44
1432.0,0.56640625,,no_domain_randomization,,,seed,44
1448.0,0.5921875000000001,,no_domain_randomization,,,seed,44
1464.0,0.5357142857142857,,no_domain_randomization,,,seed,44
1480.0,0.69140625,,no_domain_randomization,,,seed,44
1496.0,0.609375,,no_domain_randomization,,,seed,44
1500.0,0.5714285714285714,,no_domain_randomization,,,seed,44
1516.0,0.73046875,,no_domain_randomization,,,seed,44
1532.0,0.5265625,,no_domain_randomization,,,seed,44
1548.0,0.5612244897959184,,no_domain_randomization,,,seed,44
1564.0,0.689453125,,no_domain_randomization,,,seed,44
1580.0,0.6140625,,no_domain_randomization,,,seed,44
1596.0,0.5420918367346939,,no_domain_randomization,,,seed,44
1612.0,0.65625,,no_domain_randomization,,,seed,44
1628.0,0.5249999999999999,,no_domain_randomization,,,seed,44
1644.0,0.5165816326530612,,no_domain_randomization,,,seed,44
1660.0,0.677734375,,no_domain_randomization,,,seed,44
1676.0,0.540625,,no_domain_randomization,,,seed,44
1692.0,0.4910714285714286,,no_domain_randomization,,,seed,44
1708.0,0.6796875,,no_domain_randomization,,,seed,44
1724.0,0.528125,,no_domain_randomization,,,seed,44
1740.0,0.47831632653061223,,no_domain_randomization,,,seed,44
1756.0,0.68359375,,no_domain_randomization,,,seed,44
1772.0,0.5921875,,no_domain_randomization,,,seed,44
1788.0,0.49617346938775514,,no_domain_randomization,,,seed,44
1804.0,0.62890625,,no_domain_randomization,,,seed,44
1820.0,0.5125,,no_domain_randomization,,,seed,44
1836.0,0.4451530612244898,,no_domain_randomization,,,seed,44
1852.0,0.681640625,,no_domain_randomization,,,seed,44
1868.0,0.65625,,no_domain_randomization,,,seed,44
1884.0,0.5267857142857143,,no_domain_randomization,,,seed,44
1900.0,0.669921875,,no_domain_randomization,,,seed,44
1916.0,0.6078125000000001,,no_domain_randomization,,,seed,44
1932.0,0.5229591836734694,,no_domain_randomization,,,seed,44
1948.0,0.671875,,no_domain_randomization,,,seed,44
1964.0,0.6015625,,no_domain_randomization,,,seed,44
1980.0,0.5306122448979592,,no_domain_randomization,,,seed,44
1996.0,0.732421875,,no_domain_randomization,,,seed,44
2000.0,0.45,,no_domain_randomization,,,seed,44
2016.0,0.5012755102040817,,no_domain_randomization,,,seed,44
2032.0,0.646484375,,no_domain_randomization,,,seed,44
2048.0,0.578125,,no_domain_randomization,,,seed,44
2064.0,0.5216836734693877,,no_domain_randomization,,,seed,44
2080.0,0.67578125,,no_domain_randomization,,,seed,44
2096.0,0.5984375,,no_domain_randomization,,,seed,44
2112.0,0.4579081632653061,,no_domain_randomization,,,seed,44
2128.0,0.634765625,,no_domain_randomization,,,seed,44
2144.0,0.56875,,no_domain_randomization,,,seed,44
2160.0,0.5510204081632653,,no_domain_randomization,,,seed,44
2176.0,0.6484375,,no_domain_randomization,,,seed,44
2192.0,0.5515625,,no_domain_randomization,,,seed,44
2208.0,0.5331632653061225,,no_domain_randomization,,,seed,44
2224.0,0.69921875,,no_domain_randomization,,,seed,44
2240.0,0.534375,,no_domain_randomization,,,seed,44
2256.0,0.4897959183673469,,no_domain_randomization,,,seed,44
2272.0,0.765625,,no_domain_randomization,,,seed,44
2288.0,0.6171875,,no_domain_randomization,,,seed,44
2304.0,0.48214285714285715,,no_domain_randomization,,,seed,44
2320.0,0.6875,,no_domain_randomization,,,seed,44
2336.0,0.584375,,no_domain_randomization,,,seed,44
2352.0,0.4885204081632653,,no_domain_randomization,,,seed,44
2368.0,0.689453125,,no_domain_randomization,,,seed,44
2384.0,0.5375000000000001,,no_domain_randomization,,,seed,44
2400.0,0.47831632653061223,,no_domain_randomization,,,seed,44
2416.0,0.650390625,,no_domain_randomization,,,seed,44
2432.0,0.5609375,,no_domain_randomization,,,seed,44
2448.0,0.5255102040816326,,no_domain_randomization,,,seed,44
2464.0,0.685546875,,no_domain_randomization,,,seed,44
2480.0,0.5625,,no_domain_randomization,,,seed,44
2496.0,0.4834183673469388,,no_domain_randomization,,,seed,44
2500.0,0.5234375,,no_domain_randomization,,,seed,44
2516.0,0.675,,no_domain_randomization,,,seed,44
2532.0,0.5012755102040816,,no_domain_randomization,,,seed,44
2548.0,0.66796875,,no_domain_randomization,,,seed,44
2564.0,0.6031249999999999,,no_domain_randomization,,,seed,44
2580.0,0.5153061224489797,,no_domain_randomization,,,seed,44
2596.0,0.673828125,,no_domain_randomization,,,seed,44
2612.0,0.565625,,no_domain_randomization,,,seed,44
2628.0,0.5420918367346939,,no_domain_randomization,,,seed,44
2644.0,0.69921875,,no_domain_randomization,,,seed,44
2660.0,0.603125,,no_domain_randomization,,,seed,44
2676.0,0.5102040816326531,,no_domain_randomization,,,seed,44
2692.0,0.703125,,no_domain_randomization,,,seed,44
2708.0,0.64375,,no_domain_randomization,,,seed,44
2724.0,0.5025510204081632,,no_domain_randomization,,,seed,44
2740.0,0.712890625,,no_domain_randomization,,,seed,44
2756.0,0.5671875,,no_domain_randomization,,,seed,44
2772.0,0.5331632653061225,,no_domain_randomization,,,seed,44
2788.0,0.701171875,,no_domain_randomization,,,seed,44
2804.0,0.6609375,,no_domain_randomization,,,seed,44
2820.0,0.5484693877551021,,no_domain_randomization,,,seed,44
2836.0,0.681640625,,no_domain_randomization,,,seed,44
2852.0,0.6296875000000001,,no_domain_randomization,,,seed,44
2868.0,0.5216836734693877,,no_domain_randomization,,,seed,44
2884.0,0.685546875,,no_domain_randomization,,,seed,44
2900.0,0.6296875,,no_domain_randomization,,,seed,44
2916.0,0.5510204081632653,,no_domain_randomization,,,seed,44
2932.0,0.658203125,,no_domain_randomization,,,seed,44
2948.0,0.6515625,,no_domain_randomization,,,seed,44
2964.0,0.5497448979591837,,no_domain_randomization,,,seed,44
2980.0,0.708984375,,no_domain_randomization,,,seed,44
2996.0,0.5734375,,no_domain_randomization,,,seed,44
3000.0,0.41326530612244894,,no_domain_randomization,,,seed,44
16.0,0.2421875,,no_domain_randomization,,,seed,45
32.0,0.234375,,no_domain_randomization,,,seed,45
48.0,0.2385204081632653,,no_domain_randomization,,,seed,45
64.0,0.427734375,,no_domain_randomization,,,seed,45
80.0,0.346875,,no_domain_randomization,,,seed,45
96.0,0.2780612244897959,,no_domain_randomization,,,seed,45
112.0,0.4765625,,no_domain_randomization,,,seed,45
128.0,0.359375,,no_domain_randomization,,,seed,45
144.0,0.33163265306122447,,no_domain_randomization,,,seed,45
160.0,0.51171875,,no_domain_randomization,,,seed,45
176.0,0.4453125,,no_domain_randomization,,,seed,45
192.0,0.40816326530612246,,no_domain_randomization,,,seed,45
208.0,0.55859375,,no_domain_randomization,,,seed,45
224.0,0.509375,,no_domain_randomization,,,seed,45
240.0,0.4362244897959183,,no_domain_randomization,,,seed,45
250.0,0.553125,,no_domain_randomization,,,seed,45
266.0,0.4859375,,no_domain_randomization,,,seed,45
282.0,0.4413265306122449,,no_domain_randomization,,,seed,45
298.0,0.583984375,,no_domain_randomization,,,seed,45
314.0,0.46562499999999996,,no_domain_randomization,,,seed,45
330.0,0.41709183673469385,,no_domain_randomization,,,seed,45
346.0,0.599609375,,no_domain_randomization,,,seed,45
362.0,0.5015624999999999,,no_domain_randomization,,,seed,45
378.0,0.4285714285714286,,no_domain_randomization,,,seed,45
394.0,0.546875,,no_domain_randomization,,,seed,45
410.0,0.4765625,,no_domain_randomization,,,seed,45
426.0,0.47576530612244894,,no_domain_randomization,,,seed,45
442.0,0.607421875,,no_domain_randomization,,,seed,45
458.0,0.5531250000000001,,no_domain_randomization,,,seed,45
474.0,0.4719387755102041,,no_domain_randomization,,,seed,45
490.0,0.609375,,no_domain_randomization,,,seed,45
500.0,0.5475,,no_domain_randomization,,,seed,45
516.0,0.5076530612244898,,no_domain_randomization,,,seed,45
532.0,0.607421875,,no_domain_randomization,,,seed,45
548.0,0.5890625,,no_domain_randomization,,,seed,45
564.0,0.4591836734693877,,no_domain_randomization,,,seed,45
580.0,0.625,,no_domain_randomization,,,seed,45
596.0,0.55,,no_domain_randomization,,,seed,45
612.0,0.413265306122449,,no_domain_randomization,,,seed,45
628.0,0.61328125,,no_domain_randomization,,,seed,45
644.0,0.5453125,,no_domain_randomization,,,seed,45
660.0,0.39158163265306123,,no_domain_randomization,,,seed,45
676.0,0.677734375,,no_domain_randomization,,,seed,45
692.0,0.5359375,,no_domain_randomization,,,seed,45
708.0,0.46938775510204084,,no_domain_randomization,,,seed,45
724.0,0.67578125,,no_domain_randomization,,,seed,45
740.0,0.5515625,,no_domain_randomization,,,seed,45
756.0,0.4489795918367347,,no_domain_randomization,,,seed,45
772.0,0.669921875,,no_domain_randomization,,,seed,45
788.0,0.5421875,,no_domain_randomization,,,seed,45
804.0,0.4655612244897959,,no_domain_randomization,,,seed,45
820.0,0.640625,,no_domain_randomization,,,seed,45
836.0,0.528125,,no_domain_randomization,,,seed,45
852.0,0.5599489795918368,,no_domain_randomization,,,seed,45
868.0,0.6015625,,no_domain_randomization,,,seed,45
884.0,0.6078125,,no_domain_randomization,,,seed,45
900.0,0.4630102040816326,,no_domain_randomization,,,seed,45
916.0,0.681640625,,no_domain_randomization,,,seed,45
932.0,0.5796875,,no_domain_randomization,,,seed,45
948.0,0.5114795918367347,,no_domain_randomization,,,seed,45
964.0,0.638671875,,no_domain_randomization,,,seed,45
980.0,0.58125,,no_domain_randomization,,,seed,45
996.0,0.4885204081632653,,no_domain_randomization,,,seed,45
1000.0,0.734375,,no_domain_randomization,,,seed,45
1016.0,0.49218750000000006,,no_domain_randomization,,,seed,45
1032.0,0.47576530612244905,,no_domain_randomization,,,seed,45
1048.0,0.67578125,,no_domain_randomization,,,seed,45
1064.0,0.546875,,no_domain_randomization,,,seed,45
1080.0,0.5165816326530612,,no_domain_randomization,,,seed,45
1096.0,0.59765625,,no_domain_randomization,,,seed,45
1112.0,0.5890624999999999,,no_domain_randomization,,,seed,45
1128.0,0.4591836734693877,,no_domain_randomization,,,seed,45
1144.0,0.626953125,,no_domain_randomization,,,seed,45
1160.0,0.6046875,,no_domain_randomization,,,seed,45
1176.0,0.48086734693877553,,no_domain_randomization,,,seed,45
1192.0,0.673828125,,no_domain_randomization,,,seed,45
1208.0,0.5609375,,no_domain_randomization,,,seed,45
1224.0,0.4910714285714286,,no_domain_randomization,,,seed,45
1240.0,0.650390625,,no_domain_randomization,,,seed,45
1256.0,0.5296875000000001,,no_domain_randomization,,,seed,45
1272.0,0.47193877551020413,,no_domain_randomization,,,seed,45
1288.0,0.654296875,,no_domain_randomization,,,seed,45
1304.0,0.6015625,,no_domain_randomization,,,seed,45
1320.0,0.45535714285714285,,no_domain_randomization,,,seed,45
1336.0,0.65625,,no_domain_randomization,,,seed,45
1352.0,0.5859375,,no_domain_randomization,,,seed,45
1368.0,0.5293367346938775,,no_domain_randomization,,,seed,45
1384.0,0.73046875,,no_domain_randomization,,,seed,45
1400.0,0.5890625,,no_domain_randomization,,,seed,45
1416.0,0.49362244897959184,,no_domain_randomization,,,seed,45
1432.0,0.67578125,,no_domain_randomization,,,seed,45
1448.0,0.60625,,no_domain_randomization,,,seed,45
1464.0,0.4846938775510204,,no_domain_randomization,,,seed,45
1480.0,0.6953125,,no_domain_randomization,,,seed,45
1496.0,0.5687500000000001,,no_domain_randomization,,,seed,45
1500.0,0.44387755102040816,,no_domain_randomization,,,seed,45
1516.0,0.654296875,,no_domain_randomization,,,seed,45
1532.0,0.521875,,no_domain_randomization,,,seed,45
1548.0,0.5153061224489796,,no_domain_randomization,,,seed,45
1564.0,0.732421875,,no_domain_randomization,,,seed,45
1580.0,0.6203124999999999,,no_domain_randomization,,,seed,45
1596.0,0.5204081632653061,,no_domain_randomization,,,seed,45
1612.0,0.658203125,,no_domain_randomization,,,seed,45
1628.0,0.621875,,no_domain_randomization,,,seed,45
1644.0,0.5063775510204082,,no_domain_randomization,,,seed,45
1660.0,0.66015625,,no_domain_randomization,,,seed,45
1676.0,0.528125,,no_domain_randomization,,,seed,45
1692.0,0.5535714285714286,,no_domain_randomization,,,seed,45
1708.0,0.6171875,,no_domain_randomization,,,seed,45
1724.0,0.58125,,no_domain_randomization,,,seed,45
1740.0,0.4808673469387755,,no_domain_randomization,,,seed,45
1756.0,0.591796875,,no_domain_randomization,,,seed,45
1772.0,0.5406249999999999,,no_domain_randomization,,,seed,45
1788.0,0.49617346938775514,,no_domain_randomization,,,seed,45
1804.0,0.6484375,,no_domain_randomization,,,seed,45
1820.0,0.6140625,,no_domain_randomization,,,seed,45
1836.0,0.4732142857142857,,no_domain_randomization,,,seed,45
1852.0,0.703125,,no_domain_randomization,,,seed,45
1868.0,0.5625,,no_domain_randomization,,,seed,45
1884.0,0.5204081632653061,,no_domain_randomization,,,seed,45
1900.0,0.7265625,,no_domain_randomization,,,seed,45
1916.0,0.5328124999999999,,no_domain_randomization,,,seed,45
1932.0,0.5038265306122449,,no_domain_randomization,,,seed,45
1948.0,0.69921875,,no_domain_randomization,,,seed,45
1964.0,0.5984375,,no_domain_randomization,,,seed,45
1980.0,0.5854591836734694,,no_domain_randomization,,,seed,45
1996.0,0.677734375,,no_domain_randomization,,,seed,45
2000.0,0.5812499999999999,,no_domain_randomization,,,seed,45
2016.0,0.4885204081632653,,no_domain_randomization,,,seed,45
2032.0,0.66015625,,no_domain_randomization,,,seed,45
2048.0,0.5484375,,no_domain_randomization,,,seed,45
2064.0,0.5063775510204082,,no_domain_randomization,,,seed,45
2080.0,0.60546875,,no_domain_randomization,,,seed,45
2096.0,0.5890625,,no_domain_randomization,,,seed,45
2112.0,0.48086734693877553,,no_domain_randomization,,,seed,45
2128.0,0.669921875,,no_domain_randomization,,,seed,45
2144.0,0.628125,,no_domain_randomization,,,seed,45
2160.0,0.5076530612244898,,no_domain_randomization,,,seed,45
2176.0,0.736328125,,no_domain_randomization,,,seed,45
2192.0,0.60625,,no_domain_randomization,,,seed,45
2208.0,0.5127551020408163,,no_domain_randomization,,,seed,45
2224.0,0.7265625,,no_domain_randomization,,,seed,45
2240.0,0.5484374999999999,,no_domain_randomization,,,seed,45
2256.0,0.5038265306122449,,no_domain_randomization,,,seed,45
2272.0,0.65625,,no_domain_randomization,,,seed,45
2288.0,0.58125,,no_domain_randomization,,,seed,45
2304.0,0.5012755102040816,,no_domain_randomization,,,seed,45
2320.0,0.630859375,,no_domain_randomization,,,seed,45
2336.0,0.5953124999999999,,no_domain_randomization,,,seed,45
2352.0,0.485969387755102,,no_domain_randomization,,,seed,45
2368.0,0.775390625,,no_domain_randomization,,,seed,45
2384.0,0.59375,,no_domain_randomization,,,seed,45
2400.0,0.4961734693877551,,no_domain_randomization,,,seed,45
2416.0,0.685546875,,no_domain_randomization,,,seed,45
2432.0,0.625,,no_domain_randomization,,,seed,45
2448.0,0.5242346938775511,,no_domain_randomization,,,seed,45
2464.0,0.693359375,,no_domain_randomization,,,seed,45
2480.0,0.5953124999999999,,no_domain_randomization,,,seed,45
2496.0,0.5242346938775511,,no_domain_randomization,,,seed,45
2500.0,0.7890625,,no_domain_randomization,,,seed,45
2516.0,0.5859375,,no_domain_randomization,,,seed,45
2532.0,0.528061224489796,,no_domain_randomization,,,seed,45
2548.0,0.69140625,,no_domain_randomization,,,seed,45
2564.0,0.5828125,,no_domain_randomization,,,seed,45
2580.0,0.5561224489795918,,no_domain_randomization,,,seed,45
2596.0,0.71875,,no_domain_randomization,,,seed,45
2612.0,0.6421875,,no_domain_randomization,,,seed,45
2628.0,0.5484693877551021,,no_domain_randomization,,,seed,45
2644.0,0.6171875,,no_domain_randomization,,,seed,45
2660.0,0.5718749999999999,,no_domain_randomization,,,seed,45
2676.0,0.548469387755102,,no_domain_randomization,,,seed,45
2692.0,0.66796875,,no_domain_randomization,,,seed,45
2708.0,0.58125,,no_domain_randomization,,,seed,45
2724.0,0.5676020408163265,,no_domain_randomization,,,seed,45
2740.0,0.75390625,,no_domain_randomization,,,seed,45
2756.0,0.5875,,no_domain_randomization,,,seed,45
2772.0,0.48852040816326525,,no_domain_randomization,,,seed,45
2788.0,0.703125,,no_domain_randomization,,,seed,45
2804.0,0.58125,,no_domain_randomization,,,seed,45
2820.0,0.47959183673469385,,no_domain_randomization,,,seed,45
2836.0,0.673828125,,no_domain_randomization,,,seed,45
2852.0,0.653125,,no_domain_randomization,,,seed,45
2868.0,0.5561224489795918,,no_domain_randomization,,,seed,45
2884.0,0.697265625,,no_domain_randomization,,,seed,45
2900.0,0.6031249999999999,,no_domain_randomization,,,seed,45
2916.0,0.5140306122448979,,no_domain_randomization,,,seed,45
2932.0,0.7109375,,no_domain_randomization,,,seed,45
2948.0,0.6078125,,no_domain_randomization,,,seed,45
2964.0,0.5165816326530612,,no_domain_randomization,,,seed,45
2980.0,0.6640625,,no_domain_randomization,,,seed,45
2996.0,0.5984375,,no_domain_randomization,,,seed,45
3000.0,0.4642857142857143,,no_domain_randomization,,,seed,45
16.0,0.23828125,,no_domain_randomization,,,seed,46
32.0,0.290625,,no_domain_randomization,,,seed,46
48.0,0.2602040816326531,,no_domain_randomization,,,seed,46
64.0,0.43359375,,no_domain_randomization,,,seed,46
80.0,0.3203125,,no_domain_randomization,,,seed,46
96.0,0.3482142857142857,,no_domain_randomization,,,seed,46
112.0,0.5234375,,no_domain_randomization,,,seed,46
128.0,0.4234375,,no_domain_randomization,,,seed,46
144.0,0.3724489795918367,,no_domain_randomization,,,seed,46
160.0,0.5625,,no_domain_randomization,,,seed,46
176.0,0.5171875,,no_domain_randomization,,,seed,46
192.0,0.43494897959183676,,no_domain_randomization,,,seed,46
208.0,0.61328125,,no_domain_randomization,,,seed,46
224.0,0.5249999999999999,,no_domain_randomization,,,seed,46
240.0,0.45408163265306123,,no_domain_randomization,,,seed,46
250.0,0.628125,,no_domain_randomization,,,seed,46
266.0,0.5296875000000001,,no_domain_randomization,,,seed,46
282.0,0.44897959183673464,,no_domain_randomization,,,seed,46
298.0,0.576171875,,no_domain_randomization,,,seed,46
314.0,0.5640625,,no_domain_randomization,,,seed,46
330.0,0.3762755102040816,,no_domain_randomization,,,seed,46
346.0,0.634765625,,no_domain_randomization,,,seed,46
362.0,0.4828125,,no_domain_randomization,,,seed,46
378.0,0.45153061224489793,,no_domain_randomization,,,seed,46
394.0,0.6171875,,no_domain_randomization,,,seed,46
410.0,0.515625,,no_domain_randomization,,,seed,46
426.0,0.43112244897959184,,no_domain_randomization,,,seed,46
442.0,0.634765625,,no_domain_randomization,,,seed,46
458.0,0.5671875,,no_domain_randomization,,,seed,46
474.0,0.43112244897959184,,no_domain_randomization,,,seed,46
490.0,0.716796875,,no_domain_randomization,,,seed,46
500.0,0.5824999999999999,,no_domain_randomization,,,seed,46
516.0,0.5573979591836734,,no_domain_randomization,,,seed,46
532.0,0.64453125,,no_domain_randomization,,,seed,46
548.0,0.503125,,no_domain_randomization,,,seed,46
564.0,0.5191326530612245,,no_domain_randomization,,,seed,46
580.0,0.55859375,,no_domain_randomization,,,seed,46
596.0,0.48125,,no_domain_randomization,,,seed,46
612.0,0.5038265306122449,,no_domain_randomization,,,seed,46
628.0,0.65625,,no_domain_randomization,,,seed,46
644.0,0.5921875,,no_domain_randomization,,,seed,46
660.0,0.48724489795918363,,no_domain_randomization,,,seed,46
676.0,0.708984375,,no_domain_randomization,,,seed,46
692.0,0.546875,,no_domain_randomization,,,seed,46
708.0,0.4872448979591837,,no_domain_randomization,,,seed,46
724.0,0.642578125,,no_domain_randomization,,,seed,46
740.0,0.5734375,,no_domain_randomization,,,seed,46
756.0,0.5089285714285714,,no_domain_randomization,,,seed,46
772.0,0.60546875,,no_domain_randomization,,,seed,46
788.0,0.4984375,,no_domain_randomization,,,seed,46
804.0,0.4158163265306123,,no_domain_randomization,,,seed,46
820.0,0.65625,,no_domain_randomization,,,seed,46
836.0,0.534375,,no_domain_randomization,,,seed,46
852.0,0.4885204081632653,,no_domain_randomization,,,seed,46
868.0,0.609375,,no_domain_randomization,,,seed,46
884.0,0.5859375000000001,,no_domain_randomization,,,seed,46
900.0,0.5497448979591837,,no_domain_randomization,,,seed,46
916.0,0.642578125,,no_domain_randomization,,,seed,46
932.0,0.5625,,no_domain_randomization,,,seed,46
948.0,0.4387755102040816,,no_domain_randomization,,,seed,46
964.0,0.685546875,,no_domain_randomization,,,seed,46
980.0,0.6703125000000001,,no_domain_randomization,,,seed,46
996.0,0.4604591836734694,,no_domain_randomization,,,seed,46
1000.0,0.6953125,,no_domain_randomization,,,seed,46
1016.0,0.6109375,,no_domain_randomization,,,seed,46
1032.0,0.46173469387755095,,no_domain_randomization,,,seed,46
1048.0,0.66015625,,no_domain_randomization,,,seed,46
1064.0,0.5046875,,no_domain_randomization,,,seed,46
1080.0,0.45790816326530615,,no_domain_randomization,,,seed,46
1096.0,0.666015625,,no_domain_randomization,,,seed,46
1112.0,0.5453125,,no_domain_randomization,,,seed,46
1128.0,0.5012755102040817,,no_domain_randomization,,,seed,46
1144.0,0.693359375,,no_domain_randomization,,,seed,46
1160.0,0.575,,no_domain_randomization,,,seed,46
1176.0,0.5561224489795917,,no_domain_randomization,,,seed,46
1192.0,0.646484375,,no_domain_randomization,,,seed,46
1208.0,0.5828125,,no_domain_randomization,,,seed,46
1224.0,0.5076530612244898,,no_domain_randomization,,,seed,46
1240.0,0.6015625,,no_domain_randomization,,,seed,46
1256.0,0.590625,,no_domain_randomization,,,seed,46
1272.0,0.5165816326530612,,no_domain_randomization,,,seed,46
1288.0,0.625,,no_domain_randomization,,,seed,46
1304.0,0.5609375,,no_domain_randomization,,,seed,46
1320.0,0.46683673469387754,,no_domain_randomization,,,seed,46
1336.0,0.595703125,,no_domain_randomization,,,seed,46
1352.0,0.51875,,no_domain_randomization,,,seed,46
1368.0,0.5446428571428572,,no_domain_randomization,,,seed,46
1384.0,0.6484375,,no_domain_randomization,,,seed,46
1400.0,0.59375,,no_domain_randomization,,,seed,46
1416.0,0.3864795918367347,,no_domain_randomization,,,seed,46
1432.0,0.65234375,,no_domain_randomization,,,seed,46
1448.0,0.5921875,,no_domain_randomization,,,seed,46
1464.0,0.4285714285714286,,no_domain_randomization,,,seed,46
1480.0,0.6328125,,no_domain_randomization,,,seed,46
1496.0,0.534375,,no_domain_randomization,,,seed,46
1500.0,0.45408163265306123,,no_domain_randomization,,,seed,46
1516.0,0.70703125,,no_domain_randomization,,,seed,46
1532.0,0.540625,,no_domain_randomization,,,seed,46
1548.0,0.4770408163265306,,no_domain_randomization,,,seed,46
1564.0,0.642578125,,no_domain_randomization,,,seed,46
1580.0,0.5765625,,no_domain_randomization,,,seed,46
1596.0,0.5344387755102041,,no_domain_randomization,,,seed,46
1612.0,0.6796875,,no_domain_randomization,,,seed,46
1628.0,0.5765625,,no_domain_randomization,,,seed,46
1644.0,0.4872448979591837,,no_domain_randomization,,,seed,46
1660.0,0.642578125,,no_domain_randomization,,,seed,46
1676.0,0.634375,,no_domain_randomization,,,seed,46
1692.0,0.5089285714285714,,no_domain_randomization,,,seed,46
1708.0,0.658203125,,no_domain_randomization,,,seed,46
1724.0,0.60625,,no_domain_randomization,,,seed,46
1740.0,0.5471938775510203,,no_domain_randomization,,,seed,46
1756.0,0.5546875,,no_domain_randomization,,,seed,46
1772.0,0.5828125,,no_domain_randomization,,,seed,46
1788.0,0.5025510204081632,,no_domain_randomization,,,seed,46
1804.0,0.6640625,,no_domain_randomization,,,seed,46
1820.0,0.559375,,no_domain_randomization,,,seed,46
1836.0,0.5165816326530612,,no_domain_randomization,,,seed,46
1852.0,0.671875,,no_domain_randomization,,,seed,46
1868.0,0.578125,,no_domain_randomization,,,seed,46
1884.0,0.4783163265306123,,no_domain_randomization,,,seed,46
1900.0,0.677734375,,no_domain_randomization,,,seed,46
1916.0,0.5921875,,no_domain_randomization,,,seed,46
1932.0,0.4247448979591837,,no_domain_randomization,,,seed,46
1948.0,0.64453125,,no_domain_randomization,,,seed,46
1964.0,0.609375,,no_domain_randomization,,,seed,46
1980.0,0.5293367346938775,,no_domain_randomization,,,seed,46
1996.0,0.625,,no_domain_randomization,,,seed,46
2000.0,0.5874999999999999,,no_domain_randomization,,,seed,46
2016.0,0.528061224489796,,no_domain_randomization,,,seed,46
2032.0,0.697265625,,no_domain_randomization,,,seed,46
2048.0,0.5671875,,no_domain_randomization,,,seed,46
2064.0,0.5420918367346939,,no_domain_randomization,,,seed,46
2080.0,0.650390625,,no_domain_randomization,,,seed,46
2096.0,0.5484375,,no_domain_randomization,,,seed,46
2112.0,0.45408163265306123,,no_domain_randomization,,,seed,46
2128.0,0.6484375,,no_domain_randomization,,,seed,46
2144.0,0.5765625000000001,,no_domain_randomization,,,seed,46
2160.0,0.5012755102040816,,no_domain_randomization,,,seed,46
2176.0,0.693359375,,no_domain_randomization,,,seed,46
2192.0,0.5265624999999999,,no_domain_randomization,,,seed,46
2208.0,0.4910714285714286,,no_domain_randomization,,,seed,46
2224.0,0.583984375,,no_domain_randomization,,,seed,46
2240.0,0.5750000000000001,,no_domain_randomization,,,seed,46
2256.0,0.5420918367346939,,no_domain_randomization,,,seed,46
2272.0,0.640625,,no_domain_randomization,,,seed,46
2288.0,0.6156250000000001,,no_domain_randomization,,,seed,46
2304.0,0.4974489795918367,,no_domain_randomization,,,seed,46
2320.0,0.708984375,,no_domain_randomization,,,seed,46
2336.0,0.6390625,,no_domain_randomization,,,seed,46
2352.0,0.5127551020408163,,no_domain_randomization,,,seed,46
2368.0,0.71875,,no_domain_randomization,,,seed,46
2384.0,0.5984375000000001,,no_domain_randomization,,,seed,46
2400.0,0.5076530612244898,,no_domain_randomization,,,seed,46
2416.0,0.576171875,,no_domain_randomization,,,seed,46
2432.0,0.55,,no_domain_randomization,,,seed,46
2448.0,0.5,,no_domain_randomization,,,seed,46
2464.0,0.60546875,,no_domain_randomization,,,seed,46
2480.0,0.5859375,,no_domain_randomization,,,seed,46
2496.0,0.5153061224489796,,no_domain_randomization,,,seed,46
2500.0,0.6875,,no_domain_randomization,,,seed,46
2516.0,0.596875,,no_domain_randomization,,,seed,46
2532.0,0.5012755102040817,,no_domain_randomization,,,seed,46
2548.0,0.708984375,,no_domain_randomization,,,seed,46
2564.0,0.6328125,,no_domain_randomization,,,seed,46
2580.0,0.5114795918367347,,no_domain_randomization,,,seed,46
2596.0,0.6953125,,no_domain_randomization,,,seed,46
2612.0,0.59375,,no_domain_randomization,,,seed,46
2628.0,0.5688775510204082,,no_domain_randomization,,,seed,46
2644.0,0.6796875,,no_domain_randomization,,,seed,46
2660.0,0.6109374999999999,,no_domain_randomization,,,seed,46
2676.0,0.5255102040816326,,no_domain_randomization,,,seed,46
2692.0,0.673828125,,no_domain_randomization,,,seed,46
2708.0,0.5890625,,no_domain_randomization,,,seed,46
2724.0,0.5535714285714286,,no_domain_randomization,,,seed,46
2740.0,0.6796875,,no_domain_randomization,,,seed,46
2756.0,0.559375,,no_domain_randomization,,,seed,46
2772.0,0.48852040816326525,,no_domain_randomization,,,seed,46
2788.0,0.69921875,,no_domain_randomization,,,seed,46
2804.0,0.528125,,no_domain_randomization,,,seed,46
2820.0,0.43239795918367346,,no_domain_randomization,,,seed,46
2836.0,0.677734375,,no_domain_randomization,,,seed,46
2852.0,0.5921875000000001,,no_domain_randomization,,,seed,46
2868.0,0.409438775510204,,no_domain_randomization,,,seed,46
2884.0,0.5546875,,no_domain_randomization,,,seed,46
2900.0,0.628125,,no_domain_randomization,,,seed,46
2916.0,0.44387755102040816,,no_domain_randomization,,,seed,46
2932.0,0.734375,,no_domain_randomization,,,seed,46
2948.0,0.5984375,,no_domain_randomization,,,seed,46
2964.0,0.48086734693877553,,no_domain_randomization,,,seed,46
2980.0,0.671875,,no_domain_randomization,,,seed,46
2996.0,0.5265625,,no_domain_randomization,,,seed,46
3000.0,0.5510204081632653,,no_domain_randomization,,,seed,46
0.0,,0.251953125,no_domain_randomization,0.2421875,0.3046875,summary,
20.0,,0.25810546875,no_domain_randomization,0.2513671875,0.29609375,summary,
40.0,,0.24861288265306122,no_domain_randomization,0.2408641581632653,0.25441645408163266,summary,
60.0,,0.3760363520408163,no_domain_randomization,0.3642478475765306,0.3804308832908163,summary,
80.0,,0.346875,no_domain_randomization,0.34375,0.35,summary,
100.0,,0.35988321109693877,no_domain_randomization,0.3485132334183674,0.369758450255102,summary,
120.0,,0.448828125,no_domain_randomization,0.41796875,0.4734375,summary,
140.0,,0.37697704081632655,no_domain_randomization,0.3385682397959183,0.3851961096938775,summary,
160.0,,0.556640625,no_domain_randomization,0.51953125,0.5625,summary,
180.0,,0.4360251913265306,no_domain_randomization,0.42485650510204087,0.4892538265306123,summary,
200.0,,0.5061583227040816,no_domain_randomization,0.48337850765306123,0.5241151147959184,summary,
220.0,,0.53134765625,no_domain_randomization,0.5216796875,0.5470703124999999,summary,
240.0,,0.43494897959183676,no_domain_randomization,0.41581632653061223,0.4362244897959183,summary,
260.0,,0.5111328125,no_domain_randomization,0.49101562499999996,0.526171875,summary,
280.0,,0.4469029017857143,no_domain_randomization,0.4257254464285714,0.4590680803571428,summary,
300.0,,0.560791015625,no_domain_randomization,0.55791015625,0.569189453125,summary,
320.0,,0.4717594068877551,no_domain_randomization,0.451969068877551,0.48814174107142855,summary,
340.0,,0.5311652981505102,no_domain_randomization,0.5203433912627551,0.5378318319515306,summary,
360.0,,0.5018066406249999,no_domain_randomization,0.475341796875,0.5138183593749999,summary,
380.0,,0.443359375,no_domain_randomization,0.4420340401785714,0.4722377232142857,summary,
400.0,,0.52060546875,no_domain_randomization,0.5205078125,0.5299316406250001,summary,
420.0,,0.4628109056122449,no_domain_randomization,0.46206154336734695,0.4630420918367347,summary,
440.0,,0.5857033242984694,no_domain_randomization,0.5736059072066326,0.5909648038903061,summary,
460.0,,0.5187539859693877,no_domain_randomization,0.4583944515306122,0.5429767219387756,summary,
480.0,,0.5359086017219388,no_domain_randomization,0.5234773596938775,0.5382503587372449,summary,
500.0,,0.5800000000000001,no_domain_randomization,0.5475,0.5824999999999999,summary,
520.0,,0.5287288743622449,no_domain_randomization,0.5165716677295918,0.5325952646683674,summary,
540.0,,0.5982421875,no_domain_randomization,0.573828125,0.5982421875,summary,
560.0,,0.49413265306122445,no_domain_randomization,0.4916533801020408,0.5117825255102041,summary,
580.0,,0.578125,no_domain_randomization,0.55859375,0.623046875,summary,
600.0,,0.5223852040816326,no_domain_randomization,0.5158163265306123,0.5309948979591836,summary,
620.0,,0.5291772959183674,no_domain_randomization,0.5132732780612245,0.5555444834183674,summary,
640.0,,0.55693359375,no_domain_randomization,0.5545898437500001,0.5623046875,summary,
660.0,,0.41964285714285715,no_domain_randomization,0.39158163265306123,0.48341836734693877,summary,
680.0,,0.61533203125,no_domain_randomization,0.6056640625,0.64228515625,summary,
700.0,,0.5170599489795918,no_domain_randomization,0.5164381377551021,0.5220184948979593,summary,
720.0,,0.603744818239796,no_domain_randomization,0.5802475286989796,0.6241828762755102,summary,
740.0,,0.5515625,no_domain_randomization,0.53125,0.571875,summary,
760.0,,0.5289680325255102,no_domain_randomization,0.5176279496173469,0.5330636160714286,summary,
780.0,,0.6060546875,no_domain_randomization,0.6041015625,0.6146484375,summary,
800.0,,0.5053970025510204,no_domain_randomization,0.48471779336734694,0.5200733418367347,summary,
820.0,,0.640625,no_domain_randomization,0.572265625,0.65625,summary,
840.0,,0.527702487244898,no_domain_randomization,0.5229113520408164,0.5360809948979591,summary,
860.0,,0.562240911989796,no_domain_randomization,0.5489477040816326,0.5807557397959184,summary,
880.0,,0.59833984375,no_domain_randomization,0.5917968750000001,0.60625,summary,
900.0,,0.4961734693877551,no_domain_randomization,0.4744897959183674,0.5127551020408163,summary,
920.0,,0.648046875,no_domain_randomization,0.62255859375,0.652734375,summary,
940.0,,0.5059630102040816,no_domain_randomization,0.5006377551020408,0.5399553571428573,summary,
960.0,,0.5682198660714286,no_domain_randomization,0.5636758609693877,0.6068738042091837,summary,
980.0,,0.5796875,no_domain_randomization,0.565625,0.58125,summary,
1000.0,,0.6953125,no_domain_randomization,0.6640625,0.734375,summary,
1020.0,,0.5140704719387755,no_domain_randomization,0.5020647321428572,0.5736367984693878,summary,
1040.0,,0.5642936862244898,no_domain_randomization,0.5609454719387754,0.5662268813775511,summary,
1060.0,,0.5966796875,no_domain_randomization,0.5791015625,0.61279296875,summary,
1080.0,,0.49744897959183676,no_domain_randomization,0.4974489795918367,0.5,summary,
1100.0,,0.638671875,no_domain_randomization,0.63583984375,0.65322265625,summary,
1120.0,,0.5232940051020408,no_domain_randomization,0.5137914540816326,0.5241230867346938,summary,
1140.0,,0.5793506855867347,no_domain_randomization,0.5747668207908163,0.5850107621173469,summary,
1160.0,,0.559375,no_domain_randomization,0.55,0.575,summary,
1180.0,,0.5291075414540817,no_domain_randomization,0.5241051498724489,0.5569495376275511,summary,
1200.0,,0.6146484375,no_domain_randomization,0.6005859375,0.6173828125,summary,
1220.0,,0.5085379464285714,no_domain_randomization,0.4965322066326531,0.5153140943877551,summary,
1240.0,,0.646484375,no_domain_randomization,0.63671875,0.650390625,summary,
1260.0,,0.5152503188775511,no_domain_randomization,0.4971619897959184,0.5340880102040816,summary,
1280.0,,0.5631178252551021,no_domain_randomization,0.5443239795918368,0.5707908163265306,summary,
1300.0,,0.59296875,no_domain_randomization,0.576953125,0.6043945312500001,summary,
1320.0,,0.4642857142857143,no_domain_randomization,0.45790816326530615,0.46683673469387754,summary,
1340.0,,0.638671875,no_domain_randomization,0.60322265625,0.65302734375,summary,
1360.0,,0.5316964285714286,no_domain_randomization,0.5198182397959183,0.5576371173469388,summary,
1380.0,,0.6224888392857143,no_domain_randomization,0.6201670121173469,0.6514568718112245,summary,
1400.0,,0.575,no_domain_randomization,0.5671875,0.5890625,summary,
1420.0,,0.5274234693877551,no_domain_randomization,0.5070850605867346,0.5347775829081634,summary,
1440.0,,0.622265625,no_domain_randomization,0.5828125,0.6380859375,summary,
1460.0,,0.5026466836734693,no_domain_randomization,0.4938934948979592,0.5150829081632653,summary,
1480.0,,0.662109375,no_domain_randomization,0.6328125,0.69140625,summary,
1500.0,,0.47959183673469397,no_domain_randomization,0.45408163265306123,0.5357142857142857,summary,
1520.0,,0.660546875,no_domain_randomization,0.64970703125,0.6654296875,summary,
1540.0,,0.5185905612244898,no_domain_randomization,0.5088329081632653,0.5297991071428572,summary,
1560.0,,0.6453284438775511,no_domain_randomization,0.6282784598214286,0.6573959661989797,summary,
1580.0,,0.5906250000000001,no_domain_randomization,0.58125,0.6140625,summary,
1600.0,,0.5706313775510203,no_domain_randomization,0.5548569036989797,0.5707509566326531,summary,
1620.0,,0.6400390625,no_domain_randomization,0.628125,0.646875,summary,
1640.0,,0.5186862244897958,no_domain_randomization,0.5101801658163265,0.5352519132653061,summary,
1660.0,,0.677734375,no_domain_randomization,0.66015625,0.685546875,summary,
1680.0,,0.5667091836734695,no_domain_randomization,0.5344866071428571,0.587029655612245,summary,
1700.0,,0.5835658482142857,no_domain_randomization,0.5693558673469388,0.5853794642857143,summary,
1720.0,,0.5902343750000001,no_domain_randomization,0.5660156249999999,0.6003906250000001,summary,
1740.0,,0.47831632653061223,no_domain_randomization,0.4681122448979592,0.4808673469387755,summary,
1760.0,,0.63251953125,no_domain_randomization,0.57900390625,0.6607421875,summary,
1780.0,,0.5426817602040817,no_domain_randomization,0.5183992346938775,0.5441804846938776,summary,
1800.0,,0.6103714923469388,no_domain_randomization,0.6074418048469388,0.6117067920918368,summary,
1820.0,,0.559375,no_domain_randomization,0.5390625,0.5874999999999999,summary,
1840.0,,0.5042749521683674,no_domain_randomization,0.4954858896683674,0.5306919642857143,summary,
1860.0,,0.625,no_domain_randomization,0.6162109375,0.6328125,summary,
1880.0,,0.5309311224489797,no_domain_randomization,0.5032684948979592,0.5434869260204082,summary,
1900.0,,0.69140625,no_domain_randomization,0.677734375,0.701171875,summary,
1920.0,,0.5503268494897959,no_domain_randomization,0.5365593112244897,0.5634885204081633,summary,
1940.0,,0.5871332908163265,no_domain_randomization,0.5670639349489797,0.5974170918367347,summary,
1960.0,,0.6181640625,no_domain_randomization,0.5890624999999999,0.619140625,summary,
1980.0,,0.5293367346938775,no_domain_randomization,0.4744897959183673,0.5306122448979592,summary,
2000.0,,0.5812499999999999,no_domain_randomization,0.5375,0.58125,summary,
2020.0,,0.5459382971938775,no_domain_randomization,0.5375777264030612,0.5506816007653061,summary,
2040.0,,0.616015625,no_domain_randomization,0.6123046875,0.6322265625,summary,
2060.0,,0.5168925382653061,no_domain_randomization,0.5040896045918367,0.5357940051020408,summary,
2080.0,,0.650390625,no_domain_randomization,0.6484375,0.67578125,summary,
2100.0,,0.5620137117346939,no_domain_randomization,0.5489078443877551,0.5633051658163265,summary,
2120.0,,0.5753946109693877,no_domain_randomization,0.5512595663265306,0.5851203762755102,summary,
2140.0,,0.5945312500000001,no_domain_randomization,0.5927734375,0.59560546875,summary,
2160.0,,0.5012755102040816,no_domain_randomization,0.49234693877551017,0.5076530612244898,summary,
2180.0,,0.62900390625,no_domain_randomization,0.62421875,0.65166015625,summary,
2200.0,,0.5423628826530612,no_domain_randomization,0.5362882653061225,0.5595025510204081,summary,
2220.0,,0.6412228954081632,no_domain_randomization,0.6196089764030612,0.6577048788265306,summary,
2240.0,,0.5671875,no_domain_randomization,0.5484374999999999,0.5750000000000001,summary,
2260.0,,0.5587531887755102,no_domain_randomization,0.5537707270408163,0.5627491230867347,summary,
2280.0,,0.6580078125,no_domain_randomization,0.628125,0.68359375,summary,
2300.0,,0.5269929846938776,no_domain_randomization,0.5212691326530612,0.5411272321428571,summary,
2320.0,,0.6875,no_domain_randomization,0.654296875,0.708984375,summary,
2340.0,,0.5679767219387755,no_domain_randomization,0.5604113520408163,0.589485012755102,summary,
2360.0,,0.595962213010204,no_domain_randomization,0.593490911989796,0.6157525510204082,summary,
2380.0,,0.6268554687500001,no_domain_randomization,0.5754882812500001,0.628515625,summary,
2400.0,,0.5025510204081632,no_domain_randomization,0.4961734693877551,0.5076530612244898,summary,
2420.0,,0.64970703125,no_domain_randomization,0.62802734375,0.67041015625,summary,
2440.0,,0.530420918367347,no_domain_randomization,0.525,0.5432238520408164,summary,
2460.0,,0.6455377072704082,no_domain_randomization,0.6076909279336735,0.6493443080357143,summary,
2480.0,,0.5703125,no_domain_randomization,0.5625,0.5859375,summary,
2500.0,,0.6875,no_domain_randomization,0.6171875,0.7421875,summary,
2520.0,,0.5729751275510204,no_domain_randomization,0.5714684311224489,0.6105468749999999,summary,
2540.0,,0.6051299426020409,no_domain_randomization,0.5846221301020408,0.609733737244898,summary,
2560.0,,0.6208984375,no_domain_randomization,0.6193359374999999,0.6221679687499999,summary,
2580.0,,0.5153061224489797,no_domain_randomization,0.5114795918367347,0.5165816326530612,summary,
2600.0,,0.666796875,no_domain_randomization,0.64677734375,0.669921875,summary,
2620.0,,0.5772161989795919,no_domain_randomization,0.553858418367347,0.581313775510204,summary,
2640.0,,0.651985012755102,no_domain_randomization,0.610580755739796,0.6599370216836735,summary,
2660.0,,0.5890625,no_domain_randomization,0.5734374999999999,0.603125,summary,
2680.0,,0.5625896843112245,no_domain_randomization,0.5584343112244898,0.5783442283163265,summary,
2700.0,,0.6314453125,no_domain_randomization,0.624609375,0.6605468750000001,summary,
2720.0,,0.5529177295918367,no_domain_randomization,0.5378507653061224,0.5624441964285715,summary,
2740.0,,0.701171875,no_domain_randomization,0.6796875,0.712890625,summary,
2760.0,,0.5627551020408164,no_domain_randomization,0.5586814413265306,0.6026945153061224,summary,
2780.0,,0.5958227040816326,no_domain_randomization,0.5938695790816326,0.6089764030612245,summary,
2800.0,,0.58251953125,no_domain_randomization,0.5777343749999999,0.6117187500000001,summary,
2820.0,,0.47959183673469385,no_domain_randomization,0.45408163265306123,0.534438775510204,summary,
2840.0,,0.66865234375,no_domain_randomization,0.65634765625,0.66865234375,summary,
2860.0,,0.5544642857142856,no_domain_randomization,0.5527582908163265,0.5756855867346939,summary,
2880.0,,0.6445810746173469,no_domain_randomization,0.6109494579081632,0.661979830994898,summary,
2900.0,,0.60625,no_domain_randomization,0.6031249999999999,0.628125,summary,
2920.0,,0.5632573341836734,no_domain_randomization,0.5212751116071428,0.566844706632653,summary,
2940.0,,0.6548828125,no_domain_randomization,0.6294921875,0.659375,summary,
2960.0,,0.5393893494897959,no_domain_randomization,0.5102598852040816,0.5539939413265306,summary,
2980.0,,0.671875,no_domain_randomization,0.6640625,0.689453125,summary,
3000.0,,0.5510204081632653,no_domain_randomization,0.4642857142857143,0.5561224489795917,summary,
16.0,0.193359375,,no_resource_shaping,,,seed,42
32.0,0.19687500000000002,,no_resource_shaping,,,seed,42
48.0,0.23086734693877553,,no_resource_shaping,,,seed,42
64.0,0.255859375,,no_resource_shaping,,,seed,42
80.0,0.33124999999999993,,no_resource_shaping,,,seed,42
96.0,0.2538265306122449,,no_resource_shaping,,,seed,42
112.0,0.38671875,,no_resource_shaping,,,seed,42
128.0,0.35,,no_resource_shaping,,,seed,42
144.0,0.33418367346938777,,no_resource_shaping,,,seed,42
160.0,0.37109375,,no_resource_shaping,,,seed,42
176.0,0.37031250000000004,,no_resource_shaping,,,seed,42
192.0,0.39285714285714285,,no_resource_shaping,,,seed,42
208.0,0.451171875,,no_resource_shaping,,,seed,42
224.0,0.40312500000000007,,no_resource_shaping,,,seed,42
240.0,0.37244897959183676,,no_resource_shaping,,,seed,42
250.0,0.425,,no_resource_shaping,,,seed,42
266.0,0.4078125,,no_resource_shaping,,,seed,42
282.0,0.39923469387755106,,no_resource_shaping,,,seed,42
298.0,0.470703125,,no_resource_shaping,,,seed,42
314.0,0.38125,,no_resource_shaping,,,seed,42
330.0,0.39413265306122447,,no_resource_shaping,,,seed,42
346.0,0.525390625,,no_resource_shaping,,,seed,42
362.0,0.471875,,no_resource_shaping,,,seed,42
378.0,0.4502551020408163,,no_resource_shaping,,,seed,42
394.0,0.529296875,,no_resource_shaping,,,seed,42
410.0,0.446875,,no_resource_shaping,,,seed,42
426.0,0.4464285714285714,,no_resource_shaping,,,seed,42
442.0,0.453125,,no_resource_shaping,,,seed,42
458.0,0.4796875,,no_resource_shaping,,,seed,42
474.0,0.39413265306122447,,no_resource_shaping,,,seed,42
490.0,0.423828125,,no_resource_shaping,,,seed,42
500.0,0.47250000000000003,,no_resource_shaping,,,seed,42
516.0,0.43494897959183676,,no_resource_shaping,,,seed,42
532.0,0.40625,,no_resource_shaping,,,seed,42
548.0,0.5,,no_resource_shaping,,,seed,42
564.0,0.4413265306122449,,no_resource_shaping,,,seed,42
580.0,0.46484375,,no_resource_shaping,,,seed,42
596.0,0.45625000000000004,,no_resource_shaping,,,seed,42
612.0,0.41709183673469385,,no_resource_shaping,,,seed,42
628.0,0.427734375,,no_resource_shaping,,,seed,42
644.0,0.4203125,,no_resource_shaping,,,seed,42
660.0,0.42984693877551017,,no_resource_shaping,,,seed,42
676.0,0.537109375,,no_resource_shaping,,,seed,42
692.0,0.46406250000000004,,no_resource_shaping,,,seed,42
708.0,0.45535714285714285,,no_resource_shaping,,,seed,42
724.0,0.48828125,,no_resource_shaping,,,seed,42
740.0,0.4125,,no_resource_shaping,,,seed,42
756.0,0.4489795918367347,,no_resource_shaping,,,seed,42
772.0,0.453125,,no_resource_shaping,,,seed,42
788.0,0.421875,,no_resource_shaping,,,seed,42
804.0,0.4119897959183674,,no_resource_shaping,,,seed,42
820.0,0.4765625,,no_resource_shaping,,,seed,42
836.0,0.4890625,,no_resource_shaping,,,seed,42
852.0,0.4553571428571428,,no_resource_shaping,,,seed,42
868.0,0.46875,,no_resource_shaping,,,seed,42
884.0,0.5,,no_resource_shaping,,,seed,42
900.0,0.4017857142857143,,no_resource_shaping,,,seed,42
916.0,0.4375,,no_resource_shaping,,,seed,42
932.0,0.3640625,,no_resource_shaping,,,seed,42
948.0,0.451530612244898,,no_resource_shaping,,,seed,42
964.0,0.427734375,,no_resource_shaping,,,seed,42
980.0,0.45,,no_resource_shaping,,,seed,42
996.0,0.4030612244897959,,no_resource_shaping,,,seed,42
1000.0,0.5546875,,no_resource_shaping,,,seed,42
1016.0,0.3515625,,no_resource_shaping,,,seed,42
1032.0,0.399234693877551,,no_resource_shaping,,,seed,42
1048.0,0.443359375,,no_resource_shaping,,,seed,42
1064.0,0.4375,,no_resource_shaping,,,seed,42
1080.0,0.4642857142857143,,no_resource_shaping,,,seed,42
1096.0,0.466796875,,no_resource_shaping,,,seed,42
1112.0,0.484375,,no_resource_shaping,,,seed,42
1128.0,0.41964285714285715,,no_resource_shaping,,,seed,42
1144.0,0.525390625,,no_resource_shaping,,,seed,42
1160.0,0.5171875,,no_resource_shaping,,,seed,42
1176.0,0.4375,,no_resource_shaping,,,seed,42
1192.0,0.421875,,no_resource_shaping,,,seed,42
1208.0,0.425,,no_resource_shaping,,,seed,42
1224.0,0.39668367346938777,,no_resource_shaping,,,seed,42
1240.0,0.451171875,,no_resource_shaping,,,seed,42
1256.0,0.4734375,,no_resource_shaping,,,seed,42
1272.0,0.423469387755102,,no_resource_shaping,,,seed,42
1288.0,0.46484375,,no_resource_shaping,,,seed,42
1304.0,0.4578125,,no_resource_shaping,,,seed,42
1320.0,0.45408163265306123,,no_resource_shaping,,,seed,42
1336.0,0.453125,,no_resource_shaping,,,seed,42
1352.0,0.459375,,no_resource_shaping,,,seed,42
1368.0,0.4579081632653061,,no_resource_shaping,,,seed,42
1384.0,0.48046875,,no_resource_shaping,,,seed,42
1400.0,0.4609375,,no_resource_shaping,,,seed,42
1416.0,0.4030612244897959,,no_resource_shaping,,,seed,42
1432.0,0.470703125,,no_resource_shaping,,,seed,42
1448.0,0.47343749999999996,,no_resource_shaping,,,seed,42
1464.0,0.5089285714285714,,no_resource_shaping,,,seed,42
1480.0,0.501953125,,no_resource_shaping,,,seed,42
1496.0,0.4953125,,no_resource_shaping,,,seed,42
1500.0,0.5051020408163265,,no_resource_shaping,,,seed,42
1516.0,0.515625,,no_resource_shaping,,,seed,42
1532.0,0.390625,,no_resource_shaping,,,seed,42
1548.0,0.4272959183673469,,no_resource_shaping,,,seed,42
1564.0,0.43359375,,no_resource_shaping,,,seed,42
1580.0,0.484375,,no_resource_shaping,,,seed,42
1596.0,0.4974489795918367,,no_resource_shaping,,,seed,42
1612.0,0.537109375,,no_resource_shaping,,,seed,42
1628.0,0.48125,,no_resource_shaping,,,seed,42
1644.0,0.39285714285714285,,no_resource_shaping,,,seed,42
1660.0,0.5078125,,no_resource_shaping,,,seed,42
1676.0,0.4640625,,no_resource_shaping,,,seed,42
1692.0,0.5063775510204082,,no_resource_shaping,,,seed,42
1708.0,0.46484375,,no_resource_shaping,,,seed,42
1724.0,0.4921875,,no_resource_shaping,,,seed,42
1740.0,0.47831632653061223,,no_resource_shaping,,,seed,42
1756.0,0.4921875,,no_resource_shaping,,,seed,42
1772.0,0.4578125,,no_resource_shaping,,,seed,42
1788.0,0.4783163265306123,,no_resource_shaping,,,seed,42
1804.0,0.470703125,,no_resource_shaping,,,seed,42
1820.0,0.490625,,no_resource_shaping,,,seed,42
1836.0,0.45918367346938777,,no_resource_shaping,,,seed,42
1852.0,0.490234375,,no_resource_shaping,,,seed,42
1868.0,0.5109375,,no_resource_shaping,,,seed,42
1884.0,0.4413265306122449,,no_resource_shaping,,,seed,42
1900.0,0.466796875,,no_resource_shaping,,,seed,42
1916.0,0.44062499999999993,,no_resource_shaping,,,seed,42
1932.0,0.4693877551020408,,no_resource_shaping,,,seed,42
1948.0,0.43359375,,no_resource_shaping,,,seed,42
1964.0,0.46875,,no_resource_shaping,,,seed,42
1980.0,0.4477040816326531,,no_resource_shaping,,,seed,42
1996.0,0.5234375,,no_resource_shaping,,,seed,42
2000.0,0.5,,no_resource_shaping,,,seed,42
2016.0,0.4770408163265306,,no_resource_shaping,,,seed,42
2032.0,0.4921875,,no_resource_shaping,,,seed,42
2048.0,0.4140625,,no_resource_shaping,,,seed,42
2064.0,0.4744897959183673,,no_resource_shaping,,,seed,42
2080.0,0.490234375,,no_resource_shaping,,,seed,42
2096.0,0.4375,,no_resource_shaping,,,seed,42
2112.0,0.4948979591836735,,no_resource_shaping,,,seed,42
2128.0,0.517578125,,no_resource_shaping,,,seed,42
2144.0,0.4625,,no_resource_shaping,,,seed,42
2160.0,0.471938775510204,,no_resource_shaping,,,seed,42
2176.0,0.44921875,,no_resource_shaping,,,seed,42
2192.0,0.4765625,,no_resource_shaping,,,seed,42
2208.0,0.4783163265306123,,no_resource_shaping,,,seed,42
2224.0,0.501953125,,no_resource_shaping,,,seed,42
2240.0,0.559375,,no_resource_shaping,,,seed,42
2256.0,0.4272959183673469,,no_resource_shaping,,,seed,42
2272.0,0.486328125,,no_resource_shaping,,,seed,42
2288.0,0.4765625,,no_resource_shaping,,,seed,42
2304.0,0.45153061224489793,,no_resource_shaping,,,seed,42
2320.0,0.498046875,,no_resource_shaping,,,seed,42
2336.0,0.4453125,,no_resource_shaping,,,seed,42
2352.0,0.423469387755102,,no_resource_shaping,,,seed,42
2368.0,0.544921875,,no_resource_shaping,,,seed,42
2384.0,0.471875,,no_resource_shaping,,,seed,42
2400.0,0.44005102040816324,,no_resource_shaping,,,seed,42
2416.0,0.447265625,,no_resource_shaping,,,seed,42
2432.0,0.45625,,no_resource_shaping,,,seed,42
2448.0,0.4502551020408163,,no_resource_shaping,,,seed,42
2464.0,0.474609375,,no_resource_shaping,,,seed,42
2480.0,0.4875,,no_resource_shaping,,,seed,42
2496.0,0.44005102040816324,,no_resource_shaping,,,seed,42
2500.0,0.515625,,no_resource_shaping,,,seed,42
2516.0,0.45781249999999996,,no_resource_shaping,,,seed,42
2532.0,0.45280612244897955,,no_resource_shaping,,,seed,42
2548.0,0.466796875,,no_resource_shaping,,,seed,42
2564.0,0.4125,,no_resource_shaping,,,seed,42
2580.0,0.5012755102040817,,no_resource_shaping,,,seed,42
2596.0,0.484375,,no_resource_shaping,,,seed,42
2612.0,0.4859375,,no_resource_shaping,,,seed,42
2628.0,0.4642857142857143,,no_resource_shaping,,,seed,42
2644.0,0.451171875,,no_resource_shaping,,,seed,42
2660.0,0.4265625,,no_resource_shaping,,,seed,42
2676.0,0.4477040816326531,,no_resource_shaping,,,seed,42
2692.0,0.470703125,,no_resource_shaping,,,seed,42
2708.0,0.478125,,no_resource_shaping,,,seed,42
2724.0,0.4604591836734694,,no_resource_shaping,,,seed,42
2740.0,0.4375,,no_resource_shaping,,,seed,42
2756.0,0.48750000000000004,,no_resource_shaping,,,seed,42
2772.0,0.4387755102040817,,no_resource_shaping,,,seed,42
2788.0,0.52734375,,no_resource_shaping,,,seed,42
2804.0,0.496875,,no_resource_shaping,,,seed,42
2820.0,0.4387755102040816,,no_resource_shaping,,,seed,42
2836.0,0.43359375,,no_resource_shaping,,,seed,42
2852.0,0.4125,,no_resource_shaping,,,seed,42
2868.0,0.4528061224489796,,no_resource_shaping,,,seed,42
2884.0,0.416015625,,no_resource_shaping,,,seed,42
2900.0,0.4859375,,no_resource_shaping,,,seed,42
2916.0,0.3545918367346939,,no_resource_shaping,,,seed,42
2932.0,0.474609375,,no_resource_shaping,,,seed,42
2948.0,0.44375,,no_resource_shaping,,,seed,42
2964.0,0.461734693877551,,no_resource_shaping,,,seed,42
2980.0,0.509765625,,no_resource_shaping,,,seed,42
2996.0,0.453125,,no_resource_shaping,,,seed,42
3000.0,0.4693877551020408,,no_resource_shaping,,,seed,42
16.0,0.224609375,,no_resource_shaping,,,seed,43
32.0,0.1953125,,no_resource_shaping,,,seed,43
48.0,0.20408163265306123,,no_resource_shaping,,,seed,43
64.0,0.287109375,,no_resource_shaping,,,seed,43
80.0,0.359375,,no_resource_shaping,,,seed,43
96.0,0.27040816326530615,,no_resource_shaping,,,seed,43
112.0,0.322265625,,no_resource_shaping,,,seed,43
128.0,0.34375,,no_resource_shaping,,,seed,43
144.0,0.3979591836734694,,no_resource_shaping,,,seed,43
160.0,0.392578125,,no_resource_shaping,,,seed,43
176.0,0.315625,,no_resource_shaping,,,seed,43
192.0,0.37755102040816324,,no_resource_shaping,,,seed,43
208.0,0.419921875,,no_resource_shaping,,,seed,43
224.0,0.42656249999999996,,no_resource_shaping,,,seed,43
240.0,0.3788265306122449,,no_resource_shaping,,,seed,43
250.0,0.546875,,no_resource_shaping,,,seed,43
266.0,0.3625,,no_resource_shaping,,,seed,43
282.0,0.41326530612244894,,no_resource_shaping,,,seed,43
298.0,0.423828125,,no_resource_shaping,,,seed,43
314.0,0.4515625,,no_resource_shaping,,,seed,43
330.0,0.39413265306122447,,no_resource_shaping,,,seed,43
346.0,0.46484375,,no_resource_shaping,,,seed,43
362.0,0.45000000000000007,,no_resource_shaping,,,seed,43
378.0,0.4298469387755102,,no_resource_shaping,,,seed,43
394.0,0.431640625,,no_resource_shaping,,,seed,43
410.0,0.44375,,no_resource_shaping,,,seed,43
426.0,0.4362244897959184,,no_resource_shaping,,,seed,43
442.0,0.5078125,,no_resource_shaping,,,seed,43
458.0,0.4,,no_resource_shaping,,,seed,43
474.0,0.399234693877551,,no_resource_shaping,,,seed,43
490.0,0.49609375,,no_resource_shaping,,,seed,43
500.0,0.5075,,no_resource_shaping,,,seed,43
516.0,0.46683673469387754,,no_resource_shaping,,,seed,43
532.0,0.447265625,,no_resource_shaping,,,seed,43
548.0,0.4609375,,no_resource_shaping,,,seed,43
564.0,0.4145408163265306,,no_resource_shaping,,,seed,43
580.0,0.439453125,,no_resource_shaping,,,seed,43
596.0,0.47343750000000007,,no_resource_shaping,,,seed,43
612.0,0.42219387755102045,,no_resource_shaping,,,seed,43
628.0,0.515625,,no_resource_shaping,,,seed,43
644.0,0.4796875,,no_resource_shaping,,,seed,43
660.0,0.4502551020408163,,no_resource_shaping,,,seed,43
676.0,0.40625,,no_resource_shaping,,,seed,43
692.0,0.46875,,no_resource_shaping,,,seed,43
708.0,0.49362244897959184,,no_resource_shaping,,,seed,43
724.0,0.515625,,no_resource_shaping,,,seed,43
740.0,0.4984375,,no_resource_shaping,,,seed,43
756.0,0.3762755102040816,,no_resource_shaping,,,seed,43
772.0,0.5,,no_resource_shaping,,,seed,43
788.0,0.446875,,no_resource_shaping,,,seed,43
804.0,0.42219387755102045,,no_resource_shaping,,,seed,43
820.0,0.4296875,,no_resource_shaping,,,seed,43
836.0,0.40625,,no_resource_shaping,,,seed,43
852.0,0.4387755102040816,,no_resource_shaping,,,seed,43
868.0,0.42578125,,no_resource_shaping,,,seed,43
884.0,0.4625,,no_resource_shaping,,,seed,43
900.0,0.4591836734693877,,no_resource_shaping,,,seed,43
916.0,0.498046875,,no_resource_shaping,,,seed,43
932.0,0.3984375,,no_resource_shaping,,,seed,43
948.0,0.4005102040816327,,no_resource_shaping,,,seed,43
964.0,0.41796875,,no_resource_shaping,,,seed,43
980.0,0.4625,,no_resource_shaping,,,seed,43
996.0,0.45153061224489793,,no_resource_shaping,,,seed,43
1000.0,0.5,,no_resource_shaping,,,seed,43
1016.0,0.4359375,,no_resource_shaping,,,seed,43
1032.0,0.4591836734693877,,no_resource_shaping,,,seed,43
1048.0,0.4453125,,no_resource_shaping,,,seed,43
1064.0,0.3765625,,no_resource_shaping,,,seed,43
1080.0,0.4502551020408163,,no_resource_shaping,,,seed,43
1096.0,0.55078125,,no_resource_shaping,,,seed,43
1112.0,0.4109375,,no_resource_shaping,,,seed,43
1128.0,0.451530612244898,,no_resource_shaping,,,seed,43
1144.0,0.46484375,,no_resource_shaping,,,seed,43
1160.0,0.44687499999999997,,no_resource_shaping,,,seed,43
1176.0,0.45790816326530615,,no_resource_shaping,,,seed,43
1192.0,0.537109375,,no_resource_shaping,,,seed,43
1208.0,0.5109375,,no_resource_shaping,,,seed,43
1224.0,0.4145408163265306,,no_resource_shaping,,,seed,43
1240.0,0.42578125,,no_resource_shaping,,,seed,43
1256.0,0.4109375,,no_resource_shaping,,,seed,43
1272.0,0.4247448979591837,,no_resource_shaping,,,seed,43
1288.0,0.447265625,,no_resource_shaping,,,seed,43
1304.0,0.48906250000000007,,no_resource_shaping,,,seed,43
1320.0,0.46938775510204084,,no_resource_shaping,,,seed,43
1336.0,0.466796875,,no_resource_shaping,,,seed,43
1352.0,0.3984375,,no_resource_shaping,,,seed,43
1368.0,0.4681122448979592,,no_resource_shaping,,,seed,43
1384.0,0.4453125,,no_resource_shaping,,,seed,43
1400.0,0.47812499999999997,,no_resource_shaping,,,seed,43
1416.0,0.4426020408163265,,no_resource_shaping,,,seed,43
1432.0,0.51953125,,no_resource_shaping,,,seed,43
1448.0,0.49531250000000004,,no_resource_shaping,,,seed,43
1464.0,0.4056122448979592,,no_resource_shaping,,,seed,43
1480.0,0.46875,,no_resource_shaping,,,seed,43
1496.0,0.45,,no_resource_shaping,,,seed,43
1500.0,0.4642857142857143,,no_resource_shaping,,,seed,43
1516.0,0.5078125,,no_resource_shaping,,,seed,43
1532.0,0.5078125,,no_resource_shaping,,,seed,43
1548.0,0.5497448979591837,,no_resource_shaping,,,seed,43
1564.0,0.484375,,no_resource_shaping,,,seed,43
1580.0,0.4796875,,no_resource_shaping,,,seed,43
1596.0,0.43112244897959184,,no_resource_shaping,,,seed,43
1612.0,0.51171875,,no_resource_shaping,,,seed,43
1628.0,0.4328125,,no_resource_shaping,,,seed,43
1644.0,0.43494897959183676,,no_resource_shaping,,,seed,43
1660.0,0.44921875,,no_resource_shaping,,,seed,43
1676.0,0.5265625,,no_resource_shaping,,,seed,43
1692.0,0.4336734693877551,,no_resource_shaping,,,seed,43
1708.0,0.494140625,,no_resource_shaping,,,seed,43
1724.0,0.42656249999999996,,no_resource_shaping,,,seed,43
1740.0,0.4464285714285714,,no_resource_shaping,,,seed,43
1756.0,0.51953125,,no_resource_shaping,,,seed,43
1772.0,0.42343749999999997,,no_resource_shaping,,,seed,43
1788.0,0.44005102040816324,,no_resource_shaping,,,seed,43
1804.0,0.48046875,,no_resource_shaping,,,seed,43
1820.0,0.47187500000000004,,no_resource_shaping,,,seed,43
1836.0,0.4030612244897959,,no_resource_shaping,,,seed,43
1852.0,0.50390625,,no_resource_shaping,,,seed,43
1868.0,0.503125,,no_resource_shaping,,,seed,43
1884.0,0.44515306122448983,,no_resource_shaping,,,seed,43
1900.0,0.50390625,,no_resource_shaping,,,seed,43
1916.0,0.4578125,,no_resource_shaping,,,seed,43
1932.0,0.423469387755102,,no_resource_shaping,,,seed,43
1948.0,0.41015625,,no_resource_shaping,,,seed,43
1964.0,0.43437499999999996,,no_resource_shaping,,,seed,43
1980.0,0.4298469387755102,,no_resource_shaping,,,seed,43
1996.0,0.4453125,,no_resource_shaping,,,seed,43
2000.0,0.5,,no_resource_shaping,,,seed,43
2016.0,0.4502551020408163,,no_resource_shaping,,,seed,43
2032.0,0.455078125,,no_resource_shaping,,,seed,43
2048.0,0.48124999999999996,,no_resource_shaping,,,seed,43
2064.0,0.485969387755102,,no_resource_shaping,,,seed,43
2080.0,0.486328125,,no_resource_shaping,,,seed,43
2096.0,0.5109375,,no_resource_shaping,,,seed,43
2112.0,0.48852040816326536,,no_resource_shaping,,,seed,43
2128.0,0.4921875,,no_resource_shaping,,,seed,43
2144.0,0.39375,,no_resource_shaping,,,seed,43
2160.0,0.47066326530612246,,no_resource_shaping,,,seed,43
2176.0,0.41796875,,no_resource_shaping,,,seed,43
2192.0,0.49531250000000004,,no_resource_shaping,,,seed,43
2208.0,0.5114795918367347,,no_resource_shaping,,,seed,43
2224.0,0.5,,no_resource_shaping,,,seed,43
2240.0,0.4609375,,no_resource_shaping,,,seed,43
2256.0,0.4604591836734694,,no_resource_shaping,,,seed,43
2272.0,0.48828125,,no_resource_shaping,,,seed,43
2288.0,0.4859375,,no_resource_shaping,,,seed,43
2304.0,0.4272959183673469,,no_resource_shaping,,,seed,43
2320.0,0.5859375,,no_resource_shaping,,,seed,43
2336.0,0.5015624999999999,,no_resource_shaping,,,seed,43
2352.0,0.4298469387755102,,no_resource_shaping,,,seed,43
2368.0,0.51171875,,no_resource_shaping,,,seed,43
2384.0,0.4921875,,no_resource_shaping,,,seed,43
2400.0,0.4426020408163265,,no_resource_shaping,,,seed,43
2416.0,0.470703125,,no_resource_shaping,,,seed,43
2432.0,0.475,,no_resource_shaping,,,seed,43
2448.0,0.43112244897959184,,no_resource_shaping,,,seed,43
2464.0,0.48046875,,no_resource_shaping,,,seed,43
2480.0,0.42500000000000004,,no_resource_shaping,,,seed,43
2496.0,0.4285714285714286,,no_resource_shaping,,,seed,43
2500.0,0.5546875,,no_resource_shaping,,,seed,43
2516.0,0.4234375,,no_resource_shaping,,,seed,43
2532.0,0.44005102040816324,,no_resource_shaping,,,seed,43
2548.0,0.4609375,,no_resource_shaping,,,seed,43
2564.0,0.484375,,no_resource_shaping,,,seed,43
2580.0,0.42602040816326525,,no_resource_shaping,,,seed,43
2596.0,0.513671875,,no_resource_shaping,,,seed,43
2612.0,0.5531249999999999,,no_resource_shaping,,,seed,43
2628.0,0.4375,,no_resource_shaping,,,seed,43
2644.0,0.48828125,,no_resource_shaping,,,seed,43
2660.0,0.46875,,no_resource_shaping,,,seed,43
2676.0,0.4923469387755102,,no_resource_shaping,,,seed,43
2692.0,0.453125,,no_resource_shaping,,,seed,43
2708.0,0.528125,,no_resource_shaping,,,seed,43
2724.0,0.5114795918367346,,no_resource_shaping,,,seed,43
2740.0,0.458984375,,no_resource_shaping,,,seed,43
2756.0,0.49374999999999997,,no_resource_shaping,,,seed,43
2772.0,0.44642857142857145,,no_resource_shaping,,,seed,43
2788.0,0.541015625,,no_resource_shaping,,,seed,43
2804.0,0.5015625,,no_resource_shaping,,,seed,43
2820.0,0.45663265306122447,,no_resource_shaping,,,seed,43
2836.0,0.46484375,,no_resource_shaping,,,seed,43
2852.0,0.44375,,no_resource_shaping,,,seed,43
2868.0,0.48086734693877553,,no_resource_shaping,,,seed,43
2884.0,0.486328125,,no_resource_shaping,,,seed,43
2900.0,0.403125,,no_resource_shaping,,,seed,43
2916.0,0.4502551020408163,,no_resource_shaping,,,seed,43
2932.0,0.458984375,,no_resource_shaping,,,seed,43
2948.0,0.4796875,,no_resource_shaping,,,seed,43
2964.0,0.4413265306122449,,no_resource_shaping,,,seed,43
2980.0,0.447265625,,no_resource_shaping,,,seed,43
2996.0,0.4671875,,no_resource_shaping,,,seed,43
3000.0,0.40816326530612246,,no_resource_shaping,,,seed,43
16.0,0.236328125,,no_resource_shaping,,,seed,44
32.0,0.22499999999999998,,no_resource_shaping,,,seed,44
48.0,0.2474489795918367,,no_resource_shaping,,,seed,44
64.0,0.353515625,,no_resource_shaping,,,seed,44
80.0,0.3,,no_resource_shaping,,,seed,44
96.0,0.2755102040816326,,no_resource_shaping,,,seed,44
112.0,0.314453125,,no_resource_shaping,,,seed,44
128.0,0.3625,,no_resource_shaping,,,seed,44
144.0,0.3826530612244898,,no_resource_shaping,,,seed,44
160.0,0.45703125,,no_resource_shaping,,,seed,44
176.0,0.4078125,,no_resource_shaping,,,seed,44
192.0,0.38647959183673464,,no_resource_shaping,,,seed,44
208.0,0.4453125,,no_resource_shaping,,,seed,44
224.0,0.4015625,,no_resource_shaping,,,seed,44
240.0,0.35331632653061223,,no_resource_shaping,,,seed,44
250.0,0.50625,,no_resource_shaping,,,seed,44
266.0,0.378125,,no_resource_shaping,,,seed,44
282.0,0.3698979591836735,,no_resource_shaping,,,seed,44
298.0,0.462890625,,no_resource_shaping,,,seed,44
314.0,0.39375000000000004,,no_resource_shaping,,,seed,44
330.0,0.4119897959183674,,no_resource_shaping,,,seed,44
346.0,0.478515625,,no_resource_shaping,,,seed,44
362.0,0.4078125,,no_resource_shaping,,,seed,44
378.0,0.4464285714285714,,no_resource_shaping,,,seed,44
394.0,0.4375,,no_resource_shaping,,,seed,44
410.0,0.484375,,no_resource_shaping,,,seed,44
426.0,0.4298469387755102,,no_resource_shaping,,,seed,44
442.0,0.404296875,,no_resource_shaping,,,seed,44
458.0,0.390625,,no_resource_shaping,,,seed,44
474.0,0.40688775510204084,,no_resource_shaping,,,seed,44
490.0,0.427734375,,no_resource_shaping,,,seed,44
500.0,0.43999999999999995,,no_resource_shaping,,,seed,44
516.0,0.44897959183673464,,no_resource_shaping,,,seed,44
532.0,0.408203125,,no_resource_shaping,,,seed,44
548.0,0.5015625,,no_resource_shaping,,,seed,44
564.0,0.45280612244897955,,no_resource_shaping,,,seed,44
580.0,0.46875,,no_resource_shaping,,,seed,44
596.0,0.49687500000000007,,no_resource_shaping,,,seed,44
612.0,0.49362244897959184,,no_resource_shaping,,,seed,44
628.0,0.44921875,,no_resource_shaping,,,seed,44
644.0,0.4765625,,no_resource_shaping,,,seed,44
660.0,0.42984693877551017,,no_resource_shaping,,,seed,44
676.0,0.48828125,,no_resource_shaping,,,seed,44
692.0,0.4359375,,no_resource_shaping,,,seed,44
708.0,0.4107142857142857,,no_resource_shaping,,,seed,44
724.0,0.42578125,,no_resource_shaping,,,seed,44
740.0,0.490625,,no_resource_shaping,,,seed,44
756.0,0.4247448979591837,,no_resource_shaping,,,seed,44
772.0,0.494140625,,no_resource_shaping,,,seed,44
788.0,0.45781249999999996,,no_resource_shaping,,,seed,44
804.0,0.3711734693877551,,no_resource_shaping,,,seed,44
820.0,0.4140625,,no_resource_shaping,,,seed,44
836.0,0.4359375,,no_resource_shaping,,,seed,44
852.0,0.4221938775510204,,no_resource_shaping,,,seed,44
868.0,0.427734375,,no_resource_shaping,,,seed,44
884.0,0.4328125,,no_resource_shaping,,,seed,44
900.0,0.3737244897959183,,no_resource_shaping,,,seed,44
916.0,0.49609375,,no_resource_shaping,,,seed,44
932.0,0.41875000000000007,,no_resource_shaping,,,seed,44
948.0,0.3954081632653061,,no_resource_shaping,,,seed,44
964.0,0.474609375,,no_resource_shaping,,,seed,44
980.0,0.434375,,no_resource_shaping,,,seed,44
996.0,0.46811224489795916,,no_resource_shaping,,,seed,44
1000.0,0.53125,,no_resource_shaping,,,seed,44
1016.0,0.4265625,,no_resource_shaping,,,seed,44
1032.0,0.4489795918367347,,no_resource_shaping,,,seed,44
1048.0,0.44921875,,no_resource_shaping,,,seed,44
1064.0,0.515625,,no_resource_shaping,,,seed,44
1080.0,0.4642857142857143,,no_resource_shaping,,,seed,44
1096.0,0.453125,,no_resource_shaping,,,seed,44
1112.0,0.55625,,no_resource_shaping,,,seed,44
1128.0,0.49234693877551017,,no_resource_shaping,,,seed,44
1144.0,0.470703125,,no_resource_shaping,,,seed,44
1160.0,0.44062500000000004,,no_resource_shaping,,,seed,44
1176.0,0.4387755102040816,,no_resource_shaping,,,seed,44
1192.0,0.509765625,,no_resource_shaping,,,seed,44
1208.0,0.5015625,,no_resource_shaping,,,seed,44
1224.0,0.49234693877551017,,no_resource_shaping,,,seed,44
1240.0,0.462890625,,no_resource_shaping,,,seed,44
1256.0,0.4078125,,no_resource_shaping,,,seed,44
1272.0,0.4158163265306123,,no_resource_shaping,,,seed,44
1288.0,0.451171875,,no_resource_shaping,,,seed,44
1304.0,0.4328125,,no_resource_shaping,,,seed,44
1320.0,0.38265306122448983,,no_resource_shaping,,,seed,44
1336.0,0.529296875,,no_resource_shaping,,,seed,44
1352.0,0.509375,,no_resource_shaping,,,seed,44
1368.0,0.4298469387755102,,no_resource_shaping,,,seed,44
1384.0,0.49609375,,no_resource_shaping,,,seed,44
1400.0,0.48125000000000007,,no_resource_shaping,,,seed,44
1416.0,0.4426020408163265,,no_resource_shaping,,,seed,44
1432.0,0.5078125,,no_resource_shaping,,,seed,44
1448.0,0.5249999999999999,,no_resource_shaping,,,seed,44
1464.0,0.510204081632653,,no_resource_shaping,,,seed,44
1480.0,0.556640625,,no_resource_shaping,,,seed,44
1496.0,0.528125,,no_resource_shaping,,,seed,44
1500.0,0.25510204081632654,,no_resource_shaping,,,seed,44
1516.0,0.52734375,,no_resource_shaping,,,seed,44
1532.0,0.4296875,,no_resource_shaping,,,seed,44
1548.0,0.4349489795918367,,no_resource_shaping,,,seed,44
1564.0,0.4453125,,no_resource_shaping,,,seed,44
1580.0,0.44687499999999997,,no_resource_shaping,,,seed,44
1596.0,0.4681122448979592,,no_resource_shaping,,,seed,44
1612.0,0.462890625,,no_resource_shaping,,,seed,44
1628.0,0.3953125,,no_resource_shaping,,,seed,44
1644.0,0.475765306122449,,no_resource_shaping,,,seed,44
1660.0,0.451171875,,no_resource_shaping,,,seed,44
1676.0,0.465625,,no_resource_shaping,,,seed,44
1692.0,0.41964285714285715,,no_resource_shaping,,,seed,44
1708.0,0.455078125,,no_resource_shaping,,,seed,44
1724.0,0.4828125,,no_resource_shaping,,,seed,44
1740.0,0.4987244897959183,,no_resource_shaping,,,seed,44
1756.0,0.533203125,,no_resource_shaping,,,seed,44
1772.0,0.40625000000000006,,no_resource_shaping,,,seed,44
1788.0,0.4387755102040817,,no_resource_shaping,,,seed,44
1804.0,0.421875,,no_resource_shaping,,,seed,44
1820.0,0.4375,,no_resource_shaping,,,seed,44
1836.0,0.40816326530612246,,no_resource_shaping,,,seed,44
1852.0,0.48046875,,no_resource_shaping,,,seed,44
1868.0,0.5015625,,no_resource_shaping,,,seed,44
1884.0,0.41326530612244894,,no_resource_shaping,,,seed,44
1900.0,0.494140625,,no_resource_shaping,,,seed,44
1916.0,0.4937499999999999,,no_resource_shaping,,,seed,44
1932.0,0.49744897959183676,,no_resource_shaping,,,seed,44
1948.0,0.435546875,,no_resource_shaping,,,seed,44
1964.0,0.4140625,,no_resource_shaping,,,seed,44
1980.0,0.4528061224489796,,no_resource_shaping,,,seed,44
1996.0,0.51171875,,no_resource_shaping,,,seed,44
2000.0,0.4375,,no_resource_shaping,,,seed,44
2016.0,0.461734693877551,,no_resource_shaping,,,seed,44
2032.0,0.49609375,,no_resource_shaping,,,seed,44
2048.0,0.4953125,,no_resource_shaping,,,seed,44
2064.0,0.4604591836734694,,no_resource_shaping,,,seed,44
2080.0,0.5625,,no_resource_shaping,,,seed,44
2096.0,0.44218749999999996,,no_resource_shaping,,,seed,44
2112.0,0.42857142857142855,,no_resource_shaping,,,seed,44
2128.0,0.455078125,,no_resource_shaping,,,seed,44
2144.0,0.49062500000000003,,no_resource_shaping,,,seed,44
2160.0,0.4872448979591837,,no_resource_shaping,,,seed,44
2176.0,0.4375,,no_resource_shaping,,,seed,44
2192.0,0.4171875,,no_resource_shaping,,,seed,44
2208.0,0.41709183673469385,,no_resource_shaping,,,seed,44
2224.0,0.462890625,,no_resource_shaping,,,seed,44
2240.0,0.43437499999999996,,no_resource_shaping,,,seed,44
2256.0,0.4553571428571428,,no_resource_shaping,,,seed,44
2272.0,0.57421875,,no_resource_shaping,,,seed,44
2288.0,0.5062500000000001,,no_resource_shaping,,,seed,44
2304.0,0.3737244897959183,,no_resource_shaping,,,seed,44
2320.0,0.537109375,,no_resource_shaping,,,seed,44
2336.0,0.5109375,,no_resource_shaping,,,seed,44
2352.0,0.42091836734693877,,no_resource_shaping,,,seed,44
2368.0,0.5234375,,no_resource_shaping,,,seed,44
2384.0,0.37031249999999993,,no_resource_shaping,,,seed,44
2400.0,0.47959183673469385,,no_resource_shaping,,,seed,44
2416.0,0.50390625,,no_resource_shaping,,,seed,44
2432.0,0.4546875,,no_resource_shaping,,,seed,44
2448.0,0.4030612244897959,,no_resource_shaping,,,seed,44
2464.0,0.44921875,,no_resource_shaping,,,seed,44
2480.0,0.42500000000000004,,no_resource_shaping,,,seed,44
2496.0,0.44897959183673464,,no_resource_shaping,,,seed,44
2500.0,0.3046875,,no_resource_shaping,,,seed,44
2516.0,0.5265625,,no_resource_shaping,,,seed,44
2532.0,0.45408163265306123,,no_resource_shaping,,,seed,44
2548.0,0.431640625,,no_resource_shaping,,,seed,44
2564.0,0.534375,,no_resource_shaping,,,seed,44
2580.0,0.45663265306122447,,no_resource_shaping,,,seed,44
2596.0,0.490234375,,no_resource_shaping,,,seed,44
2612.0,0.38749999999999996,,no_resource_shaping,,,seed,44
2628.0,0.4272959183673469,,no_resource_shaping,,,seed,44
2644.0,0.482421875,,no_resource_shaping,,,seed,44
2660.0,0.4734375,,no_resource_shaping,,,seed,44
2676.0,0.46173469387755106,,no_resource_shaping,,,seed,44
2692.0,0.41796875,,no_resource_shaping,,,seed,44
2708.0,0.5046875,,no_resource_shaping,,,seed,44
2724.0,0.5102040816326531,,no_resource_shaping,,,seed,44
2740.0,0.5390625,,no_resource_shaping,,,seed,44
2756.0,0.48125000000000007,,no_resource_shaping,,,seed,44
2772.0,0.4349489795918367,,no_resource_shaping,,,seed,44
2788.0,0.435546875,,no_resource_shaping,,,seed,44
2804.0,0.4578125,,no_resource_shaping,,,seed,44
2820.0,0.48086734693877553,,no_resource_shaping,,,seed,44
2836.0,0.474609375,,no_resource_shaping,,,seed,44
2852.0,0.5546875,,no_resource_shaping,,,seed,44
2868.0,0.5204081632653061,,no_resource_shaping,,,seed,44
2884.0,0.466796875,,no_resource_shaping,,,seed,44
2900.0,0.478125,,no_resource_shaping,,,seed,44
2916.0,0.44387755102040816,,no_resource_shaping,,,seed,44
2932.0,0.458984375,,no_resource_shaping,,,seed,44
2948.0,0.4609375,,no_resource_shaping,,,seed,44
2964.0,0.4451530612244898,,no_resource_shaping,,,seed,44
2980.0,0.47265625,,no_resource_shaping,,,seed,44
2996.0,0.40625,,no_resource_shaping,,,seed,44
3000.0,0.31632653061224486,,no_resource_shaping,,,seed,44
16.0,0.21484375,,no_resource_shaping,,,seed,45
32.0,0.203125,,no_resource_shaping,,,seed,45
48.0,0.2193877551020408,,no_resource_shaping,,,seed,45
64.0,0.314453125,,no_resource_shaping,,,seed,45
80.0,0.3109375,,no_resource_shaping,,,seed,45
96.0,0.3214285714285714,,no_resource_shaping,,,seed,45
112.0,0.337890625,,no_resource_shaping,,,seed,45
128.0,0.36406249999999996,,no_resource_shaping,,,seed,45
144.0,0.29336734693877553,,no_resource_shaping,,,seed,45
160.0,0.41796875,,no_resource_shaping,,,seed,45
176.0,0.36875,,no_resource_shaping,,,seed,45
192.0,0.3647959183673469,,no_resource_shaping,,,seed,45
208.0,0.455078125,,no_resource_shaping,,,seed,45
224.0,0.3671875,,no_resource_shaping,,,seed,45
240.0,0.4413265306122449,,no_resource_shaping,,,seed,45
250.0,0.478125,,no_resource_shaping,,,seed,45
266.0,0.41874999999999996,,no_resource_shaping,,,seed,45
282.0,0.35586734693877553,,no_resource_shaping,,,seed,45
298.0,0.474609375,,no_resource_shaping,,,seed,45
314.0,0.371875,,no_resource_shaping,,,seed,45
330.0,0.3711734693877551,,no_resource_shaping,,,seed,45
346.0,0.4921875,,no_resource_shaping,,,seed,45
362.0,0.453125,,no_resource_shaping,,,seed,45
378.0,0.45280612244897955,,no_resource_shaping,,,seed,45
394.0,0.40234375,,no_resource_shaping,,,seed,45
410.0,0.446875,,no_resource_shaping,,,seed,45
426.0,0.4451530612244898,,no_resource_shaping,,,seed,45
442.0,0.45703125,,no_resource_shaping,,,seed,45
458.0,0.4796875,,no_resource_shaping,,,seed,45
474.0,0.46811224489795916,,no_resource_shaping,,,seed,45
490.0,0.5078125,,no_resource_shaping,,,seed,45
500.0,0.5075000000000001,,no_resource_shaping,,,seed,45
516.0,0.4591836734693878,,no_resource_shaping,,,seed,45
532.0,0.478515625,,no_resource_shaping,,,seed,45
548.0,0.5078125,,no_resource_shaping,,,seed,45
564.0,0.4375,,no_resource_shaping,,,seed,45
580.0,0.458984375,,no_resource_shaping,,,seed,45
596.0,0.44375,,no_resource_shaping,,,seed,45
612.0,0.4502551020408163,,no_resource_shaping,,,seed,45
628.0,0.482421875,,no_resource_shaping,,,seed,45
644.0,0.44375,,no_resource_shaping,,,seed,45
660.0,0.4642857142857143,,no_resource_shaping,,,seed,45
676.0,0.56640625,,no_resource_shaping,,,seed,45
692.0,0.34375,,no_resource_shaping,,,seed,45
708.0,0.4285714285714286,,no_resource_shaping,,,seed,45
724.0,0.439453125,,no_resource_shaping,,,seed,45
740.0,0.5,,no_resource_shaping,,,seed,45
756.0,0.4323979591836734,,no_resource_shaping,,,seed,45
772.0,0.501953125,,no_resource_shaping,,,seed,45
788.0,0.4515625,,no_resource_shaping,,,seed,45
804.0,0.42219387755102045,,no_resource_shaping,,,seed,45
820.0,0.482421875,,no_resource_shaping,,,seed,45
836.0,0.49374999999999997,,no_resource_shaping,,,seed,45
852.0,0.4681122448979592,,no_resource_shaping,,,seed,45
868.0,0.431640625,,no_resource_shaping,,,seed,45
884.0,0.4296875,,no_resource_shaping,,,seed,45
900.0,0.4272959183673469,,no_resource_shaping,,,seed,45
916.0,0.40234375,,no_resource_shaping,,,seed,45
932.0,0.465625,,no_resource_shaping,,,seed,45
948.0,0.5127551020408163,,no_resource_shaping,,,seed,45
964.0,0.46484375,,no_resource_shaping,,,seed,45
980.0,0.4203125,,no_resource_shaping,,,seed,45
996.0,0.44387755102040816,,no_resource_shaping,,,seed,45
1000.0,0.5078125,,no_resource_shaping,,,seed,45
1016.0,0.47343749999999996,,no_resource_shaping,,,seed,45
1032.0,0.47576530612244894,,no_resource_shaping,,,seed,45
1048.0,0.4453125,,no_resource_shaping,,,seed,45
1064.0,0.425,,no_resource_shaping,,,seed,45
1080.0,0.47959183673469385,,no_resource_shaping,,,seed,45
1096.0,0.443359375,,no_resource_shaping,,,seed,45
1112.0,0.50625,,no_resource_shaping,,,seed,45
1128.0,0.41709183673469385,,no_resource_shaping,,,seed,45
1144.0,0.447265625,,no_resource_shaping,,,seed,45
1160.0,0.5140625,,no_resource_shaping,,,seed,45
1176.0,0.46683673469387754,,no_resource_shaping,,,seed,45
1192.0,0.458984375,,no_resource_shaping,,,seed,45
1208.0,0.4484375,,no_resource_shaping,,,seed,45
1224.0,0.4336734693877551,,no_resource_shaping,,,seed,45
1240.0,0.5,,no_resource_shaping,,,seed,45
1256.0,0.45625,,no_resource_shaping,,,seed,45
1272.0,0.4604591836734694,,no_resource_shaping,,,seed,45
1288.0,0.462890625,,no_resource_shaping,,,seed,45
1304.0,0.5171875,,no_resource_shaping,,,seed,45
1320.0,0.4056122448979592,,no_resource_shaping,,,seed,45
1336.0,0.53125,,no_resource_shaping,,,seed,45
1352.0,0.5109374999999999,,no_resource_shaping,,,seed,45
1368.0,0.40433673469387754,,no_resource_shaping,,,seed,45
1384.0,0.54296875,,no_resource_shaping,,,seed,45
1400.0,0.49374999999999997,,no_resource_shaping,,,seed,45
1416.0,0.4591836734693877,,no_resource_shaping,,,seed,45
1432.0,0.47265625,,no_resource_shaping,,,seed,45
1448.0,0.475,,no_resource_shaping,,,seed,45
1464.0,0.42091836734693877,,no_resource_shaping,,,seed,45
1480.0,0.498046875,,no_resource_shaping,,,seed,45
1496.0,0.490625,,no_resource_shaping,,,seed,45
1500.0,0.49489795918367346,,no_resource_shaping,,,seed,45
1516.0,0.521484375,,no_resource_shaping,,,seed,45
1532.0,0.4296875,,no_resource_shaping,,,seed,45
1548.0,0.44897959183673464,,no_resource_shaping,,,seed,45
1564.0,0.46484375,,no_resource_shaping,,,seed,45
1580.0,0.4890625,,no_resource_shaping,,,seed,45
1596.0,0.43112244897959184,,no_resource_shaping,,,seed,45
1612.0,0.541015625,,no_resource_shaping,,,seed,45
1628.0,0.48281250000000003,,no_resource_shaping,,,seed,45
1644.0,0.42219387755102045,,no_resource_shaping,,,seed,45
1660.0,0.4453125,,no_resource_shaping,,,seed,45
1676.0,0.45625,,no_resource_shaping,,,seed,45
1692.0,0.43494897959183676,,no_resource_shaping,,,seed,45
1708.0,0.357421875,,no_resource_shaping,,,seed,45
1724.0,0.4734375,,no_resource_shaping,,,seed,45
1740.0,0.48596938775510207,,no_resource_shaping,,,seed,45
1756.0,0.431640625,,no_resource_shaping,,,seed,45
1772.0,0.37031250000000004,,no_resource_shaping,,,seed,45
1788.0,0.4846938775510204,,no_resource_shaping,,,seed,45
1804.0,0.439453125,,no_resource_shaping,,,seed,45
1820.0,0.47968750000000004,,no_resource_shaping,,,seed,45
1836.0,0.4375,,no_resource_shaping,,,seed,45
1852.0,0.474609375,,no_resource_shaping,,,seed,45
1868.0,0.4453125,,no_resource_shaping,,,seed,45
1884.0,0.4642857142857143,,no_resource_shaping,,,seed,45
1900.0,0.498046875,,no_resource_shaping,,,seed,45
1916.0,0.421875,,no_resource_shaping,,,seed,45
1932.0,0.4107142857142857,,no_resource_shaping,,,seed,45
1948.0,0.46484375,,no_resource_shaping,,,seed,45
1964.0,0.48125000000000007,,no_resource_shaping,,,seed,45
1980.0,0.4795918367346939,,no_resource_shaping,,,seed,45
1996.0,0.443359375,,no_resource_shaping,,,seed,45
2000.0,0.425,,no_resource_shaping,,,seed,45
2016.0,0.47576530612244894,,no_resource_shaping,,,seed,45
2032.0,0.359375,,no_resource_shaping,,,seed,45
2048.0,0.5,,no_resource_shaping,,,seed,45
2064.0,0.44005102040816324,,no_resource_shaping,,,seed,45
2080.0,0.419921875,,no_resource_shaping,,,seed,45
2096.0,0.415625,,no_resource_shaping,,,seed,45
2112.0,0.49489795918367346,,no_resource_shaping,,,seed,45
2128.0,0.462890625,,no_resource_shaping,,,seed,45
2144.0,0.4828125,,no_resource_shaping,,,seed,45
2160.0,0.41709183673469385,,no_resource_shaping,,,seed,45
2176.0,0.529296875,,no_resource_shaping,,,seed,45
2192.0,0.4125,,no_resource_shaping,,,seed,45
2208.0,0.5,,no_resource_shaping,,,seed,45
2224.0,0.5625,,no_resource_shaping,,,seed,45
2240.0,0.3984375,,no_resource_shaping,,,seed,45
2256.0,0.4604591836734694,,no_resource_shaping,,,seed,45
2272.0,0.4296875,,no_resource_shaping,,,seed,45
2288.0,0.4921875,,no_resource_shaping,,,seed,45
2304.0,0.42602040816326536,,no_resource_shaping,,,seed,45
2320.0,0.427734375,,no_resource_shaping,,,seed,45
2336.0,0.4265625,,no_resource_shaping,,,seed,45
2352.0,0.4158163265306123,,no_resource_shaping,,,seed,45
2368.0,0.552734375,,no_resource_shaping,,,seed,45
2384.0,0.48124999999999996,,no_resource_shaping,,,seed,45
2400.0,0.42857142857142855,,no_resource_shaping,,,seed,45
2416.0,0.546875,,no_resource_shaping,,,seed,45
2432.0,0.49843750000000003,,no_resource_shaping,,,seed,45
2448.0,0.44005102040816324,,no_resource_shaping,,,seed,45
2464.0,0.439453125,,no_resource_shaping,,,seed,45
2480.0,0.47343749999999996,,no_resource_shaping,,,seed,45
2496.0,0.44260204081632654,,no_resource_shaping,,,seed,45
2500.0,0.5,,no_resource_shaping,,,seed,45
2516.0,0.4765625,,no_resource_shaping,,,seed,45
2532.0,0.409438775510204,,no_resource_shaping,,,seed,45
2548.0,0.486328125,,no_resource_shaping,,,seed,45
2564.0,0.47968749999999993,,no_resource_shaping,,,seed,45
2580.0,0.4630102040816327,,no_resource_shaping,,,seed,45
2596.0,0.537109375,,no_resource_shaping,,,seed,45
2612.0,0.4375,,no_resource_shaping,,,seed,45
2628.0,0.46683673469387754,,no_resource_shaping,,,seed,45
2644.0,0.40234375,,no_resource_shaping,,,seed,45
2660.0,0.48281250000000003,,no_resource_shaping,,,seed,45
2676.0,0.5025510204081634,,no_resource_shaping,,,seed,45
2692.0,0.53125,,no_resource_shaping,,,seed,45
2708.0,0.475,,no_resource_shaping,,,seed,45
2724.0,0.4655612244897959,,no_resource_shaping,,,seed,45
2740.0,0.51171875,,no_resource_shaping,,,seed,45
2756.0,0.48750000000000004,,no_resource_shaping,,,seed,45
2772.0,0.47959183673469385,,no_resource_shaping,,,seed,45
2788.0,0.455078125,,no_resource_shaping,,,seed,45
2804.0,0.4671875,,no_resource_shaping,,,seed,45
2820.0,0.3635204081632653,,no_resource_shaping,,,seed,45
2836.0,0.423828125,,no_resource_shaping,,,seed,45
2852.0,0.525,,no_resource_shaping,,,seed,45
2868.0,0.475765306122449,,no_resource_shaping,,,seed,45
2884.0,0.537109375,,no_resource_shaping,,,seed,45
2900.0,0.49375,,no_resource_shaping,,,seed,45
2916.0,0.38392857142857145,,no_resource_shaping,,,seed,45
2932.0,0.4453125,,no_resource_shaping,,,seed,45
2948.0,0.4546875,,no_resource_shaping,,,seed,45
2964.0,0.4936224489795918,,no_resource_shaping,,,seed,45
2980.0,0.521484375,,no_resource_shaping,,,seed,45
2996.0,0.453125,,no_resource_shaping,,,seed,45
3000.0,0.5051020408163265,,no_resource_shaping,,,seed,45
16.0,0.236328125,,no_resource_shaping,,,seed,46
32.0,0.234375,,no_resource_shaping,,,seed,46
48.0,0.25,,no_resource_shaping,,,seed,46
64.0,0.39453125,,no_resource_shaping,,,seed,46
80.0,0.3046875,,no_resource_shaping,,,seed,46
96.0,0.2895408163265306,,no_resource_shaping,,,seed,46
112.0,0.392578125,,no_resource_shaping,,,seed,46
128.0,0.33749999999999997,,no_resource_shaping,,,seed,46
144.0,0.39030612244897955,,no_resource_shaping,,,seed,46
160.0,0.40625,,no_resource_shaping,,,seed,46
176.0,0.36875,,no_resource_shaping,,,seed,46
192.0,0.39923469387755106,,no_resource_shaping,,,seed,46
208.0,0.474609375,,no_resource_shaping,,,seed,46
224.0,0.4171875,,no_resource_shaping,,,seed,46
240.0,0.41581632653061223,,no_resource_shaping,,,seed,46
250.0,0.4875,,no_resource_shaping,,,seed,46
266.0,0.43281250000000004,,no_resource_shaping,,,seed,46
282.0,0.4426020408163265,,no_resource_shaping,,,seed,46
298.0,0.369140625,,no_resource_shaping,,,seed,46
314.0,0.4703125,,no_resource_shaping,,,seed,46
330.0,0.35459183673469385,,no_resource_shaping,,,seed,46
346.0,0.458984375,,no_resource_shaping,,,seed,46
362.0,0.4015625,,no_resource_shaping,,,seed,46
378.0,0.43494897959183676,,no_resource_shaping,,,seed,46
394.0,0.451171875,,no_resource_shaping,,,seed,46
410.0,0.41875000000000007,,no_resource_shaping,,,seed,46
426.0,0.39668367346938777,,no_resource_shaping,,,seed,46
442.0,0.369140625,,no_resource_shaping,,,seed,46
458.0,0.39375,,no_resource_shaping,,,seed,46
474.0,0.39158163265306123,,no_resource_shaping,,,seed,46
490.0,0.462890625,,no_resource_shaping,,,seed,46
500.0,0.45,,no_resource_shaping,,,seed,46
516.0,0.47066326530612246,,no_resource_shaping,,,seed,46
532.0,0.505859375,,no_resource_shaping,,,seed,46
548.0,0.4375,,no_resource_shaping,,,seed,46
564.0,0.4119897959183674,,no_resource_shaping,,,seed,46
580.0,0.43359375,,no_resource_shaping,,,seed,46
596.0,0.4703125,,no_resource_shaping,,,seed,46
612.0,0.4375,,no_resource_shaping,,,seed,46
628.0,0.43359375,,no_resource_shaping,,,seed,46
644.0,0.5171875,,no_resource_shaping,,,seed,46
660.0,0.45280612244897955,,no_resource_shaping,,,seed,46
676.0,0.490234375,,no_resource_shaping,,,seed,46
692.0,0.45,,no_resource_shaping,,,seed,46
708.0,0.45408163265306123,,no_resource_shaping,,,seed,46
724.0,0.513671875,,no_resource_shaping,,,seed,46
740.0,0.5,,no_resource_shaping,,,seed,46
756.0,0.43239795918367346,,no_resource_shaping,,,seed,46
772.0,0.470703125,,no_resource_shaping,,,seed,46
788.0,0.46562499999999996,,no_resource_shaping,,,seed,46
804.0,0.3711734693877551,,no_resource_shaping,,,seed,46
820.0,0.431640625,,no_resource_shaping,,,seed,46
836.0,0.4453125,,no_resource_shaping,,,seed,46
852.0,0.45408163265306123,,no_resource_shaping,,,seed,46
868.0,0.484375,,no_resource_shaping,,,seed,46
884.0,0.4625,,no_resource_shaping,,,seed,46
900.0,0.47066326530612246,,no_resource_shaping,,,seed,46
916.0,0.443359375,,no_resource_shaping,,,seed,46
932.0,0.4453125,,no_resource_shaping,,,seed,46
948.0,0.41836734693877553,,no_resource_shaping,,,seed,46
964.0,0.41796875,,no_resource_shaping,,,seed,46
980.0,0.4765625,,no_resource_shaping,,,seed,46
996.0,0.41581632653061223,,no_resource_shaping,,,seed,46
1000.0,0.515625,,no_resource_shaping,,,seed,46
1016.0,0.521875,,no_resource_shaping,,,seed,46
1032.0,0.4604591836734694,,no_resource_shaping,,,seed,46
1048.0,0.49609375,,no_resource_shaping,,,seed,46
1064.0,0.43437499999999996,,no_resource_shaping,,,seed,46
1080.0,0.5012755102040816,,no_resource_shaping,,,seed,46
1096.0,0.513671875,,no_resource_shaping,,,seed,46
1112.0,0.4203125,,no_resource_shaping,,,seed,46
1128.0,0.5102040816326531,,no_resource_shaping,,,seed,46
1144.0,0.517578125,,no_resource_shaping,,,seed,46
1160.0,0.5109375,,no_resource_shaping,,,seed,46
1176.0,0.45535714285714285,,no_resource_shaping,,,seed,46
1192.0,0.47265625,,no_resource_shaping,,,seed,46
1208.0,0.47968750000000004,,no_resource_shaping,,,seed,46
1224.0,0.4464285714285714,,no_resource_shaping,,,seed,46
1240.0,0.541015625,,no_resource_shaping,,,seed,46
1256.0,0.490625,,no_resource_shaping,,,seed,46
1272.0,0.4821428571428571,,no_resource_shaping,,,seed,46
1288.0,0.458984375,,no_resource_shaping,,,seed,46
1304.0,0.4734375,,no_resource_shaping,,,seed,46
1320.0,0.4107142857142857,,no_resource_shaping,,,seed,46
1336.0,0.466796875,,no_resource_shaping,,,seed,46
1352.0,0.42656249999999996,,no_resource_shaping,,,seed,46
1368.0,0.475765306122449,,no_resource_shaping,,,seed,46
1384.0,0.388671875,,no_resource_shaping,,,seed,46
1400.0,0.4765625,,no_resource_shaping,,,seed,46
1416.0,0.4464285714285714,,no_resource_shaping,,,seed,46
1432.0,0.447265625,,no_resource_shaping,,,seed,46
1448.0,0.5421875,,no_resource_shaping,,,seed,46
1464.0,0.4464285714285714,,no_resource_shaping,,,seed,46
1480.0,0.580078125,,no_resource_shaping,,,seed,46
1496.0,0.4609375,,no_resource_shaping,,,seed,46
1500.0,0.45408163265306123,,no_resource_shaping,,,seed,46
1516.0,0.4453125,,no_resource_shaping,,,seed,46
1532.0,0.4625,,no_resource_shaping,,,seed,46
1548.0,0.451530612244898,,no_resource_shaping,,,seed,46
1564.0,0.482421875,,no_resource_shaping,,,seed,46
1580.0,0.4937499999999999,,no_resource_shaping,,,seed,46
1596.0,0.45663265306122447,,no_resource_shaping,,,seed,46
1612.0,0.533203125,,no_resource_shaping,,,seed,46
1628.0,0.5218750000000001,,no_resource_shaping,,,seed,46
1644.0,0.40306122448979587,,no_resource_shaping,,,seed,46
1660.0,0.505859375,,no_resource_shaping,,,seed,46
1676.0,0.42656249999999996,,no_resource_shaping,,,seed,46
1692.0,0.4693877551020408,,no_resource_shaping,,,seed,46
1708.0,0.47265625,,no_resource_shaping,,,seed,46
1724.0,0.4734375,,no_resource_shaping,,,seed,46
1740.0,0.4872448979591837,,no_resource_shaping,,,seed,46
1756.0,0.484375,,no_resource_shaping,,,seed,46
1772.0,0.440625,,no_resource_shaping,,,seed,46
1788.0,0.46811224489795916,,no_resource_shaping,,,seed,46
1804.0,0.556640625,,no_resource_shaping,,,seed,46
1820.0,0.465625,,no_resource_shaping,,,seed,46
1836.0,0.4362244897959184,,no_resource_shaping,,,seed,46
1852.0,0.38671875,,no_resource_shaping,,,seed,46
1868.0,0.5531249999999999,,no_resource_shaping,,,seed,46
1884.0,0.4961734693877551,,no_resource_shaping,,,seed,46
1900.0,0.53125,,no_resource_shaping,,,seed,46
1916.0,0.478125,,no_resource_shaping,,,seed,46
1932.0,0.4005102040816326,,no_resource_shaping,,,seed,46
1948.0,0.48828125,,no_resource_shaping,,,seed,46
1964.0,0.4953125,,no_resource_shaping,,,seed,46
1980.0,0.3877551020408163,,no_resource_shaping,,,seed,46
1996.0,0.40625,,no_resource_shaping,,,seed,46
2000.0,0.6124999999999999,,no_resource_shaping,,,seed,46
2016.0,0.4936224489795918,,no_resource_shaping,,,seed,46
2032.0,0.505859375,,no_resource_shaping,,,seed,46
2048.0,0.4234375,,no_resource_shaping,,,seed,46
2064.0,0.4719387755102041,,no_resource_shaping,,,seed,46
2080.0,0.50390625,,no_resource_shaping,,,seed,46
2096.0,0.44375,,no_resource_shaping,,,seed,46
2112.0,0.4732142857142857,,no_resource_shaping,,,seed,46
2128.0,0.443359375,,no_resource_shaping,,,seed,46
2144.0,0.428125,,no_resource_shaping,,,seed,46
2160.0,0.45153061224489793,,no_resource_shaping,,,seed,46
2176.0,0.458984375,,no_resource_shaping,,,seed,46
2192.0,0.44687499999999997,,no_resource_shaping,,,seed,46
2208.0,0.3928571428571429,,no_resource_shaping,,,seed,46
2224.0,0.462890625,,no_resource_shaping,,,seed,46
2240.0,0.5453125000000001,,no_resource_shaping,,,seed,46
2256.0,0.4630102040816326,,no_resource_shaping,,,seed,46
2272.0,0.482421875,,no_resource_shaping,,,seed,46
2288.0,0.5078125,,no_resource_shaping,,,seed,46
2304.0,0.4923469387755102,,no_resource_shaping,,,seed,46
2320.0,0.525390625,,no_resource_shaping,,,seed,46
2336.0,0.5171875,,no_resource_shaping,,,seed,46
2352.0,0.45790816326530615,,no_resource_shaping,,,seed,46
2368.0,0.525390625,,no_resource_shaping,,,seed,46
2384.0,0.44375,,no_resource_shaping,,,seed,46
2400.0,0.4272959183673469,,no_resource_shaping,,,seed,46
2416.0,0.46484375,,no_resource_shaping,,,seed,46
2432.0,0.459375,,no_resource_shaping,,,seed,46
2448.0,0.3979591836734694,,no_resource_shaping,,,seed,46
2464.0,0.486328125,,no_resource_shaping,,,seed,46
2480.0,0.42968750000000006,,no_resource_shaping,,,seed,46
2496.0,0.4477040816326531,,no_resource_shaping,,,seed,46
2500.0,0.46875,,no_resource_shaping,,,seed,46
2516.0,0.40312499999999996,,no_resource_shaping,,,seed,46
2532.0,0.4502551020408163,,no_resource_shaping,,,seed,46
2548.0,0.423828125,,no_resource_shaping,,,seed,46
2564.0,0.525,,no_resource_shaping,,,seed,46
2580.0,0.46683673469387754,,no_resource_shaping,,,seed,46
2596.0,0.52734375,,no_resource_shaping,,,seed,46
2612.0,0.50625,,no_resource_shaping,,,seed,46
2628.0,0.46811224489795916,,no_resource_shaping,,,seed,46
2644.0,0.482421875,,no_resource_shaping,,,seed,46
2660.0,0.47968749999999993,,no_resource_shaping,,,seed,46
2676.0,0.4719387755102041,,no_resource_shaping,,,seed,46
2692.0,0.50390625,,no_resource_shaping,,,seed,46
2708.0,0.4,,no_resource_shaping,,,seed,46
2724.0,0.4375,,no_resource_shaping,,,seed,46
2740.0,0.53125,,no_resource_shaping,,,seed,46
2756.0,0.4375,,no_resource_shaping,,,seed,46
2772.0,0.4298469387755103,,no_resource_shaping,,,seed,46
2788.0,0.53515625,,no_resource_shaping,,,seed,46
2804.0,0.44999999999999996,,no_resource_shaping,,,seed,46
2820.0,0.4017857142857143,,no_resource_shaping,,,seed,46
2836.0,0.46875,,no_resource_shaping,,,seed,46
2852.0,0.5125,,no_resource_shaping,,,seed,46
2868.0,0.4642857142857143,,no_resource_shaping,,,seed,46
2884.0,0.400390625,,no_resource_shaping,,,seed,46
2900.0,0.45468749999999997,,no_resource_shaping,,,seed,46
2916.0,0.47066326530612246,,no_resource_shaping,,,seed,46
2932.0,0.521484375,,no_resource_shaping,,,seed,46
2948.0,0.4546875,,no_resource_shaping,,,seed,46
2964.0,0.4221938775510204,,no_resource_shaping,,,seed,46
2980.0,0.470703125,,no_resource_shaping,,,seed,46
2996.0,0.44843750000000004,,no_resource_shaping,,,seed,46
3000.0,0.4744897959183673,,no_resource_shaping,,,seed,46
0.0,,0.224609375,no_resource_shaping,0.21484375,0.236328125,summary,
20.0,,0.21728515625,no_resource_shaping,0.2119140625,0.23349609375,summary,
40.0,,0.21387117346938778,no_resource_shaping,0.2112563775510204,0.23622448979591834,summary,
60.0,,0.29068678252551017,no_resource_shaping,0.2663524394132653,0.32699896364795916,summary,
80.0,,0.3109375,no_resource_shaping,0.3046875,0.33124999999999993,summary,
100.0,,0.2870495854591837,no_resource_shaping,0.28524593431122447,0.315300143494898,summary,
120.0,,0.3509765625,no_resource_shaping,0.3384765625,0.36503906249999996,summary,
140.0,,0.37710459183673467,no_resource_shaping,0.3381377551020408,0.37761479591836733,summary,
160.0,,0.40625,no_resource_shaping,0.392578125,0.41796875,summary,
180.0,,0.37594866071428573,no_resource_shaping,0.36776147959183675,0.37637117346938775,summary,
200.0,,0.4158960459183673,no_resource_shaping,0.40993702168367346,0.4220145089285714,summary,
220.0,,0.41513671875,no_resource_shaping,0.4125,0.42490234374999997,summary,
240.0,,0.3788265306122449,no_resource_shaping,0.37244897959183676,0.41581632653061223,summary,
260.0,,0.431640625,no_resource_shaping,0.426171875,0.44101562499999997,summary,
280.0,,0.4003069196428572,no_resource_shaping,0.37092633928571433,0.4069196428571428,summary,
300.0,,0.454248046875,no_resource_shaping,0.427294921875,0.459521484375,summary,
320.0,,0.4005899234693878,no_resource_shaping,0.38608099489795916,0.4269172512755102,summary,
340.0,,0.44680723852040816,no_resource_shaping,0.43832708864795916,0.45356843909438777,summary,
360.0,,0.45185546875000004,no_resource_shaping,0.41665039062500003,0.4580078125,summary,
380.0,,0.4453125,no_resource_shaping,0.43697684151785715,0.4464983258928571,summary,
400.0,,0.439013671875,no_resource_shaping,0.436181640625,0.455078125,summary,
420.0,,0.4457987882653061,no_resource_shaping,0.43904655612244897,0.4465959821428571,summary,
440.0,,0.4522879464285714,no_resource_shaping,0.40749063297193877,0.45554647640306123,summary,
460.0,,0.3999043367346939,no_resource_shaping,0.39347895408163264,0.46899314413265303,summary,
480.0,,0.41832250478316324,no_resource_shaping,0.41470523756377553,0.4355568399234694,summary,
500.0,,0.47250000000000003,no_resource_shaping,0.45,0.5075,summary,
520.0,,0.46194395727040816,no_resource_shaping,0.43878547512755095,0.4640166613520409,summary,
540.0,,0.4548828125,no_resource_shaping,0.4541015625,0.4716796875,summary,
560.0,,0.455078125,no_resource_shaping,0.426139987244898,0.4559948979591837,summary,
580.0,,0.458984375,no_resource_shaping,0.439453125,0.46484375,summary,
600.0,,0.46062659438775516,no_resource_shaping,0.4464604591836735,0.46210937500000004,summary,
620.0,,0.46633848852040816,no_resource_shaping,0.435546875,0.4689094387755102,summary,
640.0,,0.4697265625,no_resource_shaping,0.45341796874999996,0.488671875,summary,
660.0,,0.4502551020408163,no_resource_shaping,0.42984693877551017,0.45280612244897955,summary,
680.0,,0.48017578125,no_resource_shaping,0.4751953125,0.5107421875,summary,
700.0,,0.4520408163265306,no_resource_shaping,0.42332589285714284,0.4597098214285714,summary,
720.0,,0.4800502232142857,no_resource_shaping,0.43673270089285715,0.4987743144132653,summary,
740.0,,0.4984375,no_resource_shaping,0.490625,0.5,summary,
760.0,,0.44209382971938777,no_resource_shaping,0.4419742506377551,0.4497867506377551,summary,
780.0,,0.4734375,no_resource_shaping,0.4681640625,0.4759765625,summary,
800.0,,0.41446109693877553,no_resource_shaping,0.3947863520408163,0.42836415816326534,summary,
820.0,,0.431640625,no_resource_shaping,0.4296875,0.4765625,summary,
840.0,,0.4475047831632653,no_resource_shaping,0.4325015943877551,0.4806361607142857,summary,
860.0,,0.4498764349489796,no_resource_shaping,0.4322783801020408,0.4620535714285714,summary,
880.0,,0.45332031250000004,no_resource_shaping,0.43154296875,0.46796875000000004,summary,
900.0,,0.4272959183673469,no_resource_shaping,0.4017857142857143,0.4591836734693877,summary,
920.0,,0.44384765625,no_resource_shaping,0.419140625,0.47314453125,summary,
940.0,,0.407796556122449,no_resource_shaping,0.40707908163265305,0.43183992346938777,summary,
960.0,,0.43368343431122447,no_resource_shaping,0.41806839923469385,0.45480907206632654,summary,
980.0,,0.45,no_resource_shaping,0.434375,0.4625,summary,
1000.0,,0.515625,no_resource_shaping,0.5078125,0.53125,summary,
1020.0,,0.4417490433673469,no_resource_shaping,0.4321667729591837,0.4740194515306122,summary,
1040.0,,0.45224808673469385,no_resource_shaping,0.4490991709183674,0.46053890306122447,summary,
1060.0,,0.43896484375,no_resource_shaping,0.430078125,0.44980468749999997,summary,
1080.0,,0.4642857142857143,no_resource_shaping,0.4642857142857143,0.47959183673469385,summary,
1100.0,,0.47890625,no_resource_shaping,0.47119140625,0.49033203125,summary,
1120.0,,0.4616709183673469,no_resource_shaping,0.4520089285714286,0.4652582908163265,summary,
1140.0,,0.47611407844387754,no_resource_shaping,0.46151546556122447,0.4989536830357143,summary,
1160.0,,0.5109375,no_resource_shaping,0.44687499999999997,0.5140625,summary,
1180.0,,0.45968191964285715,no_resource_shaping,0.45652303890306123,0.46487364477040816,summary,
1200.0,,0.476171875,no_resource_shaping,0.4537109375,0.5056640625,summary,
1220.0,,0.43863998724489794,no_resource_shaping,0.4373644770408163,0.45474330357142856,summary,
1240.0,,0.462890625,no_resource_shaping,0.451171875,0.5,summary,
1260.0,,0.45730229591836735,no_resource_shaping,0.41438934948979594,0.4609454719387755,summary,
1280.0,,0.444156568877551,no_resource_shaping,0.43600526147959184,0.4616749043367347,summary,
1300.0,,0.46982421875,no_resource_shaping,0.4595703125,0.47861328125,summary,
1320.0,,0.4107142857142857,no_resource_shaping,0.4056122448979592,0.45408163265306123,summary,
1340.0,,0.45673828125,no_resource_shaping,0.4546875,0.52431640625,summary,
1360.0,,0.45763711734693874,no_resource_shaping,0.45116390306122445,0.458641581632653,summary,
1380.0,,0.47482860331632654,no_resource_shaping,0.45101243622448983,0.47953204719387754,summary,
1400.0,,0.47812499999999997,no_resource_shaping,0.4765625,0.48125000000000007,summary,
1420.0,,0.45890465561224486,no_resource_shaping,0.44663783482142855,0.46183434311224486,summary,
1440.0,,0.4947265625,no_resource_shaping,0.473828125,0.507421875,summary,
1460.0,,0.47036830357142856,no_resource_shaping,0.43443877551020404,0.5000558035714285,summary,
1480.0,,0.501953125,no_resource_shaping,0.498046875,0.556640625,summary,
1500.0,,0.4642857142857143,no_resource_shaping,0.45408163265306123,0.49489795918367346,summary,
1520.0,,0.49853515625,no_resource_shaping,0.484375,0.5029296875,summary,
1540.0,,0.4393335459183673,no_resource_shaping,0.4323182397959183,0.457015306122449,summary,
1560.0,,0.4608777104591837,no_resource_shaping,0.44272161989795916,0.47469905931122447,summary,
1580.0,,0.484375,no_resource_shaping,0.4796875,0.4890625,summary,
1600.0,,0.4668068399234694,no_resource_shaping,0.45859574298469385,0.4757752710459183,summary,
1620.0,,0.5091796875,no_resource_shaping,0.472265625,0.5119140625,summary,
1640.0,,0.43441485969387755,no_resource_shaping,0.43276466836734695,0.43734853316326533,summary,
1660.0,,0.451171875,no_resource_shaping,0.44921875,0.505859375,summary,
1680.0,,0.4541294642857143,no_resource_shaping,0.4509247448979592,0.47464126275510204,summary,
1700.0,,0.46390704719387754,no_resource_shaping,0.4373604910714286,0.4710220025510204,summary,
1720.0,,0.4732421875,no_resource_shaping,0.44443359375,0.47587890624999996,summary,
1740.0,,0.48596938775510207,no_resource_shaping,0.47831632653061223,0.4872448979591837,summary,
1760.0,,0.48359375,no_resource_shaping,0.4734375,0.4955078125,summary,
1780.0,,0.43174426020408163,no_resource_shaping,0.4275031887755102,0.4543686224489796,summary,
1800.0,,0.4703643176020408,no_resource_shaping,0.4507633131377551,0.4726064253826531,summary,
1820.0,,0.47187500000000004,no_resource_shaping,0.465625,0.47968750000000004,summary,
1840.0,,0.4282724808673469,no_resource_shaping,0.42623963647959184,0.44677734375,summary,
1860.0,,0.491015625,no_resource_shaping,0.46992187499999993,0.5005859375,summary,
1880.0,,0.4595424107142857,no_resource_shaping,0.4587292729591837,0.4596460459183674,summary,
1900.0,,0.498046875,no_resource_shaping,0.494140625,0.50390625,summary,
1920.0,,0.4492267219387755,no_resource_shaping,0.44781568877551015,0.4587213010204082,summary,
1940.0,,0.4443957270408163,no_resource_shaping,0.43777901785714285,0.4514907525510204,summary,
1960.0,,0.4599609375,no_resource_shaping,0.42832031249999997,0.4771484375,summary,
1980.0,,0.4477040816326531,no_resource_shaping,0.4298469387755102,0.4528061224489796,summary,
2000.0,,0.5,no_resource_shaping,0.4375,0.5,summary,
2020.0,,0.47032445790816324,no_resource_shaping,0.45146085778061223,0.480827487244898,summary,
2040.0,,0.4646484375,no_resource_shaping,0.453125,0.4681640625,summary,
2060.0,,0.45981345663265305,no_resource_shaping,0.4593829719387755,0.469172512755102,summary,
2080.0,,0.490234375,no_resource_shaping,0.486328125,0.50390625,summary,
2100.0,,0.4511160714285714,no_resource_shaping,0.4387834821428571,0.4518494897959184,summary,
2120.0,,0.47889429209183676,no_resource_shaping,0.45828683035714285,0.4903539540816327,summary,
2140.0,,0.47626953125000004,no_resource_shaping,0.43193359374999996,0.47783203124999996,summary,
2160.0,,0.47066326530612246,no_resource_shaping,0.45153061224489793,0.471938775510204,summary,
2180.0,,0.45595703125,no_resource_shaping,0.4373046875,0.4560546875,summary,
2200.0,,0.45625,no_resource_shaping,0.41986607142857146,0.47743941326530615,summary,
2220.0,,0.4960439253826531,no_resource_shaping,0.45144092793367346,0.5028698979591837,summary,
2240.0,,0.4609375,no_resource_shaping,0.43437499999999996,0.5453125000000001,summary,
2260.0,,0.467414700255102,no_resource_shaping,0.452766262755102,0.46786312181122447,summary,
2280.0,,0.487109375,no_resource_shaping,0.4814453125,0.4951171875,summary,
2300.0,,0.44256218112244905,no_resource_shaping,0.4419563137755102,0.45778858418367346,summary,
2320.0,,0.525390625,no_resource_shaping,0.498046875,0.537109375,summary,
2340.0,,0.4836336096938775,no_resource_shaping,0.43985172193877553,0.4884327168367347,summary,
2360.0,,0.484195631377551,no_resource_shaping,0.4721779336734694,0.48427535076530615,summary,
2380.0,,0.49013671875,no_resource_shaping,0.46416015624999996,0.4970703125,summary,
2400.0,,0.44005102040816324,no_resource_shaping,0.42857142857142855,0.4426020408163265,summary,
2420.0,,0.47177734375,no_resource_shaping,0.4634765625,0.4916015625,summary,
2440.0,,0.4530612244897959,no_resource_shaping,0.42887436224489794,0.4532525510204082,summary,
2460.0,,0.4642358896683674,no_resource_shaping,0.4396025988520408,0.468132174744898,summary,
2480.0,,0.42968750000000006,no_resource_shaping,0.42500000000000004,0.47343749999999996,summary,
2500.0,,0.5,no_resource_shaping,0.46875,0.515625,summary,
2520.0,,0.4565609056122448,no_resource_shaping,0.4275908801020408,0.459781568877551,summary,
2540.0,,0.447883450255102,no_resource_shaping,0.4428611288265306,0.4504942602040816,summary,
2560.0,,0.48134765625,no_resource_shaping,0.478515625,0.49970703125000004,summary,
2580.0,,0.4630102040816327,no_resource_shaping,0.45663265306122447,0.46683673469387754,summary,
2600.0,,0.51220703125,no_resource_shaping,0.484765625,0.5220703125,summary,
2620.0,,0.47511160714285716,no_resource_shaping,0.45216836734693877,0.4871811224489796,summary,
2640.0,,0.46864038584183676,no_resource_shaping,0.4544503348214286,0.4755859375,summary,
2660.0,,0.4734375,no_resource_shaping,0.46875,0.47968749999999993,summary,
2680.0,,0.4799306441326531,no_resource_shaping,0.45345384247448983,0.4825414540816327,summary,
2700.0,,0.4744140625,no_resource_shaping,0.461328125,0.490625,summary,
2720.0,,0.46792091836734695,no_resource_shaping,0.46487563775510204,0.5088249362244898,summary,
2740.0,,0.51171875,no_resource_shaping,0.458984375,0.53125,summary,
2760.0,,0.4753188775510204,no_resource_shaping,0.46967474489795924,0.48191964285714284,summary,
2780.0,,0.48250159438775514,no_resource_shaping,0.4673349808673469,0.48305963010204084,summary,
2800.0,,0.47128906249999997,no_resource_shaping,0.46416015624999996,0.5044921875,summary,
2820.0,,0.4387755102040816,no_resource_shaping,0.4017857142857143,0.45663265306122447,summary,
2840.0,,0.4595703125,no_resource_shaping,0.44912109375,0.4796875,summary,
2860.0,,0.48839285714285713,no_resource_shaping,0.46230867346938775,0.5003826530612245,summary,
2880.0,,0.48019969706632654,no_resource_shaping,0.4252132493622449,0.48496293048469385,summary,
2900.0,,0.478125,no_resource_shaping,0.45468749999999997,0.4859375,summary,
2920.0,,0.44765425701530615,no_resource_shaping,0.3992745535714286,0.45243742028061223,summary,
2940.0,,0.4599609375,no_resource_shaping,0.4591796875,0.4693359375,summary,
2960.0,,0.4509167729591837,no_resource_shaping,0.4490991709183673,0.45723852040816326,summary,
2980.0,,0.47265625,no_resource_shaping,0.470703125,0.509765625,summary,
3000.0,,0.4693877551020408,no_resource_shaping,0.40816326530612246,0.4744897959183673,summary,
16.0,0.154296875,,no_return_reserve,,,seed,42
32.0,0.12343749999999999,,no_return_reserve,,,seed,42
48.0,0.1403061224489796,,no_return_reserve,,,seed,42
64.0,0.078125,,no_return_reserve,,,seed,42
80.0,0.045312500000000006,,no_return_reserve,,,seed,42
96.0,0.03443877551020408,,no_return_reserve,,,seed,42
112.0,0.060546875,,no_return_reserve,,,seed,42
128.0,0.053125000000000006,,no_return_reserve,,,seed,42
144.0,0.07142857142857142,,no_return_reserve,,,seed,42
160.0,0.14453125,,no_return_reserve,,,seed,42
176.0,0.146875,,no_return_reserve,,,seed,42
192.0,0.09566326530612246,,no_return_reserve,,,seed,42
208.0,0.076171875,,no_return_reserve,,,seed,42
224.0,0.015625,,no_return_reserve,,,seed,42
240.0,0.061224489795918366,,no_return_reserve,,,seed,42
250.0,0.009375,,no_return_reserve,,,seed,42
266.0,0.04375,,no_return_reserve,,,seed,42
282.0,0.0816326530612245,,no_return_reserve,,,seed,42
298.0,0.109375,,no_return_reserve,,,seed,42
314.0,0.08124999999999999,,no_return_reserve,,,seed,42
330.0,0.010204081632653062,,no_return_reserve,,,seed,42
346.0,0.0625,,no_return_reserve,,,seed,42
362.0,0.0421875,,no_return_reserve,,,seed,42
378.0,0.12117346938775511,,no_return_reserve,,,seed,42
394.0,0.109375,,no_return_reserve,,,seed,42
410.0,0.1234375,,no_return_reserve,,,seed,42
426.0,0.11989795918367346,,no_return_reserve,,,seed,42
442.0,0.103515625,,no_return_reserve,,,seed,42
458.0,0.11875,,no_return_reserve,,,seed,42
474.0,0.14285714285714285,,no_return_reserve,,,seed,42
490.0,0.12109375,,no_return_reserve,,,seed,42
500.0,0.11999999999999997,,no_return_reserve,,,seed,42
516.0,0.21683673469387754,,no_return_reserve,,,seed,42
532.0,0.181640625,,no_return_reserve,,,seed,42
548.0,0.22499999999999998,,no_return_reserve,,,seed,42
564.0,0.22959183673469385,,no_return_reserve,,,seed,42
580.0,0.220703125,,no_return_reserve,,,seed,42
596.0,0.22499999999999998,,no_return_reserve,,,seed,42
612.0,0.235969387755102,,no_return_reserve,,,seed,42
628.0,0.220703125,,no_return_reserve,,,seed,42
644.0,0.1890625,,no_return_reserve,,,seed,42
660.0,0.18494897959183676,,no_return_reserve,,,seed,42
676.0,0.330078125,,no_return_reserve,,,seed,42
692.0,0.3171875,,no_return_reserve,,,seed,42
708.0,0.2474489795918367,,no_return_reserve,,,seed,42
724.0,0.208984375,,no_return_reserve,,,seed,42
740.0,0.2203125,,no_return_reserve,,,seed,42
756.0,0.19642857142857142,,no_return_reserve,,,seed,42
772.0,0.18359375,,no_return_reserve,,,seed,42
788.0,0.134375,,no_return_reserve,,,seed,42
804.0,0.17729591836734693,,no_return_reserve,,,seed,42
820.0,0.205078125,,no_return_reserve,,,seed,42
836.0,0.2953125,,no_return_reserve,,,seed,42
852.0,0.3303571428571429,,no_return_reserve,,,seed,42
868.0,0.392578125,,no_return_reserve,,,seed,42
884.0,0.328125,,no_return_reserve,,,seed,42
900.0,0.29591836734693877,,no_return_reserve,,,seed,42
916.0,0.26953125,,no_return_reserve,,,seed,42
932.0,0.246875,,no_return_reserve,,,seed,42
948.0,0.29209183673469385,,no_return_reserve,,,seed,42
964.0,0.244140625,,no_return_reserve,,,seed,42
980.0,0.36874999999999997,,no_return_reserve,,,seed,42
996.0,0.30484693877551017,,no_return_reserve,,,seed,42
1000.0,0.296875,,no_return_reserve,,,seed,42
1016.0,0.3,,no_return_reserve,,,seed,42
1032.0,0.3163265306122449,,no_return_reserve,,,seed,42
1048.0,0.287109375,,no_return_reserve,,,seed,42
1064.0,0.3140625,,no_return_reserve,,,seed,42
1080.0,0.3227040816326531,,no_return_reserve,,,seed,42
1096.0,0.341796875,,no_return_reserve,,,seed,42
1112.0,0.2953125,,no_return_reserve,,,seed,42
1128.0,0.30739795918367346,,no_return_reserve,,,seed,42
1144.0,0.3828125,,no_return_reserve,,,seed,42
1160.0,0.359375,,no_return_reserve,,,seed,42
1176.0,0.32908163265306123,,no_return_reserve,,,seed,42
1192.0,0.322265625,,no_return_reserve,,,seed,42
1208.0,0.3265625,,no_return_reserve,,,seed,42
1224.0,0.29336734693877553,,no_return_reserve,,,seed,42
1240.0,0.310546875,,no_return_reserve,,,seed,42
1256.0,0.33125000000000004,,no_return_reserve,,,seed,42
1272.0,0.2729591836734694,,no_return_reserve,,,seed,42
1288.0,0.34765625,,no_return_reserve,,,seed,42
1304.0,0.3234375,,no_return_reserve,,,seed,42
1320.0,0.34183673469387754,,no_return_reserve,,,seed,42
1336.0,0.380859375,,no_return_reserve,,,seed,42
1352.0,0.3546875,,no_return_reserve,,,seed,42
1368.0,0.2895408163265306,,no_return_reserve,,,seed,42
1384.0,0.306640625,,no_return_reserve,,,seed,42
1400.0,0.328125,,no_return_reserve,,,seed,42
1416.0,0.3022959183673469,,no_return_reserve,,,seed,42
1432.0,0.28125,,no_return_reserve,,,seed,42
1448.0,0.3140625,,no_return_reserve,,,seed,42
1464.0,0.3214285714285714,,no_return_reserve,,,seed,42
1480.0,0.310546875,,no_return_reserve,,,seed,42
1496.0,0.35,,no_return_reserve,,,seed,42
1500.0,0.3979591836734694,,no_return_reserve,,,seed,42
1516.0,0.42578125,,no_return_reserve,,,seed,42
1532.0,0.31875,,no_return_reserve,,,seed,42
1548.0,0.2729591836734694,,no_return_reserve,,,seed,42
1564.0,0.265625,,no_return_reserve,,,seed,42
1580.0,0.30000000000000004,,no_return_reserve,,,seed,42
1596.0,0.33290816326530615,,no_return_reserve,,,seed,42
1612.0,0.40234375,,no_return_reserve,,,seed,42
1628.0,0.3984375,,no_return_reserve,,,seed,42
1644.0,0.298469387755102,,no_return_reserve,,,seed,42
1660.0,0.40625,,no_return_reserve,,,seed,42
1676.0,0.3515625,,no_return_reserve,,,seed,42
1692.0,0.3788265306122449,,no_return_reserve,,,seed,42
1708.0,0.390625,,no_return_reserve,,,seed,42
1724.0,0.3859375,,no_return_reserve,,,seed,42
1740.0,0.3826530612244898,,no_return_reserve,,,seed,42
1756.0,0.40625,,no_return_reserve,,,seed,42
1772.0,0.359375,,no_return_reserve,,,seed,42
1788.0,0.3596938775510204,,no_return_reserve,,,seed,42
1804.0,0.384765625,,no_return_reserve,,,seed,42
1820.0,0.3859375,,no_return_reserve,,,seed,42
1836.0,0.32015306122448983,,no_return_reserve,,,seed,42
1852.0,0.37890625,,no_return_reserve,,,seed,42
1868.0,0.33906250000000004,,no_return_reserve,,,seed,42
1884.0,0.33035714285714285,,no_return_reserve,,,seed,42
1900.0,0.369140625,,no_return_reserve,,,seed,42
1916.0,0.37031250000000004,,no_return_reserve,,,seed,42
1932.0,0.4005102040816327,,no_return_reserve,,,seed,42
1948.0,0.375,,no_return_reserve,,,seed,42
1964.0,0.3859375,,no_return_reserve,,,seed,42
1980.0,0.3596938775510204,,no_return_reserve,,,seed,42
1996.0,0.390625,,no_return_reserve,,,seed,42
2000.0,0.325,,no_return_reserve,,,seed,42
2016.0,0.38903061224489793,,no_return_reserve,,,seed,42
2032.0,0.419921875,,no_return_reserve,,,seed,42
2048.0,0.35625,,no_return_reserve,,,seed,42
2064.0,0.3801020408163265,,no_return_reserve,,,seed,42
2080.0,0.404296875,,no_return_reserve,,,seed,42
2096.0,0.4234375,,no_return_reserve,,,seed,42
2112.0,0.4005102040816326,,no_return_reserve,,,seed,42
2128.0,0.3671875,,no_return_reserve,,,seed,42
2144.0,0.40625,,no_return_reserve,,,seed,42
2160.0,0.3839285714285714,,no_return_reserve,,,seed,42
2176.0,0.318359375,,no_return_reserve,,,seed,42
2192.0,0.31875,,no_return_reserve,,,seed,42
2208.0,0.33163265306122447,,no_return_reserve,,,seed,42
2224.0,0.314453125,,no_return_reserve,,,seed,42
2240.0,0.39375,,no_return_reserve,,,seed,42
2256.0,0.3711734693877551,,no_return_reserve,,,seed,42
2272.0,0.375,,no_return_reserve,,,seed,42
2288.0,0.421875,,no_return_reserve,,,seed,42
2304.0,0.3877551020408163,,no_return_reserve,,,seed,42
2320.0,0.396484375,,no_return_reserve,,,seed,42
2336.0,0.3640625,,no_return_reserve,,,seed,42
2352.0,0.35841836734693877,,no_return_reserve,,,seed,42
2368.0,0.4375,,no_return_reserve,,,seed,42
2384.0,0.4046875,,no_return_reserve,,,seed,42
2400.0,0.3443877551020408,,no_return_reserve,,,seed,42
2416.0,0.291015625,,no_return_reserve,,,seed,42
2432.0,0.3265625,,no_return_reserve,,,seed,42
2448.0,0.33290816326530615,,no_return_reserve,,,seed,42
2464.0,0.32421875,,no_return_reserve,,,seed,42
2480.0,0.365625,,no_return_reserve,,,seed,42
2496.0,0.33035714285714285,,no_return_reserve,,,seed,42
2500.0,0.2734375,,no_return_reserve,,,seed,42
2516.0,0.3609375,,no_return_reserve,,,seed,42
2532.0,0.41709183673469385,,no_return_reserve,,,seed,42
2548.0,0.373046875,,no_return_reserve,,,seed,42
2564.0,0.35,,no_return_reserve,,,seed,42
2580.0,0.40433673469387754,,no_return_reserve,,,seed,42
2596.0,0.349609375,,no_return_reserve,,,seed,42
2612.0,0.3109375,,no_return_reserve,,,seed,42
2628.0,0.3903061224489796,,no_return_reserve,,,seed,42
2644.0,0.318359375,,no_return_reserve,,,seed,42
2660.0,0.3375,,no_return_reserve,,,seed,42
2676.0,0.3826530612244898,,no_return_reserve,,,seed,42
2692.0,0.34375,,no_return_reserve,,,seed,42
2708.0,0.3828125,,no_return_reserve,,,seed,42
2724.0,0.37755102040816324,,no_return_reserve,,,seed,42
2740.0,0.3515625,,no_return_reserve,,,seed,42
2756.0,0.38593750000000004,,no_return_reserve,,,seed,42
2772.0,0.399234693877551,,no_return_reserve,,,seed,42
2788.0,0.400390625,,no_return_reserve,,,seed,42
2804.0,0.415625,,no_return_reserve,,,seed,42
2820.0,0.3494897959183673,,no_return_reserve,,,seed,42
2836.0,0.365234375,,no_return_reserve,,,seed,42
2852.0,0.3875,,no_return_reserve,,,seed,42
2868.0,0.4260204081632653,,no_return_reserve,,,seed,42
2884.0,0.419921875,,no_return_reserve,,,seed,42
2900.0,0.44375000000000003,,no_return_reserve,,,seed,42
2916.0,0.3278061224489796,,no_return_reserve,,,seed,42
2932.0,0.392578125,,no_return_reserve,,,seed,42
2948.0,0.37187499999999996,,no_return_reserve,,,seed,42
2964.0,0.3762755102040816,,no_return_reserve,,,seed,42
2980.0,0.36328125,,no_return_reserve,,,seed,42
2996.0,0.30625,,no_return_reserve,,,seed,42
3000.0,0.40816326530612246,,no_return_reserve,,,seed,42
16.0,0.19140625,,no_return_reserve,,,seed,43
32.0,0.1140625,,no_return_reserve,,,seed,43
48.0,0.06887755102040816,,no_return_reserve,,,seed,43
64.0,0.123046875,,no_return_reserve,,,seed,43
80.0,0.09062500000000001,,no_return_reserve,,,seed,43
96.0,0.014030612244897957,,no_return_reserve,,,seed,43
112.0,0.025390625,,no_return_reserve,,,seed,43
128.0,0.0265625,,no_return_reserve,,,seed,43
144.0,0.026785714285714284,,no_return_reserve,,,seed,43
160.0,0.0234375,,no_return_reserve,,,seed,43
176.0,0.06874999999999999,,no_return_reserve,,,seed,43
192.0,0.07270408163265304,,no_return_reserve,,,seed,43
208.0,0.134765625,,no_return_reserve,,,seed,43
224.0,0.1046875,,no_return_reserve,,,seed,43
240.0,0.04591836734693877,,no_return_reserve,,,seed,43
250.0,0.128125,,no_return_reserve,,,seed,43
266.0,0.1140625,,no_return_reserve,,,seed,43
282.0,0.1326530612244898,,no_return_reserve,,,seed,43
298.0,0.177734375,,no_return_reserve,,,seed,43
314.0,0.22968750000000002,,no_return_reserve,,,seed,43
330.0,0.24617346938775508,,no_return_reserve,,,seed,43
346.0,0.15234375,,no_return_reserve,,,seed,43
362.0,0.10625000000000001,,no_return_reserve,,,seed,43
378.0,0.10586734693877552,,no_return_reserve,,,seed,43
394.0,0.146484375,,no_return_reserve,,,seed,43
410.0,0.1859375,,no_return_reserve,,,seed,43
426.0,0.20790816326530612,,no_return_reserve,,,seed,43
442.0,0.23828125,,no_return_reserve,,,seed,43
458.0,0.11249999999999999,,no_return_reserve,,,seed,43
474.0,0.18239795918367346,,no_return_reserve,,,seed,43
490.0,0.228515625,,no_return_reserve,,,seed,43
500.0,0.21750000000000003,,no_return_reserve,,,seed,43
516.0,0.2576530612244898,,no_return_reserve,,,seed,43
532.0,0.27734375,,no_return_reserve,,,seed,43
548.0,0.21875,,no_return_reserve,,,seed,43
564.0,0.1747448979591837,,no_return_reserve,,,seed,43
580.0,0.212890625,,no_return_reserve,,,seed,43
596.0,0.1921875,,no_return_reserve,,,seed,43
612.0,0.10841836734693877,,no_return_reserve,,,seed,43
628.0,0.146484375,,no_return_reserve,,,seed,43
644.0,0.1796875,,no_return_reserve,,,seed,43
660.0,0.20408163265306123,,no_return_reserve,,,seed,43
676.0,0.236328125,,no_return_reserve,,,seed,43
692.0,0.24843749999999998,,no_return_reserve,,,seed,43
708.0,0.22831632653061223,,no_return_reserve,,,seed,43
724.0,0.201171875,,no_return_reserve,,,seed,43
740.0,0.1984375,,no_return_reserve,,,seed,43
756.0,0.1760204081632653,,no_return_reserve,,,seed,43
772.0,0.29296875,,no_return_reserve,,,seed,43
788.0,0.2796875,,no_return_reserve,,,seed,43
804.0,0.16454081632653061,,no_return_reserve,,,seed,43
820.0,0.259765625,,no_return_reserve,,,seed,43
836.0,0.290625,,no_return_reserve,,,seed,43
852.0,0.3278061224489796,,no_return_reserve,,,seed,43
868.0,0.21484375,,no_return_reserve,,,seed,43
884.0,0.2421875,,no_return_reserve,,,seed,43
900.0,0.1785714285714286,,no_return_reserve,,,seed,43
916.0,0.111328125,,no_return_reserve,,,seed,43
932.0,0.15468749999999998,,no_return_reserve,,,seed,43
948.0,0.20790816326530612,,no_return_reserve,,,seed,43
964.0,0.2109375,,no_return_reserve,,,seed,43
980.0,0.2453125,,no_return_reserve,,,seed,43
996.0,0.31505102040816324,,no_return_reserve,,,seed,43
1000.0,0.328125,,no_return_reserve,,,seed,43
1016.0,0.36562500000000003,,no_return_reserve,,,seed,43
1032.0,0.36096938775510207,,no_return_reserve,,,seed,43
1048.0,0.349609375,,no_return_reserve,,,seed,43
1064.0,0.23281249999999998,,no_return_reserve,,,seed,43
1080.0,0.29209183673469385,,no_return_reserve,,,seed,43
1096.0,0.3203125,,no_return_reserve,,,seed,43
1112.0,0.23593750000000002,,no_return_reserve,,,seed,43
1128.0,0.2461734693877551,,no_return_reserve,,,seed,43
1144.0,0.26953125,,no_return_reserve,,,seed,43
1160.0,0.2640625,,no_return_reserve,,,seed,43
1176.0,0.32015306122448983,,no_return_reserve,,,seed,43
1192.0,0.375,,no_return_reserve,,,seed,43
1208.0,0.40156250000000004,,no_return_reserve,,,seed,43
1224.0,0.34183673469387754,,no_return_reserve,,,seed,43
1240.0,0.263671875,,no_return_reserve,,,seed,43
1256.0,0.2578125,,no_return_reserve,,,seed,43
1272.0,0.19770408163265307,,no_return_reserve,,,seed,43
1288.0,0.2421875,,no_return_reserve,,,seed,43
1304.0,0.203125,,no_return_reserve,,,seed,43
1320.0,0.28061224489795916,,no_return_reserve,,,seed,43
1336.0,0.2734375,,no_return_reserve,,,seed,43
1352.0,0.3109375,,no_return_reserve,,,seed,43
1368.0,0.350765306122449,,no_return_reserve,,,seed,43
1384.0,0.333984375,,no_return_reserve,,,seed,43
1400.0,0.31875,,no_return_reserve,,,seed,43
1416.0,0.32653061224489793,,no_return_reserve,,,seed,43
1432.0,0.35546875,,no_return_reserve,,,seed,43
1448.0,0.3859375,,no_return_reserve,,,seed,43
1464.0,0.336734693877551,,no_return_reserve,,,seed,43
1480.0,0.37109375,,no_return_reserve,,,seed,43
1496.0,0.359375,,no_return_reserve,,,seed,43
1500.0,0.3622448979591837,,no_return_reserve,,,seed,43
1516.0,0.423828125,,no_return_reserve,,,seed,43
1532.0,0.38593750000000004,,no_return_reserve,,,seed,43
1548.0,0.3762755102040816,,no_return_reserve,,,seed,43
1564.0,0.37109375,,no_return_reserve,,,seed,43
1580.0,0.36250000000000004,,no_return_reserve,,,seed,43
1596.0,0.3150510204081633,,no_return_reserve,,,seed,43
1612.0,0.37109375,,no_return_reserve,,,seed,43
1628.0,0.3109375,,no_return_reserve,,,seed,43
1644.0,0.35841836734693877,,no_return_reserve,,,seed,43
1660.0,0.353515625,,no_return_reserve,,,seed,43
1676.0,0.38437499999999997,,no_return_reserve,,,seed,43
1692.0,0.34311224489795916,,no_return_reserve,,,seed,43
1708.0,0.3671875,,no_return_reserve,,,seed,43
1724.0,0.3421875,,no_return_reserve,,,seed,43
1740.0,0.32142857142857145,,no_return_reserve,,,seed,43
1756.0,0.375,,no_return_reserve,,,seed,43
1772.0,0.32499999999999996,,no_return_reserve,,,seed,43
1788.0,0.3482142857142857,,no_return_reserve,,,seed,43
1804.0,0.36328125,,no_return_reserve,,,seed,43
1820.0,0.384375,,no_return_reserve,,,seed,43
1836.0,0.32142857142857145,,no_return_reserve,,,seed,43
1852.0,0.345703125,,no_return_reserve,,,seed,43
1868.0,0.40468750000000003,,no_return_reserve,,,seed,43
1884.0,0.3214285714285714,,no_return_reserve,,,seed,43
1900.0,0.345703125,,no_return_reserve,,,seed,43
1916.0,0.33749999999999997,,no_return_reserve,,,seed,43
1932.0,0.36862244897959184,,no_return_reserve,,,seed,43
1948.0,0.29296875,,no_return_reserve,,,seed,43
1964.0,0.290625,,no_return_reserve,,,seed,43
1980.0,0.284438775510204,,no_return_reserve,,,seed,43
1996.0,0.291015625,,no_return_reserve,,,seed,43
2000.0,0.31875,,no_return_reserve,,,seed,43
2016.0,0.35331632653061223,,no_return_reserve,,,seed,43
2032.0,0.34765625,,no_return_reserve,,,seed,43
2048.0,0.3671875,,no_return_reserve,,,seed,43
2064.0,0.3852040816326531,,no_return_reserve,,,seed,43
2080.0,0.33984375,,no_return_reserve,,,seed,43
2096.0,0.3984375,,no_return_reserve,,,seed,43
2112.0,0.39158163265306123,,no_return_reserve,,,seed,43
2128.0,0.400390625,,no_return_reserve,,,seed,43
2144.0,0.334375,,no_return_reserve,,,seed,43
2160.0,0.4005102040816326,,no_return_reserve,,,seed,43
2176.0,0.31640625,,no_return_reserve,,,seed,43
2192.0,0.384375,,no_return_reserve,,,seed,43
2208.0,0.4285714285714286,,no_return_reserve,,,seed,43
2224.0,0.37890625,,no_return_reserve,,,seed,43
2240.0,0.36874999999999997,,no_return_reserve,,,seed,43
2256.0,0.38137755102040816,,no_return_reserve,,,seed,43
2272.0,0.37109375,,no_return_reserve,,,seed,43
2288.0,0.4078125,,no_return_reserve,,,seed,43
2304.0,0.3737244897959184,,no_return_reserve,,,seed,43
2320.0,0.4765625,,no_return_reserve,,,seed,43
2336.0,0.41250000000000003,,no_return_reserve,,,seed,43
2352.0,0.3392857142857143,,no_return_reserve,,,seed,43
2368.0,0.392578125,,no_return_reserve,,,seed,43
2384.0,0.4109375,,no_return_reserve,,,seed,43
2400.0,0.3137755102040816,,no_return_reserve,,,seed,43
2416.0,0.33984375,,no_return_reserve,,,seed,43
2432.0,0.3578125,,no_return_reserve,,,seed,43
2448.0,0.33290816326530615,,no_return_reserve,,,seed,43
2464.0,0.3203125,,no_return_reserve,,,seed,43
2480.0,0.30625,,no_return_reserve,,,seed,43
2496.0,0.3762755102040816,,no_return_reserve,,,seed,43
2500.0,0.390625,,no_return_reserve,,,seed,43
2516.0,0.36875,,no_return_reserve,,,seed,43
2532.0,0.375,,no_return_reserve,,,seed,43
2548.0,0.41796875,,no_return_reserve,,,seed,43
2564.0,0.41093750000000007,,no_return_reserve,,,seed,43
2580.0,0.3839285714285714,,no_return_reserve,,,seed,43
2596.0,0.4375,,no_return_reserve,,,seed,43
2612.0,0.38125000000000003,,no_return_reserve,,,seed,43
2628.0,0.336734693877551,,no_return_reserve,,,seed,43
2644.0,0.33984375,,no_return_reserve,,,seed,43
2660.0,0.384375,,no_return_reserve,,,seed,43
2676.0,0.40433673469387754,,no_return_reserve,,,seed,43
2692.0,0.345703125,,no_return_reserve,,,seed,43
2708.0,0.428125,,no_return_reserve,,,seed,43
2724.0,0.4400510204081633,,no_return_reserve,,,seed,43
2740.0,0.486328125,,no_return_reserve,,,seed,43
2756.0,0.425,,no_return_reserve,,,seed,43
2772.0,0.3482142857142857,,no_return_reserve,,,seed,43
2788.0,0.431640625,,no_return_reserve,,,seed,43
2804.0,0.44375,,no_return_reserve,,,seed,43
2820.0,0.39285714285714285,,no_return_reserve,,,seed,43
2836.0,0.380859375,,no_return_reserve,,,seed,43
2852.0,0.390625,,no_return_reserve,,,seed,43
2868.0,0.4145408163265306,,no_return_reserve,,,seed,43
2884.0,0.388671875,,no_return_reserve,,,seed,43
2900.0,0.35625,,no_return_reserve,,,seed,43
2916.0,0.413265306122449,,no_return_reserve,,,seed,43
2932.0,0.423828125,,no_return_reserve,,,seed,43
2948.0,0.415625,,no_return_reserve,,,seed,43
2964.0,0.38137755102040816,,no_return_reserve,,,seed,43
2980.0,0.419921875,,no_return_reserve,,,seed,43
2996.0,0.465625,,no_return_reserve,,,seed,43
3000.0,0.38265306122448983,,no_return_reserve,,,seed,43
16.0,0.181640625,,no_return_reserve,,,seed,44
32.0,0.0984375,,no_return_reserve,,,seed,44
48.0,0.04081632653061224,,no_return_reserve,,,seed,44
64.0,0.041015625,,no_return_reserve,,,seed,44
80.0,0.05781250000000001,,no_return_reserve,,,seed,44
96.0,0.030612244897959183,,no_return_reserve,,,seed,44
112.0,0.046875,,no_return_reserve,,,seed,44
128.0,0.05625,,no_return_reserve,,,seed,44
144.0,0.057397959183673464,,no_return_reserve,,,seed,44
160.0,0.025390625,,no_return_reserve,,,seed,44
176.0,0.0359375,,no_return_reserve,,,seed,44
192.0,0.044642857142857144,,no_return_reserve,,,seed,44
208.0,0.07421875,,no_return_reserve,,,seed,44
224.0,0.0390625,,no_return_reserve,,,seed,44
240.0,0.03826530612244898,,no_return_reserve,,,seed,44
250.0,0.11875,,no_return_reserve,,,seed,44
266.0,0.096875,,no_return_reserve,,,seed,44
282.0,0.12755102040816327,,no_return_reserve,,,seed,44
298.0,0.052734375,,no_return_reserve,,,seed,44
314.0,0.045312500000000006,,no_return_reserve,,,seed,44
330.0,0.04081632653061224,,no_return_reserve,,,seed,44
346.0,0.08984375,,no_return_reserve,,,seed,44
362.0,0.0578125,,no_return_reserve,,,seed,44
378.0,0.09183673469387754,,no_return_reserve,,,seed,44
394.0,0.197265625,,no_return_reserve,,,seed,44
410.0,0.18125000000000002,,no_return_reserve,,,seed,44
426.0,0.09566326530612244,,no_return_reserve,,,seed,44
442.0,0.0390625,,no_return_reserve,,,seed,44
458.0,0.0375,,no_return_reserve,,,seed,44
474.0,0.06505102040816327,,no_return_reserve,,,seed,44
490.0,0.095703125,,no_return_reserve,,,seed,44
500.0,0.22000000000000003,,no_return_reserve,,,seed,44
516.0,0.24489795918367346,,no_return_reserve,,,seed,44
532.0,0.265625,,no_return_reserve,,,seed,44
548.0,0.23906249999999998,,no_return_reserve,,,seed,44
564.0,0.23341836734693877,,no_return_reserve,,,seed,44
580.0,0.099609375,,no_return_reserve,,,seed,44
596.0,0.2484375,,no_return_reserve,,,seed,44
612.0,0.2385204081632653,,no_return_reserve,,,seed,44
628.0,0.14453125,,no_return_reserve,,,seed,44
644.0,0.2515625,,no_return_reserve,,,seed,44
660.0,0.24362244897959184,,no_return_reserve,,,seed,44
676.0,0.306640625,,no_return_reserve,,,seed,44
692.0,0.22187500000000002,,no_return_reserve,,,seed,44
708.0,0.17091836734693877,,no_return_reserve,,,seed,44
724.0,0.109375,,no_return_reserve,,,seed,44
740.0,0.2265625,,no_return_reserve,,,seed,44
756.0,0.24489795918367346,,no_return_reserve,,,seed,44
772.0,0.34375,,no_return_reserve,,,seed,44
788.0,0.3703125,,no_return_reserve,,,seed,44
804.0,0.31760204081632654,,no_return_reserve,,,seed,44
820.0,0.3125,,no_return_reserve,,,seed,44
836.0,0.2953125,,no_return_reserve,,,seed,44
852.0,0.32908163265306123,,no_return_reserve,,,seed,44
868.0,0.28515625,,no_return_reserve,,,seed,44
884.0,0.328125,,no_return_reserve,,,seed,44
900.0,0.25892857142857145,,no_return_reserve,,,seed,44
916.0,0.298828125,,no_return_reserve,,,seed,44
932.0,0.275,,no_return_reserve,,,seed,44
948.0,0.22193877551020408,,no_return_reserve,,,seed,44
964.0,0.2734375,,no_return_reserve,,,seed,44
980.0,0.290625,,no_return_reserve,,,seed,44
996.0,0.375,,no_return_reserve,,,seed,44
1000.0,0.4453125,,no_return_reserve,,,seed,44
1016.0,0.29374999999999996,,no_return_reserve,,,seed,44
1032.0,0.3125,,no_return_reserve,,,seed,44
1048.0,0.267578125,,no_return_reserve,,,seed,44
1064.0,0.3046875,,no_return_reserve,,,seed,44
1080.0,0.2678571428571429,,no_return_reserve,,,seed,44
1096.0,0.16796875,,no_return_reserve,,,seed,44
1112.0,0.2671875,,no_return_reserve,,,seed,44
1128.0,0.2474489795918367,,no_return_reserve,,,seed,44
1144.0,0.29296875,,no_return_reserve,,,seed,44
1160.0,0.334375,,no_return_reserve,,,seed,44
1176.0,0.3596938775510204,,no_return_reserve,,,seed,44
1192.0,0.3515625,,no_return_reserve,,,seed,44
1208.0,0.3671875,,no_return_reserve,,,seed,44
1224.0,0.4017857142857143,,no_return_reserve,,,seed,44
1240.0,0.37109375,,no_return_reserve,,,seed,44
1256.0,0.3421875,,no_return_reserve,,,seed,44
1272.0,0.39540816326530615,,no_return_reserve,,,seed,44
1288.0,0.38671875,,no_return_reserve,,,seed,44
1304.0,0.278125,,no_return_reserve,,,seed,44
1320.0,0.3010204081632653,,no_return_reserve,,,seed,44
1336.0,0.404296875,,no_return_reserve,,,seed,44
1352.0,0.44375,,no_return_reserve,,,seed,44
1368.0,0.3647959183673469,,no_return_reserve,,,seed,44
1384.0,0.376953125,,no_return_reserve,,,seed,44
1400.0,0.35625,,no_return_reserve,,,seed,44
1416.0,0.29591836734693877,,no_return_reserve,,,seed,44
1432.0,0.236328125,,no_return_reserve,,,seed,44
1448.0,0.2578125,,no_return_reserve,,,seed,44
1464.0,0.19387755102040816,,no_return_reserve,,,seed,44
1480.0,0.26953125,,no_return_reserve,,,seed,44
1496.0,0.2984375,,no_return_reserve,,,seed,44
1500.0,0.12244897959183673,,no_return_reserve,,,seed,44
1516.0,0.419921875,,no_return_reserve,,,seed,44
1532.0,0.3640625,,no_return_reserve,,,seed,44
1548.0,0.30484693877551017,,no_return_reserve,,,seed,44
1564.0,0.310546875,,no_return_reserve,,,seed,44
1580.0,0.3328125,,no_return_reserve,,,seed,44
1596.0,0.39413265306122447,,no_return_reserve,,,seed,44
1612.0,0.322265625,,no_return_reserve,,,seed,44
1628.0,0.2421875,,no_return_reserve,,,seed,44
1644.0,0.34566326530612246,,no_return_reserve,,,seed,44
1660.0,0.244140625,,no_return_reserve,,,seed,44
1676.0,0.2640625,,no_return_reserve,,,seed,44
1692.0,0.30994897959183676,,no_return_reserve,,,seed,44
1708.0,0.298828125,,no_return_reserve,,,seed,44
1724.0,0.375,,no_return_reserve,,,seed,44
1740.0,0.4260204081632653,,no_return_reserve,,,seed,44
1756.0,0.39453125,,no_return_reserve,,,seed,44
1772.0,0.35781250000000003,,no_return_reserve,,,seed,44
1788.0,0.375,,no_return_reserve,,,seed,44
1804.0,0.3359375,,no_return_reserve,,,seed,44
1820.0,0.36250000000000004,,no_return_reserve,,,seed,44
1836.0,0.3137755102040817,,no_return_reserve,,,seed,44
1852.0,0.30859375,,no_return_reserve,,,seed,44
1868.0,0.34375,,no_return_reserve,,,seed,44
1884.0,0.302295918367347,,no_return_reserve,,,seed,44
1900.0,0.34765625,,no_return_reserve,,,seed,44
1916.0,0.3828125,,no_return_reserve,,,seed,44
1932.0,0.37755102040816324,,no_return_reserve,,,seed,44
1948.0,0.255859375,,no_return_reserve,,,seed,44
1964.0,0.3140625,,no_return_reserve,,,seed,44
1980.0,0.3048469387755102,,no_return_reserve,,,seed,44
1996.0,0.310546875,,no_return_reserve,,,seed,44
2000.0,0.3375,,no_return_reserve,,,seed,44
2016.0,0.31887755102040816,,no_return_reserve,,,seed,44
2032.0,0.33984375,,no_return_reserve,,,seed,44
2048.0,0.35468750000000004,,no_return_reserve,,,seed,44
2064.0,0.3596938775510204,,no_return_reserve,,,seed,44
2080.0,0.361328125,,no_return_reserve,,,seed,44
2096.0,0.37343750000000003,,no_return_reserve,,,seed,44
2112.0,0.34566326530612246,,no_return_reserve,,,seed,44
2128.0,0.365234375,,no_return_reserve,,,seed,44
2144.0,0.3828125,,no_return_reserve,,,seed,44
2160.0,0.3482142857142857,,no_return_reserve,,,seed,44
2176.0,0.337890625,,no_return_reserve,,,seed,44
2192.0,0.328125,,no_return_reserve,,,seed,44
2208.0,0.3239795918367347,,no_return_reserve,,,seed,44
2224.0,0.3515625,,no_return_reserve,,,seed,44
2240.0,0.3140625,,no_return_reserve,,,seed,44
2256.0,0.2857142857142857,,no_return_reserve,,,seed,44
2272.0,0.306640625,,no_return_reserve,,,seed,44
2288.0,0.33749999999999997,,no_return_reserve,,,seed,44
2304.0,0.2869897959183674,,no_return_reserve,,,seed,44
2320.0,0.349609375,,no_return_reserve,,,seed,44
2336.0,0.37343750000000003,,no_return_reserve,,,seed,44
2352.0,0.36989795918367346,,no_return_reserve,,,seed,44
2368.0,0.361328125,,no_return_reserve,,,seed,44
2384.0,0.2890625,,no_return_reserve,,,seed,44
2400.0,0.30612244897959184,,no_return_reserve,,,seed,44
2416.0,0.33203125,,no_return_reserve,,,seed,44
2432.0,0.3515625,,no_return_reserve,,,seed,44
2448.0,0.31760204081632654,,no_return_reserve,,,seed,44
2464.0,0.33203125,,no_return_reserve,,,seed,44
2480.0,0.34687500000000004,,no_return_reserve,,,seed,44
2496.0,0.3048469387755102,,no_return_reserve,,,seed,44
2500.0,0.3125,,no_return_reserve,,,seed,44
2516.0,0.34375,,no_return_reserve,,,seed,44
2532.0,0.3596938775510204,,no_return_reserve,,,seed,44
2548.0,0.365234375,,no_return_reserve,,,seed,44
2564.0,0.37812500000000004,,no_return_reserve,,,seed,44
2580.0,0.3316326530612245,,no_return_reserve,,,seed,44
2596.0,0.361328125,,no_return_reserve,,,seed,44
2612.0,0.334375,,no_return_reserve,,,seed,44
2628.0,0.32908163265306123,,no_return_reserve,,,seed,44
2644.0,0.375,,no_return_reserve,,,seed,44
2660.0,0.36875,,no_return_reserve,,,seed,44
2676.0,0.33418367346938777,,no_return_reserve,,,seed,44
2692.0,0.369140625,,no_return_reserve,,,seed,44
2708.0,0.39375000000000004,,no_return_reserve,,,seed,44
2724.0,0.3762755102040816,,no_return_reserve,,,seed,44
2740.0,0.458984375,,no_return_reserve,,,seed,44
2756.0,0.40468750000000003,,no_return_reserve,,,seed,44
2772.0,0.3443877551020408,,no_return_reserve,,,seed,44
2788.0,0.38671875,,no_return_reserve,,,seed,44
2804.0,0.3671875,,no_return_reserve,,,seed,44
2820.0,0.35714285714285715,,no_return_reserve,,,seed,44
2836.0,0.3671875,,no_return_reserve,,,seed,44
2852.0,0.3984375,,no_return_reserve,,,seed,44
2868.0,0.36989795918367346,,no_return_reserve,,,seed,44
2884.0,0.419921875,,no_return_reserve,,,seed,44
2900.0,0.365625,,no_return_reserve,,,seed,44
2916.0,0.326530612244898,,no_return_reserve,,,seed,44
2932.0,0.314453125,,no_return_reserve,,,seed,44
2948.0,0.34687500000000004,,no_return_reserve,,,seed,44
2964.0,0.3137755102040816,,no_return_reserve,,,seed,44
2980.0,0.33984375,,no_return_reserve,,,seed,44
2996.0,0.3375,,no_return_reserve,,,seed,44
3000.0,0.23469387755102042,,no_return_reserve,,,seed,44
16.0,0.15234375,,no_return_reserve,,,seed,45
32.0,0.0859375,,no_return_reserve,,,seed,45
48.0,0.033163265306122444,,no_return_reserve,,,seed,45
64.0,0.041015625,,no_return_reserve,,,seed,45
80.0,0.071875,,no_return_reserve,,,seed,45
96.0,0.042091836734693876,,no_return_reserve,,,seed,45
112.0,0.037109375,,no_return_reserve,,,seed,45
128.0,0.00625,,no_return_reserve,,,seed,45
144.0,0.033163265306122444,,no_return_reserve,,,seed,45
160.0,0.052734375,,no_return_reserve,,,seed,45
176.0,0.128125,,no_return_reserve,,,seed,45
192.0,0.14285714285714285,,no_return_reserve,,,seed,45
208.0,0.10546875,,no_return_reserve,,,seed,45
224.0,0.0359375,,no_return_reserve,,,seed,45
240.0,0.05994897959183673,,no_return_reserve,,,seed,45
250.0,0.075,,no_return_reserve,,,seed,45
266.0,0.034375,,no_return_reserve,,,seed,45
282.0,0.039540816326530615,,no_return_reserve,,,seed,45
298.0,0.060546875,,no_return_reserve,,,seed,45
314.0,0.0703125,,no_return_reserve,,,seed,45
330.0,0.06377551020408163,,no_return_reserve,,,seed,45
346.0,0.046875,,no_return_reserve,,,seed,45
362.0,0.03125,,no_return_reserve,,,seed,45
378.0,0.04591836734693877,,no_return_reserve,,,seed,45
394.0,0.005859375,,no_return_reserve,,,seed,45
410.0,0.00625,,no_return_reserve,,,seed,45
426.0,0.022959183673469385,,no_return_reserve,,,seed,45
442.0,0.064453125,,no_return_reserve,,,seed,45
458.0,0.06718750000000001,,no_return_reserve,,,seed,45
474.0,0.0548469387755102,,no_return_reserve,,,seed,45
490.0,0.146484375,,no_return_reserve,,,seed,45
500.0,0.15999999999999998,,no_return_reserve,,,seed,45
516.0,0.07015306122448979,,no_return_reserve,,,seed,45
532.0,0.0703125,,no_return_reserve,,,seed,45
548.0,0.0171875,,no_return_reserve,,,seed,45
564.0,0.048469387755102046,,no_return_reserve,,,seed,45
580.0,0.015625,,no_return_reserve,,,seed,45
596.0,0.018750000000000003,,no_return_reserve,,,seed,45
612.0,0.057397959183673464,,no_return_reserve,,,seed,45
628.0,0.13671875,,no_return_reserve,,,seed,45
644.0,0.084375,,no_return_reserve,,,seed,45
660.0,0.06249999999999999,,no_return_reserve,,,seed,45
676.0,0.08203125,,no_return_reserve,,,seed,45
692.0,0.021875,,no_return_reserve,,,seed,45
708.0,0.03443877551020408,,no_return_reserve,,,seed,45
724.0,0.013671875,,no_return_reserve,,,seed,45
740.0,0.0015625,,no_return_reserve,,,seed,45
756.0,0.02040816326530612,,no_return_reserve,,,seed,45
772.0,0.0390625,,no_return_reserve,,,seed,45
788.0,0.0484375,,no_return_reserve,,,seed,45
804.0,0.1058673469387755,,no_return_reserve,,,seed,45
820.0,0.068359375,,no_return_reserve,,,seed,45
836.0,0.10781249999999999,,no_return_reserve,,,seed,45
852.0,0.11224489795918367,,no_return_reserve,,,seed,45
868.0,0.154296875,,no_return_reserve,,,seed,45
884.0,0.1515625,,no_return_reserve,,,seed,45
900.0,0.14795918367346939,,no_return_reserve,,,seed,45
916.0,0.21875,,no_return_reserve,,,seed,45
932.0,0.28281249999999997,,no_return_reserve,,,seed,45
948.0,0.3010204081632653,,no_return_reserve,,,seed,45
964.0,0.21875,,no_return_reserve,,,seed,45
980.0,0.121875,,no_return_reserve,,,seed,45
996.0,0.18494897959183673,,no_return_reserve,,,seed,45
1000.0,0.2421875,,no_return_reserve,,,seed,45
1016.0,0.221875,,no_return_reserve,,,seed,45
1032.0,0.17984693877551022,,no_return_reserve,,,seed,45
1048.0,0.248046875,,no_return_reserve,,,seed,45
1064.0,0.27499999999999997,,no_return_reserve,,,seed,45
1080.0,0.3252551020408163,,no_return_reserve,,,seed,45
1096.0,0.265625,,no_return_reserve,,,seed,45
1112.0,0.3171875,,no_return_reserve,,,seed,45
1128.0,0.26785714285714285,,no_return_reserve,,,seed,45
1144.0,0.20703125,,no_return_reserve,,,seed,45
1160.0,0.290625,,no_return_reserve,,,seed,45
1176.0,0.3137755102040816,,no_return_reserve,,,seed,45
1192.0,0.357421875,,no_return_reserve,,,seed,45
1208.0,0.34375,,no_return_reserve,,,seed,45
1224.0,0.36862244897959184,,no_return_reserve,,,seed,45
1240.0,0.34375,,no_return_reserve,,,seed,45
1256.0,0.359375,,no_return_reserve,,,seed,45
1272.0,0.37755102040816324,,no_return_reserve,,,seed,45
1288.0,0.408203125,,no_return_reserve,,,seed,45
1304.0,0.4078125,,no_return_reserve,,,seed,45
1320.0,0.3086734693877551,,no_return_reserve,,,seed,45
1336.0,0.361328125,,no_return_reserve,,,seed,45
1352.0,0.3609375,,no_return_reserve,,,seed,45
1368.0,0.3086734693877551,,no_return_reserve,,,seed,45
1384.0,0.298828125,,no_return_reserve,,,seed,45
1400.0,0.29843749999999997,,no_return_reserve,,,seed,45
1416.0,0.2589285714285714,,no_return_reserve,,,seed,45
1432.0,0.13671875,,no_return_reserve,,,seed,45
1448.0,0.2109375,,no_return_reserve,,,seed,45
1464.0,0.22959183673469388,,no_return_reserve,,,seed,45
1480.0,0.32421875,,no_return_reserve,,,seed,45
1496.0,0.34687500000000004,,no_return_reserve,,,seed,45
1500.0,0.2704081632653061,,no_return_reserve,,,seed,45
1516.0,0.36328125,,no_return_reserve,,,seed,45
1532.0,0.315625,,no_return_reserve,,,seed,45
1548.0,0.3354591836734694,,no_return_reserve,,,seed,45
1564.0,0.369140625,,no_return_reserve,,,seed,45
1580.0,0.40156250000000004,,no_return_reserve,,,seed,45
1596.0,0.3150510204081633,,no_return_reserve,,,seed,45
1612.0,0.322265625,,no_return_reserve,,,seed,45
1628.0,0.3359375,,no_return_reserve,,,seed,45
1644.0,0.3737244897959183,,no_return_reserve,,,seed,45
1660.0,0.337890625,,no_return_reserve,,,seed,45
1676.0,0.38125,,no_return_reserve,,,seed,45
1692.0,0.39540816326530615,,no_return_reserve,,,seed,45
1708.0,0.318359375,,no_return_reserve,,,seed,45
1724.0,0.3265625,,no_return_reserve,,,seed,45
1740.0,0.35459183673469385,,no_return_reserve,,,seed,45
1756.0,0.3203125,,no_return_reserve,,,seed,45
1772.0,0.2984375,,no_return_reserve,,,seed,45
1788.0,0.35331632653061223,,no_return_reserve,,,seed,45
1804.0,0.298828125,,no_return_reserve,,,seed,45
1820.0,0.33281249999999996,,no_return_reserve,,,seed,45
1836.0,0.32908163265306123,,no_return_reserve,,,seed,45
1852.0,0.3671875,,no_return_reserve,,,seed,45
1868.0,0.30625,,no_return_reserve,,,seed,45
1884.0,0.24872448979591838,,no_return_reserve,,,seed,45
1900.0,0.25,,no_return_reserve,,,seed,45
1916.0,0.2578125,,no_return_reserve,,,seed,45
1932.0,0.2857142857142857,,no_return_reserve,,,seed,45
1948.0,0.328125,,no_return_reserve,,,seed,45
1964.0,0.4109375,,no_return_reserve,,,seed,45
1980.0,0.38010204081632654,,no_return_reserve,,,seed,45
1996.0,0.34765625,,no_return_reserve,,,seed,45
2000.0,0.31875000000000003,,no_return_reserve,,,seed,45
2016.0,0.3341836734693877,,no_return_reserve,,,seed,45
2032.0,0.34375,,no_return_reserve,,,seed,45
2048.0,0.4125,,no_return_reserve,,,seed,45
2064.0,0.3852040816326531,,no_return_reserve,,,seed,45
2080.0,0.375,,no_return_reserve,,,seed,45
2096.0,0.3828125,,no_return_reserve,,,seed,45
2112.0,0.3877551020408163,,no_return_reserve,,,seed,45
2128.0,0.408203125,,no_return_reserve,,,seed,45
2144.0,0.42500000000000004,,no_return_reserve,,,seed,45
2160.0,0.35331632653061223,,no_return_reserve,,,seed,45
2176.0,0.41796875,,no_return_reserve,,,seed,45
2192.0,0.40156250000000004,,no_return_reserve,,,seed,45
2208.0,0.423469387755102,,no_return_reserve,,,seed,45
2224.0,0.412109375,,no_return_reserve,,,seed,45
2240.0,0.340625,,no_return_reserve,,,seed,45
2256.0,0.39540816326530615,,no_return_reserve,,,seed,45
2272.0,0.38671875,,no_return_reserve,,,seed,45
2288.0,0.3171875,,no_return_reserve,,,seed,45
2304.0,0.3839285714285714,,no_return_reserve,,,seed,45
2320.0,0.27734375,,no_return_reserve,,,seed,45
2336.0,0.353125,,no_return_reserve,,,seed,45
2352.0,0.30994897959183676,,no_return_reserve,,,seed,45
2368.0,0.36328125,,no_return_reserve,,,seed,45
2384.0,0.365625,,no_return_reserve,,,seed,45
2400.0,0.3622448979591837,,no_return_reserve,,,seed,45
2416.0,0.400390625,,no_return_reserve,,,seed,45
2432.0,0.371875,,no_return_reserve,,,seed,45
2448.0,0.3239795918367347,,no_return_reserve,,,seed,45
2464.0,0.375,,no_return_reserve,,,seed,45
2480.0,0.32968749999999997,,no_return_reserve,,,seed,45
2496.0,0.3635204081632653,,no_return_reserve,,,seed,45
2500.0,0.34375,,no_return_reserve,,,seed,45
2516.0,0.44062500000000004,,no_return_reserve,,,seed,45
2532.0,0.3647959183673469,,no_return_reserve,,,seed,45
2548.0,0.40234375,,no_return_reserve,,,seed,45
2564.0,0.4125,,no_return_reserve,,,seed,45
2580.0,0.36989795918367346,,no_return_reserve,,,seed,45
2596.0,0.41796875,,no_return_reserve,,,seed,45
2612.0,0.340625,,no_return_reserve,,,seed,45
2628.0,0.3482142857142857,,no_return_reserve,,,seed,45
2644.0,0.3359375,,no_return_reserve,,,seed,45
2660.0,0.40312499999999996,,no_return_reserve,,,seed,45
2676.0,0.3737244897959184,,no_return_reserve,,,seed,45
2692.0,0.44921875,,no_return_reserve,,,seed,45
2708.0,0.4125,,no_return_reserve,,,seed,45
2724.0,0.36607142857142855,,no_return_reserve,,,seed,45
2740.0,0.396484375,,no_return_reserve,,,seed,45
2756.0,0.4171875,,no_return_reserve,,,seed,45
2772.0,0.41964285714285715,,no_return_reserve,,,seed,45
2788.0,0.46875,,no_return_reserve,,,seed,45
2804.0,0.4375,,no_return_reserve,,,seed,45
2820.0,0.33290816326530615,,no_return_reserve,,,seed,45
2836.0,0.375,,no_return_reserve,,,seed,45
2852.0,0.415625,,no_return_reserve,,,seed,45
2868.0,0.35586734693877553,,no_return_reserve,,,seed,45
2884.0,0.453125,,no_return_reserve,,,seed,45
2900.0,0.4296875,,no_return_reserve,,,seed,45
2916.0,0.3380102040816326,,no_return_reserve,,,seed,45
2932.0,0.375,,no_return_reserve,,,seed,45
2948.0,0.375,,no_return_reserve,,,seed,45
2964.0,0.39540816326530615,,no_return_reserve,,,seed,45
2980.0,0.3984375,,no_return_reserve,,,seed,45
2996.0,0.3578125,,no_return_reserve,,,seed,45
3000.0,0.4183673469387755,,no_return_reserve,,,seed,45
16.0,0.23046875,,no_return_reserve,,,seed,46
32.0,0.1390625,,no_return_reserve,,,seed,46
48.0,0.08545918367346939,,no_return_reserve,,,seed,46
64.0,0.119140625,,no_return_reserve,,,seed,46
80.0,0.084375,,no_return_reserve,,,seed,46
96.0,0.03571428571428571,,no_return_reserve,,,seed,46
112.0,0.0390625,,no_return_reserve,,,seed,46
128.0,0.028124999999999997,,no_return_reserve,,,seed,46
144.0,0.03443877551020408,,no_return_reserve,,,seed,46
160.0,0.01953125,,no_return_reserve,,,seed,46
176.0,0.0359375,,no_return_reserve,,,seed,46
192.0,0.053571428571428575,,no_return_reserve,,,seed,46
208.0,0.07421875,,no_return_reserve,,,seed,46
224.0,0.103125,,no_return_reserve,,,seed,46
240.0,0.09183673469387754,,no_return_reserve,,,seed,46
250.0,0.0875,,no_return_reserve,,,seed,46
266.0,0.09843750000000001,,no_return_reserve,,,seed,46
282.0,0.1096938775510204,,no_return_reserve,,,seed,46
298.0,0.111328125,,no_return_reserve,,,seed,46
314.0,0.25312500000000004,,no_return_reserve,,,seed,46
330.0,0.16198979591836735,,no_return_reserve,,,seed,46
346.0,0.169921875,,no_return_reserve,,,seed,46
362.0,0.1921875,,no_return_reserve,,,seed,46
378.0,0.19515306122448978,,no_return_reserve,,,seed,46
394.0,0.23828125,,no_return_reserve,,,seed,46
410.0,0.21875,,no_return_reserve,,,seed,46
426.0,0.11096938775510204,,no_return_reserve,,,seed,46
442.0,0.130859375,,no_return_reserve,,,seed,46
458.0,0.215625,,no_return_reserve,,,seed,46
474.0,0.2385204081632653,,no_return_reserve,,,seed,46
490.0,0.21484375,,no_return_reserve,,,seed,46
500.0,0.10999999999999999,,no_return_reserve,,,seed,46
516.0,0.26403061224489793,,no_return_reserve,,,seed,46
532.0,0.232421875,,no_return_reserve,,,seed,46
548.0,0.171875,,no_return_reserve,,,seed,46
564.0,0.2385204081632653,,no_return_reserve,,,seed,46
580.0,0.259765625,,no_return_reserve,,,seed,46
596.0,0.31406249999999997,,no_return_reserve,,,seed,46
612.0,0.29719387755102045,,no_return_reserve,,,seed,46
628.0,0.28515625,,no_return_reserve,,,seed,46
644.0,0.2578125,,no_return_reserve,,,seed,46
660.0,0.24234693877551022,,no_return_reserve,,,seed,46
676.0,0.326171875,,no_return_reserve,,,seed,46
692.0,0.2515625,,no_return_reserve,,,seed,46
708.0,0.19005102040816324,,no_return_reserve,,,seed,46
724.0,0.298828125,,no_return_reserve,,,seed,46
740.0,0.2140625,,no_return_reserve,,,seed,46
756.0,0.25765306122448983,,no_return_reserve,,,seed,46
772.0,0.2265625,,no_return_reserve,,,seed,46
788.0,0.2671875,,no_return_reserve,,,seed,46
804.0,0.26530612244897955,,no_return_reserve,,,seed,46
820.0,0.236328125,,no_return_reserve,,,seed,46
836.0,0.18906250000000002,,no_return_reserve,,,seed,46
852.0,0.25637755102040816,,no_return_reserve,,,seed,46
868.0,0.232421875,,no_return_reserve,,,seed,46
884.0,0.25312500000000004,,no_return_reserve,,,seed,46
900.0,0.30612244897959184,,no_return_reserve,,,seed,46
916.0,0.220703125,,no_return_reserve,,,seed,46
932.0,0.2375,,no_return_reserve,,,seed,46
948.0,0.30612244897959184,,no_return_reserve,,,seed,46
964.0,0.271484375,,no_return_reserve,,,seed,46
980.0,0.3203125,,no_return_reserve,,,seed,46
996.0,0.3112244897959184,,no_return_reserve,,,seed,46
1000.0,0.3203125,,no_return_reserve,,,seed,46
1016.0,0.35,,no_return_reserve,,,seed,46
1032.0,0.32015306122448983,,no_return_reserve,,,seed,46
1048.0,0.302734375,,no_return_reserve,,,seed,46
1064.0,0.30937499999999996,,no_return_reserve,,,seed,46
1080.0,0.3227040816326531,,no_return_reserve,,,seed,46
1096.0,0.271484375,,no_return_reserve,,,seed,46
1112.0,0.19843750000000002,,no_return_reserve,,,seed,46
1128.0,0.30739795918367346,,no_return_reserve,,,seed,46
1144.0,0.337890625,,no_return_reserve,,,seed,46
1160.0,0.334375,,no_return_reserve,,,seed,46
1176.0,0.3341836734693877,,no_return_reserve,,,seed,46
1192.0,0.328125,,no_return_reserve,,,seed,46
1208.0,0.303125,,no_return_reserve,,,seed,46
1224.0,0.27040816326530615,,no_return_reserve,,,seed,46
1240.0,0.3203125,,no_return_reserve,,,seed,46
1256.0,0.275,,no_return_reserve,,,seed,46
1272.0,0.3176020408163265,,no_return_reserve,,,seed,46
1288.0,0.30859375,,no_return_reserve,,,seed,46
1304.0,0.3359375,,no_return_reserve,,,seed,46
1320.0,0.2895408163265306,,no_return_reserve,,,seed,46
1336.0,0.298828125,,no_return_reserve,,,seed,46
1352.0,0.3046875,,no_return_reserve,,,seed,46
1368.0,0.3801020408163265,,no_return_reserve,,,seed,46
1384.0,0.34765625,,no_return_reserve,,,seed,46
1400.0,0.40312500000000007,,no_return_reserve,,,seed,46
1416.0,0.3622448979591837,,no_return_reserve,,,seed,46
1432.0,0.36328125,,no_return_reserve,,,seed,46
1448.0,0.3640625,,no_return_reserve,,,seed,46
1464.0,0.29591836734693877,,no_return_reserve,,,seed,46
1480.0,0.396484375,,no_return_reserve,,,seed,46
1496.0,0.3640625,,no_return_reserve,,,seed,46
1500.0,0.41326530612244894,,no_return_reserve,,,seed,46
1516.0,0.26171875,,no_return_reserve,,,seed,46
1532.0,0.3296875,,no_return_reserve,,,seed,46
1548.0,0.34566326530612246,,no_return_reserve,,,seed,46
1564.0,0.392578125,,no_return_reserve,,,seed,46
1580.0,0.3890625,,no_return_reserve,,,seed,46
1596.0,0.34183673469387754,,no_return_reserve,,,seed,46
1612.0,0.310546875,,no_return_reserve,,,seed,46
1628.0,0.321875,,no_return_reserve,,,seed,46
1644.0,0.3341836734693877,,no_return_reserve,,,seed,46
1660.0,0.427734375,,no_return_reserve,,,seed,46
1676.0,0.3953125,,no_return_reserve,,,seed,46
1692.0,0.40816326530612246,,no_return_reserve,,,seed,46
1708.0,0.3359375,,no_return_reserve,,,seed,46
1724.0,0.4234375,,no_return_reserve,,,seed,46
1740.0,0.39413265306122447,,no_return_reserve,,,seed,46
1756.0,0.341796875,,no_return_reserve,,,seed,46
1772.0,0.2890625,,no_return_reserve,,,seed,46
1788.0,0.3392857142857143,,no_return_reserve,,,seed,46
1804.0,0.388671875,,no_return_reserve,,,seed,46
1820.0,0.3625,,no_return_reserve,,,seed,46
1836.0,0.326530612244898,,no_return_reserve,,,seed,46
1852.0,0.33203125,,no_return_reserve,,,seed,46
1868.0,0.4296875,,no_return_reserve,,,seed,46
1884.0,0.39158163265306123,,no_return_reserve,,,seed,46
1900.0,0.416015625,,no_return_reserve,,,seed,46
1916.0,0.346875,,no_return_reserve,,,seed,46
1932.0,0.2857142857142857,,no_return_reserve,,,seed,46
1948.0,0.359375,,no_return_reserve,,,seed,46
1964.0,0.2828125,,no_return_reserve,,,seed,46
1980.0,0.27933673469387754,,no_return_reserve,,,seed,46
1996.0,0.3046875,,no_return_reserve,,,seed,46
2000.0,0.3125,,no_return_reserve,,,seed,46
2016.0,0.29974489795918363,,no_return_reserve,,,seed,46
2032.0,0.341796875,,no_return_reserve,,,seed,46
2048.0,0.3484375,,no_return_reserve,,,seed,46
2064.0,0.32015306122448983,,no_return_reserve,,,seed,46
2080.0,0.392578125,,no_return_reserve,,,seed,46
2096.0,0.26718749999999997,,no_return_reserve,,,seed,46
2112.0,0.3125,,no_return_reserve,,,seed,46
2128.0,0.328125,,no_return_reserve,,,seed,46
2144.0,0.3328125,,no_return_reserve,,,seed,46
2160.0,0.3494897959183673,,no_return_reserve,,,seed,46
2176.0,0.341796875,,no_return_reserve,,,seed,46
2192.0,0.359375,,no_return_reserve,,,seed,46
2208.0,0.3380102040816326,,no_return_reserve,,,seed,46
2224.0,0.341796875,,no_return_reserve,,,seed,46
2240.0,0.4453125,,no_return_reserve,,,seed,46
2256.0,0.4119897959183674,,no_return_reserve,,,seed,46
2272.0,0.359375,,no_return_reserve,,,seed,46
2288.0,0.390625,,no_return_reserve,,,seed,46
2304.0,0.39030612244897955,,no_return_reserve,,,seed,46
2320.0,0.3828125,,no_return_reserve,,,seed,46
2336.0,0.396875,,no_return_reserve,,,seed,46
2352.0,0.34183673469387754,,no_return_reserve,,,seed,46
2368.0,0.421875,,no_return_reserve,,,seed,46
2384.0,0.38593750000000004,,no_return_reserve,,,seed,46
2400.0,0.36096938775510207,,no_return_reserve,,,seed,46
2416.0,0.4140625,,no_return_reserve,,,seed,46
2432.0,0.38125000000000003,,no_return_reserve,,,seed,46
2448.0,0.3622448979591837,,no_return_reserve,,,seed,46
2464.0,0.35546875,,no_return_reserve,,,seed,46
2480.0,0.3828125,,no_return_reserve,,,seed,46
2496.0,0.3737244897959183,,no_return_reserve,,,seed,46
2500.0,0.3828125,,no_return_reserve,,,seed,46
2516.0,0.3921875,,no_return_reserve,,,seed,46
2532.0,0.4260204081632653,,no_return_reserve,,,seed,46
2548.0,0.37109375,,no_return_reserve,,,seed,46
2564.0,0.4203125,,no_return_reserve,,,seed,46
2580.0,0.41964285714285715,,no_return_reserve,,,seed,46
2596.0,0.439453125,,no_return_reserve,,,seed,46
2612.0,0.4390625,,no_return_reserve,,,seed,46
2628.0,0.3788265306122449,,no_return_reserve,,,seed,46
2644.0,0.369140625,,no_return_reserve,,,seed,46
2660.0,0.371875,,no_return_reserve,,,seed,46
2676.0,0.4336734693877551,,no_return_reserve,,,seed,46
2692.0,0.44140625,,no_return_reserve,,,seed,46
2708.0,0.346875,,no_return_reserve,,,seed,46
2724.0,0.36862244897959184,,no_return_reserve,,,seed,46
2740.0,0.4296875,,no_return_reserve,,,seed,46
2756.0,0.34062499999999996,,no_return_reserve,,,seed,46
2772.0,0.3571428571428571,,no_return_reserve,,,seed,46
2788.0,0.4375,,no_return_reserve,,,seed,46
2804.0,0.37812500000000004,,no_return_reserve,,,seed,46
2820.0,0.3647959183673469,,no_return_reserve,,,seed,46
2836.0,0.40234375,,no_return_reserve,,,seed,46
2852.0,0.4265625,,no_return_reserve,,,seed,46
2868.0,0.3622448979591837,,no_return_reserve,,,seed,46
2884.0,0.328125,,no_return_reserve,,,seed,46
2900.0,0.3890625,,no_return_reserve,,,seed,46
2916.0,0.39540816326530615,,no_return_reserve,,,seed,46
2932.0,0.4375,,no_return_reserve,,,seed,46
2948.0,0.4203125,,no_return_reserve,,,seed,46
2964.0,0.3494897959183673,,no_return_reserve,,,seed,46
2980.0,0.388671875,,no_return_reserve,,,seed,46
2996.0,0.3765625,,no_return_reserve,,,seed,46
3000.0,0.4744897959183673,,no_return_reserve,,,seed,46
0.0,,0.181640625,no_return_reserve,0.154296875,0.19140625,summary,
20.0,,0.16083984375,no_return_reserve,0.14658203125,0.1720703125,summary,
40.0,,0.09147002551020408,no_return_reserve,0.06962691326530612,0.1122608418367347,summary,
60.0,,0.0936702806122449,no_return_reserve,0.04096580038265306,0.10950454400510204,summary,
80.0,,0.071875,no_return_reserve,0.05781250000000001,0.084375,summary,
100.0,,0.03655133928571429,no_return_reserve,0.034677933673469385,0.040846221301020405,summary,
120.0,,0.03359375,no_return_reserve,0.0259765625,0.0515625,summary,
140.0,,0.03286033163265306,no_return_reserve,0.026729910714285713,0.057110969387755096,summary,
160.0,,0.025390625,no_return_reserve,0.0234375,0.052734375,summary,
180.0,,0.06973852040816325,no_return_reserve,0.040345982142857145,0.1318080357142857,summary,
200.0,,0.08591757015306123,no_return_reserve,0.06389508928571429,0.10373485331632652,summary,
220.0,,0.053320312499999994,no_return_reserve,0.0478515625,0.09589843749999999,summary,
240.0,,0.05994897959183673,no_return_reserve,0.04591836734693877,0.061224489795918366,summary,
260.0,,0.09433593750000001,no_return_reserve,0.049609375,0.105078125,summary,
280.0,,0.10828683035714286,no_return_reserve,0.07689732142857143,0.12371651785714285,summary,
300.0,,0.105859375,no_return_reserve,0.061767578125,0.129052734375,summary,
320.0,,0.06786112882653061,no_return_reserve,0.05460778061224489,0.21894929846938777,summary,
340.0,,0.0714584661989796,no_return_reserve,0.053212691326530615,0.16694734534438777,summary,
360.0,,0.061816406250000004,no_return_reserve,0.044726562500000004,0.11201171875000002,summary,
380.0,,0.11094447544642858,no_return_reserve,0.10501534598214285,0.11969866071428573,summary,
400.0,,0.161279296875,no_return_reserve,0.1146484375,0.19125976562500002,summary,
420.0,,0.12775829081632653,no_return_reserve,0.12122528698979591,0.15138711734693877,summary,
440.0,,0.10556341677295919,no_return_reserve,0.05926638233418367,0.12837312659438777,summary,
460.0,,0.12123724489795917,no_return_reserve,0.06564492984693879,0.12176339285714285,summary,
480.0,,0.13469587053571427,no_return_reserve,0.08921097735969388,0.19969208386479592,summary,
500.0,,0.15999999999999998,no_return_reserve,0.11999999999999997,0.21750000000000003,summary,
520.0,,0.2500797193877551,no_return_reserve,0.20803770727040816,0.25612842793367346,summary,
540.0,,0.2033203125,no_return_reserve,0.2021484375,0.248046875,summary,
560.0,,0.221859056122449,no_return_reserve,0.18574617346938777,0.22844387755102039,summary,
580.0,,0.212890625,no_return_reserve,0.099609375,0.220703125,summary,
600.0,,0.2277423469387755,no_return_reserve,0.17124521683673471,0.24595822704081632,summary,
620.0,,0.19152582908163265,no_return_reserve,0.12745137117346939,0.228336256377551,summary,
640.0,,0.19697265625,no_return_reserve,0.17138671875,0.22480468750000002,summary,
660.0,,0.20408163265306123,no_return_reserve,0.18494897959183676,0.24234693877551022,summary,
680.0,,0.28544921875,no_return_reserve,0.23935546875,0.30751953125,summary,
700.0,,0.22080676020408163,no_return_reserve,0.1963966836734694,0.2383769132653061,summary,
720.0,,0.20795798788265307,no_return_reserve,0.12476084183673469,0.21860052614795916,summary,
740.0,,0.2140625,no_return_reserve,0.1984375,0.2203125,summary,
760.0,,0.205257493622449,no_return_reserve,0.19321986607142858,0.24988042091836737,summary,
780.0,,0.246875,no_return_reserve,0.158984375,0.286328125,summary,
800.0,,0.19332748724489796,no_return_reserve,0.1665656887755102,0.26577646683673467,summary,
820.0,,0.236328125,no_return_reserve,0.205078125,0.259765625,summary,
840.0,,0.2999202806122449,no_return_reserve,0.20589126275510206,0.3037547831632653,summary,
860.0,,0.27132493622448983,no_return_reserve,0.24439971301020408,0.3071189413265306,summary,
880.0,,0.24794921875000003,no_return_reserve,0.2353515625,0.3173828125,summary,
900.0,,0.25892857142857145,no_return_reserve,0.1785714285714286,0.29591836734693877,summary,
920.0,,0.23476562499999998,no_return_reserve,0.22490234375,0.2638671875,summary,
940.0,,0.2694834183673469,no_return_reserve,0.24846938775510205,0.2718112244897959,summary,
960.0,,0.25612842793367346,no_return_reserve,0.2393176020408163,0.260562818877551,summary,
980.0,,0.290625,no_return_reserve,0.2453125,0.3203125,summary,
1000.0,,0.3203125,no_return_reserve,0.296875,0.328125,summary,
1020.0,,0.3040816326530612,no_return_reserve,0.29843749999999997,0.3425382653061224,summary,
1040.0,,0.30171795280612246,no_return_reserve,0.2900390625,0.3114437181122449,summary,
1060.0,,0.29541015625,no_return_reserve,0.26826171875,0.30732421875000004,summary,
1080.0,,0.3227040816326531,no_return_reserve,0.29209183673469385,0.3227040816326531,summary,
1100.0,,0.278515625,no_return_reserve,0.25322265625,0.29921875,summary,
1120.0,,0.2573182397959184,no_return_reserve,0.2529177295918367,0.29252232142857143,summary,
1140.0,,0.28158880739795916,no_return_reserve,0.26369180484693877,0.3302674585459184,summary,
1160.0,,0.334375,no_return_reserve,0.290625,0.334375,summary,
1180.0,,0.3326690051020408,no_return_reserve,0.3273776307397959,0.3338647959183674,summary,
1200.0,,0.3505859375,no_return_reserve,0.3244140625,0.359375,summary,
1220.0,,0.35676817602040817,no_return_reserve,0.30166613520408164,0.36240433673469385,summary,
1240.0,,0.3203125,no_return_reserve,0.310546875,0.34375,summary,
1260.0,,0.31667729591836735,no_return_reserve,0.2856505102040816,0.35549266581632655,summary,
1280.0,,0.31309789540816324,no_return_reserve,0.3103077168367347,0.3910634566326531,summary,
1300.0,,0.3291015625,no_return_reserve,0.3052734375,0.3294921875,summary,
1320.0,,0.3010204081632653,no_return_reserve,0.2895408163265306,0.3086734693877551,summary,
1340.0,,0.36123046875,no_return_reserve,0.30029296875,0.37431640625,summary,
1360.0,,0.33480548469387755,no_return_reserve,0.3308514030612245,0.34239477040816324,summary,
1380.0,,0.33817960778061223,no_return_reserve,0.3023656728316326,0.3557676977040816,summary,
1400.0,,0.328125,no_return_reserve,0.31875,0.35625,summary,
1420.0,,0.29703443877551017,no_return_reserve,0.2810208067602041,0.33376514668367346,summary,
1440.0,,0.29765625,no_return_reserve,0.2470703125,0.363671875,summary,
1460.0,,0.31295440051020407,no_return_reserve,0.22492825255102042,0.3195870535714286,summary,
1480.0,,0.32421875,no_return_reserve,0.310546875,0.37109375,summary,
1500.0,,0.3622448979591837,no_return_reserve,0.2704081632653061,0.3979591836734694,summary,
1520.0,,0.3990234375,no_return_reserve,0.3513671875,0.40595703125,summary,
1540.0,,0.33445471938775506,no_return_reserve,0.32554209183673466,0.33767538265306124,summary,
1560.0,,0.3607202646683674,no_return_reserve,0.30912189094387754,0.3723891900510204,summary,
1580.0,,0.36250000000000004,no_return_reserve,0.3328125,0.3890625,summary,
1600.0,,0.33401426977040816,no_return_reserve,0.32906170280612246,0.3502670599489796,summary,
1620.0,,0.3291015625,no_return_reserve,0.3162109375,0.341015625,summary,
1640.0,,0.33110650510204076,no_return_reserve,0.3234614158163265,0.34654815051020404,summary,
1660.0,,0.353515625,no_return_reserve,0.337890625,0.40625,summary,
1680.0,,0.37405931122448977,no_return_reserve,0.35837850765306123,0.38478954081632655,summary,
1700.0,,0.3568837691326531,no_return_reserve,0.35514987244897955,0.37205038265306123,summary,
1720.0,,0.35595703125,no_return_reserve,0.34843749999999996,0.387109375,summary,
1740.0,,0.3826530612244898,no_return_reserve,0.35459183673469385,0.39413265306122447,summary,
1760.0,,0.3625,no_return_reserve,0.32861328125,0.3853515625,summary,
1780.0,,0.3366071428571428,no_return_reserve,0.3258769132653061,0.35953443877551017,summary,
1800.0,,0.3595145089285714,no_return_reserve,0.345703125,0.3763253348214286,summary,
1820.0,,0.36250000000000004,no_return_reserve,0.3625,0.384375,summary,
1840.0,,0.3279057716836735,no_return_reserve,0.3274972098214286,0.3348413584183674,summary,
1860.0,,0.358984375,no_return_reserve,0.33671875,0.37519531250000004,summary,
1880.0,,0.33253348214285716,no_return_reserve,0.3126594387755102,0.34224330357142857,summary,
1900.0,,0.34765625,no_return_reserve,0.345703125,0.369140625,summary,
1920.0,,0.3452806122448979,no_return_reserve,0.33158482142857143,0.3778619260204082,summary,
1940.0,,0.32254464285714285,no_return_reserve,0.3167051977040816,0.3307955994897959,summary,
1960.0,,0.30195312500000004,no_return_reserve,0.29951171875000004,0.383203125,summary,
1980.0,,0.3048469387755102,no_return_reserve,0.284438775510204,0.3596938775510204,summary,
2000.0,,0.31875000000000003,no_return_reserve,0.31875,0.325,summary,
2020.0,,0.3365752551020408,no_return_reserve,0.32411910076530615,0.35190130739795916,summary,
2040.0,,0.357421875,no_return_reserve,0.347265625,0.378125,summary,
2060.0,,0.37413903061224485,no_return_reserve,0.3584422831632653,0.38069993622448983,summary,
2080.0,,0.375,no_return_reserve,0.361328125,0.392578125,summary,
2100.0,,0.3840481505102041,no_return_reserve,0.3664939413265306,0.3967235331632653,summary,
2120.0,,0.3838488520408163,no_return_reserve,0.35544882015306123,0.3959861288265306,summary,
2140.0,,0.37841796875,no_return_reserve,0.35087890624999996,0.396484375,summary,
2160.0,,0.35331632653061223,no_return_reserve,0.3494897959183673,0.3839285714285714,summary,
2180.0,,0.33544921875,no_return_reserve,0.3333984375,0.34619140625,summary,
2200.0,,0.3486926020408163,no_return_reserve,0.3260522959183674,0.4064732142857143,summary,
2220.0,,0.3446667729591837,no_return_reserve,0.34085020727040816,0.39132254464285715,summary,
2240.0,,0.36874999999999997,no_return_reserve,0.340625,0.39375,summary,
2260.0,,0.37880660076530615,no_return_reserve,0.3721301020408163,0.3932358099489796,summary,
2280.0,,0.375,no_return_reserve,0.351953125,0.389453125,summary,
2300.0,,0.3822464923469388,no_return_reserve,0.36724330357142854,0.39038584183673464,summary,
2320.0,,0.3828125,no_return_reserve,0.349609375,0.396484375,summary,
2340.0,,0.3725526147959184,no_return_reserve,0.3626514668367347,0.38311543367346934,summary,
2360.0,,0.36593191964285715,no_return_reserve,0.36561304209183676,0.38185586734693877,summary,
2380.0,,0.39492187500000003,no_return_reserve,0.36503906249999996,0.40634765625,summary,
2400.0,,0.3443877551020408,no_return_reserve,0.3137755102040816,0.36096938775510207,summary,
2420.0,,0.3443359375,no_return_reserve,0.3369140625,0.39326171875,summary,
2440.0,,0.34536033163265306,no_return_reserve,0.33458227040816324,0.34792729591836735,summary,
2460.0,,0.3284239477040816,no_return_reserve,0.32639110331632654,0.3571627869897959,summary,
2480.0,,0.34687500000000004,no_return_reserve,0.32968749999999997,0.365625,summary,
2500.0,,0.34375,no_return_reserve,0.3125,0.3828125,summary,
2520.0,,0.37497608418367345,no_return_reserve,0.37031250000000004,0.40064572704081636,summary,
2540.0,,0.3950693558673469,no_return_reserve,0.38356983418367346,0.396484375,summary,
2560.0,,0.40800781249999996,no_return_reserve,0.37490234375000003,0.40996093749999996,summary,
2580.0,,0.3839285714285714,no_return_reserve,0.36989795918367346,0.40433673469387754,summary,
2600.0,,0.3986328125,no_return_reserve,0.35458984375,0.4234375,summary,
2620.0,,0.35062181122448977,no_return_reserve,0.3444196428571429,0.3589923469387755,summary,
2640.0,,0.33906648596938777,no_return_reserve,0.3390066964285714,0.3635204081632653,summary,
2660.0,,0.371875,no_return_reserve,0.36875,0.384375,summary,
2680.0,,0.38967833227040816,no_return_reserve,0.3729272959183673,0.39259805484693877,summary,
2700.0,,0.3869140625,no_return_reserve,0.3814453125,0.394140625,summary,
2720.0,,0.37886639030612246,no_return_reserve,0.3776785714285714,0.38064413265306124,summary,
2740.0,,0.4296875,no_return_reserve,0.396484375,0.458984375,summary,
2760.0,,0.38961256377551023,no_return_reserve,0.3892617984693878,0.40580357142857143,summary,
2780.0,,0.39732142857142855,no_return_reserve,0.38992745535714285,0.39981265943877553,summary,
2800.0,,0.41181640625000004,no_return_reserve,0.39296875000000003,0.44072265624999996,summary,
2820.0,,0.35714285714285715,no_return_reserve,0.3494897959183673,0.3647959183673469,summary,
2840.0,,0.38330078125,no_return_reserve,0.375,0.38515625,summary,
2860.0,,0.3944036989795918,no_return_reserve,0.3857461734693878,0.4025829081632653,summary,
2880.0,,0.4074158960459184,no_return_reserve,0.3951391103316326,0.4214465082908163,summary,
2900.0,,0.3890625,no_return_reserve,0.365625,0.4296875,summary,
2920.0,,0.34725765306122447,no_return_reserve,0.3439991230867347,0.4059311224489796,summary,
2940.0,,0.3822265625,no_return_reserve,0.375,0.4197265625,summary,
2960.0,,0.3751753826530612,no_return_reserve,0.3671954719387755,0.3899394132653061,summary,
2980.0,,0.388671875,no_return_reserve,0.36328125,0.3984375,summary,
3000.0,,0.40816326530612246,no_return_reserve,0.38265306122448983,0.4183673469387755,summary,
