model,training_seed,environment_interactions,return_rate
full,42,66,1
full,42,142,1
full,42,244,1
full,42,328,1
full,42,437,1
full,42,538,1
full,42,632,1
full,42,741,1
full,42,868,1
full,42,964,1
full,42,1086,1
full,42,1231,1
full,42,1339,1
full,42,1465,1
full,42,1606,1
full,42,1682,1
full,42,1812,1
full,42,1952,1
full,42,2072,1
full,42,2192,1
full,42,2328,1
full,42,2455,1
full,42,2585,1
full,42,2732,1
full,42,2853,1
full,42,2977,1
full,42,3104,1
full,42,3217,1
full,42,3353,1
full,42,3499,1
full,42,3632,1
full,42,3713,1
full,42,3869,1
full,42,3981,1
full,42,4123,1
full,42,4292,1
full,42,4403,1
full,42,4530,1
full,42,4675,1
full,42,4788,1
full,42,4935,1
full,42,5100,1
full,42,5240,1
full,42,5388,1
full,42,5555,1
full,42,5674,1
full,42,5813,1
full,42,5976,1
full,42,6110,1
full,42,6245,1
full,42,6412,1
full,42,6548,1
full,42,6694,1
full,42,6885,1
full,42,7025,1
full,42,7195,1
full,42,7361,1
full,42,7496,1
full,42,7646,1
full,42,7831,1
full,42,7956,1
full,42,8112,1
full,42,8285,1
full,42,8319,1
full,42,8465,1
full,42,8636,1
full,42,8761,1
full,42,8912,1
full,42,9092,1
full,42,9210,1
full,42,9356,1
full,42,9534,1
full,42,9673,1
full,42,9832,1
full,42,9997,1
full,42,10105,1
full,42,10257,1
full,42,10400,1
full,42,10520,1
full,42,10685,1
full,42,10844,1
full,42,10964,1
full,42,11098,1
full,42,11259,1
full,42,11374,1
full,42,11522,1
full,42,11697,1
full,42,11821,1
full,42,11958,1
full,42,12093,1
full,42,12201,1
full,42,12348,1
full,42,12527,1
full,42,12652,1
full,42,12801,1
full,42,12844,1
full,42,12979,1
full,42,13115,1
full,42,13286,1
full,42,13403,1
full,42,13554,1
full,42,13712,1
full,42,13851,1
full,42,14004,1
full,42,14152,1
full,42,14282,1
full,42,14422,1
full,42,14604,1
full,42,14733,1
full,42,14885,1
full,42,15061,1
full,42,15190,1
full,42,15328,1
full,42,15505,1
full,42,15636,1
full,42,15785,1
full,42,15954,1
full,42,16090,1
full,42,16250,1
full,42,16416,1
full,42,16534,1
full,42,16680,1
full,42,16854,1
full,42,16979,1
full,42,17132,1
full,42,17313,1
full,42,17452,1
full,42,17497,1
full,42,17657,1
full,42,17785,1
full,42,17916,1
full,42,18095,1
full,42,18213,1
full,42,18371,1
full,42,18555,1
full,42,18696,1
full,42,18841,1
full,42,19020,1
full,42,19149,1
full,42,19298,1
full,42,19488,1
full,42,19601,1
full,42,19774,1
full,42,19946,1
full,42,20075,1
full,42,20241,1
full,42,20409,1
full,42,20536,1
full,42,20688,1
full,42,20845,1
full,42,20985,1
full,42,21135,1
full,42,21298,1
full,42,21414,1
full,42,21556,1
full,42,21710,1
full,42,21832,1
full,42,21985,1
full,42,22151,1
full,42,22179,1
full,42,22329,1
full,42,22497,1
full,42,22623,1
full,42,22754,1
full,42,22931,1
full,42,23049,1
full,42,23202,1
full,42,23373,1
full,42,23487,1
full,42,23608,1
full,42,23762,1
full,42,23893,1
full,42,24044,1
full,42,24217,1
full,42,24347,1
full,42,24493,1
full,42,24666,1
full,42,24803,1
full,42,24954,1
full,42,25114,1
full,42,25241,1
full,42,25382,1
full,42,25555,1
full,42,25668,1
full,42,25815,1
full,42,25939,1
full,42,26073,1
full,42,26209,1
full,42,26361,1
full,42,26487,1
full,42,26632,1
full,42,26679,1
full,43,78,1
full,43,156,1
full,43,248,1
full,43,326,1
full,43,439,1
full,43,542,1
full,43,626,1
full,43,736,1
full,43,864,1
full,43,958,1
full,43,1064,1
full,43,1207,1
full,43,1314,1
full,43,1452,1
full,43,1594,1
full,43,1675,1
full,43,1808,1
full,43,1938,1
full,43,2039,1
full,43,2182,1
full,43,2337,1
full,43,2461,1
full,43,2607,1
full,43,2764,1
full,43,2887,1
full,43,3032,1
full,43,3199,1
full,43,3323,1
full,43,3451,1
full,43,3602,1
full,43,3729,1
full,43,3816,1
full,43,3983,1
full,43,4100,1
full,43,4244,1
full,43,4399,1
full,43,4531,1
full,43,4676,1
full,43,4819,1
full,43,4946,1
full,43,5087,1
full,43,5252,1
full,43,5367,1
full,43,5515,1
full,43,5685,1
full,43,5820,1
full,43,5978,1
full,43,6116,1
full,43,6247,1
full,43,6390,1
full,43,6546,1
full,43,6665,1
full,43,6799,1
full,43,6971,1
full,43,7083,1
full,43,7232,1
full,43,7409,1
full,43,7541,1
full,43,7676,1
full,43,7831,1
full,43,7949,1
full,43,8106,1
full,43,8271,1
full,43,8300,1
full,43,8453,1
full,43,8626,1
full,43,8741,1
full,43,8869,1
full,43,9039,1
full,43,9177,1
full,43,9315,1
full,43,9481,1
full,43,9602,1
full,43,9739,1
full,43,9905,1
full,43,10033,1
full,43,10178,1
full,43,10341,1
full,43,10454,1
full,43,10595,1
full,43,10730,1
full,43,10846,1
full,43,10999,1
full,43,11165,1
full,43,11279,1
full,43,11396,1
full,43,11562,1
full,43,11670,1
full,43,11825,1
full,43,11996,1
full,43,12130,1
full,43,12284,1
full,43,12426,1
full,43,12547,1
full,43,12682,1
full,43,12722,1
full,43,12844,1
full,43,12997,1
full,43,13185,1
full,43,13306,1
full,43,13438,1
full,43,13599,1
full,43,13728,1
full,43,13860,1
full,43,14026,1
full,43,14148,1
full,43,14302,1
full,43,14452,1
full,43,14581,1
full,43,14711,1
full,43,14878,1
full,43,15011,1
full,43,15152,1
full,43,15317,1
full,43,15445,1
full,43,15598,1
full,43,15755,1
full,43,15889,1
full,43,16046,1
full,43,16218,1
full,43,16344,1
full,43,16490,1
full,43,16638,1
full,43,16753,1
full,43,16897,1
full,43,17046,1
full,43,17167,1
full,43,17201,1
full,43,17359,1
full,43,17474,1
full,43,17618,1
full,43,17789,1
full,43,17911,1
full,43,18067,1
full,43,18234,1
full,43,18344,1
full,43,18478,1
full,43,18653,1
full,43,18766,1
full,43,18914,1
full,43,19096,1
full,43,19225,1
full,43,19374,1
full,43,19543,1
full,43,19671,1
full,43,19821,1
full,43,19974,1
full,43,20123,1
full,43,20270,1
full,43,20433,1
full,43,20558,1
full,43,20709,1
full,43,20878,1
full,43,20997,1
full,43,21149,1
full,43,21316,1
full,43,21442,1
full,43,21567,1
full,43,21723,1
full,43,21760,1
full,43,21892,1
full,43,22050,1
full,43,22178,1
full,43,22335,1
full,43,22499,1
full,43,22628,1
full,43,22795,1
full,43,22959,1
full,43,23096,1
full,43,23253,1
full,43,23447,1
full,43,23574,1
full,43,23751,1
full,43,23932,1
full,43,24074,1
full,43,24231,1
full,43,24402,1
full,43,24541,1
full,43,24716,1
full,43,24881,1
full,43,25000,1
full,43,25148,1
full,43,25331,1
full,43,25460,1
full,43,25601,1
full,43,25773,1
full,43,25889,1
full,43,26037,1
full,43,26204,1
full,43,26331,1
full,43,26497,1
full,43,26535,1
full,44,76,1
full,44,162,1
full,44,263,1
full,44,361,1
full,44,461,1
full,44,571,1
full,44,652,1
full,44,762,1
full,44,900,1
full,44,1011,1
full,44,1128,1
full,44,1267,1
full,44,1388,1
full,44,1519,1
full,44,1654,1
full,44,1727,1
full,44,1849,1
full,44,1985,1
full,44,2113,1
full,44,2237,1
full,44,2385,1
full,44,2504,1
full,44,2634,1
full,44,2797,1
full,44,2916,1
full,44,3060,1
full,44,3224,1
full,44,3340,1
full,44,3468,1
full,44,3617,1
full,44,3729,1
full,44,3815,1
full,44,3972,1
full,44,4082,1
full,44,4233,1
full,44,4401,1
full,44,4522,1
full,44,4698,1
full,44,4871,1
full,44,4992,1
full,44,5146,1
full,44,5313,1
full,44,5437,1
full,44,5583,1
full,44,5755,1
full,44,5876,1
full,44,6037,1
full,44,6205,1
full,44,6347,1
full,44,6492,1
full,44,6648,1
full,44,6783,1
full,44,6938,1
full,44,7104,1
full,44,7231,1
full,44,7390,1
full,44,7550,1
full,44,7673,1
full,44,7798,1
full,44,7960,1
full,44,8092,1
full,44,8229,1
full,44,8411,1
full,44,8447,1
full,44,8594,1
full,44,8761,1
full,44,8864,1
full,44,9011,1
full,44,9135,1
full,44,9219,1
full,44,9358,1
full,44,9502,1
full,44,9613,1
full,44,9758,1
full,44,9922,1
full,44,10074,1
full,44,10236,1
full,44,10441,1
full,44,10569,1
full,44,10717,1
full,44,10901,1
full,44,11016,1
full,44,11151,1
full,44,11305,1
full,44,11429,1
full,44,11608,1
full,44,11768,1
full,44,11897,1
full,44,12049,1
full,44,12224,1
full,44,12357,1
full,44,12514,1
full,44,12707,1
full,44,12848,1
full,44,13009,1
full,44,13036,1
full,44,13171,1
full,44,13308,1
full,44,13465,1
full,44,13584,1
full,44,13731,1
full,44,13915,1
full,44,14038,1
full,44,14170,1
full,44,14344,1
full,44,14457,1
full,44,14599,1
full,44,14761,1
full,44,14880,1
full,44,15039,1
full,44,15225,1
full,44,15365,1
full,44,15496,1
full,44,15671,1
full,44,15779,1
full,44,15917,1
full,44,16070,1
full,44,16198,1
full,44,16348,1
full,44,16509,1
full,44,16638,1
full,44,16775,1
full,44,16945,1
full,44,17064,1
full,44,17211,1
full,44,17388,1
full,44,17524,1
full,44,17556,1
full,44,17727,1
full,44,17862,1
full,44,18016,1
full,44,18173,1
full,44,18312,1
full,44,18468,1
full,44,18645,1
full,44,18765,1
full,44,18910,1
full,44,19088,1
full,44,19212,1
full,44,19350,1
full,44,19509,1
full,44,19635,1
full,44,19787,1
full,44,19962,1
full,44,20111,1
full,44,20264,1
full,44,20400,1
full,44,20533,1
full,44,20696,1
full,44,20883,1
full,44,21004,1
full,44,21130,1
full,44,21317,1
full,44,21438,1
full,44,21572,1
full,44,21726,1
full,44,21847,1
full,44,22003,1
full,44,22182,1
full,44,22209,1
full,44,22331,1
full,44,22479,1
full,44,22582,1
full,44,22739,1
full,44,22923,1
full,44,23046,1
full,44,23192,1
full,44,23361,1
full,44,23476,1
full,44,23622,1
full,44,23796,1
full,44,23918,1
full,44,24073,1
full,44,24259,1
full,44,24397,1
full,44,24557,1
full,44,24731,1
full,44,24867,1
full,44,25018,1
full,44,25200,1
full,44,25332,1
full,44,25514,1
full,44,25701,1
full,44,25806,1
full,44,25952,1
full,44,26115,1
full,44,26237,1
full,44,26382,1
full,44,26549,1
full,44,26670,1
full,44,26827,1
full,44,26861,1
full,45,70,1
full,45,146,1
full,45,242,1
full,45,328,1
full,45,426,1
full,45,542,1
full,45,630,1
full,45,738,1
full,45,858,1
full,45,957,1
full,45,1072,1
full,45,1192,1
full,45,1308,1
full,45,1425,1
full,45,1588,1
full,45,1662,1
full,45,1789,1
full,45,1924,1
full,45,2042,1
full,45,2168,1
full,45,2332,1
full,45,2448,1
full,45,2592,1
full,45,2742,1
full,45,2855,1
full,45,2989,1
full,45,3149,1
full,45,3269,1
full,45,3403,1
full,45,3553,1
full,45,3681,1
full,45,3764,1
full,45,3911,1
full,45,4019,1
full,45,4156,1
full,45,4291,1
full,45,4378,1
full,45,4488,1
full,45,4625,1
full,45,4723,1
full,45,4845,1
full,45,4990,1
full,45,5117,1
full,45,5225,1
full,45,5371,1
full,45,5486,1
full,45,5620,1
full,45,5765,1
full,45,5898,1
full,45,6031,1
full,45,6191,1
full,45,6305,1
full,45,6454,1
full,45,6601,1
full,45,6722,1
full,45,6860,1
full,45,7017,1
full,45,7133,1
full,45,7282,1
full,45,7464,1
full,45,7592,1
full,45,7729,1
full,45,7884,1
full,45,7915,1
full,45,8061,1
full,45,8234,1
full,45,8351,1
full,45,8474,1
full,45,8647,1
full,45,8768,1
full,45,8915,1
full,45,9053,1
full,45,9167,1
full,45,9315,1
full,45,9479,1
full,45,9594,1
full,45,9736,1
full,45,9891,1
full,45,10009,1
full,45,10143,1
full,45,10309,1
full,45,10432,1
full,45,10591,1
full,45,10749,1
full,45,10885,1
full,45,11044,1
full,45,11197,1
full,45,11337,1
full,45,11506,1
full,45,11697,1
full,45,11820,1
full,45,11969,1
full,45,12108,1
full,45,12222,1
full,45,12366,1
full,45,12405,1
full,45,12527,1
full,45,12659,1
full,45,12808,1
full,45,12916,1
full,45,13048,1
full,45,13195,1
full,45,13328,1
full,45,13476,1
full,45,13630,1
full,45,13747,1
full,45,13887,1
full,45,14053,1
full,45,14161,1
full,45,14300,1
full,45,14482,1
full,45,14594,1
full,45,14717,1
full,45,14896,1
full,45,15014,1
full,45,15157,1
full,45,15322,1
full,45,15460,1
full,45,15600,1
full,45,15761,1
full,45,15885,1
full,45,16028,1
full,45,16197,1
full,45,16329,1
full,45,16488,1
full,45,16654,1
full,45,16765,1
full,45,16797,1
full,45,16967,1
full,45,17083,1
full,45,17242,1
full,45,17413,1
full,45,17534,1
full,45,17682,1
full,45,17846,1
full,45,17970,1
full,45,18125,1
full,45,18280,1
full,45,18409,1
full,45,18542,1
full,45,18720,1
full,45,18857,1
full,45,18985,1
full,45,19156,1
full,45,19269,1
full,45,19427,1
full,45,19589,1
full,45,19704,1
full,45,19841,1
full,45,19995,1
full,45,20132,1
full,45,20269,1
full,45,20425,1
full,45,20572,1
full,45,20723,1
full,45,20888,1
full,45,21019,1
full,45,21167,1
full,45,21350,1
full,45,21379,1
full,45,21535,1
full,45,21702,1
full,45,21835,1
full,45,21989,1
full,45,22171,1
full,45,22300,1
full,45,22422,1
full,45,22589,1
full,45,22699,1
full,45,22858,1
full,45,23041,1
full,45,23160,1
full,45,23302,1
full,45,23471,1
full,45,23601,1
full,45,23748,1
full,45,23928,1
full,45,24053,1
full,45,24200,1
full,45,24350,1
full,45,24469,1
full,45,24608,1
full,45,24776,1
full,45,24914,1
full,45,25073,1
full,45,25240,1
full,45,25351,1
full,45,25488,1
full,45,25664,1
full,45,25795,1
full,45,25933,1
full,45,25977,1
full,46,78,1
full,46,169,1
full,46,271,1
full,46,375,1
full,46,472,1
full,46,583,1
full,46,680,1
full,46,791,1
full,46,914,1
full,46,1014,1
full,46,1132,1
full,46,1279,1
full,46,1388,1
full,46,1516,1
full,46,1658,1
full,46,1740,1
full,46,1870,1
full,46,2010,1
full,46,2109,1
full,46,2258,1
full,46,2399,1
full,46,2519,1
full,46,2641,1
full,46,2790,1
full,46,2891,1
full,46,3022,1
full,46,3180,1
full,46,3276,1
full,46,3403,1
full,46,3547,1
full,46,3660,1
full,46,3742,1
full,46,3915,1
full,46,4047,1
full,46,4186,1
full,46,4339,1
full,46,4456,1
full,46,4611,1
full,46,4784,1
full,46,4893,1
full,46,5057,1
full,46,5228,1
full,46,5346,1
full,46,5477,1
full,46,5626,1
full,46,5759,1
full,46,5901,1
full,46,6070,1
full,46,6180,1
full,46,6306,1
full,46,6452,1
full,46,6558,1
full,46,6687,1
full,46,6857,1
full,46,6976,1
full,46,7122,1
full,46,7272,1
full,46,7384,1
full,46,7515,1
full,46,7667,1
full,46,7770,1
full,46,7909,1
full,46,8039,1
full,46,8068,1
full,46,8227,1
full,46,8376,1
full,46,8491,1
full,46,8634,1
full,46,8817,1
full,46,8946,1
full,46,9066,1
full,46,9242,1
full,46,9383,1
full,46,9534,1
full,46,9700,1
full,46,9831,1
full,46,9977,1
full,46,10144,1
full,46,10281,1
full,46,10437,1
full,46,10608,1
full,46,10732,1
full,46,10883,1
full,46,11034,1
full,46,11155,1
full,46,11289,1
full,46,11485,1
full,46,11606,1
full,46,11759,1
full,46,11923,1
full,46,12039,1
full,46,12208,1
full,46,12382,1
full,46,12524,1
full,46,12669,1
full,46,12717,1
full,46,12841,1
full,46,12994,1
full,46,13163,1
full,46,13283,1
full,46,13432,1
full,46,13602,1
full,46,13736,1
full,46,13887,1
full,46,14037,1
full,46,14160,1
full,46,14290,1
full,46,14459,1
full,46,14580,1
full,46,14737,1
full,46,14913,1
full,46,15033,1
full,46,15167,1
full,46,15324,1
full,46,15450,1
full,46,15581,1
full,46,15719,1
full,46,15828,1
full,46,15990,1
full,46,16145,1
full,46,16273,1
full,46,16418,1
full,46,16564,1
full,46,16686,1
full,46,16829,1
full,46,16987,1
full,46,17098,1
full,46,17145,1
full,46,17312,1
full,46,17459,1
full,46,17602,1
full,46,17780,1
full,46,17914,1
full,46,18063,1
full,46,18245,1
full,46,18373,1
full,46,18512,1
full,46,18675,1
full,46,18795,1
full,46,18947,1
full,46,19103,1
full,46,19232,1
full,46,19406,1
full,46,19592,1
full,46,19719,1
full,46,19868,1
full,46,20036,1
full,46,20180,1
full,46,20336,1
full,46,20509,1
full,46,20636,1
full,46,20778,1
full,46,20942,1
full,46,21073,1
full,46,21218,1
full,46,21363,1
full,46,21478,1
full,46,21603,1
full,46,21767,1
full,46,21800,1
full,46,21929,1
full,46,22090,1
full,46,22197,1
full,46,22364,1
full,46,22521,1
full,46,22655,1
full,46,22809,1
full,46,22987,1
full,46,23115,1
full,46,23270,1
full,46,23448,1
full,46,23577,1
full,46,23713,1
full,46,23872,1
full,46,24005,1
full,46,24147,1
full,46,24302,1
full,46,24435,1
full,46,24573,1
full,46,24729,1
full,46,24858,1
full,46,25016,1
full,46,25186,1
full,46,25288,1
full,46,25431,1
full,46,25591,1
full,46,25720,1
full,46,25874,1
full,46,26017,1
full,46,26144,1
full,46,26297,1
full,46,26342,1
traditional_ppo,42,66,1
traditional_ppo,42,136,1
traditional_ppo,42,221,1
traditional_ppo,42,292,1
traditional_ppo,42,372,1
traditional_ppo,42,459,1
traditional_ppo,42,533,1
traditional_ppo,42,610,1
traditional_ppo,42,692,1
traditional_ppo,42,765,1
traditional_ppo,42,850,1
traditional_ppo,42,938,1
traditional_ppo,42,1008,1
traditional_ppo,42,1092,1
traditional_ppo,42,1189,1
traditional_ppo,42,1237,1
traditional_ppo,42,1322,1
traditional_ppo,42,1420,1
traditional_ppo,42,1506,1
traditional_ppo,42,1592,1
traditional_ppo,42,1679,1
traditional_ppo,42,1776,1
traditional_ppo,42,1871,1
traditional_ppo,42,1974,1
traditional_ppo,42,2056,1
traditional_ppo,42,2149,1
traditional_ppo,42,2250,1
traditional_ppo,42,2339,1
traditional_ppo,42,2442,1
traditional_ppo,42,2536,1
traditional_ppo,42,2646,1
traditional_ppo,42,2705,1
traditional_ppo,42,2806,1
traditional_ppo,42,2896,1
traditional_ppo,42,2998,1
traditional_ppo,42,3114,1
traditional_ppo,42,3200,1
traditional_ppo,42,3296,1
traditional_ppo,42,3397,1
traditional_ppo,42,3482,1
traditional_ppo,42,3580,1
traditional_ppo,42,3683,1
traditional_ppo,42,3780,1
traditional_ppo,42,3881,1
traditional_ppo,42,3996,1
traditional_ppo,42,4078,1
traditional_ppo,42,4177,1
traditional_ppo,42,4282,1
traditional_ppo,42,4375,1
traditional_ppo,42,4468,1
traditional_ppo,42,4563,1
traditional_ppo,42,4662,1
traditional_ppo,42,4759,1
traditional_ppo,42,4870,1
traditional_ppo,42,4958,1
traditional_ppo,42,5062,1
traditional_ppo,42,5159,1
traditional_ppo,42,5253,1
traditional_ppo,42,5358,1
traditional_ppo,42,5464,1
traditional_ppo,42,5554,1
traditional_ppo,42,5657,1
traditional_ppo,42,5754,1
traditional_ppo,42,5777,1
traditional_ppo,42,5872,1
traditional_ppo,42,5977,1
traditional_ppo,42,6059,1
traditional_ppo,42,6144,1
traditional_ppo,42,6248,1
traditional_ppo,42,6328,1
traditional_ppo,42,6423,1
traditional_ppo,42,6526,1
traditional_ppo,42,6624,1
traditional_ppo,42,6734,1
traditional_ppo,42,6840,1
traditional_ppo,42,6921,1
traditional_ppo,42,7014,1
traditional_ppo,42,7104,1
traditional_ppo,42,7191,1
traditional_ppo,42,7294,1
traditional_ppo,42,7393,1
traditional_ppo,42,7482,1
traditional_ppo,42,7584,1
traditional_ppo,42,7688,1
traditional_ppo,42,7768,1
traditional_ppo,42,7857,1
traditional_ppo,42,7960,1
traditional_ppo,42,8057,1
traditional_ppo,42,8155,1
traditional_ppo,42,8256,1
traditional_ppo,42,8338,1
traditional_ppo,42,8441,1
traditional_ppo,42,8555,1
traditional_ppo,42,8635,1
traditional_ppo,42,8739,1
traditional_ppo,42,8762,1
traditional_ppo,42,8848,1
traditional_ppo,42,8930,1
traditional_ppo,42,9024,1
traditional_ppo,42,9106,1
traditional_ppo,42,9186,1
traditional_ppo,42,9289,1
traditional_ppo,42,9380,1
traditional_ppo,42,9482,1
traditional_ppo,42,9562,1
traditional_ppo,42,9655,1
traditional_ppo,42,9745,1
traditional_ppo,42,9847,1
traditional_ppo,42,9950,1
traditional_ppo,42,10060,1
traditional_ppo,42,10158,1
traditional_ppo,42,10246,1
traditional_ppo,42,10335,1
traditional_ppo,42,10437,1
traditional_ppo,42,10536,1
traditional_ppo,42,10638,1
traditional_ppo,42,10744,1
traditional_ppo,42,10840,1
traditional_ppo,42,10946,1
traditional_ppo,42,11039,1
traditional_ppo,42,11123,1
traditional_ppo,42,11219,1
traditional_ppo,42,11328,1
traditional_ppo,42,11414,1
traditional_ppo,42,11512,1
traditional_ppo,42,11617,1
traditional_ppo,42,11701,1
traditional_ppo,42,11726,1
traditional_ppo,42,11831,1
traditional_ppo,42,11921,1
traditional_ppo,42,12001,1
traditional_ppo,42,12114,1
traditional_ppo,42,12202,1
traditional_ppo,42,12299,1
traditional_ppo,42,12398,1
traditional_ppo,42,12496,1
traditional_ppo,42,12592,1
traditional_ppo,42,12690,1
traditional_ppo,42,12785,1
traditional_ppo,42,12887,1
traditional_ppo,42,12991,1
traditional_ppo,42,13082,1
traditional_ppo,42,13181,1
traditional_ppo,42,13282,1
traditional_ppo,42,13374,1
traditional_ppo,42,13473,1
traditional_ppo,42,13567,1
traditional_ppo,42,13650,1
traditional_ppo,42,13737,1
traditional_ppo,42,13825,1
traditional_ppo,42,13929,1
traditional_ppo,42,14028,1
traditional_ppo,42,14132,1
traditional_ppo,42,14212,1
traditional_ppo,42,14305,1
traditional_ppo,42,14413,1
traditional_ppo,42,14506,1
traditional_ppo,42,14608,1
traditional_ppo,42,14713,1
traditional_ppo,42,14738,1
traditional_ppo,42,14829,1
traditional_ppo,42,14934,1
traditional_ppo,42,15038,1
traditional_ppo,42,15129,1
traditional_ppo,42,15233,1
traditional_ppo,42,15320,1
traditional_ppo,42,15418,1
traditional_ppo,42,15521,1
traditional_ppo,42,15610,1
traditional_ppo,42,15697,1
traditional_ppo,42,15794,1
traditional_ppo,42,15884,1
traditional_ppo,42,15978,1
traditional_ppo,42,16087,1
traditional_ppo,42,16181,1
traditional_ppo,42,16279,1
traditional_ppo,42,16384,1
traditional_ppo,42,16478,1
traditional_ppo,42,16584,1
traditional_ppo,42,16679,1
traditional_ppo,42,16770,1
traditional_ppo,42,16865,1
traditional_ppo,42,16968,1
traditional_ppo,42,17048,1
traditional_ppo,42,17154,1
traditional_ppo,42,17246,1
traditional_ppo,42,17345,1
traditional_ppo,42,17438,1
traditional_ppo,42,17539,1
traditional_ppo,42,17630,1
traditional_ppo,42,17727,1
traditional_ppo,42,17753,1
traditional_ppo,43,69,1
traditional_ppo,43,146,1
traditional_ppo,43,224,1
traditional_ppo,43,297,1
traditional_ppo,43,376,1
traditional_ppo,43,450,1
traditional_ppo,43,525,1
traditional_ppo,43,610,1
traditional_ppo,43,705,1
traditional_ppo,43,786,1
traditional_ppo,43,863,1
traditional_ppo,43,960,1
traditional_ppo,43,1031,1
traditional_ppo,43,1124,1
traditional_ppo,43,1212,1
traditional_ppo,43,1270,1
traditional_ppo,43,1365,1
traditional_ppo,43,1460,1
traditional_ppo,43,1549,1
traditional_ppo,43,1654,1
traditional_ppo,43,1745,1
traditional_ppo,43,1830,1
traditional_ppo,43,1927,1
traditional_ppo,43,2027,1
traditional_ppo,43,2117,1
traditional_ppo,43,2213,1
traditional_ppo,43,2314,1
traditional_ppo,43,2403,1
traditional_ppo,43,2492,1
traditional_ppo,43,2581,1
traditional_ppo,43,2677,1
traditional_ppo,43,2732,1
traditional_ppo,43,2827,1
traditional_ppo,43,2914,1
traditional_ppo,43,3001,1
traditional_ppo,43,3093,1
traditional_ppo,43,3185,1
traditional_ppo,43,3274,1
traditional_ppo,43,3359,1
traditional_ppo,43,3448,1
traditional_ppo,43,3547,1
traditional_ppo,43,3643,1
traditional_ppo,43,3725,1
traditional_ppo,43,3824,1
traditional_ppo,43,3927,1
traditional_ppo,43,4013,1
traditional_ppo,43,4122,1
traditional_ppo,43,4203,1
traditional_ppo,43,4307,1
traditional_ppo,43,4396,1
traditional_ppo,43,4490,1
traditional_ppo,43,4576,1
traditional_ppo,43,4671,1
traditional_ppo,43,4791,1
traditional_ppo,43,4872,1
traditional_ppo,43,4973,1
traditional_ppo,43,5078,1
traditional_ppo,43,5171,1
traditional_ppo,43,5264,1
traditional_ppo,43,5358,1
traditional_ppo,43,5446,1
traditional_ppo,43,5544,1
traditional_ppo,43,5647,1
traditional_ppo,43,5668,1
traditional_ppo,43,5760,1
traditional_ppo,43,5862,1
traditional_ppo,43,5946,1
traditional_ppo,43,6031,1
traditional_ppo,43,6133,1
traditional_ppo,43,6232,1
traditional_ppo,43,6325,1
traditional_ppo,43,6430,1
traditional_ppo,43,6517,1
traditional_ppo,43,6604,1
traditional_ppo,43,6705,1
traditional_ppo,43,6802,1
traditional_ppo,43,6899,1
traditional_ppo,43,6995,1
traditional_ppo,43,7088,1
traditional_ppo,43,7180,1
traditional_ppo,43,7268,1
traditional_ppo,43,7346,1
traditional_ppo,43,7447,1
traditional_ppo,43,7555,1
traditional_ppo,43,7641,1
traditional_ppo,43,7725,1
traditional_ppo,43,7827,1
traditional_ppo,43,7909,1
traditional_ppo,43,8012,1
traditional_ppo,43,8123,1
traditional_ppo,43,8218,1
traditional_ppo,43,8322,1
traditional_ppo,43,8421,1
traditional_ppo,43,8516,1
traditional_ppo,43,8611,1
traditional_ppo,43,8639,1
traditional_ppo,43,8731,1
traditional_ppo,43,8837,1
traditional_ppo,43,8955,1
traditional_ppo,43,9037,1
traditional_ppo,43,9131,1
traditional_ppo,43,9243,1
traditional_ppo,43,9342,1
traditional_ppo,43,9434,1
traditional_ppo,43,9530,1
traditional_ppo,43,9619,1
traditional_ppo,43,9719,1
traditional_ppo,43,9802,1
traditional_ppo,43,9903,1
traditional_ppo,43,9993,1
traditional_ppo,43,10092,1
traditional_ppo,43,10188,1
traditional_ppo,43,10282,1
traditional_ppo,43,10379,1
traditional_ppo,43,10470,1
traditional_ppo,43,10567,1
traditional_ppo,43,10661,1
traditional_ppo,43,10747,1
traditional_ppo,43,10845,1
traditional_ppo,43,10956,1
traditional_ppo,43,11046,1
traditional_ppo,43,11139,1
traditional_ppo,43,11233,1
traditional_ppo,43,11321,1
traditional_ppo,43,11413,1
traditional_ppo,43,11501,1
traditional_ppo,43,11587,1
traditional_ppo,43,11614,1
traditional_ppo,43,11716,1
traditional_ppo,43,11807,1
traditional_ppo,43,11902,1
traditional_ppo,43,12005,1
traditional_ppo,43,12093,1
traditional_ppo,43,12191,1
traditional_ppo,43,12301,1
traditional_ppo,43,12381,1
traditional_ppo,43,12471,1
traditional_ppo,43,12566,1
traditional_ppo,43,12650,1
traditional_ppo,43,12744,1
traditional_ppo,43,12847,1
traditional_ppo,43,12944,1
traditional_ppo,43,13047,1
traditional_ppo,43,13153,1
traditional_ppo,43,13238,1
traditional_ppo,43,13342,1
traditional_ppo,43,13437,1
traditional_ppo,43,13544,1
traditional_ppo,43,13640,1
traditional_ppo,43,13745,1
traditional_ppo,43,13832,1
traditional_ppo,43,13934,1
traditional_ppo,43,14040,1
traditional_ppo,43,14135,1
traditional_ppo,43,14236,1
traditional_ppo,43,14334,1
traditional_ppo,43,14427,1
traditional_ppo,43,14514,1
traditional_ppo,43,14614,1
traditional_ppo,43,14638,1
traditional_ppo,43,14729,1
traditional_ppo,43,14826,1
traditional_ppo,43,14922,1
traditional_ppo,43,15027,1
traditional_ppo,43,15133,1
traditional_ppo,43,15226,1
traditional_ppo,43,15319,1
traditional_ppo,43,15410,1
traditional_ppo,43,15504,1
traditional_ppo,43,15608,1
traditional_ppo,43,15709,1
traditional_ppo,43,15798,1
traditional_ppo,43,15904,1
traditional_ppo,43,16017,1
traditional_ppo,43,16107,1
traditional_ppo,43,16210,1
traditional_ppo,43,16305,1
traditional_ppo,43,16398,1
traditional_ppo,43,16505,1
traditional_ppo,43,16611,1
traditional_ppo,43,16703,1
traditional_ppo,43,16796,1
traditional_ppo,43,16908,1
traditional_ppo,43,17004,1
traditional_ppo,43,17099,1
traditional_ppo,43,17206,1
traditional_ppo,43,17294,1
traditional_ppo,43,17392,1
traditional_ppo,43,17490,1
traditional_ppo,43,17573,1
traditional_ppo,43,17679,1
traditional_ppo,43,17702,1
traditional_ppo,44,80,1
traditional_ppo,44,153,1
traditional_ppo,44,235,1
traditional_ppo,44,327,1
traditional_ppo,44,410,1
traditional_ppo,44,500,1
traditional_ppo,44,557,1
traditional_ppo,44,634,1
traditional_ppo,44,733,1
traditional_ppo,44,826,1
traditional_ppo,44,902,1
traditional_ppo,44,989,1
traditional_ppo,44,1061,1
traditional_ppo,44,1147,1
traditional_ppo,44,1241,1
traditional_ppo,44,1292,1
traditional_ppo,44,1371,1
traditional_ppo,44,1468,1
traditional_ppo,44,1562,1
traditional_ppo,44,1650,1
traditional_ppo,44,1736,1
traditional_ppo,44,1816,1
traditional_ppo,44,1905,1
traditional_ppo,44,1998,1
traditional_ppo,44,2078,1
traditional_ppo,44,2188,1
traditional_ppo,44,2285,1
traditional_ppo,44,2367,1
traditional_ppo,44,2463,1
traditional_ppo,44,2554,1
traditional_ppo,44,2641,1
traditional_ppo,44,2697,1
traditional_ppo,44,2797,1
traditional_ppo,44,2879,1
traditional_ppo,44,2976,1
traditional_ppo,44,3072,1
traditional_ppo,44,3155,1
traditional_ppo,44,3261,1
traditional_ppo,44,3371,1
traditional_ppo,44,3452,1
traditional_ppo,44,3545,1
traditional_ppo,44,3642,1
traditional_ppo,44,3733,1
traditional_ppo,44,3822,1
traditional_ppo,44,3919,1
traditional_ppo,44,4002,1
traditional_ppo,44,4097,1
traditional_ppo,44,4192,1
traditional_ppo,44,4281,1
traditional_ppo,44,4380,1
traditional_ppo,44,4478,1
traditional_ppo,44,4572,1
traditional_ppo,44,4671,1
traditional_ppo,44,4773,1
traditional_ppo,44,4857,1
traditional_ppo,44,4950,1
traditional_ppo,44,5046,1
traditional_ppo,44,5137,1
traditional_ppo,44,5228,1
traditional_ppo,44,5329,1
traditional_ppo,44,5426,1
traditional_ppo,44,5517,1
traditional_ppo,44,5618,1
traditional_ppo,44,5647,1
traditional_ppo,44,5749,1
traditional_ppo,44,5848,1
traditional_ppo,44,5932,1
traditional_ppo,44,6034,1
traditional_ppo,44,6142,1
traditional_ppo,44,6234,1
traditional_ppo,44,6348,1
traditional_ppo,44,6456,1
traditional_ppo,44,6539,1
traditional_ppo,44,6634,1
traditional_ppo,44,6735,1
traditional_ppo,44,6838,1
traditional_ppo,44,6943,1
traditional_ppo,44,7054,1
traditional_ppo,44,7151,1
traditional_ppo,44,7243,1
traditional_ppo,44,7349,1
traditional_ppo,44,7434,1
traditional_ppo,44,7523,1
traditional_ppo,44,7617,1
traditional_ppo,44,7712,1
traditional_ppo,44,7822,1
traditional_ppo,44,7919,1
traditional_ppo,44,8003,1
traditional_ppo,44,8104,1
traditional_ppo,44,8208,1
traditional_ppo,44,8308,1
traditional_ppo,44,8410,1
traditional_ppo,44,8520,1
traditional_ppo,44,8617,1
traditional_ppo,44,8720,1
traditional_ppo,44,8739,1
traditional_ppo,44,8827,1
traditional_ppo,44,8915,1
traditional_ppo,44,9015,1
traditional_ppo,44,9103,1
traditional_ppo,44,9205,1
traditional_ppo,44,9320,1
traditional_ppo,44,9411,1
traditional_ppo,44,9505,1
traditional_ppo,44,9611,1
traditional_ppo,44,9689,1
traditional_ppo,44,9784,1
traditional_ppo,44,9894,1
traditional_ppo,44,9978,1
traditional_ppo,44,10080,1
traditional_ppo,44,10193,1
traditional_ppo,44,10290,1
traditional_ppo,44,10372,1
traditional_ppo,44,10472,1
traditional_ppo,44,10551,1
traditional_ppo,44,10652,1
traditional_ppo,44,10745,1
traditional_ppo,44,10828,1
traditional_ppo,44,10924,1
traditional_ppo,44,11016,1
traditional_ppo,44,11107,1
traditional_ppo,44,11200,1
traditional_ppo,44,11299,1
traditional_ppo,44,11386,1
traditional_ppo,44,11472,1
traditional_ppo,44,11575,1
traditional_ppo,44,11669,1
traditional_ppo,44,11691,1
traditional_ppo,44,11804,1
traditional_ppo,44,11890,1
traditional_ppo,44,12000,1
traditional_ppo,44,12102,1
traditional_ppo,44,12199,1
traditional_ppo,44,12293,1
traditional_ppo,44,12402,1
traditional_ppo,44,12488,1
traditional_ppo,44,12589,1
traditional_ppo,44,12694,1
traditional_ppo,44,12780,1
traditional_ppo,44,12867,1
traditional_ppo,44,12965,1
traditional_ppo,44,13050,1
traditional_ppo,44,13139,1
traditional_ppo,44,13231,1
traditional_ppo,44,13332,1
traditional_ppo,44,13426,1
traditional_ppo,44,13519,1
traditional_ppo,44,13616,1
traditional_ppo,44,13728,1
traditional_ppo,44,13849,1
traditional_ppo,44,13942,1
traditional_ppo,44,14033,1
traditional_ppo,44,14141,1
traditional_ppo,44,14228,1
traditional_ppo,44,14323,1
traditional_ppo,44,14409,1
traditional_ppo,44,14493,1
traditional_ppo,44,14592,1
traditional_ppo,44,14693,1
traditional_ppo,44,14713,1
traditional_ppo,44,14814,1
traditional_ppo,44,14928,1
traditional_ppo,44,15009,1
traditional_ppo,44,15112,1
traditional_ppo,44,15228,1
traditional_ppo,44,15310,1
traditional_ppo,44,15414,1
traditional_ppo,44,15521,1
traditional_ppo,44,15606,1
traditional_ppo,44,15707,1
traditional_ppo,44,15809,1
traditional_ppo,44,15889,1
traditional_ppo,44,15978,1
traditional_ppo,44,16099,1
traditional_ppo,44,16193,1
traditional_ppo,44,16303,1
traditional_ppo,44,16411,1
traditional_ppo,44,16501,1
traditional_ppo,44,16599,1
traditional_ppo,44,16709,1
traditional_ppo,44,16809,1
traditional_ppo,44,16916,1
traditional_ppo,44,17032,1
traditional_ppo,44,17121,1
traditional_ppo,44,17221,1
traditional_ppo,44,17326,1
traditional_ppo,44,17408,1
traditional_ppo,44,17503,1
traditional_ppo,44,17598,1
traditional_ppo,44,17678,1
traditional_ppo,44,17772,1
traditional_ppo,44,17796,1
traditional_ppo,45,72,1
traditional_ppo,45,140,1
traditional_ppo,45,229,1
traditional_ppo,45,296,1
traditional_ppo,45,385,1
traditional_ppo,45,478,1
traditional_ppo,45,557,1
traditional_ppo,45,647,1
traditional_ppo,45,733,1
traditional_ppo,45,797,1
traditional_ppo,45,873,1
traditional_ppo,45,957,1
traditional_ppo,45,1040,1
traditional_ppo,45,1118,1
traditional_ppo,45,1234,1
traditional_ppo,45,1286,1
traditional_ppo,45,1357,1
traditional_ppo,45,1442,1
traditional_ppo,45,1526,1
traditional_ppo,45,1611,1
traditional_ppo,45,1711,1
traditional_ppo,45,1801,1
traditional_ppo,45,1893,1
traditional_ppo,45,1990,1
traditional_ppo,45,2075,1
traditional_ppo,45,2175,1
traditional_ppo,45,2270,1
traditional_ppo,45,2356,1
traditional_ppo,45,2454,1
traditional_ppo,45,2553,1
traditional_ppo,45,2638,1
traditional_ppo,45,2695,1
traditional_ppo,45,2785,1
traditional_ppo,45,2861,1
traditional_ppo,45,2964,1
traditional_ppo,45,3059,1
traditional_ppo,45,3135,1
traditional_ppo,45,3232,1
traditional_ppo,45,3324,1
traditional_ppo,45,3411,1
traditional_ppo,45,3504,1
traditional_ppo,45,3604,1
traditional_ppo,45,3699,1
traditional_ppo,45,3782,1
traditional_ppo,45,3870,1
traditional_ppo,45,3957,1
traditional_ppo,45,4057,1
traditional_ppo,45,4158,1
traditional_ppo,45,4249,1
traditional_ppo,45,4344,1
traditional_ppo,45,4450,1
traditional_ppo,45,4545,1
traditional_ppo,45,4654,1
traditional_ppo,45,4747,1
traditional_ppo,45,4828,1
traditional_ppo,45,4927,1
traditional_ppo,45,5037,1
traditional_ppo,45,5108,1
traditional_ppo,45,5209,1
traditional_ppo,45,5316,1
traditional_ppo,45,5413,1
traditional_ppo,45,5495,1
traditional_ppo,45,5600,1
traditional_ppo,45,5623,1
traditional_ppo,45,5723,1
traditional_ppo,45,5833,1
traditional_ppo,45,5925,1
traditional_ppo,45,6033,1
traditional_ppo,45,6133,1
traditional_ppo,45,6214,1
traditional_ppo,45,6311,1
traditional_ppo,45,6408,1
traditional_ppo,45,6504,1
traditional_ppo,45,6602,1
traditional_ppo,45,6708,1
traditional_ppo,45,6799,1
traditional_ppo,45,6890,1
traditional_ppo,45,6999,1
traditional_ppo,45,7088,1
traditional_ppo,45,7190,1
traditional_ppo,45,7292,1
traditional_ppo,45,7381,1
traditional_ppo,45,7483,1
traditional_ppo,45,7588,1
traditional_ppo,45,7693,1
traditional_ppo,45,7802,1
traditional_ppo,45,7900,1
traditional_ppo,45,7995,1
traditional_ppo,45,8095,1
traditional_ppo,45,8201,1
traditional_ppo,45,8296,1
traditional_ppo,45,8393,1
traditional_ppo,45,8496,1
traditional_ppo,45,8586,1
traditional_ppo,45,8685,1
traditional_ppo,45,8706,1
traditional_ppo,45,8798,1
traditional_ppo,45,8889,1
traditional_ppo,45,8987,1
traditional_ppo,45,9074,1
traditional_ppo,45,9170,1
traditional_ppo,45,9271,1
traditional_ppo,45,9376,1
traditional_ppo,45,9473,1
traditional_ppo,45,9581,1
traditional_ppo,45,9676,1
traditional_ppo,45,9770,1
traditional_ppo,45,9872,1
traditional_ppo,45,9951,1
traditional_ppo,45,10043,1
traditional_ppo,45,10155,1
traditional_ppo,45,10245,1
traditional_ppo,45,10338,1
traditional_ppo,45,10445,1
traditional_ppo,45,10535,1
traditional_ppo,45,10626,1
traditional_ppo,45,10733,1
traditional_ppo,45,10828,1
traditional_ppo,45,10924,1
traditional_ppo,45,11032,1
traditional_ppo,45,11123,1
traditional_ppo,45,11215,1
traditional_ppo,45,11315,1
traditional_ppo,45,11404,1
traditional_ppo,45,11507,1
traditional_ppo,45,11611,1
traditional_ppo,45,11697,1
traditional_ppo,45,11723,1
traditional_ppo,45,11836,1
traditional_ppo,45,11924,1
traditional_ppo,45,12026,1
traditional_ppo,45,12132,1
traditional_ppo,45,12224,1
traditional_ppo,45,12327,1
traditional_ppo,45,12434,1
traditional_ppo,45,12531,1
traditional_ppo,45,12640,1
traditional_ppo,45,12728,1
traditional_ppo,45,12828,1
traditional_ppo,45,12919,1
traditional_ppo,45,13032,1
traditional_ppo,45,13131,1
traditional_ppo,45,13220,1
traditional_ppo,45,13329,1
traditional_ppo,45,13417,1
traditional_ppo,45,13528,1
traditional_ppo,45,13631,1
traditional_ppo,45,13713,1
traditional_ppo,45,13800,1
traditional_ppo,45,13904,1
traditional_ppo,45,13989,1
traditional_ppo,45,14083,1
traditional_ppo,45,14178,1
traditional_ppo,45,14271,1
traditional_ppo,45,14371,1
traditional_ppo,45,14473,1
traditional_ppo,45,14561,1
traditional_ppo,45,14652,1
traditional_ppo,45,14753,1
traditional_ppo,45,14773,1
traditional_ppo,45,14877,1
traditional_ppo,45,14981,1
traditional_ppo,45,15076,1
traditional_ppo,45,15176,1
traditional_ppo,45,15283,1
traditional_ppo,45,15373,1
traditional_ppo,45,15461,1
traditional_ppo,45,15564,1
traditional_ppo,45,15649,1
traditional_ppo,45,15746,1
traditional_ppo,45,15858,1
traditional_ppo,45,15959,1
traditional_ppo,45,16052,1
traditional_ppo,45,16164,1
traditional_ppo,45,16258,1
traditional_ppo,45,16356,1
traditional_ppo,45,16472,1
traditional_ppo,45,16570,1
traditional_ppo,45,16674,1
traditional_ppo,45,16769,1
traditional_ppo,45,16852,1
traditional_ppo,45,16957,1
traditional_ppo,45,17065,1
traditional_ppo,45,17160,1
traditional_ppo,45,17266,1
traditional_ppo,45,17366,1
traditional_ppo,45,17445,1
traditional_ppo,45,17544,1
traditional_ppo,45,17648,1
traditional_ppo,45,17741,1
traditional_ppo,45,17836,1
traditional_ppo,45,17864,1
traditional_ppo,46,79,1
traditional_ppo,46,156,1
traditional_ppo,46,232,1
traditional_ppo,46,302,1
traditional_ppo,46,373,1
traditional_ppo,46,456,1
traditional_ppo,46,523,1
traditional_ppo,46,613,1
traditional_ppo,46,699,1
traditional_ppo,46,769,1
traditional_ppo,46,853,1
traditional_ppo,46,952,1
traditional_ppo,46,1029,1
traditional_ppo,46,1117,1
traditional_ppo,46,1210,1
traditional_ppo,46,1262,1
traditional_ppo,46,1346,1
traditional_ppo,46,1448,1
traditional_ppo,46,1519,1
traditional_ppo,46,1617,1
traditional_ppo,46,1709,1
traditional_ppo,46,1797,1
traditional_ppo,46,1892,1
traditional_ppo,46,1985,1
traditional_ppo,46,2068,1
traditional_ppo,46,2161,1
traditional_ppo,46,2263,1
traditional_ppo,46,2343,1
traditional_ppo,46,2430,1
traditional_ppo,46,2517,1
traditional_ppo,46,2599,1
traditional_ppo,46,2646,1
traditional_ppo,46,2752,1
traditional_ppo,46,2844,1
traditional_ppo,46,2930,1
traditional_ppo,46,3028,1
traditional_ppo,46,3110,1
traditional_ppo,46,3207,1
traditional_ppo,46,3310,1
traditional_ppo,46,3389,1
traditional_ppo,46,3485,1
traditional_ppo,46,3584,1
traditional_ppo,46,3668,1
traditional_ppo,46,3763,1
traditional_ppo,46,3867,1
traditional_ppo,46,3952,1
traditional_ppo,46,4043,1
traditional_ppo,46,4143,1
traditional_ppo,46,4235,1
traditional_ppo,46,4329,1
traditional_ppo,46,4430,1
traditional_ppo,46,4511,1
traditional_ppo,46,4601,1
traditional_ppo,46,4703,1
traditional_ppo,46,4793,1
traditional_ppo,46,4896,1
traditional_ppo,46,5009,1
traditional_ppo,46,5096,1
traditional_ppo,46,5194,1
traditional_ppo,46,5293,1
traditional_ppo,46,5378,1
traditional_ppo,46,5476,1
traditional_ppo,46,5567,1
traditional_ppo,46,5591,1
traditional_ppo,46,5702,1
traditional_ppo,46,5804,1
traditional_ppo,46,5896,1
traditional_ppo,46,5995,1
traditional_ppo,46,6107,1
traditional_ppo,46,6207,1
traditional_ppo,46,6294,1
traditional_ppo,46,6397,1
traditional_ppo,46,6493,1
traditional_ppo,46,6590,1
traditional_ppo,46,6689,1
traditional_ppo,46,6776,1
traditional_ppo,46,6877,1
traditional_ppo,46,6975,1
traditional_ppo,46,7065,1
traditional_ppo,46,7169,1
traditional_ppo,46,7268,1
traditional_ppo,46,7347,1
traditional_ppo,46,7443,1
traditional_ppo,46,7542,1
traditional_ppo,46,7628,1
traditional_ppo,46,7727,1
traditional_ppo,46,7836,1
traditional_ppo,46,7926,1
traditional_ppo,46,8016,1
traditional_ppo,46,8115,1
traditional_ppo,46,8206,1
traditional_ppo,46,8314,1
traditional_ppo,46,8426,1
traditional_ppo,46,8530,1
traditional_ppo,46,8619,1
traditional_ppo,46,8643,1
traditional_ppo,46,8732,1
traditional_ppo,46,8833,1
traditional_ppo,46,8945,1
traditional_ppo,46,9028,1
traditional_ppo,46,9130,1
traditional_ppo,46,9242,1
traditional_ppo,46,9337,1
traditional_ppo,46,9432,1
traditional_ppo,46,9526,1
traditional_ppo,46,9611,1
traditional_ppo,46,9699,1
traditional_ppo,46,9806,1
traditional_ppo,46,9896,1
traditional_ppo,46,9996,1
traditional_ppo,46,10105,1
traditional_ppo,46,10197,1
traditional_ppo,46,10290,1
traditional_ppo,46,10392,1
traditional_ppo,46,10487,1
traditional_ppo,46,10571,1
traditional_ppo,46,10665,1
traditional_ppo,46,10747,1
traditional_ppo,46,10849,1
traditional_ppo,46,10944,1
traditional_ppo,46,11042,1
traditional_ppo,46,11152,1
traditional_ppo,46,11245,1
traditional_ppo,46,11331,1
traditional_ppo,46,11431,1
traditional_ppo,46,11518,1
traditional_ppo,46,11604,1
traditional_ppo,46,11632,1
traditional_ppo,46,11728,1
traditional_ppo,46,11827,1
traditional_ppo,46,11920,1
traditional_ppo,46,12030,1
traditional_ppo,46,12126,1
traditional_ppo,46,12226,1
traditional_ppo,46,12340,1
traditional_ppo,46,12424,1
traditional_ppo,46,12519,1
traditional_ppo,46,12624,1
traditional_ppo,46,12707,1
traditional_ppo,46,12807,1
traditional_ppo,46,12901,1
traditional_ppo,46,13002,1
traditional_ppo,46,13110,1
traditional_ppo,46,13223,1
traditional_ppo,46,13312,1
traditional_ppo,46,13408,1
traditional_ppo,46,13511,1
traditional_ppo,46,13609,1
traditional_ppo,46,13702,1
traditional_ppo,46,13799,1
traditional_ppo,46,13887,1
traditional_ppo,46,13985,1
traditional_ppo,46,14086,1
traditional_ppo,46,14178,1
traditional_ppo,46,14278,1
traditional_ppo,46,14375,1
traditional_ppo,46,14467,1
traditional_ppo,46,14551,1
traditional_ppo,46,14661,1
traditional_ppo,46,14683,1
traditional_ppo,46,14774,1
traditional_ppo,46,14865,1
traditional_ppo,46,14945,1
traditional_ppo,46,15054,1
traditional_ppo,46,15163,1
traditional_ppo,46,15248,1
traditional_ppo,46,15351,1
traditional_ppo,46,15465,1
traditional_ppo,46,15559,1
traditional_ppo,46,15663,1
traditional_ppo,46,15765,1
traditional_ppo,46,15859,1
traditional_ppo,46,15955,1
traditional_ppo,46,16060,1
traditional_ppo,46,16156,1
traditional_ppo,46,16248,1
traditional_ppo,46,16350,1
traditional_ppo,46,16442,1
traditional_ppo,46,16545,1
traditional_ppo,46,16645,1
traditional_ppo,46,16737,1
traditional_ppo,46,16833,1
traditional_ppo,46,16941,1
traditional_ppo,46,17022,1
traditional_ppo,46,17124,1
traditional_ppo,46,17221,1
traditional_ppo,46,17305,1
traditional_ppo,46,17395,1
traditional_ppo,46,17499,1
traditional_ppo,46,17585,1
traditional_ppo,46,17681,1
traditional_ppo,46,17709,1
a2c_pointer,42,66,1
a2c_pointer,42,143,1
a2c_pointer,42,239,1
a2c_pointer,42,313,1
a2c_pointer,42,413,1
a2c_pointer,42,502,1
a2c_pointer,42,586,1
a2c_pointer,42,685,1
a2c_pointer,42,787,1
a2c_pointer,42,865,1
a2c_pointer,42,968,1
a2c_pointer,42,1082,1
a2c_pointer,42,1173,1
a2c_pointer,42,1268,1
a2c_pointer,42,1383,1
a2c_pointer,42,1438,1
a2c_pointer,42,1534,1
a2c_pointer,42,1649,1
a2c_pointer,42,1736,1
a2c_pointer,42,1828,1
a2c_pointer,42,1924,1
a2c_pointer,42,2028,1
a2c_pointer,42,2135,1
a2c_pointer,42,2255,1
a2c_pointer,42,2362,1
a2c_pointer,42,2467,1
a2c_pointer,42,2573,1
a2c_pointer,42,2666,1
a2c_pointer,42,2775,1
a2c_pointer,42,2889,1
a2c_pointer,42,2994,1
a2c_pointer,42,3065,1
a2c_pointer,42,3187,1
a2c_pointer,42,3278,1
a2c_pointer,42,3393,1
a2c_pointer,42,3526,1
a2c_pointer,42,3624,1
a2c_pointer,42,3732,1
a2c_pointer,42,3850,1
a2c_pointer,42,3947,1
a2c_pointer,42,4048,1
a2c_pointer,42,4175,1
a2c_pointer,42,4285,1
a2c_pointer,42,4397,1
a2c_pointer,42,4538,1
a2c_pointer,42,4637,1
a2c_pointer,42,4742,1
a2c_pointer,42,4869,1
a2c_pointer,42,4979,1
a2c_pointer,42,5093,1
a2c_pointer,42,5224,1
a2c_pointer,42,5337,1
a2c_pointer,42,5466,1
a2c_pointer,42,5615,1
a2c_pointer,42,5724,1
a2c_pointer,42,5853,1
a2c_pointer,42,5982,1
a2c_pointer,42,6097,1
a2c_pointer,42,6229,1
a2c_pointer,42,6386,1
a2c_pointer,42,6497,1
a2c_pointer,42,6630,1
a2c_pointer,42,6771,1
a2c_pointer,42,6804,1
a2c_pointer,42,6919,1
a2c_pointer,42,7051,1
a2c_pointer,42,7155,1
a2c_pointer,42,7284,1
a2c_pointer,42,7422,1
a2c_pointer,42,7532,1
a2c_pointer,42,7656,1
a2c_pointer,42,7804,1
a2c_pointer,42,7927,1
a2c_pointer,42,8067,1
a2c_pointer,42,8213,1
a2c_pointer,42,8315,1
a2c_pointer,42,8436,1
a2c_pointer,42,8573,1
a2c_pointer,42,8685,1
a2c_pointer,42,8821,1
a2c_pointer,42,8967,1
a2c_pointer,42,9078,1
a2c_pointer,42,9211,1
a2c_pointer,42,9357,1
a2c_pointer,42,9474,1
a2c_pointer,42,9608,1
a2c_pointer,42,9777,1
a2c_pointer,42,9899,1
a2c_pointer,42,10040,1
a2c_pointer,42,10189,1
a2c_pointer,42,10300,1
a2c_pointer,42,10441,1
a2c_pointer,42,10617,1
a2c_pointer,42,10737,1
a2c_pointer,42,10893,1
a2c_pointer,42,10935,1
a2c_pointer,42,11065,1
a2c_pointer,42,11196,1
a2c_pointer,42,11357,1
a2c_pointer,42,11472,1
a2c_pointer,42,11623,1
a2c_pointer,42,11791,1
a2c_pointer,42,11931,1
a2c_pointer,42,12082,1
a2c_pointer,42,12225,1
a2c_pointer,42,12356,1
a2c_pointer,42,12503,1
a2c_pointer,42,12684,1
a2c_pointer,42,12815,1
a2c_pointer,42,12976,1
a2c_pointer,42,13148,1
a2c_pointer,42,13272,1
a2c_pointer,42,13404,1
a2c_pointer,42,13576,1
a2c_pointer,42,13711,1
a2c_pointer,42,13868,1
a2c_pointer,42,14043,1
a2c_pointer,42,14181,1
a2c_pointer,42,14344,1
a2c_pointer,42,14504,1
a2c_pointer,42,14629,1
a2c_pointer,42,14773,1
a2c_pointer,42,14946,1
a2c_pointer,42,15070,1
a2c_pointer,42,15223,1
a2c_pointer,42,15409,1
a2c_pointer,42,15545,1
a2c_pointer,42,15586,1
a2c_pointer,42,15762,1
a2c_pointer,42,15894,1
a2c_pointer,42,16030,1
a2c_pointer,42,16231,1
a2c_pointer,42,16359,1
a2c_pointer,42,16510,1
a2c_pointer,42,16694,1
a2c_pointer,42,16836,1
a2c_pointer,42,16988,1
a2c_pointer,42,17172,1
a2c_pointer,42,17299,1
a2c_pointer,42,17451,1
a2c_pointer,42,17630,1
a2c_pointer,42,17759,1
a2c_pointer,42,17934,1
a2c_pointer,42,18103,1
a2c_pointer,42,18238,1
a2c_pointer,42,18407,1
a2c_pointer,42,18568,1
a2c_pointer,42,18699,1
a2c_pointer,42,18847,1
a2c_pointer,42,18995,1
a2c_pointer,42,19133,1
a2c_pointer,42,19285,1
a2c_pointer,42,19441,1
a2c_pointer,42,19558,1
a2c_pointer,42,19700,1
a2c_pointer,42,19857,1
a2c_pointer,42,19988,1
a2c_pointer,42,20148,1
a2c_pointer,42,20314,1
a2c_pointer,42,20345,1
a2c_pointer,42,20494,1
a2c_pointer,42,20658,1
a2c_pointer,42,20787,1
a2c_pointer,42,20910,1
a2c_pointer,42,21082,1
a2c_pointer,42,21191,1
a2c_pointer,42,21329,1
a2c_pointer,42,21484,1
a2c_pointer,42,21593,1
a2c_pointer,42,21715,1
a2c_pointer,42,21871,1
a2c_pointer,42,22002,1
a2c_pointer,42,22155,1
a2c_pointer,42,22334,1
a2c_pointer,42,22458,1
a2c_pointer,42,22605,1
a2c_pointer,42,22770,1
a2c_pointer,42,22908,1
a2c_pointer,42,23065,1
a2c_pointer,42,23225,1
a2c_pointer,42,23357,1
a2c_pointer,42,23509,1
a2c_pointer,42,23698,1
a2c_pointer,42,23822,1
a2c_pointer,42,23979,1
a2c_pointer,42,24133,1
a2c_pointer,42,24279,1
a2c_pointer,42,24416,1
a2c_pointer,42,24572,1
a2c_pointer,42,24696,1
a2c_pointer,42,24848,1
a2c_pointer,42,24893,1
a2c_pointer,43,78,1
a2c_pointer,43,166,1
a2c_pointer,43,258,1
a2c_pointer,43,337,1
a2c_pointer,43,429,1
a2c_pointer,43,525,1
a2c_pointer,43,606,1
a2c_pointer,43,702,1
a2c_pointer,43,809,1
a2c_pointer,43,900,1
a2c_pointer,43,988,1
a2c_pointer,43,1096,1
a2c_pointer,43,1175,1
a2c_pointer,43,1279,1
a2c_pointer,43,1377,1
a2c_pointer,43,1443,1
a2c_pointer,43,1539,1
a2c_pointer,43,1655,1
a2c_pointer,43,1752,1
a2c_pointer,43,1859,1
a2c_pointer,43,1967,1
a2c_pointer,43,2067,1
a2c_pointer,43,2171,1
a2c_pointer,43,2292,1
a2c_pointer,43,2386,1
a2c_pointer,43,2492,1
a2c_pointer,43,2617,1
a2c_pointer,43,2718,1
a2c_pointer,43,2824,1
a2c_pointer,43,2941,1
a2c_pointer,43,3044,1
a2c_pointer,43,3116,1
a2c_pointer,43,3233,1
a2c_pointer,43,3326,1
a2c_pointer,43,3435,1
a2c_pointer,43,3551,1
a2c_pointer,43,3656,1
a2c_pointer,43,3778,1
a2c_pointer,43,3905,1
a2c_pointer,43,4012,1
a2c_pointer,43,4129,1
a2c_pointer,43,4253,1
a2c_pointer,43,4352,1
a2c_pointer,43,4471,1
a2c_pointer,43,4607,1
a2c_pointer,43,4721,1
a2c_pointer,43,4851,1
a2c_pointer,43,4971,1
a2c_pointer,43,5089,1
a2c_pointer,43,5216,1
a2c_pointer,43,5352,1
a2c_pointer,43,5458,1
a2c_pointer,43,5578,1
a2c_pointer,43,5727,1
a2c_pointer,43,5835,1
a2c_pointer,43,5965,1
a2c_pointer,43,6126,1
a2c_pointer,43,6252,1
a2c_pointer,43,6384,1
a2c_pointer,43,6527,1
a2c_pointer,43,6645,1
a2c_pointer,43,6804,1
a2c_pointer,43,6977,1
a2c_pointer,43,7008,1
a2c_pointer,43,7163,1
a2c_pointer,43,7348,1
a2c_pointer,43,7470,1
a2c_pointer,43,7609,1
a2c_pointer,43,7783,1
a2c_pointer,43,7914,1
a2c_pointer,43,8028,1
a2c_pointer,43,8173,1
a2c_pointer,43,8278,1
a2c_pointer,43,8397,1
a2c_pointer,43,8557,1
a2c_pointer,43,8688,1
a2c_pointer,43,8840,1
a2c_pointer,43,9004,1
a2c_pointer,43,9133,1
a2c_pointer,43,9272,1
a2c_pointer,43,9429,1
a2c_pointer,43,9549,1
a2c_pointer,43,9708,1
a2c_pointer,43,9876,1
a2c_pointer,43,9992,1
a2c_pointer,43,10121,1
a2c_pointer,43,10276,1
a2c_pointer,43,10386,1
a2c_pointer,43,10536,1
a2c_pointer,43,10694,1
a2c_pointer,43,10820,1
a2c_pointer,43,10968,1
a2c_pointer,43,11111,1
a2c_pointer,43,11230,1
a2c_pointer,43,11359,1
a2c_pointer,43,11401,1
a2c_pointer,43,11529,1
a2c_pointer,43,11671,1
a2c_pointer,43,11855,1
a2c_pointer,43,11971,1
a2c_pointer,43,12112,1
a2c_pointer,43,12276,1
a2c_pointer,43,12405,1
a2c_pointer,43,12535,1
a2c_pointer,43,12701,1
a2c_pointer,43,12811,1
a2c_pointer,43,12947,1
a2c_pointer,43,13098,1
a2c_pointer,43,13219,1
a2c_pointer,43,13350,1
a2c_pointer,43,13512,1
a2c_pointer,43,13650,1
a2c_pointer,43,13785,1
a2c_pointer,43,13948,1
a2c_pointer,43,14079,1
a2c_pointer,43,14227,1
a2c_pointer,43,14382,1
a2c_pointer,43,14516,1
a2c_pointer,43,14669,1
a2c_pointer,43,14840,1
a2c_pointer,43,14973,1
a2c_pointer,43,15119,1
a2c_pointer,43,15279,1
a2c_pointer,43,15392,1
a2c_pointer,43,15534,1
a2c_pointer,43,15685,1
a2c_pointer,43,15807,1
a2c_pointer,43,15848,1
a2c_pointer,43,16026,1
a2c_pointer,43,16148,1
a2c_pointer,43,16297,1
a2c_pointer,43,16475,1
a2c_pointer,43,16598,1
a2c_pointer,43,16767,1
a2c_pointer,43,16957,1
a2c_pointer,43,17080,1
a2c_pointer,43,17223,1
a2c_pointer,43,17409,1
a2c_pointer,43,17528,1
a2c_pointer,43,17677,1
a2c_pointer,43,17870,1
a2c_pointer,43,18005,1
a2c_pointer,43,18165,1
a2c_pointer,43,18333,1
a2c_pointer,43,18459,1
a2c_pointer,43,18617,1
a2c_pointer,43,18779,1
a2c_pointer,43,18928,1
a2c_pointer,43,19076,1
a2c_pointer,43,19240,1
a2c_pointer,43,19365,1
a2c_pointer,43,19515,1
a2c_pointer,43,19679,1
a2c_pointer,43,19800,1
a2c_pointer,43,19946,1
a2c_pointer,43,20113,1
a2c_pointer,43,20247,1
a2c_pointer,43,20379,1
a2c_pointer,43,20546,1
a2c_pointer,43,20582,1
a2c_pointer,43,20713,1
a2c_pointer,43,20878,1
a2c_pointer,43,21005,1
a2c_pointer,43,21171,1
a2c_pointer,43,21342,1
a2c_pointer,43,21478,1
a2c_pointer,43,21638,1
a2c_pointer,43,21800,1
a2c_pointer,43,21937,1
a2c_pointer,43,22075,1
a2c_pointer,43,22266,1
a2c_pointer,43,22384,1
a2c_pointer,43,22560,1
a2c_pointer,43,22729,1
a2c_pointer,43,22861,1
a2c_pointer,43,23013,1
a2c_pointer,43,23171,1
a2c_pointer,43,23302,1
a2c_pointer,43,23453,1
a2c_pointer,43,23617,1
a2c_pointer,43,23727,1
a2c_pointer,43,23871,1
a2c_pointer,43,24036,1
a2c_pointer,43,24164,1
a2c_pointer,43,24293,1
a2c_pointer,43,24450,1
a2c_pointer,43,24562,1
a2c_pointer,43,24705,1
a2c_pointer,43,24859,1
a2c_pointer,43,24976,1
a2c_pointer,43,25128,1
a2c_pointer,43,25165,1
a2c_pointer,44,76,1
a2c_pointer,44,152,1
a2c_pointer,44,248,1
a2c_pointer,44,334,1
a2c_pointer,44,428,1
a2c_pointer,44,521,1
a2c_pointer,44,604,1
a2c_pointer,44,705,1
a2c_pointer,44,815,1
a2c_pointer,44,910,1
a2c_pointer,44,1012,1
a2c_pointer,44,1106,1
a2c_pointer,44,1199,1
a2c_pointer,44,1305,1
a2c_pointer,44,1405,1
a2c_pointer,44,1466,1
a2c_pointer,44,1560,1
a2c_pointer,44,1652,1
a2c_pointer,44,1751,1
a2c_pointer,44,1845,1
a2c_pointer,44,1954,1
a2c_pointer,44,2048,1
a2c_pointer,44,2138,1
a2c_pointer,44,2239,1
a2c_pointer,44,2331,1
a2c_pointer,44,2437,1
a2c_pointer,44,2556,1
a2c_pointer,44,2644,1
a2c_pointer,44,2743,1
a2c_pointer,44,2843,1
a2c_pointer,44,2941,1
a2c_pointer,44,3009,1
a2c_pointer,44,3132,1
a2c_pointer,44,3218,1
a2c_pointer,44,3329,1
a2c_pointer,44,3451,1
a2c_pointer,44,3545,1
a2c_pointer,44,3659,1
a2c_pointer,44,3792,1
a2c_pointer,44,3891,1
a2c_pointer,44,4017,1
a2c_pointer,44,4151,1
a2c_pointer,44,4263,1
a2c_pointer,44,4379,1
a2c_pointer,44,4513,1
a2c_pointer,44,4616,1
a2c_pointer,44,4752,1
a2c_pointer,44,4894,1
a2c_pointer,44,5015,1
a2c_pointer,44,5141,1
a2c_pointer,44,5282,1
a2c_pointer,44,5406,1
a2c_pointer,44,5540,1
a2c_pointer,44,5688,1
a2c_pointer,44,5809,1
a2c_pointer,44,5951,1
a2c_pointer,44,6092,1
a2c_pointer,44,6216,1
a2c_pointer,44,6340,1
a2c_pointer,44,6488,1
a2c_pointer,44,6608,1
a2c_pointer,44,6746,1
a2c_pointer,44,6908,1
a2c_pointer,44,6938,1
a2c_pointer,44,7078,1
a2c_pointer,44,7234,1
a2c_pointer,44,7350,1
a2c_pointer,44,7499,1
a2c_pointer,44,7668,1
a2c_pointer,44,7785,1
a2c_pointer,44,7961,1
a2c_pointer,44,8139,1
a2c_pointer,44,8254,1
a2c_pointer,44,8385,1
a2c_pointer,44,8557,1
a2c_pointer,44,8704,1
a2c_pointer,44,8861,1
a2c_pointer,44,9052,1
a2c_pointer,44,9186,1
a2c_pointer,44,9335,1
a2c_pointer,44,9507,1
a2c_pointer,44,9626,1
a2c_pointer,44,9767,1
a2c_pointer,44,9931,1
a2c_pointer,44,10066,1
a2c_pointer,44,10247,1
a2c_pointer,44,10409,1
a2c_pointer,44,10539,1
a2c_pointer,44,10703,1
a2c_pointer,44,10883,1
a2c_pointer,44,11015,1
a2c_pointer,44,11182,1
a2c_pointer,44,11392,1
a2c_pointer,44,11541,1
a2c_pointer,44,11701,1
a2c_pointer,44,11729,1
a2c_pointer,44,11873,1
a2c_pointer,44,12011,1
a2c_pointer,44,12174,1
a2c_pointer,44,12296,1
a2c_pointer,44,12433,1
a2c_pointer,44,12622,1
a2c_pointer,44,12744,1
a2c_pointer,44,12880,1
a2c_pointer,44,13062,1
a2c_pointer,44,13183,1
a2c_pointer,44,13334,1
a2c_pointer,44,13494,1
a2c_pointer,44,13615,1
a2c_pointer,44,13774,1
a2c_pointer,44,13956,1
a2c_pointer,44,14100,1
a2c_pointer,44,14220,1
a2c_pointer,44,14396,1
a2c_pointer,44,14506,1
a2c_pointer,44,14657,1
a2c_pointer,44,14818,1
a2c_pointer,44,14942,1
a2c_pointer,44,15089,1
a2c_pointer,44,15253,1
a2c_pointer,44,15377,1
a2c_pointer,44,15526,1
a2c_pointer,44,15694,1
a2c_pointer,44,15813,1
a2c_pointer,44,15960,1
a2c_pointer,44,16118,1
a2c_pointer,44,16254,1
a2c_pointer,44,16285,1
a2c_pointer,44,16456,1
a2c_pointer,44,16591,1
a2c_pointer,44,16750,1
a2c_pointer,44,16902,1
a2c_pointer,44,17037,1
a2c_pointer,44,17181,1
a2c_pointer,44,17343,1
a2c_pointer,44,17459,1
a2c_pointer,44,17608,1
a2c_pointer,44,17768,1
a2c_pointer,44,17887,1
a2c_pointer,44,18018,1
a2c_pointer,44,18167,1
a2c_pointer,44,18286,1
a2c_pointer,44,18430,1
a2c_pointer,44,18590,1
a2c_pointer,44,18728,1
a2c_pointer,44,18880,1
a2c_pointer,44,19024,1
a2c_pointer,44,19156,1
a2c_pointer,44,19323,1
a2c_pointer,44,19502,1
a2c_pointer,44,19638,1
a2c_pointer,44,19771,1
a2c_pointer,44,19958,1
a2c_pointer,44,20073,1
a2c_pointer,44,20205,1
a2c_pointer,44,20354,1
a2c_pointer,44,20472,1
a2c_pointer,44,20608,1
a2c_pointer,44,20770,1
a2c_pointer,44,20796,1
a2c_pointer,44,20958,1
a2c_pointer,44,21148,1
a2c_pointer,44,21267,1
a2c_pointer,44,21425,1
a2c_pointer,44,21604,1
a2c_pointer,44,21732,1
a2c_pointer,44,21880,1
a2c_pointer,44,22043,1
a2c_pointer,44,22170,1
a2c_pointer,44,22320,1
a2c_pointer,44,22493,1
a2c_pointer,44,22614,1
a2c_pointer,44,22762,1
a2c_pointer,44,22947,1
a2c_pointer,44,23084,1
a2c_pointer,44,23242,1
a2c_pointer,44,23405,1
a2c_pointer,44,23533,1
a2c_pointer,44,23682,1
a2c_pointer,44,23854,1
a2c_pointer,44,23987,1
a2c_pointer,44,24159,1
a2c_pointer,44,24345,1
a2c_pointer,44,24477,1
a2c_pointer,44,24628,1
a2c_pointer,44,24795,1
a2c_pointer,44,24913,1
a2c_pointer,44,25056,1
a2c_pointer,44,25232,1
a2c_pointer,44,25356,1
a2c_pointer,44,25509,1
a2c_pointer,44,25539,1
a2c_pointer,45,70,1
a2c_pointer,45,151,1
a2c_pointer,45,237,1
a2c_pointer,45,312,1
a2c_pointer,45,413,1
a2c_pointer,45,513,1
a2c_pointer,45,604,1
a2c_pointer,45,705,1
a2c_pointer,45,813,1
a2c_pointer,45,903,1
a2c_pointer,45,1002,1
a2c_pointer,45,1111,1
a2c_pointer,45,1205,1
a2c_pointer,45,1297,1
a2c_pointer,45,1416,1
a2c_pointer,45,1476,1
a2c_pointer,45,1570,1
a2c_pointer,45,1668,1
a2c_pointer,45,1758,1
a2c_pointer,45,1853,1
a2c_pointer,45,1972,1
a2c_pointer,45,2063,1
a2c_pointer,45,2168,1
a2c_pointer,45,2283,1
a2c_pointer,45,2371,1
a2c_pointer,45,2469,1
a2c_pointer,45,2594,1
a2c_pointer,45,2685,1
a2c_pointer,45,2800,1
a2c_pointer,45,2917,1
a2c_pointer,45,3024,1
a2c_pointer,45,3102,1
a2c_pointer,45,3229,1
a2c_pointer,45,3327,1
a2c_pointer,45,3450,1
a2c_pointer,45,3574,1
a2c_pointer,45,3674,1
a2c_pointer,45,3778,1
a2c_pointer,45,3897,1
a2c_pointer,45,3990,1
a2c_pointer,45,4101,1
a2c_pointer,45,4233,1
a2c_pointer,45,4346,1
a2c_pointer,45,4449,1
a2c_pointer,45,4578,1
a2c_pointer,45,4693,1
a2c_pointer,45,4823,1
a2c_pointer,45,4957,1
a2c_pointer,45,5080,1
a2c_pointer,45,5215,1
a2c_pointer,45,5364,1
a2c_pointer,45,5476,1
a2c_pointer,45,5617,1
a2c_pointer,45,5753,1
a2c_pointer,45,5869,1
a2c_pointer,45,6001,1
a2c_pointer,45,6148,1
a2c_pointer,45,6256,1
a2c_pointer,45,6398,1
a2c_pointer,45,6565,1
a2c_pointer,45,6688,1
a2c_pointer,45,6821,1
a2c_pointer,45,6973,1
a2c_pointer,45,7004,1
a2c_pointer,45,7143,1
a2c_pointer,45,7304,1
a2c_pointer,45,7422,1
a2c_pointer,45,7559,1
a2c_pointer,45,7725,1
a2c_pointer,45,7839,1
a2c_pointer,45,7981,1
a2c_pointer,45,8138,1
a2c_pointer,45,8253,1
a2c_pointer,45,8406,1
a2c_pointer,45,8567,1
a2c_pointer,45,8676,1
a2c_pointer,45,8814,1
a2c_pointer,45,8969,1
a2c_pointer,45,9092,1
a2c_pointer,45,9234,1
a2c_pointer,45,9396,1
a2c_pointer,45,9510,1
a2c_pointer,45,9650,1
a2c_pointer,45,9786,1
a2c_pointer,45,9915,1
a2c_pointer,45,10056,1
a2c_pointer,45,10201,1
a2c_pointer,45,10326,1
a2c_pointer,45,10471,1
a2c_pointer,45,10627,1
a2c_pointer,45,10744,1
a2c_pointer,45,10888,1
a2c_pointer,45,11035,1
a2c_pointer,45,11152,1
a2c_pointer,45,11298,1
a2c_pointer,45,11339,1
a2c_pointer,45,11461,1
a2c_pointer,45,11594,1
a2c_pointer,45,11753,1
a2c_pointer,45,11867,1
a2c_pointer,45,12007,1
a2c_pointer,45,12162,1
a2c_pointer,45,12302,1
a2c_pointer,45,12449,1
a2c_pointer,45,12609,1
a2c_pointer,45,12727,1
a2c_pointer,45,12869,1
a2c_pointer,45,13028,1
a2c_pointer,45,13127,1
a2c_pointer,45,13264,1
a2c_pointer,45,13440,1
a2c_pointer,45,13563,1
a2c_pointer,45,13687,1
a2c_pointer,45,13857,1
a2c_pointer,45,13972,1
a2c_pointer,45,14109,1
a2c_pointer,45,14272,1
a2c_pointer,45,14401,1
a2c_pointer,45,14547,1
a2c_pointer,45,14701,1
a2c_pointer,45,14827,1
a2c_pointer,45,14967,1
a2c_pointer,45,15136,1
a2c_pointer,45,15257,1
a2c_pointer,45,15415,1
a2c_pointer,45,15577,1
a2c_pointer,45,15689,1
a2c_pointer,45,15720,1
a2c_pointer,45,15891,1
a2c_pointer,45,16009,1
a2c_pointer,45,16166,1
a2c_pointer,45,16337,1
a2c_pointer,45,16462,1
a2c_pointer,45,16614,1
a2c_pointer,45,16793,1
a2c_pointer,45,16924,1
a2c_pointer,45,17081,1
a2c_pointer,45,17234,1
a2c_pointer,45,17354,1
a2c_pointer,45,17490,1
a2c_pointer,45,17665,1
a2c_pointer,45,17802,1
a2c_pointer,45,17925,1
a2c_pointer,45,18099,1
a2c_pointer,45,18213,1
a2c_pointer,45,18363,1
a2c_pointer,45,18519,1
a2c_pointer,45,18638,1
a2c_pointer,45,18773,1
a2c_pointer,45,18932,1
a2c_pointer,45,19066,1
a2c_pointer,45,19203,1
a2c_pointer,45,19371,1
a2c_pointer,45,19506,1
a2c_pointer,45,19661,1
a2c_pointer,45,19815,1
a2c_pointer,45,19939,1
a2c_pointer,45,20084,1
a2c_pointer,45,20258,1
a2c_pointer,45,20290,1
a2c_pointer,45,20444,1
a2c_pointer,45,20614,1
a2c_pointer,45,20747,1
a2c_pointer,45,20899,1
a2c_pointer,45,21081,1
a2c_pointer,45,21212,1
a2c_pointer,45,21349,1
a2c_pointer,45,21518,1
a2c_pointer,45,21626,1
a2c_pointer,45,21784,1
a2c_pointer,45,21955,1
a2c_pointer,45,22084,1
a2c_pointer,45,22219,1
a2c_pointer,45,22365,1
a2c_pointer,45,22473,1
a2c_pointer,45,22604,1
a2c_pointer,45,22757,1
a2c_pointer,45,22871,1
a2c_pointer,45,22995,1
a2c_pointer,45,23107,1
a2c_pointer,45,23203,1
a2c_pointer,45,23342,1
a2c_pointer,45,23501,1
a2c_pointer,45,23629,1
a2c_pointer,45,23776,1
a2c_pointer,45,23927,1
a2c_pointer,45,24038,1
a2c_pointer,45,24186,1
a2c_pointer,45,24354,1
a2c_pointer,45,24485,1
a2c_pointer,45,24622,1
a2c_pointer,45,24665,1
a2c_pointer,46,78,1
a2c_pointer,46,164,1
a2c_pointer,46,252,1
a2c_pointer,46,351,1
a2c_pointer,46,438,1
a2c_pointer,46,532,1
a2c_pointer,46,617,1
a2c_pointer,46,721,1
a2c_pointer,46,817,1
a2c_pointer,46,902,1
a2c_pointer,46,1003,1
a2c_pointer,46,1110,1
a2c_pointer,46,1206,1
a2c_pointer,46,1310,1
a2c_pointer,46,1426,1
a2c_pointer,46,1491,1
a2c_pointer,46,1590,1
a2c_pointer,46,1709,1
a2c_pointer,46,1794,1
a2c_pointer,46,1902,1
a2c_pointer,46,2011,1
a2c_pointer,46,2114,1
a2c_pointer,46,2214,1
a2c_pointer,46,2331,1
a2c_pointer,46,2423,1
a2c_pointer,46,2525,1
a2c_pointer,46,2647,1
a2c_pointer,46,2734,1
a2c_pointer,46,2841,1
a2c_pointer,46,2953,1
a2c_pointer,46,3051,1
a2c_pointer,46,3121,1
a2c_pointer,46,3262,1
a2c_pointer,46,3365,1
a2c_pointer,46,3480,1
a2c_pointer,46,3604,1
a2c_pointer,46,3698,1
a2c_pointer,46,3823,1
a2c_pointer,46,3960,1
a2c_pointer,46,4055,1
a2c_pointer,46,4184,1
a2c_pointer,46,4322,1
a2c_pointer,46,4436,1
a2c_pointer,46,4551,1
a2c_pointer,46,4686,1
a2c_pointer,46,4800,1
a2c_pointer,46,4931,1
a2c_pointer,46,5076,1
a2c_pointer,46,5186,1
a2c_pointer,46,5314,1
a2c_pointer,46,5449,1
a2c_pointer,46,5554,1
a2c_pointer,46,5688,1
a2c_pointer,46,5846,1
a2c_pointer,46,5962,1
a2c_pointer,46,6104,1
a2c_pointer,46,6264,1
a2c_pointer,46,6377,1
a2c_pointer,46,6507,1
a2c_pointer,46,6651,1
a2c_pointer,46,6755,1
a2c_pointer,46,6886,1
a2c_pointer,46,7017,1
a2c_pointer,46,7043,1
a2c_pointer,46,7185,1
a2c_pointer,46,7338,1
a2c_pointer,46,7455,1
a2c_pointer,46,7581,1
a2c_pointer,46,7740,1
a2c_pointer,46,7867,1
a2c_pointer,46,7983,1
a2c_pointer,46,8154,1
a2c_pointer,46,8285,1
a2c_pointer,46,8436,1
a2c_pointer,46,8601,1
a2c_pointer,46,8723,1
a2c_pointer,46,8862,1
a2c_pointer,46,9018,1
a2c_pointer,46,9148,1
a2c_pointer,46,9297,1
a2c_pointer,46,9464,1
a2c_pointer,46,9582,1
a2c_pointer,46,9724,1
a2c_pointer,46,9876,1
a2c_pointer,46,9987,1
a2c_pointer,46,10111,1
a2c_pointer,46,10290,1
a2c_pointer,46,10401,1
a2c_pointer,46,10541,1
a2c_pointer,46,10699,1
a2c_pointer,46,10811,1
a2c_pointer,46,10968,1
a2c_pointer,46,11134,1
a2c_pointer,46,11269,1
a2c_pointer,46,11412,1
a2c_pointer,46,11456,1
a2c_pointer,46,11572,1
a2c_pointer,46,11718,1
a2c_pointer,46,11882,1
a2c_pointer,46,12001,1
a2c_pointer,46,12143,1
a2c_pointer,46,12310,1
a2c_pointer,46,12443,1
a2c_pointer,46,12587,1
a2c_pointer,46,12740,1
a2c_pointer,46,12861,1
a2c_pointer,46,12983,1
a2c_pointer,46,13143,1
a2c_pointer,46,13260,1
a2c_pointer,46,13394,1
a2c_pointer,46,13562,1
a2c_pointer,46,13664,1
a2c_pointer,46,13785,1
a2c_pointer,46,13926,1
a2c_pointer,46,14046,1
a2c_pointer,46,14173,1
a2c_pointer,46,14321,1
a2c_pointer,46,14432,1
a2c_pointer,46,14586,1
a2c_pointer,46,14751,1
a2c_pointer,46,14885,1
a2c_pointer,46,15033,1
a2c_pointer,46,15180,1
a2c_pointer,46,15308,1
a2c_pointer,46,15454,1
a2c_pointer,46,15608,1
a2c_pointer,46,15718,1
a2c_pointer,46,15761,1
a2c_pointer,46,15928,1
a2c_pointer,46,16069,1
a2c_pointer,46,16215,1
a2c_pointer,46,16394,1
a2c_pointer,46,16521,1
a2c_pointer,46,16655,1
a2c_pointer,46,16826,1
a2c_pointer,46,16950,1
a2c_pointer,46,17085,1
a2c_pointer,46,17249,1
a2c_pointer,46,17367,1
a2c_pointer,46,17505,1
a2c_pointer,46,17662,1
a2c_pointer,46,17782,1
a2c_pointer,46,17941,1
a2c_pointer,46,18112,1
a2c_pointer,46,18234,1
a2c_pointer,46,18388,1
a2c_pointer,46,18569,1
a2c_pointer,46,18705,1
a2c_pointer,46,18852,1
a2c_pointer,46,19016,1
a2c_pointer,46,19149,1
a2c_pointer,46,19287,1
a2c_pointer,46,19450,1
a2c_pointer,46,19592,1
a2c_pointer,46,19745,1
a2c_pointer,46,19908,1
a2c_pointer,46,20036,1
a2c_pointer,46,20171,1
a2c_pointer,46,20346,1
a2c_pointer,46,20379,1
a2c_pointer,46,20504,1
a2c_pointer,46,20676,1
a2c_pointer,46,20794,1
a2c_pointer,46,20966,1
a2c_pointer,46,21145,1
a2c_pointer,46,21286,1
a2c_pointer,46,21449,1
a2c_pointer,46,21645,1
a2c_pointer,46,21778,1
a2c_pointer,46,21937,1
a2c_pointer,46,22123,1
a2c_pointer,46,22259,1
a2c_pointer,46,22401,1
a2c_pointer,46,22570,1
a2c_pointer,46,22704,1
a2c_pointer,46,22843,1
a2c_pointer,46,23014,1
a2c_pointer,46,23152,1
a2c_pointer,46,23293,1
a2c_pointer,46,23463,1
a2c_pointer,46,23597,1
a2c_pointer,46,23757,1
a2c_pointer,46,23928,1
a2c_pointer,46,24040,1
a2c_pointer,46,24183,1
a2c_pointer,46,24343,1
a2c_pointer,46,24474,1
a2c_pointer,46,24621,1
a2c_pointer,46,24786,1
a2c_pointer,46,24915,1
a2c_pointer,46,25061,1
a2c_pointer,46,25104,1
no_priority_bias,42,66,1
no_priority_bias,42,142,1
no_priority_bias,42,245,1
no_priority_bias,42,328,1
no_priority_bias,42,438,1
no_priority_bias,42,538,1
no_priority_bias,42,635,1
no_priority_bias,42,743,1
no_priority_bias,42,857,1
no_priority_bias,42,950,1
no_priority_bias,42,1058,1
no_priority_bias,42,1189,1
no_priority_bias,42,1299,1
no_priority_bias,42,1413,1
no_priority_bias,42,1543,1
no_priority_bias,42,1615,1
no_priority_bias,42,1743,1
no_priority_bias,42,1883,1
no_priority_bias,42,2005,1
no_priority_bias,42,2130,1
no_priority_bias,42,2279,1
no_priority_bias,42,2417,1
no_priority_bias,42,2574,1
no_priority_bias,42,2752,1
no_priority_bias,42,2890,1
no_priority_bias,42,3038,1
no_priority_bias,42,3185,1
no_priority_bias,42,3286,1
no_priority_bias,42,3415,1
no_priority_bias,42,3547,1
no_priority_bias,42,3671,1
no_priority_bias,42,3752,1
no_priority_bias,42,3910,1
no_priority_bias,42,4019,1
no_priority_bias,42,4155,1
no_priority_bias,42,4323,1
no_priority_bias,42,4436,1
no_priority_bias,42,4574,1
no_priority_bias,42,4720,1
no_priority_bias,42,4828,1
no_priority_bias,42,4966,1
no_priority_bias,42,5125,1
no_priority_bias,42,5259,1
no_priority_bias,42,5400,1
no_priority_bias,42,5565,1
no_priority_bias,42,5682,1
no_priority_bias,42,5819,1
no_priority_bias,42,5986,1
no_priority_bias,42,6118,1
no_priority_bias,42,6244,1
no_priority_bias,42,6412,1
no_priority_bias,42,6549,1
no_priority_bias,42,6700,1
no_priority_bias,42,6885,1
no_priority_bias,42,7023,1
no_priority_bias,42,7176,1
no_priority_bias,42,7337,1
no_priority_bias,42,7477,1
no_priority_bias,42,7631,1
no_priority_bias,42,7816,1
no_priority_bias,42,7939,1
no_priority_bias,42,8079,1
no_priority_bias,42,8248,1
no_priority_bias,42,8281,1
no_priority_bias,42,8419,1
no_priority_bias,42,8602,1
no_priority_bias,42,8733,1
no_priority_bias,42,8888,1
no_priority_bias,42,9060,1
no_priority_bias,42,9165,1
no_priority_bias,42,9298,1
no_priority_bias,42,9472,1
no_priority_bias,42,9605,1
no_priority_bias,42,9764,1
no_priority_bias,42,9946,1
no_priority_bias,42,10054,1
no_priority_bias,42,10191,1
no_priority_bias,42,10340,1
no_priority_bias,42,10463,1
no_priority_bias,42,10628,1
no_priority_bias,42,10790,1
no_priority_bias,42,10903,1
no_priority_bias,42,11054,1
no_priority_bias,42,11216,1
no_priority_bias,42,11339,1
no_priority_bias,42,11489,1
no_priority_bias,42,11667,1
no_priority_bias,42,11800,1
no_priority_bias,42,11949,1
no_priority_bias,42,12102,1
no_priority_bias,42,12212,1
no_priority_bias,42,12357,1
no_priority_bias,42,12538,1
no_priority_bias,42,12667,1
no_priority_bias,42,12824,1
no_priority_bias,42,12870,1
no_priority_bias,42,13003,1
no_priority_bias,42,13143,1
no_priority_bias,42,13310,1
no_priority_bias,42,13428,1
no_priority_bias,42,13587,1
no_priority_bias,42,13761,1
no_priority_bias,42,13901,1
no_priority_bias,42,14054,1
no_priority_bias,42,14199,1
no_priority_bias,42,14340,1
no_priority_bias,42,14485,1
no_priority_bias,42,14670,1
no_priority_bias,42,14795,1
no_priority_bias,42,14963,1
no_priority_bias,42,15136,1
no_priority_bias,42,15239,1
no_priority_bias,42,15379,1
no_priority_bias,42,15546,1
no_priority_bias,42,15676,1
no_priority_bias,42,15831,1
no_priority_bias,42,16009,1
no_priority_bias,42,16146,1
no_priority_bias,42,16307,1
no_priority_bias,42,16471,1
no_priority_bias,42,16583,1
no_priority_bias,42,16724,1
no_priority_bias,42,16900,1
no_priority_bias,42,17022,1
no_priority_bias,42,17170,1
no_priority_bias,42,17344,1
no_priority_bias,42,17467,1
no_priority_bias,42,17503,1
no_priority_bias,42,17669,1
no_priority_bias,42,17791,1
no_priority_bias,42,17928,1
no_priority_bias,42,18098,1
no_priority_bias,42,18215,1
no_priority_bias,42,18361,1
no_priority_bias,42,18522,1
no_priority_bias,42,18643,1
no_priority_bias,42,18774,1
no_priority_bias,42,18943,1
no_priority_bias,42,19068,1
no_priority_bias,42,19211,1
no_priority_bias,42,19391,1
no_priority_bias,42,19511,1
no_priority_bias,42,19686,1
no_priority_bias,42,19863,1
no_priority_bias,42,19990,1
no_priority_bias,42,20135,1
no_priority_bias,42,20295,1
no_priority_bias,42,20412,1
no_priority_bias,42,20547,1
no_priority_bias,42,20699,1
no_priority_bias,42,20837,1
no_priority_bias,42,20994,1
no_priority_bias,42,21153,1
no_priority_bias,42,21273,1
no_priority_bias,42,21419,1
no_priority_bias,42,21579,1
no_priority_bias,42,21715,1
no_priority_bias,42,21873,1
no_priority_bias,42,22029,1
no_priority_bias,42,22063,1
no_priority_bias,42,22213,1
no_priority_bias,42,22371,1
no_priority_bias,42,22502,1
no_priority_bias,42,22627,1
no_priority_bias,42,22802,1
no_priority_bias,42,22925,1
no_priority_bias,42,23079,1
no_priority_bias,42,23244,1
no_priority_bias,42,23359,1
no_priority_bias,42,23486,1
no_priority_bias,42,23652,1
no_priority_bias,42,23774,1
no_priority_bias,42,23922,1
no_priority_bias,42,24100,1
no_priority_bias,42,24215,1
no_priority_bias,42,24361,1
no_priority_bias,42,24514,1
no_priority_bias,42,24644,1
no_priority_bias,42,24793,1
no_priority_bias,42,24944,1
no_priority_bias,42,25074,1
no_priority_bias,42,25222,1
no_priority_bias,42,25406,1
no_priority_bias,42,25525,1
no_priority_bias,42,25671,1
no_priority_bias,42,25823,1
no_priority_bias,42,25960,1
no_priority_bias,42,26100,1
no_priority_bias,42,26248,1
no_priority_bias,42,26370,1
no_priority_bias,42,26517,1
no_priority_bias,42,26560,1
no_priority_bias,43,78,1
no_priority_bias,43,156,1
no_priority_bias,43,246,1
no_priority_bias,43,326,1
no_priority_bias,43,439,1
no_priority_bias,43,542,1
no_priority_bias,43,626,1
no_priority_bias,43,736,1
no_priority_bias,43,861,1
no_priority_bias,43,960,1
no_priority_bias,43,1067,1
no_priority_bias,43,1212,1
no_priority_bias,43,1315,1
no_priority_bias,43,1446,1
no_priority_bias,43,1590,1
no_priority_bias,43,1684,1
no_priority_bias,43,1778,1
no_priority_bias,43,1902,1
no_priority_bias,43,2012,1
no_priority_bias,43,2158,1
no_priority_bias,43,2304,1
no_priority_bias,43,2424,1
no_priority_bias,43,2568,1
no_priority_bias,43,2737,1
no_priority_bias,43,2852,1
no_priority_bias,43,2993,1
no_priority_bias,43,3150,1
no_priority_bias,43,3271,1
no_priority_bias,43,3396,1
no_priority_bias,43,3541,1
no_priority_bias,43,3665,1
no_priority_bias,43,3760,1
no_priority_bias,43,3927,1
no_priority_bias,43,4038,1
no_priority_bias,43,4174,1
no_priority_bias,43,4324,1
no_priority_bias,43,4443,1
no_priority_bias,43,4578,1
no_priority_bias,43,4720,1
no_priority_bias,43,4842,1
no_priority_bias,43,4975,1
no_priority_bias,43,5112,1
no_priority_bias,43,5218,1
no_priority_bias,43,5360,1
no_priority_bias,43,5524,1
no_priority_bias,43,5643,1
no_priority_bias,43,5786,1
no_priority_bias,43,5910,1
no_priority_bias,43,6022,1
no_priority_bias,43,6156,1
no_priority_bias,43,6301,1
no_priority_bias,43,6404,1
no_priority_bias,43,6530,1
no_priority_bias,43,6693,1
no_priority_bias,43,6795,1
no_priority_bias,43,6928,1
no_priority_bias,43,7074,1
no_priority_bias,43,7195,1
no_priority_bias,43,7327,1
no_priority_bias,43,7478,1
no_priority_bias,43,7594,1
no_priority_bias,43,7755,1
no_priority_bias,43,7920,1
no_priority_bias,43,7952,1
no_priority_bias,43,8095,1
no_priority_bias,43,8262,1
no_priority_bias,43,8374,1
no_priority_bias,43,8503,1
no_priority_bias,43,8675,1
no_priority_bias,43,8812,1
no_priority_bias,43,8955,1
no_priority_bias,43,9103,1
no_priority_bias,43,9223,1
no_priority_bias,43,9348,1
no_priority_bias,43,9518,1
no_priority_bias,43,9648,1
no_priority_bias,43,9802,1
no_priority_bias,43,9965,1
no_priority_bias,43,10090,1
no_priority_bias,43,10235,1
no_priority_bias,43,10390,1
no_priority_bias,43,10516,1
no_priority_bias,43,10676,1
no_priority_bias,43,10849,1
no_priority_bias,43,10977,1
no_priority_bias,43,11122,1
no_priority_bias,43,11298,1
no_priority_bias,43,11413,1
no_priority_bias,43,11572,1
no_priority_bias,43,11752,1
no_priority_bias,43,11891,1
no_priority_bias,43,12047,1
no_priority_bias,43,12203,1
no_priority_bias,43,12332,1
no_priority_bias,43,12469,1
no_priority_bias,43,12512,1
no_priority_bias,43,12646,1
no_priority_bias,43,12809,1
no_priority_bias,43,12997,1
no_priority_bias,43,13124,1
no_priority_bias,43,13271,1
no_priority_bias,43,13450,1
no_priority_bias,43,13581,1
no_priority_bias,43,13721,1
no_priority_bias,43,13905,1
no_priority_bias,43,14018,1
no_priority_bias,43,14166,1
no_priority_bias,43,14323,1
no_priority_bias,43,14459,1
no_priority_bias,43,14594,1
no_priority_bias,43,14763,1
no_priority_bias,43,14897,1
no_priority_bias,43,15039,1
no_priority_bias,43,15204,1
no_priority_bias,43,15331,1
no_priority_bias,43,15480,1
no_priority_bias,43,15630,1
no_priority_bias,43,15762,1
no_priority_bias,43,15919,1
no_priority_bias,43,16092,1
no_priority_bias,43,16226,1
no_priority_bias,43,16350,1
no_priority_bias,43,16488,1
no_priority_bias,43,16594,1
no_priority_bias,43,16733,1
no_priority_bias,43,16883,1
no_priority_bias,43,17001,1
no_priority_bias,43,17041,1
no_priority_bias,43,17208,1
no_priority_bias,43,17328,1
no_priority_bias,43,17460,1
no_priority_bias,43,17633,1
no_priority_bias,43,17752,1
no_priority_bias,43,17916,1
no_priority_bias,43,18093,1
no_priority_bias,43,18211,1
no_priority_bias,43,18337,1
no_priority_bias,43,18510,1
no_priority_bias,43,18624,1
no_priority_bias,43,18767,1
no_priority_bias,43,18949,1
no_priority_bias,43,19081,1
no_priority_bias,43,19230,1
no_priority_bias,43,19404,1
no_priority_bias,43,19531,1
no_priority_bias,43,19683,1
no_priority_bias,43,19840,1
no_priority_bias,43,19979,1
no_priority_bias,43,20127,1
no_priority_bias,43,20293,1
no_priority_bias,43,20424,1
no_priority_bias,43,20573,1
no_priority_bias,43,20740,1
no_priority_bias,43,20861,1
no_priority_bias,43,21019,1
no_priority_bias,43,21188,1
no_priority_bias,43,21321,1
no_priority_bias,43,21453,1
no_priority_bias,43,21619,1
no_priority_bias,43,21656,1
no_priority_bias,43,21789,1
no_priority_bias,43,21958,1
no_priority_bias,43,22087,1
no_priority_bias,43,22249,1
no_priority_bias,43,22418,1
no_priority_bias,43,22552,1
no_priority_bias,43,22723,1
no_priority_bias,43,22886,1
no_priority_bias,43,23016,1
no_priority_bias,43,23175,1
no_priority_bias,43,23381,1
no_priority_bias,43,23510,1
no_priority_bias,43,23675,1
no_priority_bias,43,23864,1
no_priority_bias,43,24005,1
no_priority_bias,43,24168,1
no_priority_bias,43,24335,1
no_priority_bias,43,24470,1
no_priority_bias,43,24633,1
no_priority_bias,43,24801,1
no_priority_bias,43,24923,1
no_priority_bias,43,25067,1
no_priority_bias,43,25249,1
no_priority_bias,43,25366,1
no_priority_bias,43,25499,1
no_priority_bias,43,25654,1
no_priority_bias,43,25771,1
no_priority_bias,43,25909,1
no_priority_bias,43,26080,1
no_priority_bias,43,26199,1
no_priority_bias,43,26358,1
no_priority_bias,43,26396,1
no_priority_bias,44,76,1
no_priority_bias,44,162,1
no_priority_bias,44,263,1
no_priority_bias,44,361,1
no_priority_bias,44,459,1
no_priority_bias,44,568,1
no_priority_bias,44,652,1
no_priority_bias,44,769,1
no_priority_bias,44,904,1
no_priority_bias,44,1020,1
no_priority_bias,44,1136,1
no_priority_bias,44,1265,1
no_priority_bias,44,1387,1
no_priority_bias,44,1515,1
no_priority_bias,44,1650,1
no_priority_bias,44,1731,1
no_priority_bias,44,1853,1
no_priority_bias,44,1998,1
no_priority_bias,44,2122,1
no_priority_bias,44,2261,1
no_priority_bias,44,2419,1
no_priority_bias,44,2538,1
no_priority_bias,44,2666,1
no_priority_bias,44,2826,1
no_priority_bias,44,2932,1
no_priority_bias,44,3066,1
no_priority_bias,44,3220,1
no_priority_bias,44,3328,1
no_priority_bias,44,3447,1
no_priority_bias,44,3591,1
no_priority_bias,44,3702,1
no_priority_bias,44,3783,1
no_priority_bias,44,3944,1
no_priority_bias,44,4051,1
no_priority_bias,44,4198,1
no_priority_bias,44,4356,1
no_priority_bias,44,4478,1
no_priority_bias,44,4625,1
no_priority_bias,44,4791,1
no_priority_bias,44,4908,1
no_priority_bias,44,5052,1
no_priority_bias,44,5210,1
no_priority_bias,44,5341,1
no_priority_bias,44,5480,1
no_priority_bias,44,5651,1
no_priority_bias,44,5757,1
no_priority_bias,44,5905,1
no_priority_bias,44,6067,1
no_priority_bias,44,6176,1
no_priority_bias,44,6318,1
no_priority_bias,44,6483,1
no_priority_bias,44,6616,1
no_priority_bias,44,6756,1
no_priority_bias,44,6919,1
no_priority_bias,44,7035,1
no_priority_bias,44,7180,1
no_priority_bias,44,7334,1
no_priority_bias,44,7469,1
no_priority_bias,44,7608,1
no_priority_bias,44,7758,1
no_priority_bias,44,7886,1
no_priority_bias,44,8032,1
no_priority_bias,44,8184,1
no_priority_bias,44,8212,1
no_priority_bias,44,8336,1
no_priority_bias,44,8490,1
no_priority_bias,44,8601,1
no_priority_bias,44,8753,1
no_priority_bias,44,8905,1
no_priority_bias,44,9005,1
no_priority_bias,44,9159,1
no_priority_bias,44,9331,1
no_priority_bias,44,9443,1
no_priority_bias,44,9576,1
no_priority_bias,44,9739,1
no_priority_bias,44,9875,1
no_priority_bias,44,10032,1
no_priority_bias,44,10214,1
no_priority_bias,44,10335,1
no_priority_bias,44,10472,1
no_priority_bias,44,10640,1
no_priority_bias,44,10756,1
no_priority_bias,44,10888,1
no_priority_bias,44,11046,1
no_priority_bias,44,11168,1
no_priority_bias,44,11330,1
no_priority_bias,44,11487,1
no_priority_bias,44,11603,1
no_priority_bias,44,11752,1
no_priority_bias,44,11917,1
no_priority_bias,44,12052,1
no_priority_bias,44,12211,1
no_priority_bias,44,12406,1
no_priority_bias,44,12537,1
no_priority_bias,44,12690,1
no_priority_bias,44,12721,1
no_priority_bias,44,12853,1
no_priority_bias,44,12986,1
no_priority_bias,44,13141,1
no_priority_bias,44,13250,1
no_priority_bias,44,13378,1
no_priority_bias,44,13545,1
no_priority_bias,44,13662,1
no_priority_bias,44,13785,1
no_priority_bias,44,13954,1
no_priority_bias,44,14068,1
no_priority_bias,44,14214,1
no_priority_bias,44,14370,1
no_priority_bias,44,14478,1
no_priority_bias,44,14631,1
no_priority_bias,44,14813,1
no_priority_bias,44,14955,1
no_priority_bias,44,15076,1
no_priority_bias,44,15253,1
no_priority_bias,44,15361,1
no_priority_bias,44,15500,1
no_priority_bias,44,15653,1
no_priority_bias,44,15783,1
no_priority_bias,44,15933,1
no_priority_bias,44,16096,1
no_priority_bias,44,16219,1
no_priority_bias,44,16373,1
no_priority_bias,44,16547,1
no_priority_bias,44,16656,1
no_priority_bias,44,16803,1
no_priority_bias,44,16969,1
no_priority_bias,44,17094,1
no_priority_bias,44,17127,1
no_priority_bias,44,17300,1
no_priority_bias,44,17424,1
no_priority_bias,44,17586,1
no_priority_bias,44,17747,1
no_priority_bias,44,17875,1
no_priority_bias,44,18014,1
no_priority_bias,44,18169,1
no_priority_bias,44,18286,1
no_priority_bias,44,18433,1
no_priority_bias,44,18594,1
no_priority_bias,44,18714,1
no_priority_bias,44,18843,1
no_priority_bias,44,18996,1
no_priority_bias,44,19111,1
no_priority_bias,44,19254,1
no_priority_bias,44,19418,1
no_priority_bias,44,19554,1
no_priority_bias,44,19706,1
no_priority_bias,44,19847,1
no_priority_bias,44,19971,1
no_priority_bias,44,20126,1
no_priority_bias,44,20300,1
no_priority_bias,44,20435,1
no_priority_bias,44,20568,1
no_priority_bias,44,20752,1
no_priority_bias,44,20884,1
no_priority_bias,44,21016,1
no_priority_bias,44,21167,1
no_priority_bias,44,21290,1
no_priority_bias,44,21445,1
no_priority_bias,44,21620,1
no_priority_bias,44,21645,1
no_priority_bias,44,21780,1
no_priority_bias,44,21940,1
no_priority_bias,44,22038,1
no_priority_bias,44,22188,1
no_priority_bias,44,22368,1
no_priority_bias,44,22499,1
no_priority_bias,44,22639,1
no_priority_bias,44,22799,1
no_priority_bias,44,22926,1
no_priority_bias,44,23079,1
no_priority_bias,44,23260,1
no_priority_bias,44,23386,1
no_priority_bias,44,23541,1
no_priority_bias,44,23734,1
no_priority_bias,44,23876,1
no_priority_bias,44,24035,1
no_priority_bias,44,24204,1
no_priority_bias,44,24298,1
no_priority_bias,44,24429,1
no_priority_bias,44,24609,1
no_priority_bias,44,24744,1
no_priority_bias,44,24903,1
no_priority_bias,44,25092,1
no_priority_bias,44,25224,1
no_priority_bias,44,25386,1
no_priority_bias,44,25553,1
no_priority_bias,44,25674,1
no_priority_bias,44,25819,1
no_priority_bias,44,25977,1
no_priority_bias,44,26098,1
no_priority_bias,44,26245,1
no_priority_bias,44,26280,1
no_priority_bias,45,70,1
no_priority_bias,45,146,1
no_priority_bias,45,242,1
no_priority_bias,45,328,1
no_priority_bias,45,426,1
no_priority_bias,45,542,1
no_priority_bias,45,630,1
no_priority_bias,45,742,1
no_priority_bias,45,853,1
no_priority_bias,45,955,1
no_priority_bias,45,1067,1
no_priority_bias,45,1197,1
no_priority_bias,45,1312,1
no_priority_bias,45,1429,1
no_priority_bias,45,1583,1
no_priority_bias,45,1661,1
no_priority_bias,45,1781,1
no_priority_bias,45,1908,1
no_priority_bias,45,2021,1
no_priority_bias,45,2134,1
no_priority_bias,45,2284,1
no_priority_bias,45,2397,1
no_priority_bias,45,2539,1
no_priority_bias,45,2682,1
no_priority_bias,45,2788,1
no_priority_bias,45,2918,1
no_priority_bias,45,3064,1
no_priority_bias,45,3169,1
no_priority_bias,45,3312,1
no_priority_bias,45,3468,1
no_priority_bias,45,3597,1
no_priority_bias,45,3686,1
no_priority_bias,45,3844,1
no_priority_bias,45,3960,1
no_priority_bias,45,4113,1
no_priority_bias,45,4273,1
no_priority_bias,45,4387,1
no_priority_bias,45,4525,1
no_priority_bias,45,4681,1
no_priority_bias,45,4803,1
no_priority_bias,45,4947,1
no_priority_bias,45,5112,1
no_priority_bias,45,5247,1
no_priority_bias,45,5365,1
no_priority_bias,45,5528,1
no_priority_bias,45,5655,1
no_priority_bias,45,5800,1
no_priority_bias,45,5950,1
no_priority_bias,45,6085,1
no_priority_bias,45,6228,1
no_priority_bias,45,6375,1
no_priority_bias,45,6491,1
no_priority_bias,45,6635,1
no_priority_bias,45,6788,1
no_priority_bias,45,6894,1
no_priority_bias,45,7012,1
no_priority_bias,45,7149,1
no_priority_bias,45,7259,1
no_priority_bias,45,7405,1
no_priority_bias,45,7577,1
no_priority_bias,45,7700,1
no_priority_bias,45,7839,1
no_priority_bias,45,7989,1
no_priority_bias,45,8018,1
no_priority_bias,45,8161,1
no_priority_bias,45,8329,1
no_priority_bias,45,8452,1
no_priority_bias,45,8578,1
no_priority_bias,45,8746,1
no_priority_bias,45,8869,1
no_priority_bias,45,9020,1
no_priority_bias,45,9180,1
no_priority_bias,45,9295,1
no_priority_bias,45,9451,1
no_priority_bias,45,9607,1
no_priority_bias,45,9715,1
no_priority_bias,45,9853,1
no_priority_bias,45,10021,1
no_priority_bias,45,10156,1
no_priority_bias,45,10304,1
no_priority_bias,45,10478,1
no_priority_bias,45,10603,1
no_priority_bias,45,10762,1
no_priority_bias,45,10928,1
no_priority_bias,45,11071,1
no_priority_bias,45,11228,1
no_priority_bias,45,11376,1
no_priority_bias,45,11510,1
no_priority_bias,45,11668,1
no_priority_bias,45,11853,1
no_priority_bias,45,11981,1
no_priority_bias,45,12134,1
no_priority_bias,45,12300,1
no_priority_bias,45,12420,1
no_priority_bias,45,12570,1
no_priority_bias,45,12617,1
no_priority_bias,45,12729,1
no_priority_bias,45,12865,1
no_priority_bias,45,13035,1
no_priority_bias,45,13147,1
no_priority_bias,45,13301,1
no_priority_bias,45,13467,1
no_priority_bias,45,13622,1
no_priority_bias,45,13789,1
no_priority_bias,45,13972,1
no_priority_bias,45,14095,1
no_priority_bias,45,14251,1
no_priority_bias,45,14428,1
no_priority_bias,45,14539,1
no_priority_bias,45,14679,1
no_priority_bias,45,14867,1
no_priority_bias,45,14991,1
no_priority_bias,45,15129,1
no_priority_bias,45,15321,1
no_priority_bias,45,15443,1
no_priority_bias,45,15581,1
no_priority_bias,45,15746,1
no_priority_bias,45,15870,1
no_priority_bias,45,16013,1
no_priority_bias,45,16169,1
no_priority_bias,45,16284,1
no_priority_bias,45,16423,1
no_priority_bias,45,16599,1
no_priority_bias,45,16729,1
no_priority_bias,45,16888,1
no_priority_bias,45,17064,1
no_priority_bias,45,17175,1
no_priority_bias,45,17208,1
no_priority_bias,45,17387,1
no_priority_bias,45,17519,1
no_priority_bias,45,17681,1
no_priority_bias,45,17843,1
no_priority_bias,45,17951,1
no_priority_bias,45,18088,1
no_priority_bias,45,18272,1
no_priority_bias,45,18396,1
no_priority_bias,45,18556,1
no_priority_bias,45,18710,1
no_priority_bias,45,18838,1
no_priority_bias,45,18975,1
no_priority_bias,45,19160,1
no_priority_bias,45,19307,1
no_priority_bias,45,19448,1
no_priority_bias,45,19629,1
no_priority_bias,45,19749,1
no_priority_bias,45,19908,1
no_priority_bias,45,20072,1
no_priority_bias,45,20199,1
no_priority_bias,45,20332,1
no_priority_bias,45,20499,1
no_priority_bias,45,20636,1
no_priority_bias,45,20787,1
no_priority_bias,45,20962,1
no_priority_bias,45,21111,1
no_priority_bias,45,21273,1
no_priority_bias,45,21426,1
no_priority_bias,45,21546,1
no_priority_bias,45,21696,1
no_priority_bias,45,21882,1
no_priority_bias,45,21913,1
no_priority_bias,45,22075,1
no_priority_bias,45,22241,1
no_priority_bias,45,22377,1
no_priority_bias,45,22533,1
no_priority_bias,45,22725,1
no_priority_bias,45,22851,1
no_priority_bias,45,22992,1
no_priority_bias,45,23161,1
no_priority_bias,45,23272,1
no_priority_bias,45,23421,1
no_priority_bias,45,23595,1
no_priority_bias,45,23726,1
no_priority_bias,45,23877,1
no_priority_bias,45,24041,1
no_priority_bias,45,24180,1
no_priority_bias,45,24333,1
no_priority_bias,45,24513,1
no_priority_bias,45,24644,1
no_priority_bias,45,24788,1
no_priority_bias,45,24930,1
no_priority_bias,45,25048,1
no_priority_bias,45,25220,1
no_priority_bias,45,25382,1
no_priority_bias,45,25528,1
no_priority_bias,45,25684,1
no_priority_bias,45,25844,1
no_priority_bias,45,25959,1
no_priority_bias,45,26113,1
no_priority_bias,45,26290,1
no_priority_bias,45,26427,1
no_priority_bias,45,26569,1
no_priority_bias,45,26614,1
no_priority_bias,46,78,1
no_priority_bias,46,169,1
no_priority_bias,46,270,1
no_priority_bias,46,376,1
no_priority_bias,46,475,1
no_priority_bias,46,593,1
no_priority_bias,46,699,1
no_priority_bias,46,816,1
no_priority_bias,46,944,1
no_priority_bias,46,1047,1
no_priority_bias,46,1167,1
no_priority_bias,46,1311,1
no_priority_bias,46,1424,1
no_priority_bias,46,1551,1
no_priority_bias,46,1706,1
no_priority_bias,46,1788,1
no_priority_bias,46,1917,1
no_priority_bias,46,2084,1
no_priority_bias,46,2188,1
no_priority_bias,46,2329,1
no_priority_bias,46,2453,1
no_priority_bias,46,2577,1
no_priority_bias,46,2705,1
no_priority_bias,46,2859,1
no_priority_bias,46,2963,1
no_priority_bias,46,3093,1
no_priority_bias,46,3253,1
no_priority_bias,46,3347,1
no_priority_bias,46,3458,1
no_priority_bias,46,3593,1
no_priority_bias,46,3697,1
no_priority_bias,46,3779,1
no_priority_bias,46,3936,1
no_priority_bias,46,4053,1
no_priority_bias,46,4189,1
no_priority_bias,46,4328,1
no_priority_bias,46,4436,1
no_priority_bias,46,4577,1
no_priority_bias,46,4733,1
no_priority_bias,46,4844,1
no_priority_bias,46,4996,1
no_priority_bias,46,5147,1
no_priority_bias,46,5265,1
no_priority_bias,46,5401,1
no_priority_bias,46,5566,1
no_priority_bias,46,5680,1
no_priority_bias,46,5832,1
no_priority_bias,46,5988,1
no_priority_bias,46,6113,1
no_priority_bias,46,6261,1
no_priority_bias,46,6411,1
no_priority_bias,46,6521,1
no_priority_bias,46,6662,1
no_priority_bias,46,6831,1
no_priority_bias,46,6962,1
no_priority_bias,46,7110,1
no_priority_bias,46,7275,1
no_priority_bias,46,7392,1
no_priority_bias,46,7534,1
no_priority_bias,46,7698,1
no_priority_bias,46,7818,1
no_priority_bias,46,7956,1
no_priority_bias,46,8101,1
no_priority_bias,46,8128,1
no_priority_bias,46,8289,1
no_priority_bias,46,8451,1
no_priority_bias,46,8578,1
no_priority_bias,46,8727,1
no_priority_bias,46,8913,1
no_priority_bias,46,9050,1
no_priority_bias,46,9180,1
no_priority_bias,46,9356,1
no_priority_bias,46,9497,1
no_priority_bias,46,9662,1
no_priority_bias,46,9835,1
no_priority_bias,46,9966,1
no_priority_bias,46,10114,1
no_priority_bias,46,10282,1
no_priority_bias,46,10419,1
no_priority_bias,46,10567,1
no_priority_bias,46,10730,1
no_priority_bias,46,10856,1
no_priority_bias,46,11011,1
no_priority_bias,46,11165,1
no_priority_bias,46,11289,1
no_priority_bias,46,11425,1
no_priority_bias,46,11616,1
no_priority_bias,46,11736,1
no_priority_bias,46,11883,1
no_priority_bias,46,12048,1
no_priority_bias,46,12165,1
no_priority_bias,46,12333,1
no_priority_bias,46,12501,1
no_priority_bias,46,12644,1
no_priority_bias,46,12789,1
no_priority_bias,46,12840,1
no_priority_bias,46,12958,1
no_priority_bias,46,13114,1
no_priority_bias,46,13291,1
no_priority_bias,46,13406,1
no_priority_bias,46,13554,1
no_priority_bias,46,13721,1
no_priority_bias,46,13853,1
no_priority_bias,46,13991,1
no_priority_bias,46,14136,1
no_priority_bias,46,14257,1
no_priority_bias,46,14389,1
no_priority_bias,46,14557,1
no_priority_bias,46,14683,1
no_priority_bias,46,14837,1
no_priority_bias,46,15014,1
no_priority_bias,46,15128,1
no_priority_bias,46,15246,1
no_priority_bias,46,15406,1
no_priority_bias,46,15538,1
no_priority_bias,46,15677,1
no_priority_bias,46,15843,1
no_priority_bias,46,15960,1
no_priority_bias,46,16130,1
no_priority_bias,46,16318,1
no_priority_bias,46,16458,1
no_priority_bias,46,16622,1
no_priority_bias,46,16785,1
no_priority_bias,46,16917,1
no_priority_bias,46,17075,1
no_priority_bias,46,17222,1
no_priority_bias,46,17336,1
no_priority_bias,46,17385,1
no_priority_bias,46,17559,1
no_priority_bias,46,17706,1
no_priority_bias,46,17858,1
no_priority_bias,46,18043,1
no_priority_bias,46,18180,1
no_priority_bias,46,18328,1
no_priority_bias,46,18515,1
no_priority_bias,46,18639,1
no_priority_bias,46,18780,1
no_priority_bias,46,18968,1
no_priority_bias,46,19088,1
no_priority_bias,46,19244,1
no_priority_bias,46,19397,1
no_priority_bias,46,19532,1
no_priority_bias,46,19714,1
no_priority_bias,46,19900,1
no_priority_bias,46,20026,1
no_priority_bias,46,20183,1
no_priority_bias,46,20378,1
no_priority_bias,46,20524,1
no_priority_bias,46,20679,1
no_priority_bias,46,20850,1
no_priority_bias,46,20977,1
no_priority_bias,46,21128,1
no_priority_bias,46,21291,1
no_priority_bias,46,21425,1
no_priority_bias,46,21584,1
no_priority_bias,46,21744,1
no_priority_bias,46,21860,1
no_priority_bias,46,21996,1
no_priority_bias,46,22163,1
no_priority_bias,46,22196,1
no_priority_bias,46,22328,1
no_priority_bias,46,22497,1
no_priority_bias,46,22612,1
no_priority_bias,46,22786,1
no_priority_bias,46,22971,1
no_priority_bias,46,23120,1
no_priority_bias,46,23287,1
no_priority_bias,46,23482,1
no_priority_bias,46,23616,1
no_priority_bias,46,23775,1
no_priority_bias,46,23967,1
no_priority_bias,46,24103,1
no_priority_bias,46,24246,1
no_priority_bias,46,24411,1
no_priority_bias,46,24543,1
no_priority_bias,46,24679,1
no_priority_bias,46,24844,1
no_priority_bias,46,24988,1
no_priority_bias,46,25130,1
no_priority_bias,46,25300,1
no_priority_bias,46,25428,1
no_priority_bias,46,25588,1
no_priority_bias,46,25758,1
no_priority_bias,46,25873,1
no_priority_bias,46,26033,1
no_priority_bias,46,26208,1
no_priority_bias,46,26341,1
no_priority_bias,46,26502,1
no_priority_bias,46,26677,1
no_priority_bias,46,26808,1
no_priority_bias,46,26959,1
no_priority_bias,46,27003,1
no_domain_randomization,42,81,1
no_domain_randomization,42,182,1
no_domain_randomization,42,276,1
no_domain_randomization,42,387,1
no_domain_randomization,42,502,1
no_domain_randomization,42,621,1
no_domain_randomization,42,746,1
no_domain_randomization,42,881,1
no_domain_randomization,42,1022,1
no_domain_randomization,42,1166,1
no_domain_randomization,42,1319,1
no_domain_randomization,42,1483,1
no_domain_randomization,42,1644,1
no_domain_randomization,42,1803,1
no_domain_randomization,42,1953,1
no_domain_randomization,42,2019,1
no_domain_randomization,42,2165,1
no_domain_randomization,42,2332,1
no_domain_randomization,42,2473,1
no_domain_randomization,42,2634,1
no_domain_randomization,42,2793,1
no_domain_randomization,42,2963,1
no_domain_randomization,42,3133,1
no_domain_randomization,42,3309,1
no_domain_randomization,42,3443,1
no_domain_randomization,42,3608,1
no_domain_randomization,42,3766,1
no_domain_randomization,42,3896,1
no_domain_randomization,42,4043,1
no_domain_randomization,42,4222,1
no_domain_randomization,42,4386,1
no_domain_randomization,42,4491,1
no_domain_randomization,42,4664,1
no_domain_randomization,42,4816,1
no_domain_randomization,42,4994,1
no_domain_randomization,42,5171,1
no_domain_randomization,42,5329,1
no_domain_randomization,42,5494,1
no_domain_randomization,42,5674,1
no_domain_randomization,42,5812,1
no_domain_randomization,42,5971,1
no_domain_randomization,42,6137,1
no_domain_randomization,42,6291,1
no_domain_randomization,42,6469,1
no_domain_randomization,42,6648,1
no_domain_randomization,42,6817,1
no_domain_randomization,42,6985,1
no_domain_randomization,42,7189,1
no_domain_randomization,42,7360,1
no_domain_randomization,42,7539,1
no_domain_randomization,42,7732,1
no_domain_randomization,42,7919,1
no_domain_randomization,42,8096,1
no_domain_randomization,42,8282,1
no_domain_randomization,42,8478,1
no_domain_randomization,42,8688,1
no_domain_randomization,42,8878,1
no_domain_randomization,42,9063,1
no_domain_randomization,42,9248,1
no_domain_randomization,42,9455,1
no_domain_randomization,42,9613,1
no_domain_randomization,42,9800,1
no_domain_randomization,42,9984,1
no_domain_randomization,42,10033,1
no_domain_randomization,42,10208,1
no_domain_randomization,42,10375,1
no_domain_randomization,42,10551,1
no_domain_randomization,42,10739,1
no_domain_randomization,42,10915,1
no_domain_randomization,42,11084,1
no_domain_randomization,42,11274,1
no_domain_randomization,42,11428,1
no_domain_randomization,42,11601,1
no_domain_randomization,42,11767,1
no_domain_randomization,42,11959,1
no_domain_randomization,42,12129,1
no_domain_randomization,42,12314,1
no_domain_randomization,42,12501,1
no_domain_randomization,42,12671,1
no_domain_randomization,42,12857,1
no_domain_randomization,42,13057,1
no_domain_randomization,42,13230,1
no_domain_randomization,42,13423,1
no_domain_randomization,42,13605,1
no_domain_randomization,42,13780,1
no_domain_randomization,42,13973,1
no_domain_randomization,42,14171,1
no_domain_randomization,42,14354,1
no_domain_randomization,42,14535,1
no_domain_randomization,42,14721,1
no_domain_randomization,42,14883,1
no_domain_randomization,42,15064,1
no_domain_randomization,42,15246,1
no_domain_randomization,42,15417,1
no_domain_randomization,42,15594,1
no_domain_randomization,42,15642,1
no_domain_randomization,42,15817,1
no_domain_randomization,42,15990,1
no_domain_randomization,42,16182,1
no_domain_randomization,42,16367,1
no_domain_randomization,42,16558,1
no_domain_randomization,42,16767,1
no_domain_randomization,42,16962,1
no_domain_randomization,42,17160,1
no_domain_randomization,42,17365,1
no_domain_randomization,42,17550,1
no_domain_randomization,42,17745,1
no_domain_randomization,42,17920,1
no_domain_randomization,42,18102,1
no_domain_randomization,42,18296,1
no_domain_randomization,42,18479,1
no_domain_randomization,42,18664,1
no_domain_randomization,42,18863,1
no_domain_randomization,42,19062,1
no_domain_randomization,42,19240,1
no_domain_randomization,42,19430,1
no_domain_randomization,42,19605,1
no_domain_randomization,42,19779,1
no_domain_randomization,42,19971,1
no_domain_randomization,42,20172,1
no_domain_randomization,42,20358,1
no_domain_randomization,42,20546,1
no_domain_randomization,42,20752,1
no_domain_randomization,42,20926,1
no_domain_randomization,42,21113,1
no_domain_randomization,42,21309,1
no_domain_randomization,42,21492,1
no_domain_randomization,42,21543,1
no_domain_randomization,42,21734,1
no_domain_randomization,42,21914,1
no_domain_randomization,42,22096,1
no_domain_randomization,42,22295,1
no_domain_randomization,42,22488,1
no_domain_randomization,42,22679,1
no_domain_randomization,42,22871,1
no_domain_randomization,42,23064,1
no_domain_randomization,42,23259,1
no_domain_randomization,42,23464,1
no_domain_randomization,42,23636,1
no_domain_randomization,42,23815,1
no_domain_randomization,42,24010,1
no_domain_randomization,42,24186,1
no_domain_randomization,42,24385,1
no_domain_randomization,42,24582,1
no_domain_randomization,42,24777,1
no_domain_randomization,42,24990,1
no_domain_randomization,42,25193,1
no_domain_randomization,42,25364,1
no_domain_randomization,42,25563,1
no_domain_randomization,42,25758,1
no_domain_randomization,42,25938,1
no_domain_randomization,42,26123,1
no_domain_randomization,42,26316,1
no_domain_randomization,42,26511,1
no_domain_randomization,42,26704,1
no_domain_randomization,42,26889,1
no_domain_randomization,42,27069,1
no_domain_randomization,42,27257,1
no_domain_randomization,42,27450,1
no_domain_randomization,42,27493,1
no_domain_randomization,42,27686,1
no_domain_randomization,42,27865,1
no_domain_randomization,42,28050,1
no_domain_randomization,42,28235,1
no_domain_randomization,42,28435,1
no_domain_randomization,42,28616,1
no_domain_randomization,42,28812,1
no_domain_randomization,42,29009,1
no_domain_randomization,42,29175,1
no_domain_randomization,42,29351,1
no_domain_randomization,42,29549,1
no_domain_randomization,42,29744,1
no_domain_randomization,42,29946,1
no_domain_randomization,42,30144,1
no_domain_randomization,42,30330,1
no_domain_randomization,42,30529,1
no_domain_randomization,42,30721,1
no_domain_randomization,42,30898,1
no_domain_randomization,42,31075,1
no_domain_randomization,42,31276,1
no_domain_randomization,42,31463,1
no_domain_randomization,42,31653,1
no_domain_randomization,42,31853,1
no_domain_randomization,42,32045,1
no_domain_randomization,42,32235,1
no_domain_randomization,42,32421,1
no_domain_randomization,42,32599,1
no_domain_randomization,42,32798,1
no_domain_randomization,42,32991,1
no_domain_randomization,42,33164,1
no_domain_randomization,42,33346,1
no_domain_randomization,42,33397,1
no_domain_randomization,43,92,1
no_domain_randomization,43,186,1
no_domain_randomization,43,291,1
no_domain_randomization,43,405,1
no_domain_randomization,43,517,1
no_domain_randomization,43,634,1
no_domain_randomization,43,748,1
no_domain_randomization,43,865,1
no_domain_randomization,43,991,1
no_domain_randomization,43,1134,1
no_domain_randomization,43,1270,1
no_domain_randomization,43,1375,1
no_domain_randomization,43,1497,1
no_domain_randomization,43,1610,1
no_domain_randomization,43,1763,1
no_domain_randomization,43,1865,1
no_domain_randomization,43,2012,1
no_domain_randomization,43,2158,1
no_domain_randomization,43,2291,1
no_domain_randomization,43,2440,1
no_domain_randomization,43,2583,1
no_domain_randomization,43,2705,1
no_domain_randomization,43,2837,1
no_domain_randomization,43,2991,1
no_domain_randomization,43,3118,1
no_domain_randomization,43,3269,1
no_domain_randomization,43,3424,1
no_domain_randomization,43,3573,1
no_domain_randomization,43,3739,1
no_domain_randomization,43,3911,1
no_domain_randomization,43,4061,1
no_domain_randomization,43,4169,1
no_domain_randomization,43,4340,1
no_domain_randomization,43,4501,1
no_domain_randomization,43,4671,1
no_domain_randomization,43,4828,1
no_domain_randomization,43,4969,1
no_domain_randomization,43,5140,1
no_domain_randomization,43,5294,1
no_domain_randomization,43,5459,1
no_domain_randomization,43,5616,1
no_domain_randomization,43,5785,1
no_domain_randomization,43,5938,1
no_domain_randomization,43,6098,1
no_domain_randomization,43,6272,1
no_domain_randomization,43,6418,1
no_domain_randomization,43,6586,1
no_domain_randomization,43,6757,1
no_domain_randomization,43,6918,1
no_domain_randomization,43,7083,1
no_domain_randomization,43,7253,1
no_domain_randomization,43,7383,1
no_domain_randomization,43,7540,1
no_domain_randomization,43,7686,1
no_domain_randomization,43,7839,1
no_domain_randomization,43,7995,1
no_domain_randomization,43,8167,1
no_domain_randomization,43,8317,1
no_domain_randomization,43,8481,1
no_domain_randomization,43,8642,1
no_domain_randomization,43,8792,1
no_domain_randomization,43,8968,1
no_domain_randomization,43,9143,1
no_domain_randomization,43,9181,1
no_domain_randomization,43,9369,1
no_domain_randomization,43,9528,1
no_domain_randomization,43,9696,1
no_domain_randomization,43,9873,1
no_domain_randomization,43,10057,1
no_domain_randomization,43,10220,1
no_domain_randomization,43,10381,1
no_domain_randomization,43,10565,1
no_domain_randomization,43,10720,1
no_domain_randomization,43,10889,1
no_domain_randomization,43,11074,1
no_domain_randomization,43,11244,1
no_domain_randomization,43,11422,1
no_domain_randomization,43,11597,1
no_domain_randomization,43,11765,1
no_domain_randomization,43,11929,1
no_domain_randomization,43,12091,1
no_domain_randomization,43,12260,1
no_domain_randomization,43,12436,1
no_domain_randomization,43,12629,1
no_domain_randomization,43,12797,1
no_domain_randomization,43,12967,1
no_domain_randomization,43,13147,1
no_domain_randomization,43,13321,1
no_domain_randomization,43,13502,1
no_domain_randomization,43,13669,1
no_domain_randomization,43,13846,1
no_domain_randomization,43,14031,1
no_domain_randomization,43,14212,1
no_domain_randomization,43,14376,1
no_domain_randomization,43,14556,1
no_domain_randomization,43,14603,1
no_domain_randomization,43,14783,1
no_domain_randomization,43,14961,1
no_domain_randomization,43,15155,1
no_domain_randomization,43,15332,1
no_domain_randomization,43,15524,1
no_domain_randomization,43,15716,1
no_domain_randomization,43,15904,1
no_domain_randomization,43,16087,1
no_domain_randomization,43,16275,1
no_domain_randomization,43,16456,1
no_domain_randomization,43,16648,1
no_domain_randomization,43,16827,1
no_domain_randomization,43,16983,1
no_domain_randomization,43,17159,1
no_domain_randomization,43,17325,1
no_domain_randomization,43,17493,1
no_domain_randomization,43,17648,1
no_domain_randomization,43,17822,1
no_domain_randomization,43,17979,1
no_domain_randomization,43,18146,1
no_domain_randomization,43,18305,1
no_domain_randomization,43,18456,1
no_domain_randomization,43,18616,1
no_domain_randomization,43,18793,1
no_domain_randomization,43,18964,1
no_domain_randomization,43,19138,1
no_domain_randomization,43,19303,1
no_domain_randomization,43,19473,1
no_domain_randomization,43,19649,1
no_domain_randomization,43,19822,1
no_domain_randomization,43,19992,1
no_domain_randomization,43,20038,1
no_domain_randomization,43,20228,1
no_domain_randomization,43,20408,1
no_domain_randomization,43,20598,1
no_domain_randomization,43,20785,1
no_domain_randomization,43,20960,1
no_domain_randomization,43,21159,1
no_domain_randomization,43,21349,1
no_domain_randomization,43,21532,1
no_domain_randomization,43,21719,1
no_domain_randomization,43,21907,1
no_domain_randomization,43,22076,1
no_domain_randomization,43,22273,1
no_domain_randomization,43,22480,1
no_domain_randomization,43,22656,1
no_domain_randomization,43,22833,1
no_domain_randomization,43,23023,1
no_domain_randomization,43,23202,1
no_domain_randomization,43,23385,1
no_domain_randomization,43,23572,1
no_domain_randomization,43,23760,1
no_domain_randomization,43,23938,1
no_domain_randomization,43,24125,1
no_domain_randomization,43,24302,1
no_domain_randomization,43,24491,1
no_domain_randomization,43,24680,1
no_domain_randomization,43,24860,1
no_domain_randomization,43,25038,1
no_domain_randomization,43,25230,1
no_domain_randomization,43,25413,1
no_domain_randomization,43,25591,1
no_domain_randomization,43,25794,1
no_domain_randomization,43,25843,1
no_domain_randomization,43,26047,1
no_domain_randomization,43,26257,1
no_domain_randomization,43,26435,1
no_domain_randomization,43,26627,1
no_domain_randomization,43,26804,1
no_domain_randomization,43,26969,1
no_domain_randomization,43,27161,1
no_domain_randomization,43,27335,1
no_domain_randomization,43,27532,1
no_domain_randomization,43,27719,1
no_domain_randomization,43,27929,1
no_domain_randomization,43,28086,1
no_domain_randomization,43,28282,1
no_domain_randomization,43,28483,1
no_domain_randomization,43,28660,1
no_domain_randomization,43,28870,1
no_domain_randomization,43,29075,1
no_domain_randomization,43,29255,1
no_domain_randomization,43,29435,1
no_domain_randomization,43,29614,1
no_domain_randomization,43,29775,1
no_domain_randomization,43,29974,1
no_domain_randomization,43,30172,1
no_domain_randomization,43,30349,1
no_domain_randomization,43,30533,1
no_domain_randomization,43,30733,1
no_domain_randomization,43,30903,1
no_domain_randomization,43,31085,1
no_domain_randomization,43,31278,1
no_domain_randomization,43,31465,1
no_domain_randomization,43,31661,1
no_domain_randomization,43,31708,1
no_domain_randomization,44,94,1
no_domain_randomization,44,197,1
no_domain_randomization,44,295,1
no_domain_randomization,44,401,1
no_domain_randomization,44,520,1
no_domain_randomization,44,643,1
no_domain_randomization,44,761,1
no_domain_randomization,44,883,1
no_domain_randomization,44,1007,1
no_domain_randomization,44,1129,1
no_domain_randomization,44,1254,1
no_domain_randomization,44,1381,1
no_domain_randomization,44,1527,1
no_domain_randomization,44,1665,1
no_domain_randomization,44,1800,1
no_domain_randomization,44,1890,1
no_domain_randomization,44,2011,1
no_domain_randomization,44,2141,1
no_domain_randomization,44,2271,1
no_domain_randomization,44,2410,1
no_domain_randomization,44,2551,1
no_domain_randomization,44,2683,1
no_domain_randomization,44,2815,1
no_domain_randomization,44,2963,1
no_domain_randomization,44,3054,1
no_domain_randomization,44,3177,1
no_domain_randomization,44,3313,1
no_domain_randomization,44,3455,1
no_domain_randomization,44,3587,1
no_domain_randomization,44,3741,1
no_domain_randomization,44,3832,1
no_domain_randomization,44,3912,1
no_domain_randomization,44,4056,1
no_domain_randomization,44,4185,1
no_domain_randomization,44,4330,1
no_domain_randomization,44,4480,1
no_domain_randomization,44,4626,1
no_domain_randomization,44,4793,1
no_domain_randomization,44,4962,1
no_domain_randomization,44,5103,1
no_domain_randomization,44,5279,1
no_domain_randomization,44,5422,1
no_domain_randomization,44,5579,1
no_domain_randomization,44,5750,1
no_domain_randomization,44,5917,1
no_domain_randomization,44,6071,1
no_domain_randomization,44,6222,1
no_domain_randomization,44,6391,1
no_domain_randomization,44,6553,1
no_domain_randomization,44,6710,1
no_domain_randomization,44,6893,1
no_domain_randomization,44,7042,1
no_domain_randomization,44,7213,1
no_domain_randomization,44,7386,1
no_domain_randomization,44,7550,1
no_domain_randomization,44,7730,1
no_domain_randomization,44,7914,1
no_domain_randomization,44,8086,1
no_domain_randomization,44,8263,1
no_domain_randomization,44,8422,1
no_domain_randomization,44,8566,1
no_domain_randomization,44,8729,1
no_domain_randomization,44,8904,1
no_domain_randomization,44,8947,1
no_domain_randomization,44,9114,1
no_domain_randomization,44,9301,1
no_domain_randomization,44,9467,1
no_domain_randomization,44,9655,1
no_domain_randomization,44,9849,1
no_domain_randomization,44,10026,1
no_domain_randomization,44,10239,1
no_domain_randomization,44,10420,1
no_domain_randomization,44,10575,1
no_domain_randomization,44,10743,1
no_domain_randomization,44,10898,1
no_domain_randomization,44,11054,1
no_domain_randomization,44,11202,1
no_domain_randomization,44,11388,1
no_domain_randomization,44,11560,1
no_domain_randomization,44,11716,1
no_domain_randomization,44,11882,1
no_domain_randomization,44,12034,1
no_domain_randomization,44,12194,1
no_domain_randomization,44,12374,1
no_domain_randomization,44,12563,1
no_domain_randomization,44,12748,1
no_domain_randomization,44,12937,1
no_domain_randomization,44,13087,1
no_domain_randomization,44,13272,1
no_domain_randomization,44,13476,1
no_domain_randomization,44,13635,1
no_domain_randomization,44,13829,1
no_domain_randomization,44,14039,1
no_domain_randomization,44,14226,1
no_domain_randomization,44,14420,1
no_domain_randomization,44,14467,1
no_domain_randomization,44,14655,1
no_domain_randomization,44,14826,1
no_domain_randomization,44,15032,1
no_domain_randomization,44,15218,1
no_domain_randomization,44,15412,1
no_domain_randomization,44,15612,1
no_domain_randomization,44,15792,1
no_domain_randomization,44,15964,1
no_domain_randomization,44,16163,1
no_domain_randomization,44,16342,1
no_domain_randomization,44,16521,1
no_domain_randomization,44,16709,1
no_domain_randomization,44,16894,1
no_domain_randomization,44,17066,1
no_domain_randomization,44,17259,1
no_domain_randomization,44,17446,1
no_domain_randomization,44,17636,1
no_domain_randomization,44,17832,1
no_domain_randomization,44,17998,1
no_domain_randomization,44,18167,1
no_domain_randomization,44,18339,1
no_domain_randomization,44,18512,1
no_domain_randomization,44,18719,1
no_domain_randomization,44,18920,1
no_domain_randomization,44,19096,1
no_domain_randomization,44,19278,1
no_domain_randomization,44,19467,1
no_domain_randomization,44,19631,1
no_domain_randomization,44,19813,1
no_domain_randomization,44,20006,1
no_domain_randomization,44,20195,1
no_domain_randomization,44,20233,1
no_domain_randomization,44,20423,1
no_domain_randomization,44,20595,1
no_domain_randomization,44,20773,1
no_domain_randomization,44,20960,1
no_domain_randomization,44,21137,1
no_domain_randomization,44,21320,1
no_domain_randomization,44,21496,1
no_domain_randomization,44,21665,1
no_domain_randomization,44,21841,1
no_domain_randomization,44,22042,1
no_domain_randomization,44,22212,1
no_domain_randomization,44,22382,1
no_domain_randomization,44,22573,1
no_domain_randomization,44,22747,1
no_domain_randomization,44,22915,1
no_domain_randomization,44,23089,1
no_domain_randomization,44,23284,1
no_domain_randomization,44,23481,1
no_domain_randomization,44,23654,1
no_domain_randomization,44,23827,1
no_domain_randomization,44,24008,1
no_domain_randomization,44,24191,1
no_domain_randomization,44,24371,1
no_domain_randomization,44,24539,1
no_domain_randomization,44,24721,1
no_domain_randomization,44,24890,1
no_domain_randomization,44,25071,1
no_domain_randomization,44,25256,1
no_domain_randomization,44,25437,1
no_domain_randomization,44,25621,1
no_domain_randomization,44,25810,1
no_domain_randomization,44,25844,1
no_domain_randomization,44,26055,1
no_domain_randomization,44,26260,1
no_domain_randomization,44,26434,1
no_domain_randomization,44,26629,1
no_domain_randomization,44,26832,1
no_domain_randomization,44,27015,1
no_domain_randomization,44,27208,1
no_domain_randomization,44,27417,1
no_domain_randomization,44,27597,1
no_domain_randomization,44,27792,1
no_domain_randomization,44,27994,1
no_domain_randomization,44,28183,1
no_domain_randomization,44,28395,1
no_domain_randomization,44,28588,1
no_domain_randomization,44,28775,1
no_domain_randomization,44,28961,1
no_domain_randomization,44,29165,1
no_domain_randomization,44,29358,1
no_domain_randomization,44,29571,1
no_domain_randomization,44,29777,1
no_domain_randomization,44,29967,1
no_domain_randomization,44,30174,1
no_domain_randomization,44,30381,1
no_domain_randomization,44,30564,1
no_domain_randomization,44,30770,1
no_domain_randomization,44,30978,1
no_domain_randomization,44,31156,1
no_domain_randomization,44,31365,1
no_domain_randomization,44,31573,1
no_domain_randomization,44,31762,1
no_domain_randomization,44,31950,1
no_domain_randomization,44,31990,1
no_domain_randomization,45,78,1
no_domain_randomization,45,162,1
no_domain_randomization,45,262,1
no_domain_randomization,45,370,1
no_domain_randomization,45,478,1
no_domain_randomization,45,585,1
no_domain_randomization,45,700,1
no_domain_randomization,45,809,1
no_domain_randomization,45,928,1
no_domain_randomization,45,1045,1
no_domain_randomization,45,1171,1
no_domain_randomization,45,1306,1
no_domain_randomization,45,1435,1
no_domain_randomization,45,1578,1
no_domain_randomization,45,1723,1
no_domain_randomization,45,1803,1
no_domain_randomization,45,1940,1
no_domain_randomization,45,2086,1
no_domain_randomization,45,2222,1
no_domain_randomization,45,2353,1
no_domain_randomization,45,2494,1
no_domain_randomization,45,2631,1
no_domain_randomization,45,2775,1
no_domain_randomization,45,2916,1
no_domain_randomization,45,3041,1
no_domain_randomization,45,3178,1
no_domain_randomization,45,3337,1
no_domain_randomization,45,3483,1
no_domain_randomization,45,3644,1
no_domain_randomization,45,3804,1
no_domain_randomization,45,3951,1
no_domain_randomization,45,4052,1
no_domain_randomization,45,4226,1
no_domain_randomization,45,4368,1
no_domain_randomization,45,4542,1
no_domain_randomization,45,4703,1
no_domain_randomization,45,4855,1
no_domain_randomization,45,5019,1
no_domain_randomization,45,5175,1
no_domain_randomization,45,5332,1
no_domain_randomization,45,5499,1
no_domain_randomization,45,5654,1
no_domain_randomization,45,5824,1
no_domain_randomization,45,5994,1
no_domain_randomization,45,6171,1
no_domain_randomization,45,6344,1
no_domain_randomization,45,6521,1
no_domain_randomization,45,6692,1
no_domain_randomization,45,6862,1
no_domain_randomization,45,7028,1
no_domain_randomization,45,7200,1
no_domain_randomization,45,7364,1
no_domain_randomization,45,7529,1
no_domain_randomization,45,7719,1
no_domain_randomization,45,7871,1
no_domain_randomization,45,8059,1
no_domain_randomization,45,8228,1
no_domain_randomization,45,8400,1
no_domain_randomization,45,8576,1
no_domain_randomization,45,8766,1
no_domain_randomization,45,8929,1
no_domain_randomization,45,9099,1
no_domain_randomization,45,9268,1
no_domain_randomization,45,9313,1
no_domain_randomization,45,9471,1
no_domain_randomization,45,9641,1
no_domain_randomization,45,9809,1
no_domain_randomization,45,9976,1
no_domain_randomization,45,10165,1
no_domain_randomization,45,10323,1
no_domain_randomization,45,10501,1
no_domain_randomization,45,10675,1
no_domain_randomization,45,10829,1
no_domain_randomization,45,11009,1
no_domain_randomization,45,11178,1
no_domain_randomization,45,11344,1
no_domain_randomization,45,11514,1
no_domain_randomization,45,11692,1
no_domain_randomization,45,11852,1
no_domain_randomization,45,12016,1
no_domain_randomization,45,12187,1
no_domain_randomization,45,12352,1
no_domain_randomization,45,12539,1
no_domain_randomization,45,12708,1
no_domain_randomization,45,12880,1
no_domain_randomization,45,13067,1
no_domain_randomization,45,13255,1
no_domain_randomization,45,13436,1
no_domain_randomization,45,13625,1
no_domain_randomization,45,13807,1
no_domain_randomization,45,13980,1
no_domain_randomization,45,14163,1
no_domain_randomization,45,14347,1
no_domain_randomization,45,14515,1
no_domain_randomization,45,14689,1
no_domain_randomization,45,14732,1
no_domain_randomization,45,14905,1
no_domain_randomization,45,15070,1
no_domain_randomization,45,15265,1
no_domain_randomization,45,15451,1
no_domain_randomization,45,15649,1
no_domain_randomization,45,15845,1
no_domain_randomization,45,16024,1
no_domain_randomization,45,16224,1
no_domain_randomization,45,16415,1
no_domain_randomization,45,16591,1
no_domain_randomization,45,16767,1
no_domain_randomization,45,16971,1
no_domain_randomization,45,17130,1
no_domain_randomization,45,17311,1
no_domain_randomization,45,17506,1
no_domain_randomization,45,17662,1
no_domain_randomization,45,17834,1
no_domain_randomization,45,18019,1
no_domain_randomization,45,18188,1
no_domain_randomization,45,18378,1
no_domain_randomization,45,18560,1
no_domain_randomization,45,18747,1
no_domain_randomization,45,18935,1
no_domain_randomization,45,19122,1
no_domain_randomization,45,19308,1
no_domain_randomization,45,19480,1
no_domain_randomization,45,19672,1
no_domain_randomization,45,19855,1
no_domain_randomization,45,20048,1
no_domain_randomization,45,20257,1
no_domain_randomization,45,20428,1
no_domain_randomization,45,20473,1
no_domain_randomization,45,20659,1
no_domain_randomization,45,20836,1
no_domain_randomization,45,21022,1
no_domain_randomization,45,21212,1
no_domain_randomization,45,21368,1
no_domain_randomization,45,21556,1
no_domain_randomization,45,21733,1
no_domain_randomization,45,21909,1
no_domain_randomization,45,22101,1
no_domain_randomization,45,22291,1
no_domain_randomization,45,22481,1
no_domain_randomization,45,22677,1
no_domain_randomization,45,22867,1
no_domain_randomization,45,23060,1
no_domain_randomization,45,23236,1
no_domain_randomization,45,23421,1
no_domain_randomization,45,23581,1
no_domain_randomization,45,23771,1
no_domain_randomization,45,23952,1
no_domain_randomization,45,24119,1
no_domain_randomization,45,24304,1
no_domain_randomization,45,24486,1
no_domain_randomization,45,24677,1
no_domain_randomization,45,24864,1
no_domain_randomization,45,25054,1
no_domain_randomization,45,25236,1
no_domain_randomization,45,25428,1
no_domain_randomization,45,25623,1
no_domain_randomization,45,25804,1
no_domain_randomization,45,25991,1
no_domain_randomization,45,26193,1
no_domain_randomization,45,26241,1
no_domain_randomization,45,26428,1
no_domain_randomization,45,26625,1
no_domain_randomization,45,26805,1
no_domain_randomization,45,26994,1
no_domain_randomization,45,27200,1
no_domain_randomization,45,27388,1
no_domain_randomization,45,27597,1
no_domain_randomization,45,27804,1
no_domain_randomization,45,27973,1
no_domain_randomization,45,28162,1
no_domain_randomization,45,28371,1
no_domain_randomization,45,28545,1
no_domain_randomization,45,28734,1
no_domain_randomization,45,28941,1
no_domain_randomization,45,29143,1
no_domain_randomization,45,29335,1
no_domain_randomization,45,29528,1
no_domain_randomization,45,29712,1
no_domain_randomization,45,29900,1
no_domain_randomization,45,30088,1
no_domain_randomization,45,30269,1
no_domain_randomization,45,30478,1
no_domain_randomization,45,30689,1
no_domain_randomization,45,30876,1
no_domain_randomization,45,31070,1
no_domain_randomization,45,31274,1
no_domain_randomization,45,31465,1
no_domain_randomization,45,31664,1
no_domain_randomization,45,31859,1
no_domain_randomization,45,32032,1
no_domain_randomization,45,32217,1
no_domain_randomization,45,32261,1
no_domain_randomization,46,78,1
no_domain_randomization,46,182,1
no_domain_randomization,46,287,1
no_domain_randomization,46,401,1
no_domain_randomization,46,508,1
no_domain_randomization,46,637,1
no_domain_randomization,46,761,1
no_domain_randomization,46,885,1
no_domain_randomization,46,1014,1
no_domain_randomization,46,1150,1
no_domain_randomization,46,1303,1
no_domain_randomization,46,1461,1
no_domain_randomization,46,1608,1
no_domain_randomization,46,1763,1
no_domain_randomization,46,1920,1
no_domain_randomization,46,2016,1
no_domain_randomization,46,2169,1
no_domain_randomization,46,2327,1
no_domain_randomization,46,2468,1
no_domain_randomization,46,2633,1
no_domain_randomization,46,2770,1
no_domain_randomization,46,2926,1
no_domain_randomization,46,3076,1
no_domain_randomization,46,3239,1
no_domain_randomization,46,3387,1
no_domain_randomization,46,3542,1
no_domain_randomization,46,3706,1
no_domain_randomization,46,3866,1
no_domain_randomization,46,4036,1
no_domain_randomization,46,4206,1
no_domain_randomization,46,4386,1
no_domain_randomization,46,4493,1
no_domain_randomization,46,4689,1
no_domain_randomization,46,4861,1
no_domain_randomization,46,5019,1
no_domain_randomization,46,5204,1
no_domain_randomization,46,5343,1
no_domain_randomization,46,5492,1
no_domain_randomization,46,5674,1
no_domain_randomization,46,5838,1
no_domain_randomization,46,6017,1
no_domain_randomization,46,6192,1
no_domain_randomization,46,6366,1
no_domain_randomization,46,6531,1
no_domain_randomization,46,6707,1
no_domain_randomization,46,6861,1
no_domain_randomization,46,7040,1
no_domain_randomization,46,7215,1
no_domain_randomization,46,7367,1
no_domain_randomization,46,7522,1
no_domain_randomization,46,7678,1
no_domain_randomization,46,7847,1
no_domain_randomization,46,8007,1
no_domain_randomization,46,8187,1
no_domain_randomization,46,8339,1
no_domain_randomization,46,8521,1
no_domain_randomization,46,8715,1
no_domain_randomization,46,8874,1
no_domain_randomization,46,9050,1
no_domain_randomization,46,9223,1
no_domain_randomization,46,9401,1
no_domain_randomization,46,9610,1
no_domain_randomization,46,9776,1
no_domain_randomization,46,9819,1
no_domain_randomization,46,10018,1
no_domain_randomization,46,10194,1
no_domain_randomization,46,10361,1
no_domain_randomization,46,10520,1
no_domain_randomization,46,10695,1
no_domain_randomization,46,10873,1
no_domain_randomization,46,11041,1
no_domain_randomization,46,11231,1
no_domain_randomization,46,11414,1
no_domain_randomization,46,11608,1
no_domain_randomization,46,11820,1
no_domain_randomization,46,11996,1
no_domain_randomization,46,12182,1
no_domain_randomization,46,12376,1
no_domain_randomization,46,12535,1
no_domain_randomization,46,12724,1
no_domain_randomization,46,12919,1
no_domain_randomization,46,13086,1
no_domain_randomization,46,13269,1
no_domain_randomization,46,13451,1
no_domain_randomization,46,13610,1
no_domain_randomization,46,13780,1
no_domain_randomization,46,13981,1
no_domain_randomization,46,14150,1
no_domain_randomization,46,14336,1
no_domain_randomization,46,14476,1
no_domain_randomization,46,14639,1
no_domain_randomization,46,14825,1
no_domain_randomization,46,14984,1
no_domain_randomization,46,15146,1
no_domain_randomization,46,15314,1
no_domain_randomization,46,15358,1
no_domain_randomization,46,15541,1
no_domain_randomization,46,15719,1
no_domain_randomization,46,15904,1
no_domain_randomization,46,16067,1
no_domain_randomization,46,16245,1
no_domain_randomization,46,16448,1
no_domain_randomization,46,16627,1
no_domain_randomization,46,16815,1
no_domain_randomization,46,17001,1
no_domain_randomization,46,17170,1
no_domain_randomization,46,17363,1
no_domain_randomization,46,17556,1
no_domain_randomization,46,17736,1
no_domain_randomization,46,17929,1
no_domain_randomization,46,18122,1
no_domain_randomization,46,18271,1
no_domain_randomization,46,18454,1
no_domain_randomization,46,18640,1
no_domain_randomization,46,18810,1
no_domain_randomization,46,18987,1
no_domain_randomization,46,19181,1
no_domain_randomization,46,19357,1
no_domain_randomization,46,19543,1
no_domain_randomization,46,19723,1
no_domain_randomization,46,19904,1
no_domain_randomization,46,20102,1
no_domain_randomization,46,20280,1
no_domain_randomization,46,20450,1
no_domain_randomization,46,20651,1
no_domain_randomization,46,20841,1
no_domain_randomization,46,21011,1
no_domain_randomization,46,21061,1
no_domain_randomization,46,21274,1
no_domain_randomization,46,21462,1
no_domain_randomization,46,21654,1
no_domain_randomization,46,21863,1
no_domain_randomization,46,22035,1
no_domain_randomization,46,22219,1
no_domain_randomization,46,22396,1
no_domain_randomization,46,22565,1
no_domain_randomization,46,22750,1
no_domain_randomization,46,22939,1
no_domain_randomization,46,23127,1
no_domain_randomization,46,23305,1
no_domain_randomization,46,23500,1
no_domain_randomization,46,23664,1
no_domain_randomization,46,23854,1
no_domain_randomization,46,24053,1
no_domain_randomization,46,24221,1
no_domain_randomization,46,24409,1
no_domain_randomization,46,24597,1
no_domain_randomization,46,24784,1
no_domain_randomization,46,24980,1
no_domain_randomization,46,25180,1
no_domain_randomization,46,25370,1
no_domain_randomization,46,25564,1
no_domain_randomization,46,25755,1
no_domain_randomization,46,25916,1
no_domain_randomization,46,26101,1
no_domain_randomization,46,26293,1
no_domain_randomization,46,26450,1
no_domain_randomization,46,26634,1
no_domain_randomization,46,26831,1
no_domain_randomization,46,26878,1
no_domain_randomization,46,27062,1
no_domain_randomization,46,27249,1
no_domain_randomization,46,27434,1
no_domain_randomization,46,27640,1
no_domain_randomization,46,27841,1
no_domain_randomization,46,28024,1
no_domain_randomization,46,28213,1
no_domain_randomization,46,28428,1
no_domain_randomization,46,28610,1
no_domain_randomization,46,28810,1
no_domain_randomization,46,29008,1
no_domain_randomization,46,29190,1
no_domain_randomization,46,29391,1
no_domain_randomization,46,29604,1
no_domain_randomization,46,29781,1
no_domain_randomization,46,29967,1
no_domain_randomization,46,30164,1
no_domain_randomization,46,30362,1
no_domain_randomization,46,30537,1
no_domain_randomization,46,30709,1
no_domain_randomization,46,30888,1
no_domain_randomization,46,31082,1
no_domain_randomization,46,31237,1
no_domain_randomization,46,31391,1
no_domain_randomization,46,31593,1
no_domain_randomization,46,31768,1
no_domain_randomization,46,31960,1
no_domain_randomization,46,32155,1
no_domain_randomization,46,32342,1
no_domain_randomization,46,32521,1
no_domain_randomization,46,32702,1
no_domain_randomization,46,32756,1
no_resource_shaping,42,66,1
no_resource_shaping,42,142,1
no_resource_shaping,42,245,1
no_resource_shaping,42,328,1
no_resource_shaping,42,438,1
no_resource_shaping,42,538,1
no_resource_shaping,42,635,1
no_resource_shaping,42,743,1
no_resource_shaping,42,857,1
no_resource_shaping,42,950,1
no_resource_shaping,42,1058,1
no_resource_shaping,42,1196,1
no_resource_shaping,42,1305,1
no_resource_shaping,42,1431,1
no_resource_shaping,42,1560,1
no_resource_shaping,42,1626,1
no_resource_shaping,42,1749,1
no_resource_shaping,42,1892,1
no_resource_shaping,42,2012,1
no_resource_shaping,42,2131,1
no_resource_shaping,42,2272,1
no_resource_shaping,42,2403,1
no_resource_shaping,42,2543,1
no_resource_shaping,42,2711,1
no_resource_shaping,42,2840,1
no_resource_shaping,42,2979,1
no_resource_shaping,42,3145,1
no_resource_shaping,42,3261,1
no_resource_shaping,42,3413,1
no_resource_shaping,42,3556,1
no_resource_shaping,42,3660,1
no_resource_shaping,42,3742,1
no_resource_shaping,42,3887,1
no_resource_shaping,42,3985,1
no_resource_shaping,42,4127,1
no_resource_shaping,42,4288,1
no_resource_shaping,42,4400,1
no_resource_shaping,42,4535,1
no_resource_shaping,42,4678,1
no_resource_shaping,42,4782,1
no_resource_shaping,42,4910,1
no_resource_shaping,42,5066,1
no_resource_shaping,42,5202,1
no_resource_shaping,42,5346,1
no_resource_shaping,42,5502,1
no_resource_shaping,42,5622,1
no_resource_shaping,42,5748,1
no_resource_shaping,42,5902,1
no_resource_shaping,42,6012,1
no_resource_shaping,42,6131,1
no_resource_shaping,42,6275,1
no_resource_shaping,42,6396,1
no_resource_shaping,42,6534,1
no_resource_shaping,42,6689,1
no_resource_shaping,42,6803,1
no_resource_shaping,42,6950,1
no_resource_shaping,42,7097,1
no_resource_shaping,42,7206,1
no_resource_shaping,42,7323,1
no_resource_shaping,42,7473,1
no_resource_shaping,42,7579,1
no_resource_shaping,42,7711,1
no_resource_shaping,42,7859,1
no_resource_shaping,42,7892,1
no_resource_shaping,42,8009,1
no_resource_shaping,42,8160,1
no_resource_shaping,42,8271,1
no_resource_shaping,42,8410,1
no_resource_shaping,42,8574,1
no_resource_shaping,42,8686,1
no_resource_shaping,42,8827,1
no_resource_shaping,42,8989,1
no_resource_shaping,42,9127,1
no_resource_shaping,42,9287,1
no_resource_shaping,42,9449,1
no_resource_shaping,42,9553,1
no_resource_shaping,42,9687,1
no_resource_shaping,42,9833,1
no_resource_shaping,42,9946,1
no_resource_shaping,42,10095,1
no_resource_shaping,42,10243,1
no_resource_shaping,42,10362,1
no_resource_shaping,42,10499,1
no_resource_shaping,42,10664,1
no_resource_shaping,42,10781,1
no_resource_shaping,42,10920,1
no_resource_shaping,42,11092,1
no_resource_shaping,42,11214,1
no_resource_shaping,42,11361,1
no_resource_shaping,42,11509,1
no_resource_shaping,42,11628,1
no_resource_shaping,42,11782,1
no_resource_shaping,42,11972,1
no_resource_shaping,42,12102,1
no_resource_shaping,42,12259,1
no_resource_shaping,42,12305,1
no_resource_shaping,42,12437,1
no_resource_shaping,42,12563,1
no_resource_shaping,42,12729,1
no_resource_shaping,42,12850,1
no_resource_shaping,42,13001,1
no_resource_shaping,42,13178,1
no_resource_shaping,42,13321,1
no_resource_shaping,42,13473,1
no_resource_shaping,42,13619,1
no_resource_shaping,42,13750,1
no_resource_shaping,42,13891,1
no_resource_shaping,42,14077,1
no_resource_shaping,42,14201,1
no_resource_shaping,42,14363,1
no_resource_shaping,42,14542,1
no_resource_shaping,42,14674,1
no_resource_shaping,42,14811,1
no_resource_shaping,42,14989,1
no_resource_shaping,42,15112,1
no_resource_shaping,42,15269,1
no_resource_shaping,42,15438,1
no_resource_shaping,42,15576,1
no_resource_shaping,42,15730,1
no_resource_shaping,42,15895,1
no_resource_shaping,42,16015,1
no_resource_shaping,42,16153,1
no_resource_shaping,42,16333,1
no_resource_shaping,42,16448,1
no_resource_shaping,42,16598,1
no_resource_shaping,42,16770,1
no_resource_shaping,42,16906,1
no_resource_shaping,42,16950,1
no_resource_shaping,42,17132,1
no_resource_shaping,42,17261,1
no_resource_shaping,42,17399,1
no_resource_shaping,42,17584,1
no_resource_shaping,42,17717,1
no_resource_shaping,42,17857,1
no_resource_shaping,42,18038,1
no_resource_shaping,42,18178,1
no_resource_shaping,42,18326,1
no_resource_shaping,42,18501,1
no_resource_shaping,42,18622,1
no_resource_shaping,42,18770,1
no_resource_shaping,42,18957,1
no_resource_shaping,42,19086,1
no_resource_shaping,42,19260,1
no_resource_shaping,42,19428,1
no_resource_shaping,42,19557,1
no_resource_shaping,42,19709,1
no_resource_shaping,42,19876,1
no_resource_shaping,42,20003,1
no_resource_shaping,42,20144,1
no_resource_shaping,42,20300,1
no_resource_shaping,42,20440,1
no_resource_shaping,42,20598,1
no_resource_shaping,42,20760,1
no_resource_shaping,42,20877,1
no_resource_shaping,42,21021,1
no_resource_shaping,42,21186,1
no_resource_shaping,42,21318,1
no_resource_shaping,42,21473,1
no_resource_shaping,42,21640,1
no_resource_shaping,42,21672,1
no_resource_shaping,42,21818,1
no_resource_shaping,42,21988,1
no_resource_shaping,42,22117,1
no_resource_shaping,42,22248,1
no_resource_shaping,42,22439,1
no_resource_shaping,42,22565,1
no_resource_shaping,42,22716,1
no_resource_shaping,42,22891,1
no_resource_shaping,42,23007,1
no_resource_shaping,42,23138,1
no_resource_shaping,42,23299,1
no_resource_shaping,42,23428,1
no_resource_shaping,42,23575,1
no_resource_shaping,42,23752,1
no_resource_shaping,42,23866,1
no_resource_shaping,42,24010,1
no_resource_shaping,42,24176,1
no_resource_shaping,42,24311,1
no_resource_shaping,42,24460,1
no_resource_shaping,42,24622,1
no_resource_shaping,42,24739,1
no_resource_shaping,42,24875,1
no_resource_shaping,42,25045,1
no_resource_shaping,42,25151,1
no_resource_shaping,42,25296,1
no_resource_shaping,42,25435,1
no_resource_shaping,42,25567,1
no_resource_shaping,42,25706,1
no_resource_shaping,42,25867,1
no_resource_shaping,42,25991,1
no_resource_shaping,42,26136,1
no_resource_shaping,42,26177,1
no_resource_shaping,43,78,1
no_resource_shaping,43,156,1
no_resource_shaping,43,248,1
no_resource_shaping,43,326,1
no_resource_shaping,43,439,1
no_resource_shaping,43,542,1
no_resource_shaping,43,626,1
no_resource_shaping,43,733,1
no_resource_shaping,43,873,1
no_resource_shaping,43,966,1
no_resource_shaping,43,1062,1
no_resource_shaping,43,1195,1
no_resource_shaping,43,1300,1
no_resource_shaping,43,1428,1
no_resource_shaping,43,1557,1
no_resource_shaping,43,1638,1
no_resource_shaping,43,1748,1
no_resource_shaping,43,1889,1
no_resource_shaping,43,1992,1
no_resource_shaping,43,2126,1
no_resource_shaping,43,2263,1
no_resource_shaping,43,2375,1
no_resource_shaping,43,2510,1
no_resource_shaping,43,2655,1
no_resource_shaping,43,2763,1
no_resource_shaping,43,2890,1
no_resource_shaping,43,3042,1
no_resource_shaping,43,3162,1
no_resource_shaping,43,3284,1
no_resource_shaping,43,3424,1
no_resource_shaping,43,3543,1
no_resource_shaping,43,3635,1
no_resource_shaping,43,3801,1
no_resource_shaping,43,3912,1
no_resource_shaping,43,4048,1
no_resource_shaping,43,4194,1
no_resource_shaping,43,4313,1
no_resource_shaping,43,4450,1
no_resource_shaping,43,4603,1
no_resource_shaping,43,4739,1
no_resource_shaping,43,4891,1
no_resource_shaping,43,5058,1
no_resource_shaping,43,5165,1
no_resource_shaping,43,5311,1
no_resource_shaping,43,5493,1
no_resource_shaping,43,5622,1
no_resource_shaping,43,5776,1
no_resource_shaping,43,5912,1
no_resource_shaping,43,6038,1
no_resource_shaping,43,6168,1
no_resource_shaping,43,6320,1
no_resource_shaping,43,6433,1
no_resource_shaping,43,6556,1
no_resource_shaping,43,6709,1
no_resource_shaping,43,6818,1
no_resource_shaping,43,6961,1
no_resource_shaping,43,7136,1
no_resource_shaping,43,7271,1
no_resource_shaping,43,7397,1
no_resource_shaping,43,7543,1
no_resource_shaping,43,7655,1
no_resource_shaping,43,7804,1
no_resource_shaping,43,7979,1
no_resource_shaping,43,8009,1
no_resource_shaping,43,8149,1
no_resource_shaping,43,8331,1
no_resource_shaping,43,8445,1
no_resource_shaping,43,8571,1
no_resource_shaping,43,8739,1
no_resource_shaping,43,8872,1
no_resource_shaping,43,9006,1
no_resource_shaping,43,9183,1
no_resource_shaping,43,9314,1
no_resource_shaping,43,9458,1
no_resource_shaping,43,9628,1
no_resource_shaping,43,9763,1
no_resource_shaping,43,9920,1
no_resource_shaping,43,10081,1
no_resource_shaping,43,10205,1
no_resource_shaping,43,10344,1
no_resource_shaping,43,10506,1
no_resource_shaping,43,10626,1
no_resource_shaping,43,10788,1
no_resource_shaping,43,10967,1
no_resource_shaping,43,11094,1
no_resource_shaping,43,11230,1
no_resource_shaping,43,11407,1
no_resource_shaping,43,11524,1
no_resource_shaping,43,11684,1
no_resource_shaping,43,11858,1
no_resource_shaping,43,12001,1
no_resource_shaping,43,12156,1
no_resource_shaping,43,12316,1
no_resource_shaping,43,12444,1
no_resource_shaping,43,12586,1
no_resource_shaping,43,12628,1
no_resource_shaping,43,12759,1
no_resource_shaping,43,12926,1
no_resource_shaping,43,13130,1
no_resource_shaping,43,13262,1
no_resource_shaping,43,13419,1
no_resource_shaping,43,13587,1
no_resource_shaping,43,13727,1
no_resource_shaping,43,13863,1
no_resource_shaping,43,14036,1
no_resource_shaping,43,14156,1
no_resource_shaping,43,14321,1
no_resource_shaping,43,14489,1
no_resource_shaping,43,14622,1
no_resource_shaping,43,14757,1
no_resource_shaping,43,14927,1
no_resource_shaping,43,15057,1
no_resource_shaping,43,15191,1
no_resource_shaping,43,15354,1
no_resource_shaping,43,15475,1
no_resource_shaping,43,15620,1
no_resource_shaping,43,15765,1
no_resource_shaping,43,15892,1
no_resource_shaping,43,16044,1
no_resource_shaping,43,16209,1
no_resource_shaping,43,16339,1
no_resource_shaping,43,16477,1
no_resource_shaping,43,16629,1
no_resource_shaping,43,16736,1
no_resource_shaping,43,16872,1
no_resource_shaping,43,17027,1
no_resource_shaping,43,17147,1
no_resource_shaping,43,17189,1
no_resource_shaping,43,17357,1
no_resource_shaping,43,17479,1
no_resource_shaping,43,17633,1
no_resource_shaping,43,17814,1
no_resource_shaping,43,17936,1
no_resource_shaping,43,18100,1
no_resource_shaping,43,18287,1
no_resource_shaping,43,18408,1
no_resource_shaping,43,18542,1
no_resource_shaping,43,18713,1
no_resource_shaping,43,18828,1
no_resource_shaping,43,18975,1
no_resource_shaping,43,19156,1
no_resource_shaping,43,19285,1
no_resource_shaping,43,19425,1
no_resource_shaping,43,19591,1
no_resource_shaping,43,19719,1
no_resource_shaping,43,19874,1
no_resource_shaping,43,20031,1
no_resource_shaping,43,20180,1
no_resource_shaping,43,20335,1
no_resource_shaping,43,20500,1
no_resource_shaping,43,20634,1
no_resource_shaping,43,20790,1
no_resource_shaping,43,20955,1
no_resource_shaping,43,21081,1
no_resource_shaping,43,21234,1
no_resource_shaping,43,21403,1
no_resource_shaping,43,21533,1
no_resource_shaping,43,21669,1
no_resource_shaping,43,21835,1
no_resource_shaping,43,21873,1
no_resource_shaping,43,22011,1
no_resource_shaping,43,22172,1
no_resource_shaping,43,22293,1
no_resource_shaping,43,22450,1
no_resource_shaping,43,22606,1
no_resource_shaping,43,22734,1
no_resource_shaping,43,22905,1
no_resource_shaping,43,23067,1
no_resource_shaping,43,23202,1
no_resource_shaping,43,23346,1
no_resource_shaping,43,23532,1
no_resource_shaping,43,23649,1
no_resource_shaping,43,23818,1
no_resource_shaping,43,24003,1
no_resource_shaping,43,24125,1
no_resource_shaping,43,24281,1
no_resource_shaping,43,24450,1
no_resource_shaping,43,24581,1
no_resource_shaping,43,24735,1
no_resource_shaping,43,24898,1
no_resource_shaping,43,25017,1
no_resource_shaping,43,25153,1
no_resource_shaping,43,25329,1
no_resource_shaping,43,25457,1
no_resource_shaping,43,25589,1
no_resource_shaping,43,25754,1
no_resource_shaping,43,25866,1
no_resource_shaping,43,26018,1
no_resource_shaping,43,26188,1
no_resource_shaping,43,26306,1
no_resource_shaping,43,26451,1
no_resource_shaping,43,26485,1
no_resource_shaping,44,76,1
no_resource_shaping,44,162,1
no_resource_shaping,44,263,1
no_resource_shaping,44,361,1
no_resource_shaping,44,461,1
no_resource_shaping,44,571,1
no_resource_shaping,44,652,1
no_resource_shaping,44,762,1
no_resource_shaping,44,900,1
no_resource_shaping,44,1011,1
no_resource_shaping,44,1128,1
no_resource_shaping,44,1267,1
no_resource_shaping,44,1378,1
no_resource_shaping,44,1495,1
no_resource_shaping,44,1624,1
no_resource_shaping,44,1698,1
no_resource_shaping,44,1824,1
no_resource_shaping,44,1959,1
no_resource_shaping,44,2078,1
no_resource_shaping,44,2201,1
no_resource_shaping,44,2358,1
no_resource_shaping,44,2483,1
no_resource_shaping,44,2613,1
no_resource_shaping,44,2776,1
no_resource_shaping,44,2894,1
no_resource_shaping,44,3044,1
no_resource_shaping,44,3200,1
no_resource_shaping,44,3307,1
no_resource_shaping,44,3434,1
no_resource_shaping,44,3584,1
no_resource_shaping,44,3698,1
no_resource_shaping,44,3782,1
no_resource_shaping,44,3949,1
no_resource_shaping,44,4054,1
no_resource_shaping,44,4208,1
no_resource_shaping,44,4374,1
no_resource_shaping,44,4494,1
no_resource_shaping,44,4652,1
no_resource_shaping,44,4829,1
no_resource_shaping,44,4943,1
no_resource_shaping,44,5091,1
no_resource_shaping,44,5243,1
no_resource_shaping,44,5368,1
no_resource_shaping,44,5499,1
no_resource_shaping,44,5657,1
no_resource_shaping,44,5769,1
no_resource_shaping,44,5919,1
no_resource_shaping,44,6081,1
no_resource_shaping,44,6203,1
no_resource_shaping,44,6340,1
no_resource_shaping,44,6476,1
no_resource_shaping,44,6585,1
no_resource_shaping,44,6718,1
no_resource_shaping,44,6863,1
no_resource_shaping,44,6965,1
no_resource_shaping,44,7096,1
no_resource_shaping,44,7227,1
no_resource_shaping,44,7345,1
no_resource_shaping,44,7467,1
no_resource_shaping,44,7611,1
no_resource_shaping,44,7727,1
no_resource_shaping,44,7862,1
no_resource_shaping,44,8031,1
no_resource_shaping,44,8062,1
no_resource_shaping,44,8196,1
no_resource_shaping,44,8357,1
no_resource_shaping,44,8472,1
no_resource_shaping,44,8628,1
no_resource_shaping,44,8795,1
no_resource_shaping,44,8914,1
no_resource_shaping,44,9083,1
no_resource_shaping,44,9261,1
no_resource_shaping,44,9378,1
no_resource_shaping,44,9518,1
no_resource_shaping,44,9676,1
no_resource_shaping,44,9807,1
no_resource_shaping,44,9962,1
no_resource_shaping,44,10138,1
no_resource_shaping,44,10254,1
no_resource_shaping,44,10382,1
no_resource_shaping,44,10525,1
no_resource_shaping,44,10635,1
no_resource_shaping,44,10764,1
no_resource_shaping,44,10905,1
no_resource_shaping,44,11033,1
no_resource_shaping,44,11186,1
no_resource_shaping,44,11341,1
no_resource_shaping,44,11463,1
no_resource_shaping,44,11613,1
no_resource_shaping,44,11771,1
no_resource_shaping,44,11903,1
no_resource_shaping,44,12065,1
no_resource_shaping,44,12246,1
no_resource_shaping,44,12388,1
no_resource_shaping,44,12549,1
no_resource_shaping,44,12574,1
no_resource_shaping,44,12706,1
no_resource_shaping,44,12846,1
no_resource_shaping,44,13001,1
no_resource_shaping,44,13119,1
no_resource_shaping,44,13257,1
no_resource_shaping,44,13429,1
no_resource_shaping,44,13551,1
no_resource_shaping,44,13679,1
no_resource_shaping,44,13845,1
no_resource_shaping,44,13961,1
no_resource_shaping,44,14109,1
no_resource_shaping,44,14267,1
no_resource_shaping,44,14385,1
no_resource_shaping,44,14542,1
no_resource_shaping,44,14730,1
no_resource_shaping,44,14877,1
no_resource_shaping,44,15006,1
no_resource_shaping,44,15189,1
no_resource_shaping,44,15304,1
no_resource_shaping,44,15450,1
no_resource_shaping,44,15607,1
no_resource_shaping,44,15733,1
no_resource_shaping,44,15880,1
no_resource_shaping,44,16032,1
no_resource_shaping,44,16157,1
no_resource_shaping,44,16303,1
no_resource_shaping,44,16474,1
no_resource_shaping,44,16580,1
no_resource_shaping,44,16710,1
no_resource_shaping,44,16869,1
no_resource_shaping,44,16997,1
no_resource_shaping,44,17029,1
no_resource_shaping,44,17196,1
no_resource_shaping,44,17324,1
no_resource_shaping,44,17481,1
no_resource_shaping,44,17641,1
no_resource_shaping,44,17783,1
no_resource_shaping,44,17918,1
no_resource_shaping,44,18081,1
no_resource_shaping,44,18204,1
no_resource_shaping,44,18352,1
no_resource_shaping,44,18528,1
no_resource_shaping,44,18643,1
no_resource_shaping,44,18766,1
no_resource_shaping,44,18917,1
no_resource_shaping,44,19028,1
no_resource_shaping,44,19166,1
no_resource_shaping,44,19326,1
no_resource_shaping,44,19466,1
no_resource_shaping,44,19624,1
no_resource_shaping,44,19762,1
no_resource_shaping,44,19893,1
no_resource_shaping,44,20043,1
no_resource_shaping,44,20187,1
no_resource_shaping,44,20316,1
no_resource_shaping,44,20432,1
no_resource_shaping,44,20612,1
no_resource_shaping,44,20736,1
no_resource_shaping,44,20866,1
no_resource_shaping,44,21009,1
no_resource_shaping,44,21123,1
no_resource_shaping,44,21257,1
no_resource_shaping,44,21427,1
no_resource_shaping,44,21446,1
no_resource_shaping,44,21605,1
no_resource_shaping,44,21773,1
no_resource_shaping,44,21883,1
no_resource_shaping,44,22042,1
no_resource_shaping,44,22206,1
no_resource_shaping,44,22327,1
no_resource_shaping,44,22454,1
no_resource_shaping,44,22614,1
no_resource_shaping,44,22734,1
no_resource_shaping,44,22880,1
no_resource_shaping,44,23055,1
no_resource_shaping,44,23170,1
no_resource_shaping,44,23328,1
no_resource_shaping,44,23513,1
no_resource_shaping,44,23649,1
no_resource_shaping,44,23796,1
no_resource_shaping,44,23956,1
no_resource_shaping,44,24070,1
no_resource_shaping,44,24208,1
no_resource_shaping,44,24378,1
no_resource_shaping,44,24504,1
no_resource_shaping,44,24671,1
no_resource_shaping,44,24851,1
no_resource_shaping,44,24970,1
no_resource_shaping,44,25114,1
no_resource_shaping,44,25272,1
no_resource_shaping,44,25389,1
no_resource_shaping,44,25530,1
no_resource_shaping,44,25694,1
no_resource_shaping,44,25813,1
no_resource_shaping,44,25944,1
no_resource_shaping,44,25976,1
no_resource_shaping,45,70,1
no_resource_shaping,45,146,1
no_resource_shaping,45,242,1
no_resource_shaping,45,328,1
no_resource_shaping,45,426,1
no_resource_shaping,45,542,1
no_resource_shaping,45,630,1
no_resource_shaping,45,742,1
no_resource_shaping,45,853,1
no_resource_shaping,45,955,1
no_resource_shaping,45,1067,1
no_resource_shaping,45,1197,1
no_resource_shaping,45,1310,1
no_resource_shaping,45,1429,1
no_resource_shaping,45,1584,1
no_resource_shaping,45,1656,1
no_resource_shaping,45,1783,1
no_resource_shaping,45,1924,1
no_resource_shaping,45,2048,1
no_resource_shaping,45,2172,1
no_resource_shaping,45,2328,1
no_resource_shaping,45,2454,1
no_resource_shaping,45,2601,1
no_resource_shaping,45,2767,1
no_resource_shaping,45,2877,1
no_resource_shaping,45,3025,1
no_resource_shaping,45,3201,1
no_resource_shaping,45,3323,1
no_resource_shaping,45,3478,1
no_resource_shaping,45,3653,1
no_resource_shaping,45,3794,1
no_resource_shaping,45,3896,1
no_resource_shaping,45,4074,1
no_resource_shaping,45,4204,1
no_resource_shaping,45,4370,1
no_resource_shaping,45,4539,1
no_resource_shaping,45,4665,1
no_resource_shaping,45,4814,1
no_resource_shaping,45,4990,1
no_resource_shaping,45,5121,1
no_resource_shaping,45,5267,1
no_resource_shaping,45,5445,1
no_resource_shaping,45,5585,1
no_resource_shaping,45,5697,1
no_resource_shaping,45,5859,1
no_resource_shaping,45,5978,1
no_resource_shaping,45,6140,1
no_resource_shaping,45,6306,1
no_resource_shaping,45,6445,1
no_resource_shaping,45,6600,1
no_resource_shaping,45,6762,1
no_resource_shaping,45,6882,1
no_resource_shaping,45,7037,1
no_resource_shaping,45,7206,1
no_resource_shaping,45,7321,1
no_resource_shaping,45,7454,1
no_resource_shaping,45,7608,1
no_resource_shaping,45,7712,1
no_resource_shaping,45,7858,1
no_resource_shaping,45,8039,1
no_resource_shaping,45,8161,1
no_resource_shaping,45,8299,1
no_resource_shaping,45,8460,1
no_resource_shaping,45,8492,1
no_resource_shaping,45,8639,1
no_resource_shaping,45,8814,1
no_resource_shaping,45,8929,1
no_resource_shaping,45,9060,1
no_resource_shaping,45,9237,1
no_resource_shaping,45,9356,1
no_resource_shaping,45,9507,1
no_resource_shaping,45,9665,1
no_resource_shaping,45,9776,1
no_resource_shaping,45,9927,1
no_resource_shaping,45,10089,1
no_resource_shaping,45,10204,1
no_resource_shaping,45,10340,1
no_resource_shaping,45,10501,1
no_resource_shaping,45,10626,1
no_resource_shaping,45,10767,1
no_resource_shaping,45,10934,1
no_resource_shaping,45,11052,1
no_resource_shaping,45,11210,1
no_resource_shaping,45,11357,1
no_resource_shaping,45,11494,1
no_resource_shaping,45,11643,1
no_resource_shaping,45,11789,1
no_resource_shaping,45,11919,1
no_resource_shaping,45,12070,1
no_resource_shaping,45,12239,1
no_resource_shaping,45,12359,1
no_resource_shaping,45,12504,1
no_resource_shaping,45,12658,1
no_resource_shaping,45,12779,1
no_resource_shaping,45,12927,1
no_resource_shaping,45,12973,1
no_resource_shaping,45,13104,1
no_resource_shaping,45,13238,1
no_resource_shaping,45,13406,1
no_resource_shaping,45,13525,1
no_resource_shaping,45,13679,1
no_resource_shaping,45,13836,1
no_resource_shaping,45,13975,1
no_resource_shaping,45,14127,1
no_resource_shaping,45,14290,1
no_resource_shaping,45,14410,1
no_resource_shaping,45,14560,1
no_resource_shaping,45,14722,1
no_resource_shaping,45,14820,1
no_resource_shaping,45,14966,1
no_resource_shaping,45,15147,1
no_resource_shaping,45,15258,1
no_resource_shaping,45,15381,1
no_resource_shaping,45,15562,1
no_resource_shaping,45,15679,1
no_resource_shaping,45,15823,1
no_resource_shaping,45,15993,1
no_resource_shaping,45,16114,1
no_resource_shaping,45,16260,1
no_resource_shaping,45,16429,1
no_resource_shaping,45,16560,1
no_resource_shaping,45,16706,1
no_resource_shaping,45,16866,1
no_resource_shaping,45,16988,1
no_resource_shaping,45,17143,1
no_resource_shaping,45,17318,1
no_resource_shaping,45,17434,1
no_resource_shaping,45,17468,1
no_resource_shaping,45,17652,1
no_resource_shaping,45,17757,1
no_resource_shaping,45,17926,1
no_resource_shaping,45,18096,1
no_resource_shaping,45,18214,1
no_resource_shaping,45,18358,1
no_resource_shaping,45,18545,1
no_resource_shaping,45,18672,1
no_resource_shaping,45,18826,1
no_resource_shaping,45,18982,1
no_resource_shaping,45,19118,1
no_resource_shaping,45,19247,1
no_resource_shaping,45,19428,1
no_resource_shaping,45,19575,1
no_resource_shaping,45,19703,1
no_resource_shaping,45,19877,1
no_resource_shaping,45,19986,1
no_resource_shaping,45,20137,1
no_resource_shaping,45,20287,1
no_resource_shaping,45,20399,1
no_resource_shaping,45,20529,1
no_resource_shaping,45,20683,1
no_resource_shaping,45,20816,1
no_resource_shaping,45,20958,1
no_resource_shaping,45,21118,1
no_resource_shaping,45,21261,1
no_resource_shaping,45,21413,1
no_resource_shaping,45,21568,1
no_resource_shaping,45,21678,1
no_resource_shaping,45,21826,1
no_resource_shaping,45,21996,1
no_resource_shaping,45,22027,1
no_resource_shaping,45,22180,1
no_resource_shaping,45,22342,1
no_resource_shaping,45,22467,1
no_resource_shaping,45,22622,1
no_resource_shaping,45,22799,1
no_resource_shaping,45,22932,1
no_resource_shaping,45,23073,1
no_resource_shaping,45,23245,1
no_resource_shaping,45,23355,1
no_resource_shaping,45,23512,1
no_resource_shaping,45,23696,1
no_resource_shaping,45,23828,1
no_resource_shaping,45,23971,1
no_resource_shaping,45,24130,1
no_resource_shaping,45,24257,1
no_resource_shaping,45,24400,1
no_resource_shaping,45,24570,1
no_resource_shaping,45,24688,1
no_resource_shaping,45,24826,1
no_resource_shaping,45,24964,1
no_resource_shaping,45,25076,1
no_resource_shaping,45,25231,1
no_resource_shaping,45,25401,1
no_resource_shaping,45,25536,1
no_resource_shaping,45,25687,1
no_resource_shaping,45,25846,1
no_resource_shaping,45,25962,1
no_resource_shaping,45,26107,1
no_resource_shaping,45,26282,1
no_resource_shaping,45,26416,1
no_resource_shaping,45,26551,1
no_resource_shaping,45,26596,1
no_resource_shaping,46,78,1
no_resource_shaping,46,169,1
no_resource_shaping,46,271,1
no_resource_shaping,46,375,1
no_resource_shaping,46,472,1
no_resource_shaping,46,583,1
no_resource_shaping,46,680,1
no_resource_shaping,46,783,1
no_resource_shaping,46,916,1
no_resource_shaping,46,1015,1
no_resource_shaping,46,1124,1
no_resource_shaping,46,1258,1
no_resource_shaping,46,1368,1
no_resource_shaping,46,1485,1
no_resource_shaping,46,1624,1
no_resource_shaping,46,1697,1
no_resource_shaping,46,1819,1
no_resource_shaping,46,1965,1
no_resource_shaping,46,2056,1
no_resource_shaping,46,2187,1
no_resource_shaping,46,2312,1
no_resource_shaping,46,2422,1
no_resource_shaping,46,2539,1
no_resource_shaping,46,2686,1
no_resource_shaping,46,2791,1
no_resource_shaping,46,2912,1
no_resource_shaping,46,3051,1
no_resource_shaping,46,3145,1
no_resource_shaping,46,3263,1
no_resource_shaping,46,3398,1
no_resource_shaping,46,3507,1
no_resource_shaping,46,3588,1
no_resource_shaping,46,3747,1
no_resource_shaping,46,3869,1
no_resource_shaping,46,4001,1
no_resource_shaping,46,4147,1
no_resource_shaping,46,4254,1
no_resource_shaping,46,4391,1
no_resource_shaping,46,4545,1
no_resource_shaping,46,4656,1
no_resource_shaping,46,4806,1
no_resource_shaping,46,4968,1
no_resource_shaping,46,5090,1
no_resource_shaping,46,5221,1
no_resource_shaping,46,5385,1
no_resource_shaping,46,5511,1
no_resource_shaping,46,5658,1
no_resource_shaping,46,5817,1
no_resource_shaping,46,5940,1
no_resource_shaping,46,6086,1
no_resource_shaping,46,6226,1
no_resource_shaping,46,6336,1
no_resource_shaping,46,6471,1
no_resource_shaping,46,6640,1
no_resource_shaping,46,6764,1
no_resource_shaping,46,6911,1
no_resource_shaping,46,7088,1
no_resource_shaping,46,7209,1
no_resource_shaping,46,7348,1
no_resource_shaping,46,7507,1
no_resource_shaping,46,7621,1
no_resource_shaping,46,7769,1
no_resource_shaping,46,7925,1
no_resource_shaping,46,7958,1
no_resource_shaping,46,8122,1
no_resource_shaping,46,8288,1
no_resource_shaping,46,8414,1
no_resource_shaping,46,8548,1
no_resource_shaping,46,8738,1
no_resource_shaping,46,8880,1
no_resource_shaping,46,9013,1
no_resource_shaping,46,9202,1
no_resource_shaping,46,9337,1
no_resource_shaping,46,9504,1
no_resource_shaping,46,9678,1
no_resource_shaping,46,9808,1
no_resource_shaping,46,9960,1
no_resource_shaping,46,10119,1
no_resource_shaping,46,10256,1
no_resource_shaping,46,10409,1
no_resource_shaping,46,10584,1
no_resource_shaping,46,10705,1
no_resource_shaping,46,10855,1
no_resource_shaping,46,11015,1
no_resource_shaping,46,11136,1
no_resource_shaping,46,11271,1
no_resource_shaping,46,11446,1
no_resource_shaping,46,11551,1
no_resource_shaping,46,11700,1
no_resource_shaping,46,11862,1
no_resource_shaping,46,11975,1
no_resource_shaping,46,12144,1
no_resource_shaping,46,12308,1
no_resource_shaping,46,12452,1
no_resource_shaping,46,12596,1
no_resource_shaping,46,12641,1
no_resource_shaping,46,12761,1
no_resource_shaping,46,12915,1
no_resource_shaping,46,13088,1
no_resource_shaping,46,13211,1
no_resource_shaping,46,13364,1
no_resource_shaping,46,13535,1
no_resource_shaping,46,13676,1
no_resource_shaping,46,13840,1
no_resource_shaping,46,14001,1
no_resource_shaping,46,14136,1
no_resource_shaping,46,14265,1
no_resource_shaping,46,14441,1
no_resource_shaping,46,14572,1
no_resource_shaping,46,14724,1
no_resource_shaping,46,14910,1
no_resource_shaping,46,15036,1
no_resource_shaping,46,15178,1
no_resource_shaping,46,15355,1
no_resource_shaping,46,15495,1
no_resource_shaping,46,15640,1
no_resource_shaping,46,15803,1
no_resource_shaping,46,15910,1
no_resource_shaping,46,16078,1
no_resource_shaping,46,16261,1
no_resource_shaping,46,16396,1
no_resource_shaping,46,16552,1
no_resource_shaping,46,16709,1
no_resource_shaping,46,16834,1
no_resource_shaping,46,16997,1
no_resource_shaping,46,17146,1
no_resource_shaping,46,17259,1
no_resource_shaping,46,17306,1
no_resource_shaping,46,17482,1
no_resource_shaping,46,17613,1
no_resource_shaping,46,17745,1
no_resource_shaping,46,17917,1
no_resource_shaping,46,18041,1
no_resource_shaping,46,18180,1
no_resource_shaping,46,18347,1
no_resource_shaping,46,18463,1
no_resource_shaping,46,18597,1
no_resource_shaping,46,18762,1
no_resource_shaping,46,18879,1
no_resource_shaping,46,19018,1
no_resource_shaping,46,19159,1
no_resource_shaping,46,19283,1
no_resource_shaping,46,19444,1
no_resource_shaping,46,19611,1
no_resource_shaping,46,19732,1
no_resource_shaping,46,19878,1
no_resource_shaping,46,20054,1
no_resource_shaping,46,20193,1
no_resource_shaping,46,20339,1
no_resource_shaping,46,20504,1
no_resource_shaping,46,20630,1
no_resource_shaping,46,20763,1
no_resource_shaping,46,20910,1
no_resource_shaping,46,21030,1
no_resource_shaping,46,21177,1
no_resource_shaping,46,21318,1
no_resource_shaping,46,21439,1
no_resource_shaping,46,21573,1
no_resource_shaping,46,21743,1
no_resource_shaping,46,21774,1
no_resource_shaping,46,21896,1
no_resource_shaping,46,22056,1
no_resource_shaping,46,22163,1
no_resource_shaping,46,22321,1
no_resource_shaping,46,22491,1
no_resource_shaping,46,22624,1
no_resource_shaping,46,22779,1
no_resource_shaping,46,22950,1
no_resource_shaping,46,23076,1
no_resource_shaping,46,23225,1
no_resource_shaping,46,23397,1
no_resource_shaping,46,23528,1
no_resource_shaping,46,23662,1
no_resource_shaping,46,23819,1
no_resource_shaping,46,23949,1
no_resource_shaping,46,24086,1
no_resource_shaping,46,24249,1
no_resource_shaping,46,24388,1
no_resource_shaping,46,24530,1
no_resource_shaping,46,24675,1
no_resource_shaping,46,24793,1
no_resource_shaping,46,24949,1
no_resource_shaping,46,25117,1
no_resource_shaping,46,25227,1
no_resource_shaping,46,25367,1
no_resource_shaping,46,25539,1
no_resource_shaping,46,25668,1
no_resource_shaping,46,25808,1
no_resource_shaping,46,25970,1
no_resource_shaping,46,26092,1
no_resource_shaping,46,26238,1
no_resource_shaping,46,26282,1
no_return_reserve,42,59,0.4375
no_return_reserve,42,114,0.5625
no_return_reserve,42,185,0.5625
no_return_reserve,42,220,0.6875
no_return_reserve,42,252,0.9375
no_return_reserve,42,280,1
no_return_reserve,42,310,1
no_return_reserve,42,341,0.8125
no_return_reserve,42,381,1
no_return_reserve,42,429,0.875
no_return_reserve,42,489,0.875
no_return_reserve,42,540,0.75
no_return_reserve,42,573,0.9375
no_return_reserve,42,594,1
no_return_reserve,42,632,0.9375
no_return_reserve,42,644,1
no_return_reserve,42,673,1
no_return_reserve,42,719,0.875
no_return_reserve,42,761,0.875
no_return_reserve,42,802,0.875
no_return_reserve,42,823,1
no_return_reserve,42,854,1
no_return_reserve,42,882,1
no_return_reserve,42,944,0.9375
no_return_reserve,42,988,0.875
no_return_reserve,42,1039,0.9375
no_return_reserve,42,1104,0.9375
no_return_reserve,42,1145,0.9375
no_return_reserve,42,1200,0.9375
no_return_reserve,42,1263,0.8125
no_return_reserve,42,1307,1
no_return_reserve,42,1339,1
no_return_reserve,42,1424,0.875
no_return_reserve,42,1485,0.875
no_return_reserve,42,1562,1
no_return_reserve,42,1662,0.8125
no_return_reserve,42,1727,0.9375
no_return_reserve,42,1805,0.9375
no_return_reserve,42,1901,0.875
no_return_reserve,42,1964,0.9375
no_return_reserve,42,2032,1
no_return_reserve,42,2110,1
no_return_reserve,42,2203,0.875
no_return_reserve,42,2309,0.6875
no_return_reserve,42,2406,0.875
no_return_reserve,42,2468,0.9375
no_return_reserve,42,2546,0.75
no_return_reserve,42,2630,0.6875
no_return_reserve,42,2686,0.9375
no_return_reserve,42,2739,1
no_return_reserve,42,2814,1
no_return_reserve,42,2877,1
no_return_reserve,42,2971,1
no_return_reserve,42,3102,0.625
no_return_reserve,42,3205,0.75
no_return_reserve,42,3313,0.9375
no_return_reserve,42,3429,0.9375
no_return_reserve,42,3503,0.9375
no_return_reserve,42,3591,0.9375
no_return_reserve,42,3697,0.875
no_return_reserve,42,3766,1
no_return_reserve,42,3878,0.9375
no_return_reserve,42,3996,0.875
no_return_reserve,42,4016,1
no_return_reserve,42,4120,0.9375
no_return_reserve,42,4250,0.75
no_return_reserve,42,4329,0.9375
no_return_reserve,42,4431,1
no_return_reserve,42,4557,0.5625
no_return_reserve,42,4648,0.75
no_return_reserve,42,4745,0.9375
no_return_reserve,42,4874,1
no_return_reserve,42,4980,0.9375
no_return_reserve,42,5099,0.875
no_return_reserve,42,5233,0.875
no_return_reserve,42,5323,0.6875
no_return_reserve,42,5434,0.9375
no_return_reserve,42,5554,0.8125
no_return_reserve,42,5648,0.9375
no_return_reserve,42,5762,0.9375
no_return_reserve,42,5874,1
no_return_reserve,42,5969,0.9375
no_return_reserve,42,6077,1
no_return_reserve,42,6210,0.9375
no_return_reserve,42,6310,0.625
no_return_reserve,42,6422,0.75
no_return_reserve,42,6536,0.9375
no_return_reserve,42,6627,1
no_return_reserve,42,6738,0.75
no_return_reserve,42,6855,0.875
no_return_reserve,42,6935,0.875
no_return_reserve,42,7046,0.9375
no_return_reserve,42,7174,1
no_return_reserve,42,7266,1
no_return_reserve,42,7381,1
no_return_reserve,42,7418,1
no_return_reserve,42,7526,0.875
no_return_reserve,42,7634,0.6875
no_return_reserve,42,7747,0.8125
no_return_reserve,42,7823,1
no_return_reserve,42,7922,1
no_return_reserve,42,8051,0.9375
no_return_reserve,42,8158,0.9375
no_return_reserve,42,8283,1
no_return_reserve,42,8399,0.625
no_return_reserve,42,8504,0.875
no_return_reserve,42,8613,0.75
no_return_reserve,42,8753,0.625
no_return_reserve,42,8857,0.9375
no_return_reserve,42,8981,0.6875
no_return_reserve,42,9124,0.75
no_return_reserve,42,9226,0.9375
no_return_reserve,42,9338,0.6875
no_return_reserve,42,9475,0.9375
no_return_reserve,42,9577,1
no_return_reserve,42,9701,0.8125
no_return_reserve,42,9829,0.6875
no_return_reserve,42,9937,1
no_return_reserve,42,10048,0.9375
no_return_reserve,42,10179,0.75
no_return_reserve,42,10275,1
no_return_reserve,42,10395,1
no_return_reserve,42,10547,0.625
no_return_reserve,42,10650,0.75
no_return_reserve,42,10777,1
no_return_reserve,42,10923,0.9375
no_return_reserve,42,11026,0.875
no_return_reserve,42,11055,1
no_return_reserve,42,11203,0.9375
no_return_reserve,42,11317,0.875
no_return_reserve,42,11439,0.6875
no_return_reserve,42,11589,0.875
no_return_reserve,42,11698,0.9375
no_return_reserve,42,11830,0.8125
no_return_reserve,42,11980,0.875
no_return_reserve,42,12084,1
no_return_reserve,42,12217,0.875
no_return_reserve,42,12368,0.9375
no_return_reserve,42,12458,0.9375
no_return_reserve,42,12564,0.875
no_return_reserve,42,12702,1
no_return_reserve,42,12794,1
no_return_reserve,42,12921,1
no_return_reserve,42,13078,0.8125
no_return_reserve,42,13185,1
no_return_reserve,42,13328,0.9375
no_return_reserve,42,13481,0.75
no_return_reserve,42,13585,0.875
no_return_reserve,42,13700,0.875
no_return_reserve,42,13838,1
no_return_reserve,42,13947,0.9375
no_return_reserve,42,14081,0.9375
no_return_reserve,42,14211,0.9375
no_return_reserve,42,14291,0.9375
no_return_reserve,42,14397,1
no_return_reserve,42,14523,0.9375
no_return_reserve,42,14613,0.9375
no_return_reserve,42,14726,1
no_return_reserve,42,14850,0.9375
no_return_reserve,42,14868,1
no_return_reserve,42,14981,1
no_return_reserve,42,15132,0.6875
no_return_reserve,42,15229,1
no_return_reserve,42,15339,0.625
no_return_reserve,42,15491,0.75
no_return_reserve,42,15580,0.9375
no_return_reserve,42,15678,1
no_return_reserve,42,15816,0.9375
no_return_reserve,42,15896,1
no_return_reserve,42,15997,0.9375
no_return_reserve,42,16137,0.9375
no_return_reserve,42,16232,0.875
no_return_reserve,42,16354,1
no_return_reserve,42,16500,0.875
no_return_reserve,42,16594,1
no_return_reserve,42,16715,1
no_return_reserve,42,16862,0.6875
no_return_reserve,42,16965,0.8125
no_return_reserve,42,17092,0.9375
no_return_reserve,42,17219,1
no_return_reserve,42,17313,0.9375
no_return_reserve,42,17431,1
no_return_reserve,42,17585,1
no_return_reserve,42,17686,1
no_return_reserve,42,17817,0.9375
no_return_reserve,42,17945,0.875
no_return_reserve,42,18050,0.9375
no_return_reserve,42,18166,0.9375
no_return_reserve,42,18302,0.8125
no_return_reserve,42,18395,0.875
no_return_reserve,42,18504,1
no_return_reserve,42,18540,1
no_return_reserve,43,67,0.25
no_return_reserve,43,122,0.375
no_return_reserve,43,162,0.4375
no_return_reserve,43,205,0.75
no_return_reserve,43,247,0.75
no_return_reserve,43,269,0.875
no_return_reserve,43,290,1
no_return_reserve,43,315,1
no_return_reserve,43,340,0.9375
no_return_reserve,43,361,1
no_return_reserve,43,395,0.9375
no_return_reserve,43,434,1
no_return_reserve,43,481,0.75
no_return_reserve,43,524,0.875
no_return_reserve,43,555,1
no_return_reserve,43,581,0.9
no_return_reserve,43,627,0.9375
no_return_reserve,43,684,0.875
no_return_reserve,43,739,0.9375
no_return_reserve,43,813,0.75
no_return_reserve,43,904,0.8125
no_return_reserve,43,951,0.9375
no_return_reserve,43,992,1
no_return_reserve,43,1040,1
no_return_reserve,43,1085,1
no_return_reserve,43,1144,0.8125
no_return_reserve,43,1223,0.625
no_return_reserve,43,1286,0.875
no_return_reserve,43,1328,1
no_return_reserve,43,1396,0.9375
no_return_reserve,43,1455,0.6875
no_return_reserve,43,1498,1
no_return_reserve,43,1594,0.625
no_return_reserve,43,1664,0.75
no_return_reserve,43,1731,0.875
no_return_reserve,43,1796,1
no_return_reserve,43,1855,0.75
no_return_reserve,43,1917,0.9375
no_return_reserve,43,1966,1
no_return_reserve,43,2011,1
no_return_reserve,43,2075,0.8125
no_return_reserve,43,2154,1
no_return_reserve,43,2220,0.75
no_return_reserve,43,2298,0.875
no_return_reserve,43,2386,0.9375
no_return_reserve,43,2444,0.875
no_return_reserve,43,2511,1
no_return_reserve,43,2583,0.875
no_return_reserve,43,2658,0.9375
no_return_reserve,43,2742,0.9375
no_return_reserve,43,2809,1
no_return_reserve,43,2879,1
no_return_reserve,43,2970,0.875
no_return_reserve,43,3086,0.8125
no_return_reserve,43,3145,0.9375
no_return_reserve,43,3222,0.9375
no_return_reserve,43,3291,1
no_return_reserve,43,3330,1
no_return_reserve,43,3387,1
no_return_reserve,43,3467,0.9375
no_return_reserve,43,3529,0.875
no_return_reserve,43,3610,1
no_return_reserve,43,3726,0.875
no_return_reserve,43,3747,0.75
no_return_reserve,43,3857,0.5
no_return_reserve,43,3990,0.4375
no_return_reserve,43,4076,0.75
no_return_reserve,43,4153,0.75
no_return_reserve,43,4259,0.875
no_return_reserve,43,4341,0.9375
no_return_reserve,43,4417,1
no_return_reserve,43,4512,0.9375
no_return_reserve,43,4584,1
no_return_reserve,43,4667,1
no_return_reserve,43,4781,0.875
no_return_reserve,43,4871,0.875
no_return_reserve,43,4990,0.875
no_return_reserve,43,5112,0.75
no_return_reserve,43,5187,0.9375
no_return_reserve,43,5272,0.8125
no_return_reserve,43,5356,0.8125
no_return_reserve,43,5424,1
no_return_reserve,43,5496,1
no_return_reserve,43,5603,1
no_return_reserve,43,5679,1
no_return_reserve,43,5778,0.9375
no_return_reserve,43,5908,0.8125
no_return_reserve,43,5996,0.75
no_return_reserve,43,6100,1
no_return_reserve,43,6223,0.8125
no_return_reserve,43,6320,1
no_return_reserve,43,6443,0.9375
no_return_reserve,43,6575,0.625
no_return_reserve,43,6675,0.9375
no_return_reserve,43,6786,0.8125
no_return_reserve,43,6821,1
no_return_reserve,43,6931,0.8125
no_return_reserve,43,7058,0.875
no_return_reserve,43,7198,0.9375
no_return_reserve,43,7295,0.9375
no_return_reserve,43,7413,0.8125
no_return_reserve,43,7539,0.875
no_return_reserve,43,7636,1
no_return_reserve,43,7734,0.875
no_return_reserve,43,7866,1
no_return_reserve,43,7957,0.875
no_return_reserve,43,8076,0.9375
no_return_reserve,43,8207,0.9375
no_return_reserve,43,8307,0.9375
no_return_reserve,43,8416,0.9375
no_return_reserve,43,8543,1
no_return_reserve,43,8637,0.875
no_return_reserve,43,8746,1
no_return_reserve,43,8875,0.8125
no_return_reserve,43,8972,0.9375
no_return_reserve,43,9095,0.875
no_return_reserve,43,9222,0.875
no_return_reserve,43,9317,1
no_return_reserve,43,9449,0.9375
no_return_reserve,43,9579,1
no_return_reserve,43,9672,1
no_return_reserve,43,9779,1
no_return_reserve,43,9915,0.75
no_return_reserve,43,9996,0.9375
no_return_reserve,43,10095,1
no_return_reserve,43,10205,0.8125
no_return_reserve,43,10286,1
no_return_reserve,43,10315,1
no_return_reserve,43,10453,0.8125
no_return_reserve,43,10553,1
no_return_reserve,43,10676,0.875
no_return_reserve,43,10817,0.75
no_return_reserve,43,10910,1
no_return_reserve,43,11035,0.875
no_return_reserve,43,11187,0.9375
no_return_reserve,43,11286,1
no_return_reserve,43,11395,0.8125
no_return_reserve,43,11546,0.8125
no_return_reserve,43,11637,1
no_return_reserve,43,11757,1
no_return_reserve,43,11914,0.75
no_return_reserve,43,12017,0.8125
no_return_reserve,43,12131,0.9375
no_return_reserve,43,12274,0.9375
no_return_reserve,43,12372,0.9375
no_return_reserve,43,12497,1
no_return_reserve,43,12632,0.75
no_return_reserve,43,12751,0.9375
no_return_reserve,43,12878,0.875
no_return_reserve,43,13009,1
no_return_reserve,43,13113,0.9375
no_return_reserve,43,13247,0.875
no_return_reserve,43,13376,0.9375
no_return_reserve,43,13473,1
no_return_reserve,43,13594,0.9375
no_return_reserve,43,13737,0.9375
no_return_reserve,43,13825,1
no_return_reserve,43,13926,1
no_return_reserve,43,14078,1
no_return_reserve,43,14107,1
no_return_reserve,43,14229,0.8125
no_return_reserve,43,14375,0.8125
no_return_reserve,43,14484,0.9375
no_return_reserve,43,14617,1
no_return_reserve,43,14764,0.6875
no_return_reserve,43,14876,0.9375
no_return_reserve,43,15007,0.9375
no_return_reserve,43,15141,0.875
no_return_reserve,43,15242,1
no_return_reserve,43,15362,0.9375
no_return_reserve,43,15522,0.8125
no_return_reserve,43,15614,1
no_return_reserve,43,15757,1
no_return_reserve,43,15921,0.8125
no_return_reserve,43,16055,0.8125
no_return_reserve,43,16204,0.9375
no_return_reserve,43,16348,1
no_return_reserve,43,16470,0.9375
no_return_reserve,43,16615,0.875
no_return_reserve,43,16767,0.875
no_return_reserve,43,16873,1
no_return_reserve,43,17005,1
no_return_reserve,43,17166,0.9375
no_return_reserve,43,17276,1
no_return_reserve,43,17393,0.9375
no_return_reserve,43,17544,0.6875
no_return_reserve,43,17646,1
no_return_reserve,43,17781,0.75
no_return_reserve,43,17930,0.8125
no_return_reserve,43,18042,0.8125
no_return_reserve,43,18189,0.875
no_return_reserve,43,18222,0.75
no_return_reserve,44,61,0.25
no_return_reserve,44,111,0.3125
no_return_reserve,44,148,0.6875
no_return_reserve,44,179,0.9375
no_return_reserve,44,215,1
no_return_reserve,44,246,1
no_return_reserve,44,276,0.8125
no_return_reserve,44,312,0.9375
no_return_reserve,44,355,0.875
no_return_reserve,44,379,1
no_return_reserve,44,407,1
no_return_reserve,44,439,0.875
no_return_reserve,44,477,0.8125
no_return_reserve,44,507,0.9375
no_return_reserve,44,542,1
no_return_reserve,44,574,0.9
no_return_reserve,44,624,0.875
no_return_reserve,44,687,0.75
no_return_reserve,44,718,0.9375
no_return_reserve,44,748,1
no_return_reserve,44,778,1
no_return_reserve,44,816,0.9375
no_return_reserve,44,848,1
no_return_reserve,44,898,0.9375
no_return_reserve,44,959,0.6875
no_return_reserve,44,1027,0.875
no_return_reserve,44,1076,0.875
no_return_reserve,44,1101,1
no_return_reserve,44,1127,1
no_return_reserve,44,1164,1
no_return_reserve,44,1201,1
no_return_reserve,44,1247,0.9
no_return_reserve,44,1344,0.6875
no_return_reserve,44,1419,0.4375
no_return_reserve,44,1497,0.9375
no_return_reserve,44,1585,0.75
no_return_reserve,44,1623,1
no_return_reserve,44,1707,0.9375
no_return_reserve,44,1799,0.9375
no_return_reserve,44,1847,1
no_return_reserve,44,1929,0.875
no_return_reserve,44,2022,0.9375
no_return_reserve,44,2104,0.875
no_return_reserve,44,2181,0.9375
no_return_reserve,44,2254,0.9375
no_return_reserve,44,2295,1
no_return_reserve,44,2375,1
no_return_reserve,44,2470,1
no_return_reserve,44,2560,0.9375
no_return_reserve,44,2678,0.5
no_return_reserve,44,2799,0.5625
no_return_reserve,44,2888,0.75
no_return_reserve,44,2986,1
no_return_reserve,44,3108,0.9375
no_return_reserve,44,3188,0.9375
no_return_reserve,44,3296,0.875
no_return_reserve,44,3399,0.9375
no_return_reserve,44,3480,1
no_return_reserve,44,3570,0.9375
no_return_reserve,44,3659,0.9375
no_return_reserve,44,3735,0.9375
no_return_reserve,44,3830,1
no_return_reserve,44,3970,0.625
no_return_reserve,44,3998,1
no_return_reserve,44,4097,0.9375
no_return_reserve,44,4216,0.875
no_return_reserve,44,4292,0.9375
no_return_reserve,44,4396,0.9375
no_return_reserve,44,4507,0.9375
no_return_reserve,44,4562,1
no_return_reserve,44,4655,1
no_return_reserve,44,4759,1
no_return_reserve,44,4839,1
no_return_reserve,44,4948,0.875
no_return_reserve,44,5085,0.6875
no_return_reserve,44,5181,1
no_return_reserve,44,5297,1
no_return_reserve,44,5447,0.9375
no_return_reserve,44,5546,0.875
no_return_reserve,44,5655,0.25
no_return_reserve,44,5800,0.4375
no_return_reserve,44,5899,0.875
no_return_reserve,44,5990,1
no_return_reserve,44,6110,0.9375
no_return_reserve,44,6213,0.6875
no_return_reserve,44,6352,0.9375
no_return_reserve,44,6486,0.5
no_return_reserve,44,6580,0.6875
no_return_reserve,44,6688,0.75
no_return_reserve,44,6800,0.8125
no_return_reserve,44,6869,0.9375
no_return_reserve,44,6948,1
no_return_reserve,44,7026,1
no_return_reserve,44,7097,1
no_return_reserve,44,7191,1
no_return_reserve,44,7206,1
no_return_reserve,44,7311,0.8125
no_return_reserve,44,7425,0.6875
no_return_reserve,44,7539,0.9375
no_return_reserve,44,7626,0.9375
no_return_reserve,44,7731,0.875
no_return_reserve,44,7872,0.9375
no_return_reserve,44,7958,0.875
no_return_reserve,44,8042,0.875
no_return_reserve,44,8167,0.9375
no_return_reserve,44,8232,1
no_return_reserve,44,8321,0.9375
no_return_reserve,44,8434,1
no_return_reserve,44,8512,1
no_return_reserve,44,8631,1
no_return_reserve,44,8786,0.5
no_return_reserve,44,8887,1
no_return_reserve,44,8996,0.75
no_return_reserve,44,9140,0.6875
no_return_reserve,44,9228,0.9375
no_return_reserve,44,9341,0.6875
no_return_reserve,44,9462,0.8125
no_return_reserve,44,9544,0.9375
no_return_reserve,44,9649,1
no_return_reserve,44,9765,0.625
no_return_reserve,44,9856,1
no_return_reserve,44,9969,0.9375
no_return_reserve,44,10103,0.8125
no_return_reserve,44,10176,0.9375
no_return_reserve,44,10284,0.875
no_return_reserve,44,10406,0.875
no_return_reserve,44,10493,1
no_return_reserve,44,10520,1
no_return_reserve,44,10651,0.875
no_return_reserve,44,10750,0.9375
no_return_reserve,44,10868,1
no_return_reserve,44,11000,0.875
no_return_reserve,44,11103,1
no_return_reserve,44,11226,0.875
no_return_reserve,44,11363,0.9375
no_return_reserve,44,11461,0.9375
no_return_reserve,44,11585,0.875
no_return_reserve,44,11724,0.5
no_return_reserve,44,11818,1
no_return_reserve,44,11929,0.875
no_return_reserve,44,12057,0.9375
no_return_reserve,44,12150,1
no_return_reserve,44,12256,0.9375
no_return_reserve,44,12369,0.875
no_return_reserve,44,12455,1
no_return_reserve,44,12570,0.9375
no_return_reserve,44,12682,0.75
no_return_reserve,44,12778,1
no_return_reserve,44,12899,0.875
no_return_reserve,44,13037,0.8125
no_return_reserve,44,13132,0.9375
no_return_reserve,44,13227,1
no_return_reserve,44,13347,0.9375
no_return_reserve,44,13434,0.875
no_return_reserve,44,13542,0.9375
no_return_reserve,44,13659,0.8125
no_return_reserve,44,13745,0.9375
no_return_reserve,44,13855,0.9375
no_return_reserve,44,13973,0.8125
no_return_reserve,44,13993,1
no_return_reserve,44,14099,1
no_return_reserve,44,14231,0.875
no_return_reserve,44,14324,0.9375
no_return_reserve,44,14434,1
no_return_reserve,44,14555,0.875
no_return_reserve,44,14644,0.9375
no_return_reserve,44,14751,1
no_return_reserve,44,14873,0.875
no_return_reserve,44,14966,0.9375
no_return_reserve,44,15082,1
no_return_reserve,44,15208,0.75
no_return_reserve,44,15306,0.9375
no_return_reserve,44,15426,0.875
no_return_reserve,44,15561,0.9375
no_return_reserve,44,15670,0.875
no_return_reserve,44,15789,0.9375
no_return_reserve,44,15914,0.875
no_return_reserve,44,16010,0.9375
no_return_reserve,44,16116,1
no_return_reserve,44,16239,0.6875
no_return_reserve,44,16332,0.875
no_return_reserve,44,16448,0.9375
no_return_reserve,44,16573,0.9375
no_return_reserve,44,16674,0.9375
no_return_reserve,44,16780,0.875
no_return_reserve,44,16897,0.875
no_return_reserve,44,16977,0.875
no_return_reserve,44,17079,1
no_return_reserve,44,17191,0.9375
no_return_reserve,44,17279,0.75
no_return_reserve,44,17387,0.875
no_return_reserve,44,17409,1
no_return_reserve,45,57,0.3125
no_return_reserve,45,104,0.6875
no_return_reserve,45,135,0.875
no_return_reserve,45,162,1
no_return_reserve,45,201,0.9375
no_return_reserve,45,236,0.9375
no_return_reserve,45,264,0.9375
no_return_reserve,45,283,1
no_return_reserve,45,314,1
no_return_reserve,45,346,1
no_return_reserve,45,402,0.8125
no_return_reserve,45,470,0.875
no_return_reserve,45,513,0.875
no_return_reserve,45,540,1
no_return_reserve,45,582,0.9375
no_return_reserve,45,604,0.9
no_return_reserve,45,633,1
no_return_reserve,45,664,1
no_return_reserve,45,694,0.875
no_return_reserve,45,731,1
no_return_reserve,45,771,0.8125
no_return_reserve,45,799,0.875
no_return_reserve,45,824,0.9375
no_return_reserve,45,857,0.9375
no_return_reserve,45,874,1
no_return_reserve,45,892,1
no_return_reserve,45,916,1
no_return_reserve,45,949,0.9375
no_return_reserve,45,982,1
no_return_reserve,45,1017,1
no_return_reserve,45,1066,0.875
no_return_reserve,45,1105,0.8
no_return_reserve,45,1147,0.9375
no_return_reserve,45,1177,0.9375
no_return_reserve,45,1199,1
no_return_reserve,45,1233,0.9375
no_return_reserve,45,1254,1
no_return_reserve,45,1277,1
no_return_reserve,45,1314,1
no_return_reserve,45,1365,0.875
no_return_reserve,45,1408,0.875
no_return_reserve,45,1450,0.9375
no_return_reserve,45,1488,0.9375
no_return_reserve,45,1510,0.875
no_return_reserve,45,1537,1
no_return_reserve,45,1556,1
no_return_reserve,45,1573,1
no_return_reserve,45,1596,1
no_return_reserve,45,1621,1
no_return_reserve,45,1652,0.9375
no_return_reserve,45,1703,0.875
no_return_reserve,45,1736,1
no_return_reserve,45,1781,0.9375
no_return_reserve,45,1833,1
no_return_reserve,45,1882,0.875
no_return_reserve,45,1938,0.9375
no_return_reserve,45,2000,1
no_return_reserve,45,2061,0.8125
no_return_reserve,45,2150,0.875
no_return_reserve,45,2256,0.75
no_return_reserve,45,2317,0.9375
no_return_reserve,45,2362,1
no_return_reserve,45,2434,0.875
no_return_reserve,45,2451,1
no_return_reserve,45,2524,0.875
no_return_reserve,45,2595,1
no_return_reserve,45,2661,1
no_return_reserve,45,2750,0.9375
no_return_reserve,45,2870,0.8125
no_return_reserve,45,2941,0.875
no_return_reserve,45,3035,0.9375
no_return_reserve,45,3136,0.9375
no_return_reserve,45,3197,1
no_return_reserve,45,3287,1
no_return_reserve,45,3400,0.75
no_return_reserve,45,3490,0.9375
no_return_reserve,45,3603,0.875
no_return_reserve,45,3741,0.6875
no_return_reserve,45,3829,1
no_return_reserve,45,3945,1
no_return_reserve,45,4088,0.75
no_return_reserve,45,4192,0.4375
no_return_reserve,45,4318,0.8125
no_return_reserve,45,4439,0.875
no_return_reserve,45,4536,1
no_return_reserve,45,4648,0.9375
no_return_reserve,45,4762,0.8125
no_return_reserve,45,4840,0.875
no_return_reserve,45,4938,0.9375
no_return_reserve,45,5034,0.9375
no_return_reserve,45,5079,1
no_return_reserve,45,5153,1
no_return_reserve,45,5246,1
no_return_reserve,45,5331,0.9375
no_return_reserve,45,5440,1
no_return_reserve,45,5466,1
no_return_reserve,45,5557,0.8125
no_return_reserve,45,5659,0.9375
no_return_reserve,45,5787,0.6875
no_return_reserve,45,5880,0.8125
no_return_reserve,45,6005,0.75
no_return_reserve,45,6117,0.8125
no_return_reserve,45,6204,1
no_return_reserve,45,6312,1
no_return_reserve,45,6454,1
no_return_reserve,45,6543,0.9375
no_return_reserve,45,6663,0.5625
no_return_reserve,45,6807,0.625
no_return_reserve,45,6891,0.8125
no_return_reserve,45,6993,0.875
no_return_reserve,45,7127,1
no_return_reserve,45,7212,0.9375
no_return_reserve,45,7313,0.875
no_return_reserve,45,7445,0.8125
no_return_reserve,45,7525,1
no_return_reserve,45,7629,1
no_return_reserve,45,7758,0.75
no_return_reserve,45,7854,0.875
no_return_reserve,45,7956,0.9375
no_return_reserve,45,8054,0.875
no_return_reserve,45,8127,1
no_return_reserve,45,8212,1
no_return_reserve,45,8326,0.8125
no_return_reserve,45,8420,1
no_return_reserve,45,8550,0.875
no_return_reserve,45,8690,0.625
no_return_reserve,45,8780,0.75
no_return_reserve,45,8806,1
no_return_reserve,45,8936,0.9375
no_return_reserve,45,9032,1
no_return_reserve,45,9162,0.875
no_return_reserve,45,9302,0.875
no_return_reserve,45,9401,0.875
no_return_reserve,45,9523,0.875
no_return_reserve,45,9666,0.9375
no_return_reserve,45,9772,1
no_return_reserve,45,9903,0.8125
no_return_reserve,45,10029,0.5
no_return_reserve,45,10133,0.875
no_return_reserve,45,10258,0.625
no_return_reserve,45,10411,0.875
no_return_reserve,45,10515,0.9375
no_return_reserve,45,10625,0.875
no_return_reserve,45,10772,0.875
no_return_reserve,45,10871,0.6875
no_return_reserve,45,10978,0.9375
no_return_reserve,45,11117,0.9375
no_return_reserve,45,11196,1
no_return_reserve,45,11303,0.9375
no_return_reserve,45,11423,0.6875
no_return_reserve,45,11515,1
no_return_reserve,45,11624,0.9375
no_return_reserve,45,11756,0.75
no_return_reserve,45,11856,0.8125
no_return_reserve,45,11967,0.875
no_return_reserve,45,12082,1
no_return_reserve,45,12175,1
no_return_reserve,45,12279,0.875
no_return_reserve,45,12416,1
no_return_reserve,45,12440,1
no_return_reserve,45,12573,0.875
no_return_reserve,45,12711,0.5
no_return_reserve,45,12816,0.8125
no_return_reserve,45,12944,0.9375
no_return_reserve,45,13080,1
no_return_reserve,45,13184,0.875
no_return_reserve,45,13295,0.75
no_return_reserve,45,13427,0.75
no_return_reserve,45,13519,0.8125
no_return_reserve,45,13651,1
no_return_reserve,45,13786,1
no_return_reserve,45,13901,0.9375
no_return_reserve,45,14027,0.8125
no_return_reserve,45,14159,1
no_return_reserve,45,14265,1
no_return_reserve,45,14398,1
no_return_reserve,45,14558,0.9375
no_return_reserve,45,14680,0.9375
no_return_reserve,45,14814,0.8125
no_return_reserve,45,14945,0.625
no_return_reserve,45,15048,0.875
no_return_reserve,45,15176,0.9375
no_return_reserve,45,15312,1
no_return_reserve,45,15432,0.9375
no_return_reserve,45,15569,0.9375
no_return_reserve,45,15702,1
no_return_reserve,45,15801,1
no_return_reserve,45,15922,0.875
no_return_reserve,45,16062,1
no_return_reserve,45,16167,0.8125
no_return_reserve,45,16278,0.9375
no_return_reserve,45,16317,1
no_return_reserve,46,74,0.5
no_return_reserve,46,128,0.375
no_return_reserve,46,180,0.25
no_return_reserve,46,230,0.9375
no_return_reserve,46,271,0.75
no_return_reserve,46,301,0.75
no_return_reserve,46,329,0.875
no_return_reserve,46,355,1
no_return_reserve,46,382,1
no_return_reserve,46,402,1
no_return_reserve,46,429,1
no_return_reserve,46,464,0.9375
no_return_reserve,46,496,0.9375
no_return_reserve,46,543,0.9375
no_return_reserve,46,591,0.75
no_return_reserve,46,613,0.9
no_return_reserve,46,656,1
no_return_reserve,46,707,0.875
no_return_reserve,46,748,1
no_return_reserve,46,834,0.625
no_return_reserve,46,906,0.75
no_return_reserve,46,962,1
no_return_reserve,46,1037,0.75
no_return_reserve,46,1121,0.9375
no_return_reserve,46,1192,0.8125
no_return_reserve,46,1268,0.875
no_return_reserve,46,1324,1
no_return_reserve,46,1369,1
no_return_reserve,46,1445,0.875
no_return_reserve,46,1543,0.875
no_return_reserve,46,1609,0.9375
no_return_reserve,46,1637,1
no_return_reserve,46,1743,0.875
no_return_reserve,46,1811,1
no_return_reserve,46,1873,1
no_return_reserve,46,1971,0.6875
no_return_reserve,46,2043,0.9375
no_return_reserve,46,2142,0.875
no_return_reserve,46,2257,0.9375
no_return_reserve,46,2336,0.8125
no_return_reserve,46,2418,1
no_return_reserve,46,2512,0.9375
no_return_reserve,46,2597,0.875
no_return_reserve,46,2681,0.875
no_return_reserve,46,2761,1
no_return_reserve,46,2842,0.9375
no_return_reserve,46,2916,1
no_return_reserve,46,3017,0.75
no_return_reserve,46,3088,1
no_return_reserve,46,3181,0.875
no_return_reserve,46,3292,0.875
no_return_reserve,46,3362,0.9375
no_return_reserve,46,3430,1
no_return_reserve,46,3540,0.9375
no_return_reserve,46,3608,1
no_return_reserve,46,3700,0.9375
no_return_reserve,46,3820,0.875
no_return_reserve,46,3885,1
no_return_reserve,46,3971,1
no_return_reserve,46,4093,1
no_return_reserve,46,4172,0.875
no_return_reserve,46,4275,0.9375
no_return_reserve,46,4392,0.8125
no_return_reserve,46,4414,1
no_return_reserve,46,4533,0.8125
no_return_reserve,46,4655,0.8125
no_return_reserve,46,4739,1
no_return_reserve,46,4846,0.75
no_return_reserve,46,4970,0.8125
no_return_reserve,46,5049,1
no_return_reserve,46,5118,0.9375
no_return_reserve,46,5238,1
no_return_reserve,46,5329,0.9375
no_return_reserve,46,5439,1
no_return_reserve,46,5572,0.9375
no_return_reserve,46,5660,0.8125
no_return_reserve,46,5757,0.9375
no_return_reserve,46,5858,1
no_return_reserve,46,5944,0.9375
no_return_reserve,46,6034,1
no_return_reserve,46,6153,1
no_return_reserve,46,6237,1
no_return_reserve,46,6343,0.9375
no_return_reserve,46,6460,0.875
no_return_reserve,46,6546,1
no_return_reserve,46,6646,0.875
no_return_reserve,46,6790,0.9375
no_return_reserve,46,6886,0.875
no_return_reserve,46,7012,0.8125
no_return_reserve,46,7151,0.6875
no_return_reserve,46,7246,0.9375
no_return_reserve,46,7364,1
no_return_reserve,46,7474,1
no_return_reserve,46,7579,1
no_return_reserve,46,7697,0.875
no_return_reserve,46,7738,0.75
no_return_reserve,46,7813,1
no_return_reserve,46,7922,1
no_return_reserve,46,8054,1
no_return_reserve,46,8154,0.9375
no_return_reserve,46,8280,0.75
no_return_reserve,46,8412,0.8125
no_return_reserve,46,8502,1
no_return_reserve,46,8607,1
no_return_reserve,46,8737,0.875
no_return_reserve,46,8851,0.9375
no_return_reserve,46,8973,0.6875
no_return_reserve,46,9125,0.75
no_return_reserve,46,9218,0.9375
no_return_reserve,46,9348,0.6875
no_return_reserve,46,9486,0.75
no_return_reserve,46,9575,0.9375
no_return_reserve,46,9665,0.9375
no_return_reserve,46,9783,0.9375
no_return_reserve,46,9876,0.875
no_return_reserve,46,9984,0.9375
no_return_reserve,46,10101,0.875
no_return_reserve,46,10187,0.8125
no_return_reserve,46,10311,0.9375
no_return_reserve,46,10451,0.75
no_return_reserve,46,10553,0.9375
no_return_reserve,46,10669,0.9375
no_return_reserve,46,10788,0.6875
no_return_reserve,46,10881,0.9375
no_return_reserve,46,10980,1
no_return_reserve,46,11092,1
no_return_reserve,46,11177,0.9375
no_return_reserve,46,11203,1
no_return_reserve,46,11325,0.9375
no_return_reserve,46,11420,1
no_return_reserve,46,11538,0.875
no_return_reserve,46,11665,0.75
no_return_reserve,46,11767,0.9375
no_return_reserve,46,11861,0.9375
no_return_reserve,46,11987,0.9375
no_return_reserve,46,12079,1
no_return_reserve,46,12195,0.9375
no_return_reserve,46,12337,1
no_return_reserve,46,12436,1
no_return_reserve,46,12562,0.875
no_return_reserve,46,12700,0.875
no_return_reserve,46,12802,1
no_return_reserve,46,12945,0.9375
no_return_reserve,46,13102,0.8125
no_return_reserve,46,13198,0.875
no_return_reserve,46,13323,0.9375
no_return_reserve,46,13472,0.8125
no_return_reserve,46,13577,1
no_return_reserve,46,13698,1
no_return_reserve,46,13830,0.75
no_return_reserve,46,13936,1
no_return_reserve,46,14053,0.75
no_return_reserve,46,14180,0.625
no_return_reserve,46,14285,0.9375
no_return_reserve,46,14404,1
no_return_reserve,46,14537,0.6875
no_return_reserve,46,14631,0.9375
no_return_reserve,46,14749,0.875
no_return_reserve,46,14896,0.875
no_return_reserve,46,14922,1
no_return_reserve,46,15040,0.75
no_return_reserve,46,15199,0.75
no_return_reserve,46,15294,1
no_return_reserve,46,15427,1
no_return_reserve,46,15582,0.8125
no_return_reserve,46,15694,0.8125
no_return_reserve,46,15830,1
no_return_reserve,46,15978,0.9375
no_return_reserve,46,16079,1
no_return_reserve,46,16198,1
no_return_reserve,46,16357,0.6875
no_return_reserve,46,16469,0.9375
no_return_reserve,46,16582,0.875
no_return_reserve,46,16715,0.875
no_return_reserve,46,16822,0.75
no_return_reserve,46,16937,0.8125
no_return_reserve,46,17068,0.9375
no_return_reserve,46,17178,0.9375
no_return_reserve,46,17295,0.875
no_return_reserve,46,17430,1
no_return_reserve,46,17530,0.875
no_return_reserve,46,17659,0.8125
no_return_reserve,46,17789,0.875
no_return_reserve,46,17880,0.9375
no_return_reserve,46,18001,1
no_return_reserve,46,18138,0.9375
no_return_reserve,46,18244,0.875
no_return_reserve,46,18371,0.875
no_return_reserve,46,18503,1
no_return_reserve,46,18605,0.875
no_return_reserve,46,18726,1
no_return_reserve,46,18768,1
