record_type,model,training_seed,episodes_seen,environment_interactions,safe_weighted_coverage,median,q25,q75,validation_mode,validation_instance_count,validation_instances_hash,source_path,source_sha256
seed,full,42,16,66,0.338467261904762,,,,external_multimap_v3_1,108,64b3e7eb929c5ddc5f8cd2efc3a4c199933c03d038bdbe8cd2ab5acb207388a5,paper_runs/multimap_v3_1/formal_training/formal_full_seed42_3000ep/training_metrics.jsonl,e62401924ecbbdc68af1cf978825a8d45f7bf20d18c9315faa95d3c4867e9075
seed,full,42,160,964,0.471572656840514,,,,external_multimap_v3_1,108,64b3e7eb929c5ddc5f8cd2efc3a4c199933c03d038bdbe8cd2ab5acb207388a5,paper_runs/multimap_v3_1/formal_training/formal_full_seed42_3000ep/training_metrics.jsonl,e62401924ecbbdc68af1cf978825a8d45f7bf20d18c9315faa95d3c4867e9075
seed,full,42,250,1682,0.483341600529101,,,,external_multimap_v3_1,108,64b3e7eb929c5ddc5f8cd2efc3a4c199933c03d038bdbe8cd2ab5acb207388a5,paper_runs/multimap_v3_1/formal_training/formal_full_seed42_3000ep/training_metrics.jsonl,e62401924ecbbdc68af1cf978825a8d45f7bf20d18c9315faa95d3c4867e9075
seed,full,42,314,2192,0.482284580498866,,,,external_multimap_v3_1,108,64b3e7eb929c5ddc5f8cd2efc3a4c199933c03d038bdbe8cd2ab5acb207388a5,paper_runs/multimap_v3_1/formal_training/formal_full_seed42_3000ep/training_metrics.jsonl,e62401924ecbbdc68af1cf978825a8d45f7bf20d18c9315faa95d3c4867e9075
seed,full,42,474,3499,0.490400604686319,,,,external_multimap_v3_1,108,64b3e7eb929c5ddc5f8cd2efc3a4c199933c03d038bdbe8cd2ab5acb207388a5,paper_runs/multimap_v3_1/formal_training/formal_full_seed42_3000ep/training_metrics.jsonl,e62401924ecbbdc68af1cf978825a8d45f7bf20d18c9315faa95d3c4867e9075
seed,full,42,500,3713,0.496414399092971,,,,external_multimap_v3_1,108,64b3e7eb929c5ddc5f8cd2efc3a4c199933c03d038bdbe8cd2ab5acb207388a5,paper_runs/multimap_v3_1/formal_training/formal_full_seed42_3000ep/training_metrics.jsonl,e62401924ecbbdc68af1cf978825a8d45f7bf20d18c9315faa95d3c4867e9075
seed,full,42,628,4788,0.494034627739985,,,,external_multimap_v3_1,108,64b3e7eb929c5ddc5f8cd2efc3a4c199933c03d038bdbe8cd2ab5acb207388a5,paper_runs/multimap_v3_1/formal_training/formal_full_seed42_3000ep/training_metrics.jsonl,e62401924ecbbdc68af1cf978825a8d45f7bf20d18c9315faa95d3c4867e9075
seed,full,42,788,6245,0.497126558956916,,,,external_multimap_v3_1,108,64b3e7eb929c5ddc5f8cd2efc3a4c199933c03d038bdbe8cd2ab5acb207388a5,paper_runs/multimap_v3_1/formal_training/formal_full_seed42_3000ep/training_metrics.jsonl,e62401924ecbbdc68af1cf978825a8d45f7bf20d18c9315faa95d3c4867e9075
seed,full,42,948,7831,0.49384802532124,,,,external_multimap_v3_1,108,64b3e7eb929c5ddc5f8cd2efc3a4c199933c03d038bdbe8cd2ab5acb207388a5,paper_runs/multimap_v3_1/formal_training/formal_full_seed42_3000ep/training_metrics.jsonl,e62401924ecbbdc68af1cf978825a8d45f7bf20d18c9315faa95d3c4867e9075
seed,full,42,1000,8319,0.49504794973545,,,,external_multimap_v3_1,108,64b3e7eb929c5ddc5f8cd2efc3a4c199933c03d038bdbe8cd2ab5acb207388a5,paper_runs/multimap_v3_1/formal_training/formal_full_seed42_3000ep/training_metrics.jsonl,e62401924ecbbdc68af1cf978825a8d45f7bf20d18c9315faa95d3c4867e9075
seed,full,42,1096,9210,0.499063444822373,,,,external_multimap_v3_1,108,64b3e7eb929c5ddc5f8cd2efc3a4c199933c03d038bdbe8cd2ab5acb207388a5,paper_runs/multimap_v3_1/formal_training/formal_full_seed42_3000ep/training_metrics.jsonl,e62401924ecbbdc68af1cf978825a8d45f7bf20d18c9315faa95d3c4867e9075
seed,full,42,1256,10685,0.494273195389267,,,,external_multimap_v3_1,108,64b3e7eb929c5ddc5f8cd2efc3a4c199933c03d038bdbe8cd2ab5acb207388a5,paper_runs/multimap_v3_1/formal_training/formal_full_seed42_3000ep/training_metrics.jsonl,e62401924ecbbdc68af1cf978825a8d45f7bf20d18c9315faa95d3c4867e9075
seed,full,42,1416,12093,0.497120653817082,,,,external_multimap_v3_1,108,64b3e7eb929c5ddc5f8cd2efc3a4c199933c03d038bdbe8cd2ab5acb207388a5,paper_runs/multimap_v3_1/formal_training/formal_full_seed42_3000ep/training_metrics.jsonl,e62401924ecbbdc68af1cf978825a8d45f7bf20d18c9315faa95d3c4867e9075
seed,full,42,1500,12844,0.500436980347694,,,,external_multimap_v3_1,108,64b3e7eb929c5ddc5f8cd2efc3a4c199933c03d038bdbe8cd2ab5acb207388a5,paper_runs/multimap_v3_1/formal_training/formal_full_seed42_3000ep/training_metrics.jsonl,e62401924ecbbdc68af1cf978825a8d45f7bf20d18c9315faa95d3c4867e9075
seed,full,42,1564,13403,0.506268896447468,,,,external_multimap_v3_1,108,64b3e7eb929c5ddc5f8cd2efc3a4c199933c03d038bdbe8cd2ab5acb207388a5,paper_runs/multimap_v3_1/formal_training/formal_full_seed42_3000ep/training_metrics.jsonl,e62401924ecbbdc68af1cf978825a8d45f7bf20d18c9315faa95d3c4867e9075
seed,full,42,1724,14885,0.496834845049131,,,,external_multimap_v3_1,108,64b3e7eb929c5ddc5f8cd2efc3a4c199933c03d038bdbe8cd2ab5acb207388a5,paper_runs/multimap_v3_1/formal_training/formal_full_seed42_3000ep/training_metrics.jsonl,e62401924ecbbdc68af1cf978825a8d45f7bf20d18c9315faa95d3c4867e9075
seed,full,42,1884,16416,0.500426351095994,,,,external_multimap_v3_1,108,64b3e7eb929c5ddc5f8cd2efc3a4c199933c03d038bdbe8cd2ab5acb207388a5,paper_runs/multimap_v3_1/formal_training/formal_full_seed42_3000ep/training_metrics.jsonl,e62401924ecbbdc68af1cf978825a8d45f7bf20d18c9315faa95d3c4867e9075
seed,full,42,2000,17497,0.503337585034013,,,,external_multimap_v3_1,108,64b3e7eb929c5ddc5f8cd2efc3a4c199933c03d038bdbe8cd2ab5acb207388a5,paper_runs/multimap_v3_1/formal_training/formal_full_seed42_3000ep/training_metrics.jsonl,e62401924ecbbdc68af1cf978825a8d45f7bf20d18c9315faa95d3c4867e9075
seed,full,42,2032,17785,0.502419926303855,,,,external_multimap_v3_1,108,64b3e7eb929c5ddc5f8cd2efc3a4c199933c03d038bdbe8cd2ab5acb207388a5,paper_runs/multimap_v3_1/formal_training/formal_full_seed42_3000ep/training_metrics.jsonl,e62401924ecbbdc68af1cf978825a8d45f7bf20d18c9315faa95d3c4867e9075
seed,full,42,2192,19298,0.501509353741496,,,,external_multimap_v3_1,108,64b3e7eb929c5ddc5f8cd2efc3a4c199933c03d038bdbe8cd2ab5acb207388a5,paper_runs/multimap_v3_1/formal_training/formal_full_seed42_3000ep/training_metrics.jsonl,e62401924ecbbdc68af1cf978825a8d45f7bf20d18c9315faa95d3c4867e9075
seed,full,42,2352,20845,0.495454223356009,,,,external_multimap_v3_1,108,64b3e7eb929c5ddc5f8cd2efc3a4c199933c03d038bdbe8cd2ab5acb207388a5,paper_runs/multimap_v3_1/formal_training/formal_full_seed42_3000ep/training_metrics.jsonl,e62401924ecbbdc68af1cf978825a8d45f7bf20d18c9315faa95d3c4867e9075
seed,full,42,2500,22179,0.494444444444445,,,,external_multimap_v3_1,108,64b3e7eb929c5ddc5f8cd2efc3a4c199933c03d038bdbe8cd2ab5acb207388a5,paper_runs/multimap_v3_1/formal_training/formal_full_seed42_3000ep/training_metrics.jsonl,e62401924ecbbdc68af1cf978825a8d45f7bf20d18c9315faa95d3c4867e9075
seed,full,42,2660,23608,0.497178524187453,,,,external_multimap_v3_1,108,64b3e7eb929c5ddc5f8cd2efc3a4c199933c03d038bdbe8cd2ab5acb207388a5,paper_runs/multimap_v3_1/formal_training/formal_full_seed42_3000ep/training_metrics.jsonl,e62401924ecbbdc68af1cf978825a8d45f7bf20d18c9315faa95d3c4867e9075
seed,full,42,2820,25114,0.498674886621315,,,,external_multimap_v3_1,108,64b3e7eb929c5ddc5f8cd2efc3a4c199933c03d038bdbe8cd2ab5acb207388a5,paper_runs/multimap_v3_1/formal_training/formal_full_seed42_3000ep/training_metrics.jsonl,e62401924ecbbdc68af1cf978825a8d45f7bf20d18c9315faa95d3c4867e9075
seed,full,42,2980,26487,0.493039021164021,,,,external_multimap_v3_1,108,64b3e7eb929c5ddc5f8cd2efc3a4c199933c03d038bdbe8cd2ab5acb207388a5,paper_runs/multimap_v3_1/formal_training/formal_full_seed42_3000ep/training_metrics.jsonl,e62401924ecbbdc68af1cf978825a8d45f7bf20d18c9315faa95d3c4867e9075
seed,full,42,3000,26679,0.494172808012094,,,,external_multimap_v3_1,108,64b3e7eb929c5ddc5f8cd2efc3a4c199933c03d038bdbe8cd2ab5acb207388a5,paper_runs/multimap_v3_1/formal_training/formal_full_seed42_3000ep/training_metrics.jsonl,e62401924ecbbdc68af1cf978825a8d45f7bf20d18c9315faa95d3c4867e9075
seed,full,43,16,78,0.368706301965231,,,,external_multimap_v3_1,108,64b3e7eb929c5ddc5f8cd2efc3a4c199933c03d038bdbe8cd2ab5acb207388a5,paper_runs/multimap_v3_1/formal_training/formal_full_seed43_3000ep/training_metrics.jsonl,21aed85dab1f5ca65f48b892d9d26bb73fd6962393a53ca7eb021e01cc3d9978
seed,full,43,160,958,0.473848497732426,,,,external_multimap_v3_1,108,64b3e7eb929c5ddc5f8cd2efc3a4c199933c03d038bdbe8cd2ab5acb207388a5,paper_runs/multimap_v3_1/formal_training/formal_full_seed43_3000ep/training_metrics.jsonl,21aed85dab1f5ca65f48b892d9d26bb73fd6962393a53ca7eb021e01cc3d9978
seed,full,43,250,1675,0.490077003023432,,,,external_multimap_v3_1,108,64b3e7eb929c5ddc5f8cd2efc3a4c199933c03d038bdbe8cd2ab5acb207388a5,paper_runs/multimap_v3_1/formal_training/formal_full_seed43_3000ep/training_metrics.jsonl,21aed85dab1f5ca65f48b892d9d26bb73fd6962393a53ca7eb021e01cc3d9978
seed,full,43,314,2182,0.491454081632653,,,,external_multimap_v3_1,108,64b3e7eb929c5ddc5f8cd2efc3a4c199933c03d038bdbe8cd2ab5acb207388a5,paper_runs/multimap_v3_1/formal_training/formal_full_seed43_3000ep/training_metrics.jsonl,21aed85dab1f5ca65f48b892d9d26bb73fd6962393a53ca7eb021e01cc3d9978
seed,full,43,474,3602,0.493786611866969,,,,external_multimap_v3_1,108,64b3e7eb929c5ddc5f8cd2efc3a4c199933c03d038bdbe8cd2ab5acb207388a5,paper_runs/multimap_v3_1/formal_training/formal_full_seed43_3000ep/training_metrics.jsonl,21aed85dab1f5ca65f48b892d9d26bb73fd6962393a53ca7eb021e01cc3d9978
seed,full,43,500,3816,0.492603221844293,,,,external_multimap_v3_1,108,64b3e7eb929c5ddc5f8cd2efc3a4c199933c03d038bdbe8cd2ab5acb207388a5,paper_runs/multimap_v3_1/formal_training/formal_full_seed43_3000ep/training_metrics.jsonl,21aed85dab1f5ca65f48b892d9d26bb73fd6962393a53ca7eb021e01cc3d9978
seed,full,43,628,4946,0.492832341269841,,,,external_multimap_v3_1,108,64b3e7eb929c5ddc5f8cd2efc3a4c199933c03d038bdbe8cd2ab5acb207388a5,paper_runs/multimap_v3_1/formal_training/formal_full_seed43_3000ep/training_metrics.jsonl,21aed85dab1f5ca65f48b892d9d26bb73fd6962393a53ca7eb021e01cc3d9978
seed,full,43,788,6390,0.495415249433106,,,,external_multimap_v3_1,108,64b3e7eb929c5ddc5f8cd2efc3a4c199933c03d038bdbe8cd2ab5acb207388a5,paper_runs/multimap_v3_1/formal_training/formal_full_seed43_3000ep/training_metrics.jsonl,21aed85dab1f5ca65f48b892d9d26bb73fd6962393a53ca7eb021e01cc3d9978
seed,full,43,948,7831,0.496186460695389,,,,external_multimap_v3_1,108,64b3e7eb929c5ddc5f8cd2efc3a4c199933c03d038bdbe8cd2ab5acb207388a5,paper_runs/multimap_v3_1/formal_training/formal_full_seed43_3000ep/training_metrics.jsonl,21aed85dab1f5ca65f48b892d9d26bb73fd6962393a53ca7eb021e01cc3d9978
seed,full,43,1000,8300,0.492287887377173,,,,external_multimap_v3_1,108,64b3e7eb929c5ddc5f8cd2efc3a4c199933c03d038bdbe8cd2ab5acb207388a5,paper_runs/multimap_v3_1/formal_training/formal_full_seed43_3000ep/training_metrics.jsonl,21aed85dab1f5ca65f48b892d9d26bb73fd6962393a53ca7eb021e01cc3d9978
seed,full,43,1096,9177,0.486196145124717,,,,external_multimap_v3_1,108,64b3e7eb929c5ddc5f8cd2efc3a4c199933c03d038bdbe8cd2ab5acb207388a5,paper_runs/multimap_v3_1/formal_training/formal_full_seed43_3000ep/training_metrics.jsonl,21aed85dab1f5ca65f48b892d9d26bb73fd6962393a53ca7eb021e01cc3d9978
seed,full,43,1256,10595,0.495175500755858,,,,external_multimap_v3_1,108,64b3e7eb929c5ddc5f8cd2efc3a4c199933c03d038bdbe8cd2ab5acb207388a5,paper_runs/multimap_v3_1/formal_training/formal_full_seed43_3000ep/training_metrics.jsonl,21aed85dab1f5ca65f48b892d9d26bb73fd6962393a53ca7eb021e01cc3d9978
seed,full,43,1416,11996,0.497236394557823,,,,external_multimap_v3_1,108,64b3e7eb929c5ddc5f8cd2efc3a4c199933c03d038bdbe8cd2ab5acb207388a5,paper_runs/multimap_v3_1/formal_training/formal_full_seed43_3000ep/training_metrics.jsonl,21aed85dab1f5ca65f48b892d9d26bb73fd6962393a53ca7eb021e01cc3d9978
seed,full,43,1500,12722,0.493791335978836,,,,external_multimap_v3_1,108,64b3e7eb929c5ddc5f8cd2efc3a4c199933c03d038bdbe8cd2ab5acb207388a5,paper_runs/multimap_v3_1/formal_training/formal_full_seed43_3000ep/training_metrics.jsonl,21aed85dab1f5ca65f48b892d9d26bb73fd6962393a53ca7eb021e01cc3d9978
seed,full,43,1564,13306,0.491986725245654,,,,external_multimap_v3_1,108,64b3e7eb929c5ddc5f8cd2efc3a4c199933c03d038bdbe8cd2ab5acb207388a5,paper_runs/multimap_v3_1/formal_training/formal_full_seed43_3000ep/training_metrics.jsonl,21aed85dab1f5ca65f48b892d9d26bb73fd6962393a53ca7eb021e01cc3d9978
seed,full,43,1724,14711,0.499250047241118,,,,external_multimap_v3_1,108,64b3e7eb929c5ddc5f8cd2efc3a4c199933c03d038bdbe8cd2ab5acb207388a5,paper_runs/multimap_v3_1/formal_training/formal_full_seed43_3000ep/training_metrics.jsonl,21aed85dab1f5ca65f48b892d9d26bb73fd6962393a53ca7eb021e01cc3d9978
seed,full,43,1884,16218,0.495745937263794,,,,external_multimap_v3_1,108,64b3e7eb929c5ddc5f8cd2efc3a4c199933c03d038bdbe8cd2ab5acb207388a5,paper_runs/multimap_v3_1/formal_training/formal_full_seed43_3000ep/training_metrics.jsonl,21aed85dab1f5ca65f48b892d9d26bb73fd6962393a53ca7eb021e01cc3d9978
seed,full,43,2000,17201,0.49568570483749,,,,external_multimap_v3_1,108,64b3e7eb929c5ddc5f8cd2efc3a4c199933c03d038bdbe8cd2ab5acb207388a5,paper_runs/multimap_v3_1/formal_training/formal_full_seed43_3000ep/training_metrics.jsonl,21aed85dab1f5ca65f48b892d9d26bb73fd6962393a53ca7eb021e01cc3d9978
seed,full,43,2032,17474,0.496580924036281,,,,external_multimap_v3_1,108,64b3e7eb929c5ddc5f8cd2efc3a4c199933c03d038bdbe8cd2ab5acb207388a5,paper_runs/multimap_v3_1/formal_training/formal_full_seed43_3000ep/training_metrics.jsonl,21aed85dab1f5ca65f48b892d9d26bb73fd6962393a53ca7eb021e01cc3d9978
seed,full,43,2192,18914,0.500090939153439,,,,external_multimap_v3_1,108,64b3e7eb929c5ddc5f8cd2efc3a4c199933c03d038bdbe8cd2ab5acb207388a5,paper_runs/multimap_v3_1/formal_training/formal_full_seed43_3000ep/training_metrics.jsonl,21aed85dab1f5ca65f48b892d9d26bb73fd6962393a53ca7eb021e01cc3d9978
seed,full,43,2352,20433,0.498913454270597,,,,external_multimap_v3_1,108,64b3e7eb929c5ddc5f8cd2efc3a4c199933c03d038bdbe8cd2ab5acb207388a5,paper_runs/multimap_v3_1/formal_training/formal_full_seed43_3000ep/training_metrics.jsonl,21aed85dab1f5ca65f48b892d9d26bb73fd6962393a53ca7eb021e01cc3d9978
seed,full,43,2500,21760,0.495505007558579,,,,external_multimap_v3_1,108,64b3e7eb929c5ddc5f8cd2efc3a4c199933c03d038bdbe8cd2ab5acb207388a5,paper_runs/multimap_v3_1/formal_training/formal_full_seed43_3000ep/training_metrics.jsonl,21aed85dab1f5ca65f48b892d9d26bb73fd6962393a53ca7eb021e01cc3d9978
seed,full,43,2660,23253,0.499311460695389,,,,external_multimap_v3_1,108,64b3e7eb929c5ddc5f8cd2efc3a4c199933c03d038bdbe8cd2ab5acb207388a5,paper_runs/multimap_v3_1/formal_training/formal_full_seed43_3000ep/training_metrics.jsonl,21aed85dab1f5ca65f48b892d9d26bb73fd6962393a53ca7eb021e01cc3d9978
seed,full,43,2820,24881,0.501625094482237,,,,external_multimap_v3_1,108,64b3e7eb929c5ddc5f8cd2efc3a4c199933c03d038bdbe8cd2ab5acb207388a5,paper_runs/multimap_v3_1/formal_training/formal_full_seed43_3000ep/training_metrics.jsonl,21aed85dab1f5ca65f48b892d9d26bb73fd6962393a53ca7eb021e01cc3d9978
seed,full,43,2980,26331,0.502502598261527,,,,external_multimap_v3_1,108,64b3e7eb929c5ddc5f8cd2efc3a4c199933c03d038bdbe8cd2ab5acb207388a5,paper_runs/multimap_v3_1/formal_training/formal_full_seed43_3000ep/training_metrics.jsonl,21aed85dab1f5ca65f48b892d9d26bb73fd6962393a53ca7eb021e01cc3d9978
seed,full,43,3000,26535,0.500511385109599,,,,external_multimap_v3_1,108,64b3e7eb929c5ddc5f8cd2efc3a4c199933c03d038bdbe8cd2ab5acb207388a5,paper_runs/multimap_v3_1/formal_training/formal_full_seed43_3000ep/training_metrics.jsonl,21aed85dab1f5ca65f48b892d9d26bb73fd6962393a53ca7eb021e01cc3d9978
seed,full,44,16,76,0.370693972033258,,,,external_multimap_v3_1,108,64b3e7eb929c5ddc5f8cd2efc3a4c199933c03d038bdbe8cd2ab5acb207388a5,paper_runs/multimap_v3_1/formal_training/formal_full_seed44_3000ep/training_metrics.jsonl,ecd64d0961f813aa4650487f979e6025f88e9ac6db7e335954cb0a079cf2f43d
seed,full,44,160,1011,0.462716128117914,,,,external_multimap_v3_1,108,64b3e7eb929c5ddc5f8cd2efc3a4c199933c03d038bdbe8cd2ab5acb207388a5,paper_runs/multimap_v3_1/formal_training/formal_full_seed44_3000ep/training_metrics.jsonl,ecd64d0961f813aa4650487f979e6025f88e9ac6db7e335954cb0a079cf2f43d
seed,full,44,250,1727,0.469693641345427,,,,external_multimap_v3_1,108,64b3e7eb929c5ddc5f8cd2efc3a4c199933c03d038bdbe8cd2ab5acb207388a5,paper_runs/multimap_v3_1/formal_training/formal_full_seed44_3000ep/training_metrics.jsonl,ecd64d0961f813aa4650487f979e6025f88e9ac6db7e335954cb0a079cf2f43d
seed,full,44,314,2237,0.475380291005291,,,,external_multimap_v3_1,108,64b3e7eb929c5ddc5f8cd2efc3a4c199933c03d038bdbe8cd2ab5acb207388a5,paper_runs/multimap_v3_1/formal_training/formal_full_seed44_3000ep/training_metrics.jsonl,ecd64d0961f813aa4650487f979e6025f88e9ac6db7e335954cb0a079cf2f43d
seed,full,44,474,3617,0.483767951625094,,,,external_multimap_v3_1,108,64b3e7eb929c5ddc5f8cd2efc3a4c199933c03d038bdbe8cd2ab5acb207388a5,paper_runs/multimap_v3_1/formal_training/formal_full_seed44_3000ep/training_metrics.jsonl,ecd64d0961f813aa4650487f979e6025f88e9ac6db7e335954cb0a079cf2f43d
seed,full,44,500,3815,0.484546249055178,,,,external_multimap_v3_1,108,64b3e7eb929c5ddc5f8cd2efc3a4c199933c03d038bdbe8cd2ab5acb207388a5,paper_runs/multimap_v3_1/formal_training/formal_full_seed44_3000ep/training_metrics.jsonl,ecd64d0961f813aa4650487f979e6025f88e9ac6db7e335954cb0a079cf2f43d
seed,full,44,628,4992,0.487732662509448,,,,external_multimap_v3_1,108,64b3e7eb929c5ddc5f8cd2efc3a4c199933c03d038bdbe8cd2ab5acb207388a5,paper_runs/multimap_v3_1/formal_training/formal_full_seed44_3000ep/training_metrics.jsonl,ecd64d0961f813aa4650487f979e6025f88e9ac6db7e335954cb0a079cf2f43d
seed,full,44,788,6492,0.480453987150416,,,,external_multimap_v3_1,108,64b3e7eb929c5ddc5f8cd2efc3a4c199933c03d038bdbe8cd2ab5acb207388a5,paper_runs/multimap_v3_1/formal_training/formal_full_seed44_3000ep/training_metrics.jsonl,ecd64d0961f813aa4650487f979e6025f88e9ac6db7e335954cb0a079cf2f43d
seed,full,44,948,7960,0.486898856764928,,,,external_multimap_v3_1,108,64b3e7eb929c5ddc5f8cd2efc3a4c199933c03d038bdbe8cd2ab5acb207388a5,paper_runs/multimap_v3_1/formal_training/formal_full_seed44_3000ep/training_metrics.jsonl,ecd64d0961f813aa4650487f979e6025f88e9ac6db7e335954cb0a079cf2f43d
seed,full,44,1000,8447,0.490003779289493,,,,external_multimap_v3_1,108,64b3e7eb929c5ddc5f8cd2efc3a4c199933c03d038bdbe8cd2ab5acb207388a5,paper_runs/multimap_v3_1/formal_training/formal_full_seed44_3000ep/training_metrics.jsonl,ecd64d0961f813aa4650487f979e6025f88e9ac6db7e335954cb0a079cf2f43d
seed,full,44,1096,9219,0.500560988284202,,,,external_multimap_v3_1,108,64b3e7eb929c5ddc5f8cd2efc3a4c199933c03d038bdbe8cd2ab5acb207388a5,paper_runs/multimap_v3_1/formal_training/formal_full_seed44_3000ep/training_metrics.jsonl,ecd64d0961f813aa4650487f979e6025f88e9ac6db7e335954cb0a079cf2f43d
seed,full,44,1256,10717,0.500598781179138,,,,external_multimap_v3_1,108,64b3e7eb929c5ddc5f8cd2efc3a4c199933c03d038bdbe8cd2ab5acb207388a5,paper_runs/multimap_v3_1/formal_training/formal_full_seed44_3000ep/training_metrics.jsonl,ecd64d0961f813aa4650487f979e6025f88e9ac6db7e335954cb0a079cf2f43d
seed,full,44,1416,12224,0.493739370748299,,,,external_multimap_v3_1,108,64b3e7eb929c5ddc5f8cd2efc3a4c199933c03d038bdbe8cd2ab5acb207388a5,paper_runs/multimap_v3_1/formal_training/formal_full_seed44_3000ep/training_metrics.jsonl,ecd64d0961f813aa4650487f979e6025f88e9ac6db7e335954cb0a079cf2f43d
seed,full,44,1500,13036,0.492411895313681,,,,external_multimap_v3_1,108,64b3e7eb929c5ddc5f8cd2efc3a4c199933c03d038bdbe8cd2ab5acb207388a5,paper_runs/multimap_v3_1/formal_training/formal_full_seed44_3000ep/training_metrics.jsonl,ecd64d0961f813aa4650487f979e6025f88e9ac6db7e335954cb0a079cf2f43d
seed,full,44,1564,13584,0.488916052532124,,,,external_multimap_v3_1,108,64b3e7eb929c5ddc5f8cd2efc3a4c199933c03d038bdbe8cd2ab5acb207388a5,paper_runs/multimap_v3_1/formal_training/formal_full_seed44_3000ep/training_metrics.jsonl,ecd64d0961f813aa4650487f979e6025f88e9ac6db7e335954cb0a079cf2f43d
seed,full,44,1724,15039,0.486289446334089,,,,external_multimap_v3_1,108,64b3e7eb929c5ddc5f8cd2efc3a4c199933c03d038bdbe8cd2ab5acb207388a5,paper_runs/multimap_v3_1/formal_training/formal_full_seed44_3000ep/training_metrics.jsonl,ecd64d0961f813aa4650487f979e6025f88e9ac6db7e335954cb0a079cf2f43d
seed,full,44,1884,16509,0.485649329176115,,,,external_multimap_v3_1,108,64b3e7eb929c5ddc5f8cd2efc3a4c199933c03d038bdbe8cd2ab5acb207388a5,paper_runs/multimap_v3_1/formal_training/formal_full_seed44_3000ep/training_metrics.jsonl,ecd64d0961f813aa4650487f979e6025f88e9ac6db7e335954cb0a079cf2f43d
seed,full,44,2000,17556,0.495222741874527,,,,external_multimap_v3_1,108,64b3e7eb929c5ddc5f8cd2efc3a4c199933c03d038bdbe8cd2ab5acb207388a5,paper_runs/multimap_v3_1/formal_training/formal_full_seed44_3000ep/training_metrics.jsonl,ecd64d0961f813aa4650487f979e6025f88e9ac6db7e335954cb0a079cf2f43d
seed,full,44,2032,17862,0.493089805366591,,,,external_multimap_v3_1,108,64b3e7eb929c5ddc5f8cd2efc3a4c199933c03d038bdbe8cd2ab5acb207388a5,paper_runs/multimap_v3_1/formal_training/formal_full_seed44_3000ep/training_metrics.jsonl,ecd64d0961f813aa4650487f979e6025f88e9ac6db7e335954cb0a079cf2f43d
seed,full,44,2192,19350,0.488911328420257,,,,external_multimap_v3_1,108,64b3e7eb929c5ddc5f8cd2efc3a4c199933c03d038bdbe8cd2ab5acb207388a5,paper_runs/multimap_v3_1/formal_training/formal_full_seed44_3000ep/training_metrics.jsonl,ecd64d0961f813aa4650487f979e6025f88e9ac6db7e335954cb0a079cf2f43d
seed,full,44,2352,20883,0.481960978835979,,,,external_multimap_v3_1,108,64b3e7eb929c5ddc5f8cd2efc3a4c199933c03d038bdbe8cd2ab5acb207388a5,paper_runs/multimap_v3_1/formal_training/formal_full_seed44_3000ep/training_metrics.jsonl,ecd64d0961f813aa4650487f979e6025f88e9ac6db7e335954cb0a079cf2f43d
seed,full,44,2500,22209,0.491562736205593,,,,external_multimap_v3_1,108,64b3e7eb929c5ddc5f8cd2efc3a4c199933c03d038bdbe8cd2ab5acb207388a5,paper_runs/multimap_v3_1/formal_training/formal_full_seed44_3000ep/training_metrics.jsonl,ecd64d0961f813aa4650487f979e6025f88e9ac6db7e335954cb0a079cf2f43d
seed,full,44,2660,23622,0.496110874905518,,,,external_multimap_v3_1,108,64b3e7eb929c5ddc5f8cd2efc3a4c199933c03d038bdbe8cd2ab5acb207388a5,paper_runs/multimap_v3_1/formal_training/formal_full_seed44_3000ep/training_metrics.jsonl,ecd64d0961f813aa4650487f979e6025f88e9ac6db7e335954cb0a079cf2f43d
seed,full,44,2820,25200,0.501286139455782,,,,external_multimap_v3_1,108,64b3e7eb929c5ddc5f8cd2efc3a4c199933c03d038bdbe8cd2ab5acb207388a5,paper_runs/multimap_v3_1/formal_training/formal_full_seed44_3000ep/training_metrics.jsonl,ecd64d0961f813aa4650487f979e6025f88e9ac6db7e335954cb0a079cf2f43d
seed,full,44,2980,26670,0.49859339569161,,,,external_multimap_v3_1,108,64b3e7eb929c5ddc5f8cd2efc3a4c199933c03d038bdbe8cd2ab5acb207388a5,paper_runs/multimap_v3_1/formal_training/formal_full_seed44_3000ep/training_metrics.jsonl,ecd64d0961f813aa4650487f979e6025f88e9ac6db7e335954cb0a079cf2f43d
seed,full,44,3000,26861,0.497039162887377,,,,external_multimap_v3_1,108,64b3e7eb929c5ddc5f8cd2efc3a4c199933c03d038bdbe8cd2ab5acb207388a5,paper_runs/multimap_v3_1/formal_training/formal_full_seed44_3000ep/training_metrics.jsonl,ecd64d0961f813aa4650487f979e6025f88e9ac6db7e335954cb0a079cf2f43d
seed,full,45,16,70,0.408769132653061,,,,external_multimap_v3_1,108,64b3e7eb929c5ddc5f8cd2efc3a4c199933c03d038bdbe8cd2ab5acb207388a5,paper_runs/multimap_v3_1/formal_training/formal_full_seed45_3000ep/training_metrics.jsonl,dc0755baec0d8585c68705de2b221b962250e8a84db4d8e7fd378d8906431dec
seed,full,45,160,957,0.467507558578987,,,,external_multimap_v3_1,108,64b3e7eb929c5ddc5f8cd2efc3a4c199933c03d038bdbe8cd2ab5acb207388a5,paper_runs/multimap_v3_1/formal_training/formal_full_seed45_3000ep/training_metrics.jsonl,dc0755baec0d8585c68705de2b221b962250e8a84db4d8e7fd378d8906431dec
seed,full,45,250,1662,0.497679280045351,,,,external_multimap_v3_1,108,64b3e7eb929c5ddc5f8cd2efc3a4c199933c03d038bdbe8cd2ab5acb207388a5,paper_runs/multimap_v3_1/formal_training/formal_full_seed45_3000ep/training_metrics.jsonl,dc0755baec0d8585c68705de2b221b962250e8a84db4d8e7fd378d8906431dec
seed,full,45,314,2168,0.489927012471655,,,,external_multimap_v3_1,108,64b3e7eb929c5ddc5f8cd2efc3a4c199933c03d038bdbe8cd2ab5acb207388a5,paper_runs/multimap_v3_1/formal_training/formal_full_seed45_3000ep/training_metrics.jsonl,dc0755baec0d8585c68705de2b221b962250e8a84db4d8e7fd378d8906431dec
seed,full,45,474,3553,0.485433201058201,,,,external_multimap_v3_1,108,64b3e7eb929c5ddc5f8cd2efc3a4c199933c03d038bdbe8cd2ab5acb207388a5,paper_runs/multimap_v3_1/formal_training/formal_full_seed45_3000ep/training_metrics.jsonl,dc0755baec0d8585c68705de2b221b962250e8a84db4d8e7fd378d8906431dec
seed,full,45,500,3764,0.484730489417989,,,,external_multimap_v3_1,108,64b3e7eb929c5ddc5f8cd2efc3a4c199933c03d038bdbe8cd2ab5acb207388a5,paper_runs/multimap_v3_1/formal_training/formal_full_seed45_3000ep/training_metrics.jsonl,dc0755baec0d8585c68705de2b221b962250e8a84db4d8e7fd378d8906431dec
seed,full,45,628,4723,0.466964285714285,,,,external_multimap_v3_1,108,64b3e7eb929c5ddc5f8cd2efc3a4c199933c03d038bdbe8cd2ab5acb207388a5,paper_runs/multimap_v3_1/formal_training/formal_full_seed45_3000ep/training_metrics.jsonl,dc0755baec0d8585c68705de2b221b962250e8a84db4d8e7fd378d8906431dec
seed,full,45,788,6031,0.482270408163265,,,,external_multimap_v3_1,108,64b3e7eb929c5ddc5f8cd2efc3a4c199933c03d038bdbe8cd2ab5acb207388a5,paper_runs/multimap_v3_1/formal_training/formal_full_seed45_3000ep/training_metrics.jsonl,dc0755baec0d8585c68705de2b221b962250e8a84db4d8e7fd378d8906431dec
seed,full,45,948,7464,0.494301540060469,,,,external_multimap_v3_1,108,64b3e7eb929c5ddc5f8cd2efc3a4c199933c03d038bdbe8cd2ab5acb207388a5,paper_runs/multimap_v3_1/formal_training/formal_full_seed45_3000ep/training_metrics.jsonl,dc0755baec0d8585c68705de2b221b962250e8a84db4d8e7fd378d8906431dec
seed,full,45,1000,7915,0.504052106953893,,,,external_multimap_v3_1,108,64b3e7eb929c5ddc5f8cd2efc3a4c199933c03d038bdbe8cd2ab5acb207388a5,paper_runs/multimap_v3_1/formal_training/formal_full_seed45_3000ep/training_metrics.jsonl,dc0755baec0d8585c68705de2b221b962250e8a84db4d8e7fd378d8906431dec
seed,full,45,1096,8768,0.495323129251701,,,,external_multimap_v3_1,108,64b3e7eb929c5ddc5f8cd2efc3a4c199933c03d038bdbe8cd2ab5acb207388a5,paper_runs/multimap_v3_1/formal_training/formal_full_seed45_3000ep/training_metrics.jsonl,dc0755baec0d8585c68705de2b221b962250e8a84db4d8e7fd378d8906431dec
seed,full,45,1256,10143,0.497301351095994,,,,external_multimap_v3_1,108,64b3e7eb929c5ddc5f8cd2efc3a4c199933c03d038bdbe8cd2ab5acb207388a5,paper_runs/multimap_v3_1/formal_training/formal_full_seed45_3000ep/training_metrics.jsonl,dc0755baec0d8585c68705de2b221b962250e8a84db4d8e7fd378d8906431dec
seed,full,45,1416,11697,0.49718679138322,,,,external_multimap_v3_1,108,64b3e7eb929c5ddc5f8cd2efc3a4c199933c03d038bdbe8cd2ab5acb207388a5,paper_runs/multimap_v3_1/formal_training/formal_full_seed45_3000ep/training_metrics.jsonl,dc0755baec0d8585c68705de2b221b962250e8a84db4d8e7fd378d8906431dec
seed,full,45,1500,12405,0.483690003779289,,,,external_multimap_v3_1,108,64b3e7eb929c5ddc5f8cd2efc3a4c199933c03d038bdbe8cd2ab5acb207388a5,paper_runs/multimap_v3_1/formal_training/formal_full_seed45_3000ep/training_metrics.jsonl,dc0755baec0d8585c68705de2b221b962250e8a84db4d8e7fd378d8906431dec
seed,full,45,1564,12916,0.481414162887377,,,,external_multimap_v3_1,108,64b3e7eb929c5ddc5f8cd2efc3a4c199933c03d038bdbe8cd2ab5acb207388a5,paper_runs/multimap_v3_1/formal_training/formal_full_seed45_3000ep/training_metrics.jsonl,dc0755baec0d8585c68705de2b221b962250e8a84db4d8e7fd378d8906431dec
seed,full,45,1724,14300,0.488625519652305,,,,external_multimap_v3_1,108,64b3e7eb929c5ddc5f8cd2efc3a4c199933c03d038bdbe8cd2ab5acb207388a5,paper_runs/multimap_v3_1/formal_training/formal_full_seed45_3000ep/training_metrics.jsonl,dc0755baec0d8585c68705de2b221b962250e8a84db4d8e7fd378d8906431dec
seed,full,45,1884,15761,0.493568121693122,,,,external_multimap_v3_1,108,64b3e7eb929c5ddc5f8cd2efc3a4c199933c03d038bdbe8cd2ab5acb207388a5,paper_runs/multimap_v3_1/formal_training/formal_full_seed45_3000ep/training_metrics.jsonl,dc0755baec0d8585c68705de2b221b962250e8a84db4d8e7fd378d8906431dec
seed,full,45,2000,16797,0.494698365457294,,,,external_multimap_v3_1,108,64b3e7eb929c5ddc5f8cd2efc3a4c199933c03d038bdbe8cd2ab5acb207388a5,paper_runs/multimap_v3_1/formal_training/formal_full_seed45_3000ep/training_metrics.jsonl,dc0755baec0d8585c68705de2b221b962250e8a84db4d8e7fd378d8906431dec
seed,full,45,2032,17083,0.494984174225246,,,,external_multimap_v3_1,108,64b3e7eb929c5ddc5f8cd2efc3a4c199933c03d038bdbe8cd2ab5acb207388a5,paper_runs/multimap_v3_1/formal_training/formal_full_seed45_3000ep/training_metrics.jsonl,dc0755baec0d8585c68705de2b221b962250e8a84db4d8e7fd378d8906431dec
seed,full,45,2192,18542,0.489888038548753,,,,external_multimap_v3_1,108,64b3e7eb929c5ddc5f8cd2efc3a4c199933c03d038bdbe8cd2ab5acb207388a5,paper_runs/multimap_v3_1/formal_training/formal_full_seed45_3000ep/training_metrics.jsonl,dc0755baec0d8585c68705de2b221b962250e8a84db4d8e7fd378d8906431dec
seed,full,45,2352,19995,0.488507416855631,,,,external_multimap_v3_1,108,64b3e7eb929c5ddc5f8cd2efc3a4c199933c03d038bdbe8cd2ab5acb207388a5,paper_runs/multimap_v3_1/formal_training/formal_full_seed45_3000ep/training_metrics.jsonl,dc0755baec0d8585c68705de2b221b962250e8a84db4d8e7fd378d8906431dec
seed,full,45,2500,21379,0.496834845049131,,,,external_multimap_v3_1,108,64b3e7eb929c5ddc5f8cd2efc3a4c199933c03d038bdbe8cd2ab5acb207388a5,paper_runs/multimap_v3_1/formal_training/formal_full_seed45_3000ep/training_metrics.jsonl,dc0755baec0d8585c68705de2b221b962250e8a84db4d8e7fd378d8906431dec
seed,full,45,2660,22858,0.498107993197279,,,,external_multimap_v3_1,108,64b3e7eb929c5ddc5f8cd2efc3a4c199933c03d038bdbe8cd2ab5acb207388a5,paper_runs/multimap_v3_1/formal_training/formal_full_seed45_3000ep/training_metrics.jsonl,dc0755baec0d8585c68705de2b221b962250e8a84db4d8e7fd378d8906431dec
seed,full,45,2820,24350,0.498505999622071,,,,external_multimap_v3_1,108,64b3e7eb929c5ddc5f8cd2efc3a4c199933c03d038bdbe8cd2ab5acb207388a5,paper_runs/multimap_v3_1/formal_training/formal_full_seed45_3000ep/training_metrics.jsonl,dc0755baec0d8585c68705de2b221b962250e8a84db4d8e7fd378d8906431dec
seed,full,45,2980,25795,0.494397203325775,,,,external_multimap_v3_1,108,64b3e7eb929c5ddc5f8cd2efc3a4c199933c03d038bdbe8cd2ab5acb207388a5,paper_runs/multimap_v3_1/formal_training/formal_full_seed45_3000ep/training_metrics.jsonl,dc0755baec0d8585c68705de2b221b962250e8a84db4d8e7fd378d8906431dec
seed,full,45,3000,25977,0.492664635298564,,,,external_multimap_v3_1,108,64b3e7eb929c5ddc5f8cd2efc3a4c199933c03d038bdbe8cd2ab5acb207388a5,paper_runs/multimap_v3_1/formal_training/formal_full_seed45_3000ep/training_metrics.jsonl,dc0755baec0d8585c68705de2b221b962250e8a84db4d8e7fd378d8906431dec
seed,full,46,16,78,0.407473544973545,,,,external_multimap_v3_1,108,64b3e7eb929c5ddc5f8cd2efc3a4c199933c03d038bdbe8cd2ab5acb207388a5,paper_runs/multimap_v3_1/formal_training/formal_full_seed46_3000ep/training_metrics.jsonl,74478343a53449ac67b94aac32179abe67a4fe1767550926e216ce91b33636c0
seed,full,46,160,1014,0.456995228647014,,,,external_multimap_v3_1,108,64b3e7eb929c5ddc5f8cd2efc3a4c199933c03d038bdbe8cd2ab5acb207388a5,paper_runs/multimap_v3_1/formal_training/formal_full_seed46_3000ep/training_metrics.jsonl,74478343a53449ac67b94aac32179abe67a4fe1767550926e216ce91b33636c0
seed,full,46,250,1740,0.46833664021164,,,,external_multimap_v3_1,108,64b3e7eb929c5ddc5f8cd2efc3a4c199933c03d038bdbe8cd2ab5acb207388a5,paper_runs/multimap_v3_1/formal_training/formal_full_seed46_3000ep/training_metrics.jsonl,74478343a53449ac67b94aac32179abe67a4fe1767550926e216ce91b33636c0
seed,full,46,314,2258,0.472430083144369,,,,external_multimap_v3_1,108,64b3e7eb929c5ddc5f8cd2efc3a4c199933c03d038bdbe8cd2ab5acb207388a5,paper_runs/multimap_v3_1/formal_training/formal_full_seed46_3000ep/training_metrics.jsonl,74478343a53449ac67b94aac32179abe67a4fe1767550926e216ce91b33636c0
seed,full,46,474,3547,0.483034533257747,,,,external_multimap_v3_1,108,64b3e7eb929c5ddc5f8cd2efc3a4c199933c03d038bdbe8cd2ab5acb207388a5,paper_runs/multimap_v3_1/formal_training/formal_full_seed46_3000ep/training_metrics.jsonl,74478343a53449ac67b94aac32179abe67a4fe1767550926e216ce91b33636c0
seed,full,46,500,3742,0.486088671579743,,,,external_multimap_v3_1,108,64b3e7eb929c5ddc5f8cd2efc3a4c199933c03d038bdbe8cd2ab5acb207388a5,paper_runs/multimap_v3_1/formal_training/formal_full_seed46_3000ep/training_metrics.jsonl,74478343a53449ac67b94aac32179abe67a4fe1767550926e216ce91b33636c0
seed,full,46,628,4893,0.486251653439153,,,,external_multimap_v3_1,108,64b3e7eb929c5ddc5f8cd2efc3a4c199933c03d038bdbe8cd2ab5acb207388a5,paper_runs/multimap_v3_1/formal_training/formal_full_seed46_3000ep/training_metrics.jsonl,74478343a53449ac67b94aac32179abe67a4fe1767550926e216ce91b33636c0
seed,full,46,788,6306,0.482001133786848,,,,external_multimap_v3_1,108,64b3e7eb929c5ddc5f8cd2efc3a4c199933c03d038bdbe8cd2ab5acb207388a5,paper_runs/multimap_v3_1/formal_training/formal_full_seed46_3000ep/training_metrics.jsonl,74478343a53449ac67b94aac32179abe67a4fe1767550926e216ce91b33636c0
seed,full,46,948,7667,0.481421249055178,,,,external_multimap_v3_1,108,64b3e7eb929c5ddc5f8cd2efc3a4c199933c03d038bdbe8cd2ab5acb207388a5,paper_runs/multimap_v3_1/formal_training/formal_full_seed46_3000ep/training_metrics.jsonl,74478343a53449ac67b94aac32179abe67a4fe1767550926e216ce91b33636c0
seed,full,46,1000,8068,0.484931264172336,,,,external_multimap_v3_1,108,64b3e7eb929c5ddc5f8cd2efc3a4c199933c03d038bdbe8cd2ab5acb207388a5,paper_runs/multimap_v3_1/formal_training/formal_full_seed46_3000ep/training_metrics.jsonl,74478343a53449ac67b94aac32179abe67a4fe1767550926e216ce91b33636c0
seed,full,46,1096,8946,0.489397911942555,,,,external_multimap_v3_1,108,64b3e7eb929c5ddc5f8cd2efc3a4c199933c03d038bdbe8cd2ab5acb207388a5,paper_runs/multimap_v3_1/formal_training/formal_full_seed46_3000ep/training_metrics.jsonl,74478343a53449ac67b94aac32179abe67a4fe1767550926e216ce91b33636c0
seed,full,46,1256,10437,0.493128779289494,,,,external_multimap_v3_1,108,64b3e7eb929c5ddc5f8cd2efc3a4c199933c03d038bdbe8cd2ab5acb207388a5,paper_runs/multimap_v3_1/formal_training/formal_full_seed46_3000ep/training_metrics.jsonl,74478343a53449ac67b94aac32179abe67a4fe1767550926e216ce91b33636c0
seed,full,46,1416,11923,0.497000188964475,,,,external_multimap_v3_1,108,64b3e7eb929c5ddc5f8cd2efc3a4c199933c03d038bdbe8cd2ab5acb207388a5,paper_runs/multimap_v3_1/formal_training/formal_full_seed46_3000ep/training_metrics.jsonl,74478343a53449ac67b94aac32179abe67a4fe1767550926e216ce91b33636c0
seed,full,46,1500,12717,0.492904383975812,,,,external_multimap_v3_1,108,64b3e7eb929c5ddc5f8cd2efc3a4c199933c03d038bdbe8cd2ab5acb207388a5,paper_runs/multimap_v3_1/formal_training/formal_full_seed46_3000ep/training_metrics.jsonl,74478343a53449ac67b94aac32179abe67a4fe1767550926e216ce91b33636c0
seed,full,46,1564,13283,0.493903533635676,,,,external_multimap_v3_1,108,64b3e7eb929c5ddc5f8cd2efc3a4c199933c03d038bdbe8cd2ab5acb207388a5,paper_runs/multimap_v3_1/formal_training/formal_full_seed46_3000ep/training_metrics.jsonl,74478343a53449ac67b94aac32179abe67a4fe1767550926e216ce91b33636c0
seed,full,46,1724,14737,0.492472127739985,,,,external_multimap_v3_1,108,64b3e7eb929c5ddc5f8cd2efc3a4c199933c03d038bdbe8cd2ab5acb207388a5,paper_runs/multimap_v3_1/formal_training/formal_full_seed46_3000ep/training_metrics.jsonl,74478343a53449ac67b94aac32179abe67a4fe1767550926e216ce91b33636c0
seed,full,46,1884,16145,0.491001747921391,,,,external_multimap_v3_1,108,64b3e7eb929c5ddc5f8cd2efc3a4c199933c03d038bdbe8cd2ab5acb207388a5,paper_runs/multimap_v3_1/formal_training/formal_full_seed46_3000ep/training_metrics.jsonl,74478343a53449ac67b94aac32179abe67a4fe1767550926e216ce91b33636c0
seed,full,46,2000,17145,0.498578042328042,,,,external_multimap_v3_1,108,64b3e7eb929c5ddc5f8cd2efc3a4c199933c03d038bdbe8cd2ab5acb207388a5,paper_runs/multimap_v3_1/formal_training/formal_full_seed46_3000ep/training_metrics.jsonl,74478343a53449ac67b94aac32179abe67a4fe1767550926e216ce91b33636c0
seed,full,46,2032,17459,0.499623252078609,,,,external_multimap_v3_1,108,64b3e7eb929c5ddc5f8cd2efc3a4c199933c03d038bdbe8cd2ab5acb207388a5,paper_runs/multimap_v3_1/formal_training/formal_full_seed46_3000ep/training_metrics.jsonl,74478343a53449ac67b94aac32179abe67a4fe1767550926e216ce91b33636c0
seed,full,46,2192,18947,0.49979332010582,,,,external_multimap_v3_1,108,64b3e7eb929c5ddc5f8cd2efc3a4c199933c03d038bdbe8cd2ab5acb207388a5,paper_runs/multimap_v3_1/formal_training/formal_full_seed46_3000ep/training_metrics.jsonl,74478343a53449ac67b94aac32179abe67a4fe1767550926e216ce91b33636c0
seed,full,46,2352,20509,0.499747260015117,,,,external_multimap_v3_1,108,64b3e7eb929c5ddc5f8cd2efc3a4c199933c03d038bdbe8cd2ab5acb207388a5,paper_runs/multimap_v3_1/formal_training/formal_full_seed46_3000ep/training_metrics.jsonl,74478343a53449ac67b94aac32179abe67a4fe1767550926e216ce91b33636c0
seed,full,46,2500,21800,0.499558295540438,,,,external_multimap_v3_1,108,64b3e7eb929c5ddc5f8cd2efc3a4c199933c03d038bdbe8cd2ab5acb207388a5,paper_runs/multimap_v3_1/formal_training/formal_full_seed46_3000ep/training_metrics.jsonl,74478343a53449ac67b94aac32179abe67a4fe1767550926e216ce91b33636c0
seed,full,46,2660,23270,0.494208238851096,,,,external_multimap_v3_1,108,64b3e7eb929c5ddc5f8cd2efc3a4c199933c03d038bdbe8cd2ab5acb207388a5,paper_runs/multimap_v3_1/formal_training/formal_full_seed46_3000ep/training_metrics.jsonl,74478343a53449ac67b94aac32179abe67a4fe1767550926e216ce91b33636c0
seed,full,46,2820,24729,0.495377456538171,,,,external_multimap_v3_1,108,64b3e7eb929c5ddc5f8cd2efc3a4c199933c03d038bdbe8cd2ab5acb207388a5,paper_runs/multimap_v3_1/formal_training/formal_full_seed46_3000ep/training_metrics.jsonl,74478343a53449ac67b94aac32179abe67a4fe1767550926e216ce91b33636c0
seed,full,46,2980,26144,0.495183767951625,,,,external_multimap_v3_1,108,64b3e7eb929c5ddc5f8cd2efc3a4c199933c03d038bdbe8cd2ab5acb207388a5,paper_runs/multimap_v3_1/formal_training/formal_full_seed46_3000ep/training_metrics.jsonl,74478343a53449ac67b94aac32179abe67a4fe1767550926e216ce91b33636c0
seed,full,46,3000,26342,0.502608890778533,,,,external_multimap_v3_1,108,64b3e7eb929c5ddc5f8cd2efc3a4c199933c03d038bdbe8cd2ab5acb207388a5,paper_runs/multimap_v3_1/formal_training/formal_full_seed46_3000ep/training_metrics.jsonl,74478343a53449ac67b94aac32179abe67a4fe1767550926e216ce91b33636c0
summary,full,,16,,,0.370693972033258,0.368706301965231,0.407473544973545,external_multimap_v3_1,108,64b3e7eb929c5ddc5f8cd2efc3a4c199933c03d038bdbe8cd2ab5acb207388a5,derived_from_five_seed_rows_at_same_recorded_episode,
summary,full,,160,,,0.467507558578987,0.462716128117914,0.471572656840514,external_multimap_v3_1,108,64b3e7eb929c5ddc5f8cd2efc3a4c199933c03d038bdbe8cd2ab5acb207388a5,derived_from_five_seed_rows_at_same_recorded_episode,
summary,full,,250,,,0.483341600529101,0.469693641345427,0.490077003023432,external_multimap_v3_1,108,64b3e7eb929c5ddc5f8cd2efc3a4c199933c03d038bdbe8cd2ab5acb207388a5,derived_from_five_seed_rows_at_same_recorded_episode,
summary,full,,314,,,0.482284580498866,0.475380291005291,0.489927012471655,external_multimap_v3_1,108,64b3e7eb929c5ddc5f8cd2efc3a4c199933c03d038bdbe8cd2ab5acb207388a5,derived_from_five_seed_rows_at_same_recorded_episode,
summary,full,,474,,,0.485433201058201,0.483767951625094,0.490400604686319,external_multimap_v3_1,108,64b3e7eb929c5ddc5f8cd2efc3a4c199933c03d038bdbe8cd2ab5acb207388a5,derived_from_five_seed_rows_at_same_recorded_episode,
summary,full,,500,,,0.486088671579743,0.484730489417989,0.492603221844293,external_multimap_v3_1,108,64b3e7eb929c5ddc5f8cd2efc3a4c199933c03d038bdbe8cd2ab5acb207388a5,derived_from_five_seed_rows_at_same_recorded_episode,
summary,full,,628,,,0.487732662509448,0.486251653439153,0.492832341269841,external_multimap_v3_1,108,64b3e7eb929c5ddc5f8cd2efc3a4c199933c03d038bdbe8cd2ab5acb207388a5,derived_from_five_seed_rows_at_same_recorded_episode,
summary,full,,788,,,0.482270408163265,0.482001133786848,0.495415249433106,external_multimap_v3_1,108,64b3e7eb929c5ddc5f8cd2efc3a4c199933c03d038bdbe8cd2ab5acb207388a5,derived_from_five_seed_rows_at_same_recorded_episode,
summary,full,,948,,,0.49384802532124,0.486898856764928,0.494301540060469,external_multimap_v3_1,108,64b3e7eb929c5ddc5f8cd2efc3a4c199933c03d038bdbe8cd2ab5acb207388a5,derived_from_five_seed_rows_at_same_recorded_episode,
summary,full,,1000,,,0.492287887377173,0.490003779289493,0.49504794973545,external_multimap_v3_1,108,64b3e7eb929c5ddc5f8cd2efc3a4c199933c03d038bdbe8cd2ab5acb207388a5,derived_from_five_seed_rows_at_same_recorded_episode,
summary,full,,1096,,,0.495323129251701,0.489397911942555,0.499063444822373,external_multimap_v3_1,108,64b3e7eb929c5ddc5f8cd2efc3a4c199933c03d038bdbe8cd2ab5acb207388a5,derived_from_five_seed_rows_at_same_recorded_episode,
summary,full,,1256,,,0.495175500755858,0.494273195389267,0.497301351095994,external_multimap_v3_1,108,64b3e7eb929c5ddc5f8cd2efc3a4c199933c03d038bdbe8cd2ab5acb207388a5,derived_from_five_seed_rows_at_same_recorded_episode,
summary,full,,1416,,,0.497120653817082,0.497000188964475,0.49718679138322,external_multimap_v3_1,108,64b3e7eb929c5ddc5f8cd2efc3a4c199933c03d038bdbe8cd2ab5acb207388a5,derived_from_five_seed_rows_at_same_recorded_episode,
summary,full,,1500,,,0.492904383975812,0.492411895313681,0.493791335978836,external_multimap_v3_1,108,64b3e7eb929c5ddc5f8cd2efc3a4c199933c03d038bdbe8cd2ab5acb207388a5,derived_from_five_seed_rows_at_same_recorded_episode,
summary,full,,1564,,,0.491986725245654,0.488916052532124,0.493903533635676,external_multimap_v3_1,108,64b3e7eb929c5ddc5f8cd2efc3a4c199933c03d038bdbe8cd2ab5acb207388a5,derived_from_five_seed_rows_at_same_recorded_episode,
summary,full,,1724,,,0.492472127739985,0.488625519652305,0.496834845049131,external_multimap_v3_1,108,64b3e7eb929c5ddc5f8cd2efc3a4c199933c03d038bdbe8cd2ab5acb207388a5,derived_from_five_seed_rows_at_same_recorded_episode,
summary,full,,1884,,,0.493568121693122,0.491001747921391,0.495745937263794,external_multimap_v3_1,108,64b3e7eb929c5ddc5f8cd2efc3a4c199933c03d038bdbe8cd2ab5acb207388a5,derived_from_five_seed_rows_at_same_recorded_episode,
summary,full,,2000,,,0.49568570483749,0.495222741874527,0.498578042328042,external_multimap_v3_1,108,64b3e7eb929c5ddc5f8cd2efc3a4c199933c03d038bdbe8cd2ab5acb207388a5,derived_from_five_seed_rows_at_same_recorded_episode,
summary,full,,2032,,,0.496580924036281,0.494984174225246,0.499623252078609,external_multimap_v3_1,108,64b3e7eb929c5ddc5f8cd2efc3a4c199933c03d038bdbe8cd2ab5acb207388a5,derived_from_five_seed_rows_at_same_recorded_episode,
summary,full,,2192,,,0.49979332010582,0.489888038548753,0.500090939153439,external_multimap_v3_1,108,64b3e7eb929c5ddc5f8cd2efc3a4c199933c03d038bdbe8cd2ab5acb207388a5,derived_from_five_seed_rows_at_same_recorded_episode,
summary,full,,2352,,,0.495454223356009,0.488507416855631,0.498913454270597,external_multimap_v3_1,108,64b3e7eb929c5ddc5f8cd2efc3a4c199933c03d038bdbe8cd2ab5acb207388a5,derived_from_five_seed_rows_at_same_recorded_episode,
summary,full,,2500,,,0.495505007558579,0.494444444444445,0.496834845049131,external_multimap_v3_1,108,64b3e7eb929c5ddc5f8cd2efc3a4c199933c03d038bdbe8cd2ab5acb207388a5,derived_from_five_seed_rows_at_same_recorded_episode,
summary,full,,2660,,,0.497178524187453,0.496110874905518,0.498107993197279,external_multimap_v3_1,108,64b3e7eb929c5ddc5f8cd2efc3a4c199933c03d038bdbe8cd2ab5acb207388a5,derived_from_five_seed_rows_at_same_recorded_episode,
summary,full,,2820,,,0.498674886621315,0.498505999622071,0.501286139455782,external_multimap_v3_1,108,64b3e7eb929c5ddc5f8cd2efc3a4c199933c03d038bdbe8cd2ab5acb207388a5,derived_from_five_seed_rows_at_same_recorded_episode,
summary,full,,2980,,,0.495183767951625,0.494397203325775,0.49859339569161,external_multimap_v3_1,108,64b3e7eb929c5ddc5f8cd2efc3a4c199933c03d038bdbe8cd2ab5acb207388a5,derived_from_five_seed_rows_at_same_recorded_episode,
summary,full,,3000,,,0.497039162887377,0.494172808012094,0.500511385109599,external_multimap_v3_1,108,64b3e7eb929c5ddc5f8cd2efc3a4c199933c03d038bdbe8cd2ab5acb207388a5,derived_from_five_seed_rows_at_same_recorded_episode,
seed,a2c_pointer,42,16,66,0.28245346749811,,,,external_multimap_v3_1,108,64b3e7eb929c5ddc5f8cd2efc3a4c199933c03d038bdbe8cd2ab5acb207388a5,paper_runs/multimap_v3_1/formal_training/formal_a2c_pointer_seed42_3000ep/training_metrics.jsonl,f187d3fcd0734379aea2baa60644426beda3dc456c92fc2a97204ca419757ddb
seed,a2c_pointer,42,160,865,0.415715939153439,,,,external_multimap_v3_1,108,64b3e7eb929c5ddc5f8cd2efc3a4c199933c03d038bdbe8cd2ab5acb207388a5,paper_runs/multimap_v3_1/formal_training/formal_a2c_pointer_seed42_3000ep/training_metrics.jsonl,f187d3fcd0734379aea2baa60644426beda3dc456c92fc2a97204ca419757ddb
seed,a2c_pointer,42,250,1438,0.433817554799698,,,,external_multimap_v3_1,108,64b3e7eb929c5ddc5f8cd2efc3a4c199933c03d038bdbe8cd2ab5acb207388a5,paper_runs/multimap_v3_1/formal_training/formal_a2c_pointer_seed42_3000ep/training_metrics.jsonl,f187d3fcd0734379aea2baa60644426beda3dc456c92fc2a97204ca419757ddb
seed,a2c_pointer,42,314,1828,0.437910997732426,,,,external_multimap_v3_1,108,64b3e7eb929c5ddc5f8cd2efc3a4c199933c03d038bdbe8cd2ab5acb207388a5,paper_runs/multimap_v3_1/formal_training/formal_a2c_pointer_seed42_3000ep/training_metrics.jsonl,f187d3fcd0734379aea2baa60644426beda3dc456c92fc2a97204ca419757ddb
seed,a2c_pointer,42,474,2889,0.445005432728647,,,,external_multimap_v3_1,108,64b3e7eb929c5ddc5f8cd2efc3a4c199933c03d038bdbe8cd2ab5acb207388a5,paper_runs/multimap_v3_1/formal_training/formal_a2c_pointer_seed42_3000ep/training_metrics.jsonl,f187d3fcd0734379aea2baa60644426beda3dc456c92fc2a97204ca419757ddb
seed,a2c_pointer,42,500,3065,0.447883597883598,,,,external_multimap_v3_1,108,64b3e7eb929c5ddc5f8cd2efc3a4c199933c03d038bdbe8cd2ab5acb207388a5,paper_runs/multimap_v3_1/formal_training/formal_a2c_pointer_seed42_3000ep/training_metrics.jsonl,f187d3fcd0734379aea2baa60644426beda3dc456c92fc2a97204ca419757ddb
seed,a2c_pointer,42,628,3947,0.452183720710506,,,,external_multimap_v3_1,108,64b3e7eb929c5ddc5f8cd2efc3a4c199933c03d038bdbe8cd2ab5acb207388a5,paper_runs/multimap_v3_1/formal_training/formal_a2c_pointer_seed42_3000ep/training_metrics.jsonl,f187d3fcd0734379aea2baa60644426beda3dc456c92fc2a97204ca419757ddb
seed,a2c_pointer,42,788,5093,0.467116638321995,,,,external_multimap_v3_1,108,64b3e7eb929c5ddc5f8cd2efc3a4c199933c03d038bdbe8cd2ab5acb207388a5,paper_runs/multimap_v3_1/formal_training/formal_a2c_pointer_seed42_3000ep/training_metrics.jsonl,f187d3fcd0734379aea2baa60644426beda3dc456c92fc2a97204ca419757ddb
seed,a2c_pointer,42,948,6386,0.480664210128496,,,,external_multimap_v3_1,108,64b3e7eb929c5ddc5f8cd2efc3a4c199933c03d038bdbe8cd2ab5acb207388a5,paper_runs/multimap_v3_1/formal_training/formal_a2c_pointer_seed42_3000ep/training_metrics.jsonl,f187d3fcd0734379aea2baa60644426beda3dc456c92fc2a97204ca419757ddb
seed,a2c_pointer,42,1000,6804,0.475823176492819,,,,external_multimap_v3_1,108,64b3e7eb929c5ddc5f8cd2efc3a4c199933c03d038bdbe8cd2ab5acb207388a5,paper_runs/multimap_v3_1/formal_training/formal_a2c_pointer_seed42_3000ep/training_metrics.jsonl,f187d3fcd0734379aea2baa60644426beda3dc456c92fc2a97204ca419757ddb
seed,a2c_pointer,42,1096,7532,0.482203089569161,,,,external_multimap_v3_1,108,64b3e7eb929c5ddc5f8cd2efc3a4c199933c03d038bdbe8cd2ab5acb207388a5,paper_runs/multimap_v3_1/formal_training/formal_a2c_pointer_seed42_3000ep/training_metrics.jsonl,f187d3fcd0734379aea2baa60644426beda3dc456c92fc2a97204ca419757ddb
seed,a2c_pointer,42,1256,8821,0.485833569538927,,,,external_multimap_v3_1,108,64b3e7eb929c5ddc5f8cd2efc3a4c199933c03d038bdbe8cd2ab5acb207388a5,paper_runs/multimap_v3_1/formal_training/formal_a2c_pointer_seed42_3000ep/training_metrics.jsonl,f187d3fcd0734379aea2baa60644426beda3dc456c92fc2a97204ca419757ddb
seed,a2c_pointer,42,1416,10189,0.495562877928949,,,,external_multimap_v3_1,108,64b3e7eb929c5ddc5f8cd2efc3a4c199933c03d038bdbe8cd2ab5acb207388a5,paper_runs/multimap_v3_1/formal_training/formal_a2c_pointer_seed42_3000ep/training_metrics.jsonl,f187d3fcd0734379aea2baa60644426beda3dc456c92fc2a97204ca419757ddb
seed,a2c_pointer,42,1500,10935,0.499825207860922,,,,external_multimap_v3_1,108,64b3e7eb929c5ddc5f8cd2efc3a4c199933c03d038bdbe8cd2ab5acb207388a5,paper_runs/multimap_v3_1/formal_training/formal_a2c_pointer_seed42_3000ep/training_metrics.jsonl,f187d3fcd0734379aea2baa60644426beda3dc456c92fc2a97204ca419757ddb
seed,a2c_pointer,42,1564,11472,0.497100576341648,,,,external_multimap_v3_1,108,64b3e7eb929c5ddc5f8cd2efc3a4c199933c03d038bdbe8cd2ab5acb207388a5,paper_runs/multimap_v3_1/formal_training/formal_a2c_pointer_seed42_3000ep/training_metrics.jsonl,f187d3fcd0734379aea2baa60644426beda3dc456c92fc2a97204ca419757ddb
seed,a2c_pointer,42,1724,12976,0.496399045729403,,,,external_multimap_v3_1,108,64b3e7eb929c5ddc5f8cd2efc3a4c199933c03d038bdbe8cd2ab5acb207388a5,paper_runs/multimap_v3_1/formal_training/formal_a2c_pointer_seed42_3000ep/training_metrics.jsonl,f187d3fcd0734379aea2baa60644426beda3dc456c92fc2a97204ca419757ddb
seed,a2c_pointer,42,1884,14504,0.494998346560846,,,,external_multimap_v3_1,108,64b3e7eb929c5ddc5f8cd2efc3a4c199933c03d038bdbe8cd2ab5acb207388a5,paper_runs/multimap_v3_1/formal_training/formal_a2c_pointer_seed42_3000ep/training_metrics.jsonl,f187d3fcd0734379aea2baa60644426beda3dc456c92fc2a97204ca419757ddb
seed,a2c_pointer,42,2000,15586,0.499180366591081,,,,external_multimap_v3_1,108,64b3e7eb929c5ddc5f8cd2efc3a4c199933c03d038bdbe8cd2ab5acb207388a5,paper_runs/multimap_v3_1/formal_training/formal_a2c_pointer_seed42_3000ep/training_metrics.jsonl,f187d3fcd0734379aea2baa60644426beda3dc456c92fc2a97204ca419757ddb
seed,a2c_pointer,42,2032,15894,0.499927957294029,,,,external_multimap_v3_1,108,64b3e7eb929c5ddc5f8cd2efc3a4c199933c03d038bdbe8cd2ab5acb207388a5,paper_runs/multimap_v3_1/formal_training/formal_a2c_pointer_seed42_3000ep/training_metrics.jsonl,f187d3fcd0734379aea2baa60644426beda3dc456c92fc2a97204ca419757ddb
seed,a2c_pointer,42,2192,17451,0.501201105442177,,,,external_multimap_v3_1,108,64b3e7eb929c5ddc5f8cd2efc3a4c199933c03d038bdbe8cd2ab5acb207388a5,paper_runs/multimap_v3_1/formal_training/formal_a2c_pointer_seed42_3000ep/training_metrics.jsonl,f187d3fcd0734379aea2baa60644426beda3dc456c92fc2a97204ca419757ddb
seed,a2c_pointer,42,2352,18995,0.50021376606198,,,,external_multimap_v3_1,108,64b3e7eb929c5ddc5f8cd2efc3a4c199933c03d038bdbe8cd2ab5acb207388a5,paper_runs/multimap_v3_1/formal_training/formal_a2c_pointer_seed42_3000ep/training_metrics.jsonl,f187d3fcd0734379aea2baa60644426beda3dc456c92fc2a97204ca419757ddb
seed,a2c_pointer,42,2500,20345,0.497170256991685,,,,external_multimap_v3_1,108,64b3e7eb929c5ddc5f8cd2efc3a4c199933c03d038bdbe8cd2ab5acb207388a5,paper_runs/multimap_v3_1/formal_training/formal_a2c_pointer_seed42_3000ep/training_metrics.jsonl,f187d3fcd0734379aea2baa60644426beda3dc456c92fc2a97204ca419757ddb
seed,a2c_pointer,42,2660,21715,0.497340325018896,,,,external_multimap_v3_1,108,64b3e7eb929c5ddc5f8cd2efc3a4c199933c03d038bdbe8cd2ab5acb207388a5,paper_runs/multimap_v3_1/formal_training/formal_a2c_pointer_seed42_3000ep/training_metrics.jsonl,f187d3fcd0734379aea2baa60644426beda3dc456c92fc2a97204ca419757ddb
seed,a2c_pointer,42,2820,23225,0.501146778155707,,,,external_multimap_v3_1,108,64b3e7eb929c5ddc5f8cd2efc3a4c199933c03d038bdbe8cd2ab5acb207388a5,paper_runs/multimap_v3_1/formal_training/formal_a2c_pointer_seed42_3000ep/training_metrics.jsonl,f187d3fcd0734379aea2baa60644426beda3dc456c92fc2a97204ca419757ddb
seed,a2c_pointer,42,2980,24696,0.501420776643991,,,,external_multimap_v3_1,108,64b3e7eb929c5ddc5f8cd2efc3a4c199933c03d038bdbe8cd2ab5acb207388a5,paper_runs/multimap_v3_1/formal_training/formal_a2c_pointer_seed42_3000ep/training_metrics.jsonl,f187d3fcd0734379aea2baa60644426beda3dc456c92fc2a97204ca419757ddb
seed,a2c_pointer,42,3000,24893,0.498053665910809,,,,external_multimap_v3_1,108,64b3e7eb929c5ddc5f8cd2efc3a4c199933c03d038bdbe8cd2ab5acb207388a5,paper_runs/multimap_v3_1/formal_training/formal_a2c_pointer_seed42_3000ep/training_metrics.jsonl,f187d3fcd0734379aea2baa60644426beda3dc456c92fc2a97204ca419757ddb
seed,a2c_pointer,43,16,78,0.283955735071806,,,,external_multimap_v3_1,108,64b3e7eb929c5ddc5f8cd2efc3a4c199933c03d038bdbe8cd2ab5acb207388a5,paper_runs/multimap_v3_1/formal_training/formal_a2c_pointer_seed43_3000ep/training_metrics.jsonl,5d257f72c97ca76f3d6237b5f89e60b2f01e0ae9bace8445d6c30024c1e7d905
seed,a2c_pointer,43,160,900,0.425812547241119,,,,external_multimap_v3_1,108,64b3e7eb929c5ddc5f8cd2efc3a4c199933c03d038bdbe8cd2ab5acb207388a5,paper_runs/multimap_v3_1/formal_training/formal_a2c_pointer_seed43_3000ep/training_metrics.jsonl,5d257f72c97ca76f3d6237b5f89e60b2f01e0ae9bace8445d6c30024c1e7d905
seed,a2c_pointer,43,250,1443,0.449749622071051,,,,external_multimap_v3_1,108,64b3e7eb929c5ddc5f8cd2efc3a4c199933c03d038bdbe8cd2ab5acb207388a5,paper_runs/multimap_v3_1/formal_training/formal_a2c_pointer_seed43_3000ep/training_metrics.jsonl,5d257f72c97ca76f3d6237b5f89e60b2f01e0ae9bace8445d6c30024c1e7d905
seed,a2c_pointer,43,314,1859,0.455848450491308,,,,external_multimap_v3_1,108,64b3e7eb929c5ddc5f8cd2efc3a4c199933c03d038bdbe8cd2ab5acb207388a5,paper_runs/multimap_v3_1/formal_training/formal_a2c_pointer_seed43_3000ep/training_metrics.jsonl,5d257f72c97ca76f3d6237b5f89e60b2f01e0ae9bace8445d6c30024c1e7d905
seed,a2c_pointer,43,474,2941,0.472054516250945,,,,external_multimap_v3_1,108,64b3e7eb929c5ddc5f8cd2efc3a4c199933c03d038bdbe8cd2ab5acb207388a5,paper_runs/multimap_v3_1/formal_training/formal_a2c_pointer_seed43_3000ep/training_metrics.jsonl,5d257f72c97ca76f3d6237b5f89e60b2f01e0ae9bace8445d6c30024c1e7d905
seed,a2c_pointer,43,500,3116,0.471945861678005,,,,external_multimap_v3_1,108,64b3e7eb929c5ddc5f8cd2efc3a4c199933c03d038bdbe8cd2ab5acb207388a5,paper_runs/multimap_v3_1/formal_training/formal_a2c_pointer_seed43_3000ep/training_metrics.jsonl,5d257f72c97ca76f3d6237b5f89e60b2f01e0ae9bace8445d6c30024c1e7d905
seed,a2c_pointer,43,628,4012,0.466954837490552,,,,external_multimap_v3_1,108,64b3e7eb929c5ddc5f8cd2efc3a4c199933c03d038bdbe8cd2ab5acb207388a5,paper_runs/multimap_v3_1/formal_training/formal_a2c_pointer_seed43_3000ep/training_metrics.jsonl,5d257f72c97ca76f3d6237b5f89e60b2f01e0ae9bace8445d6c30024c1e7d905
seed,a2c_pointer,43,788,5216,0.474284297052154,,,,external_multimap_v3_1,108,64b3e7eb929c5ddc5f8cd2efc3a4c199933c03d038bdbe8cd2ab5acb207388a5,paper_runs/multimap_v3_1/formal_training/formal_a2c_pointer_seed43_3000ep/training_metrics.jsonl,5d257f72c97ca76f3d6237b5f89e60b2f01e0ae9bace8445d6c30024c1e7d905
seed,a2c_pointer,43,948,6527,0.492594954648526,,,,external_multimap_v3_1,108,64b3e7eb929c5ddc5f8cd2efc3a4c199933c03d038bdbe8cd2ab5acb207388a5,paper_runs/multimap_v3_1/formal_training/formal_a2c_pointer_seed43_3000ep/training_metrics.jsonl,5d257f72c97ca76f3d6237b5f89e60b2f01e0ae9bace8445d6c30024c1e7d905
seed,a2c_pointer,43,1000,7008,0.489023526077097,,,,external_multimap_v3_1,108,64b3e7eb929c5ddc5f8cd2efc3a4c199933c03d038bdbe8cd2ab5acb207388a5,paper_runs/multimap_v3_1/formal_training/formal_a2c_pointer_seed43_3000ep/training_metrics.jsonl,5d257f72c97ca76f3d6237b5f89e60b2f01e0ae9bace8445d6c30024c1e7d905
seed,a2c_pointer,43,1096,7914,0.496669501133787,,,,external_multimap_v3_1,108,64b3e7eb929c5ddc5f8cd2efc3a4c199933c03d038bdbe8cd2ab5acb207388a5,paper_runs/multimap_v3_1/formal_training/formal_a2c_pointer_seed43_3000ep/training_metrics.jsonl,5d257f72c97ca76f3d6237b5f89e60b2f01e0ae9bace8445d6c30024c1e7d905
seed,a2c_pointer,43,1256,9272,0.495828609221466,,,,external_multimap_v3_1,108,64b3e7eb929c5ddc5f8cd2efc3a4c199933c03d038bdbe8cd2ab5acb207388a5,paper_runs/multimap_v3_1/formal_training/formal_a2c_pointer_seed43_3000ep/training_metrics.jsonl,5d257f72c97ca76f3d6237b5f89e60b2f01e0ae9bace8445d6c30024c1e7d905
seed,a2c_pointer,43,1416,10694,0.492657549130763,,,,external_multimap_v3_1,108,64b3e7eb929c5ddc5f8cd2efc3a4c199933c03d038bdbe8cd2ab5acb207388a5,paper_runs/multimap_v3_1/formal_training/formal_a2c_pointer_seed43_3000ep/training_metrics.jsonl,5d257f72c97ca76f3d6237b5f89e60b2f01e0ae9bace8445d6c30024c1e7d905
seed,a2c_pointer,43,1500,11401,0.492267809901738,,,,external_multimap_v3_1,108,64b3e7eb929c5ddc5f8cd2efc3a4c199933c03d038bdbe8cd2ab5acb207388a5,paper_runs/multimap_v3_1/formal_training/formal_a2c_pointer_seed43_3000ep/training_metrics.jsonl,5d257f72c97ca76f3d6237b5f89e60b2f01e0ae9bace8445d6c30024c1e7d905
seed,a2c_pointer,43,1564,11971,0.492700066137566,,,,external_multimap_v3_1,108,64b3e7eb929c5ddc5f8cd2efc3a4c199933c03d038bdbe8cd2ab5acb207388a5,paper_runs/multimap_v3_1/formal_training/formal_a2c_pointer_seed43_3000ep/training_metrics.jsonl,5d257f72c97ca76f3d6237b5f89e60b2f01e0ae9bace8445d6c30024c1e7d905
seed,a2c_pointer,43,1724,13350,0.494618055555555,,,,external_multimap_v3_1,108,64b3e7eb929c5ddc5f8cd2efc3a4c199933c03d038bdbe8cd2ab5acb207388a5,paper_runs/multimap_v3_1/formal_training/formal_a2c_pointer_seed43_3000ep/training_metrics.jsonl,5d257f72c97ca76f3d6237b5f89e60b2f01e0ae9bace8445d6c30024c1e7d905
seed,a2c_pointer,43,1884,14840,0.50021022297808,,,,external_multimap_v3_1,108,64b3e7eb929c5ddc5f8cd2efc3a4c199933c03d038bdbe8cd2ab5acb207388a5,paper_runs/multimap_v3_1/formal_training/formal_a2c_pointer_seed43_3000ep/training_metrics.jsonl,5d257f72c97ca76f3d6237b5f89e60b2f01e0ae9bace8445d6c30024c1e7d905
seed,a2c_pointer,43,2000,15848,0.498080829554044,,,,external_multimap_v3_1,108,64b3e7eb929c5ddc5f8cd2efc3a4c199933c03d038bdbe8cd2ab5acb207388a5,paper_runs/multimap_v3_1/formal_training/formal_a2c_pointer_seed43_3000ep/training_metrics.jsonl,5d257f72c97ca76f3d6237b5f89e60b2f01e0ae9bace8445d6c30024c1e7d905
seed,a2c_pointer,43,2032,16148,0.499646872637944,,,,external_multimap_v3_1,108,64b3e7eb929c5ddc5f8cd2efc3a4c199933c03d038bdbe8cd2ab5acb207388a5,paper_runs/multimap_v3_1/formal_training/formal_a2c_pointer_seed43_3000ep/training_metrics.jsonl,5d257f72c97ca76f3d6237b5f89e60b2f01e0ae9bace8445d6c30024c1e7d905
seed,a2c_pointer,43,2192,17677,0.497837537792895,,,,external_multimap_v3_1,108,64b3e7eb929c5ddc5f8cd2efc3a4c199933c03d038bdbe8cd2ab5acb207388a5,paper_runs/multimap_v3_1/formal_training/formal_a2c_pointer_seed43_3000ep/training_metrics.jsonl,5d257f72c97ca76f3d6237b5f89e60b2f01e0ae9bace8445d6c30024c1e7d905
seed,a2c_pointer,43,2352,19240,0.500950727513228,,,,external_multimap_v3_1,108,64b3e7eb929c5ddc5f8cd2efc3a4c199933c03d038bdbe8cd2ab5acb207388a5,paper_runs/multimap_v3_1/formal_training/formal_a2c_pointer_seed43_3000ep/training_metrics.jsonl,5d257f72c97ca76f3d6237b5f89e60b2f01e0ae9bace8445d6c30024c1e7d905
seed,a2c_pointer,43,2500,20582,0.499890164399093,,,,external_multimap_v3_1,108,64b3e7eb929c5ddc5f8cd2efc3a4c199933c03d038bdbe8cd2ab5acb207388a5,paper_runs/multimap_v3_1/formal_training/formal_a2c_pointer_seed43_3000ep/training_metrics.jsonl,5d257f72c97ca76f3d6237b5f89e60b2f01e0ae9bace8445d6c30024c1e7d905
seed,a2c_pointer,43,2660,22075,0.498674886621315,,,,external_multimap_v3_1,108,64b3e7eb929c5ddc5f8cd2efc3a4c199933c03d038bdbe8cd2ab5acb207388a5,paper_runs/multimap_v3_1/formal_training/formal_a2c_pointer_seed43_3000ep/training_metrics.jsonl,5d257f72c97ca76f3d6237b5f89e60b2f01e0ae9bace8445d6c30024c1e7d905
seed,a2c_pointer,43,2820,23617,0.493872826908541,,,,external_multimap_v3_1,108,64b3e7eb929c5ddc5f8cd2efc3a4c199933c03d038bdbe8cd2ab5acb207388a5,paper_runs/multimap_v3_1/formal_training/formal_a2c_pointer_seed43_3000ep/training_metrics.jsonl,5d257f72c97ca76f3d6237b5f89e60b2f01e0ae9bace8445d6c30024c1e7d905
seed,a2c_pointer,43,2980,24976,0.49473615835223,,,,external_multimap_v3_1,108,64b3e7eb929c5ddc5f8cd2efc3a4c199933c03d038bdbe8cd2ab5acb207388a5,paper_runs/multimap_v3_1/formal_training/formal_a2c_pointer_seed43_3000ep/training_metrics.jsonl,5d257f72c97ca76f3d6237b5f89e60b2f01e0ae9bace8445d6c30024c1e7d905
seed,a2c_pointer,43,3000,25165,0.49473615835223,,,,external_multimap_v3_1,108,64b3e7eb929c5ddc5f8cd2efc3a4c199933c03d038bdbe8cd2ab5acb207388a5,paper_runs/multimap_v3_1/formal_training/formal_a2c_pointer_seed43_3000ep/training_metrics.jsonl,5d257f72c97ca76f3d6237b5f89e60b2f01e0ae9bace8445d6c30024c1e7d905
seed,a2c_pointer,44,16,76,0.24593962585034,,,,external_multimap_v3_1,108,64b3e7eb929c5ddc5f8cd2efc3a4c199933c03d038bdbe8cd2ab5acb207388a5,paper_runs/multimap_v3_1/formal_training/formal_a2c_pointer_seed44_3000ep/training_metrics.jsonl,a851fb71e0032fc16dcc7042ba2a9e319fcc05731f4fc531f5aa066a372999e0
seed,a2c_pointer,44,160,910,0.412922808012094,,,,external_multimap_v3_1,108,64b3e7eb929c5ddc5f8cd2efc3a4c199933c03d038bdbe8cd2ab5acb207388a5,paper_runs/multimap_v3_1/formal_training/formal_a2c_pointer_seed44_3000ep/training_metrics.jsonl,a851fb71e0032fc16dcc7042ba2a9e319fcc05731f4fc531f5aa066a372999e0
seed,a2c_pointer,44,250,1466,0.435786328420257,,,,external_multimap_v3_1,108,64b3e7eb929c5ddc5f8cd2efc3a4c199933c03d038bdbe8cd2ab5acb207388a5,paper_runs/multimap_v3_1/formal_training/formal_a2c_pointer_seed44_3000ep/training_metrics.jsonl,a851fb71e0032fc16dcc7042ba2a9e319fcc05731f4fc531f5aa066a372999e0
seed,a2c_pointer,44,314,1845,0.44306854686319,,,,external_multimap_v3_1,108,64b3e7eb929c5ddc5f8cd2efc3a4c199933c03d038bdbe8cd2ab5acb207388a5,paper_runs/multimap_v3_1/formal_training/formal_a2c_pointer_seed44_3000ep/training_metrics.jsonl,a851fb71e0032fc16dcc7042ba2a9e319fcc05731f4fc531f5aa066a372999e0
seed,a2c_pointer,44,474,2843,0.4557350718065,,,,external_multimap_v3_1,108,64b3e7eb929c5ddc5f8cd2efc3a4c199933c03d038bdbe8cd2ab5acb207388a5,paper_runs/multimap_v3_1/formal_training/formal_a2c_pointer_seed44_3000ep/training_metrics.jsonl,a851fb71e0032fc16dcc7042ba2a9e319fcc05731f4fc531f5aa066a372999e0
seed,a2c_pointer,44,500,3009,0.457409769463341,,,,external_multimap_v3_1,108,64b3e7eb929c5ddc5f8cd2efc3a4c199933c03d038bdbe8cd2ab5acb207388a5,paper_runs/multimap_v3_1/formal_training/formal_a2c_pointer_seed44_3000ep/training_metrics.jsonl,a851fb71e0032fc16dcc7042ba2a9e319fcc05731f4fc531f5aa066a372999e0
seed,a2c_pointer,44,628,3891,0.47474253590325,,,,external_multimap_v3_1,108,64b3e7eb929c5ddc5f8cd2efc3a4c199933c03d038bdbe8cd2ab5acb207388a5,paper_runs/multimap_v3_1/formal_training/formal_a2c_pointer_seed44_3000ep/training_metrics.jsonl,a851fb71e0032fc16dcc7042ba2a9e319fcc05731f4fc531f5aa066a372999e0
seed,a2c_pointer,44,788,5141,0.494390117157974,,,,external_multimap_v3_1,108,64b3e7eb929c5ddc5f8cd2efc3a4c199933c03d038bdbe8cd2ab5acb207388a5,paper_runs/multimap_v3_1/formal_training/formal_a2c_pointer_seed44_3000ep/training_metrics.jsonl,a851fb71e0032fc16dcc7042ba2a9e319fcc05731f4fc531f5aa066a372999e0
seed,a2c_pointer,44,948,6488,0.495068027210884,,,,external_multimap_v3_1,108,64b3e7eb929c5ddc5f8cd2efc3a4c199933c03d038bdbe8cd2ab5acb207388a5,paper_runs/multimap_v3_1/formal_training/formal_a2c_pointer_seed44_3000ep/training_metrics.jsonl,a851fb71e0032fc16dcc7042ba2a9e319fcc05731f4fc531f5aa066a372999e0
seed,a2c_pointer,44,1000,6938,0.494312169312169,,,,external_multimap_v3_1,108,64b3e7eb929c5ddc5f8cd2efc3a4c199933c03d038bdbe8cd2ab5acb207388a5,paper_runs/multimap_v3_1/formal_training/formal_a2c_pointer_seed44_3000ep/training_metrics.jsonl,a851fb71e0032fc16dcc7042ba2a9e319fcc05731f4fc531f5aa066a372999e0
seed,a2c_pointer,44,1096,7785,0.500387377173091,,,,external_multimap_v3_1,108,64b3e7eb929c5ddc5f8cd2efc3a4c199933c03d038bdbe8cd2ab5acb207388a5,paper_runs/multimap_v3_1/formal_training/formal_a2c_pointer_seed44_3000ep/training_metrics.jsonl,a851fb71e0032fc16dcc7042ba2a9e319fcc05731f4fc531f5aa066a372999e0
seed,a2c_pointer,44,1256,9335,0.499909060846561,,,,external_multimap_v3_1,108,64b3e7eb929c5ddc5f8cd2efc3a4c199933c03d038bdbe8cd2ab5acb207388a5,paper_runs/multimap_v3_1/formal_training/formal_a2c_pointer_seed44_3000ep/training_metrics.jsonl,a851fb71e0032fc16dcc7042ba2a9e319fcc05731f4fc531f5aa066a372999e0
seed,a2c_pointer,44,1416,10883,0.494323979591837,,,,external_multimap_v3_1,108,64b3e7eb929c5ddc5f8cd2efc3a4c199933c03d038bdbe8cd2ab5acb207388a5,paper_runs/multimap_v3_1/formal_training/formal_a2c_pointer_seed44_3000ep/training_metrics.jsonl,a851fb71e0032fc16dcc7042ba2a9e319fcc05731f4fc531f5aa066a372999e0
seed,a2c_pointer,44,1500,11729,0.502562830687831,,,,external_multimap_v3_1,108,64b3e7eb929c5ddc5f8cd2efc3a4c199933c03d038bdbe8cd2ab5acb207388a5,paper_runs/multimap_v3_1/formal_training/formal_a2c_pointer_seed44_3000ep/training_metrics.jsonl,a851fb71e0032fc16dcc7042ba2a9e319fcc05731f4fc531f5aa066a372999e0
seed,a2c_pointer,44,1564,12296,0.504857568027211,,,,external_multimap_v3_1,108,64b3e7eb929c5ddc5f8cd2efc3a4c199933c03d038bdbe8cd2ab5acb207388a5,paper_runs/multimap_v3_1/formal_training/formal_a2c_pointer_seed44_3000ep/training_metrics.jsonl,a851fb71e0032fc16dcc7042ba2a9e319fcc05731f4fc531f5aa066a372999e0
seed,a2c_pointer,44,1724,13774,0.496630527210884,,,,external_multimap_v3_1,108,64b3e7eb929c5ddc5f8cd2efc3a4c199933c03d038bdbe8cd2ab5acb207388a5,paper_runs/multimap_v3_1/formal_training/formal_a2c_pointer_seed44_3000ep/training_metrics.jsonl,a851fb71e0032fc16dcc7042ba2a9e319fcc05731f4fc531f5aa066a372999e0
seed,a2c_pointer,44,1884,15253,0.498428051776266,,,,external_multimap_v3_1,108,64b3e7eb929c5ddc5f8cd2efc3a4c199933c03d038bdbe8cd2ab5acb207388a5,paper_runs/multimap_v3_1/formal_training/formal_a2c_pointer_seed44_3000ep/training_metrics.jsonl,a851fb71e0032fc16dcc7042ba2a9e319fcc05731f4fc531f5aa066a372999e0
seed,a2c_pointer,44,2000,16285,0.497779667422524,,,,external_multimap_v3_1,108,64b3e7eb929c5ddc5f8cd2efc3a4c199933c03d038bdbe8cd2ab5acb207388a5,paper_runs/multimap_v3_1/formal_training/formal_a2c_pointer_seed44_3000ep/training_metrics.jsonl,a851fb71e0032fc16dcc7042ba2a9e319fcc05731f4fc531f5aa066a372999e0
seed,a2c_pointer,44,2032,16591,0.498276880196523,,,,external_multimap_v3_1,108,64b3e7eb929c5ddc5f8cd2efc3a4c199933c03d038bdbe8cd2ab5acb207388a5,paper_runs/multimap_v3_1/formal_training/formal_a2c_pointer_seed44_3000ep/training_metrics.jsonl,a851fb71e0032fc16dcc7042ba2a9e319fcc05731f4fc531f5aa066a372999e0
seed,a2c_pointer,44,2192,18018,0.501656982237339,,,,external_multimap_v3_1,108,64b3e7eb929c5ddc5f8cd2efc3a4c199933c03d038bdbe8cd2ab5acb207388a5,paper_runs/multimap_v3_1/formal_training/formal_a2c_pointer_seed44_3000ep/training_metrics.jsonl,a851fb71e0032fc16dcc7042ba2a9e319fcc05731f4fc531f5aa066a372999e0
seed,a2c_pointer,44,2352,19502,0.501023951247165,,,,external_multimap_v3_1,108,64b3e7eb929c5ddc5f8cd2efc3a4c199933c03d038bdbe8cd2ab5acb207388a5,paper_runs/multimap_v3_1/formal_training/formal_a2c_pointer_seed44_3000ep/training_metrics.jsonl,a851fb71e0032fc16dcc7042ba2a9e319fcc05731f4fc531f5aa066a372999e0
seed,a2c_pointer,44,2500,20796,0.499974017384732,,,,external_multimap_v3_1,108,64b3e7eb929c5ddc5f8cd2efc3a4c199933c03d038bdbe8cd2ab5acb207388a5,paper_runs/multimap_v3_1/formal_training/formal_a2c_pointer_seed44_3000ep/training_metrics.jsonl,a851fb71e0032fc16dcc7042ba2a9e319fcc05731f4fc531f5aa066a372999e0
seed,a2c_pointer,44,2660,22320,0.50203727324263,,,,external_multimap_v3_1,108,64b3e7eb929c5ddc5f8cd2efc3a4c199933c03d038bdbe8cd2ab5acb207388a5,paper_runs/multimap_v3_1/formal_training/formal_a2c_pointer_seed44_3000ep/training_metrics.jsonl,a851fb71e0032fc16dcc7042ba2a9e319fcc05731f4fc531f5aa066a372999e0
seed,a2c_pointer,44,2820,23854,0.505594529478458,,,,external_multimap_v3_1,108,64b3e7eb929c5ddc5f8cd2efc3a4c199933c03d038bdbe8cd2ab5acb207388a5,paper_runs/multimap_v3_1/formal_training/formal_a2c_pointer_seed44_3000ep/training_metrics.jsonl,a851fb71e0032fc16dcc7042ba2a9e319fcc05731f4fc531f5aa066a372999e0
seed,a2c_pointer,44,2980,25356,0.503684807256236,,,,external_multimap_v3_1,108,64b3e7eb929c5ddc5f8cd2efc3a4c199933c03d038bdbe8cd2ab5acb207388a5,paper_runs/multimap_v3_1/formal_training/formal_a2c_pointer_seed44_3000ep/training_metrics.jsonl,a851fb71e0032fc16dcc7042ba2a9e319fcc05731f4fc531f5aa066a372999e0
seed,a2c_pointer,44,3000,25539,0.503352938397581,,,,external_multimap_v3_1,108,64b3e7eb929c5ddc5f8cd2efc3a4c199933c03d038bdbe8cd2ab5acb207388a5,paper_runs/multimap_v3_1/formal_training/formal_a2c_pointer_seed44_3000ep/training_metrics.jsonl,a851fb71e0032fc16dcc7042ba2a9e319fcc05731f4fc531f5aa066a372999e0
seed,a2c_pointer,45,16,70,0.0426646352985639,,,,external_multimap_v3_1,108,64b3e7eb929c5ddc5f8cd2efc3a4c199933c03d038bdbe8cd2ab5acb207388a5,paper_runs/multimap_v3_1/formal_training/formal_a2c_pointer_seed45_3000ep/training_metrics.jsonl,07610515aa3695e514b2ffee628395855b637ae849964111c7d7f2aeeac75802
seed,a2c_pointer,45,160,903,0.422428902116402,,,,external_multimap_v3_1,108,64b3e7eb929c5ddc5f8cd2efc3a4c199933c03d038bdbe8cd2ab5acb207388a5,paper_runs/multimap_v3_1/formal_training/formal_a2c_pointer_seed45_3000ep/training_metrics.jsonl,07610515aa3695e514b2ffee628395855b637ae849964111c7d7f2aeeac75802
seed,a2c_pointer,45,250,1476,0.438525132275132,,,,external_multimap_v3_1,108,64b3e7eb929c5ddc5f8cd2efc3a4c199933c03d038bdbe8cd2ab5acb207388a5,paper_runs/multimap_v3_1/formal_training/formal_a2c_pointer_seed45_3000ep/training_metrics.jsonl,07610515aa3695e514b2ffee628395855b637ae849964111c7d7f2aeeac75802
seed,a2c_pointer,45,314,1853,0.449383503401361,,,,external_multimap_v3_1,108,64b3e7eb929c5ddc5f8cd2efc3a4c199933c03d038bdbe8cd2ab5acb207388a5,paper_runs/multimap_v3_1/formal_training/formal_a2c_pointer_seed45_3000ep/training_metrics.jsonl,07610515aa3695e514b2ffee628395855b637ae849964111c7d7f2aeeac75802
seed,a2c_pointer,45,474,2917,0.464905753968254,,,,external_multimap_v3_1,108,64b3e7eb929c5ddc5f8cd2efc3a4c199933c03d038bdbe8cd2ab5acb207388a5,paper_runs/multimap_v3_1/formal_training/formal_a2c_pointer_seed45_3000ep/training_metrics.jsonl,07610515aa3695e514b2ffee628395855b637ae849964111c7d7f2aeeac75802
seed,a2c_pointer,45,500,3102,0.46343183106576,,,,external_multimap_v3_1,108,64b3e7eb929c5ddc5f8cd2efc3a4c199933c03d038bdbe8cd2ab5acb207388a5,paper_runs/multimap_v3_1/formal_training/formal_a2c_pointer_seed45_3000ep/training_metrics.jsonl,07610515aa3695e514b2ffee628395855b637ae849964111c7d7f2aeeac75802
seed,a2c_pointer,45,628,3990,0.474730725623583,,,,external_multimap_v3_1,108,64b3e7eb929c5ddc5f8cd2efc3a4c199933c03d038bdbe8cd2ab5acb207388a5,paper_runs/multimap_v3_1/formal_training/formal_a2c_pointer_seed45_3000ep/training_metrics.jsonl,07610515aa3695e514b2ffee628395855b637ae849964111c7d7f2aeeac75802
seed,a2c_pointer,45,788,5215,0.487638180272109,,,,external_multimap_v3_1,108,64b3e7eb929c5ddc5f8cd2efc3a4c199933c03d038bdbe8cd2ab5acb207388a5,paper_runs/multimap_v3_1/formal_training/formal_a2c_pointer_seed45_3000ep/training_metrics.jsonl,07610515aa3695e514b2ffee628395855b637ae849964111c7d7f2aeeac75802
seed,a2c_pointer,45,948,6565,0.497968631897203,,,,external_multimap_v3_1,108,64b3e7eb929c5ddc5f8cd2efc3a4c199933c03d038bdbe8cd2ab5acb207388a5,paper_runs/multimap_v3_1/formal_training/formal_a2c_pointer_seed45_3000ep/training_metrics.jsonl,07610515aa3695e514b2ffee628395855b637ae849964111c7d7f2aeeac75802
seed,a2c_pointer,45,1000,7004,0.497679280045351,,,,external_multimap_v3_1,108,64b3e7eb929c5ddc5f8cd2efc3a4c199933c03d038bdbe8cd2ab5acb207388a5,paper_runs/multimap_v3_1/formal_training/formal_a2c_pointer_seed45_3000ep/training_metrics.jsonl,07610515aa3695e514b2ffee628395855b637ae849964111c7d7f2aeeac75802
seed,a2c_pointer,45,1096,7839,0.496545493197279,,,,external_multimap_v3_1,108,64b3e7eb929c5ddc5f8cd2efc3a4c199933c03d038bdbe8cd2ab5acb207388a5,paper_runs/multimap_v3_1/formal_training/formal_a2c_pointer_seed45_3000ep/training_metrics.jsonl,07610515aa3695e514b2ffee628395855b637ae849964111c7d7f2aeeac75802
seed,a2c_pointer,45,1256,9234,0.484965513983371,,,,external_multimap_v3_1,108,64b3e7eb929c5ddc5f8cd2efc3a4c199933c03d038bdbe8cd2ab5acb207388a5,paper_runs/multimap_v3_1/formal_training/formal_a2c_pointer_seed45_3000ep/training_metrics.jsonl,07610515aa3695e514b2ffee628395855b637ae849964111c7d7f2aeeac75802
seed,a2c_pointer,45,1416,10627,0.496669501133787,,,,external_multimap_v3_1,108,64b3e7eb929c5ddc5f8cd2efc3a4c199933c03d038bdbe8cd2ab5acb207388a5,paper_runs/multimap_v3_1/formal_training/formal_a2c_pointer_seed45_3000ep/training_metrics.jsonl,07610515aa3695e514b2ffee628395855b637ae849964111c7d7f2aeeac75802
seed,a2c_pointer,45,1500,11339,0.497714710884354,,,,external_multimap_v3_1,108,64b3e7eb929c5ddc5f8cd2efc3a4c199933c03d038bdbe8cd2ab5acb207388a5,paper_runs/multimap_v3_1/formal_training/formal_a2c_pointer_seed45_3000ep/training_metrics.jsonl,07610515aa3695e514b2ffee628395855b637ae849964111c7d7f2aeeac75802
seed,a2c_pointer,45,1564,11867,0.498967781557067,,,,external_multimap_v3_1,108,64b3e7eb929c5ddc5f8cd2efc3a4c199933c03d038bdbe8cd2ab5acb207388a5,paper_runs/multimap_v3_1/formal_training/formal_a2c_pointer_seed45_3000ep/training_metrics.jsonl,07610515aa3695e514b2ffee628395855b637ae849964111c7d7f2aeeac75802
seed,a2c_pointer,45,1724,13264,0.498300500755858,,,,external_multimap_v3_1,108,64b3e7eb929c5ddc5f8cd2efc3a4c199933c03d038bdbe8cd2ab5acb207388a5,paper_runs/multimap_v3_1/formal_training/formal_a2c_pointer_seed45_3000ep/training_metrics.jsonl,07610515aa3695e514b2ffee628395855b637ae849964111c7d7f2aeeac75802
seed,a2c_pointer,45,1884,14701,0.500436980347694,,,,external_multimap_v3_1,108,64b3e7eb929c5ddc5f8cd2efc3a4c199933c03d038bdbe8cd2ab5acb207388a5,paper_runs/multimap_v3_1/formal_training/formal_a2c_pointer_seed45_3000ep/training_metrics.jsonl,07610515aa3695e514b2ffee628395855b637ae849964111c7d7f2aeeac75802
seed,a2c_pointer,45,2000,15720,0.495670351473923,,,,external_multimap_v3_1,108,64b3e7eb929c5ddc5f8cd2efc3a4c199933c03d038bdbe8cd2ab5acb207388a5,paper_runs/multimap_v3_1/formal_training/formal_a2c_pointer_seed45_3000ep/training_metrics.jsonl,07610515aa3695e514b2ffee628395855b637ae849964111c7d7f2aeeac75802
seed,a2c_pointer,45,2032,16009,0.495323129251701,,,,external_multimap_v3_1,108,64b3e7eb929c5ddc5f8cd2efc3a4c199933c03d038bdbe8cd2ab5acb207388a5,paper_runs/multimap_v3_1/formal_training/formal_a2c_pointer_seed45_3000ep/training_metrics.jsonl,07610515aa3695e514b2ffee628395855b637ae849964111c7d7f2aeeac75802
seed,a2c_pointer,45,2192,17490,0.498428051776266,,,,external_multimap_v3_1,108,64b3e7eb929c5ddc5f8cd2efc3a4c199933c03d038bdbe8cd2ab5acb207388a5,paper_runs/multimap_v3_1/formal_training/formal_a2c_pointer_seed45_3000ep/training_metrics.jsonl,07610515aa3695e514b2ffee628395855b637ae849964111c7d7f2aeeac75802
seed,a2c_pointer,45,2352,18932,0.497648573318216,,,,external_multimap_v3_1,108,64b3e7eb929c5ddc5f8cd2efc3a4c199933c03d038bdbe8cd2ab5acb207388a5,paper_runs/multimap_v3_1/formal_training/formal_a2c_pointer_seed45_3000ep/training_metrics.jsonl,07610515aa3695e514b2ffee628395855b637ae849964111c7d7f2aeeac75802
seed,a2c_pointer,45,2500,20290,0.497987528344671,,,,external_multimap_v3_1,108,64b3e7eb929c5ddc5f8cd2efc3a4c199933c03d038bdbe8cd2ab5acb207388a5,paper_runs/multimap_v3_1/formal_training/formal_a2c_pointer_seed45_3000ep/training_metrics.jsonl,07610515aa3695e514b2ffee628395855b637ae849964111c7d7f2aeeac75802
seed,a2c_pointer,45,2660,21784,0.498785903250189,,,,external_multimap_v3_1,108,64b3e7eb929c5ddc5f8cd2efc3a4c199933c03d038bdbe8cd2ab5acb207388a5,paper_runs/multimap_v3_1/formal_training/formal_a2c_pointer_seed45_3000ep/training_metrics.jsonl,07610515aa3695e514b2ffee628395855b637ae849964111c7d7f2aeeac75802
seed,a2c_pointer,45,2820,23107,0.487743291761149,,,,external_multimap_v3_1,108,64b3e7eb929c5ddc5f8cd2efc3a4c199933c03d038bdbe8cd2ab5acb207388a5,paper_runs/multimap_v3_1/formal_training/formal_a2c_pointer_seed45_3000ep/training_metrics.jsonl,07610515aa3695e514b2ffee628395855b637ae849964111c7d7f2aeeac75802
seed,a2c_pointer,45,2980,24485,0.501405423280423,,,,external_multimap_v3_1,108,64b3e7eb929c5ddc5f8cd2efc3a4c199933c03d038bdbe8cd2ab5acb207388a5,paper_runs/multimap_v3_1/formal_training/formal_a2c_pointer_seed45_3000ep/training_metrics.jsonl,07610515aa3695e514b2ffee628395855b637ae849964111c7d7f2aeeac75802
seed,a2c_pointer,45,3000,24665,0.501405423280423,,,,external_multimap_v3_1,108,64b3e7eb929c5ddc5f8cd2efc3a4c199933c03d038bdbe8cd2ab5acb207388a5,paper_runs/multimap_v3_1/formal_training/formal_a2c_pointer_seed45_3000ep/training_metrics.jsonl,07610515aa3695e514b2ffee628395855b637ae849964111c7d7f2aeeac75802
seed,a2c_pointer,46,16,78,0.390263605442177,,,,external_multimap_v3_1,108,64b3e7eb929c5ddc5f8cd2efc3a4c199933c03d038bdbe8cd2ab5acb207388a5,paper_runs/multimap_v3_1/formal_training/formal_a2c_pointer_seed46_3000ep/training_metrics.jsonl,47afb18808f50581223846de7dcb5ad60fb5ff058386e48d05acca3070b4733f
seed,a2c_pointer,46,160,902,0.435982379062736,,,,external_multimap_v3_1,108,64b3e7eb929c5ddc5f8cd2efc3a4c199933c03d038bdbe8cd2ab5acb207388a5,paper_runs/multimap_v3_1/formal_training/formal_a2c_pointer_seed46_3000ep/training_metrics.jsonl,47afb18808f50581223846de7dcb5ad60fb5ff058386e48d05acca3070b4733f
seed,a2c_pointer,46,250,1491,0.446575018896447,,,,external_multimap_v3_1,108,64b3e7eb929c5ddc5f8cd2efc3a4c199933c03d038bdbe8cd2ab5acb207388a5,paper_runs/multimap_v3_1/formal_training/formal_a2c_pointer_seed46_3000ep/training_metrics.jsonl,47afb18808f50581223846de7dcb5ad60fb5ff058386e48d05acca3070b4733f
seed,a2c_pointer,46,314,1902,0.448445767195767,,,,external_multimap_v3_1,108,64b3e7eb929c5ddc5f8cd2efc3a4c199933c03d038bdbe8cd2ab5acb207388a5,paper_runs/multimap_v3_1/formal_training/formal_a2c_pointer_seed46_3000ep/training_metrics.jsonl,47afb18808f50581223846de7dcb5ad60fb5ff058386e48d05acca3070b4733f
seed,a2c_pointer,46,474,2953,0.45270101095994,,,,external_multimap_v3_1,108,64b3e7eb929c5ddc5f8cd2efc3a4c199933c03d038bdbe8cd2ab5acb207388a5,paper_runs/multimap_v3_1/formal_training/formal_a2c_pointer_seed46_3000ep/training_metrics.jsonl,47afb18808f50581223846de7dcb5ad60fb5ff058386e48d05acca3070b4733f
seed,a2c_pointer,46,500,3121,0.454510345804989,,,,external_multimap_v3_1,108,64b3e7eb929c5ddc5f8cd2efc3a4c199933c03d038bdbe8cd2ab5acb207388a5,paper_runs/multimap_v3_1/formal_training/formal_a2c_pointer_seed46_3000ep/training_metrics.jsonl,47afb18808f50581223846de7dcb5ad60fb5ff058386e48d05acca3070b4733f
seed,a2c_pointer,46,628,4055,0.460866638321995,,,,external_multimap_v3_1,108,64b3e7eb929c5ddc5f8cd2efc3a4c199933c03d038bdbe8cd2ab5acb207388a5,paper_runs/multimap_v3_1/formal_training/formal_a2c_pointer_seed46_3000ep/training_metrics.jsonl,47afb18808f50581223846de7dcb5ad60fb5ff058386e48d05acca3070b4733f
seed,a2c_pointer,46,788,5314,0.479365079365079,,,,external_multimap_v3_1,108,64b3e7eb929c5ddc5f8cd2efc3a4c199933c03d038bdbe8cd2ab5acb207388a5,paper_runs/multimap_v3_1/formal_training/formal_a2c_pointer_seed46_3000ep/training_metrics.jsonl,47afb18808f50581223846de7dcb5ad60fb5ff058386e48d05acca3070b4733f
seed,a2c_pointer,46,948,6651,0.483986441798942,,,,external_multimap_v3_1,108,64b3e7eb929c5ddc5f8cd2efc3a4c199933c03d038bdbe8cd2ab5acb207388a5,paper_runs/multimap_v3_1/formal_training/formal_a2c_pointer_seed46_3000ep/training_metrics.jsonl,47afb18808f50581223846de7dcb5ad60fb5ff058386e48d05acca3070b4733f
seed,a2c_pointer,46,1000,7043,0.487901549508692,,,,external_multimap_v3_1,108,64b3e7eb929c5ddc5f8cd2efc3a4c199933c03d038bdbe8cd2ab5acb207388a5,paper_runs/multimap_v3_1/formal_training/formal_a2c_pointer_seed46_3000ep/training_metrics.jsonl,47afb18808f50581223846de7dcb5ad60fb5ff058386e48d05acca3070b4733f
seed,a2c_pointer,46,1096,7867,0.488919595616024,,,,external_multimap_v3_1,108,64b3e7eb929c5ddc5f8cd2efc3a4c199933c03d038bdbe8cd2ab5acb207388a5,paper_runs/multimap_v3_1/formal_training/formal_a2c_pointer_seed46_3000ep/training_metrics.jsonl,47afb18808f50581223846de7dcb5ad60fb5ff058386e48d05acca3070b4733f
seed,a2c_pointer,46,1256,9297,0.495357379062736,,,,external_multimap_v3_1,108,64b3e7eb929c5ddc5f8cd2efc3a4c199933c03d038bdbe8cd2ab5acb207388a5,paper_runs/multimap_v3_1/formal_training/formal_a2c_pointer_seed46_3000ep/training_metrics.jsonl,47afb18808f50581223846de7dcb5ad60fb5ff058386e48d05acca3070b4733f
seed,a2c_pointer,46,1416,10699,0.494555461073318,,,,external_multimap_v3_1,108,64b3e7eb929c5ddc5f8cd2efc3a4c199933c03d038bdbe8cd2ab5acb207388a5,paper_runs/multimap_v3_1/formal_training/formal_a2c_pointer_seed46_3000ep/training_metrics.jsonl,47afb18808f50581223846de7dcb5ad60fb5ff058386e48d05acca3070b4733f
seed,a2c_pointer,46,1500,11456,0.498366638321995,,,,external_multimap_v3_1,108,64b3e7eb929c5ddc5f8cd2efc3a4c199933c03d038bdbe8cd2ab5acb207388a5,paper_runs/multimap_v3_1/formal_training/formal_a2c_pointer_seed46_3000ep/training_metrics.jsonl,47afb18808f50581223846de7dcb5ad60fb5ff058386e48d05acca3070b4733f
seed,a2c_pointer,46,1564,12001,0.499585459183673,,,,external_multimap_v3_1,108,64b3e7eb929c5ddc5f8cd2efc3a4c199933c03d038bdbe8cd2ab5acb207388a5,paper_runs/multimap_v3_1/formal_training/formal_a2c_pointer_seed46_3000ep/training_metrics.jsonl,47afb18808f50581223846de7dcb5ad60fb5ff058386e48d05acca3070b4733f
seed,a2c_pointer,46,1724,13394,0.487870842781557,,,,external_multimap_v3_1,108,64b3e7eb929c5ddc5f8cd2efc3a4c199933c03d038bdbe8cd2ab5acb207388a5,paper_runs/multimap_v3_1/formal_training/formal_a2c_pointer_seed46_3000ep/training_metrics.jsonl,47afb18808f50581223846de7dcb5ad60fb5ff058386e48d05acca3070b4733f
seed,a2c_pointer,46,1884,14751,0.491183626228269,,,,external_multimap_v3_1,108,64b3e7eb929c5ddc5f8cd2efc3a4c199933c03d038bdbe8cd2ab5acb207388a5,paper_runs/multimap_v3_1/formal_training/formal_a2c_pointer_seed46_3000ep/training_metrics.jsonl,47afb18808f50581223846de7dcb5ad60fb5ff058386e48d05acca3070b4733f
seed,a2c_pointer,46,2000,15761,0.501166855631141,,,,external_multimap_v3_1,108,64b3e7eb929c5ddc5f8cd2efc3a4c199933c03d038bdbe8cd2ab5acb207388a5,paper_runs/multimap_v3_1/formal_training/formal_a2c_pointer_seed46_3000ep/training_metrics.jsonl,47afb18808f50581223846de7dcb5ad60fb5ff058386e48d05acca3070b4733f
seed,a2c_pointer,46,2032,16069,0.50141369047619,,,,external_multimap_v3_1,108,64b3e7eb929c5ddc5f8cd2efc3a4c199933c03d038bdbe8cd2ab5acb207388a5,paper_runs/multimap_v3_1/formal_training/formal_a2c_pointer_seed46_3000ep/training_metrics.jsonl,47afb18808f50581223846de7dcb5ad60fb5ff058386e48d05acca3070b4733f
seed,a2c_pointer,46,2192,17505,0.495303051776266,,,,external_multimap_v3_1,108,64b3e7eb929c5ddc5f8cd2efc3a4c199933c03d038bdbe8cd2ab5acb207388a5,paper_runs/multimap_v3_1/formal_training/formal_a2c_pointer_seed46_3000ep/training_metrics.jsonl,47afb18808f50581223846de7dcb5ad60fb5ff058386e48d05acca3070b4733f
seed,a2c_pointer,46,2352,19016,0.49859339569161,,,,external_multimap_v3_1,108,64b3e7eb929c5ddc5f8cd2efc3a4c199933c03d038bdbe8cd2ab5acb207388a5,paper_runs/multimap_v3_1/formal_training/formal_a2c_pointer_seed46_3000ep/training_metrics.jsonl,47afb18808f50581223846de7dcb5ad60fb5ff058386e48d05acca3070b4733f
seed,a2c_pointer,46,2500,20379,0.496084892290249,,,,external_multimap_v3_1,108,64b3e7eb929c5ddc5f8cd2efc3a4c199933c03d038bdbe8cd2ab5acb207388a5,paper_runs/multimap_v3_1/formal_training/formal_a2c_pointer_seed46_3000ep/training_metrics.jsonl,47afb18808f50581223846de7dcb5ad60fb5ff058386e48d05acca3070b4733f
seed,a2c_pointer,46,2660,21937,0.492362292139078,,,,external_multimap_v3_1,108,64b3e7eb929c5ddc5f8cd2efc3a4c199933c03d038bdbe8cd2ab5acb207388a5,paper_runs/multimap_v3_1/formal_training/formal_a2c_pointer_seed46_3000ep/training_metrics.jsonl,47afb18808f50581223846de7dcb5ad60fb5ff058386e48d05acca3070b4733f
seed,a2c_pointer,46,2820,23463,0.498004062736206,,,,external_multimap_v3_1,108,64b3e7eb929c5ddc5f8cd2efc3a4c199933c03d038bdbe8cd2ab5acb207388a5,paper_runs/multimap_v3_1/formal_training/formal_a2c_pointer_seed46_3000ep/training_metrics.jsonl,47afb18808f50581223846de7dcb5ad60fb5ff058386e48d05acca3070b4733f
seed,a2c_pointer,46,2980,24915,0.496538407029478,,,,external_multimap_v3_1,108,64b3e7eb929c5ddc5f8cd2efc3a4c199933c03d038bdbe8cd2ab5acb207388a5,paper_runs/multimap_v3_1/formal_training/formal_a2c_pointer_seed46_3000ep/training_metrics.jsonl,47afb18808f50581223846de7dcb5ad60fb5ff058386e48d05acca3070b4733f
seed,a2c_pointer,46,3000,25104,0.49604473733938,,,,external_multimap_v3_1,108,64b3e7eb929c5ddc5f8cd2efc3a4c199933c03d038bdbe8cd2ab5acb207388a5,paper_runs/multimap_v3_1/formal_training/formal_a2c_pointer_seed46_3000ep/training_metrics.jsonl,47afb18808f50581223846de7dcb5ad60fb5ff058386e48d05acca3070b4733f
summary,a2c_pointer,,16,,,0.28245346749811,0.24593962585034,0.283955735071806,external_multimap_v3_1,108,64b3e7eb929c5ddc5f8cd2efc3a4c199933c03d038bdbe8cd2ab5acb207388a5,derived_from_five_seed_rows_at_same_recorded_episode,
summary,a2c_pointer,,160,,,0.422428902116402,0.415715939153439,0.425812547241119,external_multimap_v3_1,108,64b3e7eb929c5ddc5f8cd2efc3a4c199933c03d038bdbe8cd2ab5acb207388a5,derived_from_five_seed_rows_at_same_recorded_episode,
summary,a2c_pointer,,250,,,0.438525132275132,0.435786328420257,0.446575018896447,external_multimap_v3_1,108,64b3e7eb929c5ddc5f8cd2efc3a4c199933c03d038bdbe8cd2ab5acb207388a5,derived_from_five_seed_rows_at_same_recorded_episode,
summary,a2c_pointer,,314,,,0.448445767195767,0.44306854686319,0.449383503401361,external_multimap_v3_1,108,64b3e7eb929c5ddc5f8cd2efc3a4c199933c03d038bdbe8cd2ab5acb207388a5,derived_from_five_seed_rows_at_same_recorded_episode,
summary,a2c_pointer,,474,,,0.4557350718065,0.45270101095994,0.464905753968254,external_multimap_v3_1,108,64b3e7eb929c5ddc5f8cd2efc3a4c199933c03d038bdbe8cd2ab5acb207388a5,derived_from_five_seed_rows_at_same_recorded_episode,
summary,a2c_pointer,,500,,,0.457409769463341,0.454510345804989,0.46343183106576,external_multimap_v3_1,108,64b3e7eb929c5ddc5f8cd2efc3a4c199933c03d038bdbe8cd2ab5acb207388a5,derived_from_five_seed_rows_at_same_recorded_episode,
summary,a2c_pointer,,628,,,0.466954837490552,0.460866638321995,0.474730725623583,external_multimap_v3_1,108,64b3e7eb929c5ddc5f8cd2efc3a4c199933c03d038bdbe8cd2ab5acb207388a5,derived_from_five_seed_rows_at_same_recorded_episode,
summary,a2c_pointer,,788,,,0.479365079365079,0.474284297052154,0.487638180272109,external_multimap_v3_1,108,64b3e7eb929c5ddc5f8cd2efc3a4c199933c03d038bdbe8cd2ab5acb207388a5,derived_from_five_seed_rows_at_same_recorded_episode,
summary,a2c_pointer,,948,,,0.492594954648526,0.483986441798942,0.495068027210884,external_multimap_v3_1,108,64b3e7eb929c5ddc5f8cd2efc3a4c199933c03d038bdbe8cd2ab5acb207388a5,derived_from_five_seed_rows_at_same_recorded_episode,
summary,a2c_pointer,,1000,,,0.489023526077097,0.487901549508692,0.494312169312169,external_multimap_v3_1,108,64b3e7eb929c5ddc5f8cd2efc3a4c199933c03d038bdbe8cd2ab5acb207388a5,derived_from_five_seed_rows_at_same_recorded_episode,
summary,a2c_pointer,,1096,,,0.496545493197279,0.488919595616024,0.496669501133787,external_multimap_v3_1,108,64b3e7eb929c5ddc5f8cd2efc3a4c199933c03d038bdbe8cd2ab5acb207388a5,derived_from_five_seed_rows_at_same_recorded_episode,
summary,a2c_pointer,,1256,,,0.495357379062736,0.485833569538927,0.495828609221466,external_multimap_v3_1,108,64b3e7eb929c5ddc5f8cd2efc3a4c199933c03d038bdbe8cd2ab5acb207388a5,derived_from_five_seed_rows_at_same_recorded_episode,
summary,a2c_pointer,,1416,,,0.494555461073318,0.494323979591837,0.495562877928949,external_multimap_v3_1,108,64b3e7eb929c5ddc5f8cd2efc3a4c199933c03d038bdbe8cd2ab5acb207388a5,derived_from_five_seed_rows_at_same_recorded_episode,
summary,a2c_pointer,,1500,,,0.498366638321995,0.497714710884354,0.499825207860922,external_multimap_v3_1,108,64b3e7eb929c5ddc5f8cd2efc3a4c199933c03d038bdbe8cd2ab5acb207388a5,derived_from_five_seed_rows_at_same_recorded_episode,
summary,a2c_pointer,,1564,,,0.498967781557067,0.497100576341648,0.499585459183673,external_multimap_v3_1,108,64b3e7eb929c5ddc5f8cd2efc3a4c199933c03d038bdbe8cd2ab5acb207388a5,derived_from_five_seed_rows_at_same_recorded_episode,
summary,a2c_pointer,,1724,,,0.496399045729403,0.494618055555555,0.496630527210884,external_multimap_v3_1,108,64b3e7eb929c5ddc5f8cd2efc3a4c199933c03d038bdbe8cd2ab5acb207388a5,derived_from_five_seed_rows_at_same_recorded_episode,
summary,a2c_pointer,,1884,,,0.498428051776266,0.494998346560846,0.50021022297808,external_multimap_v3_1,108,64b3e7eb929c5ddc5f8cd2efc3a4c199933c03d038bdbe8cd2ab5acb207388a5,derived_from_five_seed_rows_at_same_recorded_episode,
summary,a2c_pointer,,2000,,,0.498080829554044,0.497779667422524,0.499180366591081,external_multimap_v3_1,108,64b3e7eb929c5ddc5f8cd2efc3a4c199933c03d038bdbe8cd2ab5acb207388a5,derived_from_five_seed_rows_at_same_recorded_episode,
summary,a2c_pointer,,2032,,,0.499646872637944,0.498276880196523,0.499927957294029,external_multimap_v3_1,108,64b3e7eb929c5ddc5f8cd2efc3a4c199933c03d038bdbe8cd2ab5acb207388a5,derived_from_five_seed_rows_at_same_recorded_episode,
summary,a2c_pointer,,2192,,,0.498428051776266,0.497837537792895,0.501201105442177,external_multimap_v3_1,108,64b3e7eb929c5ddc5f8cd2efc3a4c199933c03d038bdbe8cd2ab5acb207388a5,derived_from_five_seed_rows_at_same_recorded_episode,
summary,a2c_pointer,,2352,,,0.50021376606198,0.49859339569161,0.500950727513228,external_multimap_v3_1,108,64b3e7eb929c5ddc5f8cd2efc3a4c199933c03d038bdbe8cd2ab5acb207388a5,derived_from_five_seed_rows_at_same_recorded_episode,
summary,a2c_pointer,,2500,,,0.497987528344671,0.497170256991685,0.499890164399093,external_multimap_v3_1,108,64b3e7eb929c5ddc5f8cd2efc3a4c199933c03d038bdbe8cd2ab5acb207388a5,derived_from_five_seed_rows_at_same_recorded_episode,
summary,a2c_pointer,,2660,,,0.498674886621315,0.497340325018896,0.498785903250189,external_multimap_v3_1,108,64b3e7eb929c5ddc5f8cd2efc3a4c199933c03d038bdbe8cd2ab5acb207388a5,derived_from_five_seed_rows_at_same_recorded_episode,
summary,a2c_pointer,,2820,,,0.498004062736206,0.493872826908541,0.501146778155707,external_multimap_v3_1,108,64b3e7eb929c5ddc5f8cd2efc3a4c199933c03d038bdbe8cd2ab5acb207388a5,derived_from_five_seed_rows_at_same_recorded_episode,
summary,a2c_pointer,,2980,,,0.501405423280423,0.496538407029478,0.501420776643991,external_multimap_v3_1,108,64b3e7eb929c5ddc5f8cd2efc3a4c199933c03d038bdbe8cd2ab5acb207388a5,derived_from_five_seed_rows_at_same_recorded_episode,
summary,a2c_pointer,,3000,,,0.498053665910809,0.49604473733938,0.501405423280423,external_multimap_v3_1,108,64b3e7eb929c5ddc5f8cd2efc3a4c199933c03d038bdbe8cd2ab5acb207388a5,derived_from_five_seed_rows_at_same_recorded_episode,
seed,traditional_ppo,42,16,66,0.234195483749055,,,,external_multimap_v3_1,108,64b3e7eb929c5ddc5f8cd2efc3a4c199933c03d038bdbe8cd2ab5acb207388a5,paper_runs/multimap_v3_2/formal_training/formal_traditional_ppo_seed42_3000ep/training_metrics.jsonl,fd568999a67b471a7ef04a7cc74cfb40422c213eb9aaaef7b8fcf34336a87314
seed,traditional_ppo,42,160,765,0.258707719198791,,,,external_multimap_v3_1,108,64b3e7eb929c5ddc5f8cd2efc3a4c199933c03d038bdbe8cd2ab5acb207388a5,paper_runs/multimap_v3_2/formal_training/formal_traditional_ppo_seed42_3000ep/training_metrics.jsonl,fd568999a67b471a7ef04a7cc74cfb40422c213eb9aaaef7b8fcf34336a87314
seed,traditional_ppo,42,250,1237,0.25124716553288,,,,external_multimap_v3_1,108,64b3e7eb929c5ddc5f8cd2efc3a4c199933c03d038bdbe8cd2ab5acb207388a5,paper_runs/multimap_v3_2/formal_training/formal_traditional_ppo_seed42_3000ep/training_metrics.jsonl,fd568999a67b471a7ef04a7cc74cfb40422c213eb9aaaef7b8fcf34336a87314
seed,traditional_ppo,42,314,1592,0.262000425170068,,,,external_multimap_v3_1,108,64b3e7eb929c5ddc5f8cd2efc3a4c199933c03d038bdbe8cd2ab5acb207388a5,paper_runs/multimap_v3_2/formal_training/formal_traditional_ppo_seed42_3000ep/training_metrics.jsonl,fd568999a67b471a7ef04a7cc74cfb40422c213eb9aaaef7b8fcf34336a87314
seed,traditional_ppo,42,474,2536,0.265212821239607,,,,external_multimap_v3_1,108,64b3e7eb929c5ddc5f8cd2efc3a4c199933c03d038bdbe8cd2ab5acb207388a5,paper_runs/multimap_v3_2/formal_training/formal_traditional_ppo_seed42_3000ep/training_metrics.jsonl,fd568999a67b471a7ef04a7cc74cfb40422c213eb9aaaef7b8fcf34336a87314
seed,traditional_ppo,42,500,2705,0.261884684429327,,,,external_multimap_v3_1,108,64b3e7eb929c5ddc5f8cd2efc3a4c199933c03d038bdbe8cd2ab5acb207388a5,paper_runs/multimap_v3_2/formal_training/formal_traditional_ppo_seed42_3000ep/training_metrics.jsonl,fd568999a67b471a7ef04a7cc74cfb40422c213eb9aaaef7b8fcf34336a87314
seed,traditional_ppo,42,628,3482,0.260827664399093,,,,external_multimap_v3_1,108,64b3e7eb929c5ddc5f8cd2efc3a4c199933c03d038bdbe8cd2ab5acb207388a5,paper_runs/multimap_v3_2/formal_training/formal_traditional_ppo_seed42_3000ep/training_metrics.jsonl,fd568999a67b471a7ef04a7cc74cfb40422c213eb9aaaef7b8fcf34336a87314
seed,traditional_ppo,42,788,4468,0.266195436507936,,,,external_multimap_v3_1,108,64b3e7eb929c5ddc5f8cd2efc3a4c199933c03d038bdbe8cd2ab5acb207388a5,paper_runs/multimap_v3_2/formal_training/formal_traditional_ppo_seed42_3000ep/training_metrics.jsonl,fd568999a67b471a7ef04a7cc74cfb40422c213eb9aaaef7b8fcf34336a87314
seed,traditional_ppo,42,948,5464,0.268453561980348,,,,external_multimap_v3_1,108,64b3e7eb929c5ddc5f8cd2efc3a4c199933c03d038bdbe8cd2ab5acb207388a5,paper_runs/multimap_v3_2/formal_training/formal_traditional_ppo_seed42_3000ep/training_metrics.jsonl,fd568999a67b471a7ef04a7cc74cfb40422c213eb9aaaef7b8fcf34336a87314
seed,traditional_ppo,42,1000,5777,0.271380149281935,,,,external_multimap_v3_1,108,64b3e7eb929c5ddc5f8cd2efc3a4c199933c03d038bdbe8cd2ab5acb207388a5,paper_runs/multimap_v3_2/formal_training/formal_traditional_ppo_seed42_3000ep/training_metrics.jsonl,fd568999a67b471a7ef04a7cc74cfb40422c213eb9aaaef7b8fcf34336a87314
seed,traditional_ppo,42,1096,6328,0.265222269463341,,,,external_multimap_v3_1,108,64b3e7eb929c5ddc5f8cd2efc3a4c199933c03d038bdbe8cd2ab5acb207388a5,paper_runs/multimap_v3_2/formal_training/formal_traditional_ppo_seed42_3000ep/training_metrics.jsonl,fd568999a67b471a7ef04a7cc74cfb40422c213eb9aaaef7b8fcf34336a87314
seed,traditional_ppo,42,1256,7294,0.259502551020408,,,,external_multimap_v3_1,108,64b3e7eb929c5ddc5f8cd2efc3a4c199933c03d038bdbe8cd2ab5acb207388a5,paper_runs/multimap_v3_2/formal_training/formal_traditional_ppo_seed42_3000ep/training_metrics.jsonl,fd568999a67b471a7ef04a7cc74cfb40422c213eb9aaaef7b8fcf34336a87314
seed,traditional_ppo,42,1416,8256,0.2729119425548,,,,external_multimap_v3_1,108,64b3e7eb929c5ddc5f8cd2efc3a4c199933c03d038bdbe8cd2ab5acb207388a5,paper_runs/multimap_v3_2/formal_training/formal_traditional_ppo_seed42_3000ep/training_metrics.jsonl,fd568999a67b471a7ef04a7cc74cfb40422c213eb9aaaef7b8fcf34336a87314
seed,traditional_ppo,42,1500,8762,0.25932067271353,,,,external_multimap_v3_1,108,64b3e7eb929c5ddc5f8cd2efc3a4c199933c03d038bdbe8cd2ab5acb207388a5,paper_runs/multimap_v3_2/formal_training/formal_traditional_ppo_seed42_3000ep/training_metrics.jsonl,fd568999a67b471a7ef04a7cc74cfb40422c213eb9aaaef7b8fcf34336a87314
seed,traditional_ppo,42,1564,9106,0.253926917989418,,,,external_multimap_v3_1,108,64b3e7eb929c5ddc5f8cd2efc3a4c199933c03d038bdbe8cd2ab5acb207388a5,paper_runs/multimap_v3_2/formal_training/formal_traditional_ppo_seed42_3000ep/training_metrics.jsonl,fd568999a67b471a7ef04a7cc74cfb40422c213eb9aaaef7b8fcf34336a87314
seed,traditional_ppo,42,1724,10060,0.27145455404384,,,,external_multimap_v3_1,108,64b3e7eb929c5ddc5f8cd2efc3a4c199933c03d038bdbe8cd2ab5acb207388a5,paper_runs/multimap_v3_2/formal_training/formal_traditional_ppo_seed42_3000ep/training_metrics.jsonl,fd568999a67b471a7ef04a7cc74cfb40422c213eb9aaaef7b8fcf34336a87314
seed,traditional_ppo,42,1884,11039,0.276019227135299,,,,external_multimap_v3_1,108,64b3e7eb929c5ddc5f8cd2efc3a4c199933c03d038bdbe8cd2ab5acb207388a5,paper_runs/multimap_v3_2/formal_training/formal_traditional_ppo_seed42_3000ep/training_metrics.jsonl,fd568999a67b471a7ef04a7cc74cfb40422c213eb9aaaef7b8fcf34336a87314
seed,traditional_ppo,42,2000,11726,0.278826530612245,,,,external_multimap_v3_1,108,64b3e7eb929c5ddc5f8cd2efc3a4c199933c03d038bdbe8cd2ab5acb207388a5,paper_runs/multimap_v3_2/formal_training/formal_traditional_ppo_seed42_3000ep/training_metrics.jsonl,fd568999a67b471a7ef04a7cc74cfb40422c213eb9aaaef7b8fcf34336a87314
seed,traditional_ppo,42,2032,11921,0.282159391534392,,,,external_multimap_v3_1,108,64b3e7eb929c5ddc5f8cd2efc3a4c199933c03d038bdbe8cd2ab5acb207388a5,paper_runs/multimap_v3_2/formal_training/formal_traditional_ppo_seed42_3000ep/training_metrics.jsonl,fd568999a67b471a7ef04a7cc74cfb40422c213eb9aaaef7b8fcf34336a87314
seed,traditional_ppo,42,2192,12887,0.281083475056689,,,,external_multimap_v3_1,108,64b3e7eb929c5ddc5f8cd2efc3a4c199933c03d038bdbe8cd2ab5acb207388a5,paper_runs/multimap_v3_2/formal_training/formal_traditional_ppo_seed42_3000ep/training_metrics.jsonl,fd568999a67b471a7ef04a7cc74cfb40422c213eb9aaaef7b8fcf34336a87314
seed,traditional_ppo,42,2352,13825,0.278163973922903,,,,external_multimap_v3_1,108,64b3e7eb929c5ddc5f8cd2efc3a4c199933c03d038bdbe8cd2ab5acb207388a5,paper_runs/multimap_v3_2/formal_training/formal_traditional_ppo_seed42_3000ep/training_metrics.jsonl,fd568999a67b471a7ef04a7cc74cfb40422c213eb9aaaef7b8fcf34336a87314
seed,traditional_ppo,42,2500,14738,0.281137802343159,,,,external_multimap_v3_1,108,64b3e7eb929c5ddc5f8cd2efc3a4c199933c03d038bdbe8cd2ab5acb207388a5,paper_runs/multimap_v3_2/formal_training/formal_traditional_ppo_seed42_3000ep/training_metrics.jsonl,fd568999a67b471a7ef04a7cc74cfb40422c213eb9aaaef7b8fcf34336a87314
seed,traditional_ppo,42,2660,15697,0.27432208994709,,,,external_multimap_v3_1,108,64b3e7eb929c5ddc5f8cd2efc3a4c199933c03d038bdbe8cd2ab5acb207388a5,paper_runs/multimap_v3_2/formal_training/formal_traditional_ppo_seed42_3000ep/training_metrics.jsonl,fd568999a67b471a7ef04a7cc74cfb40422c213eb9aaaef7b8fcf34336a87314
seed,traditional_ppo,42,2820,16679,0.276805791761149,,,,external_multimap_v3_1,108,64b3e7eb929c5ddc5f8cd2efc3a4c199933c03d038bdbe8cd2ab5acb207388a5,paper_runs/multimap_v3_2/formal_training/formal_traditional_ppo_seed42_3000ep/training_metrics.jsonl,fd568999a67b471a7ef04a7cc74cfb40422c213eb9aaaef7b8fcf34336a87314
seed,traditional_ppo,42,2980,17630,0.279093442932729,,,,external_multimap_v3_1,108,64b3e7eb929c5ddc5f8cd2efc3a4c199933c03d038bdbe8cd2ab5acb207388a5,paper_runs/multimap_v3_2/formal_training/formal_traditional_ppo_seed42_3000ep/training_metrics.jsonl,fd568999a67b471a7ef04a7cc74cfb40422c213eb9aaaef7b8fcf34336a87314
seed,traditional_ppo,42,3000,17753,0.279078089569161,,,,external_multimap_v3_1,108,64b3e7eb929c5ddc5f8cd2efc3a4c199933c03d038bdbe8cd2ab5acb207388a5,paper_runs/multimap_v3_2/formal_training/formal_traditional_ppo_seed42_3000ep/training_metrics.jsonl,fd568999a67b471a7ef04a7cc74cfb40422c213eb9aaaef7b8fcf34336a87314
seed,traditional_ppo,43,16,69,0.265086451247166,,,,external_multimap_v3_1,108,64b3e7eb929c5ddc5f8cd2efc3a4c199933c03d038bdbe8cd2ab5acb207388a5,paper_runs/multimap_v3_2/formal_training/formal_traditional_ppo_seed43_3000ep/training_metrics.jsonl,2a45bb6fc7de500b944f1dc29a4fa7b36e1fea0b420728f35e79a7e3411f7e46
seed,traditional_ppo,43,160,786,0.266861536281179,,,,external_multimap_v3_1,108,64b3e7eb929c5ddc5f8cd2efc3a4c199933c03d038bdbe8cd2ab5acb207388a5,paper_runs/multimap_v3_2/formal_training/formal_traditional_ppo_seed43_3000ep/training_metrics.jsonl,2a45bb6fc7de500b944f1dc29a4fa7b36e1fea0b420728f35e79a7e3411f7e46
seed,traditional_ppo,43,250,1270,0.270612481103553,,,,external_multimap_v3_1,108,64b3e7eb929c5ddc5f8cd2efc3a4c199933c03d038bdbe8cd2ab5acb207388a5,paper_runs/multimap_v3_2/formal_training/formal_traditional_ppo_seed43_3000ep/training_metrics.jsonl,2a45bb6fc7de500b944f1dc29a4fa7b36e1fea0b420728f35e79a7e3411f7e46
seed,traditional_ppo,43,314,1654,0.27479686318972,,,,external_multimap_v3_1,108,64b3e7eb929c5ddc5f8cd2efc3a4c199933c03d038bdbe8cd2ab5acb207388a5,paper_runs/multimap_v3_2/formal_training/formal_traditional_ppo_seed43_3000ep/training_metrics.jsonl,2a45bb6fc7de500b944f1dc29a4fa7b36e1fea0b420728f35e79a7e3411f7e46
seed,traditional_ppo,43,474,2581,0.259930083144369,,,,external_multimap_v3_1,108,64b3e7eb929c5ddc5f8cd2efc3a4c199933c03d038bdbe8cd2ab5acb207388a5,paper_runs/multimap_v3_2/formal_training/formal_traditional_ppo_seed43_3000ep/training_metrics.jsonl,2a45bb6fc7de500b944f1dc29a4fa7b36e1fea0b420728f35e79a7e3411f7e46
seed,traditional_ppo,43,500,2732,0.260951672335601,,,,external_multimap_v3_1,108,64b3e7eb929c5ddc5f8cd2efc3a4c199933c03d038bdbe8cd2ab5acb207388a5,paper_runs/multimap_v3_2/formal_training/formal_traditional_ppo_seed43_3000ep/training_metrics.jsonl,2a45bb6fc7de500b944f1dc29a4fa7b36e1fea0b420728f35e79a7e3411f7e46
seed,traditional_ppo,43,628,3448,0.257114512471655,,,,external_multimap_v3_1,108,64b3e7eb929c5ddc5f8cd2efc3a4c199933c03d038bdbe8cd2ab5acb207388a5,paper_runs/multimap_v3_2/formal_training/formal_traditional_ppo_seed43_3000ep/training_metrics.jsonl,2a45bb6fc7de500b944f1dc29a4fa7b36e1fea0b420728f35e79a7e3411f7e46
seed,traditional_ppo,43,788,4396,0.254191468253968,,,,external_multimap_v3_1,108,64b3e7eb929c5ddc5f8cd2efc3a4c199933c03d038bdbe8cd2ab5acb207388a5,paper_runs/multimap_v3_2/formal_training/formal_traditional_ppo_seed43_3000ep/training_metrics.jsonl,2a45bb6fc7de500b944f1dc29a4fa7b36e1fea0b420728f35e79a7e3411f7e46
seed,traditional_ppo,43,948,5358,0.250994425547997,,,,external_multimap_v3_1,108,64b3e7eb929c5ddc5f8cd2efc3a4c199933c03d038bdbe8cd2ab5acb207388a5,paper_runs/multimap_v3_2/formal_training/formal_traditional_ppo_seed43_3000ep/training_metrics.jsonl,2a45bb6fc7de500b944f1dc29a4fa7b36e1fea0b420728f35e79a7e3411f7e46
seed,traditional_ppo,43,1000,5668,0.26119496409675,,,,external_multimap_v3_1,108,64b3e7eb929c5ddc5f8cd2efc3a4c199933c03d038bdbe8cd2ab5acb207388a5,paper_runs/multimap_v3_2/formal_training/formal_traditional_ppo_seed43_3000ep/training_metrics.jsonl,2a45bb6fc7de500b944f1dc29a4fa7b36e1fea0b420728f35e79a7e3411f7e46
seed,traditional_ppo,43,1096,6232,0.262611016628874,,,,external_multimap_v3_1,108,64b3e7eb929c5ddc5f8cd2efc3a4c199933c03d038bdbe8cd2ab5acb207388a5,paper_runs/multimap_v3_2/formal_training/formal_traditional_ppo_seed43_3000ep/training_metrics.jsonl,2a45bb6fc7de500b944f1dc29a4fa7b36e1fea0b420728f35e79a7e3411f7e46
seed,traditional_ppo,43,1256,7180,0.267517006802721,,,,external_multimap_v3_1,108,64b3e7eb929c5ddc5f8cd2efc3a4c199933c03d038bdbe8cd2ab5acb207388a5,paper_runs/multimap_v3_2/formal_training/formal_traditional_ppo_seed43_3000ep/training_metrics.jsonl,2a45bb6fc7de500b944f1dc29a4fa7b36e1fea0b420728f35e79a7e3411f7e46
seed,traditional_ppo,43,1416,8123,0.260130857898715,,,,external_multimap_v3_1,108,64b3e7eb929c5ddc5f8cd2efc3a4c199933c03d038bdbe8cd2ab5acb207388a5,paper_runs/multimap_v3_2/formal_training/formal_traditional_ppo_seed43_3000ep/training_metrics.jsonl,2a45bb6fc7de500b944f1dc29a4fa7b36e1fea0b420728f35e79a7e3411f7e46
seed,traditional_ppo,43,1500,8639,0.2536399281935,,,,external_multimap_v3_1,108,64b3e7eb929c5ddc5f8cd2efc3a4c199933c03d038bdbe8cd2ab5acb207388a5,paper_runs/multimap_v3_2/formal_training/formal_traditional_ppo_seed43_3000ep/training_metrics.jsonl,2a45bb6fc7de500b944f1dc29a4fa7b36e1fea0b420728f35e79a7e3411f7e46
seed,traditional_ppo,43,1564,9037,0.258971088435374,,,,external_multimap_v3_1,108,64b3e7eb929c5ddc5f8cd2efc3a4c199933c03d038bdbe8cd2ab5acb207388a5,paper_runs/multimap_v3_2/formal_training/formal_traditional_ppo_seed43_3000ep/training_metrics.jsonl,2a45bb6fc7de500b944f1dc29a4fa7b36e1fea0b420728f35e79a7e3411f7e46
seed,traditional_ppo,43,1724,9993,0.260740268329554,,,,external_multimap_v3_1,108,64b3e7eb929c5ddc5f8cd2efc3a4c199933c03d038bdbe8cd2ab5acb207388a5,paper_runs/multimap_v3_2/formal_training/formal_traditional_ppo_seed43_3000ep/training_metrics.jsonl,2a45bb6fc7de500b944f1dc29a4fa7b36e1fea0b420728f35e79a7e3411f7e46
seed,traditional_ppo,43,1884,10956,0.276042847694633,,,,external_multimap_v3_1,108,64b3e7eb929c5ddc5f8cd2efc3a4c199933c03d038bdbe8cd2ab5acb207388a5,paper_runs/multimap_v3_2/formal_training/formal_traditional_ppo_seed43_3000ep/training_metrics.jsonl,2a45bb6fc7de500b944f1dc29a4fa7b36e1fea0b420728f35e79a7e3411f7e46
seed,traditional_ppo,43,2000,11614,0.258166808390023,,,,external_multimap_v3_1,108,64b3e7eb929c5ddc5f8cd2efc3a4c199933c03d038bdbe8cd2ab5acb207388a5,paper_runs/multimap_v3_2/formal_training/formal_traditional_ppo_seed43_3000ep/training_metrics.jsonl,2a45bb6fc7de500b944f1dc29a4fa7b36e1fea0b420728f35e79a7e3411f7e46
seed,traditional_ppo,43,2032,11807,0.260289115646259,,,,external_multimap_v3_1,108,64b3e7eb929c5ddc5f8cd2efc3a4c199933c03d038bdbe8cd2ab5acb207388a5,paper_runs/multimap_v3_2/formal_training/formal_traditional_ppo_seed43_3000ep/training_metrics.jsonl,2a45bb6fc7de500b944f1dc29a4fa7b36e1fea0b420728f35e79a7e3411f7e46
seed,traditional_ppo,43,2192,12744,0.269256660997732,,,,external_multimap_v3_1,108,64b3e7eb929c5ddc5f8cd2efc3a4c199933c03d038bdbe8cd2ab5acb207388a5,paper_runs/multimap_v3_2/formal_training/formal_traditional_ppo_seed43_3000ep/training_metrics.jsonl,2a45bb6fc7de500b944f1dc29a4fa7b36e1fea0b420728f35e79a7e3411f7e46
seed,traditional_ppo,43,2352,13745,0.274555933484505,,,,external_multimap_v3_1,108,64b3e7eb929c5ddc5f8cd2efc3a4c199933c03d038bdbe8cd2ab5acb207388a5,paper_runs/multimap_v3_2/formal_training/formal_traditional_ppo_seed43_3000ep/training_metrics.jsonl,2a45bb6fc7de500b944f1dc29a4fa7b36e1fea0b420728f35e79a7e3411f7e46
seed,traditional_ppo,43,2500,14638,0.274352796674225,,,,external_multimap_v3_1,108,64b3e7eb929c5ddc5f8cd2efc3a4c199933c03d038bdbe8cd2ab5acb207388a5,paper_runs/multimap_v3_2/formal_training/formal_traditional_ppo_seed43_3000ep/training_metrics.jsonl,2a45bb6fc7de500b944f1dc29a4fa7b36e1fea0b420728f35e79a7e3411f7e46
seed,traditional_ppo,43,2660,15608,0.274652777777778,,,,external_multimap_v3_1,108,64b3e7eb929c5ddc5f8cd2efc3a4c199933c03d038bdbe8cd2ab5acb207388a5,paper_runs/multimap_v3_2/formal_training/formal_traditional_ppo_seed43_3000ep/training_metrics.jsonl,2a45bb6fc7de500b944f1dc29a4fa7b36e1fea0b420728f35e79a7e3411f7e46
seed,traditional_ppo,43,2820,16611,0.262724395313681,,,,external_multimap_v3_1,108,64b3e7eb929c5ddc5f8cd2efc3a4c199933c03d038bdbe8cd2ab5acb207388a5,paper_runs/multimap_v3_2/formal_training/formal_traditional_ppo_seed43_3000ep/training_metrics.jsonl,2a45bb6fc7de500b944f1dc29a4fa7b36e1fea0b420728f35e79a7e3411f7e46
seed,traditional_ppo,43,2980,17573,0.263677484882842,,,,external_multimap_v3_1,108,64b3e7eb929c5ddc5f8cd2efc3a4c199933c03d038bdbe8cd2ab5acb207388a5,paper_runs/multimap_v3_2/formal_training/formal_traditional_ppo_seed43_3000ep/training_metrics.jsonl,2a45bb6fc7de500b944f1dc29a4fa7b36e1fea0b420728f35e79a7e3411f7e46
seed,traditional_ppo,43,3000,17702,0.276215277777778,,,,external_multimap_v3_1,108,64b3e7eb929c5ddc5f8cd2efc3a4c199933c03d038bdbe8cd2ab5acb207388a5,paper_runs/multimap_v3_2/formal_training/formal_traditional_ppo_seed43_3000ep/training_metrics.jsonl,2a45bb6fc7de500b944f1dc29a4fa7b36e1fea0b420728f35e79a7e3411f7e46
seed,traditional_ppo,44,16,80,0.234372637944067,,,,external_multimap_v3_1,108,64b3e7eb929c5ddc5f8cd2efc3a4c199933c03d038bdbe8cd2ab5acb207388a5,paper_runs/multimap_v3_2/formal_training/formal_traditional_ppo_seed44_3000ep/training_metrics.jsonl,3fd6f7db2c9311f4a060df0ba77ef8648ff91ad70fcbef0e929fc7ffe4e1c276
seed,traditional_ppo,44,160,826,0.268219718442933,,,,external_multimap_v3_1,108,64b3e7eb929c5ddc5f8cd2efc3a4c199933c03d038bdbe8cd2ab5acb207388a5,paper_runs/multimap_v3_2/formal_training/formal_traditional_ppo_seed44_3000ep/training_metrics.jsonl,3fd6f7db2c9311f4a060df0ba77ef8648ff91ad70fcbef0e929fc7ffe4e1c276
seed,traditional_ppo,44,250,1292,0.267540627362056,,,,external_multimap_v3_1,108,64b3e7eb929c5ddc5f8cd2efc3a4c199933c03d038bdbe8cd2ab5acb207388a5,paper_runs/multimap_v3_2/formal_training/formal_traditional_ppo_seed44_3000ep/training_metrics.jsonl,3fd6f7db2c9311f4a060df0ba77ef8648ff91ad70fcbef0e929fc7ffe4e1c276
seed,traditional_ppo,44,314,1650,0.26015093537415,,,,external_multimap_v3_1,108,64b3e7eb929c5ddc5f8cd2efc3a4c199933c03d038bdbe8cd2ab5acb207388a5,paper_runs/multimap_v3_2/formal_training/formal_traditional_ppo_seed44_3000ep/training_metrics.jsonl,3fd6f7db2c9311f4a060df0ba77ef8648ff91ad70fcbef0e929fc7ffe4e1c276
seed,traditional_ppo,44,474,2554,0.256909013605442,,,,external_multimap_v3_1,108,64b3e7eb929c5ddc5f8cd2efc3a4c199933c03d038bdbe8cd2ab5acb207388a5,paper_runs/multimap_v3_2/formal_training/formal_traditional_ppo_seed44_3000ep/training_metrics.jsonl,3fd6f7db2c9311f4a060df0ba77ef8648ff91ad70fcbef0e929fc7ffe4e1c276
seed,traditional_ppo,44,500,2697,0.254069822373394,,,,external_multimap_v3_1,108,64b3e7eb929c5ddc5f8cd2efc3a4c199933c03d038bdbe8cd2ab5acb207388a5,paper_runs/multimap_v3_2/formal_training/formal_traditional_ppo_seed44_3000ep/training_metrics.jsonl,3fd6f7db2c9311f4a060df0ba77ef8648ff91ad70fcbef0e929fc7ffe4e1c276
seed,traditional_ppo,44,628,3452,0.260384778911565,,,,external_multimap_v3_1,108,64b3e7eb929c5ddc5f8cd2efc3a4c199933c03d038bdbe8cd2ab5acb207388a5,paper_runs/multimap_v3_2/formal_training/formal_traditional_ppo_seed44_3000ep/training_metrics.jsonl,3fd6f7db2c9311f4a060df0ba77ef8648ff91ad70fcbef0e929fc7ffe4e1c276
seed,traditional_ppo,44,788,4380,0.257298752834467,,,,external_multimap_v3_1,108,64b3e7eb929c5ddc5f8cd2efc3a4c199933c03d038bdbe8cd2ab5acb207388a5,paper_runs/multimap_v3_2/formal_training/formal_traditional_ppo_seed44_3000ep/training_metrics.jsonl,3fd6f7db2c9311f4a060df0ba77ef8648ff91ad70fcbef0e929fc7ffe4e1c276
seed,traditional_ppo,44,948,5329,0.276923894557823,,,,external_multimap_v3_1,108,64b3e7eb929c5ddc5f8cd2efc3a4c199933c03d038bdbe8cd2ab5acb207388a5,paper_runs/multimap_v3_2/formal_training/formal_traditional_ppo_seed44_3000ep/training_metrics.jsonl,3fd6f7db2c9311f4a060df0ba77ef8648ff91ad70fcbef0e929fc7ffe4e1c276
seed,traditional_ppo,44,1000,5647,0.27750496031746,,,,external_multimap_v3_1,108,64b3e7eb929c5ddc5f8cd2efc3a4c199933c03d038bdbe8cd2ab5acb207388a5,paper_runs/multimap_v3_2/formal_training/formal_traditional_ppo_seed44_3000ep/training_metrics.jsonl,3fd6f7db2c9311f4a060df0ba77ef8648ff91ad70fcbef0e929fc7ffe4e1c276
seed,traditional_ppo,44,1096,6234,0.27750141723356,,,,external_multimap_v3_1,108,64b3e7eb929c5ddc5f8cd2efc3a4c199933c03d038bdbe8cd2ab5acb207388a5,paper_runs/multimap_v3_2/formal_training/formal_traditional_ppo_seed44_3000ep/training_metrics.jsonl,3fd6f7db2c9311f4a060df0ba77ef8648ff91ad70fcbef0e929fc7ffe4e1c276
seed,traditional_ppo,44,1256,7243,0.270913643235072,,,,external_multimap_v3_1,108,64b3e7eb929c5ddc5f8cd2efc3a4c199933c03d038bdbe8cd2ab5acb207388a5,paper_runs/multimap_v3_2/formal_training/formal_traditional_ppo_seed44_3000ep/training_metrics.jsonl,3fd6f7db2c9311f4a060df0ba77ef8648ff91ad70fcbef0e929fc7ffe4e1c276
seed,traditional_ppo,44,1416,8208,0.276700680272109,,,,external_multimap_v3_1,108,64b3e7eb929c5ddc5f8cd2efc3a4c199933c03d038bdbe8cd2ab5acb207388a5,paper_runs/multimap_v3_2/formal_training/formal_traditional_ppo_seed44_3000ep/training_metrics.jsonl,3fd6f7db2c9311f4a060df0ba77ef8648ff91ad70fcbef0e929fc7ffe4e1c276
seed,traditional_ppo,44,1500,8739,0.268061460695389,,,,external_multimap_v3_1,108,64b3e7eb929c5ddc5f8cd2efc3a4c199933c03d038bdbe8cd2ab5acb207388a5,paper_runs/multimap_v3_2/formal_training/formal_traditional_ppo_seed44_3000ep/training_metrics.jsonl,3fd6f7db2c9311f4a060df0ba77ef8648ff91ad70fcbef0e929fc7ffe4e1c276
seed,traditional_ppo,44,1564,9103,0.264383739606954,,,,external_multimap_v3_1,108,64b3e7eb929c5ddc5f8cd2efc3a4c199933c03d038bdbe8cd2ab5acb207388a5,paper_runs/multimap_v3_2/formal_training/formal_traditional_ppo_seed44_3000ep/training_metrics.jsonl,3fd6f7db2c9311f4a060df0ba77ef8648ff91ad70fcbef0e929fc7ffe4e1c276
seed,traditional_ppo,44,1724,10080,0.261988614890401,,,,external_multimap_v3_1,108,64b3e7eb929c5ddc5f8cd2efc3a4c199933c03d038bdbe8cd2ab5acb207388a5,paper_runs/multimap_v3_2/formal_training/formal_traditional_ppo_seed44_3000ep/training_metrics.jsonl,3fd6f7db2c9311f4a060df0ba77ef8648ff91ad70fcbef0e929fc7ffe4e1c276
seed,traditional_ppo,44,1884,11016,0.264669548374906,,,,external_multimap_v3_1,108,64b3e7eb929c5ddc5f8cd2efc3a4c199933c03d038bdbe8cd2ab5acb207388a5,paper_runs/multimap_v3_2/formal_training/formal_traditional_ppo_seed44_3000ep/training_metrics.jsonl,3fd6f7db2c9311f4a060df0ba77ef8648ff91ad70fcbef0e929fc7ffe4e1c276
seed,traditional_ppo,44,2000,11691,0.260155659486017,,,,external_multimap_v3_1,108,64b3e7eb929c5ddc5f8cd2efc3a4c199933c03d038bdbe8cd2ab5acb207388a5,paper_runs/multimap_v3_2/formal_training/formal_traditional_ppo_seed44_3000ep/training_metrics.jsonl,3fd6f7db2c9311f4a060df0ba77ef8648ff91ad70fcbef0e929fc7ffe4e1c276
seed,traditional_ppo,44,2032,11890,0.252371504157218,,,,external_multimap_v3_1,108,64b3e7eb929c5ddc5f8cd2efc3a4c199933c03d038bdbe8cd2ab5acb207388a5,paper_runs/multimap_v3_2/formal_training/formal_traditional_ppo_seed44_3000ep/training_metrics.jsonl,3fd6f7db2c9311f4a060df0ba77ef8648ff91ad70fcbef0e929fc7ffe4e1c276
seed,traditional_ppo,44,2192,12867,0.25838529856387,,,,external_multimap_v3_1,108,64b3e7eb929c5ddc5f8cd2efc3a4c199933c03d038bdbe8cd2ab5acb207388a5,paper_runs/multimap_v3_2/formal_training/formal_traditional_ppo_seed44_3000ep/training_metrics.jsonl,3fd6f7db2c9311f4a060df0ba77ef8648ff91ad70fcbef0e929fc7ffe4e1c276
seed,traditional_ppo,44,2352,13849,0.252817932728647,,,,external_multimap_v3_1,108,64b3e7eb929c5ddc5f8cd2efc3a4c199933c03d038bdbe8cd2ab5acb207388a5,paper_runs/multimap_v3_2/formal_training/formal_traditional_ppo_seed44_3000ep/training_metrics.jsonl,3fd6f7db2c9311f4a060df0ba77ef8648ff91ad70fcbef0e929fc7ffe4e1c276
seed,traditional_ppo,44,2500,14713,0.259203750944822,,,,external_multimap_v3_1,108,64b3e7eb929c5ddc5f8cd2efc3a4c199933c03d038bdbe8cd2ab5acb207388a5,paper_runs/multimap_v3_2/formal_training/formal_traditional_ppo_seed44_3000ep/training_metrics.jsonl,3fd6f7db2c9311f4a060df0ba77ef8648ff91ad70fcbef0e929fc7ffe4e1c276
seed,traditional_ppo,44,2660,15707,0.262512991307634,,,,external_multimap_v3_1,108,64b3e7eb929c5ddc5f8cd2efc3a4c199933c03d038bdbe8cd2ab5acb207388a5,paper_runs/multimap_v3_2/formal_training/formal_traditional_ppo_seed44_3000ep/training_metrics.jsonl,3fd6f7db2c9311f4a060df0ba77ef8648ff91ad70fcbef0e929fc7ffe4e1c276
seed,traditional_ppo,44,2820,16709,0.257767620937264,,,,external_multimap_v3_1,108,64b3e7eb929c5ddc5f8cd2efc3a4c199933c03d038bdbe8cd2ab5acb207388a5,paper_runs/multimap_v3_2/formal_training/formal_traditional_ppo_seed44_3000ep/training_metrics.jsonl,3fd6f7db2c9311f4a060df0ba77ef8648ff91ad70fcbef0e929fc7ffe4e1c276
seed,traditional_ppo,44,2980,17678,0.257447562358277,,,,external_multimap_v3_1,108,64b3e7eb929c5ddc5f8cd2efc3a4c199933c03d038bdbe8cd2ab5acb207388a5,paper_runs/multimap_v3_2/formal_training/formal_traditional_ppo_seed44_3000ep/training_metrics.jsonl,3fd6f7db2c9311f4a060df0ba77ef8648ff91ad70fcbef0e929fc7ffe4e1c276
seed,traditional_ppo,44,3000,17796,0.259488378684807,,,,external_multimap_v3_1,108,64b3e7eb929c5ddc5f8cd2efc3a4c199933c03d038bdbe8cd2ab5acb207388a5,paper_runs/multimap_v3_2/formal_training/formal_traditional_ppo_seed44_3000ep/training_metrics.jsonl,3fd6f7db2c9311f4a060df0ba77ef8648ff91ad70fcbef0e929fc7ffe4e1c276
seed,traditional_ppo,45,16,72,0.258769132653061,,,,external_multimap_v3_1,108,64b3e7eb929c5ddc5f8cd2efc3a4c199933c03d038bdbe8cd2ab5acb207388a5,paper_runs/multimap_v3_2/formal_training/formal_traditional_ppo_seed45_3000ep/training_metrics.jsonl,994c4305759a2ca1779031a70b0ce3316539e10a56ea57ff9ba2686d89f613b3
seed,traditional_ppo,45,160,797,0.263588907785336,,,,external_multimap_v3_1,108,64b3e7eb929c5ddc5f8cd2efc3a4c199933c03d038bdbe8cd2ab5acb207388a5,paper_runs/multimap_v3_2/formal_training/formal_traditional_ppo_seed45_3000ep/training_metrics.jsonl,994c4305759a2ca1779031a70b0ce3316539e10a56ea57ff9ba2686d89f613b3
seed,traditional_ppo,45,250,1286,0.266579270597128,,,,external_multimap_v3_1,108,64b3e7eb929c5ddc5f8cd2efc3a4c199933c03d038bdbe8cd2ab5acb207388a5,paper_runs/multimap_v3_2/formal_training/formal_traditional_ppo_seed45_3000ep/training_metrics.jsonl,994c4305759a2ca1779031a70b0ce3316539e10a56ea57ff9ba2686d89f613b3
seed,traditional_ppo,45,314,1611,0.265881283068783,,,,external_multimap_v3_1,108,64b3e7eb929c5ddc5f8cd2efc3a4c199933c03d038bdbe8cd2ab5acb207388a5,paper_runs/multimap_v3_2/formal_training/formal_traditional_ppo_seed45_3000ep/training_metrics.jsonl,994c4305759a2ca1779031a70b0ce3316539e10a56ea57ff9ba2686d89f613b3
seed,traditional_ppo,45,474,2553,0.276444397203326,,,,external_multimap_v3_1,108,64b3e7eb929c5ddc5f8cd2efc3a4c199933c03d038bdbe8cd2ab5acb207388a5,paper_runs/multimap_v3_2/formal_training/formal_traditional_ppo_seed45_3000ep/training_metrics.jsonl,994c4305759a2ca1779031a70b0ce3316539e10a56ea57ff9ba2686d89f613b3
seed,traditional_ppo,45,500,2695,0.27744354686319,,,,external_multimap_v3_1,108,64b3e7eb929c5ddc5f8cd2efc3a4c199933c03d038bdbe8cd2ab5acb207388a5,paper_runs/multimap_v3_2/formal_training/formal_traditional_ppo_seed45_3000ep/training_metrics.jsonl,994c4305759a2ca1779031a70b0ce3316539e10a56ea57ff9ba2686d89f613b3
seed,traditional_ppo,45,628,3411,0.280779950869237,,,,external_multimap_v3_1,108,64b3e7eb929c5ddc5f8cd2efc3a4c199933c03d038bdbe8cd2ab5acb207388a5,paper_runs/multimap_v3_2/formal_training/formal_traditional_ppo_seed45_3000ep/training_metrics.jsonl,994c4305759a2ca1779031a70b0ce3316539e10a56ea57ff9ba2686d89f613b3
seed,traditional_ppo,45,788,4344,0.270912462207105,,,,external_multimap_v3_1,108,64b3e7eb929c5ddc5f8cd2efc3a4c199933c03d038bdbe8cd2ab5acb207388a5,paper_runs/multimap_v3_2/formal_training/formal_traditional_ppo_seed45_3000ep/training_metrics.jsonl,994c4305759a2ca1779031a70b0ce3316539e10a56ea57ff9ba2686d89f613b3
seed,traditional_ppo,45,948,5316,0.273993764172336,,,,external_multimap_v3_1,108,64b3e7eb929c5ddc5f8cd2efc3a4c199933c03d038bdbe8cd2ab5acb207388a5,paper_runs/multimap_v3_2/formal_training/formal_traditional_ppo_seed45_3000ep/training_metrics.jsonl,994c4305759a2ca1779031a70b0ce3316539e10a56ea57ff9ba2686d89f613b3
seed,traditional_ppo,45,1000,5623,0.268427579365079,,,,external_multimap_v3_1,108,64b3e7eb929c5ddc5f8cd2efc3a4c199933c03d038bdbe8cd2ab5acb207388a5,paper_runs/multimap_v3_2/formal_training/formal_traditional_ppo_seed45_3000ep/training_metrics.jsonl,994c4305759a2ca1779031a70b0ce3316539e10a56ea57ff9ba2686d89f613b3
seed,traditional_ppo,45,1096,6214,0.268311838624339,,,,external_multimap_v3_1,108,64b3e7eb929c5ddc5f8cd2efc3a4c199933c03d038bdbe8cd2ab5acb207388a5,paper_runs/multimap_v3_2/formal_training/formal_traditional_ppo_seed45_3000ep/training_metrics.jsonl,994c4305759a2ca1779031a70b0ce3316539e10a56ea57ff9ba2686d89f613b3
seed,traditional_ppo,45,1256,7190,0.273569775132275,,,,external_multimap_v3_1,108,64b3e7eb929c5ddc5f8cd2efc3a4c199933c03d038bdbe8cd2ab5acb207388a5,paper_runs/multimap_v3_2/formal_training/formal_traditional_ppo_seed45_3000ep/training_metrics.jsonl,994c4305759a2ca1779031a70b0ce3316539e10a56ea57ff9ba2686d89f613b3
seed,traditional_ppo,45,1416,8201,0.273777636054422,,,,external_multimap_v3_1,108,64b3e7eb929c5ddc5f8cd2efc3a4c199933c03d038bdbe8cd2ab5acb207388a5,paper_runs/multimap_v3_2/formal_training/formal_traditional_ppo_seed45_3000ep/training_metrics.jsonl,994c4305759a2ca1779031a70b0ce3316539e10a56ea57ff9ba2686d89f613b3
seed,traditional_ppo,45,1500,8706,0.290296674225246,,,,external_multimap_v3_1,108,64b3e7eb929c5ddc5f8cd2efc3a4c199933c03d038bdbe8cd2ab5acb207388a5,paper_runs/multimap_v3_2/formal_training/formal_traditional_ppo_seed45_3000ep/training_metrics.jsonl,994c4305759a2ca1779031a70b0ce3316539e10a56ea57ff9ba2686d89f613b3
seed,traditional_ppo,45,1564,9074,0.285303287981859,,,,external_multimap_v3_1,108,64b3e7eb929c5ddc5f8cd2efc3a4c199933c03d038bdbe8cd2ab5acb207388a5,paper_runs/multimap_v3_2/formal_training/formal_traditional_ppo_seed45_3000ep/training_metrics.jsonl,994c4305759a2ca1779031a70b0ce3316539e10a56ea57ff9ba2686d89f613b3
seed,traditional_ppo,45,1724,10043,0.276034580498866,,,,external_multimap_v3_1,108,64b3e7eb929c5ddc5f8cd2efc3a4c199933c03d038bdbe8cd2ab5acb207388a5,paper_runs/multimap_v3_2/formal_training/formal_traditional_ppo_seed45_3000ep/training_metrics.jsonl,994c4305759a2ca1779031a70b0ce3316539e10a56ea57ff9ba2686d89f613b3
seed,traditional_ppo,45,1884,11032,0.270658541194255,,,,external_multimap_v3_1,108,64b3e7eb929c5ddc5f8cd2efc3a4c199933c03d038bdbe8cd2ab5acb207388a5,paper_runs/multimap_v3_2/formal_training/formal_traditional_ppo_seed45_3000ep/training_metrics.jsonl,994c4305759a2ca1779031a70b0ce3316539e10a56ea57ff9ba2686d89f613b3
seed,traditional_ppo,45,2000,11723,0.281878306878307,,,,external_multimap_v3_1,108,64b3e7eb929c5ddc5f8cd2efc3a4c199933c03d038bdbe8cd2ab5acb207388a5,paper_runs/multimap_v3_2/formal_training/formal_traditional_ppo_seed45_3000ep/training_metrics.jsonl,994c4305759a2ca1779031a70b0ce3316539e10a56ea57ff9ba2686d89f613b3
seed,traditional_ppo,45,2032,11924,0.27895880574452,,,,external_multimap_v3_1,108,64b3e7eb929c5ddc5f8cd2efc3a4c199933c03d038bdbe8cd2ab5acb207388a5,paper_runs/multimap_v3_2/formal_training/formal_traditional_ppo_seed45_3000ep/training_metrics.jsonl,994c4305759a2ca1779031a70b0ce3316539e10a56ea57ff9ba2686d89f613b3
seed,traditional_ppo,45,2192,12919,0.277920682161754,,,,external_multimap_v3_1,108,64b3e7eb929c5ddc5f8cd2efc3a4c199933c03d038bdbe8cd2ab5acb207388a5,paper_runs/multimap_v3_2/formal_training/formal_traditional_ppo_seed45_3000ep/training_metrics.jsonl,994c4305759a2ca1779031a70b0ce3316539e10a56ea57ff9ba2686d89f613b3
seed,traditional_ppo,45,2352,13904,0.278721419123205,,,,external_multimap_v3_1,108,64b3e7eb929c5ddc5f8cd2efc3a4c199933c03d038bdbe8cd2ab5acb207388a5,paper_runs/multimap_v3_2/formal_training/formal_traditional_ppo_seed45_3000ep/training_metrics.jsonl,994c4305759a2ca1779031a70b0ce3316539e10a56ea57ff9ba2686d89f613b3
seed,traditional_ppo,45,2500,14773,0.276880196523054,,,,external_multimap_v3_1,108,64b3e7eb929c5ddc5f8cd2efc3a4c199933c03d038bdbe8cd2ab5acb207388a5,paper_runs/multimap_v3_2/formal_training/formal_traditional_ppo_seed45_3000ep/training_metrics.jsonl,994c4305759a2ca1779031a70b0ce3316539e10a56ea57ff9ba2686d89f613b3
seed,traditional_ppo,45,2660,15746,0.269394841269841,,,,external_multimap_v3_1,108,64b3e7eb929c5ddc5f8cd2efc3a4c199933c03d038bdbe8cd2ab5acb207388a5,paper_runs/multimap_v3_2/formal_training/formal_traditional_ppo_seed45_3000ep/training_metrics.jsonl,994c4305759a2ca1779031a70b0ce3316539e10a56ea57ff9ba2686d89f613b3
seed,traditional_ppo,45,2820,16769,0.276379440665155,,,,external_multimap_v3_1,108,64b3e7eb929c5ddc5f8cd2efc3a4c199933c03d038bdbe8cd2ab5acb207388a5,paper_runs/multimap_v3_2/formal_training/formal_traditional_ppo_seed45_3000ep/training_metrics.jsonl,994c4305759a2ca1779031a70b0ce3316539e10a56ea57ff9ba2686d89f613b3
seed,traditional_ppo,45,2980,17741,0.271422666288738,,,,external_multimap_v3_1,108,64b3e7eb929c5ddc5f8cd2efc3a4c199933c03d038bdbe8cd2ab5acb207388a5,paper_runs/multimap_v3_2/formal_training/formal_traditional_ppo_seed45_3000ep/training_metrics.jsonl,994c4305759a2ca1779031a70b0ce3316539e10a56ea57ff9ba2686d89f613b3
seed,traditional_ppo,45,3000,17864,0.270505007558579,,,,external_multimap_v3_1,108,64b3e7eb929c5ddc5f8cd2efc3a4c199933c03d038bdbe8cd2ab5acb207388a5,paper_runs/multimap_v3_2/formal_training/formal_traditional_ppo_seed45_3000ep/training_metrics.jsonl,994c4305759a2ca1779031a70b0ce3316539e10a56ea57ff9ba2686d89f613b3
seed,traditional_ppo,46,16,79,0.244484599395314,,,,external_multimap_v3_1,108,64b3e7eb929c5ddc5f8cd2efc3a4c199933c03d038bdbe8cd2ab5acb207388a5,paper_runs/multimap_v3_2/formal_training/formal_traditional_ppo_seed46_3000ep/training_metrics.jsonl,cd4488624912459cbda501bd8a94d643094f910408e039b59802fc018712052a
seed,traditional_ppo,46,160,769,0.262182303476946,,,,external_multimap_v3_1,108,64b3e7eb929c5ddc5f8cd2efc3a4c199933c03d038bdbe8cd2ab5acb207388a5,paper_runs/multimap_v3_2/formal_training/formal_traditional_ppo_seed46_3000ep/training_metrics.jsonl,cd4488624912459cbda501bd8a94d643094f910408e039b59802fc018712052a
seed,traditional_ppo,46,250,1262,0.264777021919879,,,,external_multimap_v3_1,108,64b3e7eb929c5ddc5f8cd2efc3a4c199933c03d038bdbe8cd2ab5acb207388a5,paper_runs/multimap_v3_2/formal_training/formal_traditional_ppo_seed46_3000ep/training_metrics.jsonl,cd4488624912459cbda501bd8a94d643094f910408e039b59802fc018712052a
seed,traditional_ppo,46,314,1617,0.259170682161754,,,,external_multimap_v3_1,108,64b3e7eb929c5ddc5f8cd2efc3a4c199933c03d038bdbe8cd2ab5acb207388a5,paper_runs/multimap_v3_2/formal_training/formal_traditional_ppo_seed46_3000ep/training_metrics.jsonl,cd4488624912459cbda501bd8a94d643094f910408e039b59802fc018712052a
seed,traditional_ppo,46,474,2517,0.267808720710507,,,,external_multimap_v3_1,108,64b3e7eb929c5ddc5f8cd2efc3a4c199933c03d038bdbe8cd2ab5acb207388a5,paper_runs/multimap_v3_2/formal_training/formal_traditional_ppo_seed46_3000ep/training_metrics.jsonl,cd4488624912459cbda501bd8a94d643094f910408e039b59802fc018712052a
seed,traditional_ppo,46,500,2646,0.268348450491308,,,,external_multimap_v3_1,108,64b3e7eb929c5ddc5f8cd2efc3a4c199933c03d038bdbe8cd2ab5acb207388a5,paper_runs/multimap_v3_2/formal_training/formal_traditional_ppo_seed46_3000ep/training_metrics.jsonl,cd4488624912459cbda501bd8a94d643094f910408e039b59802fc018712052a
seed,traditional_ppo,46,628,3389,0.272934382086168,,,,external_multimap_v3_1,108,64b3e7eb929c5ddc5f8cd2efc3a4c199933c03d038bdbe8cd2ab5acb207388a5,paper_runs/multimap_v3_2/formal_training/formal_traditional_ppo_seed46_3000ep/training_metrics.jsonl,cd4488624912459cbda501bd8a94d643094f910408e039b59802fc018712052a
seed,traditional_ppo,46,788,4329,0.266011196145125,,,,external_multimap_v3_1,108,64b3e7eb929c5ddc5f8cd2efc3a4c199933c03d038bdbe8cd2ab5acb207388a5,paper_runs/multimap_v3_2/formal_training/formal_traditional_ppo_seed46_3000ep/training_metrics.jsonl,cd4488624912459cbda501bd8a94d643094f910408e039b59802fc018712052a
seed,traditional_ppo,46,948,5293,0.266057256235828,,,,external_multimap_v3_1,108,64b3e7eb929c5ddc5f8cd2efc3a4c199933c03d038bdbe8cd2ab5acb207388a5,paper_runs/multimap_v3_2/formal_training/formal_traditional_ppo_seed46_3000ep/training_metrics.jsonl,cd4488624912459cbda501bd8a94d643094f910408e039b59802fc018712052a
seed,traditional_ppo,46,1000,5591,0.268583475056689,,,,external_multimap_v3_1,108,64b3e7eb929c5ddc5f8cd2efc3a4c199933c03d038bdbe8cd2ab5acb207388a5,paper_runs/multimap_v3_2/formal_training/formal_traditional_ppo_seed46_3000ep/training_metrics.jsonl,cd4488624912459cbda501bd8a94d643094f910408e039b59802fc018712052a
seed,traditional_ppo,46,1096,6207,0.271288029100529,,,,external_multimap_v3_1,108,64b3e7eb929c5ddc5f8cd2efc3a4c199933c03d038bdbe8cd2ab5acb207388a5,paper_runs/multimap_v3_2/formal_training/formal_traditional_ppo_seed46_3000ep/training_metrics.jsonl,cd4488624912459cbda501bd8a94d643094f910408e039b59802fc018712052a
seed,traditional_ppo,46,1256,7169,0.262525982615268,,,,external_multimap_v3_1,108,64b3e7eb929c5ddc5f8cd2efc3a4c199933c03d038bdbe8cd2ab5acb207388a5,paper_runs/multimap_v3_2/formal_training/formal_traditional_ppo_seed46_3000ep/training_metrics.jsonl,cd4488624912459cbda501bd8a94d643094f910408e039b59802fc018712052a
seed,traditional_ppo,46,1416,8115,0.252693924792139,,,,external_multimap_v3_1,108,64b3e7eb929c5ddc5f8cd2efc3a4c199933c03d038bdbe8cd2ab5acb207388a5,paper_runs/multimap_v3_2/formal_training/formal_traditional_ppo_seed46_3000ep/training_metrics.jsonl,cd4488624912459cbda501bd8a94d643094f910408e039b59802fc018712052a
seed,traditional_ppo,46,1500,8643,0.265745464852608,,,,external_multimap_v3_1,108,64b3e7eb929c5ddc5f8cd2efc3a4c199933c03d038bdbe8cd2ab5acb207388a5,paper_runs/multimap_v3_2/formal_training/formal_traditional_ppo_seed46_3000ep/training_metrics.jsonl,cd4488624912459cbda501bd8a94d643094f910408e039b59802fc018712052a
seed,traditional_ppo,46,1564,9028,0.267535903250189,,,,external_multimap_v3_1,108,64b3e7eb929c5ddc5f8cd2efc3a4c199933c03d038bdbe8cd2ab5acb207388a5,paper_runs/multimap_v3_2/formal_training/formal_traditional_ppo_seed46_3000ep/training_metrics.jsonl,cd4488624912459cbda501bd8a94d643094f910408e039b59802fc018712052a
seed,traditional_ppo,46,1724,9996,0.26489276266062,,,,external_multimap_v3_1,108,64b3e7eb929c5ddc5f8cd2efc3a4c199933c03d038bdbe8cd2ab5acb207388a5,paper_runs/multimap_v3_2/formal_training/formal_traditional_ppo_seed46_3000ep/training_metrics.jsonl,cd4488624912459cbda501bd8a94d643094f910408e039b59802fc018712052a
seed,traditional_ppo,46,1884,10944,0.275552721088435,,,,external_multimap_v3_1,108,64b3e7eb929c5ddc5f8cd2efc3a4c199933c03d038bdbe8cd2ab5acb207388a5,paper_runs/multimap_v3_2/formal_training/formal_traditional_ppo_seed46_3000ep/training_metrics.jsonl,cd4488624912459cbda501bd8a94d643094f910408e039b59802fc018712052a
seed,traditional_ppo,46,2000,11632,0.271061271730915,,,,external_multimap_v3_1,108,64b3e7eb929c5ddc5f8cd2efc3a4c199933c03d038bdbe8cd2ab5acb207388a5,paper_runs/multimap_v3_2/formal_training/formal_traditional_ppo_seed46_3000ep/training_metrics.jsonl,cd4488624912459cbda501bd8a94d643094f910408e039b59802fc018712052a
seed,traditional_ppo,46,2032,11827,0.270548705593348,,,,external_multimap_v3_1,108,64b3e7eb929c5ddc5f8cd2efc3a4c199933c03d038bdbe8cd2ab5acb207388a5,paper_runs/multimap_v3_2/formal_training/formal_traditional_ppo_seed46_3000ep/training_metrics.jsonl,cd4488624912459cbda501bd8a94d643094f910408e039b59802fc018712052a
seed,traditional_ppo,46,2192,12807,0.267883125472411,,,,external_multimap_v3_1,108,64b3e7eb929c5ddc5f8cd2efc3a4c199933c03d038bdbe8cd2ab5acb207388a5,paper_runs/multimap_v3_2/formal_training/formal_traditional_ppo_seed46_3000ep/training_metrics.jsonl,cd4488624912459cbda501bd8a94d643094f910408e039b59802fc018712052a
seed,traditional_ppo,46,2352,13799,0.273715041572184,,,,external_multimap_v3_1,108,64b3e7eb929c5ddc5f8cd2efc3a4c199933c03d038bdbe8cd2ab5acb207388a5,paper_runs/multimap_v3_2/formal_training/formal_traditional_ppo_seed46_3000ep/training_metrics.jsonl,cd4488624912459cbda501bd8a94d643094f910408e039b59802fc018712052a
seed,traditional_ppo,46,2500,14683,0.268778344671202,,,,external_multimap_v3_1,108,64b3e7eb929c5ddc5f8cd2efc3a4c199933c03d038bdbe8cd2ab5acb207388a5,paper_runs/multimap_v3_2/formal_training/formal_traditional_ppo_seed46_3000ep/training_metrics.jsonl,cd4488624912459cbda501bd8a94d643094f910408e039b59802fc018712052a
seed,traditional_ppo,46,2660,15663,0.277971466364323,,,,external_multimap_v3_1,108,64b3e7eb929c5ddc5f8cd2efc3a4c199933c03d038bdbe8cd2ab5acb207388a5,paper_runs/multimap_v3_2/formal_training/formal_traditional_ppo_seed46_3000ep/training_metrics.jsonl,cd4488624912459cbda501bd8a94d643094f910408e039b59802fc018712052a
seed,traditional_ppo,46,2820,16645,0.2692649281935,,,,external_multimap_v3_1,108,64b3e7eb929c5ddc5f8cd2efc3a4c199933c03d038bdbe8cd2ab5acb207388a5,paper_runs/multimap_v3_2/formal_training/formal_traditional_ppo_seed46_3000ep/training_metrics.jsonl,cd4488624912459cbda501bd8a94d643094f910408e039b59802fc018712052a
seed,traditional_ppo,46,2980,17585,0.267231198034769,,,,external_multimap_v3_1,108,64b3e7eb929c5ddc5f8cd2efc3a4c199933c03d038bdbe8cd2ab5acb207388a5,paper_runs/multimap_v3_2/formal_training/formal_traditional_ppo_seed46_3000ep/training_metrics.jsonl,cd4488624912459cbda501bd8a94d643094f910408e039b59802fc018712052a
seed,traditional_ppo,46,3000,17709,0.270637282690854,,,,external_multimap_v3_1,108,64b3e7eb929c5ddc5f8cd2efc3a4c199933c03d038bdbe8cd2ab5acb207388a5,paper_runs/multimap_v3_2/formal_training/formal_traditional_ppo_seed46_3000ep/training_metrics.jsonl,cd4488624912459cbda501bd8a94d643094f910408e039b59802fc018712052a
summary,traditional_ppo,,16,,,0.244484599395314,0.234372637944067,0.258769132653061,external_multimap_v3_1,108,64b3e7eb929c5ddc5f8cd2efc3a4c199933c03d038bdbe8cd2ab5acb207388a5,derived_from_five_seed_rows_at_same_recorded_episode,
summary,traditional_ppo,,160,,,0.263588907785336,0.262182303476946,0.266861536281179,external_multimap_v3_1,108,64b3e7eb929c5ddc5f8cd2efc3a4c199933c03d038bdbe8cd2ab5acb207388a5,derived_from_five_seed_rows_at_same_recorded_episode,
summary,traditional_ppo,,250,,,0.266579270597128,0.264777021919879,0.267540627362056,external_multimap_v3_1,108,64b3e7eb929c5ddc5f8cd2efc3a4c199933c03d038bdbe8cd2ab5acb207388a5,derived_from_five_seed_rows_at_same_recorded_episode,
summary,traditional_ppo,,314,,,0.262000425170068,0.26015093537415,0.265881283068783,external_multimap_v3_1,108,64b3e7eb929c5ddc5f8cd2efc3a4c199933c03d038bdbe8cd2ab5acb207388a5,derived_from_five_seed_rows_at_same_recorded_episode,
summary,traditional_ppo,,474,,,0.265212821239607,0.259930083144369,0.267808720710507,external_multimap_v3_1,108,64b3e7eb929c5ddc5f8cd2efc3a4c199933c03d038bdbe8cd2ab5acb207388a5,derived_from_five_seed_rows_at_same_recorded_episode,
summary,traditional_ppo,,500,,,0.261884684429327,0.260951672335601,0.268348450491308,external_multimap_v3_1,108,64b3e7eb929c5ddc5f8cd2efc3a4c199933c03d038bdbe8cd2ab5acb207388a5,derived_from_five_seed_rows_at_same_recorded_episode,
summary,traditional_ppo,,628,,,0.260827664399093,0.260384778911565,0.272934382086168,external_multimap_v3_1,108,64b3e7eb929c5ddc5f8cd2efc3a4c199933c03d038bdbe8cd2ab5acb207388a5,derived_from_five_seed_rows_at_same_recorded_episode,
summary,traditional_ppo,,788,,,0.266011196145125,0.257298752834467,0.266195436507936,external_multimap_v3_1,108,64b3e7eb929c5ddc5f8cd2efc3a4c199933c03d038bdbe8cd2ab5acb207388a5,derived_from_five_seed_rows_at_same_recorded_episode,
summary,traditional_ppo,,948,,,0.268453561980348,0.266057256235828,0.273993764172336,external_multimap_v3_1,108,64b3e7eb929c5ddc5f8cd2efc3a4c199933c03d038bdbe8cd2ab5acb207388a5,derived_from_five_seed_rows_at_same_recorded_episode,
summary,traditional_ppo,,1000,,,0.268583475056689,0.268427579365079,0.271380149281935,external_multimap_v3_1,108,64b3e7eb929c5ddc5f8cd2efc3a4c199933c03d038bdbe8cd2ab5acb207388a5,derived_from_five_seed_rows_at_same_recorded_episode,
summary,traditional_ppo,,1096,,,0.268311838624339,0.265222269463341,0.271288029100529,external_multimap_v3_1,108,64b3e7eb929c5ddc5f8cd2efc3a4c199933c03d038bdbe8cd2ab5acb207388a5,derived_from_five_seed_rows_at_same_recorded_episode,
summary,traditional_ppo,,1256,,,0.267517006802721,0.262525982615268,0.270913643235072,external_multimap_v3_1,108,64b3e7eb929c5ddc5f8cd2efc3a4c199933c03d038bdbe8cd2ab5acb207388a5,derived_from_five_seed_rows_at_same_recorded_episode,
summary,traditional_ppo,,1416,,,0.2729119425548,0.260130857898715,0.273777636054422,external_multimap_v3_1,108,64b3e7eb929c5ddc5f8cd2efc3a4c199933c03d038bdbe8cd2ab5acb207388a5,derived_from_five_seed_rows_at_same_recorded_episode,
summary,traditional_ppo,,1500,,,0.265745464852608,0.25932067271353,0.268061460695389,external_multimap_v3_1,108,64b3e7eb929c5ddc5f8cd2efc3a4c199933c03d038bdbe8cd2ab5acb207388a5,derived_from_five_seed_rows_at_same_recorded_episode,
summary,traditional_ppo,,1564,,,0.264383739606954,0.258971088435374,0.267535903250189,external_multimap_v3_1,108,64b3e7eb929c5ddc5f8cd2efc3a4c199933c03d038bdbe8cd2ab5acb207388a5,derived_from_five_seed_rows_at_same_recorded_episode,
summary,traditional_ppo,,1724,,,0.26489276266062,0.261988614890401,0.27145455404384,external_multimap_v3_1,108,64b3e7eb929c5ddc5f8cd2efc3a4c199933c03d038bdbe8cd2ab5acb207388a5,derived_from_five_seed_rows_at_same_recorded_episode,
summary,traditional_ppo,,1884,,,0.275552721088435,0.270658541194255,0.276019227135299,external_multimap_v3_1,108,64b3e7eb929c5ddc5f8cd2efc3a4c199933c03d038bdbe8cd2ab5acb207388a5,derived_from_five_seed_rows_at_same_recorded_episode,
summary,traditional_ppo,,2000,,,0.271061271730915,0.260155659486017,0.278826530612245,external_multimap_v3_1,108,64b3e7eb929c5ddc5f8cd2efc3a4c199933c03d038bdbe8cd2ab5acb207388a5,derived_from_five_seed_rows_at_same_recorded_episode,
summary,traditional_ppo,,2032,,,0.270548705593348,0.260289115646259,0.27895880574452,external_multimap_v3_1,108,64b3e7eb929c5ddc5f8cd2efc3a4c199933c03d038bdbe8cd2ab5acb207388a5,derived_from_five_seed_rows_at_same_recorded_episode,
summary,traditional_ppo,,2192,,,0.269256660997732,0.267883125472411,0.277920682161754,external_multimap_v3_1,108,64b3e7eb929c5ddc5f8cd2efc3a4c199933c03d038bdbe8cd2ab5acb207388a5,derived_from_five_seed_rows_at_same_recorded_episode,
summary,traditional_ppo,,2352,,,0.274555933484505,0.273715041572184,0.278163973922903,external_multimap_v3_1,108,64b3e7eb929c5ddc5f8cd2efc3a4c199933c03d038bdbe8cd2ab5acb207388a5,derived_from_five_seed_rows_at_same_recorded_episode,
summary,traditional_ppo,,2500,,,0.274352796674225,0.268778344671202,0.276880196523054,external_multimap_v3_1,108,64b3e7eb929c5ddc5f8cd2efc3a4c199933c03d038bdbe8cd2ab5acb207388a5,derived_from_five_seed_rows_at_same_recorded_episode,
summary,traditional_ppo,,2660,,,0.27432208994709,0.269394841269841,0.274652777777778,external_multimap_v3_1,108,64b3e7eb929c5ddc5f8cd2efc3a4c199933c03d038bdbe8cd2ab5acb207388a5,derived_from_five_seed_rows_at_same_recorded_episode,
summary,traditional_ppo,,2820,,,0.2692649281935,0.262724395313681,0.276379440665155,external_multimap_v3_1,108,64b3e7eb929c5ddc5f8cd2efc3a4c199933c03d038bdbe8cd2ab5acb207388a5,derived_from_five_seed_rows_at_same_recorded_episode,
summary,traditional_ppo,,2980,,,0.267231198034769,0.263677484882842,0.271422666288738,external_multimap_v3_1,108,64b3e7eb929c5ddc5f8cd2efc3a4c199933c03d038bdbe8cd2ab5acb207388a5,derived_from_five_seed_rows_at_same_recorded_episode,
summary,traditional_ppo,,3000,,,0.270637282690854,0.270505007558579,0.276215277777778,external_multimap_v3_1,108,64b3e7eb929c5ddc5f8cd2efc3a4c199933c03d038bdbe8cd2ab5acb207388a5,derived_from_five_seed_rows_at_same_recorded_episode,
