record_type,model,training_seed,episodes_seen,mean_return,batch_episode_count,reward_schema,source_path,source_sha256,median,q25,q75
seed,full,42.0,16,0.18996858352329582,16,multimap_v3_1,paper_runs\multimap_v3_1\formal_training\formal_full_seed42_3000ep\training_metrics.jsonl,e62401924ecbbdc68af1cf978825a8d45f7bf20d18c9315faa95d3c4867e9075,,,
seed,full,42.0,32,0.1940415354911238,16,multimap_v3_1,paper_runs\multimap_v3_1\formal_training\formal_full_seed42_3000ep\training_metrics.jsonl,e62401924ecbbdc68af1cf978825a8d45f7bf20d18c9315faa95d3c4867e9075,,,
seed,full,42.0,48,0.22766585811041296,16,multimap_v3_1,paper_runs\multimap_v3_1\formal_training\formal_full_seed42_3000ep\training_metrics.jsonl,e62401924ecbbdc68af1cf978825a8d45f7bf20d18c9315faa95d3c4867e9075,,,
seed,full,42.0,64,0.25149498973041773,16,multimap_v3_1,paper_runs\multimap_v3_1\formal_training\formal_full_seed42_3000ep\training_metrics.jsonl,e62401924ecbbdc68af1cf978825a8d45f7bf20d18c9315faa95d3c4867e9075,,,
seed,full,42.0,80,0.3179950350895524,16,multimap_v3_1,paper_runs\multimap_v3_1\formal_training\formal_full_seed42_3000ep\training_metrics.jsonl,e62401924ecbbdc68af1cf978825a8d45f7bf20d18c9315faa95d3c4867e9075,,,
seed,full,42.0,96,0.24168933276087046,16,multimap_v3_1,paper_runs\multimap_v3_1\formal_training\formal_full_seed42_3000ep\training_metrics.jsonl,e62401924ecbbdc68af1cf978825a8d45f7bf20d18c9315faa95d3c4867e9075,,,
seed,full,42.0,112,0.3766025174409151,16,multimap_v3_1,paper_runs\multimap_v3_1\formal_training\formal_full_seed42_3000ep\training_metrics.jsonl,e62401924ecbbdc68af1cf978825a8d45f7bf20d18c9315faa95d3c4867e9075,,,
seed,full,42.0,128,0.34949949383735657,16,multimap_v3_1,paper_runs\multimap_v3_1\formal_training\formal_full_seed42_3000ep\training_metrics.jsonl,e62401924ecbbdc68af1cf978825a8d45f7bf20d18c9315faa95d3c4867e9075,,,
seed,full,42.0,144,0.3566067675128579,16,multimap_v3_1,paper_runs\multimap_v3_1\formal_training\formal_full_seed42_3000ep\training_metrics.jsonl,e62401924ecbbdc68af1cf978825a8d45f7bf20d18c9315faa95d3c4867e9075,,,
seed,full,42.0,160,0.37060845736414194,16,multimap_v3_1,paper_runs\multimap_v3_1\formal_training\formal_full_seed42_3000ep\training_metrics.jsonl,e62401924ecbbdc68af1cf978825a8d45f7bf20d18c9315faa95d3c4867e9075,,,
seed,full,42.0,176,0.4116318104788661,16,multimap_v3_1,paper_runs\multimap_v3_1\formal_training\formal_full_seed42_3000ep\training_metrics.jsonl,e62401924ecbbdc68af1cf978825a8d45f7bf20d18c9315faa95d3c4867e9075,,,
seed,full,42.0,192,0.41130660381168127,16,multimap_v3_1,paper_runs\multimap_v3_1\formal_training\formal_full_seed42_3000ep\training_metrics.jsonl,e62401924ecbbdc68af1cf978825a8d45f7bf20d18c9315faa95d3c4867e9075,,,
seed,full,42.0,208,0.45499039348214865,16,multimap_v3_1,paper_runs\multimap_v3_1\formal_training\formal_full_seed42_3000ep\training_metrics.jsonl,e62401924ecbbdc68af1cf978825a8d45f7bf20d18c9315faa95d3c4867e9075,,,
seed,full,42.0,224,0.405596767552197,16,multimap_v3_1,paper_runs\multimap_v3_1\formal_training\formal_full_seed42_3000ep\training_metrics.jsonl,e62401924ecbbdc68af1cf978825a8d45f7bf20d18c9315faa95d3c4867e9075,,,
seed,full,42.0,240,0.3985462626442313,16,multimap_v3_1,paper_runs\multimap_v3_1\formal_training\formal_full_seed42_3000ep\training_metrics.jsonl,e62401924ecbbdc68af1cf978825a8d45f7bf20d18c9315faa95d3c4867e9075,,,
seed,full,42.0,250,0.4834077775478363,16,multimap_v3_1,paper_runs\multimap_v3_1\formal_training\formal_full_seed42_3000ep\training_metrics.jsonl,e62401924ecbbdc68af1cf978825a8d45f7bf20d18c9315faa95d3c4867e9075,,,
seed,full,42.0,266,0.42157585453242064,16,multimap_v3_1,paper_runs\multimap_v3_1\formal_training\formal_full_seed42_3000ep\training_metrics.jsonl,e62401924ecbbdc68af1cf978825a8d45f7bf20d18c9315faa95d3c4867e9075,,,
seed,full,42.0,282,0.40647032856941223,16,multimap_v3_1,paper_runs\multimap_v3_1\formal_training\formal_full_seed42_3000ep\training_metrics.jsonl,e62401924ecbbdc68af1cf978825a8d45f7bf20d18c9315faa95d3c4867e9075,,,
seed,full,42.0,298,0.48831666447222233,16,multimap_v3_1,paper_runs\multimap_v3_1\formal_training\formal_full_seed42_3000ep\training_metrics.jsonl,e62401924ecbbdc68af1cf978825a8d45f7bf20d18c9315faa95d3c4867e9075,,,
seed,full,42.0,314,0.3904460920020938,16,multimap_v3_1,paper_runs\multimap_v3_1\formal_training\formal_full_seed42_3000ep\training_metrics.jsonl,e62401924ecbbdc68af1cf978825a8d45f7bf20d18c9315faa95d3c4867e9075,,,
seed,full,42.0,330,0.38982955925166607,16,multimap_v3_1,paper_runs\multimap_v3_1\formal_training\formal_full_seed42_3000ep\training_metrics.jsonl,e62401924ecbbdc68af1cf978825a8d45f7bf20d18c9315faa95d3c4867e9075,,,
seed,full,42.0,346,0.5307055171579123,16,multimap_v3_1,paper_runs\multimap_v3_1\formal_training\formal_full_seed42_3000ep\training_metrics.jsonl,e62401924ecbbdc68af1cf978825a8d45f7bf20d18c9315faa95d3c4867e9075,,,
seed,full,42.0,362,0.45391423907130957,16,multimap_v3_1,paper_runs\multimap_v3_1\formal_training\formal_full_seed42_3000ep\training_metrics.jsonl,e62401924ecbbdc68af1cf978825a8d45f7bf20d18c9315faa95d3c4867e9075,,,
seed,full,42.0,378,0.39352588076144457,16,multimap_v3_1,paper_runs\multimap_v3_1\formal_training\formal_full_seed42_3000ep\training_metrics.jsonl,e62401924ecbbdc68af1cf978825a8d45f7bf20d18c9315faa95d3c4867e9075,,,
seed,full,42.0,394,0.48992880061268806,16,multimap_v3_1,paper_runs\multimap_v3_1\formal_training\formal_full_seed42_3000ep\training_metrics.jsonl,e62401924ecbbdc68af1cf978825a8d45f7bf20d18c9315faa95d3c4867e9075,,,
seed,full,42.0,410,0.3992521008476615,16,multimap_v3_1,paper_runs\multimap_v3_1\formal_training\formal_full_seed42_3000ep\training_metrics.jsonl,e62401924ecbbdc68af1cf978825a8d45f7bf20d18c9315faa95d3c4867e9075,,,
seed,full,42.0,426,0.34035946405492723,16,multimap_v3_1,paper_runs\multimap_v3_1\formal_training\formal_full_seed42_3000ep\training_metrics.jsonl,e62401924ecbbdc68af1cf978825a8d45f7bf20d18c9315faa95d3c4867e9075,,,
seed,full,42.0,442,0.4198912996798754,16,multimap_v3_1,paper_runs\multimap_v3_1\formal_training\formal_full_seed42_3000ep\training_metrics.jsonl,e62401924ecbbdc68af1cf978825a8d45f7bf20d18c9315faa95d3c4867e9075,,,
seed,full,42.0,458,0.42923598643392324,16,multimap_v3_1,paper_runs\multimap_v3_1\formal_training\formal_full_seed42_3000ep\training_metrics.jsonl,e62401924ecbbdc68af1cf978825a8d45f7bf20d18c9315faa95d3c4867e9075,,,
seed,full,42.0,474,0.3961855247616768,16,multimap_v3_1,paper_runs\multimap_v3_1\formal_training\formal_full_seed42_3000ep\training_metrics.jsonl,e62401924ecbbdc68af1cf978825a8d45f7bf20d18c9315faa95d3c4867e9075,,,
seed,full,42.0,490,0.5093738539144397,16,multimap_v3_1,paper_runs\multimap_v3_1\formal_training\formal_full_seed42_3000ep\training_metrics.jsonl,e62401924ecbbdc68af1cf978825a8d45f7bf20d18c9315faa95d3c4867e9075,,,
seed,full,42.0,500,0.4339442938566208,16,multimap_v3_1,paper_runs\multimap_v3_1\formal_training\formal_full_seed42_3000ep\training_metrics.jsonl,e62401924ecbbdc68af1cf978825a8d45f7bf20d18c9315faa95d3c4867e9075,,,
seed,full,42.0,516,0.43304731231182814,16,multimap_v3_1,paper_runs\multimap_v3_1\formal_training\formal_full_seed42_3000ep\training_metrics.jsonl,e62401924ecbbdc68af1cf978825a8d45f7bf20d18c9315faa95d3c4867e9075,,,
seed,full,42.0,532,0.427349166944623,16,multimap_v3_1,paper_runs\multimap_v3_1\formal_training\formal_full_seed42_3000ep\training_metrics.jsonl,e62401924ecbbdc68af1cf978825a8d45f7bf20d18c9315faa95d3c4867e9075,,,
seed,full,42.0,548,0.49008074030280113,16,multimap_v3_1,paper_runs\multimap_v3_1\formal_training\formal_full_seed42_3000ep\training_metrics.jsonl,e62401924ecbbdc68af1cf978825a8d45f7bf20d18c9315faa95d3c4867e9075,,,
seed,full,42.0,564,0.44720641896128654,16,multimap_v3_1,paper_runs\multimap_v3_1\formal_training\formal_full_seed42_3000ep\training_metrics.jsonl,e62401924ecbbdc68af1cf978825a8d45f7bf20d18c9315faa95d3c4867e9075,,,
seed,full,42.0,580,0.44121403992176056,16,multimap_v3_1,paper_runs\multimap_v3_1\formal_training\formal_full_seed42_3000ep\training_metrics.jsonl,e62401924ecbbdc68af1cf978825a8d45f7bf20d18c9315faa95d3c4867e9075,,,
seed,full,42.0,596,0.42309717182070017,16,multimap_v3_1,paper_runs\multimap_v3_1\formal_training\formal_full_seed42_3000ep\training_metrics.jsonl,e62401924ecbbdc68af1cf978825a8d45f7bf20d18c9315faa95d3c4867e9075,,,
seed,full,42.0,612,0.4191857920959592,16,multimap_v3_1,paper_runs\multimap_v3_1\formal_training\formal_full_seed42_3000ep\training_metrics.jsonl,e62401924ecbbdc68af1cf978825a8d45f7bf20d18c9315faa95d3c4867e9075,,,
seed,full,42.0,628,0.435815236531198,16,multimap_v3_1,paper_runs\multimap_v3_1\formal_training\formal_full_seed42_3000ep\training_metrics.jsonl,e62401924ecbbdc68af1cf978825a8d45f7bf20d18c9315faa95d3c4867e9075,,,
seed,full,42.0,644,0.44805134646594524,16,multimap_v3_1,paper_runs\multimap_v3_1\formal_training\formal_full_seed42_3000ep\training_metrics.jsonl,e62401924ecbbdc68af1cf978825a8d45f7bf20d18c9315faa95d3c4867e9075,,,
seed,full,42.0,660,0.4278601184487343,16,multimap_v3_1,paper_runs\multimap_v3_1\formal_training\formal_full_seed42_3000ep\training_metrics.jsonl,e62401924ecbbdc68af1cf978825a8d45f7bf20d18c9315faa95d3c4867e9075,,,
seed,full,42.0,676,0.5408753659576178,16,multimap_v3_1,paper_runs\multimap_v3_1\formal_training\formal_full_seed42_3000ep\training_metrics.jsonl,e62401924ecbbdc68af1cf978825a8d45f7bf20d18c9315faa95d3c4867e9075,,,
seed,full,42.0,692,0.45436747185885906,16,multimap_v3_1,paper_runs\multimap_v3_1\formal_training\formal_full_seed42_3000ep\training_metrics.jsonl,e62401924ecbbdc68af1cf978825a8d45f7bf20d18c9315faa95d3c4867e9075,,,
seed,full,42.0,708,0.45210311096161604,16,multimap_v3_1,paper_runs\multimap_v3_1\formal_training\formal_full_seed42_3000ep\training_metrics.jsonl,e62401924ecbbdc68af1cf978825a8d45f7bf20d18c9315faa95d3c4867e9075,,,
seed,full,42.0,724,0.4726188573986292,16,multimap_v3_1,paper_runs\multimap_v3_1\formal_training\formal_full_seed42_3000ep\training_metrics.jsonl,e62401924ecbbdc68af1cf978825a8d45f7bf20d18c9315faa95d3c4867e9075,,,
seed,full,42.0,740,0.4213805440813303,16,multimap_v3_1,paper_runs\multimap_v3_1\formal_training\formal_full_seed42_3000ep\training_metrics.jsonl,e62401924ecbbdc68af1cf978825a8d45f7bf20d18c9315faa95d3c4867e9075,,,
seed,full,42.0,756,0.4650214444845915,16,multimap_v3_1,paper_runs\multimap_v3_1\formal_training\formal_full_seed42_3000ep\training_metrics.jsonl,e62401924ecbbdc68af1cf978825a8d45f7bf20d18c9315faa95d3c4867e9075,,,
seed,full,42.0,772,0.48991845548152924,16,multimap_v3_1,paper_runs\multimap_v3_1\formal_training\formal_full_seed42_3000ep\training_metrics.jsonl,e62401924ecbbdc68af1cf978825a8d45f7bf20d18c9315faa95d3c4867e9075,,,
seed,full,42.0,788,0.4261378860101104,16,multimap_v3_1,paper_runs\multimap_v3_1\formal_training\formal_full_seed42_3000ep\training_metrics.jsonl,e62401924ecbbdc68af1cf978825a8d45f7bf20d18c9315faa95d3c4867e9075,,,
seed,full,42.0,804,0.4359320793300867,16,multimap_v3_1,paper_runs\multimap_v3_1\formal_training\formal_full_seed42_3000ep\training_metrics.jsonl,e62401924ecbbdc68af1cf978825a8d45f7bf20d18c9315faa95d3c4867e9075,,,
seed,full,42.0,820,0.49386698938906193,16,multimap_v3_1,paper_runs\multimap_v3_1\formal_training\formal_full_seed42_3000ep\training_metrics.jsonl,e62401924ecbbdc68af1cf978825a8d45f7bf20d18c9315faa95d3c4867e9075,,,
seed,full,42.0,836,0.4731121938675642,16,multimap_v3_1,paper_runs\multimap_v3_1\formal_training\formal_full_seed42_3000ep\training_metrics.jsonl,e62401924ecbbdc68af1cf978825a8d45f7bf20d18c9315faa95d3c4867e9075,,,
seed,full,42.0,852,0.48432264663279057,16,multimap_v3_1,paper_runs\multimap_v3_1\formal_training\formal_full_seed42_3000ep\training_metrics.jsonl,e62401924ecbbdc68af1cf978825a8d45f7bf20d18c9315faa95d3c4867e9075,,,
seed,full,42.0,868,0.5019762869924307,16,multimap_v3_1,paper_runs\multimap_v3_1\formal_training\formal_full_seed42_3000ep\training_metrics.jsonl,e62401924ecbbdc68af1cf978825a8d45f7bf20d18c9315faa95d3c4867e9075,,,
seed,full,42.0,884,0.49484964925795794,16,multimap_v3_1,paper_runs\multimap_v3_1\formal_training\formal_full_seed42_3000ep\training_metrics.jsonl,e62401924ecbbdc68af1cf978825a8d45f7bf20d18c9315faa95d3c4867e9075,,,
seed,full,42.0,900,0.4002662720158696,16,multimap_v3_1,paper_runs\multimap_v3_1\formal_training\formal_full_seed42_3000ep\training_metrics.jsonl,e62401924ecbbdc68af1cf978825a8d45f7bf20d18c9315faa95d3c4867e9075,,,
seed,full,42.0,916,0.478677942417562,16,multimap_v3_1,paper_runs\multimap_v3_1\formal_training\formal_full_seed42_3000ep\training_metrics.jsonl,e62401924ecbbdc68af1cf978825a8d45f7bf20d18c9315faa95d3c4867e9075,,,
seed,full,42.0,932,0.4312280770391226,16,multimap_v3_1,paper_runs\multimap_v3_1\formal_training\formal_full_seed42_3000ep\training_metrics.jsonl,e62401924ecbbdc68af1cf978825a8d45f7bf20d18c9315faa95d3c4867e9075,,,
seed,full,42.0,948,0.493196465075016,16,multimap_v3_1,paper_runs\multimap_v3_1\formal_training\formal_full_seed42_3000ep\training_metrics.jsonl,e62401924ecbbdc68af1cf978825a8d45f7bf20d18c9315faa95d3c4867e9075,,,
seed,full,42.0,964,0.4547158982604742,16,multimap_v3_1,paper_runs\multimap_v3_1\formal_training\formal_full_seed42_3000ep\training_metrics.jsonl,e62401924ecbbdc68af1cf978825a8d45f7bf20d18c9315faa95d3c4867e9075,,,
seed,full,42.0,980,0.49983134493231773,16,multimap_v3_1,paper_runs\multimap_v3_1\formal_training\formal_full_seed42_3000ep\training_metrics.jsonl,e62401924ecbbdc68af1cf978825a8d45f7bf20d18c9315faa95d3c4867e9075,,,
seed,full,42.0,996,0.438324642367661,16,multimap_v3_1,paper_runs\multimap_v3_1\formal_training\formal_full_seed42_3000ep\training_metrics.jsonl,e62401924ecbbdc68af1cf978825a8d45f7bf20d18c9315faa95d3c4867e9075,,,
seed,full,42.0,1000,0.5503768026828766,16,multimap_v3_1,paper_runs\multimap_v3_1\formal_training\formal_full_seed42_3000ep\training_metrics.jsonl,e62401924ecbbdc68af1cf978825a8d45f7bf20d18c9315faa95d3c4867e9075,,,
seed,full,42.0,1016,0.4105353523045778,16,multimap_v3_1,paper_runs\multimap_v3_1\formal_training\formal_full_seed42_3000ep\training_metrics.jsonl,e62401924ecbbdc68af1cf978825a8d45f7bf20d18c9315faa95d3c4867e9075,,,
seed,full,42.0,1032,0.3936625989153981,16,multimap_v3_1,paper_runs\multimap_v3_1\formal_training\formal_full_seed42_3000ep\training_metrics.jsonl,e62401924ecbbdc68af1cf978825a8d45f7bf20d18c9315faa95d3c4867e9075,,,
seed,full,42.0,1048,0.4356554467231035,16,multimap_v3_1,paper_runs\multimap_v3_1\formal_training\formal_full_seed42_3000ep\training_metrics.jsonl,e62401924ecbbdc68af1cf978825a8d45f7bf20d18c9315faa95d3c4867e9075,,,
seed,full,42.0,1064,0.44037922099232674,16,multimap_v3_1,paper_runs\multimap_v3_1\formal_training\formal_full_seed42_3000ep\training_metrics.jsonl,e62401924ecbbdc68af1cf978825a8d45f7bf20d18c9315faa95d3c4867e9075,,,
seed,full,42.0,1080,0.4601490143686533,16,multimap_v3_1,paper_runs\multimap_v3_1\formal_training\formal_full_seed42_3000ep\training_metrics.jsonl,e62401924ecbbdc68af1cf978825a8d45f7bf20d18c9315faa95d3c4867e9075,,,
seed,full,42.0,1096,0.43547847494482994,16,multimap_v3_1,paper_runs\multimap_v3_1\formal_training\formal_full_seed42_3000ep\training_metrics.jsonl,e62401924ecbbdc68af1cf978825a8d45f7bf20d18c9315faa95d3c4867e9075,,,
seed,full,42.0,1112,0.45266029611229897,16,multimap_v3_1,paper_runs\multimap_v3_1\formal_training\formal_full_seed42_3000ep\training_metrics.jsonl,e62401924ecbbdc68af1cf978825a8d45f7bf20d18c9315faa95d3c4867e9075,,,
seed,full,42.0,1128,0.4292477425187826,16,multimap_v3_1,paper_runs\multimap_v3_1\formal_training\formal_full_seed42_3000ep\training_metrics.jsonl,e62401924ecbbdc68af1cf978825a8d45f7bf20d18c9315faa95d3c4867e9075,,,
seed,full,42.0,1144,0.5136660160496831,16,multimap_v3_1,paper_runs\multimap_v3_1\formal_training\formal_full_seed42_3000ep\training_metrics.jsonl,e62401924ecbbdc68af1cf978825a8d45f7bf20d18c9315faa95d3c4867e9075,,,
seed,full,42.0,1160,0.5011210674419999,16,multimap_v3_1,paper_runs\multimap_v3_1\formal_training\formal_full_seed42_3000ep\training_metrics.jsonl,e62401924ecbbdc68af1cf978825a8d45f7bf20d18c9315faa95d3c4867e9075,,,
seed,full,42.0,1176,0.420531511772424,16,multimap_v3_1,paper_runs\multimap_v3_1\formal_training\formal_full_seed42_3000ep\training_metrics.jsonl,e62401924ecbbdc68af1cf978825a8d45f7bf20d18c9315faa95d3c4867e9075,,,
seed,full,42.0,1192,0.38299267925322056,16,multimap_v3_1,paper_runs\multimap_v3_1\formal_training\formal_full_seed42_3000ep\training_metrics.jsonl,e62401924ecbbdc68af1cf978825a8d45f7bf20d18c9315faa95d3c4867e9075,,,
seed,full,42.0,1208,0.4718532245606184,16,multimap_v3_1,paper_runs\multimap_v3_1\formal_training\formal_full_seed42_3000ep\training_metrics.jsonl,e62401924ecbbdc68af1cf978825a8d45f7bf20d18c9315faa95d3c4867e9075,,,
seed,full,42.0,1224,0.3756587477400899,16,multimap_v3_1,paper_runs\multimap_v3_1\formal_training\formal_full_seed42_3000ep\training_metrics.jsonl,e62401924ecbbdc68af1cf978825a8d45f7bf20d18c9315faa95d3c4867e9075,,,
seed,full,42.0,1240,0.4377462901175022,16,multimap_v3_1,paper_runs\multimap_v3_1\formal_training\formal_full_seed42_3000ep\training_metrics.jsonl,e62401924ecbbdc68af1cf978825a8d45f7bf20d18c9315faa95d3c4867e9075,,,
seed,full,42.0,1256,0.5214108880609274,16,multimap_v3_1,paper_runs\multimap_v3_1\formal_training\formal_full_seed42_3000ep\training_metrics.jsonl,e62401924ecbbdc68af1cf978825a8d45f7bf20d18c9315faa95d3c4867e9075,,,
seed,full,42.0,1272,0.4202729221433401,16,multimap_v3_1,paper_runs\multimap_v3_1\formal_training\formal_full_seed42_3000ep\training_metrics.jsonl,e62401924ecbbdc68af1cf978825a8d45f7bf20d18c9315faa95d3c4867e9075,,,
seed,full,42.0,1288,0.4433610225096345,16,multimap_v3_1,paper_runs\multimap_v3_1\formal_training\formal_full_seed42_3000ep\training_metrics.jsonl,e62401924ecbbdc68af1cf978825a8d45f7bf20d18c9315faa95d3c4867e9075,,,
seed,full,42.0,1304,0.40938379848375916,16,multimap_v3_1,paper_runs\multimap_v3_1\formal_training\formal_full_seed42_3000ep\training_metrics.jsonl,e62401924ecbbdc68af1cf978825a8d45f7bf20d18c9315faa95d3c4867e9075,,,
seed,full,42.0,1320,0.4292324548587203,16,multimap_v3_1,paper_runs\multimap_v3_1\formal_training\formal_full_seed42_3000ep\training_metrics.jsonl,e62401924ecbbdc68af1cf978825a8d45f7bf20d18c9315faa95d3c4867e9075,,,
seed,full,42.0,1336,0.4496013084426522,16,multimap_v3_1,paper_runs\multimap_v3_1\formal_training\formal_full_seed42_3000ep\training_metrics.jsonl,e62401924ecbbdc68af1cf978825a8d45f7bf20d18c9315faa95d3c4867e9075,,,
seed,full,42.0,1352,0.4679193627089262,16,multimap_v3_1,paper_runs\multimap_v3_1\formal_training\formal_full_seed42_3000ep\training_metrics.jsonl,e62401924ecbbdc68af1cf978825a8d45f7bf20d18c9315faa95d3c4867e9075,,,
seed,full,42.0,1368,0.466064453125,16,multimap_v3_1,paper_runs\multimap_v3_1\formal_training\formal_full_seed42_3000ep\training_metrics.jsonl,e62401924ecbbdc68af1cf978825a8d45f7bf20d18c9315faa95d3c4867e9075,,,
seed,full,42.0,1384,0.4725161660462618,16,multimap_v3_1,paper_runs\multimap_v3_1\formal_training\formal_full_seed42_3000ep\training_metrics.jsonl,e62401924ecbbdc68af1cf978825a8d45f7bf20d18c9315faa95d3c4867e9075,,,
seed,full,42.0,1400,0.43874030746519566,16,multimap_v3_1,paper_runs\multimap_v3_1\formal_training\formal_full_seed42_3000ep\training_metrics.jsonl,e62401924ecbbdc68af1cf978825a8d45f7bf20d18c9315faa95d3c4867e9075,,,
seed,full,42.0,1416,0.38122440269216895,16,multimap_v3_1,paper_runs\multimap_v3_1\formal_training\formal_full_seed42_3000ep\training_metrics.jsonl,e62401924ecbbdc68af1cf978825a8d45f7bf20d18c9315faa95d3c4867e9075,,,
seed,full,42.0,1432,0.43188348412513733,16,multimap_v3_1,paper_runs\multimap_v3_1\formal_training\formal_full_seed42_3000ep\training_metrics.jsonl,e62401924ecbbdc68af1cf978825a8d45f7bf20d18c9315faa95d3c4867e9075,,,
seed,full,42.0,1448,0.4607390323653817,16,multimap_v3_1,paper_runs\multimap_v3_1\formal_training\formal_full_seed42_3000ep\training_metrics.jsonl,e62401924ecbbdc68af1cf978825a8d45f7bf20d18c9315faa95d3c4867e9075,,,
seed,full,42.0,1464,0.4790364485234022,16,multimap_v3_1,paper_runs\multimap_v3_1\formal_training\formal_full_seed42_3000ep\training_metrics.jsonl,e62401924ecbbdc68af1cf978825a8d45f7bf20d18c9315faa95d3c4867e9075,,,
seed,full,42.0,1480,0.49196922220289707,16,multimap_v3_1,paper_runs\multimap_v3_1\formal_training\formal_full_seed42_3000ep\training_metrics.jsonl,e62401924ecbbdc68af1cf978825a8d45f7bf20d18c9315faa95d3c4867e9075,,,
seed,full,42.0,1496,0.4637604970484972,16,multimap_v3_1,paper_runs\multimap_v3_1\formal_training\formal_full_seed42_3000ep\training_metrics.jsonl,e62401924ecbbdc68af1cf978825a8d45f7bf20d18c9315faa95d3c4867e9075,,,
seed,full,42.0,1500,0.44588324427604675,16,multimap_v3_1,paper_runs\multimap_v3_1\formal_training\formal_full_seed42_3000ep\training_metrics.jsonl,e62401924ecbbdc68af1cf978825a8d45f7bf20d18c9315faa95d3c4867e9075,,,
seed,full,42.0,1516,0.5156596805900335,16,multimap_v3_1,paper_runs\multimap_v3_1\formal_training\formal_full_seed42_3000ep\training_metrics.jsonl,e62401924ecbbdc68af1cf978825a8d45f7bf20d18c9315faa95d3c4867e9075,,,
seed,full,42.0,1532,0.39175504818558693,16,multimap_v3_1,paper_runs\multimap_v3_1\formal_training\formal_full_seed42_3000ep\training_metrics.jsonl,e62401924ecbbdc68af1cf978825a8d45f7bf20d18c9315faa95d3c4867e9075,,,
seed,full,42.0,1548,0.40886702854186296,16,multimap_v3_1,paper_runs\multimap_v3_1\formal_training\formal_full_seed42_3000ep\training_metrics.jsonl,e62401924ecbbdc68af1cf978825a8d45f7bf20d18c9315faa95d3c4867e9075,,,
seed,full,42.0,1564,0.4276293832808733,16,multimap_v3_1,paper_runs\multimap_v3_1\formal_training\formal_full_seed42_3000ep\training_metrics.jsonl,e62401924ecbbdc68af1cf978825a8d45f7bf20d18c9315faa95d3c4867e9075,,,
seed,full,42.0,1580,0.475978447124362,16,multimap_v3_1,paper_runs\multimap_v3_1\formal_training\formal_full_seed42_3000ep\training_metrics.jsonl,e62401924ecbbdc68af1cf978825a8d45f7bf20d18c9315faa95d3c4867e9075,,,
seed,full,42.0,1596,0.4279439803212881,16,multimap_v3_1,paper_runs\multimap_v3_1\formal_training\formal_full_seed42_3000ep\training_metrics.jsonl,e62401924ecbbdc68af1cf978825a8d45f7bf20d18c9315faa95d3c4867e9075,,,
seed,full,42.0,1612,0.5153196267783642,16,multimap_v3_1,paper_runs\multimap_v3_1\formal_training\formal_full_seed42_3000ep\training_metrics.jsonl,e62401924ecbbdc68af1cf978825a8d45f7bf20d18c9315faa95d3c4867e9075,,,
seed,full,42.0,1628,0.48673720099031925,16,multimap_v3_1,paper_runs\multimap_v3_1\formal_training\formal_full_seed42_3000ep\training_metrics.jsonl,e62401924ecbbdc68af1cf978825a8d45f7bf20d18c9315faa95d3c4867e9075,,,
seed,full,42.0,1644,0.38621573243290186,16,multimap_v3_1,paper_runs\multimap_v3_1\formal_training\formal_full_seed42_3000ep\training_metrics.jsonl,e62401924ecbbdc68af1cf978825a8d45f7bf20d18c9315faa95d3c4867e9075,,,
seed,full,42.0,1660,0.5193770192563534,16,multimap_v3_1,paper_runs\multimap_v3_1\formal_training\formal_full_seed42_3000ep\training_metrics.jsonl,e62401924ecbbdc68af1cf978825a8d45f7bf20d18c9315faa95d3c4867e9075,,,
seed,full,42.0,1676,0.45766052789986134,16,multimap_v3_1,paper_runs\multimap_v3_1\formal_training\formal_full_seed42_3000ep\training_metrics.jsonl,e62401924ecbbdc68af1cf978825a8d45f7bf20d18c9315faa95d3c4867e9075,,,
seed,full,42.0,1692,0.47398471646010876,16,multimap_v3_1,paper_runs\multimap_v3_1\formal_training\formal_full_seed42_3000ep\training_metrics.jsonl,e62401924ecbbdc68af1cf978825a8d45f7bf20d18c9315faa95d3c4867e9075,,,
seed,full,42.0,1708,0.4611711008474231,16,multimap_v3_1,paper_runs\multimap_v3_1\formal_training\formal_full_seed42_3000ep\training_metrics.jsonl,e62401924ecbbdc68af1cf978825a8d45f7bf20d18c9315faa95d3c4867e9075,,,
seed,full,42.0,1724,0.4531180104240775,16,multimap_v3_1,paper_runs\multimap_v3_1\formal_training\formal_full_seed42_3000ep\training_metrics.jsonl,e62401924ecbbdc68af1cf978825a8d45f7bf20d18c9315faa95d3c4867e9075,,,
seed,full,42.0,1740,0.45588718447834253,16,multimap_v3_1,paper_runs\multimap_v3_1\formal_training\formal_full_seed42_3000ep\training_metrics.jsonl,e62401924ecbbdc68af1cf978825a8d45f7bf20d18c9315faa95d3c4867e9075,,,
seed,full,42.0,1756,0.5172835001721978,16,multimap_v3_1,paper_runs\multimap_v3_1\formal_training\formal_full_seed42_3000ep\training_metrics.jsonl,e62401924ecbbdc68af1cf978825a8d45f7bf20d18c9315faa95d3c4867e9075,,,
seed,full,42.0,1772,0.4404947217553854,16,multimap_v3_1,paper_runs\multimap_v3_1\formal_training\formal_full_seed42_3000ep\training_metrics.jsonl,e62401924ecbbdc68af1cf978825a8d45f7bf20d18c9315faa95d3c4867e9075,,,
seed,full,42.0,1788,0.46384863648563623,16,multimap_v3_1,paper_runs\multimap_v3_1\formal_training\formal_full_seed42_3000ep\training_metrics.jsonl,e62401924ecbbdc68af1cf978825a8d45f7bf20d18c9315faa95d3c4867e9075,,,
seed,full,42.0,1804,0.4995701340958476,16,multimap_v3_1,paper_runs\multimap_v3_1\formal_training\formal_full_seed42_3000ep\training_metrics.jsonl,e62401924ecbbdc68af1cf978825a8d45f7bf20d18c9315faa95d3c4867e9075,,,
seed,full,42.0,1820,0.4731623660773039,16,multimap_v3_1,paper_runs\multimap_v3_1\formal_training\formal_full_seed42_3000ep\training_metrics.jsonl,e62401924ecbbdc68af1cf978825a8d45f7bf20d18c9315faa95d3c4867e9075,,,
seed,full,42.0,1836,0.43198330234736204,16,multimap_v3_1,paper_runs\multimap_v3_1\formal_training\formal_full_seed42_3000ep\training_metrics.jsonl,e62401924ecbbdc68af1cf978825a8d45f7bf20d18c9315faa95d3c4867e9075,,,
seed,full,42.0,1852,0.48418167792260647,16,multimap_v3_1,paper_runs\multimap_v3_1\formal_training\formal_full_seed42_3000ep\training_metrics.jsonl,e62401924ecbbdc68af1cf978825a8d45f7bf20d18c9315faa95d3c4867e9075,,,
seed,full,42.0,1868,0.5184862017631531,16,multimap_v3_1,paper_runs\multimap_v3_1\formal_training\formal_full_seed42_3000ep\training_metrics.jsonl,e62401924ecbbdc68af1cf978825a8d45f7bf20d18c9315faa95d3c4867e9075,,,
seed,full,42.0,1884,0.4449096415191889,16,multimap_v3_1,paper_runs\multimap_v3_1\formal_training\formal_full_seed42_3000ep\training_metrics.jsonl,e62401924ecbbdc68af1cf978825a8d45f7bf20d18c9315faa95d3c4867e9075,,,
seed,full,42.0,1900,0.45317681413143873,16,multimap_v3_1,paper_runs\multimap_v3_1\formal_training\formal_full_seed42_3000ep\training_metrics.jsonl,e62401924ecbbdc68af1cf978825a8d45f7bf20d18c9315faa95d3c4867e9075,,,
seed,full,42.0,1916,0.46204801369458437,16,multimap_v3_1,paper_runs\multimap_v3_1\formal_training\formal_full_seed42_3000ep\training_metrics.jsonl,e62401924ecbbdc68af1cf978825a8d45f7bf20d18c9315faa95d3c4867e9075,,,
seed,full,42.0,1932,0.44727621134370565,16,multimap_v3_1,paper_runs\multimap_v3_1\formal_training\formal_full_seed42_3000ep\training_metrics.jsonl,e62401924ecbbdc68af1cf978825a8d45f7bf20d18c9315faa95d3c4867e9075,,,
seed,full,42.0,1948,0.4627553438767791,16,multimap_v3_1,paper_runs\multimap_v3_1\formal_training\formal_full_seed42_3000ep\training_metrics.jsonl,e62401924ecbbdc68af1cf978825a8d45f7bf20d18c9315faa95d3c4867e9075,,,
seed,full,42.0,1964,0.4605472516268492,16,multimap_v3_1,paper_runs\multimap_v3_1\formal_training\formal_full_seed42_3000ep\training_metrics.jsonl,e62401924ecbbdc68af1cf978825a8d45f7bf20d18c9315faa95d3c4867e9075,,,
seed,full,42.0,1980,0.47387220710515976,16,multimap_v3_1,paper_runs\multimap_v3_1\formal_training\formal_full_seed42_3000ep\training_metrics.jsonl,e62401924ecbbdc68af1cf978825a8d45f7bf20d18c9315faa95d3c4867e9075,,,
seed,full,42.0,1996,0.5331842377781868,16,multimap_v3_1,paper_runs\multimap_v3_1\formal_training\formal_full_seed42_3000ep\training_metrics.jsonl,e62401924ecbbdc68af1cf978825a8d45f7bf20d18c9315faa95d3c4867e9075,,,
seed,full,42.0,2000,0.5776425525546074,16,multimap_v3_1,paper_runs\multimap_v3_1\formal_training\formal_full_seed42_3000ep\training_metrics.jsonl,e62401924ecbbdc68af1cf978825a8d45f7bf20d18c9315faa95d3c4867e9075,,,
seed,full,42.0,2016,0.40791265293955803,16,multimap_v3_1,paper_runs\multimap_v3_1\formal_training\formal_full_seed42_3000ep\training_metrics.jsonl,e62401924ecbbdc68af1cf978825a8d45f7bf20d18c9315faa95d3c4867e9075,,,
seed,full,42.0,2032,0.48063025530427694,16,multimap_v3_1,paper_runs\multimap_v3_1\formal_training\formal_full_seed42_3000ep\training_metrics.jsonl,e62401924ecbbdc68af1cf978825a8d45f7bf20d18c9315faa95d3c4867e9075,,,
seed,full,42.0,2048,0.3917678967118263,16,multimap_v3_1,paper_runs\multimap_v3_1\formal_training\formal_full_seed42_3000ep\training_metrics.jsonl,e62401924ecbbdc68af1cf978825a8d45f7bf20d18c9315faa95d3c4867e9075,,,
seed,full,42.0,2064,0.4383696550503373,16,multimap_v3_1,paper_runs\multimap_v3_1\formal_training\formal_full_seed42_3000ep\training_metrics.jsonl,e62401924ecbbdc68af1cf978825a8d45f7bf20d18c9315faa95d3c4867e9075,,,
seed,full,42.0,2080,0.43387000169605017,16,multimap_v3_1,paper_runs\multimap_v3_1\formal_training\formal_full_seed42_3000ep\training_metrics.jsonl,e62401924ecbbdc68af1cf978825a8d45f7bf20d18c9315faa95d3c4867e9075,,,
seed,full,42.0,2096,0.4890159126371145,16,multimap_v3_1,paper_runs\multimap_v3_1\formal_training\formal_full_seed42_3000ep\training_metrics.jsonl,e62401924ecbbdc68af1cf978825a8d45f7bf20d18c9315faa95d3c4867e9075,,,
seed,full,42.0,2112,0.4724331274628639,16,multimap_v3_1,paper_runs\multimap_v3_1\formal_training\formal_full_seed42_3000ep\training_metrics.jsonl,e62401924ecbbdc68af1cf978825a8d45f7bf20d18c9315faa95d3c4867e9075,,,
seed,full,42.0,2128,0.49023996852338314,16,multimap_v3_1,paper_runs\multimap_v3_1\formal_training\formal_full_seed42_3000ep\training_metrics.jsonl,e62401924ecbbdc68af1cf978825a8d45f7bf20d18c9315faa95d3c4867e9075,,,
seed,full,42.0,2144,0.4355000723153353,16,multimap_v3_1,paper_runs\multimap_v3_1\formal_training\formal_full_seed42_3000ep\training_metrics.jsonl,e62401924ecbbdc68af1cf978825a8d45f7bf20d18c9315faa95d3c4867e9075,,,
seed,full,42.0,2160,0.47153597325086594,16,multimap_v3_1,paper_runs\multimap_v3_1\formal_training\formal_full_seed42_3000ep\training_metrics.jsonl,e62401924ecbbdc68af1cf978825a8d45f7bf20d18c9315faa95d3c4867e9075,,,
seed,full,42.0,2176,0.44925811141729355,16,multimap_v3_1,paper_runs\multimap_v3_1\formal_training\formal_full_seed42_3000ep\training_metrics.jsonl,e62401924ecbbdc68af1cf978825a8d45f7bf20d18c9315faa95d3c4867e9075,,,
seed,full,42.0,2192,0.4686762634664774,16,multimap_v3_1,paper_runs\multimap_v3_1\formal_training\formal_full_seed42_3000ep\training_metrics.jsonl,e62401924ecbbdc68af1cf978825a8d45f7bf20d18c9315faa95d3c4867e9075,,,
seed,full,42.0,2208,0.4829988479614258,16,multimap_v3_1,paper_runs\multimap_v3_1\formal_training\formal_full_seed42_3000ep\training_metrics.jsonl,e62401924ecbbdc68af1cf978825a8d45f7bf20d18c9315faa95d3c4867e9075,,,
seed,full,42.0,2224,0.4178753886371851,16,multimap_v3_1,paper_runs\multimap_v3_1\formal_training\formal_full_seed42_3000ep\training_metrics.jsonl,e62401924ecbbdc68af1cf978825a8d45f7bf20d18c9315faa95d3c4867e9075,,,
seed,full,42.0,2240,0.5430331341922283,16,multimap_v3_1,paper_runs\multimap_v3_1\formal_training\formal_full_seed42_3000ep\training_metrics.jsonl,e62401924ecbbdc68af1cf978825a8d45f7bf20d18c9315faa95d3c4867e9075,,,
seed,full,42.0,2256,0.44717548973858356,16,multimap_v3_1,paper_runs\multimap_v3_1\formal_training\formal_full_seed42_3000ep\training_metrics.jsonl,e62401924ecbbdc68af1cf978825a8d45f7bf20d18c9315faa95d3c4867e9075,,,
seed,full,42.0,2272,0.47007120586931705,16,multimap_v3_1,paper_runs\multimap_v3_1\formal_training\formal_full_seed42_3000ep\training_metrics.jsonl,e62401924ecbbdc68af1cf978825a8d45f7bf20d18c9315faa95d3c4867e9075,,,
seed,full,42.0,2288,0.5011586435139179,16,multimap_v3_1,paper_runs\multimap_v3_1\formal_training\formal_full_seed42_3000ep\training_metrics.jsonl,e62401924ecbbdc68af1cf978825a8d45f7bf20d18c9315faa95d3c4867e9075,,,
seed,full,42.0,2304,0.4282345734536648,16,multimap_v3_1,paper_runs\multimap_v3_1\formal_training\formal_full_seed42_3000ep\training_metrics.jsonl,e62401924ecbbdc68af1cf978825a8d45f7bf20d18c9315faa95d3c4867e9075,,,
seed,full,42.0,2320,0.4839734807610512,16,multimap_v3_1,paper_runs\multimap_v3_1\formal_training\formal_full_seed42_3000ep\training_metrics.jsonl,e62401924ecbbdc68af1cf978825a8d45f7bf20d18c9315faa95d3c4867e9075,,,
seed,full,42.0,2336,0.49347397685050964,16,multimap_v3_1,paper_runs\multimap_v3_1\formal_training\formal_full_seed42_3000ep\training_metrics.jsonl,e62401924ecbbdc68af1cf978825a8d45f7bf20d18c9315faa95d3c4867e9075,,,
seed,full,42.0,2352,0.4155027847737074,16,multimap_v3_1,paper_runs\multimap_v3_1\formal_training\formal_full_seed42_3000ep\training_metrics.jsonl,e62401924ecbbdc68af1cf978825a8d45f7bf20d18c9315faa95d3c4867e9075,,,
seed,full,42.0,2368,0.5683373138308525,16,multimap_v3_1,paper_runs\multimap_v3_1\formal_training\formal_full_seed42_3000ep\training_metrics.jsonl,e62401924ecbbdc68af1cf978825a8d45f7bf20d18c9315faa95d3c4867e9075,,,
seed,full,42.0,2384,0.4652178157120943,16,multimap_v3_1,paper_runs\multimap_v3_1\formal_training\formal_full_seed42_3000ep\training_metrics.jsonl,e62401924ecbbdc68af1cf978825a8d45f7bf20d18c9315faa95d3c4867e9075,,,
seed,full,42.0,2400,0.4408673821017146,16,multimap_v3_1,paper_runs\multimap_v3_1\formal_training\formal_full_seed42_3000ep\training_metrics.jsonl,e62401924ecbbdc68af1cf978825a8d45f7bf20d18c9315faa95d3c4867e9075,,,
seed,full,42.0,2416,0.4395521581172943,16,multimap_v3_1,paper_runs\multimap_v3_1\formal_training\formal_full_seed42_3000ep\training_metrics.jsonl,e62401924ecbbdc68af1cf978825a8d45f7bf20d18c9315faa95d3c4867e9075,,,
seed,full,42.0,2432,0.4608743917196989,16,multimap_v3_1,paper_runs\multimap_v3_1\formal_training\formal_full_seed42_3000ep\training_metrics.jsonl,e62401924ecbbdc68af1cf978825a8d45f7bf20d18c9315faa95d3c4867e9075,,,
seed,full,42.0,2448,0.42546609975397587,16,multimap_v3_1,paper_runs\multimap_v3_1\formal_training\formal_full_seed42_3000ep\training_metrics.jsonl,e62401924ecbbdc68af1cf978825a8d45f7bf20d18c9315faa95d3c4867e9075,,,
seed,full,42.0,2464,0.46240783482789993,16,multimap_v3_1,paper_runs\multimap_v3_1\formal_training\formal_full_seed42_3000ep\training_metrics.jsonl,e62401924ecbbdc68af1cf978825a8d45f7bf20d18c9315faa95d3c4867e9075,,,
seed,full,42.0,2480,0.4915524534881115,16,multimap_v3_1,paper_runs\multimap_v3_1\formal_training\formal_full_seed42_3000ep\training_metrics.jsonl,e62401924ecbbdc68af1cf978825a8d45f7bf20d18c9315faa95d3c4867e9075,,,
seed,full,42.0,2496,0.44079441390931606,16,multimap_v3_1,paper_runs\multimap_v3_1\formal_training\formal_full_seed42_3000ep\training_metrics.jsonl,e62401924ecbbdc68af1cf978825a8d45f7bf20d18c9315faa95d3c4867e9075,,,
seed,full,42.0,2500,0.4576974380761385,16,multimap_v3_1,paper_runs\multimap_v3_1\formal_training\formal_full_seed42_3000ep\training_metrics.jsonl,e62401924ecbbdc68af1cf978825a8d45f7bf20d18c9315faa95d3c4867e9075,,,
seed,full,42.0,2516,0.4886777698993683,16,multimap_v3_1,paper_runs\multimap_v3_1\formal_training\formal_full_seed42_3000ep\training_metrics.jsonl,e62401924ecbbdc68af1cf978825a8d45f7bf20d18c9315faa95d3c4867e9075,,,
seed,full,42.0,2532,0.4574440699070692,16,multimap_v3_1,paper_runs\multimap_v3_1\formal_training\formal_full_seed42_3000ep\training_metrics.jsonl,e62401924ecbbdc68af1cf978825a8d45f7bf20d18c9315faa95d3c4867e9075,,,
seed,full,42.0,2548,0.483961408957839,16,multimap_v3_1,paper_runs\multimap_v3_1\formal_training\formal_full_seed42_3000ep\training_metrics.jsonl,e62401924ecbbdc68af1cf978825a8d45f7bf20d18c9315faa95d3c4867e9075,,,
seed,full,42.0,2564,0.42467958480119705,16,multimap_v3_1,paper_runs\multimap_v3_1\formal_training\formal_full_seed42_3000ep\training_metrics.jsonl,e62401924ecbbdc68af1cf978825a8d45f7bf20d18c9315faa95d3c4867e9075,,,
seed,full,42.0,2580,0.46243414003401995,16,multimap_v3_1,paper_runs\multimap_v3_1\formal_training\formal_full_seed42_3000ep\training_metrics.jsonl,e62401924ecbbdc68af1cf978825a8d45f7bf20d18c9315faa95d3c4867e9075,,,
seed,full,42.0,2596,0.4687358420342207,16,multimap_v3_1,paper_runs\multimap_v3_1\formal_training\formal_full_seed42_3000ep\training_metrics.jsonl,e62401924ecbbdc68af1cf978825a8d45f7bf20d18c9315faa95d3c4867e9075,,,
seed,full,42.0,2612,0.48093177005648613,16,multimap_v3_1,paper_runs\multimap_v3_1\formal_training\formal_full_seed42_3000ep\training_metrics.jsonl,e62401924ecbbdc68af1cf978825a8d45f7bf20d18c9315faa95d3c4867e9075,,,
seed,full,42.0,2628,0.4691719990223646,16,multimap_v3_1,paper_runs\multimap_v3_1\formal_training\formal_full_seed42_3000ep\training_metrics.jsonl,e62401924ecbbdc68af1cf978825a8d45f7bf20d18c9315faa95d3c4867e9075,,,
seed,full,42.0,2644,0.4353327602148056,16,multimap_v3_1,paper_runs\multimap_v3_1\formal_training\formal_full_seed42_3000ep\training_metrics.jsonl,e62401924ecbbdc68af1cf978825a8d45f7bf20d18c9315faa95d3c4867e9075,,,
seed,full,42.0,2660,0.40015872940421104,16,multimap_v3_1,paper_runs\multimap_v3_1\formal_training\formal_full_seed42_3000ep\training_metrics.jsonl,e62401924ecbbdc68af1cf978825a8d45f7bf20d18c9315faa95d3c4867e9075,,,
seed,full,42.0,2676,0.4269972238689661,16,multimap_v3_1,paper_runs\multimap_v3_1\formal_training\formal_full_seed42_3000ep\training_metrics.jsonl,e62401924ecbbdc68af1cf978825a8d45f7bf20d18c9315faa95d3c4867e9075,,,
seed,full,42.0,2692,0.46646611485630274,16,multimap_v3_1,paper_runs\multimap_v3_1\formal_training\formal_full_seed42_3000ep\training_metrics.jsonl,e62401924ecbbdc68af1cf978825a8d45f7bf20d18c9315faa95d3c4867e9075,,,
seed,full,42.0,2708,0.4796824185177684,16,multimap_v3_1,paper_runs\multimap_v3_1\formal_training\formal_full_seed42_3000ep\training_metrics.jsonl,e62401924ecbbdc68af1cf978825a8d45f7bf20d18c9315faa95d3c4867e9075,,,
seed,full,42.0,2724,0.45602873619645834,16,multimap_v3_1,paper_runs\multimap_v3_1\formal_training\formal_full_seed42_3000ep\training_metrics.jsonl,e62401924ecbbdc68af1cf978825a8d45f7bf20d18c9315faa95d3c4867e9075,,,
seed,full,42.0,2740,0.5038820821791887,16,multimap_v3_1,paper_runs\multimap_v3_1\formal_training\formal_full_seed42_3000ep\training_metrics.jsonl,e62401924ecbbdc68af1cf978825a8d45f7bf20d18c9315faa95d3c4867e9075,,,
seed,full,42.0,2756,0.4729553386569023,16,multimap_v3_1,paper_runs\multimap_v3_1\formal_training\formal_full_seed42_3000ep\training_metrics.jsonl,e62401924ecbbdc68af1cf978825a8d45f7bf20d18c9315faa95d3c4867e9075,,,
seed,full,42.0,2772,0.4447391415014863,16,multimap_v3_1,paper_runs\multimap_v3_1\formal_training\formal_full_seed42_3000ep\training_metrics.jsonl,e62401924ecbbdc68af1cf978825a8d45f7bf20d18c9315faa95d3c4867e9075,,,
seed,full,42.0,2788,0.5118696251884103,16,multimap_v3_1,paper_runs\multimap_v3_1\formal_training\formal_full_seed42_3000ep\training_metrics.jsonl,e62401924ecbbdc68af1cf978825a8d45f7bf20d18c9315faa95d3c4867e9075,,,
seed,full,42.0,2804,0.48859619721770287,16,multimap_v3_1,paper_runs\multimap_v3_1\formal_training\formal_full_seed42_3000ep\training_metrics.jsonl,e62401924ecbbdc68af1cf978825a8d45f7bf20d18c9315faa95d3c4867e9075,,,
seed,full,42.0,2820,0.43683659192174673,16,multimap_v3_1,paper_runs\multimap_v3_1\formal_training\formal_full_seed42_3000ep\training_metrics.jsonl,e62401924ecbbdc68af1cf978825a8d45f7bf20d18c9315faa95d3c4867e9075,,,
seed,full,42.0,2836,0.4900784660130739,16,multimap_v3_1,paper_runs\multimap_v3_1\formal_training\formal_full_seed42_3000ep\training_metrics.jsonl,e62401924ecbbdc68af1cf978825a8d45f7bf20d18c9315faa95d3c4867e9075,,,
seed,full,42.0,2852,0.46829481329768896,16,multimap_v3_1,paper_runs\multimap_v3_1\formal_training\formal_full_seed42_3000ep\training_metrics.jsonl,e62401924ecbbdc68af1cf978825a8d45f7bf20d18c9315faa95d3c4867e9075,,,
seed,full,42.0,2868,0.48396237287670374,16,multimap_v3_1,paper_runs\multimap_v3_1\formal_training\formal_full_seed42_3000ep\training_metrics.jsonl,e62401924ecbbdc68af1cf978825a8d45f7bf20d18c9315faa95d3c4867e9075,,,
seed,full,42.0,2884,0.4469886915758252,16,multimap_v3_1,paper_runs\multimap_v3_1\formal_training\formal_full_seed42_3000ep\training_metrics.jsonl,e62401924ecbbdc68af1cf978825a8d45f7bf20d18c9315faa95d3c4867e9075,,,
seed,full,42.0,2900,0.5059740040451288,16,multimap_v3_1,paper_runs\multimap_v3_1\formal_training\formal_full_seed42_3000ep\training_metrics.jsonl,e62401924ecbbdc68af1cf978825a8d45f7bf20d18c9315faa95d3c4867e9075,,,
seed,full,42.0,2916,0.32876733783632517,16,multimap_v3_1,paper_runs\multimap_v3_1\formal_training\formal_full_seed42_3000ep\training_metrics.jsonl,e62401924ecbbdc68af1cf978825a8d45f7bf20d18c9315faa95d3c4867e9075,,,
seed,full,42.0,2932,0.5073189102113247,16,multimap_v3_1,paper_runs\multimap_v3_1\formal_training\formal_full_seed42_3000ep\training_metrics.jsonl,e62401924ecbbdc68af1cf978825a8d45f7bf20d18c9315faa95d3c4867e9075,,,
seed,full,42.0,2948,0.4401593543589115,16,multimap_v3_1,paper_runs\multimap_v3_1\formal_training\formal_full_seed42_3000ep\training_metrics.jsonl,e62401924ecbbdc68af1cf978825a8d45f7bf20d18c9315faa95d3c4867e9075,,,
seed,full,42.0,2964,0.43589589279145,16,multimap_v3_1,paper_runs\multimap_v3_1\formal_training\formal_full_seed42_3000ep\training_metrics.jsonl,e62401924ecbbdc68af1cf978825a8d45f7bf20d18c9315faa95d3c4867e9075,,,
seed,full,42.0,2980,0.5017663035541773,16,multimap_v3_1,paper_runs\multimap_v3_1\formal_training\formal_full_seed42_3000ep\training_metrics.jsonl,e62401924ecbbdc68af1cf978825a8d45f7bf20d18c9315faa95d3c4867e9075,,,
seed,full,42.0,2996,0.4342555170878768,16,multimap_v3_1,paper_runs\multimap_v3_1\formal_training\formal_full_seed42_3000ep\training_metrics.jsonl,e62401924ecbbdc68af1cf978825a8d45f7bf20d18c9315faa95d3c4867e9075,,,
seed,full,42.0,3000,0.5431334748864174,16,multimap_v3_1,paper_runs\multimap_v3_1\formal_training\formal_full_seed42_3000ep\training_metrics.jsonl,e62401924ecbbdc68af1cf978825a8d45f7bf20d18c9315faa95d3c4867e9075,,,
seed,full,43.0,16,0.22054706094786525,16,multimap_v3_1,paper_runs\multimap_v3_1\formal_training\formal_full_seed43_3000ep\training_metrics.jsonl,21aed85dab1f5ca65f48b892d9d26bb73fd6962393a53ca7eb021e01cc3d9978,,,
seed,full,43.0,32,0.1919513586908579,16,multimap_v3_1,paper_runs\multimap_v3_1\formal_training\formal_full_seed43_3000ep\training_metrics.jsonl,21aed85dab1f5ca65f48b892d9d26bb73fd6962393a53ca7eb021e01cc3d9978,,,
seed,full,43.0,48,0.20096289238426834,16,multimap_v3_1,paper_runs\multimap_v3_1\formal_training\formal_full_seed43_3000ep\training_metrics.jsonl,21aed85dab1f5ca65f48b892d9d26bb73fd6962393a53ca7eb021e01cc3d9978,,,
seed,full,43.0,64,0.2831328893080354,16,multimap_v3_1,paper_runs\multimap_v3_1\formal_training\formal_full_seed43_3000ep\training_metrics.jsonl,21aed85dab1f5ca65f48b892d9d26bb73fd6962393a53ca7eb021e01cc3d9978,,,
seed,full,43.0,80,0.35555795952677727,16,multimap_v3_1,paper_runs\multimap_v3_1\formal_training\formal_full_seed43_3000ep\training_metrics.jsonl,21aed85dab1f5ca65f48b892d9d26bb73fd6962393a53ca7eb021e01cc3d9978,,,
seed,full,43.0,96,0.2685450166463852,16,multimap_v3_1,paper_runs\multimap_v3_1\formal_training\formal_full_seed43_3000ep\training_metrics.jsonl,21aed85dab1f5ca65f48b892d9d26bb73fd6962393a53ca7eb021e01cc3d9978,,,
seed,full,43.0,112,0.3177837412804365,16,multimap_v3_1,paper_runs\multimap_v3_1\formal_training\formal_full_seed43_3000ep\training_metrics.jsonl,21aed85dab1f5ca65f48b892d9d26bb73fd6962393a53ca7eb021e01cc3d9978,,,
seed,full,43.0,128,0.35394800547510386,16,multimap_v3_1,paper_runs\multimap_v3_1\formal_training\formal_full_seed43_3000ep\training_metrics.jsonl,21aed85dab1f5ca65f48b892d9d26bb73fd6962393a53ca7eb021e01cc3d9978,,,
seed,full,43.0,144,0.34875215124338865,16,multimap_v3_1,paper_runs\multimap_v3_1\formal_training\formal_full_seed43_3000ep\training_metrics.jsonl,21aed85dab1f5ca65f48b892d9d26bb73fd6962393a53ca7eb021e01cc3d9978,,,
seed,full,43.0,160,0.38067089579999447,16,multimap_v3_1,paper_runs\multimap_v3_1\formal_training\formal_full_seed43_3000ep\training_metrics.jsonl,21aed85dab1f5ca65f48b892d9d26bb73fd6962393a53ca7eb021e01cc3d9978,,,
seed,full,43.0,176,0.33868682384490967,16,multimap_v3_1,paper_runs\multimap_v3_1\formal_training\formal_full_seed43_3000ep\training_metrics.jsonl,21aed85dab1f5ca65f48b892d9d26bb73fd6962393a53ca7eb021e01cc3d9978,,,
seed,full,43.0,192,0.4099623542279005,16,multimap_v3_1,paper_runs\multimap_v3_1\formal_training\formal_full_seed43_3000ep\training_metrics.jsonl,21aed85dab1f5ca65f48b892d9d26bb73fd6962393a53ca7eb021e01cc3d9978,,,
seed,full,43.0,208,0.433507046662271,16,multimap_v3_1,paper_runs\multimap_v3_1\formal_training\formal_full_seed43_3000ep\training_metrics.jsonl,21aed85dab1f5ca65f48b892d9d26bb73fd6962393a53ca7eb021e01cc3d9978,,,
seed,full,43.0,224,0.442993245087564,16,multimap_v3_1,paper_runs\multimap_v3_1\formal_training\formal_full_seed43_3000ep\training_metrics.jsonl,21aed85dab1f5ca65f48b892d9d26bb73fd6962393a53ca7eb021e01cc3d9978,,,
seed,full,43.0,240,0.40119245275855064,16,multimap_v3_1,paper_runs\multimap_v3_1\formal_training\formal_full_seed43_3000ep\training_metrics.jsonl,21aed85dab1f5ca65f48b892d9d26bb73fd6962393a53ca7eb021e01cc3d9978,,,
seed,full,43.0,250,0.5268560141324997,16,multimap_v3_1,paper_runs\multimap_v3_1\formal_training\formal_full_seed43_3000ep\training_metrics.jsonl,21aed85dab1f5ca65f48b892d9d26bb73fd6962393a53ca7eb021e01cc3d9978,,,
seed,full,43.0,266,0.40405638329684734,16,multimap_v3_1,paper_runs\multimap_v3_1\formal_training\formal_full_seed43_3000ep\training_metrics.jsonl,21aed85dab1f5ca65f48b892d9d26bb73fd6962393a53ca7eb021e01cc3d9978,,,
seed,full,43.0,282,0.36062464118003845,16,multimap_v3_1,paper_runs\multimap_v3_1\formal_training\formal_full_seed43_3000ep\training_metrics.jsonl,21aed85dab1f5ca65f48b892d9d26bb73fd6962393a53ca7eb021e01cc3d9978,,,
seed,full,43.0,298,0.39448263589292765,16,multimap_v3_1,paper_runs\multimap_v3_1\formal_training\formal_full_seed43_3000ep\training_metrics.jsonl,21aed85dab1f5ca65f48b892d9d26bb73fd6962393a53ca7eb021e01cc3d9978,,,
seed,full,43.0,314,0.45070027094334364,16,multimap_v3_1,paper_runs\multimap_v3_1\formal_training\formal_full_seed43_3000ep\training_metrics.jsonl,21aed85dab1f5ca65f48b892d9d26bb73fd6962393a53ca7eb021e01cc3d9978,,,
seed,full,43.0,330,0.40659043565392494,16,multimap_v3_1,paper_runs\multimap_v3_1\formal_training\formal_full_seed43_3000ep\training_metrics.jsonl,21aed85dab1f5ca65f48b892d9d26bb73fd6962393a53ca7eb021e01cc3d9978,,,
seed,full,43.0,346,0.4816269837319851,16,multimap_v3_1,paper_runs\multimap_v3_1\formal_training\formal_full_seed43_3000ep\training_metrics.jsonl,21aed85dab1f5ca65f48b892d9d26bb73fd6962393a53ca7eb021e01cc3d9978,,,
seed,full,43.0,362,0.4666355913504958,16,multimap_v3_1,paper_runs\multimap_v3_1\formal_training\formal_full_seed43_3000ep\training_metrics.jsonl,21aed85dab1f5ca65f48b892d9d26bb73fd6962393a53ca7eb021e01cc3d9978,,,
seed,full,43.0,378,0.4431847780942917,16,multimap_v3_1,paper_runs\multimap_v3_1\formal_training\formal_full_seed43_3000ep\training_metrics.jsonl,21aed85dab1f5ca65f48b892d9d26bb73fd6962393a53ca7eb021e01cc3d9978,,,
seed,full,43.0,394,0.45875648222863674,16,multimap_v3_1,paper_runs\multimap_v3_1\formal_training\formal_full_seed43_3000ep\training_metrics.jsonl,21aed85dab1f5ca65f48b892d9d26bb73fd6962393a53ca7eb021e01cc3d9978,,,
seed,full,43.0,410,0.47130193561315536,16,multimap_v3_1,paper_runs\multimap_v3_1\formal_training\formal_full_seed43_3000ep\training_metrics.jsonl,21aed85dab1f5ca65f48b892d9d26bb73fd6962393a53ca7eb021e01cc3d9978,,,
seed,full,43.0,426,0.43836394138634205,16,multimap_v3_1,paper_runs\multimap_v3_1\formal_training\formal_full_seed43_3000ep\training_metrics.jsonl,21aed85dab1f5ca65f48b892d9d26bb73fd6962393a53ca7eb021e01cc3d9978,,,
seed,full,43.0,442,0.49022697284817696,16,multimap_v3_1,paper_runs\multimap_v3_1\formal_training\formal_full_seed43_3000ep\training_metrics.jsonl,21aed85dab1f5ca65f48b892d9d26bb73fd6962393a53ca7eb021e01cc3d9978,,,
seed,full,43.0,458,0.40008984971791506,16,multimap_v3_1,paper_runs\multimap_v3_1\formal_training\formal_full_seed43_3000ep\training_metrics.jsonl,21aed85dab1f5ca65f48b892d9d26bb73fd6962393a53ca7eb021e01cc3d9978,,,
seed,full,43.0,474,0.4229891896247864,16,multimap_v3_1,paper_runs\multimap_v3_1\formal_training\formal_full_seed43_3000ep\training_metrics.jsonl,21aed85dab1f5ca65f48b892d9d26bb73fd6962393a53ca7eb021e01cc3d9978,,,
seed,full,43.0,490,0.46303736534900963,16,multimap_v3_1,paper_runs\multimap_v3_1\formal_training\formal_full_seed43_3000ep\training_metrics.jsonl,21aed85dab1f5ca65f48b892d9d26bb73fd6962393a53ca7eb021e01cc3d9978,,,
seed,full,43.0,500,0.44941031038761137,16,multimap_v3_1,paper_runs\multimap_v3_1\formal_training\formal_full_seed43_3000ep\training_metrics.jsonl,21aed85dab1f5ca65f48b892d9d26bb73fd6962393a53ca7eb021e01cc3d9978,,,
seed,full,43.0,516,0.44470913521945477,16,multimap_v3_1,paper_runs\multimap_v3_1\formal_training\formal_full_seed43_3000ep\training_metrics.jsonl,21aed85dab1f5ca65f48b892d9d26bb73fd6962393a53ca7eb021e01cc3d9978,,,
seed,full,43.0,532,0.45357823837548494,16,multimap_v3_1,paper_runs\multimap_v3_1\formal_training\formal_full_seed43_3000ep\training_metrics.jsonl,21aed85dab1f5ca65f48b892d9d26bb73fd6962393a53ca7eb021e01cc3d9978,,,
seed,full,43.0,548,0.4807688621804118,16,multimap_v3_1,paper_runs\multimap_v3_1\formal_training\formal_full_seed43_3000ep\training_metrics.jsonl,21aed85dab1f5ca65f48b892d9d26bb73fd6962393a53ca7eb021e01cc3d9978,,,
seed,full,43.0,564,0.4166427440941334,16,multimap_v3_1,paper_runs\multimap_v3_1\formal_training\formal_full_seed43_3000ep\training_metrics.jsonl,21aed85dab1f5ca65f48b892d9d26bb73fd6962393a53ca7eb021e01cc3d9978,,,
seed,full,43.0,580,0.48226696252822876,16,multimap_v3_1,paper_runs\multimap_v3_1\formal_training\formal_full_seed43_3000ep\training_metrics.jsonl,21aed85dab1f5ca65f48b892d9d26bb73fd6962393a53ca7eb021e01cc3d9978,,,
seed,full,43.0,596,0.46862213034182787,16,multimap_v3_1,paper_runs\multimap_v3_1\formal_training\formal_full_seed43_3000ep\training_metrics.jsonl,21aed85dab1f5ca65f48b892d9d26bb73fd6962393a53ca7eb021e01cc3d9978,,,
seed,full,43.0,612,0.394787872210145,16,multimap_v3_1,paper_runs\multimap_v3_1\formal_training\formal_full_seed43_3000ep\training_metrics.jsonl,21aed85dab1f5ca65f48b892d9d26bb73fd6962393a53ca7eb021e01cc3d9978,,,
seed,full,43.0,628,0.4995194301009178,16,multimap_v3_1,paper_runs\multimap_v3_1\formal_training\formal_full_seed43_3000ep\training_metrics.jsonl,21aed85dab1f5ca65f48b892d9d26bb73fd6962393a53ca7eb021e01cc3d9978,,,
seed,full,43.0,644,0.4624205441214144,16,multimap_v3_1,paper_runs\multimap_v3_1\formal_training\formal_full_seed43_3000ep\training_metrics.jsonl,21aed85dab1f5ca65f48b892d9d26bb73fd6962393a53ca7eb021e01cc3d9978,,,
seed,full,43.0,660,0.4508809298276901,16,multimap_v3_1,paper_runs\multimap_v3_1\formal_training\formal_full_seed43_3000ep\training_metrics.jsonl,21aed85dab1f5ca65f48b892d9d26bb73fd6962393a53ca7eb021e01cc3d9978,,,
seed,full,43.0,676,0.4473557323217392,16,multimap_v3_1,paper_runs\multimap_v3_1\formal_training\formal_full_seed43_3000ep\training_metrics.jsonl,21aed85dab1f5ca65f48b892d9d26bb73fd6962393a53ca7eb021e01cc3d9978,,,
seed,full,43.0,692,0.46840103529393673,16,multimap_v3_1,paper_runs\multimap_v3_1\formal_training\formal_full_seed43_3000ep\training_metrics.jsonl,21aed85dab1f5ca65f48b892d9d26bb73fd6962393a53ca7eb021e01cc3d9978,,,
seed,full,43.0,708,0.47510169446468353,16,multimap_v3_1,paper_runs\multimap_v3_1\formal_training\formal_full_seed43_3000ep\training_metrics.jsonl,21aed85dab1f5ca65f48b892d9d26bb73fd6962393a53ca7eb021e01cc3d9978,,,
seed,full,43.0,724,0.5154964961111546,16,multimap_v3_1,paper_runs\multimap_v3_1\formal_training\formal_full_seed43_3000ep\training_metrics.jsonl,21aed85dab1f5ca65f48b892d9d26bb73fd6962393a53ca7eb021e01cc3d9978,,,
seed,full,43.0,740,0.527796097099781,16,multimap_v3_1,paper_runs\multimap_v3_1\formal_training\formal_full_seed43_3000ep\training_metrics.jsonl,21aed85dab1f5ca65f48b892d9d26bb73fd6962393a53ca7eb021e01cc3d9978,,,
seed,full,43.0,756,0.37093069963157177,16,multimap_v3_1,paper_runs\multimap_v3_1\formal_training\formal_full_seed43_3000ep\training_metrics.jsonl,21aed85dab1f5ca65f48b892d9d26bb73fd6962393a53ca7eb021e01cc3d9978,,,
seed,full,43.0,772,0.5038946066051722,16,multimap_v3_1,paper_runs\multimap_v3_1\formal_training\formal_full_seed43_3000ep\training_metrics.jsonl,21aed85dab1f5ca65f48b892d9d26bb73fd6962393a53ca7eb021e01cc3d9978,,,
seed,full,43.0,788,0.4886848796159029,16,multimap_v3_1,paper_runs\multimap_v3_1\formal_training\formal_full_seed43_3000ep\training_metrics.jsonl,21aed85dab1f5ca65f48b892d9d26bb73fd6962393a53ca7eb021e01cc3d9978,,,
seed,full,43.0,804,0.3986241538077593,16,multimap_v3_1,paper_runs\multimap_v3_1\formal_training\formal_full_seed43_3000ep\training_metrics.jsonl,21aed85dab1f5ca65f48b892d9d26bb73fd6962393a53ca7eb021e01cc3d9978,,,
seed,full,43.0,820,0.43924318440258503,16,multimap_v3_1,paper_runs\multimap_v3_1\formal_training\formal_full_seed43_3000ep\training_metrics.jsonl,21aed85dab1f5ca65f48b892d9d26bb73fd6962393a53ca7eb021e01cc3d9978,,,
seed,full,43.0,836,0.4202287867665291,16,multimap_v3_1,paper_runs\multimap_v3_1\formal_training\formal_full_seed43_3000ep\training_metrics.jsonl,21aed85dab1f5ca65f48b892d9d26bb73fd6962393a53ca7eb021e01cc3d9978,,,
seed,full,43.0,852,0.4481796734035015,16,multimap_v3_1,paper_runs\multimap_v3_1\formal_training\formal_full_seed43_3000ep\training_metrics.jsonl,21aed85dab1f5ca65f48b892d9d26bb73fd6962393a53ca7eb021e01cc3d9978,,,
seed,full,43.0,868,0.41450793761759996,16,multimap_v3_1,paper_runs\multimap_v3_1\formal_training\formal_full_seed43_3000ep\training_metrics.jsonl,21aed85dab1f5ca65f48b892d9d26bb73fd6962393a53ca7eb021e01cc3d9978,,,
seed,full,43.0,884,0.45736976712942123,16,multimap_v3_1,paper_runs\multimap_v3_1\formal_training\formal_full_seed43_3000ep\training_metrics.jsonl,21aed85dab1f5ca65f48b892d9d26bb73fd6962393a53ca7eb021e01cc3d9978,,,
seed,full,43.0,900,0.4623580351471901,16,multimap_v3_1,paper_runs\multimap_v3_1\formal_training\formal_full_seed43_3000ep\training_metrics.jsonl,21aed85dab1f5ca65f48b892d9d26bb73fd6962393a53ca7eb021e01cc3d9978,,,
seed,full,43.0,916,0.5012382864952087,16,multimap_v3_1,paper_runs\multimap_v3_1\formal_training\formal_full_seed43_3000ep\training_metrics.jsonl,21aed85dab1f5ca65f48b892d9d26bb73fd6962393a53ca7eb021e01cc3d9978,,,
seed,full,43.0,932,0.40908350981771946,16,multimap_v3_1,paper_runs\multimap_v3_1\formal_training\formal_full_seed43_3000ep\training_metrics.jsonl,21aed85dab1f5ca65f48b892d9d26bb73fd6962393a53ca7eb021e01cc3d9978,,,
seed,full,43.0,948,0.40404396783560514,16,multimap_v3_1,paper_runs\multimap_v3_1\formal_training\formal_full_seed43_3000ep\training_metrics.jsonl,21aed85dab1f5ca65f48b892d9d26bb73fd6962393a53ca7eb021e01cc3d9978,,,
seed,full,43.0,964,0.41788793075829744,16,multimap_v3_1,paper_runs\multimap_v3_1\formal_training\formal_full_seed43_3000ep\training_metrics.jsonl,21aed85dab1f5ca65f48b892d9d26bb73fd6962393a53ca7eb021e01cc3d9978,,,
seed,full,43.0,980,0.4866153299808502,16,multimap_v3_1,paper_runs\multimap_v3_1\formal_training\formal_full_seed43_3000ep\training_metrics.jsonl,21aed85dab1f5ca65f48b892d9d26bb73fd6962393a53ca7eb021e01cc3d9978,,,
seed,full,43.0,996,0.4420493980869651,16,multimap_v3_1,paper_runs\multimap_v3_1\formal_training\formal_full_seed43_3000ep\training_metrics.jsonl,21aed85dab1f5ca65f48b892d9d26bb73fd6962393a53ca7eb021e01cc3d9978,,,
seed,full,43.0,1000,0.4957597255706787,16,multimap_v3_1,paper_runs\multimap_v3_1\formal_training\formal_full_seed43_3000ep\training_metrics.jsonl,21aed85dab1f5ca65f48b892d9d26bb73fd6962393a53ca7eb021e01cc3d9978,,,
seed,full,43.0,1016,0.4904437940567732,16,multimap_v3_1,paper_runs\multimap_v3_1\formal_training\formal_full_seed43_3000ep\training_metrics.jsonl,21aed85dab1f5ca65f48b892d9d26bb73fd6962393a53ca7eb021e01cc3d9978,,,
seed,full,43.0,1032,0.4750998606905341,16,multimap_v3_1,paper_runs\multimap_v3_1\formal_training\formal_full_seed43_3000ep\training_metrics.jsonl,21aed85dab1f5ca65f48b892d9d26bb73fd6962393a53ca7eb021e01cc3d9978,,,
seed,full,43.0,1048,0.45313591230660677,16,multimap_v3_1,paper_runs\multimap_v3_1\formal_training\formal_full_seed43_3000ep\training_metrics.jsonl,21aed85dab1f5ca65f48b892d9d26bb73fd6962393a53ca7eb021e01cc3d9978,,,
seed,full,43.0,1064,0.4088228056207299,16,multimap_v3_1,paper_runs\multimap_v3_1\formal_training\formal_full_seed43_3000ep\training_metrics.jsonl,21aed85dab1f5ca65f48b892d9d26bb73fd6962393a53ca7eb021e01cc3d9978,,,
seed,full,43.0,1080,0.46510740276426077,16,multimap_v3_1,paper_runs\multimap_v3_1\formal_training\formal_full_seed43_3000ep\training_metrics.jsonl,21aed85dab1f5ca65f48b892d9d26bb73fd6962393a53ca7eb021e01cc3d9978,,,
seed,full,43.0,1096,0.5503070075064898,16,multimap_v3_1,paper_runs\multimap_v3_1\formal_training\formal_full_seed43_3000ep\training_metrics.jsonl,21aed85dab1f5ca65f48b892d9d26bb73fd6962393a53ca7eb021e01cc3d9978,,,
seed,full,43.0,1112,0.45269589964300394,16,multimap_v3_1,paper_runs\multimap_v3_1\formal_training\formal_full_seed43_3000ep\training_metrics.jsonl,21aed85dab1f5ca65f48b892d9d26bb73fd6962393a53ca7eb021e01cc3d9978,,,
seed,full,43.0,1128,0.4294563764706254,16,multimap_v3_1,paper_runs\multimap_v3_1\formal_training\formal_full_seed43_3000ep\training_metrics.jsonl,21aed85dab1f5ca65f48b892d9d26bb73fd6962393a53ca7eb021e01cc3d9978,,,
seed,full,43.0,1144,0.46080817840993404,16,multimap_v3_1,paper_runs\multimap_v3_1\formal_training\formal_full_seed43_3000ep\training_metrics.jsonl,21aed85dab1f5ca65f48b892d9d26bb73fd6962393a53ca7eb021e01cc3d9978,,,
seed,full,43.0,1160,0.438835964538157,16,multimap_v3_1,paper_runs\multimap_v3_1\formal_training\formal_full_seed43_3000ep\training_metrics.jsonl,21aed85dab1f5ca65f48b892d9d26bb73fd6962393a53ca7eb021e01cc3d9978,,,
seed,full,43.0,1176,0.45098057482391596,16,multimap_v3_1,paper_runs\multimap_v3_1\formal_training\formal_full_seed43_3000ep\training_metrics.jsonl,21aed85dab1f5ca65f48b892d9d26bb73fd6962393a53ca7eb021e01cc3d9978,,,
seed,full,43.0,1192,0.5133636575192213,16,multimap_v3_1,paper_runs\multimap_v3_1\formal_training\formal_full_seed43_3000ep\training_metrics.jsonl,21aed85dab1f5ca65f48b892d9d26bb73fd6962393a53ca7eb021e01cc3d9978,,,
seed,full,43.0,1208,0.49488298036158085,16,multimap_v3_1,paper_runs\multimap_v3_1\formal_training\formal_full_seed43_3000ep\training_metrics.jsonl,21aed85dab1f5ca65f48b892d9d26bb73fd6962393a53ca7eb021e01cc3d9978,,,
seed,full,43.0,1224,0.4474211521446705,16,multimap_v3_1,paper_runs\multimap_v3_1\formal_training\formal_full_seed43_3000ep\training_metrics.jsonl,21aed85dab1f5ca65f48b892d9d26bb73fd6962393a53ca7eb021e01cc3d9978,,,
seed,full,43.0,1240,0.42360793612897396,16,multimap_v3_1,paper_runs\multimap_v3_1\formal_training\formal_full_seed43_3000ep\training_metrics.jsonl,21aed85dab1f5ca65f48b892d9d26bb73fd6962393a53ca7eb021e01cc3d9978,,,
seed,full,43.0,1256,0.4247028394602239,16,multimap_v3_1,paper_runs\multimap_v3_1\formal_training\formal_full_seed43_3000ep\training_metrics.jsonl,21aed85dab1f5ca65f48b892d9d26bb73fd6962393a53ca7eb021e01cc3d9978,,,
seed,full,43.0,1272,0.36184631008654833,16,multimap_v3_1,paper_runs\multimap_v3_1\formal_training\formal_full_seed43_3000ep\training_metrics.jsonl,21aed85dab1f5ca65f48b892d9d26bb73fd6962393a53ca7eb021e01cc3d9978,,,
seed,full,43.0,1288,0.4609961351379752,16,multimap_v3_1,paper_runs\multimap_v3_1\formal_training\formal_full_seed43_3000ep\training_metrics.jsonl,21aed85dab1f5ca65f48b892d9d26bb73fd6962393a53ca7eb021e01cc3d9978,,,
seed,full,43.0,1304,0.4978652987629175,16,multimap_v3_1,paper_runs\multimap_v3_1\formal_training\formal_full_seed43_3000ep\training_metrics.jsonl,21aed85dab1f5ca65f48b892d9d26bb73fd6962393a53ca7eb021e01cc3d9978,,,
seed,full,43.0,1320,0.46249612234532833,16,multimap_v3_1,paper_runs\multimap_v3_1\formal_training\formal_full_seed43_3000ep\training_metrics.jsonl,21aed85dab1f5ca65f48b892d9d26bb73fd6962393a53ca7eb021e01cc3d9978,,,
seed,full,43.0,1336,0.4312270488590002,16,multimap_v3_1,paper_runs\multimap_v3_1\formal_training\formal_full_seed43_3000ep\training_metrics.jsonl,21aed85dab1f5ca65f48b892d9d26bb73fd6962393a53ca7eb021e01cc3d9978,,,
seed,full,43.0,1352,0.3654375961050391,16,multimap_v3_1,paper_runs\multimap_v3_1\formal_training\formal_full_seed43_3000ep\training_metrics.jsonl,21aed85dab1f5ca65f48b892d9d26bb73fd6962393a53ca7eb021e01cc3d9978,,,
seed,full,43.0,1368,0.4485519528388977,16,multimap_v3_1,paper_runs\multimap_v3_1\formal_training\formal_full_seed43_3000ep\training_metrics.jsonl,21aed85dab1f5ca65f48b892d9d26bb73fd6962393a53ca7eb021e01cc3d9978,,,
seed,full,43.0,1384,0.4279310256242752,16,multimap_v3_1,paper_runs\multimap_v3_1\formal_training\formal_full_seed43_3000ep\training_metrics.jsonl,21aed85dab1f5ca65f48b892d9d26bb73fd6962393a53ca7eb021e01cc3d9978,,,
seed,full,43.0,1400,0.5010478273034096,16,multimap_v3_1,paper_runs\multimap_v3_1\formal_training\formal_full_seed43_3000ep\training_metrics.jsonl,21aed85dab1f5ca65f48b892d9d26bb73fd6962393a53ca7eb021e01cc3d9978,,,
seed,full,43.0,1416,0.46497879549860954,16,multimap_v3_1,paper_runs\multimap_v3_1\formal_training\formal_full_seed43_3000ep\training_metrics.jsonl,21aed85dab1f5ca65f48b892d9d26bb73fd6962393a53ca7eb021e01cc3d9978,,,
seed,full,43.0,1432,0.5097058415412903,16,multimap_v3_1,paper_runs\multimap_v3_1\formal_training\formal_full_seed43_3000ep\training_metrics.jsonl,21aed85dab1f5ca65f48b892d9d26bb73fd6962393a53ca7eb021e01cc3d9978,,,
seed,full,43.0,1448,0.48998824320733547,16,multimap_v3_1,paper_runs\multimap_v3_1\formal_training\formal_full_seed43_3000ep\training_metrics.jsonl,21aed85dab1f5ca65f48b892d9d26bb73fd6962393a53ca7eb021e01cc3d9978,,,
seed,full,43.0,1464,0.38223470002412796,16,multimap_v3_1,paper_runs\multimap_v3_1\formal_training\formal_full_seed43_3000ep\training_metrics.jsonl,21aed85dab1f5ca65f48b892d9d26bb73fd6962393a53ca7eb021e01cc3d9978,,,
seed,full,43.0,1480,0.48415491078048944,16,multimap_v3_1,paper_runs\multimap_v3_1\formal_training\formal_full_seed43_3000ep\training_metrics.jsonl,21aed85dab1f5ca65f48b892d9d26bb73fd6962393a53ca7eb021e01cc3d9978,,,
seed,full,43.0,1496,0.44189328514039516,16,multimap_v3_1,paper_runs\multimap_v3_1\formal_training\formal_full_seed43_3000ep\training_metrics.jsonl,21aed85dab1f5ca65f48b892d9d26bb73fd6962393a53ca7eb021e01cc3d9978,,,
seed,full,43.0,1500,0.47078080475330353,16,multimap_v3_1,paper_runs\multimap_v3_1\formal_training\formal_full_seed43_3000ep\training_metrics.jsonl,21aed85dab1f5ca65f48b892d9d26bb73fd6962393a53ca7eb021e01cc3d9978,,,
seed,full,43.0,1516,0.4962981343269348,16,multimap_v3_1,paper_runs\multimap_v3_1\formal_training\formal_full_seed43_3000ep\training_metrics.jsonl,21aed85dab1f5ca65f48b892d9d26bb73fd6962393a53ca7eb021e01cc3d9978,,,
seed,full,43.0,1532,0.4917005058377981,16,multimap_v3_1,paper_runs\multimap_v3_1\formal_training\formal_full_seed43_3000ep\training_metrics.jsonl,21aed85dab1f5ca65f48b892d9d26bb73fd6962393a53ca7eb021e01cc3d9978,,,
seed,full,43.0,1548,0.5246123652905226,16,multimap_v3_1,paper_runs\multimap_v3_1\formal_training\formal_full_seed43_3000ep\training_metrics.jsonl,21aed85dab1f5ca65f48b892d9d26bb73fd6962393a53ca7eb021e01cc3d9978,,,
seed,full,43.0,1564,0.47837813198566437,16,multimap_v3_1,paper_runs\multimap_v3_1\formal_training\formal_full_seed43_3000ep\training_metrics.jsonl,21aed85dab1f5ca65f48b892d9d26bb73fd6962393a53ca7eb021e01cc3d9978,,,
seed,full,43.0,1580,0.426445790566504,16,multimap_v3_1,paper_runs\multimap_v3_1\formal_training\formal_full_seed43_3000ep\training_metrics.jsonl,21aed85dab1f5ca65f48b892d9d26bb73fd6962393a53ca7eb021e01cc3d9978,,,
seed,full,43.0,1596,0.4393752943724394,16,multimap_v3_1,paper_runs\multimap_v3_1\formal_training\formal_full_seed43_3000ep\training_metrics.jsonl,21aed85dab1f5ca65f48b892d9d26bb73fd6962393a53ca7eb021e01cc3d9978,,,
seed,full,43.0,1612,0.5195185393095016,16,multimap_v3_1,paper_runs\multimap_v3_1\formal_training\formal_full_seed43_3000ep\training_metrics.jsonl,21aed85dab1f5ca65f48b892d9d26bb73fd6962393a53ca7eb021e01cc3d9978,,,
seed,full,43.0,1628,0.42294088192284107,16,multimap_v3_1,paper_runs\multimap_v3_1\formal_training\formal_full_seed43_3000ep\training_metrics.jsonl,21aed85dab1f5ca65f48b892d9d26bb73fd6962393a53ca7eb021e01cc3d9978,,,
seed,full,43.0,1644,0.4443694809451699,16,multimap_v3_1,paper_runs\multimap_v3_1\formal_training\formal_full_seed43_3000ep\training_metrics.jsonl,21aed85dab1f5ca65f48b892d9d26bb73fd6962393a53ca7eb021e01cc3d9978,,,
seed,full,43.0,1660,0.46066693123430014,16,multimap_v3_1,paper_runs\multimap_v3_1\formal_training\formal_full_seed43_3000ep\training_metrics.jsonl,21aed85dab1f5ca65f48b892d9d26bb73fd6962393a53ca7eb021e01cc3d9978,,,
seed,full,43.0,1676,0.490048972889781,16,multimap_v3_1,paper_runs\multimap_v3_1\formal_training\formal_full_seed43_3000ep\training_metrics.jsonl,21aed85dab1f5ca65f48b892d9d26bb73fd6962393a53ca7eb021e01cc3d9978,,,
seed,full,43.0,1692,0.41289661917835474,16,multimap_v3_1,paper_runs\multimap_v3_1\formal_training\formal_full_seed43_3000ep\training_metrics.jsonl,21aed85dab1f5ca65f48b892d9d26bb73fd6962393a53ca7eb021e01cc3d9978,,,
seed,full,43.0,1708,0.472046572715044,16,multimap_v3_1,paper_runs\multimap_v3_1\formal_training\formal_full_seed43_3000ep\training_metrics.jsonl,21aed85dab1f5ca65f48b892d9d26bb73fd6962393a53ca7eb021e01cc3d9978,,,
seed,full,43.0,1724,0.3872027052566409,16,multimap_v3_1,paper_runs\multimap_v3_1\formal_training\formal_full_seed43_3000ep\training_metrics.jsonl,21aed85dab1f5ca65f48b892d9d26bb73fd6962393a53ca7eb021e01cc3d9978,,,
seed,full,43.0,1740,0.44969615899026394,16,multimap_v3_1,paper_runs\multimap_v3_1\formal_training\formal_full_seed43_3000ep\training_metrics.jsonl,21aed85dab1f5ca65f48b892d9d26bb73fd6962393a53ca7eb021e01cc3d9978,,,
seed,full,43.0,1756,0.5020207026973367,16,multimap_v3_1,paper_runs\multimap_v3_1\formal_training\formal_full_seed43_3000ep\training_metrics.jsonl,21aed85dab1f5ca65f48b892d9d26bb73fd6962393a53ca7eb021e01cc3d9978,,,
seed,full,43.0,1772,0.4168219678103924,16,multimap_v3_1,paper_runs\multimap_v3_1\formal_training\formal_full_seed43_3000ep\training_metrics.jsonl,21aed85dab1f5ca65f48b892d9d26bb73fd6962393a53ca7eb021e01cc3d9978,,,
seed,full,43.0,1788,0.41904728673398495,16,multimap_v3_1,paper_runs\multimap_v3_1\formal_training\formal_full_seed43_3000ep\training_metrics.jsonl,21aed85dab1f5ca65f48b892d9d26bb73fd6962393a53ca7eb021e01cc3d9978,,,
seed,full,43.0,1804,0.4995187036693096,16,multimap_v3_1,paper_runs\multimap_v3_1\formal_training\formal_full_seed43_3000ep\training_metrics.jsonl,21aed85dab1f5ca65f48b892d9d26bb73fd6962393a53ca7eb021e01cc3d9978,,,
seed,full,43.0,1820,0.4825517628341913,16,multimap_v3_1,paper_runs\multimap_v3_1\formal_training\formal_full_seed43_3000ep\training_metrics.jsonl,21aed85dab1f5ca65f48b892d9d26bb73fd6962393a53ca7eb021e01cc3d9978,,,
seed,full,43.0,1836,0.424710794351995,16,multimap_v3_1,paper_runs\multimap_v3_1\formal_training\formal_full_seed43_3000ep\training_metrics.jsonl,21aed85dab1f5ca65f48b892d9d26bb73fd6962393a53ca7eb021e01cc3d9978,,,
seed,full,43.0,1852,0.5016574319452047,16,multimap_v3_1,paper_runs\multimap_v3_1\formal_training\formal_full_seed43_3000ep\training_metrics.jsonl,21aed85dab1f5ca65f48b892d9d26bb73fd6962393a53ca7eb021e01cc3d9978,,,
seed,full,43.0,1868,0.5045155584812164,16,multimap_v3_1,paper_runs\multimap_v3_1\formal_training\formal_full_seed43_3000ep\training_metrics.jsonl,21aed85dab1f5ca65f48b892d9d26bb73fd6962393a53ca7eb021e01cc3d9978,,,
seed,full,43.0,1884,0.45235651545226574,16,multimap_v3_1,paper_runs\multimap_v3_1\formal_training\formal_full_seed43_3000ep\training_metrics.jsonl,21aed85dab1f5ca65f48b892d9d26bb73fd6962393a53ca7eb021e01cc3d9978,,,
seed,full,43.0,1900,0.48428215831518173,16,multimap_v3_1,paper_runs\multimap_v3_1\formal_training\formal_full_seed43_3000ep\training_metrics.jsonl,21aed85dab1f5ca65f48b892d9d26bb73fd6962393a53ca7eb021e01cc3d9978,,,
seed,full,43.0,1916,0.47295261174440384,16,multimap_v3_1,paper_runs\multimap_v3_1\formal_training\formal_full_seed43_3000ep\training_metrics.jsonl,21aed85dab1f5ca65f48b892d9d26bb73fd6962393a53ca7eb021e01cc3d9978,,,
seed,full,43.0,1932,0.4140810901299119,16,multimap_v3_1,paper_runs\multimap_v3_1\formal_training\formal_full_seed43_3000ep\training_metrics.jsonl,21aed85dab1f5ca65f48b892d9d26bb73fd6962393a53ca7eb021e01cc3d9978,,,
seed,full,43.0,1948,0.42949528247117996,16,multimap_v3_1,paper_runs\multimap_v3_1\formal_training\formal_full_seed43_3000ep\training_metrics.jsonl,21aed85dab1f5ca65f48b892d9d26bb73fd6962393a53ca7eb021e01cc3d9978,,,
seed,full,43.0,1964,0.4404403669759631,16,multimap_v3_1,paper_runs\multimap_v3_1\formal_training\formal_full_seed43_3000ep\training_metrics.jsonl,21aed85dab1f5ca65f48b892d9d26bb73fd6962393a53ca7eb021e01cc3d9978,,,
seed,full,43.0,1980,0.3938442866783589,16,multimap_v3_1,paper_runs\multimap_v3_1\formal_training\formal_full_seed43_3000ep\training_metrics.jsonl,21aed85dab1f5ca65f48b892d9d26bb73fd6962393a53ca7eb021e01cc3d9978,,,
seed,full,43.0,1996,0.4648321233689785,16,multimap_v3_1,paper_runs\multimap_v3_1\formal_training\formal_full_seed43_3000ep\training_metrics.jsonl,21aed85dab1f5ca65f48b892d9d26bb73fd6962393a53ca7eb021e01cc3d9978,,,
seed,full,43.0,2000,0.3714945539832115,16,multimap_v3_1,paper_runs\multimap_v3_1\formal_training\formal_full_seed43_3000ep\training_metrics.jsonl,21aed85dab1f5ca65f48b892d9d26bb73fd6962393a53ca7eb021e01cc3d9978,,,
seed,full,43.0,2016,0.4320567555259913,16,multimap_v3_1,paper_runs\multimap_v3_1\formal_training\formal_full_seed43_3000ep\training_metrics.jsonl,21aed85dab1f5ca65f48b892d9d26bb73fd6962393a53ca7eb021e01cc3d9978,,,
seed,full,43.0,2032,0.43754580873064697,16,multimap_v3_1,paper_runs\multimap_v3_1\formal_training\formal_full_seed43_3000ep\training_metrics.jsonl,21aed85dab1f5ca65f48b892d9d26bb73fd6962393a53ca7eb021e01cc3d9978,,,
seed,full,43.0,2048,0.4619485102593899,16,multimap_v3_1,paper_runs\multimap_v3_1\formal_training\formal_full_seed43_3000ep\training_metrics.jsonl,21aed85dab1f5ca65f48b892d9d26bb73fd6962393a53ca7eb021e01cc3d9978,,,
seed,full,43.0,2064,0.46129863150417805,16,multimap_v3_1,paper_runs\multimap_v3_1\formal_training\formal_full_seed43_3000ep\training_metrics.jsonl,21aed85dab1f5ca65f48b892d9d26bb73fd6962393a53ca7eb021e01cc3d9978,,,
seed,full,43.0,2080,0.47410379629582167,16,multimap_v3_1,paper_runs\multimap_v3_1\formal_training\formal_full_seed43_3000ep\training_metrics.jsonl,21aed85dab1f5ca65f48b892d9d26bb73fd6962393a53ca7eb021e01cc3d9978,,,
seed,full,43.0,2096,0.5040744971483946,16,multimap_v3_1,paper_runs\multimap_v3_1\formal_training\formal_full_seed43_3000ep\training_metrics.jsonl,21aed85dab1f5ca65f48b892d9d26bb73fd6962393a53ca7eb021e01cc3d9978,,,
seed,full,43.0,2112,0.45202147075906396,16,multimap_v3_1,paper_runs\multimap_v3_1\formal_training\formal_full_seed43_3000ep\training_metrics.jsonl,21aed85dab1f5ca65f48b892d9d26bb73fd6962393a53ca7eb021e01cc3d9978,,,
seed,full,43.0,2128,0.44371578469872475,16,multimap_v3_1,paper_runs\multimap_v3_1\formal_training\formal_full_seed43_3000ep\training_metrics.jsonl,21aed85dab1f5ca65f48b892d9d26bb73fd6962393a53ca7eb021e01cc3d9978,,,
seed,full,43.0,2144,0.39633907563984394,16,multimap_v3_1,paper_runs\multimap_v3_1\formal_training\formal_full_seed43_3000ep\training_metrics.jsonl,21aed85dab1f5ca65f48b892d9d26bb73fd6962393a53ca7eb021e01cc3d9978,,,
seed,full,43.0,2160,0.45469886995851994,16,multimap_v3_1,paper_runs\multimap_v3_1\formal_training\formal_full_seed43_3000ep\training_metrics.jsonl,21aed85dab1f5ca65f48b892d9d26bb73fd6962393a53ca7eb021e01cc3d9978,,,
seed,full,43.0,2176,0.42372581735253334,16,multimap_v3_1,paper_runs\multimap_v3_1\formal_training\formal_full_seed43_3000ep\training_metrics.jsonl,21aed85dab1f5ca65f48b892d9d26bb73fd6962393a53ca7eb021e01cc3d9978,,,
seed,full,43.0,2192,0.491868207231164,16,multimap_v3_1,paper_runs\multimap_v3_1\formal_training\formal_full_seed43_3000ep\training_metrics.jsonl,21aed85dab1f5ca65f48b892d9d26bb73fd6962393a53ca7eb021e01cc3d9978,,,
seed,full,43.0,2208,0.5250140614807606,16,multimap_v3_1,paper_runs\multimap_v3_1\formal_training\formal_full_seed43_3000ep\training_metrics.jsonl,21aed85dab1f5ca65f48b892d9d26bb73fd6962393a53ca7eb021e01cc3d9978,,,
seed,full,43.0,2224,0.48791234754025936,16,multimap_v3_1,paper_runs\multimap_v3_1\formal_training\formal_full_seed43_3000ep\training_metrics.jsonl,21aed85dab1f5ca65f48b892d9d26bb73fd6962393a53ca7eb021e01cc3d9978,,,
seed,full,43.0,2240,0.5089077167212963,16,multimap_v3_1,paper_runs\multimap_v3_1\formal_training\formal_full_seed43_3000ep\training_metrics.jsonl,21aed85dab1f5ca65f48b892d9d26bb73fd6962393a53ca7eb021e01cc3d9978,,,
seed,full,43.0,2256,0.46782743092626333,16,multimap_v3_1,paper_runs\multimap_v3_1\formal_training\formal_full_seed43_3000ep\training_metrics.jsonl,21aed85dab1f5ca65f48b892d9d26bb73fd6962393a53ca7eb021e01cc3d9978,,,
seed,full,43.0,2272,0.5038940738886595,16,multimap_v3_1,paper_runs\multimap_v3_1\formal_training\formal_full_seed43_3000ep\training_metrics.jsonl,21aed85dab1f5ca65f48b892d9d26bb73fd6962393a53ca7eb021e01cc3d9978,,,
seed,full,43.0,2288,0.5044605452567339,16,multimap_v3_1,paper_runs\multimap_v3_1\formal_training\formal_full_seed43_3000ep\training_metrics.jsonl,21aed85dab1f5ca65f48b892d9d26bb73fd6962393a53ca7eb021e01cc3d9978,,,
seed,full,43.0,2304,0.4278958272188902,16,multimap_v3_1,paper_runs\multimap_v3_1\formal_training\formal_full_seed43_3000ep\training_metrics.jsonl,21aed85dab1f5ca65f48b892d9d26bb73fd6962393a53ca7eb021e01cc3d9978,,,
seed,full,43.0,2320,0.5952755715698004,16,multimap_v3_1,paper_runs\multimap_v3_1\formal_training\formal_full_seed43_3000ep\training_metrics.jsonl,21aed85dab1f5ca65f48b892d9d26bb73fd6962393a53ca7eb021e01cc3d9978,,,
seed,full,43.0,2336,0.47924779728055,16,multimap_v3_1,paper_runs\multimap_v3_1\formal_training\formal_full_seed43_3000ep\training_metrics.jsonl,21aed85dab1f5ca65f48b892d9d26bb73fd6962393a53ca7eb021e01cc3d9978,,,
seed,full,43.0,2352,0.43830122612416744,16,multimap_v3_1,paper_runs\multimap_v3_1\formal_training\formal_full_seed43_3000ep\training_metrics.jsonl,21aed85dab1f5ca65f48b892d9d26bb73fd6962393a53ca7eb021e01cc3d9978,,,
seed,full,43.0,2368,0.47852451354265213,16,multimap_v3_1,paper_runs\multimap_v3_1\formal_training\formal_full_seed43_3000ep\training_metrics.jsonl,21aed85dab1f5ca65f48b892d9d26bb73fd6962393a53ca7eb021e01cc3d9978,,,
seed,full,43.0,2384,0.49018355272710323,16,multimap_v3_1,paper_runs\multimap_v3_1\formal_training\formal_full_seed43_3000ep\training_metrics.jsonl,21aed85dab1f5ca65f48b892d9d26bb73fd6962393a53ca7eb021e01cc3d9978,,,
seed,full,43.0,2400,0.4676915956661105,16,multimap_v3_1,paper_runs\multimap_v3_1\formal_training\formal_full_seed43_3000ep\training_metrics.jsonl,21aed85dab1f5ca65f48b892d9d26bb73fd6962393a53ca7eb021e01cc3d9978,,,
seed,full,43.0,2416,0.4451172510161996,16,multimap_v3_1,paper_runs\multimap_v3_1\formal_training\formal_full_seed43_3000ep\training_metrics.jsonl,21aed85dab1f5ca65f48b892d9d26bb73fd6962393a53ca7eb021e01cc3d9978,,,
seed,full,43.0,2432,0.46990125998854637,16,multimap_v3_1,paper_runs\multimap_v3_1\formal_training\formal_full_seed43_3000ep\training_metrics.jsonl,21aed85dab1f5ca65f48b892d9d26bb73fd6962393a53ca7eb021e01cc3d9978,,,
seed,full,43.0,2448,0.4140840182080865,16,multimap_v3_1,paper_runs\multimap_v3_1\formal_training\formal_full_seed43_3000ep\training_metrics.jsonl,21aed85dab1f5ca65f48b892d9d26bb73fd6962393a53ca7eb021e01cc3d9978,,,
seed,full,43.0,2464,0.486227092333138,16,multimap_v3_1,paper_runs\multimap_v3_1\formal_training\formal_full_seed43_3000ep\training_metrics.jsonl,21aed85dab1f5ca65f48b892d9d26bb73fd6962393a53ca7eb021e01cc3d9978,,,
seed,full,43.0,2480,0.41090462170541286,16,multimap_v3_1,paper_runs\multimap_v3_1\formal_training\formal_full_seed43_3000ep\training_metrics.jsonl,21aed85dab1f5ca65f48b892d9d26bb73fd6962393a53ca7eb021e01cc3d9978,,,
seed,full,43.0,2496,0.4330014567822218,16,multimap_v3_1,paper_runs\multimap_v3_1\formal_training\formal_full_seed43_3000ep\training_metrics.jsonl,21aed85dab1f5ca65f48b892d9d26bb73fd6962393a53ca7eb021e01cc3d9978,,,
seed,full,43.0,2500,0.5588314086198807,16,multimap_v3_1,paper_runs\multimap_v3_1\formal_training\formal_full_seed43_3000ep\training_metrics.jsonl,21aed85dab1f5ca65f48b892d9d26bb73fd6962393a53ca7eb021e01cc3d9978,,,
seed,full,43.0,2516,0.42337250616401434,16,multimap_v3_1,paper_runs\multimap_v3_1\formal_training\formal_full_seed43_3000ep\training_metrics.jsonl,21aed85dab1f5ca65f48b892d9d26bb73fd6962393a53ca7eb021e01cc3d9978,,,
seed,full,43.0,2532,0.42441880609840155,16,multimap_v3_1,paper_runs\multimap_v3_1\formal_training\formal_full_seed43_3000ep\training_metrics.jsonl,21aed85dab1f5ca65f48b892d9d26bb73fd6962393a53ca7eb021e01cc3d9978,,,
seed,full,43.0,2548,0.4763114620000124,16,multimap_v3_1,paper_runs\multimap_v3_1\formal_training\formal_full_seed43_3000ep\training_metrics.jsonl,21aed85dab1f5ca65f48b892d9d26bb73fd6962393a53ca7eb021e01cc3d9978,,,
seed,full,43.0,2564,0.4962570546194911,16,multimap_v3_1,paper_runs\multimap_v3_1\formal_training\formal_full_seed43_3000ep\training_metrics.jsonl,21aed85dab1f5ca65f48b892d9d26bb73fd6962393a53ca7eb021e01cc3d9978,,,
seed,full,43.0,2580,0.439531865529716,16,multimap_v3_1,paper_runs\multimap_v3_1\formal_training\formal_full_seed43_3000ep\training_metrics.jsonl,21aed85dab1f5ca65f48b892d9d26bb73fd6962393a53ca7eb021e01cc3d9978,,,
seed,full,43.0,2596,0.4978504413738847,16,multimap_v3_1,paper_runs\multimap_v3_1\formal_training\formal_full_seed43_3000ep\training_metrics.jsonl,21aed85dab1f5ca65f48b892d9d26bb73fd6962393a53ca7eb021e01cc3d9978,,,
seed,full,43.0,2612,0.5402320791035891,16,multimap_v3_1,paper_runs\multimap_v3_1\formal_training\formal_full_seed43_3000ep\training_metrics.jsonl,21aed85dab1f5ca65f48b892d9d26bb73fd6962393a53ca7eb021e01cc3d9978,,,
seed,full,43.0,2628,0.43314385041594505,16,multimap_v3_1,paper_runs\multimap_v3_1\formal_training\formal_full_seed43_3000ep\training_metrics.jsonl,21aed85dab1f5ca65f48b892d9d26bb73fd6962393a53ca7eb021e01cc3d9978,,,
seed,full,43.0,2644,0.49432405829429626,16,multimap_v3_1,paper_runs\multimap_v3_1\formal_training\formal_full_seed43_3000ep\training_metrics.jsonl,21aed85dab1f5ca65f48b892d9d26bb73fd6962393a53ca7eb021e01cc3d9978,,,
seed,full,43.0,2660,0.5028557740151882,16,multimap_v3_1,paper_runs\multimap_v3_1\formal_training\formal_full_seed43_3000ep\training_metrics.jsonl,21aed85dab1f5ca65f48b892d9d26bb73fd6962393a53ca7eb021e01cc3d9978,,,
seed,full,43.0,2676,0.4984010886400938,16,multimap_v3_1,paper_runs\multimap_v3_1\formal_training\formal_full_seed43_3000ep\training_metrics.jsonl,21aed85dab1f5ca65f48b892d9d26bb73fd6962393a53ca7eb021e01cc3d9978,,,
seed,full,43.0,2692,0.4862705636769533,16,multimap_v3_1,paper_runs\multimap_v3_1\formal_training\formal_full_seed43_3000ep\training_metrics.jsonl,21aed85dab1f5ca65f48b892d9d26bb73fd6962393a53ca7eb021e01cc3d9978,,,
seed,full,43.0,2708,0.5434085354208946,16,multimap_v3_1,paper_runs\multimap_v3_1\formal_training\formal_full_seed43_3000ep\training_metrics.jsonl,21aed85dab1f5ca65f48b892d9d26bb73fd6962393a53ca7eb021e01cc3d9978,,,
seed,full,43.0,2724,0.47262992803007364,16,multimap_v3_1,paper_runs\multimap_v3_1\formal_training\formal_full_seed43_3000ep\training_metrics.jsonl,21aed85dab1f5ca65f48b892d9d26bb73fd6962393a53ca7eb021e01cc3d9978,,,
seed,full,43.0,2740,0.5015066899359226,16,multimap_v3_1,paper_runs\multimap_v3_1\formal_training\formal_full_seed43_3000ep\training_metrics.jsonl,21aed85dab1f5ca65f48b892d9d26bb73fd6962393a53ca7eb021e01cc3d9978,,,
seed,full,43.0,2756,0.47945231571793556,16,multimap_v3_1,paper_runs\multimap_v3_1\formal_training\formal_full_seed43_3000ep\training_metrics.jsonl,21aed85dab1f5ca65f48b892d9d26bb73fd6962393a53ca7eb021e01cc3d9978,,,
seed,full,43.0,2772,0.4343591844663024,16,multimap_v3_1,paper_runs\multimap_v3_1\formal_training\formal_full_seed43_3000ep\training_metrics.jsonl,21aed85dab1f5ca65f48b892d9d26bb73fd6962393a53ca7eb021e01cc3d9978,,,
seed,full,43.0,2788,0.5313470419496298,16,multimap_v3_1,paper_runs\multimap_v3_1\formal_training\formal_full_seed43_3000ep\training_metrics.jsonl,21aed85dab1f5ca65f48b892d9d26bb73fd6962393a53ca7eb021e01cc3d9978,,,
seed,full,43.0,2804,0.530534353107214,16,multimap_v3_1,paper_runs\multimap_v3_1\formal_training\formal_full_seed43_3000ep\training_metrics.jsonl,21aed85dab1f5ca65f48b892d9d26bb73fd6962393a53ca7eb021e01cc3d9978,,,
seed,full,43.0,2820,0.44107362907379866,16,multimap_v3_1,paper_runs\multimap_v3_1\formal_training\formal_full_seed43_3000ep\training_metrics.jsonl,21aed85dab1f5ca65f48b892d9d26bb73fd6962393a53ca7eb021e01cc3d9978,,,
seed,full,43.0,2836,0.4433515816926956,16,multimap_v3_1,paper_runs\multimap_v3_1\formal_training\formal_full_seed43_3000ep\training_metrics.jsonl,21aed85dab1f5ca65f48b892d9d26bb73fd6962393a53ca7eb021e01cc3d9978,,,
seed,full,43.0,2852,0.4464669870212674,16,multimap_v3_1,paper_runs\multimap_v3_1\formal_training\formal_full_seed43_3000ep\training_metrics.jsonl,21aed85dab1f5ca65f48b892d9d26bb73fd6962393a53ca7eb021e01cc3d9978,,,
seed,full,43.0,2868,0.48289525508880615,16,multimap_v3_1,paper_runs\multimap_v3_1\formal_training\formal_full_seed43_3000ep\training_metrics.jsonl,21aed85dab1f5ca65f48b892d9d26bb73fd6962393a53ca7eb021e01cc3d9978,,,
seed,full,43.0,2884,0.4898762833327055,16,multimap_v3_1,paper_runs\multimap_v3_1\formal_training\formal_full_seed43_3000ep\training_metrics.jsonl,21aed85dab1f5ca65f48b892d9d26bb73fd6962393a53ca7eb021e01cc3d9978,,,
seed,full,43.0,2900,0.42480394802987576,16,multimap_v3_1,paper_runs\multimap_v3_1\formal_training\formal_full_seed43_3000ep\training_metrics.jsonl,21aed85dab1f5ca65f48b892d9d26bb73fd6962393a53ca7eb021e01cc3d9978,,,
seed,full,43.0,2916,0.4537899103015661,16,multimap_v3_1,paper_runs\multimap_v3_1\formal_training\formal_full_seed43_3000ep\training_metrics.jsonl,21aed85dab1f5ca65f48b892d9d26bb73fd6962393a53ca7eb021e01cc3d9978,,,
seed,full,43.0,2932,0.4649461731314659,16,multimap_v3_1,paper_runs\multimap_v3_1\formal_training\formal_full_seed43_3000ep\training_metrics.jsonl,21aed85dab1f5ca65f48b892d9d26bb73fd6962393a53ca7eb021e01cc3d9978,,,
seed,full,43.0,2948,0.45269846729934216,16,multimap_v3_1,paper_runs\multimap_v3_1\formal_training\formal_full_seed43_3000ep\training_metrics.jsonl,21aed85dab1f5ca65f48b892d9d26bb73fd6962393a53ca7eb021e01cc3d9978,,,
seed,full,43.0,2964,0.43833208084106445,16,multimap_v3_1,paper_runs\multimap_v3_1\formal_training\formal_full_seed43_3000ep\training_metrics.jsonl,21aed85dab1f5ca65f48b892d9d26bb73fd6962393a53ca7eb021e01cc3d9978,,,
seed,full,43.0,2980,0.47399507090449333,16,multimap_v3_1,paper_runs\multimap_v3_1\formal_training\formal_full_seed43_3000ep\training_metrics.jsonl,21aed85dab1f5ca65f48b892d9d26bb73fd6962393a53ca7eb021e01cc3d9978,,,
seed,full,43.0,2996,0.5260598417371511,16,multimap_v3_1,paper_runs\multimap_v3_1\formal_training\formal_full_seed43_3000ep\training_metrics.jsonl,21aed85dab1f5ca65f48b892d9d26bb73fd6962393a53ca7eb021e01cc3d9978,,,
seed,full,43.0,3000,0.446402370929718,16,multimap_v3_1,paper_runs\multimap_v3_1\formal_training\formal_full_seed43_3000ep\training_metrics.jsonl,21aed85dab1f5ca65f48b892d9d26bb73fd6962393a53ca7eb021e01cc3d9978,,,
seed,full,44.0,16,0.2323398138396442,16,multimap_v3_1,paper_runs\multimap_v3_1\formal_training\formal_full_seed44_3000ep\training_metrics.jsonl,ecd64d0961f813aa4650487f979e6025f88e9ac6db7e335954cb0a079cf2f43d,,,
seed,full,44.0,32,0.22141874628141522,16,multimap_v3_1,paper_runs\multimap_v3_1\formal_training\formal_full_seed44_3000ep\training_metrics.jsonl,ecd64d0961f813aa4650487f979e6025f88e9ac6db7e335954cb0a079cf2f43d,,,
seed,full,44.0,48,0.24415141437202692,16,multimap_v3_1,paper_runs\multimap_v3_1\formal_training\formal_full_seed44_3000ep\training_metrics.jsonl,ecd64d0961f813aa4650487f979e6025f88e9ac6db7e335954cb0a079cf2f43d,,,
seed,full,44.0,64,0.3487171493470669,16,multimap_v3_1,paper_runs\multimap_v3_1\formal_training\formal_full_seed44_3000ep\training_metrics.jsonl,ecd64d0961f813aa4650487f979e6025f88e9ac6db7e335954cb0a079cf2f43d,,,
seed,full,44.0,80,0.29610294941812754,16,multimap_v3_1,paper_runs\multimap_v3_1\formal_training\formal_full_seed44_3000ep\training_metrics.jsonl,ecd64d0961f813aa4650487f979e6025f88e9ac6db7e335954cb0a079cf2f43d,,,
seed,full,44.0,96,0.27243279479444027,16,multimap_v3_1,paper_runs\multimap_v3_1\formal_training\formal_full_seed44_3000ep\training_metrics.jsonl,ecd64d0961f813aa4650487f979e6025f88e9ac6db7e335954cb0a079cf2f43d,,,
seed,full,44.0,112,0.3105601714923978,16,multimap_v3_1,paper_runs\multimap_v3_1\formal_training\formal_full_seed44_3000ep\training_metrics.jsonl,ecd64d0961f813aa4650487f979e6025f88e9ac6db7e335954cb0a079cf2f43d,,,
seed,full,44.0,128,0.3587720897048712,16,multimap_v3_1,paper_runs\multimap_v3_1\formal_training\formal_full_seed44_3000ep\training_metrics.jsonl,ecd64d0961f813aa4650487f979e6025f88e9ac6db7e335954cb0a079cf2f43d,,,
seed,full,44.0,144,0.3791229883208871,16,multimap_v3_1,paper_runs\multimap_v3_1\formal_training\formal_full_seed44_3000ep\training_metrics.jsonl,ecd64d0961f813aa4650487f979e6025f88e9ac6db7e335954cb0a079cf2f43d,,,
seed,full,44.0,160,0.4531014868989587,16,multimap_v3_1,paper_runs\multimap_v3_1\formal_training\formal_full_seed44_3000ep\training_metrics.jsonl,ecd64d0961f813aa4650487f979e6025f88e9ac6db7e335954cb0a079cf2f43d,,,
seed,full,44.0,176,0.40412659756839275,16,multimap_v3_1,paper_runs\multimap_v3_1\formal_training\formal_full_seed44_3000ep\training_metrics.jsonl,ecd64d0961f813aa4650487f979e6025f88e9ac6db7e335954cb0a079cf2f43d,,,
seed,full,44.0,192,0.383432662114501,16,multimap_v3_1,paper_runs\multimap_v3_1\formal_training\formal_full_seed44_3000ep\training_metrics.jsonl,ecd64d0961f813aa4650487f979e6025f88e9ac6db7e335954cb0a079cf2f43d,,,
seed,full,44.0,208,0.47637452092021704,16,multimap_v3_1,paper_runs\multimap_v3_1\formal_training\formal_full_seed44_3000ep\training_metrics.jsonl,ecd64d0961f813aa4650487f979e6025f88e9ac6db7e335954cb0a079cf2f43d,,,
seed,full,44.0,224,0.4398951008915901,16,multimap_v3_1,paper_runs\multimap_v3_1\formal_training\formal_full_seed44_3000ep\training_metrics.jsonl,ecd64d0961f813aa4650487f979e6025f88e9ac6db7e335954cb0a079cf2f43d,,,
seed,full,44.0,240,0.37302552070468664,16,multimap_v3_1,paper_runs\multimap_v3_1\formal_training\formal_full_seed44_3000ep\training_metrics.jsonl,ecd64d0961f813aa4650487f979e6025f88e9ac6db7e335954cb0a079cf2f43d,,,
seed,full,44.0,250,0.48878755867481233,16,multimap_v3_1,paper_runs\multimap_v3_1\formal_training\formal_full_seed44_3000ep\training_metrics.jsonl,ecd64d0961f813aa4650487f979e6025f88e9ac6db7e335954cb0a079cf2f43d,,,
seed,full,44.0,266,0.387136765755713,16,multimap_v3_1,paper_runs\multimap_v3_1\formal_training\formal_full_seed44_3000ep\training_metrics.jsonl,ecd64d0961f813aa4650487f979e6025f88e9ac6db7e335954cb0a079cf2f43d,,,
seed,full,44.0,282,0.3744680052623153,16,multimap_v3_1,paper_runs\multimap_v3_1\formal_training\formal_full_seed44_3000ep\training_metrics.jsonl,ecd64d0961f813aa4650487f979e6025f88e9ac6db7e335954cb0a079cf2f43d,,,
seed,full,44.0,298,0.5035948744043708,16,multimap_v3_1,paper_runs\multimap_v3_1\formal_training\formal_full_seed44_3000ep\training_metrics.jsonl,ecd64d0961f813aa4650487f979e6025f88e9ac6db7e335954cb0a079cf2f43d,,,
seed,full,44.0,314,0.41672268509864807,16,multimap_v3_1,paper_runs\multimap_v3_1\formal_training\formal_full_seed44_3000ep\training_metrics.jsonl,ecd64d0961f813aa4650487f979e6025f88e9ac6db7e335954cb0a079cf2f43d,,,
seed,full,44.0,330,0.43191120959818363,16,multimap_v3_1,paper_runs\multimap_v3_1\formal_training\formal_full_seed44_3000ep\training_metrics.jsonl,ecd64d0961f813aa4650487f979e6025f88e9ac6db7e335954cb0a079cf2f43d,,,
seed,full,44.0,346,0.46263085678219795,16,multimap_v3_1,paper_runs\multimap_v3_1\formal_training\formal_full_seed44_3000ep\training_metrics.jsonl,ecd64d0961f813aa4650487f979e6025f88e9ac6db7e335954cb0a079cf2f43d,,,
seed,full,44.0,362,0.4088656920939684,16,multimap_v3_1,paper_runs\multimap_v3_1\formal_training\formal_full_seed44_3000ep\training_metrics.jsonl,ecd64d0961f813aa4650487f979e6025f88e9ac6db7e335954cb0a079cf2f43d,,,
seed,full,44.0,378,0.4317833613604307,16,multimap_v3_1,paper_runs\multimap_v3_1\formal_training\formal_full_seed44_3000ep\training_metrics.jsonl,ecd64d0961f813aa4650487f979e6025f88e9ac6db7e335954cb0a079cf2f43d,,,
seed,full,44.0,394,0.42755833361297846,16,multimap_v3_1,paper_runs\multimap_v3_1\formal_training\formal_full_seed44_3000ep\training_metrics.jsonl,ecd64d0961f813aa4650487f979e6025f88e9ac6db7e335954cb0a079cf2f43d,,,
seed,full,44.0,410,0.4639099817723036,16,multimap_v3_1,paper_runs\multimap_v3_1\formal_training\formal_full_seed44_3000ep\training_metrics.jsonl,ecd64d0961f813aa4650487f979e6025f88e9ac6db7e335954cb0a079cf2f43d,,,
seed,full,44.0,426,0.4332106439396739,16,multimap_v3_1,paper_runs\multimap_v3_1\formal_training\formal_full_seed44_3000ep\training_metrics.jsonl,ecd64d0961f813aa4650487f979e6025f88e9ac6db7e335954cb0a079cf2f43d,,,
seed,full,44.0,442,0.43381913006305695,16,multimap_v3_1,paper_runs\multimap_v3_1\formal_training\formal_full_seed44_3000ep\training_metrics.jsonl,ecd64d0961f813aa4650487f979e6025f88e9ac6db7e335954cb0a079cf2f43d,,,
seed,full,44.0,458,0.3917657323181629,16,multimap_v3_1,paper_runs\multimap_v3_1\formal_training\formal_full_seed44_3000ep\training_metrics.jsonl,ecd64d0961f813aa4650487f979e6025f88e9ac6db7e335954cb0a079cf2f43d,,,
seed,full,44.0,474,0.3871958404779434,16,multimap_v3_1,paper_runs\multimap_v3_1\formal_training\formal_full_seed44_3000ep\training_metrics.jsonl,ecd64d0961f813aa4650487f979e6025f88e9ac6db7e335954cb0a079cf2f43d,,,
seed,full,44.0,490,0.41224206145852804,16,multimap_v3_1,paper_runs\multimap_v3_1\formal_training\formal_full_seed44_3000ep\training_metrics.jsonl,ecd64d0961f813aa4650487f979e6025f88e9ac6db7e335954cb0a079cf2f43d,,,
seed,full,44.0,500,0.4443254113197327,16,multimap_v3_1,paper_runs\multimap_v3_1\formal_training\formal_full_seed44_3000ep\training_metrics.jsonl,ecd64d0961f813aa4650487f979e6025f88e9ac6db7e335954cb0a079cf2f43d,,,
seed,full,44.0,516,0.42929529305547476,16,multimap_v3_1,paper_runs\multimap_v3_1\formal_training\formal_full_seed44_3000ep\training_metrics.jsonl,ecd64d0961f813aa4650487f979e6025f88e9ac6db7e335954cb0a079cf2f43d,,,
seed,full,44.0,532,0.40417899191379547,16,multimap_v3_1,paper_runs\multimap_v3_1\formal_training\formal_full_seed44_3000ep\training_metrics.jsonl,ecd64d0961f813aa4650487f979e6025f88e9ac6db7e335954cb0a079cf2f43d,,,
seed,full,44.0,548,0.4918697727844119,16,multimap_v3_1,paper_runs\multimap_v3_1\formal_training\formal_full_seed44_3000ep\training_metrics.jsonl,ecd64d0961f813aa4650487f979e6025f88e9ac6db7e335954cb0a079cf2f43d,,,
seed,full,44.0,564,0.4333365336060524,16,multimap_v3_1,paper_runs\multimap_v3_1\formal_training\formal_full_seed44_3000ep\training_metrics.jsonl,ecd64d0961f813aa4650487f979e6025f88e9ac6db7e335954cb0a079cf2f43d,,,
seed,full,44.0,580,0.4159297551959753,16,multimap_v3_1,paper_runs\multimap_v3_1\formal_training\formal_full_seed44_3000ep\training_metrics.jsonl,ecd64d0961f813aa4650487f979e6025f88e9ac6db7e335954cb0a079cf2f43d,,,
seed,full,44.0,596,0.5121856806799769,16,multimap_v3_1,paper_runs\multimap_v3_1\formal_training\formal_full_seed44_3000ep\training_metrics.jsonl,ecd64d0961f813aa4650487f979e6025f88e9ac6db7e335954cb0a079cf2f43d,,,
seed,full,44.0,612,0.45881879911758006,16,multimap_v3_1,paper_runs\multimap_v3_1\formal_training\formal_full_seed44_3000ep\training_metrics.jsonl,ecd64d0961f813aa4650487f979e6025f88e9ac6db7e335954cb0a079cf2f43d,,,
seed,full,44.0,628,0.4293167795985937,16,multimap_v3_1,paper_runs\multimap_v3_1\formal_training\formal_full_seed44_3000ep\training_metrics.jsonl,ecd64d0961f813aa4650487f979e6025f88e9ac6db7e335954cb0a079cf2f43d,,,
seed,full,44.0,644,0.4842618992552161,16,multimap_v3_1,paper_runs\multimap_v3_1\formal_training\formal_full_seed44_3000ep\training_metrics.jsonl,ecd64d0961f813aa4650487f979e6025f88e9ac6db7e335954cb0a079cf2f43d,,,
seed,full,44.0,660,0.4407426090911031,16,multimap_v3_1,paper_runs\multimap_v3_1\formal_training\formal_full_seed44_3000ep\training_metrics.jsonl,ecd64d0961f813aa4650487f979e6025f88e9ac6db7e335954cb0a079cf2f43d,,,
seed,full,44.0,676,0.45489910803735256,16,multimap_v3_1,paper_runs\multimap_v3_1\formal_training\formal_full_seed44_3000ep\training_metrics.jsonl,ecd64d0961f813aa4650487f979e6025f88e9ac6db7e335954cb0a079cf2f43d,,,
seed,full,44.0,692,0.45433125644922256,16,multimap_v3_1,paper_runs\multimap_v3_1\formal_training\formal_full_seed44_3000ep\training_metrics.jsonl,ecd64d0961f813aa4650487f979e6025f88e9ac6db7e335954cb0a079cf2f43d,,,
seed,full,44.0,708,0.42806620337069035,16,multimap_v3_1,paper_runs\multimap_v3_1\formal_training\formal_full_seed44_3000ep\training_metrics.jsonl,ecd64d0961f813aa4650487f979e6025f88e9ac6db7e335954cb0a079cf2f43d,,,
seed,full,44.0,724,0.4376734606921673,16,multimap_v3_1,paper_runs\multimap_v3_1\formal_training\formal_full_seed44_3000ep\training_metrics.jsonl,ecd64d0961f813aa4650487f979e6025f88e9ac6db7e335954cb0a079cf2f43d,,,
seed,full,44.0,740,0.48838429991155863,16,multimap_v3_1,paper_runs\multimap_v3_1\formal_training\formal_full_seed44_3000ep\training_metrics.jsonl,ecd64d0961f813aa4650487f979e6025f88e9ac6db7e335954cb0a079cf2f43d,,,
seed,full,44.0,756,0.42040761932730675,16,multimap_v3_1,paper_runs\multimap_v3_1\formal_training\formal_full_seed44_3000ep\training_metrics.jsonl,ecd64d0961f813aa4650487f979e6025f88e9ac6db7e335954cb0a079cf2f43d,,,
seed,full,44.0,772,0.5405604001134634,16,multimap_v3_1,paper_runs\multimap_v3_1\formal_training\formal_full_seed44_3000ep\training_metrics.jsonl,ecd64d0961f813aa4650487f979e6025f88e9ac6db7e335954cb0a079cf2f43d,,,
seed,full,44.0,788,0.43730277940630913,16,multimap_v3_1,paper_runs\multimap_v3_1\formal_training\formal_full_seed44_3000ep\training_metrics.jsonl,ecd64d0961f813aa4650487f979e6025f88e9ac6db7e335954cb0a079cf2f43d,,,
seed,full,44.0,804,0.416456270031631,16,multimap_v3_1,paper_runs\multimap_v3_1\formal_training\formal_full_seed44_3000ep\training_metrics.jsonl,ecd64d0961f813aa4650487f979e6025f88e9ac6db7e335954cb0a079cf2f43d,,,
seed,full,44.0,820,0.45250956527888775,16,multimap_v3_1,paper_runs\multimap_v3_1\formal_training\formal_full_seed44_3000ep\training_metrics.jsonl,ecd64d0961f813aa4650487f979e6025f88e9ac6db7e335954cb0a079cf2f43d,,,
seed,full,44.0,836,0.45283629186451435,16,multimap_v3_1,paper_runs\multimap_v3_1\formal_training\formal_full_seed44_3000ep\training_metrics.jsonl,ecd64d0961f813aa4650487f979e6025f88e9ac6db7e335954cb0a079cf2f43d,,,
seed,full,44.0,852,0.4154304750263691,16,multimap_v3_1,paper_runs\multimap_v3_1\formal_training\formal_full_seed44_3000ep\training_metrics.jsonl,ecd64d0961f813aa4650487f979e6025f88e9ac6db7e335954cb0a079cf2f43d,,,
seed,full,44.0,868,0.4532643798738718,16,multimap_v3_1,paper_runs\multimap_v3_1\formal_training\formal_full_seed44_3000ep\training_metrics.jsonl,ecd64d0961f813aa4650487f979e6025f88e9ac6db7e335954cb0a079cf2f43d,,,
seed,full,44.0,884,0.48395796213299036,16,multimap_v3_1,paper_runs\multimap_v3_1\formal_training\formal_full_seed44_3000ep\training_metrics.jsonl,ecd64d0961f813aa4650487f979e6025f88e9ac6db7e335954cb0a079cf2f43d,,,
seed,full,44.0,900,0.4280967153608799,16,multimap_v3_1,paper_runs\multimap_v3_1\formal_training\formal_full_seed44_3000ep\training_metrics.jsonl,ecd64d0961f813aa4650487f979e6025f88e9ac6db7e335954cb0a079cf2f43d,,,
seed,full,44.0,916,0.46313015278428793,16,multimap_v3_1,paper_runs\multimap_v3_1\formal_training\formal_full_seed44_3000ep\training_metrics.jsonl,ecd64d0961f813aa4650487f979e6025f88e9ac6db7e335954cb0a079cf2f43d,,,
seed,full,44.0,932,0.360886596608907,16,multimap_v3_1,paper_runs\multimap_v3_1\formal_training\formal_full_seed44_3000ep\training_metrics.jsonl,ecd64d0961f813aa4650487f979e6025f88e9ac6db7e335954cb0a079cf2f43d,,,
seed,full,44.0,948,0.4114134656265378,16,multimap_v3_1,paper_runs\multimap_v3_1\formal_training\formal_full_seed44_3000ep\training_metrics.jsonl,ecd64d0961f813aa4650487f979e6025f88e9ac6db7e335954cb0a079cf2f43d,,,
seed,full,44.0,964,0.49958343245089054,16,multimap_v3_1,paper_runs\multimap_v3_1\formal_training\formal_full_seed44_3000ep\training_metrics.jsonl,ecd64d0961f813aa4650487f979e6025f88e9ac6db7e335954cb0a079cf2f43d,,,
seed,full,44.0,980,0.43869476951658726,16,multimap_v3_1,paper_runs\multimap_v3_1\formal_training\formal_full_seed44_3000ep\training_metrics.jsonl,ecd64d0961f813aa4650487f979e6025f88e9ac6db7e335954cb0a079cf2f43d,,,
seed,full,44.0,996,0.4692669715732336,16,multimap_v3_1,paper_runs\multimap_v3_1\formal_training\formal_full_seed44_3000ep\training_metrics.jsonl,ecd64d0961f813aa4650487f979e6025f88e9ac6db7e335954cb0a079cf2f43d,,,
seed,full,44.0,1000,0.5429661944508553,16,multimap_v3_1,paper_runs\multimap_v3_1\formal_training\formal_full_seed44_3000ep\training_metrics.jsonl,ecd64d0961f813aa4650487f979e6025f88e9ac6db7e335954cb0a079cf2f43d,,,
seed,full,44.0,1016,0.45268222130835056,16,multimap_v3_1,paper_runs\multimap_v3_1\formal_training\formal_full_seed44_3000ep\training_metrics.jsonl,ecd64d0961f813aa4650487f979e6025f88e9ac6db7e335954cb0a079cf2f43d,,,
seed,full,44.0,1032,0.4393894588574767,16,multimap_v3_1,paper_runs\multimap_v3_1\formal_training\formal_full_seed44_3000ep\training_metrics.jsonl,ecd64d0961f813aa4650487f979e6025f88e9ac6db7e335954cb0a079cf2f43d,,,
seed,full,44.0,1048,0.3418921842239797,16,multimap_v3_1,paper_runs\multimap_v3_1\formal_training\formal_full_seed44_3000ep\training_metrics.jsonl,ecd64d0961f813aa4650487f979e6025f88e9ac6db7e335954cb0a079cf2f43d,,,
seed,full,44.0,1064,0.45900495257228613,16,multimap_v3_1,paper_runs\multimap_v3_1\formal_training\formal_full_seed44_3000ep\training_metrics.jsonl,ecd64d0961f813aa4650487f979e6025f88e9ac6db7e335954cb0a079cf2f43d,,,
seed,full,44.0,1080,0.3173437612131238,16,multimap_v3_1,paper_runs\multimap_v3_1\formal_training\formal_full_seed44_3000ep\training_metrics.jsonl,ecd64d0961f813aa4650487f979e6025f88e9ac6db7e335954cb0a079cf2f43d,,,
seed,full,44.0,1096,0.2850797474384308,16,multimap_v3_1,paper_runs\multimap_v3_1\formal_training\formal_full_seed44_3000ep\training_metrics.jsonl,ecd64d0961f813aa4650487f979e6025f88e9ac6db7e335954cb0a079cf2f43d,,,
seed,full,44.0,1112,0.40768579358700663,16,multimap_v3_1,paper_runs\multimap_v3_1\formal_training\formal_full_seed44_3000ep\training_metrics.jsonl,ecd64d0961f813aa4650487f979e6025f88e9ac6db7e335954cb0a079cf2f43d,,,
seed,full,44.0,1128,0.3782140661496669,16,multimap_v3_1,paper_runs\multimap_v3_1\formal_training\formal_full_seed44_3000ep\training_metrics.jsonl,ecd64d0961f813aa4650487f979e6025f88e9ac6db7e335954cb0a079cf2f43d,,,
seed,full,44.0,1144,0.4336608396843076,16,multimap_v3_1,paper_runs\multimap_v3_1\formal_training\formal_full_seed44_3000ep\training_metrics.jsonl,ecd64d0961f813aa4650487f979e6025f88e9ac6db7e335954cb0a079cf2f43d,,,
seed,full,44.0,1160,0.446489698253572,16,multimap_v3_1,paper_runs\multimap_v3_1\formal_training\formal_full_seed44_3000ep\training_metrics.jsonl,ecd64d0961f813aa4650487f979e6025f88e9ac6db7e335954cb0a079cf2f43d,,,
seed,full,44.0,1176,0.4394907420501113,16,multimap_v3_1,paper_runs\multimap_v3_1\formal_training\formal_full_seed44_3000ep\training_metrics.jsonl,ecd64d0961f813aa4650487f979e6025f88e9ac6db7e335954cb0a079cf2f43d,,,
seed,full,44.0,1192,0.5738314036279917,16,multimap_v3_1,paper_runs\multimap_v3_1\formal_training\formal_full_seed44_3000ep\training_metrics.jsonl,ecd64d0961f813aa4650487f979e6025f88e9ac6db7e335954cb0a079cf2f43d,,,
seed,full,44.0,1208,0.49470893666148186,16,multimap_v3_1,paper_runs\multimap_v3_1\formal_training\formal_full_seed44_3000ep\training_metrics.jsonl,ecd64d0961f813aa4650487f979e6025f88e9ac6db7e335954cb0a079cf2f43d,,,
seed,full,44.0,1224,0.49811939150094986,16,multimap_v3_1,paper_runs\multimap_v3_1\formal_training\formal_full_seed44_3000ep\training_metrics.jsonl,ecd64d0961f813aa4650487f979e6025f88e9ac6db7e335954cb0a079cf2f43d,,,
seed,full,44.0,1240,0.47258410044014454,16,multimap_v3_1,paper_runs\multimap_v3_1\formal_training\formal_full_seed44_3000ep\training_metrics.jsonl,ecd64d0961f813aa4650487f979e6025f88e9ac6db7e335954cb0a079cf2f43d,,,
seed,full,44.0,1256,0.43425622675567865,16,multimap_v3_1,paper_runs\multimap_v3_1\formal_training\formal_full_seed44_3000ep\training_metrics.jsonl,ecd64d0961f813aa4650487f979e6025f88e9ac6db7e335954cb0a079cf2f43d,,,
seed,full,44.0,1272,0.4575092066079378,16,multimap_v3_1,paper_runs\multimap_v3_1\formal_training\formal_full_seed44_3000ep\training_metrics.jsonl,ecd64d0961f813aa4650487f979e6025f88e9ac6db7e335954cb0a079cf2f43d,,,
seed,full,44.0,1288,0.4202426578849554,16,multimap_v3_1,paper_runs\multimap_v3_1\formal_training\formal_full_seed44_3000ep\training_metrics.jsonl,ecd64d0961f813aa4650487f979e6025f88e9ac6db7e335954cb0a079cf2f43d,,,
seed,full,44.0,1304,0.4028251813724637,16,multimap_v3_1,paper_runs\multimap_v3_1\formal_training\formal_full_seed44_3000ep\training_metrics.jsonl,ecd64d0961f813aa4650487f979e6025f88e9ac6db7e335954cb0a079cf2f43d,,,
seed,full,44.0,1320,0.3911271393299103,16,multimap_v3_1,paper_runs\multimap_v3_1\formal_training\formal_full_seed44_3000ep\training_metrics.jsonl,ecd64d0961f813aa4650487f979e6025f88e9ac6db7e335954cb0a079cf2f43d,,,
seed,full,44.0,1336,0.4668971002101898,16,multimap_v3_1,paper_runs\multimap_v3_1\formal_training\formal_full_seed44_3000ep\training_metrics.jsonl,ecd64d0961f813aa4650487f979e6025f88e9ac6db7e335954cb0a079cf2f43d,,,
seed,full,44.0,1352,0.5431185085326433,16,multimap_v3_1,paper_runs\multimap_v3_1\formal_training\formal_full_seed44_3000ep\training_metrics.jsonl,ecd64d0961f813aa4650487f979e6025f88e9ac6db7e335954cb0a079cf2f43d,,,
seed,full,44.0,1368,0.41671249363571405,16,multimap_v3_1,paper_runs\multimap_v3_1\formal_training\formal_full_seed44_3000ep\training_metrics.jsonl,ecd64d0961f813aa4650487f979e6025f88e9ac6db7e335954cb0a079cf2f43d,,,
seed,full,44.0,1384,0.4915142059326172,16,multimap_v3_1,paper_runs\multimap_v3_1\formal_training\formal_full_seed44_3000ep\training_metrics.jsonl,ecd64d0961f813aa4650487f979e6025f88e9ac6db7e335954cb0a079cf2f43d,,,
seed,full,44.0,1400,0.5010091010481119,16,multimap_v3_1,paper_runs\multimap_v3_1\formal_training\formal_full_seed44_3000ep\training_metrics.jsonl,ecd64d0961f813aa4650487f979e6025f88e9ac6db7e335954cb0a079cf2f43d,,,
seed,full,44.0,1416,0.4383766669780016,16,multimap_v3_1,paper_runs\multimap_v3_1\formal_training\formal_full_seed44_3000ep\training_metrics.jsonl,ecd64d0961f813aa4650487f979e6025f88e9ac6db7e335954cb0a079cf2f43d,,,
seed,full,44.0,1432,0.4842476611956954,16,multimap_v3_1,paper_runs\multimap_v3_1\formal_training\formal_full_seed44_3000ep\training_metrics.jsonl,ecd64d0961f813aa4650487f979e6025f88e9ac6db7e335954cb0a079cf2f43d,,,
seed,full,44.0,1448,0.4994802214205265,16,multimap_v3_1,paper_runs\multimap_v3_1\formal_training\formal_full_seed44_3000ep\training_metrics.jsonl,ecd64d0961f813aa4650487f979e6025f88e9ac6db7e335954cb0a079cf2f43d,,,
seed,full,44.0,1464,0.5312739759683609,16,multimap_v3_1,paper_runs\multimap_v3_1\formal_training\formal_full_seed44_3000ep\training_metrics.jsonl,ecd64d0961f813aa4650487f979e6025f88e9ac6db7e335954cb0a079cf2f43d,,,
seed,full,44.0,1480,0.5425528157502413,16,multimap_v3_1,paper_runs\multimap_v3_1\formal_training\formal_full_seed44_3000ep\training_metrics.jsonl,ecd64d0961f813aa4650487f979e6025f88e9ac6db7e335954cb0a079cf2f43d,,,
seed,full,44.0,1496,0.5306289345026016,16,multimap_v3_1,paper_runs\multimap_v3_1\formal_training\formal_full_seed44_3000ep\training_metrics.jsonl,ecd64d0961f813aa4650487f979e6025f88e9ac6db7e335954cb0a079cf2f43d,,,
seed,full,44.0,1500,0.2617782838642597,16,multimap_v3_1,paper_runs\multimap_v3_1\formal_training\formal_full_seed44_3000ep\training_metrics.jsonl,ecd64d0961f813aa4650487f979e6025f88e9ac6db7e335954cb0a079cf2f43d,,,
seed,full,44.0,1516,0.5290286093950272,16,multimap_v3_1,paper_runs\multimap_v3_1\formal_training\formal_full_seed44_3000ep\training_metrics.jsonl,ecd64d0961f813aa4650487f979e6025f88e9ac6db7e335954cb0a079cf2f43d,,,
seed,full,44.0,1532,0.43869922030717134,16,multimap_v3_1,paper_runs\multimap_v3_1\formal_training\formal_full_seed44_3000ep\training_metrics.jsonl,ecd64d0961f813aa4650487f979e6025f88e9ac6db7e335954cb0a079cf2f43d,,,
seed,full,44.0,1548,0.4370337789878249,16,multimap_v3_1,paper_runs\multimap_v3_1\formal_training\formal_full_seed44_3000ep\training_metrics.jsonl,ecd64d0961f813aa4650487f979e6025f88e9ac6db7e335954cb0a079cf2f43d,,,
seed,full,44.0,1564,0.4356669448316097,16,multimap_v3_1,paper_runs\multimap_v3_1\formal_training\formal_full_seed44_3000ep\training_metrics.jsonl,ecd64d0961f813aa4650487f979e6025f88e9ac6db7e335954cb0a079cf2f43d,,,
seed,full,44.0,1580,0.4635250195860863,16,multimap_v3_1,paper_runs\multimap_v3_1\formal_training\formal_full_seed44_3000ep\training_metrics.jsonl,ecd64d0961f813aa4650487f979e6025f88e9ac6db7e335954cb0a079cf2f43d,,,
seed,full,44.0,1596,0.4777187826111913,16,multimap_v3_1,paper_runs\multimap_v3_1\formal_training\formal_full_seed44_3000ep\training_metrics.jsonl,ecd64d0961f813aa4650487f979e6025f88e9ac6db7e335954cb0a079cf2f43d,,,
seed,full,44.0,1612,0.45908679254353046,16,multimap_v3_1,paper_runs\multimap_v3_1\formal_training\formal_full_seed44_3000ep\training_metrics.jsonl,ecd64d0961f813aa4650487f979e6025f88e9ac6db7e335954cb0a079cf2f43d,,,
seed,full,44.0,1628,0.4043978787958622,16,multimap_v3_1,paper_runs\multimap_v3_1\formal_training\formal_full_seed44_3000ep\training_metrics.jsonl,ecd64d0961f813aa4650487f979e6025f88e9ac6db7e335954cb0a079cf2f43d,,,
seed,full,44.0,1644,0.4866907885298133,16,multimap_v3_1,paper_runs\multimap_v3_1\formal_training\formal_full_seed44_3000ep\training_metrics.jsonl,ecd64d0961f813aa4650487f979e6025f88e9ac6db7e335954cb0a079cf2f43d,,,
seed,full,44.0,1660,0.4357761852443218,16,multimap_v3_1,paper_runs\multimap_v3_1\formal_training\formal_full_seed44_3000ep\training_metrics.jsonl,ecd64d0961f813aa4650487f979e6025f88e9ac6db7e335954cb0a079cf2f43d,,,
seed,full,44.0,1676,0.44021553359925747,16,multimap_v3_1,paper_runs\multimap_v3_1\formal_training\formal_full_seed44_3000ep\training_metrics.jsonl,ecd64d0961f813aa4650487f979e6025f88e9ac6db7e335954cb0a079cf2f43d,,,
seed,full,44.0,1692,0.4395797597244382,16,multimap_v3_1,paper_runs\multimap_v3_1\formal_training\formal_full_seed44_3000ep\training_metrics.jsonl,ecd64d0961f813aa4650487f979e6025f88e9ac6db7e335954cb0a079cf2f43d,,,
seed,full,44.0,1708,0.46837408654391766,16,multimap_v3_1,paper_runs\multimap_v3_1\formal_training\formal_full_seed44_3000ep\training_metrics.jsonl,ecd64d0961f813aa4650487f979e6025f88e9ac6db7e335954cb0a079cf2f43d,,,
seed,full,44.0,1724,0.4791148295626044,16,multimap_v3_1,paper_runs\multimap_v3_1\formal_training\formal_full_seed44_3000ep\training_metrics.jsonl,ecd64d0961f813aa4650487f979e6025f88e9ac6db7e335954cb0a079cf2f43d,,,
seed,full,44.0,1740,0.49308567866683006,16,multimap_v3_1,paper_runs\multimap_v3_1\formal_training\formal_full_seed44_3000ep\training_metrics.jsonl,ecd64d0961f813aa4650487f979e6025f88e9ac6db7e335954cb0a079cf2f43d,,,
seed,full,44.0,1756,0.52531154663302,16,multimap_v3_1,paper_runs\multimap_v3_1\formal_training\formal_full_seed44_3000ep\training_metrics.jsonl,ecd64d0961f813aa4650487f979e6025f88e9ac6db7e335954cb0a079cf2f43d,,,
seed,full,44.0,1772,0.41702849604189396,16,multimap_v3_1,paper_runs\multimap_v3_1\formal_training\formal_full_seed44_3000ep\training_metrics.jsonl,ecd64d0961f813aa4650487f979e6025f88e9ac6db7e335954cb0a079cf2f43d,,,
seed,full,44.0,1788,0.4419459942728281,16,multimap_v3_1,paper_runs\multimap_v3_1\formal_training\formal_full_seed44_3000ep\training_metrics.jsonl,ecd64d0961f813aa4650487f979e6025f88e9ac6db7e335954cb0a079cf2f43d,,,
seed,full,44.0,1804,0.4144827453419566,16,multimap_v3_1,paper_runs\multimap_v3_1\formal_training\formal_full_seed44_3000ep\training_metrics.jsonl,ecd64d0961f813aa4650487f979e6025f88e9ac6db7e335954cb0a079cf2f43d,,,
seed,full,44.0,1820,0.43120158836245537,16,multimap_v3_1,paper_runs\multimap_v3_1\formal_training\formal_full_seed44_3000ep\training_metrics.jsonl,ecd64d0961f813aa4650487f979e6025f88e9ac6db7e335954cb0a079cf2f43d,,,
seed,full,44.0,1836,0.40372657123953104,16,multimap_v3_1,paper_runs\multimap_v3_1\formal_training\formal_full_seed44_3000ep\training_metrics.jsonl,ecd64d0961f813aa4650487f979e6025f88e9ac6db7e335954cb0a079cf2f43d,,,
seed,full,44.0,1852,0.48612913209944963,16,multimap_v3_1,paper_runs\multimap_v3_1\formal_training\formal_full_seed44_3000ep\training_metrics.jsonl,ecd64d0961f813aa4650487f979e6025f88e9ac6db7e335954cb0a079cf2f43d,,,
seed,full,44.0,1868,0.5077597163617611,16,multimap_v3_1,paper_runs\multimap_v3_1\formal_training\formal_full_seed44_3000ep\training_metrics.jsonl,ecd64d0961f813aa4650487f979e6025f88e9ac6db7e335954cb0a079cf2f43d,,,
seed,full,44.0,1884,0.4283138979226351,16,multimap_v3_1,paper_runs\multimap_v3_1\formal_training\formal_full_seed44_3000ep\training_metrics.jsonl,ecd64d0961f813aa4650487f979e6025f88e9ac6db7e335954cb0a079cf2f43d,,,
seed,full,44.0,1900,0.49448714032769203,16,multimap_v3_1,paper_runs\multimap_v3_1\formal_training\formal_full_seed44_3000ep\training_metrics.jsonl,ecd64d0961f813aa4650487f979e6025f88e9ac6db7e335954cb0a079cf2f43d,,,
seed,full,44.0,1916,0.46048544347286224,16,multimap_v3_1,paper_runs\multimap_v3_1\formal_training\formal_full_seed44_3000ep\training_metrics.jsonl,ecd64d0961f813aa4650487f979e6025f88e9ac6db7e335954cb0a079cf2f43d,,,
seed,full,44.0,1932,0.4650244703516364,16,multimap_v3_1,paper_runs\multimap_v3_1\formal_training\formal_full_seed44_3000ep\training_metrics.jsonl,ecd64d0961f813aa4650487f979e6025f88e9ac6db7e335954cb0a079cf2f43d,,,
seed,full,44.0,1948,0.4468902666121721,16,multimap_v3_1,paper_runs\multimap_v3_1\formal_training\formal_full_seed44_3000ep\training_metrics.jsonl,ecd64d0961f813aa4650487f979e6025f88e9ac6db7e335954cb0a079cf2f43d,,,
seed,full,44.0,1964,0.4545382959768176,16,multimap_v3_1,paper_runs\multimap_v3_1\formal_training\formal_full_seed44_3000ep\training_metrics.jsonl,ecd64d0961f813aa4650487f979e6025f88e9ac6db7e335954cb0a079cf2f43d,,,
seed,full,44.0,1980,0.48304721899330616,16,multimap_v3_1,paper_runs\multimap_v3_1\formal_training\formal_full_seed44_3000ep\training_metrics.jsonl,ecd64d0961f813aa4650487f979e6025f88e9ac6db7e335954cb0a079cf2f43d,,,
seed,full,44.0,1996,0.4965031957253814,16,multimap_v3_1,paper_runs\multimap_v3_1\formal_training\formal_full_seed44_3000ep\training_metrics.jsonl,ecd64d0961f813aa4650487f979e6025f88e9ac6db7e335954cb0a079cf2f43d,,,
seed,full,44.0,2000,0.4344478100538254,16,multimap_v3_1,paper_runs\multimap_v3_1\formal_training\formal_full_seed44_3000ep\training_metrics.jsonl,ecd64d0961f813aa4650487f979e6025f88e9ac6db7e335954cb0a079cf2f43d,,,
seed,full,44.0,2016,0.45606420561671257,16,multimap_v3_1,paper_runs\multimap_v3_1\formal_training\formal_full_seed44_3000ep\training_metrics.jsonl,ecd64d0961f813aa4650487f979e6025f88e9ac6db7e335954cb0a079cf2f43d,,,
seed,full,44.0,2032,0.49189592897892,16,multimap_v3_1,paper_runs\multimap_v3_1\formal_training\formal_full_seed44_3000ep\training_metrics.jsonl,ecd64d0961f813aa4650487f979e6025f88e9ac6db7e335954cb0a079cf2f43d,,,
seed,full,44.0,2048,0.5069905444979668,16,multimap_v3_1,paper_runs\multimap_v3_1\formal_training\formal_full_seed44_3000ep\training_metrics.jsonl,ecd64d0961f813aa4650487f979e6025f88e9ac6db7e335954cb0a079cf2f43d,,,
seed,full,44.0,2064,0.43069114349782467,16,multimap_v3_1,paper_runs\multimap_v3_1\formal_training\formal_full_seed44_3000ep\training_metrics.jsonl,ecd64d0961f813aa4650487f979e6025f88e9ac6db7e335954cb0a079cf2f43d,,,
seed,full,44.0,2080,0.5093050878494978,16,multimap_v3_1,paper_runs\multimap_v3_1\formal_training\formal_full_seed44_3000ep\training_metrics.jsonl,ecd64d0961f813aa4650487f979e6025f88e9ac6db7e335954cb0a079cf2f43d,,,
seed,full,44.0,2096,0.470027600415051,16,multimap_v3_1,paper_runs\multimap_v3_1\formal_training\formal_full_seed44_3000ep\training_metrics.jsonl,ecd64d0961f813aa4650487f979e6025f88e9ac6db7e335954cb0a079cf2f43d,,,
seed,full,44.0,2112,0.4471898106858134,16,multimap_v3_1,paper_runs\multimap_v3_1\formal_training\formal_full_seed44_3000ep\training_metrics.jsonl,ecd64d0961f813aa4650487f979e6025f88e9ac6db7e335954cb0a079cf2f43d,,,
seed,full,44.0,2128,0.43941112607717514,16,multimap_v3_1,paper_runs\multimap_v3_1\formal_training\formal_full_seed44_3000ep\training_metrics.jsonl,ecd64d0961f813aa4650487f979e6025f88e9ac6db7e335954cb0a079cf2f43d,,,
seed,full,44.0,2144,0.45443319994956255,16,multimap_v3_1,paper_runs\multimap_v3_1\formal_training\formal_full_seed44_3000ep\training_metrics.jsonl,ecd64d0961f813aa4650487f979e6025f88e9ac6db7e335954cb0a079cf2f43d,,,
seed,full,44.0,2160,0.4665053430944681,16,multimap_v3_1,paper_runs\multimap_v3_1\formal_training\formal_full_seed44_3000ep\training_metrics.jsonl,ecd64d0961f813aa4650487f979e6025f88e9ac6db7e335954cb0a079cf2f43d,,,
seed,full,44.0,2176,0.4684274708852172,16,multimap_v3_1,paper_runs\multimap_v3_1\formal_training\formal_full_seed44_3000ep\training_metrics.jsonl,ecd64d0961f813aa4650487f979e6025f88e9ac6db7e335954cb0a079cf2f43d,,,
seed,full,44.0,2192,0.4311582110822201,16,multimap_v3_1,paper_runs\multimap_v3_1\formal_training\formal_full_seed44_3000ep\training_metrics.jsonl,ecd64d0961f813aa4650487f979e6025f88e9ac6db7e335954cb0a079cf2f43d,,,
seed,full,44.0,2208,0.42432668432593346,16,multimap_v3_1,paper_runs\multimap_v3_1\formal_training\formal_full_seed44_3000ep\training_metrics.jsonl,ecd64d0961f813aa4650487f979e6025f88e9ac6db7e335954cb0a079cf2f43d,,,
seed,full,44.0,2224,0.4864565208554268,16,multimap_v3_1,paper_runs\multimap_v3_1\formal_training\formal_full_seed44_3000ep\training_metrics.jsonl,ecd64d0961f813aa4650487f979e6025f88e9ac6db7e335954cb0a079cf2f43d,,,
seed,full,44.0,2240,0.46831127628684044,16,multimap_v3_1,paper_runs\multimap_v3_1\formal_training\formal_full_seed44_3000ep\training_metrics.jsonl,ecd64d0961f813aa4650487f979e6025f88e9ac6db7e335954cb0a079cf2f43d,,,
seed,full,44.0,2256,0.4675445035099983,16,multimap_v3_1,paper_runs\multimap_v3_1\formal_training\formal_full_seed44_3000ep\training_metrics.jsonl,ecd64d0961f813aa4650487f979e6025f88e9ac6db7e335954cb0a079cf2f43d,,,
seed,full,44.0,2272,0.5640399102121592,16,multimap_v3_1,paper_runs\multimap_v3_1\formal_training\formal_full_seed44_3000ep\training_metrics.jsonl,ecd64d0961f813aa4650487f979e6025f88e9ac6db7e335954cb0a079cf2f43d,,,
seed,full,44.0,2288,0.4712602309882641,16,multimap_v3_1,paper_runs\multimap_v3_1\formal_training\formal_full_seed44_3000ep\training_metrics.jsonl,ecd64d0961f813aa4650487f979e6025f88e9ac6db7e335954cb0a079cf2f43d,,,
seed,full,44.0,2304,0.3553734226152301,16,multimap_v3_1,paper_runs\multimap_v3_1\formal_training\formal_full_seed44_3000ep\training_metrics.jsonl,ecd64d0961f813aa4650487f979e6025f88e9ac6db7e335954cb0a079cf2f43d,,,
seed,full,44.0,2320,0.5173353161662817,16,multimap_v3_1,paper_runs\multimap_v3_1\formal_training\formal_full_seed44_3000ep\training_metrics.jsonl,ecd64d0961f813aa4650487f979e6025f88e9ac6db7e335954cb0a079cf2f43d,,,
seed,full,44.0,2336,0.5166977066546679,16,multimap_v3_1,paper_runs\multimap_v3_1\formal_training\formal_full_seed44_3000ep\training_metrics.jsonl,ecd64d0961f813aa4650487f979e6025f88e9ac6db7e335954cb0a079cf2f43d,,,
seed,full,44.0,2352,0.4979524612426758,16,multimap_v3_1,paper_runs\multimap_v3_1\formal_training\formal_full_seed44_3000ep\training_metrics.jsonl,ecd64d0961f813aa4650487f979e6025f88e9ac6db7e335954cb0a079cf2f43d,,,
seed,full,44.0,2368,0.43780795484781265,16,multimap_v3_1,paper_runs\multimap_v3_1\formal_training\formal_full_seed44_3000ep\training_metrics.jsonl,ecd64d0961f813aa4650487f979e6025f88e9ac6db7e335954cb0a079cf2f43d,,,
seed,full,44.0,2384,0.3750188900157809,16,multimap_v3_1,paper_runs\multimap_v3_1\formal_training\formal_full_seed44_3000ep\training_metrics.jsonl,ecd64d0961f813aa4650487f979e6025f88e9ac6db7e335954cb0a079cf2f43d,,,
seed,full,44.0,2400,0.4853261932730675,16,multimap_v3_1,paper_runs\multimap_v3_1\formal_training\formal_full_seed44_3000ep\training_metrics.jsonl,ecd64d0961f813aa4650487f979e6025f88e9ac6db7e335954cb0a079cf2f43d,,,
seed,full,44.0,2416,0.45515204779803753,16,multimap_v3_1,paper_runs\multimap_v3_1\formal_training\formal_full_seed44_3000ep\training_metrics.jsonl,ecd64d0961f813aa4650487f979e6025f88e9ac6db7e335954cb0a079cf2f43d,,,
seed,full,44.0,2432,0.4468184635043144,16,multimap_v3_1,paper_runs\multimap_v3_1\formal_training\formal_full_seed44_3000ep\training_metrics.jsonl,ecd64d0961f813aa4650487f979e6025f88e9ac6db7e335954cb0a079cf2f43d,,,
seed,full,44.0,2448,0.43833288084715605,16,multimap_v3_1,paper_runs\multimap_v3_1\formal_training\formal_full_seed44_3000ep\training_metrics.jsonl,ecd64d0961f813aa4650487f979e6025f88e9ac6db7e335954cb0a079cf2f43d,,,
seed,full,44.0,2464,0.4436310422606766,16,multimap_v3_1,paper_runs\multimap_v3_1\formal_training\formal_full_seed44_3000ep\training_metrics.jsonl,ecd64d0961f813aa4650487f979e6025f88e9ac6db7e335954cb0a079cf2f43d,,,
seed,full,44.0,2480,0.47936179116368294,16,multimap_v3_1,paper_runs\multimap_v3_1\formal_training\formal_full_seed44_3000ep\training_metrics.jsonl,ecd64d0961f813aa4650487f979e6025f88e9ac6db7e335954cb0a079cf2f43d,,,
seed,full,44.0,2496,0.4546951623633504,16,multimap_v3_1,paper_runs\multimap_v3_1\formal_training\formal_full_seed44_3000ep\training_metrics.jsonl,ecd64d0961f813aa4650487f979e6025f88e9ac6db7e335954cb0a079cf2f43d,,,
seed,full,44.0,2500,0.41801438480615616,16,multimap_v3_1,paper_runs\multimap_v3_1\formal_training\formal_full_seed44_3000ep\training_metrics.jsonl,ecd64d0961f813aa4650487f979e6025f88e9ac6db7e335954cb0a079cf2f43d,,,
seed,full,44.0,2516,0.3796183979138732,16,multimap_v3_1,paper_runs\multimap_v3_1\formal_training\formal_full_seed44_3000ep\training_metrics.jsonl,ecd64d0961f813aa4650487f979e6025f88e9ac6db7e335954cb0a079cf2f43d,,,
seed,full,44.0,2532,0.38745140796527267,16,multimap_v3_1,paper_runs\multimap_v3_1\formal_training\formal_full_seed44_3000ep\training_metrics.jsonl,ecd64d0961f813aa4650487f979e6025f88e9ac6db7e335954cb0a079cf2f43d,,,
seed,full,44.0,2548,0.38135811034590006,16,multimap_v3_1,paper_runs\multimap_v3_1\formal_training\formal_full_seed44_3000ep\training_metrics.jsonl,ecd64d0961f813aa4650487f979e6025f88e9ac6db7e335954cb0a079cf2f43d,,,
seed,full,44.0,2564,0.5044360589236021,16,multimap_v3_1,paper_runs\multimap_v3_1\formal_training\formal_full_seed44_3000ep\training_metrics.jsonl,ecd64d0961f813aa4650487f979e6025f88e9ac6db7e335954cb0a079cf2f43d,,,
seed,full,44.0,2580,0.47763102501630783,16,multimap_v3_1,paper_runs\multimap_v3_1\formal_training\formal_full_seed44_3000ep\training_metrics.jsonl,ecd64d0961f813aa4650487f979e6025f88e9ac6db7e335954cb0a079cf2f43d,,,
seed,full,44.0,2596,0.478286100551486,16,multimap_v3_1,paper_runs\multimap_v3_1\formal_training\formal_full_seed44_3000ep\training_metrics.jsonl,ecd64d0961f813aa4650487f979e6025f88e9ac6db7e335954cb0a079cf2f43d,,,
seed,full,44.0,2612,0.4152968665584922,16,multimap_v3_1,paper_runs\multimap_v3_1\formal_training\formal_full_seed44_3000ep\training_metrics.jsonl,ecd64d0961f813aa4650487f979e6025f88e9ac6db7e335954cb0a079cf2f43d,,,
seed,full,44.0,2628,0.44978421460837126,16,multimap_v3_1,paper_runs\multimap_v3_1\formal_training\formal_full_seed44_3000ep\training_metrics.jsonl,ecd64d0961f813aa4650487f979e6025f88e9ac6db7e335954cb0a079cf2f43d,,,
seed,full,44.0,2644,0.4569149799644947,16,multimap_v3_1,paper_runs\multimap_v3_1\formal_training\formal_full_seed44_3000ep\training_metrics.jsonl,ecd64d0961f813aa4650487f979e6025f88e9ac6db7e335954cb0a079cf2f43d,,,
seed,full,44.0,2660,0.466594934463501,16,multimap_v3_1,paper_runs\multimap_v3_1\formal_training\formal_full_seed44_3000ep\training_metrics.jsonl,ecd64d0961f813aa4650487f979e6025f88e9ac6db7e335954cb0a079cf2f43d,,,
seed,full,44.0,2676,0.4422046663239598,16,multimap_v3_1,paper_runs\multimap_v3_1\formal_training\formal_full_seed44_3000ep\training_metrics.jsonl,ecd64d0961f813aa4650487f979e6025f88e9ac6db7e335954cb0a079cf2f43d,,,
seed,full,44.0,2692,0.4437556080520153,16,multimap_v3_1,paper_runs\multimap_v3_1\formal_training\formal_full_seed44_3000ep\training_metrics.jsonl,ecd64d0961f813aa4650487f979e6025f88e9ac6db7e335954cb0a079cf2f43d,,,
seed,full,44.0,2708,0.4796676877886057,16,multimap_v3_1,paper_runs\multimap_v3_1\formal_training\formal_full_seed44_3000ep\training_metrics.jsonl,ecd64d0961f813aa4650487f979e6025f88e9ac6db7e335954cb0a079cf2f43d,,,
seed,full,44.0,2724,0.4956870265305042,16,multimap_v3_1,paper_runs\multimap_v3_1\formal_training\formal_full_seed44_3000ep\training_metrics.jsonl,ecd64d0961f813aa4650487f979e6025f88e9ac6db7e335954cb0a079cf2f43d,,,
seed,full,44.0,2740,0.5468758437782526,16,multimap_v3_1,paper_runs\multimap_v3_1\formal_training\formal_full_seed44_3000ep\training_metrics.jsonl,ecd64d0961f813aa4650487f979e6025f88e9ac6db7e335954cb0a079cf2f43d,,,
seed,full,44.0,2756,0.5400568824261427,16,multimap_v3_1,paper_runs\multimap_v3_1\formal_training\formal_full_seed44_3000ep\training_metrics.jsonl,ecd64d0961f813aa4650487f979e6025f88e9ac6db7e335954cb0a079cf2f43d,,,
seed,full,44.0,2772,0.4485374763607979,16,multimap_v3_1,paper_runs\multimap_v3_1\formal_training\formal_full_seed44_3000ep\training_metrics.jsonl,ecd64d0961f813aa4650487f979e6025f88e9ac6db7e335954cb0a079cf2f43d,,,
seed,full,44.0,2788,0.48999566212296486,16,multimap_v3_1,paper_runs\multimap_v3_1\formal_training\formal_full_seed44_3000ep\training_metrics.jsonl,ecd64d0961f813aa4650487f979e6025f88e9ac6db7e335954cb0a079cf2f43d,,,
seed,full,44.0,2804,0.4684575367718935,16,multimap_v3_1,paper_runs\multimap_v3_1\formal_training\formal_full_seed44_3000ep\training_metrics.jsonl,ecd64d0961f813aa4650487f979e6025f88e9ac6db7e335954cb0a079cf2f43d,,,
seed,full,44.0,2820,0.48543995432555676,16,multimap_v3_1,paper_runs\multimap_v3_1\formal_training\formal_full_seed44_3000ep\training_metrics.jsonl,ecd64d0961f813aa4650487f979e6025f88e9ac6db7e335954cb0a079cf2f43d,,,
seed,full,44.0,2836,0.4453837079927325,16,multimap_v3_1,paper_runs\multimap_v3_1\formal_training\formal_full_seed44_3000ep\training_metrics.jsonl,ecd64d0961f813aa4650487f979e6025f88e9ac6db7e335954cb0a079cf2f43d,,,
seed,full,44.0,2852,0.5700927302241325,16,multimap_v3_1,paper_runs\multimap_v3_1\formal_training\formal_full_seed44_3000ep\training_metrics.jsonl,ecd64d0961f813aa4650487f979e6025f88e9ac6db7e335954cb0a079cf2f43d,,,
seed,full,44.0,2868,0.518557270988822,16,multimap_v3_1,paper_runs\multimap_v3_1\formal_training\formal_full_seed44_3000ep\training_metrics.jsonl,ecd64d0961f813aa4650487f979e6025f88e9ac6db7e335954cb0a079cf2f43d,,,
seed,full,44.0,2884,0.3985119063872844,16,multimap_v3_1,paper_runs\multimap_v3_1\formal_training\formal_full_seed44_3000ep\training_metrics.jsonl,ecd64d0961f813aa4650487f979e6025f88e9ac6db7e335954cb0a079cf2f43d,,,
seed,full,44.0,2900,0.4593487102538347,16,multimap_v3_1,paper_runs\multimap_v3_1\formal_training\formal_full_seed44_3000ep\training_metrics.jsonl,ecd64d0961f813aa4650487f979e6025f88e9ac6db7e335954cb0a079cf2f43d,,,
seed,full,44.0,2916,0.44741107895970345,16,multimap_v3_1,paper_runs\multimap_v3_1\formal_training\formal_full_seed44_3000ep\training_metrics.jsonl,ecd64d0961f813aa4650487f979e6025f88e9ac6db7e335954cb0a079cf2f43d,,,
seed,full,44.0,2932,0.4315111059695482,16,multimap_v3_1,paper_runs\multimap_v3_1\formal_training\formal_full_seed44_3000ep\training_metrics.jsonl,ecd64d0961f813aa4650487f979e6025f88e9ac6db7e335954cb0a079cf2f43d,,,
seed,full,44.0,2948,0.43555688485503197,16,multimap_v3_1,paper_runs\multimap_v3_1\formal_training\formal_full_seed44_3000ep\training_metrics.jsonl,ecd64d0961f813aa4650487f979e6025f88e9ac6db7e335954cb0a079cf2f43d,,,
seed,full,44.0,2964,0.41915484610944986,16,multimap_v3_1,paper_runs\multimap_v3_1\formal_training\formal_full_seed44_3000ep\training_metrics.jsonl,ecd64d0961f813aa4650487f979e6025f88e9ac6db7e335954cb0a079cf2f43d,,,
seed,full,44.0,2980,0.4704261403530836,16,multimap_v3_1,paper_runs\multimap_v3_1\formal_training\formal_full_seed44_3000ep\training_metrics.jsonl,ecd64d0961f813aa4650487f979e6025f88e9ac6db7e335954cb0a079cf2f43d,,,
seed,full,44.0,2996,0.474363056011498,16,multimap_v3_1,paper_runs\multimap_v3_1\formal_training\formal_full_seed44_3000ep\training_metrics.jsonl,ecd64d0961f813aa4650487f979e6025f88e9ac6db7e335954cb0a079cf2f43d,,,
seed,full,44.0,3000,0.3384435810148716,16,multimap_v3_1,paper_runs\multimap_v3_1\formal_training\formal_full_seed44_3000ep\training_metrics.jsonl,ecd64d0961f813aa4650487f979e6025f88e9ac6db7e335954cb0a079cf2f43d,,,
seed,full,45.0,16,0.2111331990454346,16,multimap_v3_1,paper_runs\multimap_v3_1\formal_training\formal_full_seed45_3000ep\training_metrics.jsonl,dc0755baec0d8585c68705de2b221b962250e8a84db4d8e7fd378d8906431dec,,,
seed,full,45.0,32,0.19979248975869268,16,multimap_v3_1,paper_runs\multimap_v3_1\formal_training\formal_full_seed45_3000ep\training_metrics.jsonl,dc0755baec0d8585c68705de2b221b962250e8a84db4d8e7fd378d8906431dec,,,
seed,full,45.0,48,0.2160293636843562,16,multimap_v3_1,paper_runs\multimap_v3_1\formal_training\formal_full_seed45_3000ep\training_metrics.jsonl,dc0755baec0d8585c68705de2b221b962250e8a84db4d8e7fd378d8906431dec,,,
seed,full,45.0,64,0.3101660222746432,16,multimap_v3_1,paper_runs\multimap_v3_1\formal_training\formal_full_seed45_3000ep\training_metrics.jsonl,dc0755baec0d8585c68705de2b221b962250e8a84db4d8e7fd378d8906431dec,,,
seed,full,45.0,80,0.30702759698033333,16,multimap_v3_1,paper_runs\multimap_v3_1\formal_training\formal_full_seed45_3000ep\training_metrics.jsonl,dc0755baec0d8585c68705de2b221b962250e8a84db4d8e7fd378d8906431dec,,,
seed,full,45.0,96,0.31803095899522305,16,multimap_v3_1,paper_runs\multimap_v3_1\formal_training\formal_full_seed45_3000ep\training_metrics.jsonl,dc0755baec0d8585c68705de2b221b962250e8a84db4d8e7fd378d8906431dec,,,
seed,full,45.0,112,0.33367708045989275,16,multimap_v3_1,paper_runs\multimap_v3_1\formal_training\formal_full_seed45_3000ep\training_metrics.jsonl,dc0755baec0d8585c68705de2b221b962250e8a84db4d8e7fd378d8906431dec,,,
seed,full,45.0,128,0.35230783000588417,16,multimap_v3_1,paper_runs\multimap_v3_1\formal_training\formal_full_seed45_3000ep\training_metrics.jsonl,dc0755baec0d8585c68705de2b221b962250e8a84db4d8e7fd378d8906431dec,,,
seed,full,45.0,144,0.3156467145308852,16,multimap_v3_1,paper_runs\multimap_v3_1\formal_training\formal_full_seed45_3000ep\training_metrics.jsonl,dc0755baec0d8585c68705de2b221b962250e8a84db4d8e7fd378d8906431dec,,,
seed,full,45.0,160,0.40387242939323187,16,multimap_v3_1,paper_runs\multimap_v3_1\formal_training\formal_full_seed45_3000ep\training_metrics.jsonl,dc0755baec0d8585c68705de2b221b962250e8a84db4d8e7fd378d8906431dec,,,
seed,full,45.0,176,0.3790675033815205,16,multimap_v3_1,paper_runs\multimap_v3_1\formal_training\formal_full_seed45_3000ep\training_metrics.jsonl,dc0755baec0d8585c68705de2b221b962250e8a84db4d8e7fd378d8906431dec,,,
seed,full,45.0,192,0.33476902917027473,16,multimap_v3_1,paper_runs\multimap_v3_1\formal_training\formal_full_seed45_3000ep\training_metrics.jsonl,dc0755baec0d8585c68705de2b221b962250e8a84db4d8e7fd378d8906431dec,,,
seed,full,45.0,208,0.4489333722740412,16,multimap_v3_1,paper_runs\multimap_v3_1\formal_training\formal_full_seed45_3000ep\training_metrics.jsonl,dc0755baec0d8585c68705de2b221b962250e8a84db4d8e7fd378d8906431dec,,,
seed,full,45.0,224,0.37751999869942665,16,multimap_v3_1,paper_runs\multimap_v3_1\formal_training\formal_full_seed45_3000ep\training_metrics.jsonl,dc0755baec0d8585c68705de2b221b962250e8a84db4d8e7fd378d8906431dec,,,
seed,full,45.0,240,0.45458303578197956,16,multimap_v3_1,paper_runs\multimap_v3_1\formal_training\formal_full_seed45_3000ep\training_metrics.jsonl,dc0755baec0d8585c68705de2b221b962250e8a84db4d8e7fd378d8906431dec,,,
seed,full,45.0,250,0.45511205345392225,16,multimap_v3_1,paper_runs\multimap_v3_1\formal_training\formal_full_seed45_3000ep\training_metrics.jsonl,dc0755baec0d8585c68705de2b221b962250e8a84db4d8e7fd378d8906431dec,,,
seed,full,45.0,266,0.40298300702124834,16,multimap_v3_1,paper_runs\multimap_v3_1\formal_training\formal_full_seed45_3000ep\training_metrics.jsonl,dc0755baec0d8585c68705de2b221b962250e8a84db4d8e7fd378d8906431dec,,,
seed,full,45.0,282,0.35912235639989376,16,multimap_v3_1,paper_runs\multimap_v3_1\formal_training\formal_full_seed45_3000ep\training_metrics.jsonl,dc0755baec0d8585c68705de2b221b962250e8a84db4d8e7fd378d8906431dec,,,
seed,full,45.0,298,0.4631653055548668,16,multimap_v3_1,paper_runs\multimap_v3_1\formal_training\formal_full_seed45_3000ep\training_metrics.jsonl,dc0755baec0d8585c68705de2b221b962250e8a84db4d8e7fd378d8906431dec,,,
seed,full,45.0,314,0.4044039621949196,16,multimap_v3_1,paper_runs\multimap_v3_1\formal_training\formal_full_seed45_3000ep\training_metrics.jsonl,dc0755baec0d8585c68705de2b221b962250e8a84db4d8e7fd378d8906431dec,,,
seed,full,45.0,330,0.45759909972548485,16,multimap_v3_1,paper_runs\multimap_v3_1\formal_training\formal_full_seed45_3000ep\training_metrics.jsonl,dc0755baec0d8585c68705de2b221b962250e8a84db4d8e7fd378d8906431dec,,,
seed,full,45.0,346,0.4468283085152507,16,multimap_v3_1,paper_runs\multimap_v3_1\formal_training\formal_full_seed45_3000ep\training_metrics.jsonl,dc0755baec0d8585c68705de2b221b962250e8a84db4d8e7fd378d8906431dec,,,
seed,full,45.0,362,0.46682448498904705,16,multimap_v3_1,paper_runs\multimap_v3_1\formal_training\formal_full_seed45_3000ep\training_metrics.jsonl,dc0755baec0d8585c68705de2b221b962250e8a84db4d8e7fd378d8906431dec,,,
seed,full,45.0,378,0.41009182296693325,16,multimap_v3_1,paper_runs\multimap_v3_1\formal_training\formal_full_seed45_3000ep\training_metrics.jsonl,dc0755baec0d8585c68705de2b221b962250e8a84db4d8e7fd378d8906431dec,,,
seed,full,45.0,394,0.44113240763545036,16,multimap_v3_1,paper_runs\multimap_v3_1\formal_training\formal_full_seed45_3000ep\training_metrics.jsonl,dc0755baec0d8585c68705de2b221b962250e8a84db4d8e7fd378d8906431dec,,,
seed,full,45.0,410,0.4492002837359905,16,multimap_v3_1,paper_runs\multimap_v3_1\formal_training\formal_full_seed45_3000ep\training_metrics.jsonl,dc0755baec0d8585c68705de2b221b962250e8a84db4d8e7fd378d8906431dec,,,
seed,full,45.0,426,0.4330742359161377,16,multimap_v3_1,paper_runs\multimap_v3_1\formal_training\formal_full_seed45_3000ep\training_metrics.jsonl,dc0755baec0d8585c68705de2b221b962250e8a84db4d8e7fd378d8906431dec,,,
seed,full,45.0,442,0.4646094348281622,16,multimap_v3_1,paper_runs\multimap_v3_1\formal_training\formal_full_seed45_3000ep\training_metrics.jsonl,dc0755baec0d8585c68705de2b221b962250e8a84db4d8e7fd378d8906431dec,,,
seed,full,45.0,458,0.4636034294962883,16,multimap_v3_1,paper_runs\multimap_v3_1\formal_training\formal_full_seed45_3000ep\training_metrics.jsonl,dc0755baec0d8585c68705de2b221b962250e8a84db4d8e7fd378d8906431dec,,,
seed,full,45.0,474,0.4179368168115616,16,multimap_v3_1,paper_runs\multimap_v3_1\formal_training\formal_full_seed45_3000ep\training_metrics.jsonl,dc0755baec0d8585c68705de2b221b962250e8a84db4d8e7fd378d8906431dec,,,
seed,full,45.0,490,0.5034225089475513,16,multimap_v3_1,paper_runs\multimap_v3_1\formal_training\formal_full_seed45_3000ep\training_metrics.jsonl,dc0755baec0d8585c68705de2b221b962250e8a84db4d8e7fd378d8906431dec,,,
seed,full,45.0,500,0.4442661464214325,16,multimap_v3_1,paper_runs\multimap_v3_1\formal_training\formal_full_seed45_3000ep\training_metrics.jsonl,dc0755baec0d8585c68705de2b221b962250e8a84db4d8e7fd378d8906431dec,,,
seed,full,45.0,516,0.422987163066864,16,multimap_v3_1,paper_runs\multimap_v3_1\formal_training\formal_full_seed45_3000ep\training_metrics.jsonl,dc0755baec0d8585c68705de2b221b962250e8a84db4d8e7fd378d8906431dec,,,
seed,full,45.0,532,0.4257873333990574,16,multimap_v3_1,paper_runs\multimap_v3_1\formal_training\formal_full_seed45_3000ep\training_metrics.jsonl,dc0755baec0d8585c68705de2b221b962250e8a84db4d8e7fd378d8906431dec,,,
seed,full,45.0,548,0.45587813947349787,16,multimap_v3_1,paper_runs\multimap_v3_1\formal_training\formal_full_seed45_3000ep\training_metrics.jsonl,dc0755baec0d8585c68705de2b221b962250e8a84db4d8e7fd378d8906431dec,,,
seed,full,45.0,564,0.36677279230207205,16,multimap_v3_1,paper_runs\multimap_v3_1\formal_training\formal_full_seed45_3000ep\training_metrics.jsonl,dc0755baec0d8585c68705de2b221b962250e8a84db4d8e7fd378d8906431dec,,,
seed,full,45.0,580,0.3343492182902992,16,multimap_v3_1,paper_runs\multimap_v3_1\formal_training\formal_full_seed45_3000ep\training_metrics.jsonl,dc0755baec0d8585c68705de2b221b962250e8a84db4d8e7fd378d8906431dec,,,
seed,full,45.0,596,0.36083139572292566,16,multimap_v3_1,paper_runs\multimap_v3_1\formal_training\formal_full_seed45_3000ep\training_metrics.jsonl,dc0755baec0d8585c68705de2b221b962250e8a84db4d8e7fd378d8906431dec,,,
seed,full,45.0,612,0.38083214964717627,16,multimap_v3_1,paper_runs\multimap_v3_1\formal_training\formal_full_seed45_3000ep\training_metrics.jsonl,dc0755baec0d8585c68705de2b221b962250e8a84db4d8e7fd378d8906431dec,,,
seed,full,45.0,628,0.3691458534449339,16,multimap_v3_1,paper_runs\multimap_v3_1\formal_training\formal_full_seed45_3000ep\training_metrics.jsonl,dc0755baec0d8585c68705de2b221b962250e8a84db4d8e7fd378d8906431dec,,,
seed,full,45.0,644,0.4167334996163845,16,multimap_v3_1,paper_runs\multimap_v3_1\formal_training\formal_full_seed45_3000ep\training_metrics.jsonl,dc0755baec0d8585c68705de2b221b962250e8a84db4d8e7fd378d8906431dec,,,
seed,full,45.0,660,0.39069906529039145,16,multimap_v3_1,paper_runs\multimap_v3_1\formal_training\formal_full_seed45_3000ep\training_metrics.jsonl,dc0755baec0d8585c68705de2b221b962250e8a84db4d8e7fd378d8906431dec,,,
seed,full,45.0,676,0.5330038145184517,16,multimap_v3_1,paper_runs\multimap_v3_1\formal_training\formal_full_seed45_3000ep\training_metrics.jsonl,dc0755baec0d8585c68705de2b221b962250e8a84db4d8e7fd378d8906431dec,,,
seed,full,45.0,692,0.3280316758900881,16,multimap_v3_1,paper_runs\multimap_v3_1\formal_training\formal_full_seed45_3000ep\training_metrics.jsonl,dc0755baec0d8585c68705de2b221b962250e8a84db4d8e7fd378d8906431dec,,,
seed,full,45.0,708,0.3988752318546176,16,multimap_v3_1,paper_runs\multimap_v3_1\formal_training\formal_full_seed45_3000ep\training_metrics.jsonl,dc0755baec0d8585c68705de2b221b962250e8a84db4d8e7fd378d8906431dec,,,
seed,full,45.0,724,0.44542692322283983,16,multimap_v3_1,paper_runs\multimap_v3_1\formal_training\formal_full_seed45_3000ep\training_metrics.jsonl,dc0755baec0d8585c68705de2b221b962250e8a84db4d8e7fd378d8906431dec,,,
seed,full,45.0,740,0.43401678930968046,16,multimap_v3_1,paper_runs\multimap_v3_1\formal_training\formal_full_seed45_3000ep\training_metrics.jsonl,dc0755baec0d8585c68705de2b221b962250e8a84db4d8e7fd378d8906431dec,,,
seed,full,45.0,756,0.4012475563213229,16,multimap_v3_1,paper_runs\multimap_v3_1\formal_training\formal_full_seed45_3000ep\training_metrics.jsonl,dc0755baec0d8585c68705de2b221b962250e8a84db4d8e7fd378d8906431dec,,,
seed,full,45.0,772,0.5155685488134623,16,multimap_v3_1,paper_runs\multimap_v3_1\formal_training\formal_full_seed45_3000ep\training_metrics.jsonl,dc0755baec0d8585c68705de2b221b962250e8a84db4d8e7fd378d8906431dec,,,
seed,full,45.0,788,0.42154500912874937,16,multimap_v3_1,paper_runs\multimap_v3_1\formal_training\formal_full_seed45_3000ep\training_metrics.jsonl,dc0755baec0d8585c68705de2b221b962250e8a84db4d8e7fd378d8906431dec,,,
seed,full,45.0,804,0.4419594928622246,16,multimap_v3_1,paper_runs\multimap_v3_1\formal_training\formal_full_seed45_3000ep\training_metrics.jsonl,dc0755baec0d8585c68705de2b221b962250e8a84db4d8e7fd378d8906431dec,,,
seed,full,45.0,820,0.4567573815584183,16,multimap_v3_1,paper_runs\multimap_v3_1\formal_training\formal_full_seed45_3000ep\training_metrics.jsonl,dc0755baec0d8585c68705de2b221b962250e8a84db4d8e7fd378d8906431dec,,,
seed,full,45.0,836,0.48370810970664024,16,multimap_v3_1,paper_runs\multimap_v3_1\formal_training\formal_full_seed45_3000ep\training_metrics.jsonl,dc0755baec0d8585c68705de2b221b962250e8a84db4d8e7fd378d8906431dec,,,
seed,full,45.0,852,0.41543843876570463,16,multimap_v3_1,paper_runs\multimap_v3_1\formal_training\formal_full_seed45_3000ep\training_metrics.jsonl,dc0755baec0d8585c68705de2b221b962250e8a84db4d8e7fd378d8906431dec,,,
seed,full,45.0,868,0.446895357221365,16,multimap_v3_1,paper_runs\multimap_v3_1\formal_training\formal_full_seed45_3000ep\training_metrics.jsonl,dc0755baec0d8585c68705de2b221b962250e8a84db4d8e7fd378d8906431dec,,,
seed,full,45.0,884,0.44182427786290646,16,multimap_v3_1,paper_runs\multimap_v3_1\formal_training\formal_full_seed45_3000ep\training_metrics.jsonl,dc0755baec0d8585c68705de2b221b962250e8a84db4d8e7fd378d8906431dec,,,
seed,full,45.0,900,0.41649310663342476,16,multimap_v3_1,paper_runs\multimap_v3_1\formal_training\formal_full_seed45_3000ep\training_metrics.jsonl,dc0755baec0d8585c68705de2b221b962250e8a84db4d8e7fd378d8906431dec,,,
seed,full,45.0,916,0.42398377507925034,16,multimap_v3_1,paper_runs\multimap_v3_1\formal_training\formal_full_seed45_3000ep\training_metrics.jsonl,dc0755baec0d8585c68705de2b221b962250e8a84db4d8e7fd378d8906431dec,,,
seed,full,45.0,932,0.4838199969381094,16,multimap_v3_1,paper_runs\multimap_v3_1\formal_training\formal_full_seed45_3000ep\training_metrics.jsonl,dc0755baec0d8585c68705de2b221b962250e8a84db4d8e7fd378d8906431dec,,,
seed,full,45.0,948,0.49310436099767685,16,multimap_v3_1,paper_runs\multimap_v3_1\formal_training\formal_full_seed45_3000ep\training_metrics.jsonl,dc0755baec0d8585c68705de2b221b962250e8a84db4d8e7fd378d8906431dec,,,
seed,full,45.0,964,0.47263404726982117,16,multimap_v3_1,paper_runs\multimap_v3_1\formal_training\formal_full_seed45_3000ep\training_metrics.jsonl,dc0755baec0d8585c68705de2b221b962250e8a84db4d8e7fd378d8906431dec,,,
seed,full,45.0,980,0.4401297140866518,16,multimap_v3_1,paper_runs\multimap_v3_1\formal_training\formal_full_seed45_3000ep\training_metrics.jsonl,dc0755baec0d8585c68705de2b221b962250e8a84db4d8e7fd378d8906431dec,,,
seed,full,45.0,996,0.42786846216768026,16,multimap_v3_1,paper_runs\multimap_v3_1\formal_training\formal_full_seed45_3000ep\training_metrics.jsonl,dc0755baec0d8585c68705de2b221b962250e8a84db4d8e7fd378d8906431dec,,,
seed,full,45.0,1000,0.49570582807064056,16,multimap_v3_1,paper_runs\multimap_v3_1\formal_training\formal_full_seed45_3000ep\training_metrics.jsonl,dc0755baec0d8585c68705de2b221b962250e8a84db4d8e7fd378d8906431dec,,,
seed,full,45.0,1016,0.45122235268354416,16,multimap_v3_1,paper_runs\multimap_v3_1\formal_training\formal_full_seed45_3000ep\training_metrics.jsonl,dc0755baec0d8585c68705de2b221b962250e8a84db4d8e7fd378d8906431dec,,,
seed,full,45.0,1032,0.4587619425728917,16,multimap_v3_1,paper_runs\multimap_v3_1\formal_training\formal_full_seed45_3000ep\training_metrics.jsonl,dc0755baec0d8585c68705de2b221b962250e8a84db4d8e7fd378d8906431dec,,,
seed,full,45.0,1048,0.44700930267572403,16,multimap_v3_1,paper_runs\multimap_v3_1\formal_training\formal_full_seed45_3000ep\training_metrics.jsonl,dc0755baec0d8585c68705de2b221b962250e8a84db4d8e7fd378d8906431dec,,,
seed,full,45.0,1064,0.37819965835660696,16,multimap_v3_1,paper_runs\multimap_v3_1\formal_training\formal_full_seed45_3000ep\training_metrics.jsonl,dc0755baec0d8585c68705de2b221b962250e8a84db4d8e7fd378d8906431dec,,,
seed,full,45.0,1080,0.4496575938537717,16,multimap_v3_1,paper_runs\multimap_v3_1\formal_training\formal_full_seed45_3000ep\training_metrics.jsonl,dc0755baec0d8585c68705de2b221b962250e8a84db4d8e7fd378d8906431dec,,,
seed,full,45.0,1096,0.4528530705720186,16,multimap_v3_1,paper_runs\multimap_v3_1\formal_training\formal_full_seed45_3000ep\training_metrics.jsonl,dc0755baec0d8585c68705de2b221b962250e8a84db4d8e7fd378d8906431dec,,,
seed,full,45.0,1112,0.48717688862234354,16,multimap_v3_1,paper_runs\multimap_v3_1\formal_training\formal_full_seed45_3000ep\training_metrics.jsonl,dc0755baec0d8585c68705de2b221b962250e8a84db4d8e7fd378d8906431dec,,,
seed,full,45.0,1128,0.35665968991816044,16,multimap_v3_1,paper_runs\multimap_v3_1\formal_training\formal_full_seed45_3000ep\training_metrics.jsonl,dc0755baec0d8585c68705de2b221b962250e8a84db4d8e7fd378d8906431dec,,,
seed,full,45.0,1144,0.4587489040568471,16,multimap_v3_1,paper_runs\multimap_v3_1\formal_training\formal_full_seed45_3000ep\training_metrics.jsonl,dc0755baec0d8585c68705de2b221b962250e8a84db4d8e7fd378d8906431dec,,,
seed,full,45.0,1160,0.4808255862444639,16,multimap_v3_1,paper_runs\multimap_v3_1\formal_training\formal_full_seed45_3000ep\training_metrics.jsonl,dc0755baec0d8585c68705de2b221b962250e8a84db4d8e7fd378d8906431dec,,,
seed,full,45.0,1176,0.4623390641063452,16,multimap_v3_1,paper_runs\multimap_v3_1\formal_training\formal_full_seed45_3000ep\training_metrics.jsonl,dc0755baec0d8585c68705de2b221b962250e8a84db4d8e7fd378d8906431dec,,,
seed,full,45.0,1192,0.4608114929869771,16,multimap_v3_1,paper_runs\multimap_v3_1\formal_training\formal_full_seed45_3000ep\training_metrics.jsonl,dc0755baec0d8585c68705de2b221b962250e8a84db4d8e7fd378d8906431dec,,,
seed,full,45.0,1208,0.4467572160065174,16,multimap_v3_1,paper_runs\multimap_v3_1\formal_training\formal_full_seed45_3000ep\training_metrics.jsonl,dc0755baec0d8585c68705de2b221b962250e8a84db4d8e7fd378d8906431dec,,,
seed,full,45.0,1224,0.4063107413239777,16,multimap_v3_1,paper_runs\multimap_v3_1\formal_training\formal_full_seed45_3000ep\training_metrics.jsonl,dc0755baec0d8585c68705de2b221b962250e8a84db4d8e7fd378d8906431dec,,,
seed,full,45.0,1240,0.4643563413992524,16,multimap_v3_1,paper_runs\multimap_v3_1\formal_training\formal_full_seed45_3000ep\training_metrics.jsonl,dc0755baec0d8585c68705de2b221b962250e8a84db4d8e7fd378d8906431dec,,,
seed,full,45.0,1256,0.42001981753855944,16,multimap_v3_1,paper_runs\multimap_v3_1\formal_training\formal_full_seed45_3000ep\training_metrics.jsonl,dc0755baec0d8585c68705de2b221b962250e8a84db4d8e7fd378d8906431dec,,,
seed,full,45.0,1272,0.4458797723054886,16,multimap_v3_1,paper_runs\multimap_v3_1\formal_training\formal_full_seed45_3000ep\training_metrics.jsonl,dc0755baec0d8585c68705de2b221b962250e8a84db4d8e7fd378d8906431dec,,,
seed,full,45.0,1288,0.47030792012810707,16,multimap_v3_1,paper_runs\multimap_v3_1\formal_training\formal_full_seed45_3000ep\training_metrics.jsonl,dc0755baec0d8585c68705de2b221b962250e8a84db4d8e7fd378d8906431dec,,,
seed,full,45.0,1304,0.5164759978652,16,multimap_v3_1,paper_runs\multimap_v3_1\formal_training\formal_full_seed45_3000ep\training_metrics.jsonl,dc0755baec0d8585c68705de2b221b962250e8a84db4d8e7fd378d8906431dec,,,
seed,full,45.0,1320,0.4152724649757147,16,multimap_v3_1,paper_runs\multimap_v3_1\formal_training\formal_full_seed45_3000ep\training_metrics.jsonl,dc0755baec0d8585c68705de2b221b962250e8a84db4d8e7fd378d8906431dec,,,
seed,full,45.0,1336,0.4977406575344503,16,multimap_v3_1,paper_runs\multimap_v3_1\formal_training\formal_full_seed45_3000ep\training_metrics.jsonl,dc0755baec0d8585c68705de2b221b962250e8a84db4d8e7fd378d8906431dec,,,
seed,full,45.0,1352,0.526378283277154,16,multimap_v3_1,paper_runs\multimap_v3_1\formal_training\formal_full_seed45_3000ep\training_metrics.jsonl,dc0755baec0d8585c68705de2b221b962250e8a84db4d8e7fd378d8906431dec,,,
seed,full,45.0,1368,0.43188180681318045,16,multimap_v3_1,paper_runs\multimap_v3_1\formal_training\formal_full_seed45_3000ep\training_metrics.jsonl,dc0755baec0d8585c68705de2b221b962250e8a84db4d8e7fd378d8906431dec,,,
seed,full,45.0,1384,0.562076972797513,16,multimap_v3_1,paper_runs\multimap_v3_1\formal_training\formal_full_seed45_3000ep\training_metrics.jsonl,dc0755baec0d8585c68705de2b221b962250e8a84db4d8e7fd378d8906431dec,,,
seed,full,45.0,1400,0.5200186688452959,16,multimap_v3_1,paper_runs\multimap_v3_1\formal_training\formal_full_seed45_3000ep\training_metrics.jsonl,dc0755baec0d8585c68705de2b221b962250e8a84db4d8e7fd378d8906431dec,,,
seed,full,45.0,1416,0.49837380461394787,16,multimap_v3_1,paper_runs\multimap_v3_1\formal_training\formal_full_seed45_3000ep\training_metrics.jsonl,dc0755baec0d8585c68705de2b221b962250e8a84db4d8e7fd378d8906431dec,,,
seed,full,45.0,1432,0.452747980132699,16,multimap_v3_1,paper_runs\multimap_v3_1\formal_training\formal_full_seed45_3000ep\training_metrics.jsonl,dc0755baec0d8585c68705de2b221b962250e8a84db4d8e7fd378d8906431dec,,,
seed,full,45.0,1448,0.4716430511325598,16,multimap_v3_1,paper_runs\multimap_v3_1\formal_training\formal_full_seed45_3000ep\training_metrics.jsonl,dc0755baec0d8585c68705de2b221b962250e8a84db4d8e7fd378d8906431dec,,,
seed,full,45.0,1464,0.38073571771383286,16,multimap_v3_1,paper_runs\multimap_v3_1\formal_training\formal_full_seed45_3000ep\training_metrics.jsonl,dc0755baec0d8585c68705de2b221b962250e8a84db4d8e7fd378d8906431dec,,,
seed,full,45.0,1480,0.4510655300691724,16,multimap_v3_1,paper_runs\multimap_v3_1\formal_training\formal_full_seed45_3000ep\training_metrics.jsonl,dc0755baec0d8585c68705de2b221b962250e8a84db4d8e7fd378d8906431dec,,,
seed,full,45.0,1496,0.4825144652277231,16,multimap_v3_1,paper_runs\multimap_v3_1\formal_training\formal_full_seed45_3000ep\training_metrics.jsonl,dc0755baec0d8585c68705de2b221b962250e8a84db4d8e7fd378d8906431dec,,,
seed,full,45.0,1500,0.389522697776556,16,multimap_v3_1,paper_runs\multimap_v3_1\formal_training\formal_full_seed45_3000ep\training_metrics.jsonl,dc0755baec0d8585c68705de2b221b962250e8a84db4d8e7fd378d8906431dec,,,
seed,full,45.0,1516,0.4807138741016388,16,multimap_v3_1,paper_runs\multimap_v3_1\formal_training\formal_full_seed45_3000ep\training_metrics.jsonl,dc0755baec0d8585c68705de2b221b962250e8a84db4d8e7fd378d8906431dec,,,
seed,full,45.0,1532,0.4168926663696766,16,multimap_v3_1,paper_runs\multimap_v3_1\formal_training\formal_full_seed45_3000ep\training_metrics.jsonl,dc0755baec0d8585c68705de2b221b962250e8a84db4d8e7fd378d8906431dec,,,
seed,full,45.0,1548,0.4012989532202482,16,multimap_v3_1,paper_runs\multimap_v3_1\formal_training\formal_full_seed45_3000ep\training_metrics.jsonl,dc0755baec0d8585c68705de2b221b962250e8a84db4d8e7fd378d8906431dec,,,
seed,full,45.0,1564,0.4215321969240904,16,multimap_v3_1,paper_runs\multimap_v3_1\formal_training\formal_full_seed45_3000ep\training_metrics.jsonl,dc0755baec0d8585c68705de2b221b962250e8a84db4d8e7fd378d8906431dec,,,
seed,full,45.0,1580,0.42315289098769426,16,multimap_v3_1,paper_runs\multimap_v3_1\formal_training\formal_full_seed45_3000ep\training_metrics.jsonl,dc0755baec0d8585c68705de2b221b962250e8a84db4d8e7fd378d8906431dec,,,
seed,full,45.0,1596,0.39108841586858034,16,multimap_v3_1,paper_runs\multimap_v3_1\formal_training\formal_full_seed45_3000ep\training_metrics.jsonl,dc0755baec0d8585c68705de2b221b962250e8a84db4d8e7fd378d8906431dec,,,
seed,full,45.0,1612,0.5192982330918312,16,multimap_v3_1,paper_runs\multimap_v3_1\formal_training\formal_full_seed45_3000ep\training_metrics.jsonl,dc0755baec0d8585c68705de2b221b962250e8a84db4d8e7fd378d8906431dec,,,
seed,full,45.0,1628,0.5028117122128606,16,multimap_v3_1,paper_runs\multimap_v3_1\formal_training\formal_full_seed45_3000ep\training_metrics.jsonl,dc0755baec0d8585c68705de2b221b962250e8a84db4d8e7fd378d8906431dec,,,
seed,full,45.0,1644,0.4125935733318329,16,multimap_v3_1,paper_runs\multimap_v3_1\formal_training\formal_full_seed45_3000ep\training_metrics.jsonl,dc0755baec0d8585c68705de2b221b962250e8a84db4d8e7fd378d8906431dec,,,
seed,full,45.0,1660,0.447013508528471,16,multimap_v3_1,paper_runs\multimap_v3_1\formal_training\formal_full_seed45_3000ep\training_metrics.jsonl,dc0755baec0d8585c68705de2b221b962250e8a84db4d8e7fd378d8906431dec,,,
seed,full,45.0,1676,0.4570894315838814,16,multimap_v3_1,paper_runs\multimap_v3_1\formal_training\formal_full_seed45_3000ep\training_metrics.jsonl,dc0755baec0d8585c68705de2b221b962250e8a84db4d8e7fd378d8906431dec,,,
seed,full,45.0,1692,0.45753297582268715,16,multimap_v3_1,paper_runs\multimap_v3_1\formal_training\formal_full_seed45_3000ep\training_metrics.jsonl,dc0755baec0d8585c68705de2b221b962250e8a84db4d8e7fd378d8906431dec,,,
seed,full,45.0,1708,0.4196757450699806,16,multimap_v3_1,paper_runs\multimap_v3_1\formal_training\formal_full_seed45_3000ep\training_metrics.jsonl,dc0755baec0d8585c68705de2b221b962250e8a84db4d8e7fd378d8906431dec,,,
seed,full,45.0,1724,0.46500845439732075,16,multimap_v3_1,paper_runs\multimap_v3_1\formal_training\formal_full_seed45_3000ep\training_metrics.jsonl,dc0755baec0d8585c68705de2b221b962250e8a84db4d8e7fd378d8906431dec,,,
seed,full,45.0,1740,0.5109938336536288,16,multimap_v3_1,paper_runs\multimap_v3_1\formal_training\formal_full_seed45_3000ep\training_metrics.jsonl,dc0755baec0d8585c68705de2b221b962250e8a84db4d8e7fd378d8906431dec,,,
seed,full,45.0,1756,0.45143273286521435,16,multimap_v3_1,paper_runs\multimap_v3_1\formal_training\formal_full_seed45_3000ep\training_metrics.jsonl,dc0755baec0d8585c68705de2b221b962250e8a84db4d8e7fd378d8906431dec,,,
seed,full,45.0,1772,0.40104200039058924,16,multimap_v3_1,paper_runs\multimap_v3_1\formal_training\formal_full_seed45_3000ep\training_metrics.jsonl,dc0755baec0d8585c68705de2b221b962250e8a84db4d8e7fd378d8906431dec,,,
seed,full,45.0,1788,0.498173332773149,16,multimap_v3_1,paper_runs\multimap_v3_1\formal_training\formal_full_seed45_3000ep\training_metrics.jsonl,dc0755baec0d8585c68705de2b221b962250e8a84db4d8e7fd378d8906431dec,,,
seed,full,45.0,1804,0.46498339669778943,16,multimap_v3_1,paper_runs\multimap_v3_1\formal_training\formal_full_seed45_3000ep\training_metrics.jsonl,dc0755baec0d8585c68705de2b221b962250e8a84db4d8e7fd378d8906431dec,,,
seed,full,45.0,1820,0.48225861601531506,16,multimap_v3_1,paper_runs\multimap_v3_1\formal_training\formal_full_seed45_3000ep\training_metrics.jsonl,dc0755baec0d8585c68705de2b221b962250e8a84db4d8e7fd378d8906431dec,,,
seed,full,45.0,1836,0.42937874887138605,16,multimap_v3_1,paper_runs\multimap_v3_1\formal_training\formal_full_seed45_3000ep\training_metrics.jsonl,dc0755baec0d8585c68705de2b221b962250e8a84db4d8e7fd378d8906431dec,,,
seed,full,45.0,1852,0.5409446228295565,16,multimap_v3_1,paper_runs\multimap_v3_1\formal_training\formal_full_seed45_3000ep\training_metrics.jsonl,dc0755baec0d8585c68705de2b221b962250e8a84db4d8e7fd378d8906431dec,,,
seed,full,45.0,1868,0.43548948504030704,16,multimap_v3_1,paper_runs\multimap_v3_1\formal_training\formal_full_seed45_3000ep\training_metrics.jsonl,dc0755baec0d8585c68705de2b221b962250e8a84db4d8e7fd378d8906431dec,,,
seed,full,45.0,1884,0.45489481650292873,16,multimap_v3_1,paper_runs\multimap_v3_1\formal_training\formal_full_seed45_3000ep\training_metrics.jsonl,dc0755baec0d8585c68705de2b221b962250e8a84db4d8e7fd378d8906431dec,,,
seed,full,45.0,1900,0.48445043340325356,16,multimap_v3_1,paper_runs\multimap_v3_1\formal_training\formal_full_seed45_3000ep\training_metrics.jsonl,dc0755baec0d8585c68705de2b221b962250e8a84db4d8e7fd378d8906431dec,,,
seed,full,45.0,1916,0.44171770941466093,16,multimap_v3_1,paper_runs\multimap_v3_1\formal_training\formal_full_seed45_3000ep\training_metrics.jsonl,dc0755baec0d8585c68705de2b221b962250e8a84db4d8e7fd378d8906431dec,,,
seed,full,45.0,1932,0.4484818484634161,16,multimap_v3_1,paper_runs\multimap_v3_1\formal_training\formal_full_seed45_3000ep\training_metrics.jsonl,dc0755baec0d8585c68705de2b221b962250e8a84db4d8e7fd378d8906431dec,,,
seed,full,45.0,1948,0.4843890368938446,16,multimap_v3_1,paper_runs\multimap_v3_1\formal_training\formal_full_seed45_3000ep\training_metrics.jsonl,dc0755baec0d8585c68705de2b221b962250e8a84db4d8e7fd378d8906431dec,,,
seed,full,45.0,1964,0.5168563518673182,16,multimap_v3_1,paper_runs\multimap_v3_1\formal_training\formal_full_seed45_3000ep\training_metrics.jsonl,dc0755baec0d8585c68705de2b221b962250e8a84db4d8e7fd378d8906431dec,,,
seed,full,45.0,1980,0.45365628879517317,16,multimap_v3_1,paper_runs\multimap_v3_1\formal_training\formal_full_seed45_3000ep\training_metrics.jsonl,dc0755baec0d8585c68705de2b221b962250e8a84db4d8e7fd378d8906431dec,,,
seed,full,45.0,1996,0.4453203957527876,16,multimap_v3_1,paper_runs\multimap_v3_1\formal_training\formal_full_seed45_3000ep\training_metrics.jsonl,dc0755baec0d8585c68705de2b221b962250e8a84db4d8e7fd378d8906431dec,,,
seed,full,45.0,2000,0.43454231321811676,16,multimap_v3_1,paper_runs\multimap_v3_1\formal_training\formal_full_seed45_3000ep\training_metrics.jsonl,dc0755baec0d8585c68705de2b221b962250e8a84db4d8e7fd378d8906431dec,,,
seed,full,45.0,2016,0.45983301661908627,16,multimap_v3_1,paper_runs\multimap_v3_1\formal_training\formal_full_seed45_3000ep\training_metrics.jsonl,dc0755baec0d8585c68705de2b221b962250e8a84db4d8e7fd378d8906431dec,,,
seed,full,45.0,2032,0.4295189194381237,16,multimap_v3_1,paper_runs\multimap_v3_1\formal_training\formal_full_seed45_3000ep\training_metrics.jsonl,dc0755baec0d8585c68705de2b221b962250e8a84db4d8e7fd378d8906431dec,,,
seed,full,45.0,2048,0.49324506614357233,16,multimap_v3_1,paper_runs\multimap_v3_1\formal_training\formal_full_seed45_3000ep\training_metrics.jsonl,dc0755baec0d8585c68705de2b221b962250e8a84db4d8e7fd378d8906431dec,,,
seed,full,45.0,2064,0.46887556463479996,16,multimap_v3_1,paper_runs\multimap_v3_1\formal_training\formal_full_seed45_3000ep\training_metrics.jsonl,dc0755baec0d8585c68705de2b221b962250e8a84db4d8e7fd378d8906431dec,,,
seed,full,45.0,2080,0.455058510415256,16,multimap_v3_1,paper_runs\multimap_v3_1\formal_training\formal_full_seed45_3000ep\training_metrics.jsonl,dc0755baec0d8585c68705de2b221b962250e8a84db4d8e7fd378d8906431dec,,,
seed,full,45.0,2096,0.4650493711233139,16,multimap_v3_1,paper_runs\multimap_v3_1\formal_training\formal_full_seed45_3000ep\training_metrics.jsonl,dc0755baec0d8585c68705de2b221b962250e8a84db4d8e7fd378d8906431dec,,,
seed,full,45.0,2112,0.44581426680088043,16,multimap_v3_1,paper_runs\multimap_v3_1\formal_training\formal_full_seed45_3000ep\training_metrics.jsonl,dc0755baec0d8585c68705de2b221b962250e8a84db4d8e7fd378d8906431dec,,,
seed,full,45.0,2128,0.46673831529915333,16,multimap_v3_1,paper_runs\multimap_v3_1\formal_training\formal_full_seed45_3000ep\training_metrics.jsonl,dc0755baec0d8585c68705de2b221b962250e8a84db4d8e7fd378d8906431dec,,,
seed,full,45.0,2144,0.5119432788342237,16,multimap_v3_1,paper_runs\multimap_v3_1\formal_training\formal_full_seed45_3000ep\training_metrics.jsonl,dc0755baec0d8585c68705de2b221b962250e8a84db4d8e7fd378d8906431dec,,,
seed,full,45.0,2160,0.4280536100268364,16,multimap_v3_1,paper_runs\multimap_v3_1\formal_training\formal_full_seed45_3000ep\training_metrics.jsonl,dc0755baec0d8585c68705de2b221b962250e8a84db4d8e7fd378d8906431dec,,,
seed,full,45.0,2176,0.5160087244585156,16,multimap_v3_1,paper_runs\multimap_v3_1\formal_training\formal_full_seed45_3000ep\training_metrics.jsonl,dc0755baec0d8585c68705de2b221b962250e8a84db4d8e7fd378d8906431dec,,,
seed,full,45.0,2192,0.4153809966519475,16,multimap_v3_1,paper_runs\multimap_v3_1\formal_training\formal_full_seed45_3000ep\training_metrics.jsonl,dc0755baec0d8585c68705de2b221b962250e8a84db4d8e7fd378d8906431dec,,,
seed,full,45.0,2208,0.49668365716934204,16,multimap_v3_1,paper_runs\multimap_v3_1\formal_training\formal_full_seed45_3000ep\training_metrics.jsonl,dc0755baec0d8585c68705de2b221b962250e8a84db4d8e7fd378d8906431dec,,,
seed,full,45.0,2224,0.5465049762278795,16,multimap_v3_1,paper_runs\multimap_v3_1\formal_training\formal_full_seed45_3000ep\training_metrics.jsonl,dc0755baec0d8585c68705de2b221b962250e8a84db4d8e7fd378d8906431dec,,,
seed,full,45.0,2240,0.3997102240100503,16,multimap_v3_1,paper_runs\multimap_v3_1\formal_training\formal_full_seed45_3000ep\training_metrics.jsonl,dc0755baec0d8585c68705de2b221b962250e8a84db4d8e7fd378d8906431dec,,,
seed,full,45.0,2256,0.4534610230475664,16,multimap_v3_1,paper_runs\multimap_v3_1\formal_training\formal_full_seed45_3000ep\training_metrics.jsonl,dc0755baec0d8585c68705de2b221b962250e8a84db4d8e7fd378d8906431dec,,,
seed,full,45.0,2272,0.43546535912901163,16,multimap_v3_1,paper_runs\multimap_v3_1\formal_training\formal_full_seed45_3000ep\training_metrics.jsonl,dc0755baec0d8585c68705de2b221b962250e8a84db4d8e7fd378d8906431dec,,,
seed,full,45.0,2288,0.4949967488646507,16,multimap_v3_1,paper_runs\multimap_v3_1\formal_training\formal_full_seed45_3000ep\training_metrics.jsonl,dc0755baec0d8585c68705de2b221b962250e8a84db4d8e7fd378d8906431dec,,,
seed,full,45.0,2304,0.4614164726808667,16,multimap_v3_1,paper_runs\multimap_v3_1\formal_training\formal_full_seed45_3000ep\training_metrics.jsonl,dc0755baec0d8585c68705de2b221b962250e8a84db4d8e7fd378d8906431dec,,,
seed,full,45.0,2320,0.43343695625662804,16,multimap_v3_1,paper_runs\multimap_v3_1\formal_training\formal_full_seed45_3000ep\training_metrics.jsonl,dc0755baec0d8585c68705de2b221b962250e8a84db4d8e7fd378d8906431dec,,,
seed,full,45.0,2336,0.42773530911654234,16,multimap_v3_1,paper_runs\multimap_v3_1\formal_training\formal_full_seed45_3000ep\training_metrics.jsonl,dc0755baec0d8585c68705de2b221b962250e8a84db4d8e7fd378d8906431dec,,,
seed,full,45.0,2352,0.39367550797760487,16,multimap_v3_1,paper_runs\multimap_v3_1\formal_training\formal_full_seed45_3000ep\training_metrics.jsonl,dc0755baec0d8585c68705de2b221b962250e8a84db4d8e7fd378d8906431dec,,,
seed,full,45.0,2368,0.5404779389500618,16,multimap_v3_1,paper_runs\multimap_v3_1\formal_training\formal_full_seed45_3000ep\training_metrics.jsonl,dc0755baec0d8585c68705de2b221b962250e8a84db4d8e7fd378d8906431dec,,,
seed,full,45.0,2384,0.4420399283990264,16,multimap_v3_1,paper_runs\multimap_v3_1\formal_training\formal_full_seed45_3000ep\training_metrics.jsonl,dc0755baec0d8585c68705de2b221b962250e8a84db4d8e7fd378d8906431dec,,,
seed,full,45.0,2400,0.402710129506886,16,multimap_v3_1,paper_runs\multimap_v3_1\formal_training\formal_full_seed45_3000ep\training_metrics.jsonl,dc0755baec0d8585c68705de2b221b962250e8a84db4d8e7fd378d8906431dec,,,
seed,full,45.0,2416,0.5504948906600475,16,multimap_v3_1,paper_runs\multimap_v3_1\formal_training\formal_full_seed45_3000ep\training_metrics.jsonl,dc0755baec0d8585c68705de2b221b962250e8a84db4d8e7fd378d8906431dec,,,
seed,full,45.0,2432,0.4902920788154006,16,multimap_v3_1,paper_runs\multimap_v3_1\formal_training\formal_full_seed45_3000ep\training_metrics.jsonl,dc0755baec0d8585c68705de2b221b962250e8a84db4d8e7fd378d8906431dec,,,
seed,full,45.0,2448,0.4410294387489557,16,multimap_v3_1,paper_runs\multimap_v3_1\formal_training\formal_full_seed45_3000ep\training_metrics.jsonl,dc0755baec0d8585c68705de2b221b962250e8a84db4d8e7fd378d8906431dec,,,
seed,full,45.0,2464,0.486092709004879,16,multimap_v3_1,paper_runs\multimap_v3_1\formal_training\formal_full_seed45_3000ep\training_metrics.jsonl,dc0755baec0d8585c68705de2b221b962250e8a84db4d8e7fd378d8906431dec,,,
seed,full,45.0,2480,0.45909188874065876,16,multimap_v3_1,paper_runs\multimap_v3_1\formal_training\formal_full_seed45_3000ep\training_metrics.jsonl,dc0755baec0d8585c68705de2b221b962250e8a84db4d8e7fd378d8906431dec,,,
seed,full,45.0,2496,0.45249872375279665,16,multimap_v3_1,paper_runs\multimap_v3_1\formal_training\formal_full_seed45_3000ep\training_metrics.jsonl,dc0755baec0d8585c68705de2b221b962250e8a84db4d8e7fd378d8906431dec,,,
seed,full,45.0,2500,0.44125667214393616,16,multimap_v3_1,paper_runs\multimap_v3_1\formal_training\formal_full_seed45_3000ep\training_metrics.jsonl,dc0755baec0d8585c68705de2b221b962250e8a84db4d8e7fd378d8906431dec,,,
seed,full,45.0,2516,0.4868182735517621,16,multimap_v3_1,paper_runs\multimap_v3_1\formal_training\formal_full_seed45_3000ep\training_metrics.jsonl,dc0755baec0d8585c68705de2b221b962250e8a84db4d8e7fd378d8906431dec,,,
seed,full,45.0,2532,0.41410155687481165,16,multimap_v3_1,paper_runs\multimap_v3_1\formal_training\formal_full_seed45_3000ep\training_metrics.jsonl,dc0755baec0d8585c68705de2b221b962250e8a84db4d8e7fd378d8906431dec,,,
seed,full,45.0,2548,0.5059583410620689,16,multimap_v3_1,paper_runs\multimap_v3_1\formal_training\formal_full_seed45_3000ep\training_metrics.jsonl,dc0755baec0d8585c68705de2b221b962250e8a84db4d8e7fd378d8906431dec,,,
seed,full,45.0,2564,0.48552738316357136,16,multimap_v3_1,paper_runs\multimap_v3_1\formal_training\formal_full_seed45_3000ep\training_metrics.jsonl,dc0755baec0d8585c68705de2b221b962250e8a84db4d8e7fd378d8906431dec,,,
seed,full,45.0,2580,0.4880627226084471,16,multimap_v3_1,paper_runs\multimap_v3_1\formal_training\formal_full_seed45_3000ep\training_metrics.jsonl,dc0755baec0d8585c68705de2b221b962250e8a84db4d8e7fd378d8906431dec,,,
seed,full,45.0,2596,0.5153146106749773,16,multimap_v3_1,paper_runs\multimap_v3_1\formal_training\formal_full_seed45_3000ep\training_metrics.jsonl,dc0755baec0d8585c68705de2b221b962250e8a84db4d8e7fd378d8906431dec,,,
seed,full,45.0,2612,0.3642189586535096,16,multimap_v3_1,paper_runs\multimap_v3_1\formal_training\formal_full_seed45_3000ep\training_metrics.jsonl,dc0755baec0d8585c68705de2b221b962250e8a84db4d8e7fd378d8906431dec,,,
seed,full,45.0,2628,0.44599760230630636,16,multimap_v3_1,paper_runs\multimap_v3_1\formal_training\formal_full_seed45_3000ep\training_metrics.jsonl,dc0755baec0d8585c68705de2b221b962250e8a84db4d8e7fd378d8906431dec,,,
seed,full,45.0,2644,0.41787116695195436,16,multimap_v3_1,paper_runs\multimap_v3_1\formal_training\formal_full_seed45_3000ep\training_metrics.jsonl,dc0755baec0d8585c68705de2b221b962250e8a84db4d8e7fd378d8906431dec,,,
seed,full,45.0,2660,0.47621482610702515,16,multimap_v3_1,paper_runs\multimap_v3_1\formal_training\formal_full_seed45_3000ep\training_metrics.jsonl,dc0755baec0d8585c68705de2b221b962250e8a84db4d8e7fd378d8906431dec,,,
seed,full,45.0,2676,0.47778251580893993,16,multimap_v3_1,paper_runs\multimap_v3_1\formal_training\formal_full_seed45_3000ep\training_metrics.jsonl,dc0755baec0d8585c68705de2b221b962250e8a84db4d8e7fd378d8906431dec,,,
seed,full,45.0,2692,0.47494551818817854,16,multimap_v3_1,paper_runs\multimap_v3_1\formal_training\formal_full_seed45_3000ep\training_metrics.jsonl,dc0755baec0d8585c68705de2b221b962250e8a84db4d8e7fd378d8906431dec,,,
seed,full,45.0,2708,0.4480094751343131,16,multimap_v3_1,paper_runs\multimap_v3_1\formal_training\formal_full_seed45_3000ep\training_metrics.jsonl,dc0755baec0d8585c68705de2b221b962250e8a84db4d8e7fd378d8906431dec,,,
seed,full,45.0,2724,0.46510519087314606,16,multimap_v3_1,paper_runs\multimap_v3_1\formal_training\formal_full_seed45_3000ep\training_metrics.jsonl,dc0755baec0d8585c68705de2b221b962250e8a84db4d8e7fd378d8906431dec,,,
seed,full,45.0,2740,0.4820719938725233,16,multimap_v3_1,paper_runs\multimap_v3_1\formal_training\formal_full_seed45_3000ep\training_metrics.jsonl,dc0755baec0d8585c68705de2b221b962250e8a84db4d8e7fd378d8906431dec,,,
seed,full,45.0,2756,0.4729649992659688,16,multimap_v3_1,paper_runs\multimap_v3_1\formal_training\formal_full_seed45_3000ep\training_metrics.jsonl,dc0755baec0d8585c68705de2b221b962250e8a84db4d8e7fd378d8906431dec,,,
seed,full,45.0,2772,0.48534368723630905,16,multimap_v3_1,paper_runs\multimap_v3_1\formal_training\formal_full_seed45_3000ep\training_metrics.jsonl,dc0755baec0d8585c68705de2b221b962250e8a84db4d8e7fd378d8906431dec,,,
seed,full,45.0,2788,0.4727529063820839,16,multimap_v3_1,paper_runs\multimap_v3_1\formal_training\formal_full_seed45_3000ep\training_metrics.jsonl,dc0755baec0d8585c68705de2b221b962250e8a84db4d8e7fd378d8906431dec,,,
seed,full,45.0,2804,0.48244214430451393,16,multimap_v3_1,paper_runs\multimap_v3_1\formal_training\formal_full_seed45_3000ep\training_metrics.jsonl,dc0755baec0d8585c68705de2b221b962250e8a84db4d8e7fd378d8906431dec,,,
seed,full,45.0,2820,0.3783917175605893,16,multimap_v3_1,paper_runs\multimap_v3_1\formal_training\formal_full_seed45_3000ep\training_metrics.jsonl,dc0755baec0d8585c68705de2b221b962250e8a84db4d8e7fd378d8906431dec,,,
seed,full,45.0,2836,0.4434707146137953,16,multimap_v3_1,paper_runs\multimap_v3_1\formal_training\formal_full_seed45_3000ep\training_metrics.jsonl,dc0755baec0d8585c68705de2b221b962250e8a84db4d8e7fd378d8906431dec,,,
seed,full,45.0,2852,0.45957519114017487,16,multimap_v3_1,paper_runs\multimap_v3_1\formal_training\formal_full_seed45_3000ep\training_metrics.jsonl,dc0755baec0d8585c68705de2b221b962250e8a84db4d8e7fd378d8906431dec,,,
seed,full,45.0,2868,0.43965474236756563,16,multimap_v3_1,paper_runs\multimap_v3_1\formal_training\formal_full_seed45_3000ep\training_metrics.jsonl,dc0755baec0d8585c68705de2b221b962250e8a84db4d8e7fd378d8906431dec,,,
seed,full,45.0,2884,0.5251781577244401,16,multimap_v3_1,paper_runs\multimap_v3_1\formal_training\formal_full_seed45_3000ep\training_metrics.jsonl,dc0755baec0d8585c68705de2b221b962250e8a84db4d8e7fd378d8906431dec,,,
seed,full,45.0,2900,0.49967022240161896,16,multimap_v3_1,paper_runs\multimap_v3_1\formal_training\formal_full_seed45_3000ep\training_metrics.jsonl,dc0755baec0d8585c68705de2b221b962250e8a84db4d8e7fd378d8906431dec,,,
seed,full,45.0,2916,0.4319129753857851,16,multimap_v3_1,paper_runs\multimap_v3_1\formal_training\formal_full_seed45_3000ep\training_metrics.jsonl,dc0755baec0d8585c68705de2b221b962250e8a84db4d8e7fd378d8906431dec,,,
seed,full,45.0,2932,0.4433401161804795,16,multimap_v3_1,paper_runs\multimap_v3_1\formal_training\formal_full_seed45_3000ep\training_metrics.jsonl,dc0755baec0d8585c68705de2b221b962250e8a84db4d8e7fd378d8906431dec,,,
seed,full,45.0,2948,0.42482753563672304,16,multimap_v3_1,paper_runs\multimap_v3_1\formal_training\formal_full_seed45_3000ep\training_metrics.jsonl,dc0755baec0d8585c68705de2b221b962250e8a84db4d8e7fd378d8906431dec,,,
seed,full,45.0,2964,0.4880751147866249,16,multimap_v3_1,paper_runs\multimap_v3_1\formal_training\formal_full_seed45_3000ep\training_metrics.jsonl,dc0755baec0d8585c68705de2b221b962250e8a84db4d8e7fd378d8906431dec,,,
seed,full,45.0,2980,0.49584320187568665,16,multimap_v3_1,paper_runs\multimap_v3_1\formal_training\formal_full_seed45_3000ep\training_metrics.jsonl,dc0755baec0d8585c68705de2b221b962250e8a84db4d8e7fd378d8906431dec,,,
seed,full,45.0,2996,0.4653272982686758,16,multimap_v3_1,paper_runs\multimap_v3_1\formal_training\formal_full_seed45_3000ep\training_metrics.jsonl,dc0755baec0d8585c68705de2b221b962250e8a84db4d8e7fd378d8906431dec,,,
seed,full,45.0,3000,0.47125473618507385,16,multimap_v3_1,paper_runs\multimap_v3_1\formal_training\formal_full_seed45_3000ep\training_metrics.jsonl,dc0755baec0d8585c68705de2b221b962250e8a84db4d8e7fd378d8906431dec,,,
seed,full,46.0,16,0.23289481399115175,16,multimap_v3_1,paper_runs\multimap_v3_1\formal_training\formal_full_seed46_3000ep\training_metrics.jsonl,74478343a53449ac67b94aac32179abe67a4fe1767550926e216ce91b33636c0,,,
seed,full,46.0,32,0.23071346478536725,16,multimap_v3_1,paper_runs\multimap_v3_1\formal_training\formal_full_seed46_3000ep\training_metrics.jsonl,74478343a53449ac67b94aac32179abe67a4fe1767550926e216ce91b33636c0,,,
seed,full,46.0,48,0.24672591872513294,16,multimap_v3_1,paper_runs\multimap_v3_1\formal_training\formal_full_seed46_3000ep\training_metrics.jsonl,74478343a53449ac67b94aac32179abe67a4fe1767550926e216ce91b33636c0,,,
seed,full,46.0,64,0.3903410481289029,16,multimap_v3_1,paper_runs\multimap_v3_1\formal_training\formal_full_seed46_3000ep\training_metrics.jsonl,74478343a53449ac67b94aac32179abe67a4fe1767550926e216ce91b33636c0,,,
seed,full,46.0,80,0.3007733291015029,16,multimap_v3_1,paper_runs\multimap_v3_1\formal_training\formal_full_seed46_3000ep\training_metrics.jsonl,74478343a53449ac67b94aac32179abe67a4fe1767550926e216ce91b33636c0,,,
seed,full,46.0,96,0.2876528212800622,16,multimap_v3_1,paper_runs\multimap_v3_1\formal_training\formal_full_seed46_3000ep\training_metrics.jsonl,74478343a53449ac67b94aac32179abe67a4fe1767550926e216ce91b33636c0,,,
seed,full,46.0,112,0.3883115481585264,16,multimap_v3_1,paper_runs\multimap_v3_1\formal_training\formal_full_seed46_3000ep\training_metrics.jsonl,74478343a53449ac67b94aac32179abe67a4fe1767550926e216ce91b33636c0,,,
seed,full,46.0,128,0.360462742857635,16,multimap_v3_1,paper_runs\multimap_v3_1\formal_training\formal_full_seed46_3000ep\training_metrics.jsonl,74478343a53449ac67b94aac32179abe67a4fe1767550926e216ce91b33636c0,,,
seed,full,46.0,144,0.3656588150188327,16,multimap_v3_1,paper_runs\multimap_v3_1\formal_training\formal_full_seed46_3000ep\training_metrics.jsonl,74478343a53449ac67b94aac32179abe67a4fe1767550926e216ce91b33636c0,,,
seed,full,46.0,160,0.4023510944098234,16,multimap_v3_1,paper_runs\multimap_v3_1\formal_training\formal_full_seed46_3000ep\training_metrics.jsonl,74478343a53449ac67b94aac32179abe67a4fe1767550926e216ce91b33636c0,,,
seed,full,46.0,176,0.4011057559400797,16,multimap_v3_1,paper_runs\multimap_v3_1\formal_training\formal_full_seed46_3000ep\training_metrics.jsonl,74478343a53449ac67b94aac32179abe67a4fe1767550926e216ce91b33636c0,,,
seed,full,46.0,192,0.4318567607551813,16,multimap_v3_1,paper_runs\multimap_v3_1\formal_training\formal_full_seed46_3000ep\training_metrics.jsonl,74478343a53449ac67b94aac32179abe67a4fe1767550926e216ce91b33636c0,,,
seed,full,46.0,208,0.458661787211895,16,multimap_v3_1,paper_runs\multimap_v3_1\formal_training\formal_full_seed46_3000ep\training_metrics.jsonl,74478343a53449ac67b94aac32179abe67a4fe1767550926e216ce91b33636c0,,,
seed,full,46.0,224,0.4415254220366478,16,multimap_v3_1,paper_runs\multimap_v3_1\formal_training\formal_full_seed46_3000ep\training_metrics.jsonl,74478343a53449ac67b94aac32179abe67a4fe1767550926e216ce91b33636c0,,,
seed,full,46.0,240,0.40485125593841076,16,multimap_v3_1,paper_runs\multimap_v3_1\formal_training\formal_full_seed46_3000ep\training_metrics.jsonl,74478343a53449ac67b94aac32179abe67a4fe1767550926e216ce91b33636c0,,,
seed,full,46.0,250,0.5359201520681381,16,multimap_v3_1,paper_runs\multimap_v3_1\formal_training\formal_full_seed46_3000ep\training_metrics.jsonl,74478343a53449ac67b94aac32179abe67a4fe1767550926e216ce91b33636c0,,,
seed,full,46.0,266,0.4447355084121227,16,multimap_v3_1,paper_runs\multimap_v3_1\formal_training\formal_full_seed46_3000ep\training_metrics.jsonl,74478343a53449ac67b94aac32179abe67a4fe1767550926e216ce91b33636c0,,,
seed,full,46.0,282,0.4074677499011159,16,multimap_v3_1,paper_runs\multimap_v3_1\formal_training\formal_full_seed46_3000ep\training_metrics.jsonl,74478343a53449ac67b94aac32179abe67a4fe1767550926e216ce91b33636c0,,,
seed,full,46.0,298,0.380704365670681,16,multimap_v3_1,paper_runs\multimap_v3_1\formal_training\formal_full_seed46_3000ep\training_metrics.jsonl,74478343a53449ac67b94aac32179abe67a4fe1767550926e216ce91b33636c0,,,
seed,full,46.0,314,0.5012326715514064,16,multimap_v3_1,paper_runs\multimap_v3_1\formal_training\formal_full_seed46_3000ep\training_metrics.jsonl,74478343a53449ac67b94aac32179abe67a4fe1767550926e216ce91b33636c0,,,
seed,full,46.0,330,0.38464983087033033,16,multimap_v3_1,paper_runs\multimap_v3_1\formal_training\formal_full_seed46_3000ep\training_metrics.jsonl,74478343a53449ac67b94aac32179abe67a4fe1767550926e216ce91b33636c0,,,
seed,full,46.0,346,0.47394386399537325,16,multimap_v3_1,paper_runs\multimap_v3_1\formal_training\formal_full_seed46_3000ep\training_metrics.jsonl,74478343a53449ac67b94aac32179abe67a4fe1767550926e216ce91b33636c0,,,
seed,full,46.0,362,0.3883083537220955,16,multimap_v3_1,paper_runs\multimap_v3_1\formal_training\formal_full_seed46_3000ep\training_metrics.jsonl,74478343a53449ac67b94aac32179abe67a4fe1767550926e216ce91b33636c0,,,
seed,full,46.0,378,0.41536311618983746,16,multimap_v3_1,paper_runs\multimap_v3_1\formal_training\formal_full_seed46_3000ep\training_metrics.jsonl,74478343a53449ac67b94aac32179abe67a4fe1767550926e216ce91b33636c0,,,
seed,full,46.0,394,0.400424893014133,16,multimap_v3_1,paper_runs\multimap_v3_1\formal_training\formal_full_seed46_3000ep\training_metrics.jsonl,74478343a53449ac67b94aac32179abe67a4fe1767550926e216ce91b33636c0,,,
seed,full,46.0,410,0.4106639390811324,16,multimap_v3_1,paper_runs\multimap_v3_1\formal_training\formal_full_seed46_3000ep\training_metrics.jsonl,74478343a53449ac67b94aac32179abe67a4fe1767550926e216ce91b33636c0,,,
seed,full,46.0,426,0.40230774972587824,16,multimap_v3_1,paper_runs\multimap_v3_1\formal_training\formal_full_seed46_3000ep\training_metrics.jsonl,74478343a53449ac67b94aac32179abe67a4fe1767550926e216ce91b33636c0,,,
seed,full,46.0,442,0.34786701761186123,16,multimap_v3_1,paper_runs\multimap_v3_1\formal_training\formal_full_seed46_3000ep\training_metrics.jsonl,74478343a53449ac67b94aac32179abe67a4fe1767550926e216ce91b33636c0,,,
seed,full,46.0,458,0.3934941217303276,16,multimap_v3_1,paper_runs\multimap_v3_1\formal_training\formal_full_seed46_3000ep\training_metrics.jsonl,74478343a53449ac67b94aac32179abe67a4fe1767550926e216ce91b33636c0,,,
seed,full,46.0,474,0.3783620921894908,16,multimap_v3_1,paper_runs\multimap_v3_1\formal_training\formal_full_seed46_3000ep\training_metrics.jsonl,74478343a53449ac67b94aac32179abe67a4fe1767550926e216ce91b33636c0,,,
seed,full,46.0,490,0.4259103946387768,16,multimap_v3_1,paper_runs\multimap_v3_1\formal_training\formal_full_seed46_3000ep\training_metrics.jsonl,74478343a53449ac67b94aac32179abe67a4fe1767550926e216ce91b33636c0,,,
seed,full,46.0,500,0.4114096313714981,16,multimap_v3_1,paper_runs\multimap_v3_1\formal_training\formal_full_seed46_3000ep\training_metrics.jsonl,74478343a53449ac67b94aac32179abe67a4fe1767550926e216ce91b33636c0,,,
seed,full,46.0,516,0.4842292610555887,16,multimap_v3_1,paper_runs\multimap_v3_1\formal_training\formal_full_seed46_3000ep\training_metrics.jsonl,74478343a53449ac67b94aac32179abe67a4fe1767550926e216ce91b33636c0,,,
seed,full,46.0,532,0.5132093355059624,16,multimap_v3_1,paper_runs\multimap_v3_1\formal_training\formal_full_seed46_3000ep\training_metrics.jsonl,74478343a53449ac67b94aac32179abe67a4fe1767550926e216ce91b33636c0,,,
seed,full,46.0,548,0.42636618576943874,16,multimap_v3_1,paper_runs\multimap_v3_1\formal_training\formal_full_seed46_3000ep\training_metrics.jsonl,74478343a53449ac67b94aac32179abe67a4fe1767550926e216ce91b33636c0,,,
seed,full,46.0,564,0.4255645340308547,16,multimap_v3_1,paper_runs\multimap_v3_1\formal_training\formal_full_seed46_3000ep\training_metrics.jsonl,74478343a53449ac67b94aac32179abe67a4fe1767550926e216ce91b33636c0,,,
seed,full,46.0,580,0.44516662135720253,16,multimap_v3_1,paper_runs\multimap_v3_1\formal_training\formal_full_seed46_3000ep\training_metrics.jsonl,74478343a53449ac67b94aac32179abe67a4fe1767550926e216ce91b33636c0,,,
seed,full,46.0,596,0.48253716342151165,16,multimap_v3_1,paper_runs\multimap_v3_1\formal_training\formal_full_seed46_3000ep\training_metrics.jsonl,74478343a53449ac67b94aac32179abe67a4fe1767550926e216ce91b33636c0,,,
seed,full,46.0,612,0.46228424925357103,16,multimap_v3_1,paper_runs\multimap_v3_1\formal_training\formal_full_seed46_3000ep\training_metrics.jsonl,74478343a53449ac67b94aac32179abe67a4fe1767550926e216ce91b33636c0,,,
seed,full,46.0,628,0.40873927529901266,16,multimap_v3_1,paper_runs\multimap_v3_1\formal_training\formal_full_seed46_3000ep\training_metrics.jsonl,74478343a53449ac67b94aac32179abe67a4fe1767550926e216ce91b33636c0,,,
seed,full,46.0,644,0.5118009150028229,16,multimap_v3_1,paper_runs\multimap_v3_1\formal_training\formal_full_seed46_3000ep\training_metrics.jsonl,74478343a53449ac67b94aac32179abe67a4fe1767550926e216ce91b33636c0,,,
seed,full,46.0,660,0.4471399765461683,16,multimap_v3_1,paper_runs\multimap_v3_1\formal_training\formal_full_seed46_3000ep\training_metrics.jsonl,74478343a53449ac67b94aac32179abe67a4fe1767550926e216ce91b33636c0,,,
seed,full,46.0,676,0.4355504997074604,16,multimap_v3_1,paper_runs\multimap_v3_1\formal_training\formal_full_seed46_3000ep\training_metrics.jsonl,74478343a53449ac67b94aac32179abe67a4fe1767550926e216ce91b33636c0,,,
seed,full,46.0,692,0.4073940757662058,16,multimap_v3_1,paper_runs\multimap_v3_1\formal_training\formal_full_seed46_3000ep\training_metrics.jsonl,74478343a53449ac67b94aac32179abe67a4fe1767550926e216ce91b33636c0,,,
seed,full,46.0,708,0.3848571730777621,16,multimap_v3_1,paper_runs\multimap_v3_1\formal_training\formal_full_seed46_3000ep\training_metrics.jsonl,74478343a53449ac67b94aac32179abe67a4fe1767550926e216ce91b33636c0,,,
seed,full,46.0,724,0.5232467856258154,16,multimap_v3_1,paper_runs\multimap_v3_1\formal_training\formal_full_seed46_3000ep\training_metrics.jsonl,74478343a53449ac67b94aac32179abe67a4fe1767550926e216ce91b33636c0,,,
seed,full,46.0,740,0.43721424974501133,16,multimap_v3_1,paper_runs\multimap_v3_1\formal_training\formal_full_seed46_3000ep\training_metrics.jsonl,74478343a53449ac67b94aac32179abe67a4fe1767550926e216ce91b33636c0,,,
seed,full,46.0,756,0.4473580187186599,16,multimap_v3_1,paper_runs\multimap_v3_1\formal_training\formal_full_seed46_3000ep\training_metrics.jsonl,74478343a53449ac67b94aac32179abe67a4fe1767550926e216ce91b33636c0,,,
seed,full,46.0,772,0.3850034852512181,16,multimap_v3_1,paper_runs\multimap_v3_1\formal_training\formal_full_seed46_3000ep\training_metrics.jsonl,74478343a53449ac67b94aac32179abe67a4fe1767550926e216ce91b33636c0,,,
seed,full,46.0,788,0.38610147032886744,16,multimap_v3_1,paper_runs\multimap_v3_1\formal_training\formal_full_seed46_3000ep\training_metrics.jsonl,74478343a53449ac67b94aac32179abe67a4fe1767550926e216ce91b33636c0,,,
seed,full,46.0,804,0.3516837861388922,16,multimap_v3_1,paper_runs\multimap_v3_1\formal_training\formal_full_seed46_3000ep\training_metrics.jsonl,74478343a53449ac67b94aac32179abe67a4fe1767550926e216ce91b33636c0,,,
seed,full,46.0,820,0.4062608517706394,16,multimap_v3_1,paper_runs\multimap_v3_1\formal_training\formal_full_seed46_3000ep\training_metrics.jsonl,74478343a53449ac67b94aac32179abe67a4fe1767550926e216ce91b33636c0,,,
seed,full,46.0,836,0.4387241695076227,16,multimap_v3_1,paper_runs\multimap_v3_1\formal_training\formal_full_seed46_3000ep\training_metrics.jsonl,74478343a53449ac67b94aac32179abe67a4fe1767550926e216ce91b33636c0,,,
seed,full,46.0,852,0.4701992403715849,16,multimap_v3_1,paper_runs\multimap_v3_1\formal_training\formal_full_seed46_3000ep\training_metrics.jsonl,74478343a53449ac67b94aac32179abe67a4fe1767550926e216ce91b33636c0,,,
seed,full,46.0,868,0.47410441283136606,16,multimap_v3_1,paper_runs\multimap_v3_1\formal_training\formal_full_seed46_3000ep\training_metrics.jsonl,74478343a53449ac67b94aac32179abe67a4fe1767550926e216ce91b33636c0,,,
seed,full,46.0,884,0.472702007740736,16,multimap_v3_1,paper_runs\multimap_v3_1\formal_training\formal_full_seed46_3000ep\training_metrics.jsonl,74478343a53449ac67b94aac32179abe67a4fe1767550926e216ce91b33636c0,,,
seed,full,46.0,900,0.42664971202611923,16,multimap_v3_1,paper_runs\multimap_v3_1\formal_training\formal_full_seed46_3000ep\training_metrics.jsonl,74478343a53449ac67b94aac32179abe67a4fe1767550926e216ce91b33636c0,,,
seed,full,46.0,916,0.44512578658759594,16,multimap_v3_1,paper_runs\multimap_v3_1\formal_training\formal_full_seed46_3000ep\training_metrics.jsonl,74478343a53449ac67b94aac32179abe67a4fe1767550926e216ce91b33636c0,,,
seed,full,46.0,932,0.39309811871498823,16,multimap_v3_1,paper_runs\multimap_v3_1\formal_training\formal_full_seed46_3000ep\training_metrics.jsonl,74478343a53449ac67b94aac32179abe67a4fe1767550926e216ce91b33636c0,,,
seed,full,46.0,948,0.406171478331089,16,multimap_v3_1,paper_runs\multimap_v3_1\formal_training\formal_full_seed46_3000ep\training_metrics.jsonl,74478343a53449ac67b94aac32179abe67a4fe1767550926e216ce91b33636c0,,,
seed,full,46.0,964,0.4003949137404561,16,multimap_v3_1,paper_runs\multimap_v3_1\formal_training\formal_full_seed46_3000ep\training_metrics.jsonl,74478343a53449ac67b94aac32179abe67a4fe1767550926e216ce91b33636c0,,,
seed,full,46.0,980,0.4464884949848056,16,multimap_v3_1,paper_runs\multimap_v3_1\formal_training\formal_full_seed46_3000ep\training_metrics.jsonl,74478343a53449ac67b94aac32179abe67a4fe1767550926e216ce91b33636c0,,,
seed,full,46.0,996,0.3794831233099103,16,multimap_v3_1,paper_runs\multimap_v3_1\formal_training\formal_full_seed46_3000ep\training_metrics.jsonl,74478343a53449ac67b94aac32179abe67a4fe1767550926e216ce91b33636c0,,,
seed,full,46.0,1000,0.4643753319978714,16,multimap_v3_1,paper_runs\multimap_v3_1\formal_training\formal_full_seed46_3000ep\training_metrics.jsonl,74478343a53449ac67b94aac32179abe67a4fe1767550926e216ce91b33636c0,,,
seed,full,46.0,1016,0.5150350108742714,16,multimap_v3_1,paper_runs\multimap_v3_1\formal_training\formal_full_seed46_3000ep\training_metrics.jsonl,74478343a53449ac67b94aac32179abe67a4fe1767550926e216ce91b33636c0,,,
seed,full,46.0,1032,0.4127009538933635,16,multimap_v3_1,paper_runs\multimap_v3_1\formal_training\formal_full_seed46_3000ep\training_metrics.jsonl,74478343a53449ac67b94aac32179abe67a4fe1767550926e216ce91b33636c0,,,
seed,full,46.0,1048,0.4473528971429914,16,multimap_v3_1,paper_runs\multimap_v3_1\formal_training\formal_full_seed46_3000ep\training_metrics.jsonl,74478343a53449ac67b94aac32179abe67a4fe1767550926e216ce91b33636c0,,,
seed,full,46.0,1064,0.46543371863663197,16,multimap_v3_1,paper_runs\multimap_v3_1\formal_training\formal_full_seed46_3000ep\training_metrics.jsonl,74478343a53449ac67b94aac32179abe67a4fe1767550926e216ce91b33636c0,,,
seed,full,46.0,1080,0.5071115735918283,16,multimap_v3_1,paper_runs\multimap_v3_1\formal_training\formal_full_seed46_3000ep\training_metrics.jsonl,74478343a53449ac67b94aac32179abe67a4fe1767550926e216ce91b33636c0,,,
seed,full,46.0,1096,0.4899522289633751,16,multimap_v3_1,paper_runs\multimap_v3_1\formal_training\formal_full_seed46_3000ep\training_metrics.jsonl,74478343a53449ac67b94aac32179abe67a4fe1767550926e216ce91b33636c0,,,
seed,full,46.0,1112,0.37921926006674767,16,multimap_v3_1,paper_runs\multimap_v3_1\formal_training\formal_full_seed46_3000ep\training_metrics.jsonl,74478343a53449ac67b94aac32179abe67a4fe1767550926e216ce91b33636c0,,,
seed,full,46.0,1128,0.47504631895571947,16,multimap_v3_1,paper_runs\multimap_v3_1\formal_training\formal_full_seed46_3000ep\training_metrics.jsonl,74478343a53449ac67b94aac32179abe67a4fe1767550926e216ce91b33636c0,,,
seed,full,46.0,1144,0.531385462731123,16,multimap_v3_1,paper_runs\multimap_v3_1\formal_training\formal_full_seed46_3000ep\training_metrics.jsonl,74478343a53449ac67b94aac32179abe67a4fe1767550926e216ce91b33636c0,,,
seed,full,46.0,1160,0.4731535976752639,16,multimap_v3_1,paper_runs\multimap_v3_1\formal_training\formal_full_seed46_3000ep\training_metrics.jsonl,74478343a53449ac67b94aac32179abe67a4fe1767550926e216ce91b33636c0,,,
seed,full,46.0,1176,0.45877339132130146,16,multimap_v3_1,paper_runs\multimap_v3_1\formal_training\formal_full_seed46_3000ep\training_metrics.jsonl,74478343a53449ac67b94aac32179abe67a4fe1767550926e216ce91b33636c0,,,
seed,full,46.0,1192,0.48816027492284775,16,multimap_v3_1,paper_runs\multimap_v3_1\formal_training\formal_full_seed46_3000ep\training_metrics.jsonl,74478343a53449ac67b94aac32179abe67a4fe1767550926e216ce91b33636c0,,,
seed,full,46.0,1208,0.47325946018099785,16,multimap_v3_1,paper_runs\multimap_v3_1\formal_training\formal_full_seed46_3000ep\training_metrics.jsonl,74478343a53449ac67b94aac32179abe67a4fe1767550926e216ce91b33636c0,,,
seed,full,46.0,1224,0.4624291779473424,16,multimap_v3_1,paper_runs\multimap_v3_1\formal_training\formal_full_seed46_3000ep\training_metrics.jsonl,74478343a53449ac67b94aac32179abe67a4fe1767550926e216ce91b33636c0,,,
seed,full,46.0,1240,0.5191111359745264,16,multimap_v3_1,paper_runs\multimap_v3_1\formal_training\formal_full_seed46_3000ep\training_metrics.jsonl,74478343a53449ac67b94aac32179abe67a4fe1767550926e216ce91b33636c0,,,
seed,full,46.0,1256,0.4838986909016967,16,multimap_v3_1,paper_runs\multimap_v3_1\formal_training\formal_full_seed46_3000ep\training_metrics.jsonl,74478343a53449ac67b94aac32179abe67a4fe1767550926e216ce91b33636c0,,,
seed,full,46.0,1272,0.4497317895293236,16,multimap_v3_1,paper_runs\multimap_v3_1\formal_training\formal_full_seed46_3000ep\training_metrics.jsonl,74478343a53449ac67b94aac32179abe67a4fe1767550926e216ce91b33636c0,,,
seed,full,46.0,1288,0.45896781608462334,16,multimap_v3_1,paper_runs\multimap_v3_1\formal_training\formal_full_seed46_3000ep\training_metrics.jsonl,74478343a53449ac67b94aac32179abe67a4fe1767550926e216ce91b33636c0,,,
seed,full,46.0,1304,0.4590473370626569,16,multimap_v3_1,paper_runs\multimap_v3_1\formal_training\formal_full_seed46_3000ep\training_metrics.jsonl,74478343a53449ac67b94aac32179abe67a4fe1767550926e216ce91b33636c0,,,
seed,full,46.0,1320,0.3860050451476127,16,multimap_v3_1,paper_runs\multimap_v3_1\formal_training\formal_full_seed46_3000ep\training_metrics.jsonl,74478343a53449ac67b94aac32179abe67a4fe1767550926e216ce91b33636c0,,,
seed,full,46.0,1336,0.45875569619238377,16,multimap_v3_1,paper_runs\multimap_v3_1\formal_training\formal_full_seed46_3000ep\training_metrics.jsonl,74478343a53449ac67b94aac32179abe67a4fe1767550926e216ce91b33636c0,,,
seed,full,46.0,1352,0.4030360784381628,16,multimap_v3_1,paper_runs\multimap_v3_1\formal_training\formal_full_seed46_3000ep\training_metrics.jsonl,74478343a53449ac67b94aac32179abe67a4fe1767550926e216ce91b33636c0,,,
seed,full,46.0,1368,0.5198930604383349,16,multimap_v3_1,paper_runs\multimap_v3_1\formal_training\formal_full_seed46_3000ep\training_metrics.jsonl,74478343a53449ac67b94aac32179abe67a4fe1767550926e216ce91b33636c0,,,
seed,full,46.0,1384,0.4608891597017646,16,multimap_v3_1,paper_runs\multimap_v3_1\formal_training\formal_full_seed46_3000ep\training_metrics.jsonl,74478343a53449ac67b94aac32179abe67a4fe1767550926e216ce91b33636c0,,,
seed,full,46.0,1400,0.4842110201716423,16,multimap_v3_1,paper_runs\multimap_v3_1\formal_training\formal_full_seed46_3000ep\training_metrics.jsonl,74478343a53449ac67b94aac32179abe67a4fe1767550926e216ce91b33636c0,,,
seed,full,46.0,1416,0.44709386955946684,16,multimap_v3_1,paper_runs\multimap_v3_1\formal_training\formal_full_seed46_3000ep\training_metrics.jsonl,74478343a53449ac67b94aac32179abe67a4fe1767550926e216ce91b33636c0,,,
seed,full,46.0,1432,0.44527373369783163,16,multimap_v3_1,paper_runs\multimap_v3_1\formal_training\formal_full_seed46_3000ep\training_metrics.jsonl,74478343a53449ac67b94aac32179abe67a4fe1767550926e216ce91b33636c0,,,
seed,full,46.0,1448,0.5042607486248016,16,multimap_v3_1,paper_runs\multimap_v3_1\formal_training\formal_full_seed46_3000ep\training_metrics.jsonl,74478343a53449ac67b94aac32179abe67a4fe1767550926e216ce91b33636c0,,,
seed,full,46.0,1464,0.45344560500234365,16,multimap_v3_1,paper_runs\multimap_v3_1\formal_training\formal_full_seed46_3000ep\training_metrics.jsonl,74478343a53449ac67b94aac32179abe67a4fe1767550926e216ce91b33636c0,,,
seed,full,46.0,1480,0.5393936345353723,16,multimap_v3_1,paper_runs\multimap_v3_1\formal_training\formal_full_seed46_3000ep\training_metrics.jsonl,74478343a53449ac67b94aac32179abe67a4fe1767550926e216ce91b33636c0,,,
seed,full,46.0,1496,0.4510186817497015,16,multimap_v3_1,paper_runs\multimap_v3_1\formal_training\formal_full_seed46_3000ep\training_metrics.jsonl,74478343a53449ac67b94aac32179abe67a4fe1767550926e216ce91b33636c0,,,
seed,full,46.0,1500,0.4914744645357132,16,multimap_v3_1,paper_runs\multimap_v3_1\formal_training\formal_full_seed46_3000ep\training_metrics.jsonl,74478343a53449ac67b94aac32179abe67a4fe1767550926e216ce91b33636c0,,,
seed,full,46.0,1516,0.46453338116407394,16,multimap_v3_1,paper_runs\multimap_v3_1\formal_training\formal_full_seed46_3000ep\training_metrics.jsonl,74478343a53449ac67b94aac32179abe67a4fe1767550926e216ce91b33636c0,,,
seed,full,46.0,1532,0.45580992102622986,16,multimap_v3_1,paper_runs\multimap_v3_1\formal_training\formal_full_seed46_3000ep\training_metrics.jsonl,74478343a53449ac67b94aac32179abe67a4fe1767550926e216ce91b33636c0,,,
seed,full,46.0,1548,0.4406148111447692,16,multimap_v3_1,paper_runs\multimap_v3_1\formal_training\formal_full_seed46_3000ep\training_metrics.jsonl,74478343a53449ac67b94aac32179abe67a4fe1767550926e216ce91b33636c0,,,
seed,full,46.0,1564,0.474613931030035,16,multimap_v3_1,paper_runs\multimap_v3_1\formal_training\formal_full_seed46_3000ep\training_metrics.jsonl,74478343a53449ac67b94aac32179abe67a4fe1767550926e216ce91b33636c0,,,
seed,full,46.0,1580,0.47921394743025303,16,multimap_v3_1,paper_runs\multimap_v3_1\formal_training\formal_full_seed46_3000ep\training_metrics.jsonl,74478343a53449ac67b94aac32179abe67a4fe1767550926e216ce91b33636c0,,,
seed,full,46.0,1596,0.455904733389616,16,multimap_v3_1,paper_runs\multimap_v3_1\formal_training\formal_full_seed46_3000ep\training_metrics.jsonl,74478343a53449ac67b94aac32179abe67a4fe1767550926e216ce91b33636c0,,,
seed,full,46.0,1612,0.523466881364584,16,multimap_v3_1,paper_runs\multimap_v3_1\formal_training\formal_full_seed46_3000ep\training_metrics.jsonl,74478343a53449ac67b94aac32179abe67a4fe1767550926e216ce91b33636c0,,,
seed,full,46.0,1628,0.47904127836227417,16,multimap_v3_1,paper_runs\multimap_v3_1\formal_training\formal_full_seed46_3000ep\training_metrics.jsonl,74478343a53449ac67b94aac32179abe67a4fe1767550926e216ce91b33636c0,,,
seed,full,46.0,1644,0.41030075307935476,16,multimap_v3_1,paper_runs\multimap_v3_1\formal_training\formal_full_seed46_3000ep\training_metrics.jsonl,74478343a53449ac67b94aac32179abe67a4fe1767550926e216ce91b33636c0,,,
seed,full,46.0,1660,0.48971091862767935,16,multimap_v3_1,paper_runs\multimap_v3_1\formal_training\formal_full_seed46_3000ep\training_metrics.jsonl,74478343a53449ac67b94aac32179abe67a4fe1767550926e216ce91b33636c0,,,
seed,full,46.0,1676,0.44197250343859196,16,multimap_v3_1,paper_runs\multimap_v3_1\formal_training\formal_full_seed46_3000ep\training_metrics.jsonl,74478343a53449ac67b94aac32179abe67a4fe1767550926e216ce91b33636c0,,,
seed,full,46.0,1692,0.4663874190300703,16,multimap_v3_1,paper_runs\multimap_v3_1\formal_training\formal_full_seed46_3000ep\training_metrics.jsonl,74478343a53449ac67b94aac32179abe67a4fe1767550926e216ce91b33636c0,,,
seed,full,46.0,1708,0.45470127929002047,16,multimap_v3_1,paper_runs\multimap_v3_1\formal_training\formal_full_seed46_3000ep\training_metrics.jsonl,74478343a53449ac67b94aac32179abe67a4fe1767550926e216ce91b33636c0,,,
seed,full,46.0,1724,0.5025882925838232,16,multimap_v3_1,paper_runs\multimap_v3_1\formal_training\formal_full_seed46_3000ep\training_metrics.jsonl,74478343a53449ac67b94aac32179abe67a4fe1767550926e216ce91b33636c0,,,
seed,full,46.0,1740,0.49710001423954964,16,multimap_v3_1,paper_runs\multimap_v3_1\formal_training\formal_full_seed46_3000ep\training_metrics.jsonl,74478343a53449ac67b94aac32179abe67a4fe1767550926e216ce91b33636c0,,,
seed,full,46.0,1756,0.47462764009833336,16,multimap_v3_1,paper_runs\multimap_v3_1\formal_training\formal_full_seed46_3000ep\training_metrics.jsonl,74478343a53449ac67b94aac32179abe67a4fe1767550926e216ce91b33636c0,,,
seed,full,46.0,1772,0.4340222114697099,16,multimap_v3_1,paper_runs\multimap_v3_1\formal_training\formal_full_seed46_3000ep\training_metrics.jsonl,74478343a53449ac67b94aac32179abe67a4fe1767550926e216ce91b33636c0,,,
seed,full,46.0,1788,0.44322832580655813,16,multimap_v3_1,paper_runs\multimap_v3_1\formal_training\formal_full_seed46_3000ep\training_metrics.jsonl,74478343a53449ac67b94aac32179abe67a4fe1767550926e216ce91b33636c0,,,
seed,full,46.0,1804,0.5170192094519734,16,multimap_v3_1,paper_runs\multimap_v3_1\formal_training\formal_full_seed46_3000ep\training_metrics.jsonl,74478343a53449ac67b94aac32179abe67a4fe1767550926e216ce91b33636c0,,,
seed,full,46.0,1820,0.4384349826723337,16,multimap_v3_1,paper_runs\multimap_v3_1\formal_training\formal_full_seed46_3000ep\training_metrics.jsonl,74478343a53449ac67b94aac32179abe67a4fe1767550926e216ce91b33636c0,,,
seed,full,46.0,1836,0.38363316375762224,16,multimap_v3_1,paper_runs\multimap_v3_1\formal_training\formal_full_seed46_3000ep\training_metrics.jsonl,74478343a53449ac67b94aac32179abe67a4fe1767550926e216ce91b33636c0,,,
seed,full,46.0,1852,0.3869763379916549,16,multimap_v3_1,paper_runs\multimap_v3_1\formal_training\formal_full_seed46_3000ep\training_metrics.jsonl,74478343a53449ac67b94aac32179abe67a4fe1767550926e216ce91b33636c0,,,
seed,full,46.0,1868,0.5401071030646563,16,multimap_v3_1,paper_runs\multimap_v3_1\formal_training\formal_full_seed46_3000ep\training_metrics.jsonl,74478343a53449ac67b94aac32179abe67a4fe1767550926e216ce91b33636c0,,,
seed,full,46.0,1884,0.4243792500346899,16,multimap_v3_1,paper_runs\multimap_v3_1\formal_training\formal_full_seed46_3000ep\training_metrics.jsonl,74478343a53449ac67b94aac32179abe67a4fe1767550926e216ce91b33636c0,,,
seed,full,46.0,1900,0.5176008492708206,16,multimap_v3_1,paper_runs\multimap_v3_1\formal_training\formal_full_seed46_3000ep\training_metrics.jsonl,74478343a53449ac67b94aac32179abe67a4fe1767550926e216ce91b33636c0,,,
seed,full,46.0,1916,0.4791883993893862,16,multimap_v3_1,paper_runs\multimap_v3_1\formal_training\formal_full_seed46_3000ep\training_metrics.jsonl,74478343a53449ac67b94aac32179abe67a4fe1767550926e216ce91b33636c0,,,
seed,full,46.0,1932,0.3810154916718602,16,multimap_v3_1,paper_runs\multimap_v3_1\formal_training\formal_full_seed46_3000ep\training_metrics.jsonl,74478343a53449ac67b94aac32179abe67a4fe1767550926e216ce91b33636c0,,,
seed,full,46.0,1948,0.5019389092922211,16,multimap_v3_1,paper_runs\multimap_v3_1\formal_training\formal_full_seed46_3000ep\training_metrics.jsonl,74478343a53449ac67b94aac32179abe67a4fe1767550926e216ce91b33636c0,,,
seed,full,46.0,1964,0.4525132840499282,16,multimap_v3_1,paper_runs\multimap_v3_1\formal_training\formal_full_seed46_3000ep\training_metrics.jsonl,74478343a53449ac67b94aac32179abe67a4fe1767550926e216ce91b33636c0,,,
seed,full,46.0,1980,0.4331421535462141,16,multimap_v3_1,paper_runs\multimap_v3_1\formal_training\formal_full_seed46_3000ep\training_metrics.jsonl,74478343a53449ac67b94aac32179abe67a4fe1767550926e216ce91b33636c0,,,
seed,full,46.0,1996,0.42147810757160187,16,multimap_v3_1,paper_runs\multimap_v3_1\formal_training\formal_full_seed46_3000ep\training_metrics.jsonl,74478343a53449ac67b94aac32179abe67a4fe1767550926e216ce91b33636c0,,,
seed,full,46.0,2000,0.5839408338069916,16,multimap_v3_1,paper_runs\multimap_v3_1\formal_training\formal_full_seed46_3000ep\training_metrics.jsonl,74478343a53449ac67b94aac32179abe67a4fe1767550926e216ce91b33636c0,,,
seed,full,46.0,2016,0.44362052343785763,16,multimap_v3_1,paper_runs\multimap_v3_1\formal_training\formal_full_seed46_3000ep\training_metrics.jsonl,74478343a53449ac67b94aac32179abe67a4fe1767550926e216ce91b33636c0,,,
seed,full,46.0,2032,0.5442566704005003,16,multimap_v3_1,paper_runs\multimap_v3_1\formal_training\formal_full_seed46_3000ep\training_metrics.jsonl,74478343a53449ac67b94aac32179abe67a4fe1767550926e216ce91b33636c0,,,
seed,full,46.0,2048,0.4432363398373127,16,multimap_v3_1,paper_runs\multimap_v3_1\formal_training\formal_full_seed46_3000ep\training_metrics.jsonl,74478343a53449ac67b94aac32179abe67a4fe1767550926e216ce91b33636c0,,,
seed,full,46.0,2064,0.47134205885231495,16,multimap_v3_1,paper_runs\multimap_v3_1\formal_training\formal_full_seed46_3000ep\training_metrics.jsonl,74478343a53449ac67b94aac32179abe67a4fe1767550926e216ce91b33636c0,,,
seed,full,46.0,2080,0.5236060153692961,16,multimap_v3_1,paper_runs\multimap_v3_1\formal_training\formal_full_seed46_3000ep\training_metrics.jsonl,74478343a53449ac67b94aac32179abe67a4fe1767550926e216ce91b33636c0,,,
seed,full,46.0,2096,0.4636652823537588,16,multimap_v3_1,paper_runs\multimap_v3_1\formal_training\formal_full_seed46_3000ep\training_metrics.jsonl,74478343a53449ac67b94aac32179abe67a4fe1767550926e216ce91b33636c0,,,
seed,full,46.0,2112,0.4712905026972294,16,multimap_v3_1,paper_runs\multimap_v3_1\formal_training\formal_full_seed46_3000ep\training_metrics.jsonl,74478343a53449ac67b94aac32179abe67a4fe1767550926e216ce91b33636c0,,,
seed,full,46.0,2128,0.49579704087227583,16,multimap_v3_1,paper_runs\multimap_v3_1\formal_training\formal_full_seed46_3000ep\training_metrics.jsonl,74478343a53449ac67b94aac32179abe67a4fe1767550926e216ce91b33636c0,,,
seed,full,46.0,2144,0.42923126742243767,16,multimap_v3_1,paper_runs\multimap_v3_1\formal_training\formal_full_seed46_3000ep\training_metrics.jsonl,74478343a53449ac67b94aac32179abe67a4fe1767550926e216ce91b33636c0,,,
seed,full,46.0,2160,0.42812793515622616,16,multimap_v3_1,paper_runs\multimap_v3_1\formal_training\formal_full_seed46_3000ep\training_metrics.jsonl,74478343a53449ac67b94aac32179abe67a4fe1767550926e216ce91b33636c0,,,
seed,full,46.0,2176,0.4315665429458022,16,multimap_v3_1,paper_runs\multimap_v3_1\formal_training\formal_full_seed46_3000ep\training_metrics.jsonl,74478343a53449ac67b94aac32179abe67a4fe1767550926e216ce91b33636c0,,,
seed,full,46.0,2192,0.45423179771751165,16,multimap_v3_1,paper_runs\multimap_v3_1\formal_training\formal_full_seed46_3000ep\training_metrics.jsonl,74478343a53449ac67b94aac32179abe67a4fe1767550926e216ce91b33636c0,,,
seed,full,46.0,2208,0.39379415404982865,16,multimap_v3_1,paper_runs\multimap_v3_1\formal_training\formal_full_seed46_3000ep\training_metrics.jsonl,74478343a53449ac67b94aac32179abe67a4fe1767550926e216ce91b33636c0,,,
seed,full,46.0,2224,0.4448552280664444,16,multimap_v3_1,paper_runs\multimap_v3_1\formal_training\formal_full_seed46_3000ep\training_metrics.jsonl,74478343a53449ac67b94aac32179abe67a4fe1767550926e216ce91b33636c0,,,
seed,full,46.0,2240,0.530635017901659,16,multimap_v3_1,paper_runs\multimap_v3_1\formal_training\formal_full_seed46_3000ep\training_metrics.jsonl,74478343a53449ac67b94aac32179abe67a4fe1767550926e216ce91b33636c0,,,
seed,full,46.0,2256,0.4790022140368819,16,multimap_v3_1,paper_runs\multimap_v3_1\formal_training\formal_full_seed46_3000ep\training_metrics.jsonl,74478343a53449ac67b94aac32179abe67a4fe1767550926e216ce91b33636c0,,,
seed,full,46.0,2272,0.48258945997804403,16,multimap_v3_1,paper_runs\multimap_v3_1\formal_training\formal_full_seed46_3000ep\training_metrics.jsonl,74478343a53449ac67b94aac32179abe67a4fe1767550926e216ce91b33636c0,,,
seed,full,46.0,2288,0.48712562769651413,16,multimap_v3_1,paper_runs\multimap_v3_1\formal_training\formal_full_seed46_3000ep\training_metrics.jsonl,74478343a53449ac67b94aac32179abe67a4fe1767550926e216ce91b33636c0,,,
seed,full,46.0,2304,0.44732172787189484,16,multimap_v3_1,paper_runs\multimap_v3_1\formal_training\formal_full_seed46_3000ep\training_metrics.jsonl,74478343a53449ac67b94aac32179abe67a4fe1767550926e216ce91b33636c0,,,
seed,full,46.0,2320,0.531275050714612,16,multimap_v3_1,paper_runs\multimap_v3_1\formal_training\formal_full_seed46_3000ep\training_metrics.jsonl,74478343a53449ac67b94aac32179abe67a4fe1767550926e216ce91b33636c0,,,
seed,full,46.0,2336,0.5233596079051495,16,multimap_v3_1,paper_runs\multimap_v3_1\formal_training\formal_full_seed46_3000ep\training_metrics.jsonl,74478343a53449ac67b94aac32179abe67a4fe1767550926e216ce91b33636c0,,,
seed,full,46.0,2352,0.4547712504863739,16,multimap_v3_1,paper_runs\multimap_v3_1\formal_training\formal_full_seed46_3000ep\training_metrics.jsonl,74478343a53449ac67b94aac32179abe67a4fe1767550926e216ce91b33636c0,,,
seed,full,46.0,2368,0.5114840758033097,16,multimap_v3_1,paper_runs\multimap_v3_1\formal_training\formal_full_seed46_3000ep\training_metrics.jsonl,74478343a53449ac67b94aac32179abe67a4fe1767550926e216ce91b33636c0,,,
seed,full,46.0,2384,0.43887735437601805,16,multimap_v3_1,paper_runs\multimap_v3_1\formal_training\formal_full_seed46_3000ep\training_metrics.jsonl,74478343a53449ac67b94aac32179abe67a4fe1767550926e216ce91b33636c0,,,
seed,full,46.0,2400,0.43817218858748674,16,multimap_v3_1,paper_runs\multimap_v3_1\formal_training\formal_full_seed46_3000ep\training_metrics.jsonl,74478343a53449ac67b94aac32179abe67a4fe1767550926e216ce91b33636c0,,,
seed,full,46.0,2416,0.48435049736872315,16,multimap_v3_1,paper_runs\multimap_v3_1\formal_training\formal_full_seed46_3000ep\training_metrics.jsonl,74478343a53449ac67b94aac32179abe67a4fe1767550926e216ce91b33636c0,,,
seed,full,46.0,2432,0.4403347773477435,16,multimap_v3_1,paper_runs\multimap_v3_1\formal_training\formal_full_seed46_3000ep\training_metrics.jsonl,74478343a53449ac67b94aac32179abe67a4fe1767550926e216ce91b33636c0,,,
seed,full,46.0,2448,0.3923523863777518,16,multimap_v3_1,paper_runs\multimap_v3_1\formal_training\formal_full_seed46_3000ep\training_metrics.jsonl,74478343a53449ac67b94aac32179abe67a4fe1767550926e216ce91b33636c0,,,
seed,full,46.0,2464,0.44518252718262374,16,multimap_v3_1,paper_runs\multimap_v3_1\formal_training\formal_full_seed46_3000ep\training_metrics.jsonl,74478343a53449ac67b94aac32179abe67a4fe1767550926e216ce91b33636c0,,,
seed,full,46.0,2480,0.3853720733895898,16,multimap_v3_1,paper_runs\multimap_v3_1\formal_training\formal_full_seed46_3000ep\training_metrics.jsonl,74478343a53449ac67b94aac32179abe67a4fe1767550926e216ce91b33636c0,,,
seed,full,46.0,2496,0.44201367255300283,16,multimap_v3_1,paper_runs\multimap_v3_1\formal_training\formal_full_seed46_3000ep\training_metrics.jsonl,74478343a53449ac67b94aac32179abe67a4fe1767550926e216ce91b33636c0,,,
seed,full,46.0,2500,0.4960017018020153,16,multimap_v3_1,paper_runs\multimap_v3_1\formal_training\formal_full_seed46_3000ep\training_metrics.jsonl,74478343a53449ac67b94aac32179abe67a4fe1767550926e216ce91b33636c0,,,
seed,full,46.0,2516,0.4183395318686962,16,multimap_v3_1,paper_runs\multimap_v3_1\formal_training\formal_full_seed46_3000ep\training_metrics.jsonl,74478343a53449ac67b94aac32179abe67a4fe1767550926e216ce91b33636c0,,,
seed,full,46.0,2532,0.4305005604401231,16,multimap_v3_1,paper_runs\multimap_v3_1\formal_training\formal_full_seed46_3000ep\training_metrics.jsonl,74478343a53449ac67b94aac32179abe67a4fe1767550926e216ce91b33636c0,,,
seed,full,46.0,2548,0.42182536609470844,16,multimap_v3_1,paper_runs\multimap_v3_1\formal_training\formal_full_seed46_3000ep\training_metrics.jsonl,74478343a53449ac67b94aac32179abe67a4fe1767550926e216ce91b33636c0,,,
seed,full,46.0,2564,0.5167885832488537,16,multimap_v3_1,paper_runs\multimap_v3_1\formal_training\formal_full_seed46_3000ep\training_metrics.jsonl,74478343a53449ac67b94aac32179abe67a4fe1767550926e216ce91b33636c0,,,
seed,full,46.0,2580,0.41052768006920815,16,multimap_v3_1,paper_runs\multimap_v3_1\formal_training\formal_full_seed46_3000ep\training_metrics.jsonl,74478343a53449ac67b94aac32179abe67a4fe1767550926e216ce91b33636c0,,,
seed,full,46.0,2596,0.4980736745055765,16,multimap_v3_1,paper_runs\multimap_v3_1\formal_training\formal_full_seed46_3000ep\training_metrics.jsonl,74478343a53449ac67b94aac32179abe67a4fe1767550926e216ce91b33636c0,,,
seed,full,46.0,2612,0.48517171293497086,16,multimap_v3_1,paper_runs\multimap_v3_1\formal_training\formal_full_seed46_3000ep\training_metrics.jsonl,74478343a53449ac67b94aac32179abe67a4fe1767550926e216ce91b33636c0,,,
seed,full,46.0,2628,0.484061349183321,16,multimap_v3_1,paper_runs\multimap_v3_1\formal_training\formal_full_seed46_3000ep\training_metrics.jsonl,74478343a53449ac67b94aac32179abe67a4fe1767550926e216ce91b33636c0,,,
seed,full,46.0,2644,0.47068176977336407,16,multimap_v3_1,paper_runs\multimap_v3_1\formal_training\formal_full_seed46_3000ep\training_metrics.jsonl,74478343a53449ac67b94aac32179abe67a4fe1767550926e216ce91b33636c0,,,
seed,full,46.0,2660,0.49469917826354504,16,multimap_v3_1,paper_runs\multimap_v3_1\formal_training\formal_full_seed46_3000ep\training_metrics.jsonl,74478343a53449ac67b94aac32179abe67a4fe1767550926e216ce91b33636c0,,,
seed,full,46.0,2676,0.47528017684817314,16,multimap_v3_1,paper_runs\multimap_v3_1\formal_training\formal_full_seed46_3000ep\training_metrics.jsonl,74478343a53449ac67b94aac32179abe67a4fe1767550926e216ce91b33636c0,,,
seed,full,46.0,2692,0.4900831962004304,16,multimap_v3_1,paper_runs\multimap_v3_1\formal_training\formal_full_seed46_3000ep\training_metrics.jsonl,74478343a53449ac67b94aac32179abe67a4fe1767550926e216ce91b33636c0,,,
seed,full,46.0,2708,0.4185781944543123,16,multimap_v3_1,paper_runs\multimap_v3_1\formal_training\formal_full_seed46_3000ep\training_metrics.jsonl,74478343a53449ac67b94aac32179abe67a4fe1767550926e216ce91b33636c0,,,
seed,full,46.0,2724,0.43045519199222326,16,multimap_v3_1,paper_runs\multimap_v3_1\formal_training\formal_full_seed46_3000ep\training_metrics.jsonl,74478343a53449ac67b94aac32179abe67a4fe1767550926e216ce91b33636c0,,,
seed,full,46.0,2740,0.529212886467576,16,multimap_v3_1,paper_runs\multimap_v3_1\formal_training\formal_full_seed46_3000ep\training_metrics.jsonl,74478343a53449ac67b94aac32179abe67a4fe1767550926e216ce91b33636c0,,,
seed,full,46.0,2756,0.4559864578768611,16,multimap_v3_1,paper_runs\multimap_v3_1\formal_training\formal_full_seed46_3000ep\training_metrics.jsonl,74478343a53449ac67b94aac32179abe67a4fe1767550926e216ce91b33636c0,,,
seed,full,46.0,2772,0.4279840672388673,16,multimap_v3_1,paper_runs\multimap_v3_1\formal_training\formal_full_seed46_3000ep\training_metrics.jsonl,74478343a53449ac67b94aac32179abe67a4fe1767550926e216ce91b33636c0,,,
seed,full,46.0,2788,0.5190903469920158,16,multimap_v3_1,paper_runs\multimap_v3_1\formal_training\formal_full_seed46_3000ep\training_metrics.jsonl,74478343a53449ac67b94aac32179abe67a4fe1767550926e216ce91b33636c0,,,
seed,full,46.0,2804,0.44367031194269657,16,multimap_v3_1,paper_runs\multimap_v3_1\formal_training\formal_full_seed46_3000ep\training_metrics.jsonl,74478343a53449ac67b94aac32179abe67a4fe1767550926e216ce91b33636c0,,,
seed,full,46.0,2820,0.4217364904470742,16,multimap_v3_1,paper_runs\multimap_v3_1\formal_training\formal_full_seed46_3000ep\training_metrics.jsonl,74478343a53449ac67b94aac32179abe67a4fe1767550926e216ce91b33636c0,,,
seed,full,46.0,2836,0.5013367496430874,16,multimap_v3_1,paper_runs\multimap_v3_1\formal_training\formal_full_seed46_3000ep\training_metrics.jsonl,74478343a53449ac67b94aac32179abe67a4fe1767550926e216ce91b33636c0,,,
seed,full,46.0,2852,0.5139598231762648,16,multimap_v3_1,paper_runs\multimap_v3_1\formal_training\formal_full_seed46_3000ep\training_metrics.jsonl,74478343a53449ac67b94aac32179abe67a4fe1767550926e216ce91b33636c0,,,
seed,full,46.0,2868,0.48169070295989513,16,multimap_v3_1,paper_runs\multimap_v3_1\formal_training\formal_full_seed46_3000ep\training_metrics.jsonl,74478343a53449ac67b94aac32179abe67a4fe1767550926e216ce91b33636c0,,,
seed,full,46.0,2884,0.36919887736439705,16,multimap_v3_1,paper_runs\multimap_v3_1\formal_training\formal_full_seed46_3000ep\training_metrics.jsonl,74478343a53449ac67b94aac32179abe67a4fe1767550926e216ce91b33636c0,,,
seed,full,46.0,2900,0.47288417257368565,16,multimap_v3_1,paper_runs\multimap_v3_1\formal_training\formal_full_seed46_3000ep\training_metrics.jsonl,74478343a53449ac67b94aac32179abe67a4fe1767550926e216ce91b33636c0,,,
seed,full,46.0,2916,0.4547442961484194,16,multimap_v3_1,paper_runs\multimap_v3_1\formal_training\formal_full_seed46_3000ep\training_metrics.jsonl,74478343a53449ac67b94aac32179abe67a4fe1767550926e216ce91b33636c0,,,
seed,full,46.0,2932,0.525286104530096,16,multimap_v3_1,paper_runs\multimap_v3_1\formal_training\formal_full_seed46_3000ep\training_metrics.jsonl,74478343a53449ac67b94aac32179abe67a4fe1767550926e216ce91b33636c0,,,
seed,full,46.0,2948,0.49196053110063076,16,multimap_v3_1,paper_runs\multimap_v3_1\formal_training\formal_full_seed46_3000ep\training_metrics.jsonl,74478343a53449ac67b94aac32179abe67a4fe1767550926e216ce91b33636c0,,,
seed,full,46.0,2964,0.37986439233645797,16,multimap_v3_1,paper_runs\multimap_v3_1\formal_training\formal_full_seed46_3000ep\training_metrics.jsonl,74478343a53449ac67b94aac32179abe67a4fe1767550926e216ce91b33636c0,,,
seed,full,46.0,2980,0.47072111908346415,16,multimap_v3_1,paper_runs\multimap_v3_1\formal_training\formal_full_seed46_3000ep\training_metrics.jsonl,74478343a53449ac67b94aac32179abe67a4fe1767550926e216ce91b33636c0,,,
seed,full,46.0,2996,0.45910649094730616,16,multimap_v3_1,paper_runs\multimap_v3_1\formal_training\formal_full_seed46_3000ep\training_metrics.jsonl,74478343a53449ac67b94aac32179abe67a4fe1767550926e216ce91b33636c0,,,
seed,full,46.0,3000,0.501868911087513,16,multimap_v3_1,paper_runs\multimap_v3_1\formal_training\formal_full_seed46_3000ep\training_metrics.jsonl,74478343a53449ac67b94aac32179abe67a4fe1767550926e216ce91b33636c0,,,
seed,a2c_pointer,42.0,16,0.18996858352329582,16,multimap_v3_1,paper_runs\multimap_v3_1\formal_training\formal_a2c_pointer_seed42_3000ep\training_metrics.jsonl,f187d3fcd0734379aea2baa60644426beda3dc456c92fc2a97204ca419757ddb,,,
seed,a2c_pointer,42.0,32,0.1935301737394184,16,multimap_v3_1,paper_runs\multimap_v3_1\formal_training\formal_a2c_pointer_seed42_3000ep\training_metrics.jsonl,f187d3fcd0734379aea2baa60644426beda3dc456c92fc2a97204ca419757ddb,,,
seed,a2c_pointer,42.0,48,0.21217921888455749,16,multimap_v3_1,paper_runs\multimap_v3_1\formal_training\formal_a2c_pointer_seed42_3000ep\training_metrics.jsonl,f187d3fcd0734379aea2baa60644426beda3dc456c92fc2a97204ca419757ddb,,,
seed,a2c_pointer,42.0,64,0.23851094185374677,16,multimap_v3_1,paper_runs\multimap_v3_1\formal_training\formal_a2c_pointer_seed42_3000ep\training_metrics.jsonl,f187d3fcd0734379aea2baa60644426beda3dc456c92fc2a97204ca419757ddb,,,
seed,a2c_pointer,42.0,80,0.27112168027088046,16,multimap_v3_1,paper_runs\multimap_v3_1\formal_training\formal_a2c_pointer_seed42_3000ep\training_metrics.jsonl,f187d3fcd0734379aea2baa60644426beda3dc456c92fc2a97204ca419757ddb,,,
seed,a2c_pointer,42.0,96,0.19829511921852827,16,multimap_v3_1,paper_runs\multimap_v3_1\formal_training\formal_a2c_pointer_seed42_3000ep\training_metrics.jsonl,f187d3fcd0734379aea2baa60644426beda3dc456c92fc2a97204ca419757ddb,,,
seed,a2c_pointer,42.0,112,0.3004630319774151,16,multimap_v3_1,paper_runs\multimap_v3_1\formal_training\formal_a2c_pointer_seed42_3000ep\training_metrics.jsonl,f187d3fcd0734379aea2baa60644426beda3dc456c92fc2a97204ca419757ddb,,,
seed,a2c_pointer,42.0,128,0.2806727229617536,16,multimap_v3_1,paper_runs\multimap_v3_1\formal_training\formal_a2c_pointer_seed42_3000ep\training_metrics.jsonl,f187d3fcd0734379aea2baa60644426beda3dc456c92fc2a97204ca419757ddb,,,
seed,a2c_pointer,42.0,144,0.2365824831649661,16,multimap_v3_1,paper_runs\multimap_v3_1\formal_training\formal_a2c_pointer_seed42_3000ep\training_metrics.jsonl,f187d3fcd0734379aea2baa60644426beda3dc456c92fc2a97204ca419757ddb,,,
seed,a2c_pointer,42.0,160,0.27294085873290896,16,multimap_v3_1,paper_runs\multimap_v3_1\formal_training\formal_a2c_pointer_seed42_3000ep\training_metrics.jsonl,f187d3fcd0734379aea2baa60644426beda3dc456c92fc2a97204ca419757ddb,,,
seed,a2c_pointer,42.0,176,0.31779721565544605,16,multimap_v3_1,paper_runs\multimap_v3_1\formal_training\formal_a2c_pointer_seed42_3000ep\training_metrics.jsonl,f187d3fcd0734379aea2baa60644426beda3dc456c92fc2a97204ca419757ddb,,,
seed,a2c_pointer,42.0,192,0.28742474038153887,16,multimap_v3_1,paper_runs\multimap_v3_1\formal_training\formal_a2c_pointer_seed42_3000ep\training_metrics.jsonl,f187d3fcd0734379aea2baa60644426beda3dc456c92fc2a97204ca419757ddb,,,
seed,a2c_pointer,42.0,208,0.3394229868426919,16,multimap_v3_1,paper_runs\multimap_v3_1\formal_training\formal_a2c_pointer_seed42_3000ep\training_metrics.jsonl,f187d3fcd0734379aea2baa60644426beda3dc456c92fc2a97204ca419757ddb,,,
seed,a2c_pointer,42.0,224,0.2867094809189439,16,multimap_v3_1,paper_runs\multimap_v3_1\formal_training\formal_a2c_pointer_seed42_3000ep\training_metrics.jsonl,f187d3fcd0734379aea2baa60644426beda3dc456c92fc2a97204ca419757ddb,,,
seed,a2c_pointer,42.0,240,0.3130195662379265,16,multimap_v3_1,paper_runs\multimap_v3_1\formal_training\formal_a2c_pointer_seed42_3000ep\training_metrics.jsonl,f187d3fcd0734379aea2baa60644426beda3dc456c92fc2a97204ca419757ddb,,,
seed,a2c_pointer,42.0,250,0.33286369889974593,16,multimap_v3_1,paper_runs\multimap_v3_1\formal_training\formal_a2c_pointer_seed42_3000ep\training_metrics.jsonl,f187d3fcd0734379aea2baa60644426beda3dc456c92fc2a97204ca419757ddb,,,
seed,a2c_pointer,42.0,266,0.28863710444420576,16,multimap_v3_1,paper_runs\multimap_v3_1\formal_training\formal_a2c_pointer_seed42_3000ep\training_metrics.jsonl,f187d3fcd0734379aea2baa60644426beda3dc456c92fc2a97204ca419757ddb,,,
seed,a2c_pointer,42.0,282,0.3107117125764489,16,multimap_v3_1,paper_runs\multimap_v3_1\formal_training\formal_a2c_pointer_seed42_3000ep\training_metrics.jsonl,f187d3fcd0734379aea2baa60644426beda3dc456c92fc2a97204ca419757ddb,,,
seed,a2c_pointer,42.0,298,0.3337589385919273,16,multimap_v3_1,paper_runs\multimap_v3_1\formal_training\formal_a2c_pointer_seed42_3000ep\training_metrics.jsonl,f187d3fcd0734379aea2baa60644426beda3dc456c92fc2a97204ca419757ddb,,,
seed,a2c_pointer,42.0,314,0.2980246925726533,16,multimap_v3_1,paper_runs\multimap_v3_1\formal_training\formal_a2c_pointer_seed42_3000ep\training_metrics.jsonl,f187d3fcd0734379aea2baa60644426beda3dc456c92fc2a97204ca419757ddb,,,
seed,a2c_pointer,42.0,330,0.2671683393418789,16,multimap_v3_1,paper_runs\multimap_v3_1\formal_training\formal_a2c_pointer_seed42_3000ep\training_metrics.jsonl,f187d3fcd0734379aea2baa60644426beda3dc456c92fc2a97204ca419757ddb,,,
seed,a2c_pointer,42.0,346,0.4230042640119791,16,multimap_v3_1,paper_runs\multimap_v3_1\formal_training\formal_a2c_pointer_seed42_3000ep\training_metrics.jsonl,f187d3fcd0734379aea2baa60644426beda3dc456c92fc2a97204ca419757ddb,,,
seed,a2c_pointer,42.0,362,0.3663003593683243,16,multimap_v3_1,paper_runs\multimap_v3_1\formal_training\formal_a2c_pointer_seed42_3000ep\training_metrics.jsonl,f187d3fcd0734379aea2baa60644426beda3dc456c92fc2a97204ca419757ddb,,,
seed,a2c_pointer,42.0,378,0.3372557070106268,16,multimap_v3_1,paper_runs\multimap_v3_1\formal_training\formal_a2c_pointer_seed42_3000ep\training_metrics.jsonl,f187d3fcd0734379aea2baa60644426beda3dc456c92fc2a97204ca419757ddb,,,
seed,a2c_pointer,42.0,394,0.44878332130610943,16,multimap_v3_1,paper_runs\multimap_v3_1\formal_training\formal_a2c_pointer_seed42_3000ep\training_metrics.jsonl,f187d3fcd0734379aea2baa60644426beda3dc456c92fc2a97204ca419757ddb,,,
seed,a2c_pointer,42.0,410,0.3615700136870146,16,multimap_v3_1,paper_runs\multimap_v3_1\formal_training\formal_a2c_pointer_seed42_3000ep\training_metrics.jsonl,f187d3fcd0734379aea2baa60644426beda3dc456c92fc2a97204ca419757ddb,,,
seed,a2c_pointer,42.0,426,0.2861912315711379,16,multimap_v3_1,paper_runs\multimap_v3_1\formal_training\formal_a2c_pointer_seed42_3000ep\training_metrics.jsonl,f187d3fcd0734379aea2baa60644426beda3dc456c92fc2a97204ca419757ddb,,,
seed,a2c_pointer,42.0,442,0.3672078410163522,16,multimap_v3_1,paper_runs\multimap_v3_1\formal_training\formal_a2c_pointer_seed42_3000ep\training_metrics.jsonl,f187d3fcd0734379aea2baa60644426beda3dc456c92fc2a97204ca419757ddb,,,
seed,a2c_pointer,42.0,458,0.3603232651948929,16,multimap_v3_1,paper_runs\multimap_v3_1\formal_training\formal_a2c_pointer_seed42_3000ep\training_metrics.jsonl,f187d3fcd0734379aea2baa60644426beda3dc456c92fc2a97204ca419757ddb,,,
seed,a2c_pointer,42.0,474,0.3283718219026923,16,multimap_v3_1,paper_runs\multimap_v3_1\formal_training\formal_a2c_pointer_seed42_3000ep\training_metrics.jsonl,f187d3fcd0734379aea2baa60644426beda3dc456c92fc2a97204ca419757ddb,,,
seed,a2c_pointer,42.0,490,0.43662396539002657,16,multimap_v3_1,paper_runs\multimap_v3_1\formal_training\formal_a2c_pointer_seed42_3000ep\training_metrics.jsonl,f187d3fcd0734379aea2baa60644426beda3dc456c92fc2a97204ca419757ddb,,,
seed,a2c_pointer,42.0,500,0.4089662253856659,16,multimap_v3_1,paper_runs\multimap_v3_1\formal_training\formal_a2c_pointer_seed42_3000ep\training_metrics.jsonl,f187d3fcd0734379aea2baa60644426beda3dc456c92fc2a97204ca419757ddb,,,
seed,a2c_pointer,42.0,516,0.3640380669385195,16,multimap_v3_1,paper_runs\multimap_v3_1\formal_training\formal_a2c_pointer_seed42_3000ep\training_metrics.jsonl,f187d3fcd0734379aea2baa60644426beda3dc456c92fc2a97204ca419757ddb,,,
seed,a2c_pointer,42.0,532,0.37286391016095877,16,multimap_v3_1,paper_runs\multimap_v3_1\formal_training\formal_a2c_pointer_seed42_3000ep\training_metrics.jsonl,f187d3fcd0734379aea2baa60644426beda3dc456c92fc2a97204ca419757ddb,,,
seed,a2c_pointer,42.0,548,0.40568762738257647,16,multimap_v3_1,paper_runs\multimap_v3_1\formal_training\formal_a2c_pointer_seed42_3000ep\training_metrics.jsonl,f187d3fcd0734379aea2baa60644426beda3dc456c92fc2a97204ca419757ddb,,,
seed,a2c_pointer,42.0,564,0.38581289164721966,16,multimap_v3_1,paper_runs\multimap_v3_1\formal_training\formal_a2c_pointer_seed42_3000ep\training_metrics.jsonl,f187d3fcd0734379aea2baa60644426beda3dc456c92fc2a97204ca419757ddb,,,
seed,a2c_pointer,42.0,580,0.4095805799588561,16,multimap_v3_1,paper_runs\multimap_v3_1\formal_training\formal_a2c_pointer_seed42_3000ep\training_metrics.jsonl,f187d3fcd0734379aea2baa60644426beda3dc456c92fc2a97204ca419757ddb,,,
seed,a2c_pointer,42.0,596,0.3651602081954479,16,multimap_v3_1,paper_runs\multimap_v3_1\formal_training\formal_a2c_pointer_seed42_3000ep\training_metrics.jsonl,f187d3fcd0734379aea2baa60644426beda3dc456c92fc2a97204ca419757ddb,,,
seed,a2c_pointer,42.0,612,0.35781584586948156,16,multimap_v3_1,paper_runs\multimap_v3_1\formal_training\formal_a2c_pointer_seed42_3000ep\training_metrics.jsonl,f187d3fcd0734379aea2baa60644426beda3dc456c92fc2a97204ca419757ddb,,,
seed,a2c_pointer,42.0,628,0.4081157185137272,16,multimap_v3_1,paper_runs\multimap_v3_1\formal_training\formal_a2c_pointer_seed42_3000ep\training_metrics.jsonl,f187d3fcd0734379aea2baa60644426beda3dc456c92fc2a97204ca419757ddb,,,
seed,a2c_pointer,42.0,644,0.3525270763784647,16,multimap_v3_1,paper_runs\multimap_v3_1\formal_training\formal_a2c_pointer_seed42_3000ep\training_metrics.jsonl,f187d3fcd0734379aea2baa60644426beda3dc456c92fc2a97204ca419757ddb,,,
seed,a2c_pointer,42.0,660,0.3690576311200857,16,multimap_v3_1,paper_runs\multimap_v3_1\formal_training\formal_a2c_pointer_seed42_3000ep\training_metrics.jsonl,f187d3fcd0734379aea2baa60644426beda3dc456c92fc2a97204ca419757ddb,,,
seed,a2c_pointer,42.0,676,0.48003625962883234,16,multimap_v3_1,paper_runs\multimap_v3_1\formal_training\formal_a2c_pointer_seed42_3000ep\training_metrics.jsonl,f187d3fcd0734379aea2baa60644426beda3dc456c92fc2a97204ca419757ddb,,,
seed,a2c_pointer,42.0,692,0.39326359797269106,16,multimap_v3_1,paper_runs\multimap_v3_1\formal_training\formal_a2c_pointer_seed42_3000ep\training_metrics.jsonl,f187d3fcd0734379aea2baa60644426beda3dc456c92fc2a97204ca419757ddb,,,
seed,a2c_pointer,42.0,708,0.41112207248806953,16,multimap_v3_1,paper_runs\multimap_v3_1\formal_training\formal_a2c_pointer_seed42_3000ep\training_metrics.jsonl,f187d3fcd0734379aea2baa60644426beda3dc456c92fc2a97204ca419757ddb,,,
seed,a2c_pointer,42.0,724,0.4175048992037773,16,multimap_v3_1,paper_runs\multimap_v3_1\formal_training\formal_a2c_pointer_seed42_3000ep\training_metrics.jsonl,f187d3fcd0734379aea2baa60644426beda3dc456c92fc2a97204ca419757ddb,,,
seed,a2c_pointer,42.0,740,0.3571471134200692,16,multimap_v3_1,paper_runs\multimap_v3_1\formal_training\formal_a2c_pointer_seed42_3000ep\training_metrics.jsonl,f187d3fcd0734379aea2baa60644426beda3dc456c92fc2a97204ca419757ddb,,,
seed,a2c_pointer,42.0,756,0.3857153244316578,16,multimap_v3_1,paper_runs\multimap_v3_1\formal_training\formal_a2c_pointer_seed42_3000ep\training_metrics.jsonl,f187d3fcd0734379aea2baa60644426beda3dc456c92fc2a97204ca419757ddb,,,
seed,a2c_pointer,42.0,772,0.46031731367111206,16,multimap_v3_1,paper_runs\multimap_v3_1\formal_training\formal_a2c_pointer_seed42_3000ep\training_metrics.jsonl,f187d3fcd0734379aea2baa60644426beda3dc456c92fc2a97204ca419757ddb,,,
seed,a2c_pointer,42.0,788,0.39167533442378044,16,multimap_v3_1,paper_runs\multimap_v3_1\formal_training\formal_a2c_pointer_seed42_3000ep\training_metrics.jsonl,f187d3fcd0734379aea2baa60644426beda3dc456c92fc2a97204ca419757ddb,,,
seed,a2c_pointer,42.0,804,0.37718218099325895,16,multimap_v3_1,paper_runs\multimap_v3_1\formal_training\formal_a2c_pointer_seed42_3000ep\training_metrics.jsonl,f187d3fcd0734379aea2baa60644426beda3dc456c92fc2a97204ca419757ddb,,,
seed,a2c_pointer,42.0,820,0.4547046348452568,16,multimap_v3_1,paper_runs\multimap_v3_1\formal_training\formal_a2c_pointer_seed42_3000ep\training_metrics.jsonl,f187d3fcd0734379aea2baa60644426beda3dc456c92fc2a97204ca419757ddb,,,
seed,a2c_pointer,42.0,836,0.4509969912469387,16,multimap_v3_1,paper_runs\multimap_v3_1\formal_training\formal_a2c_pointer_seed42_3000ep\training_metrics.jsonl,f187d3fcd0734379aea2baa60644426beda3dc456c92fc2a97204ca419757ddb,,,
seed,a2c_pointer,42.0,852,0.4330960074439645,16,multimap_v3_1,paper_runs\multimap_v3_1\formal_training\formal_a2c_pointer_seed42_3000ep\training_metrics.jsonl,f187d3fcd0734379aea2baa60644426beda3dc456c92fc2a97204ca419757ddb,,,
seed,a2c_pointer,42.0,868,0.45282015576958656,16,multimap_v3_1,paper_runs\multimap_v3_1\formal_training\formal_a2c_pointer_seed42_3000ep\training_metrics.jsonl,f187d3fcd0734379aea2baa60644426beda3dc456c92fc2a97204ca419757ddb,,,
seed,a2c_pointer,42.0,884,0.4429959710687399,16,multimap_v3_1,paper_runs\multimap_v3_1\formal_training\formal_a2c_pointer_seed42_3000ep\training_metrics.jsonl,f187d3fcd0734379aea2baa60644426beda3dc456c92fc2a97204ca419757ddb,,,
seed,a2c_pointer,42.0,900,0.3758069034665823,16,multimap_v3_1,paper_runs\multimap_v3_1\formal_training\formal_a2c_pointer_seed42_3000ep\training_metrics.jsonl,f187d3fcd0734379aea2baa60644426beda3dc456c92fc2a97204ca419757ddb,,,
seed,a2c_pointer,42.0,916,0.4702514111995697,16,multimap_v3_1,paper_runs\multimap_v3_1\formal_training\formal_a2c_pointer_seed42_3000ep\training_metrics.jsonl,f187d3fcd0734379aea2baa60644426beda3dc456c92fc2a97204ca419757ddb,,,
seed,a2c_pointer,42.0,932,0.41527598816901445,16,multimap_v3_1,paper_runs\multimap_v3_1\formal_training\formal_a2c_pointer_seed42_3000ep\training_metrics.jsonl,f187d3fcd0734379aea2baa60644426beda3dc456c92fc2a97204ca419757ddb,,,
seed,a2c_pointer,42.0,948,0.4638102725148201,16,multimap_v3_1,paper_runs\multimap_v3_1\formal_training\formal_a2c_pointer_seed42_3000ep\training_metrics.jsonl,f187d3fcd0734379aea2baa60644426beda3dc456c92fc2a97204ca419757ddb,,,
seed,a2c_pointer,42.0,964,0.44083123095333576,16,multimap_v3_1,paper_runs\multimap_v3_1\formal_training\formal_a2c_pointer_seed42_3000ep\training_metrics.jsonl,f187d3fcd0734379aea2baa60644426beda3dc456c92fc2a97204ca419757ddb,,,
seed,a2c_pointer,42.0,980,0.46066766884177923,16,multimap_v3_1,paper_runs\multimap_v3_1\formal_training\formal_a2c_pointer_seed42_3000ep\training_metrics.jsonl,f187d3fcd0734379aea2baa60644426beda3dc456c92fc2a97204ca419757ddb,,,
seed,a2c_pointer,42.0,996,0.3961678482592106,16,multimap_v3_1,paper_runs\multimap_v3_1\formal_training\formal_a2c_pointer_seed42_3000ep\training_metrics.jsonl,f187d3fcd0734379aea2baa60644426beda3dc456c92fc2a97204ca419757ddb,,,
seed,a2c_pointer,42.0,1000,0.5423214137554169,16,multimap_v3_1,paper_runs\multimap_v3_1\formal_training\formal_a2c_pointer_seed42_3000ep\training_metrics.jsonl,f187d3fcd0734379aea2baa60644426beda3dc456c92fc2a97204ca419757ddb,,,
seed,a2c_pointer,42.0,1016,0.3744211057201028,16,multimap_v3_1,paper_runs\multimap_v3_1\formal_training\formal_a2c_pointer_seed42_3000ep\training_metrics.jsonl,f187d3fcd0734379aea2baa60644426beda3dc456c92fc2a97204ca419757ddb,,,
seed,a2c_pointer,42.0,1032,0.3742282222956419,16,multimap_v3_1,paper_runs\multimap_v3_1\formal_training\formal_a2c_pointer_seed42_3000ep\training_metrics.jsonl,f187d3fcd0734379aea2baa60644426beda3dc456c92fc2a97204ca419757ddb,,,
seed,a2c_pointer,42.0,1048,0.4098400343209505,16,multimap_v3_1,paper_runs\multimap_v3_1\formal_training\formal_a2c_pointer_seed42_3000ep\training_metrics.jsonl,f187d3fcd0734379aea2baa60644426beda3dc456c92fc2a97204ca419757ddb,,,
seed,a2c_pointer,42.0,1064,0.43402009177953005,16,multimap_v3_1,paper_runs\multimap_v3_1\formal_training\formal_a2c_pointer_seed42_3000ep\training_metrics.jsonl,f187d3fcd0734379aea2baa60644426beda3dc456c92fc2a97204ca419757ddb,,,
seed,a2c_pointer,42.0,1080,0.4001186676323414,16,multimap_v3_1,paper_runs\multimap_v3_1\formal_training\formal_a2c_pointer_seed42_3000ep\training_metrics.jsonl,f187d3fcd0734379aea2baa60644426beda3dc456c92fc2a97204ca419757ddb,,,
seed,a2c_pointer,42.0,1096,0.466673226095736,16,multimap_v3_1,paper_runs\multimap_v3_1\formal_training\formal_a2c_pointer_seed42_3000ep\training_metrics.jsonl,f187d3fcd0734379aea2baa60644426beda3dc456c92fc2a97204ca419757ddb,,,
seed,a2c_pointer,42.0,1112,0.43226513639092445,16,multimap_v3_1,paper_runs\multimap_v3_1\formal_training\formal_a2c_pointer_seed42_3000ep\training_metrics.jsonl,f187d3fcd0734379aea2baa60644426beda3dc456c92fc2a97204ca419757ddb,,,
seed,a2c_pointer,42.0,1128,0.40362157206982374,16,multimap_v3_1,paper_runs\multimap_v3_1\formal_training\formal_a2c_pointer_seed42_3000ep\training_metrics.jsonl,f187d3fcd0734379aea2baa60644426beda3dc456c92fc2a97204ca419757ddb,,,
seed,a2c_pointer,42.0,1144,0.4939592592418194,16,multimap_v3_1,paper_runs\multimap_v3_1\formal_training\formal_a2c_pointer_seed42_3000ep\training_metrics.jsonl,f187d3fcd0734379aea2baa60644426beda3dc456c92fc2a97204ca419757ddb,,,
seed,a2c_pointer,42.0,1160,0.47264764457941055,16,multimap_v3_1,paper_runs\multimap_v3_1\formal_training\formal_a2c_pointer_seed42_3000ep\training_metrics.jsonl,f187d3fcd0734379aea2baa60644426beda3dc456c92fc2a97204ca419757ddb,,,
seed,a2c_pointer,42.0,1176,0.41278314869850874,16,multimap_v3_1,paper_runs\multimap_v3_1\formal_training\formal_a2c_pointer_seed42_3000ep\training_metrics.jsonl,f187d3fcd0734379aea2baa60644426beda3dc456c92fc2a97204ca419757ddb,,,
seed,a2c_pointer,42.0,1192,0.41796644404530525,16,multimap_v3_1,paper_runs\multimap_v3_1\formal_training\formal_a2c_pointer_seed42_3000ep\training_metrics.jsonl,f187d3fcd0734379aea2baa60644426beda3dc456c92fc2a97204ca419757ddb,,,
seed,a2c_pointer,42.0,1208,0.4013377334922552,16,multimap_v3_1,paper_runs\multimap_v3_1\formal_training\formal_a2c_pointer_seed42_3000ep\training_metrics.jsonl,f187d3fcd0734379aea2baa60644426beda3dc456c92fc2a97204ca419757ddb,,,
seed,a2c_pointer,42.0,1224,0.3844792377203703,16,multimap_v3_1,paper_runs\multimap_v3_1\formal_training\formal_a2c_pointer_seed42_3000ep\training_metrics.jsonl,f187d3fcd0734379aea2baa60644426beda3dc456c92fc2a97204ca419757ddb,,,
seed,a2c_pointer,42.0,1240,0.44699662271887064,16,multimap_v3_1,paper_runs\multimap_v3_1\formal_training\formal_a2c_pointer_seed42_3000ep\training_metrics.jsonl,f187d3fcd0734379aea2baa60644426beda3dc456c92fc2a97204ca419757ddb,,,
seed,a2c_pointer,42.0,1256,0.4556442257016897,16,multimap_v3_1,paper_runs\multimap_v3_1\formal_training\formal_a2c_pointer_seed42_3000ep\training_metrics.jsonl,f187d3fcd0734379aea2baa60644426beda3dc456c92fc2a97204ca419757ddb,,,
seed,a2c_pointer,42.0,1272,0.4049087157472968,16,multimap_v3_1,paper_runs\multimap_v3_1\formal_training\formal_a2c_pointer_seed42_3000ep\training_metrics.jsonl,f187d3fcd0734379aea2baa60644426beda3dc456c92fc2a97204ca419757ddb,,,
seed,a2c_pointer,42.0,1288,0.43145231157541275,16,multimap_v3_1,paper_runs\multimap_v3_1\formal_training\formal_a2c_pointer_seed42_3000ep\training_metrics.jsonl,f187d3fcd0734379aea2baa60644426beda3dc456c92fc2a97204ca419757ddb,,,
seed,a2c_pointer,42.0,1304,0.42298254929482937,16,multimap_v3_1,paper_runs\multimap_v3_1\formal_training\formal_a2c_pointer_seed42_3000ep\training_metrics.jsonl,f187d3fcd0734379aea2baa60644426beda3dc456c92fc2a97204ca419757ddb,,,
seed,a2c_pointer,42.0,1320,0.3972480781376362,16,multimap_v3_1,paper_runs\multimap_v3_1\formal_training\formal_a2c_pointer_seed42_3000ep\training_metrics.jsonl,f187d3fcd0734379aea2baa60644426beda3dc456c92fc2a97204ca419757ddb,,,
seed,a2c_pointer,42.0,1336,0.46893971133977175,16,multimap_v3_1,paper_runs\multimap_v3_1\formal_training\formal_a2c_pointer_seed42_3000ep\training_metrics.jsonl,f187d3fcd0734379aea2baa60644426beda3dc456c92fc2a97204ca419757ddb,,,
seed,a2c_pointer,42.0,1352,0.43353115767240524,16,multimap_v3_1,paper_runs\multimap_v3_1\formal_training\formal_a2c_pointer_seed42_3000ep\training_metrics.jsonl,f187d3fcd0734379aea2baa60644426beda3dc456c92fc2a97204ca419757ddb,,,
seed,a2c_pointer,42.0,1368,0.45838406682014465,16,multimap_v3_1,paper_runs\multimap_v3_1\formal_training\formal_a2c_pointer_seed42_3000ep\training_metrics.jsonl,f187d3fcd0734379aea2baa60644426beda3dc456c92fc2a97204ca419757ddb,,,
seed,a2c_pointer,42.0,1384,0.47414931282401085,16,multimap_v3_1,paper_runs\multimap_v3_1\formal_training\formal_a2c_pointer_seed42_3000ep\training_metrics.jsonl,f187d3fcd0734379aea2baa60644426beda3dc456c92fc2a97204ca419757ddb,,,
seed,a2c_pointer,42.0,1400,0.44482287392020226,16,multimap_v3_1,paper_runs\multimap_v3_1\formal_training\formal_a2c_pointer_seed42_3000ep\training_metrics.jsonl,f187d3fcd0734379aea2baa60644426beda3dc456c92fc2a97204ca419757ddb,,,
seed,a2c_pointer,42.0,1416,0.41042346972972155,16,multimap_v3_1,paper_runs\multimap_v3_1\formal_training\formal_a2c_pointer_seed42_3000ep\training_metrics.jsonl,f187d3fcd0734379aea2baa60644426beda3dc456c92fc2a97204ca419757ddb,,,
seed,a2c_pointer,42.0,1432,0.43381759244948626,16,multimap_v3_1,paper_runs\multimap_v3_1\formal_training\formal_a2c_pointer_seed42_3000ep\training_metrics.jsonl,f187d3fcd0734379aea2baa60644426beda3dc456c92fc2a97204ca419757ddb,,,
seed,a2c_pointer,42.0,1448,0.4574801493436098,16,multimap_v3_1,paper_runs\multimap_v3_1\formal_training\formal_a2c_pointer_seed42_3000ep\training_metrics.jsonl,f187d3fcd0734379aea2baa60644426beda3dc456c92fc2a97204ca419757ddb,,,
seed,a2c_pointer,42.0,1464,0.4674560986459255,16,multimap_v3_1,paper_runs\multimap_v3_1\formal_training\formal_a2c_pointer_seed42_3000ep\training_metrics.jsonl,f187d3fcd0734379aea2baa60644426beda3dc456c92fc2a97204ca419757ddb,,,
seed,a2c_pointer,42.0,1480,0.46649431623518467,16,multimap_v3_1,paper_runs\multimap_v3_1\formal_training\formal_a2c_pointer_seed42_3000ep\training_metrics.jsonl,f187d3fcd0734379aea2baa60644426beda3dc456c92fc2a97204ca419757ddb,,,
seed,a2c_pointer,42.0,1496,0.5043335538357496,16,multimap_v3_1,paper_runs\multimap_v3_1\formal_training\formal_a2c_pointer_seed42_3000ep\training_metrics.jsonl,f187d3fcd0734379aea2baa60644426beda3dc456c92fc2a97204ca419757ddb,,,
seed,a2c_pointer,42.0,1500,0.42043352872133255,16,multimap_v3_1,paper_runs\multimap_v3_1\formal_training\formal_a2c_pointer_seed42_3000ep\training_metrics.jsonl,f187d3fcd0734379aea2baa60644426beda3dc456c92fc2a97204ca419757ddb,,,
seed,a2c_pointer,42.0,1516,0.5136968828737736,16,multimap_v3_1,paper_runs\multimap_v3_1\formal_training\formal_a2c_pointer_seed42_3000ep\training_metrics.jsonl,f187d3fcd0734379aea2baa60644426beda3dc456c92fc2a97204ca419757ddb,,,
seed,a2c_pointer,42.0,1532,0.40103519428521395,16,multimap_v3_1,paper_runs\multimap_v3_1\formal_training\formal_a2c_pointer_seed42_3000ep\training_metrics.jsonl,f187d3fcd0734379aea2baa60644426beda3dc456c92fc2a97204ca419757ddb,,,
seed,a2c_pointer,42.0,1548,0.3985835835337639,16,multimap_v3_1,paper_runs\multimap_v3_1\formal_training\formal_a2c_pointer_seed42_3000ep\training_metrics.jsonl,f187d3fcd0734379aea2baa60644426beda3dc456c92fc2a97204ca419757ddb,,,
seed,a2c_pointer,42.0,1564,0.43744285963475704,16,multimap_v3_1,paper_runs\multimap_v3_1\formal_training\formal_a2c_pointer_seed42_3000ep\training_metrics.jsonl,f187d3fcd0734379aea2baa60644426beda3dc456c92fc2a97204ca419757ddb,,,
seed,a2c_pointer,42.0,1580,0.48539105616509914,16,multimap_v3_1,paper_runs\multimap_v3_1\formal_training\formal_a2c_pointer_seed42_3000ep\training_metrics.jsonl,f187d3fcd0734379aea2baa60644426beda3dc456c92fc2a97204ca419757ddb,,,
seed,a2c_pointer,42.0,1596,0.4725913554430008,16,multimap_v3_1,paper_runs\multimap_v3_1\formal_training\formal_a2c_pointer_seed42_3000ep\training_metrics.jsonl,f187d3fcd0734379aea2baa60644426beda3dc456c92fc2a97204ca419757ddb,,,
seed,a2c_pointer,42.0,1612,0.5114682177081704,16,multimap_v3_1,paper_runs\multimap_v3_1\formal_training\formal_a2c_pointer_seed42_3000ep\training_metrics.jsonl,f187d3fcd0734379aea2baa60644426beda3dc456c92fc2a97204ca419757ddb,,,
seed,a2c_pointer,42.0,1628,0.48519175313413143,16,multimap_v3_1,paper_runs\multimap_v3_1\formal_training\formal_a2c_pointer_seed42_3000ep\training_metrics.jsonl,f187d3fcd0734379aea2baa60644426beda3dc456c92fc2a97204ca419757ddb,,,
seed,a2c_pointer,42.0,1644,0.3774269428104162,16,multimap_v3_1,paper_runs\multimap_v3_1\formal_training\formal_a2c_pointer_seed42_3000ep\training_metrics.jsonl,f187d3fcd0734379aea2baa60644426beda3dc456c92fc2a97204ca419757ddb,,,
seed,a2c_pointer,42.0,1660,0.49397988617420197,16,multimap_v3_1,paper_runs\multimap_v3_1\formal_training\formal_a2c_pointer_seed42_3000ep\training_metrics.jsonl,f187d3fcd0734379aea2baa60644426beda3dc456c92fc2a97204ca419757ddb,,,
seed,a2c_pointer,42.0,1676,0.4794388320297003,16,multimap_v3_1,paper_runs\multimap_v3_1\formal_training\formal_a2c_pointer_seed42_3000ep\training_metrics.jsonl,f187d3fcd0734379aea2baa60644426beda3dc456c92fc2a97204ca419757ddb,,,
seed,a2c_pointer,42.0,1692,0.48427736200392246,16,multimap_v3_1,paper_runs\multimap_v3_1\formal_training\formal_a2c_pointer_seed42_3000ep\training_metrics.jsonl,f187d3fcd0734379aea2baa60644426beda3dc456c92fc2a97204ca419757ddb,,,
seed,a2c_pointer,42.0,1708,0.47476438991725445,16,multimap_v3_1,paper_runs\multimap_v3_1\formal_training\formal_a2c_pointer_seed42_3000ep\training_metrics.jsonl,f187d3fcd0734379aea2baa60644426beda3dc456c92fc2a97204ca419757ddb,,,
seed,a2c_pointer,42.0,1724,0.49668354727327824,16,multimap_v3_1,paper_runs\multimap_v3_1\formal_training\formal_a2c_pointer_seed42_3000ep\training_metrics.jsonl,f187d3fcd0734379aea2baa60644426beda3dc456c92fc2a97204ca419757ddb,,,
seed,a2c_pointer,42.0,1740,0.44955884851515293,16,multimap_v3_1,paper_runs\multimap_v3_1\formal_training\formal_a2c_pointer_seed42_3000ep\training_metrics.jsonl,f187d3fcd0734379aea2baa60644426beda3dc456c92fc2a97204ca419757ddb,,,
seed,a2c_pointer,42.0,1756,0.4705107156187296,16,multimap_v3_1,paper_runs\multimap_v3_1\formal_training\formal_a2c_pointer_seed42_3000ep\training_metrics.jsonl,f187d3fcd0734379aea2baa60644426beda3dc456c92fc2a97204ca419757ddb,,,
seed,a2c_pointer,42.0,1772,0.42514784075319767,16,multimap_v3_1,paper_runs\multimap_v3_1\formal_training\formal_a2c_pointer_seed42_3000ep\training_metrics.jsonl,f187d3fcd0734379aea2baa60644426beda3dc456c92fc2a97204ca419757ddb,,,
seed,a2c_pointer,42.0,1788,0.45109197683632374,16,multimap_v3_1,paper_runs\multimap_v3_1\formal_training\formal_a2c_pointer_seed42_3000ep\training_metrics.jsonl,f187d3fcd0734379aea2baa60644426beda3dc456c92fc2a97204ca419757ddb,,,
seed,a2c_pointer,42.0,1804,0.5171391544863582,16,multimap_v3_1,paper_runs\multimap_v3_1\formal_training\formal_a2c_pointer_seed42_3000ep\training_metrics.jsonl,f187d3fcd0734379aea2baa60644426beda3dc456c92fc2a97204ca419757ddb,,,
seed,a2c_pointer,42.0,1820,0.47790167294442654,16,multimap_v3_1,paper_runs\multimap_v3_1\formal_training\formal_a2c_pointer_seed42_3000ep\training_metrics.jsonl,f187d3fcd0734379aea2baa60644426beda3dc456c92fc2a97204ca419757ddb,,,
seed,a2c_pointer,42.0,1836,0.4587568026036024,16,multimap_v3_1,paper_runs\multimap_v3_1\formal_training\formal_a2c_pointer_seed42_3000ep\training_metrics.jsonl,f187d3fcd0734379aea2baa60644426beda3dc456c92fc2a97204ca419757ddb,,,
seed,a2c_pointer,42.0,1852,0.48999624140560627,16,multimap_v3_1,paper_runs\multimap_v3_1\formal_training\formal_a2c_pointer_seed42_3000ep\training_metrics.jsonl,f187d3fcd0734379aea2baa60644426beda3dc456c92fc2a97204ca419757ddb,,,
seed,a2c_pointer,42.0,1868,0.5231687147170305,16,multimap_v3_1,paper_runs\multimap_v3_1\formal_training\formal_a2c_pointer_seed42_3000ep\training_metrics.jsonl,f187d3fcd0734379aea2baa60644426beda3dc456c92fc2a97204ca419757ddb,,,
seed,a2c_pointer,42.0,1884,0.40533447824418545,16,multimap_v3_1,paper_runs\multimap_v3_1\formal_training\formal_a2c_pointer_seed42_3000ep\training_metrics.jsonl,f187d3fcd0734379aea2baa60644426beda3dc456c92fc2a97204ca419757ddb,,,
seed,a2c_pointer,42.0,1900,0.44732307083904743,16,multimap_v3_1,paper_runs\multimap_v3_1\formal_training\formal_a2c_pointer_seed42_3000ep\training_metrics.jsonl,f187d3fcd0734379aea2baa60644426beda3dc456c92fc2a97204ca419757ddb,,,
seed,a2c_pointer,42.0,1916,0.4668121989816427,16,multimap_v3_1,paper_runs\multimap_v3_1\formal_training\formal_a2c_pointer_seed42_3000ep\training_metrics.jsonl,f187d3fcd0734379aea2baa60644426beda3dc456c92fc2a97204ca419757ddb,,,
seed,a2c_pointer,42.0,1932,0.4357319436967373,16,multimap_v3_1,paper_runs\multimap_v3_1\formal_training\formal_a2c_pointer_seed42_3000ep\training_metrics.jsonl,f187d3fcd0734379aea2baa60644426beda3dc456c92fc2a97204ca419757ddb,,,
seed,a2c_pointer,42.0,1948,0.476168449036777,16,multimap_v3_1,paper_runs\multimap_v3_1\formal_training\formal_a2c_pointer_seed42_3000ep\training_metrics.jsonl,f187d3fcd0734379aea2baa60644426beda3dc456c92fc2a97204ca419757ddb,,,
seed,a2c_pointer,42.0,1964,0.454235078766942,16,multimap_v3_1,paper_runs\multimap_v3_1\formal_training\formal_a2c_pointer_seed42_3000ep\training_metrics.jsonl,f187d3fcd0734379aea2baa60644426beda3dc456c92fc2a97204ca419757ddb,,,
seed,a2c_pointer,42.0,1980,0.4803089424967766,16,multimap_v3_1,paper_runs\multimap_v3_1\formal_training\formal_a2c_pointer_seed42_3000ep\training_metrics.jsonl,f187d3fcd0734379aea2baa60644426beda3dc456c92fc2a97204ca419757ddb,,,
seed,a2c_pointer,42.0,1996,0.5253078658133745,16,multimap_v3_1,paper_runs\multimap_v3_1\formal_training\formal_a2c_pointer_seed42_3000ep\training_metrics.jsonl,f187d3fcd0734379aea2baa60644426beda3dc456c92fc2a97204ca419757ddb,,,
seed,a2c_pointer,42.0,2000,0.4401555508375168,16,multimap_v3_1,paper_runs\multimap_v3_1\formal_training\formal_a2c_pointer_seed42_3000ep\training_metrics.jsonl,f187d3fcd0734379aea2baa60644426beda3dc456c92fc2a97204ca419757ddb,,,
seed,a2c_pointer,42.0,2016,0.46506405994296074,16,multimap_v3_1,paper_runs\multimap_v3_1\formal_training\formal_a2c_pointer_seed42_3000ep\training_metrics.jsonl,f187d3fcd0734379aea2baa60644426beda3dc456c92fc2a97204ca419757ddb,,,
seed,a2c_pointer,42.0,2032,0.4767931280657649,16,multimap_v3_1,paper_runs\multimap_v3_1\formal_training\formal_a2c_pointer_seed42_3000ep\training_metrics.jsonl,f187d3fcd0734379aea2baa60644426beda3dc456c92fc2a97204ca419757ddb,,,
seed,a2c_pointer,42.0,2048,0.4058210039511323,16,multimap_v3_1,paper_runs\multimap_v3_1\formal_training\formal_a2c_pointer_seed42_3000ep\training_metrics.jsonl,f187d3fcd0734379aea2baa60644426beda3dc456c92fc2a97204ca419757ddb,,,
seed,a2c_pointer,42.0,2064,0.49688588827848434,16,multimap_v3_1,paper_runs\multimap_v3_1\formal_training\formal_a2c_pointer_seed42_3000ep\training_metrics.jsonl,f187d3fcd0734379aea2baa60644426beda3dc456c92fc2a97204ca419757ddb,,,
seed,a2c_pointer,42.0,2080,0.46869758795946836,16,multimap_v3_1,paper_runs\multimap_v3_1\formal_training\formal_a2c_pointer_seed42_3000ep\training_metrics.jsonl,f187d3fcd0734379aea2baa60644426beda3dc456c92fc2a97204ca419757ddb,,,
seed,a2c_pointer,42.0,2096,0.47182382829487324,16,multimap_v3_1,paper_runs\multimap_v3_1\formal_training\formal_a2c_pointer_seed42_3000ep\training_metrics.jsonl,f187d3fcd0734379aea2baa60644426beda3dc456c92fc2a97204ca419757ddb,,,
seed,a2c_pointer,42.0,2112,0.4597269333899021,16,multimap_v3_1,paper_runs\multimap_v3_1\formal_training\formal_a2c_pointer_seed42_3000ep\training_metrics.jsonl,f187d3fcd0734379aea2baa60644426beda3dc456c92fc2a97204ca419757ddb,,,
seed,a2c_pointer,42.0,2128,0.5116463406011462,16,multimap_v3_1,paper_runs\multimap_v3_1\formal_training\formal_a2c_pointer_seed42_3000ep\training_metrics.jsonl,f187d3fcd0734379aea2baa60644426beda3dc456c92fc2a97204ca419757ddb,,,
seed,a2c_pointer,42.0,2144,0.45258947648108006,16,multimap_v3_1,paper_runs\multimap_v3_1\formal_training\formal_a2c_pointer_seed42_3000ep\training_metrics.jsonl,f187d3fcd0734379aea2baa60644426beda3dc456c92fc2a97204ca419757ddb,,,
seed,a2c_pointer,42.0,2160,0.47922109346836805,16,multimap_v3_1,paper_runs\multimap_v3_1\formal_training\formal_a2c_pointer_seed42_3000ep\training_metrics.jsonl,f187d3fcd0734379aea2baa60644426beda3dc456c92fc2a97204ca419757ddb,,,
seed,a2c_pointer,42.0,2176,0.4667108803987503,16,multimap_v3_1,paper_runs\multimap_v3_1\formal_training\formal_a2c_pointer_seed42_3000ep\training_metrics.jsonl,f187d3fcd0734379aea2baa60644426beda3dc456c92fc2a97204ca419757ddb,,,
seed,a2c_pointer,42.0,2192,0.48740552086383104,16,multimap_v3_1,paper_runs\multimap_v3_1\formal_training\formal_a2c_pointer_seed42_3000ep\training_metrics.jsonl,f187d3fcd0734379aea2baa60644426beda3dc456c92fc2a97204ca419757ddb,,,
seed,a2c_pointer,42.0,2208,0.44600291084498167,16,multimap_v3_1,paper_runs\multimap_v3_1\formal_training\formal_a2c_pointer_seed42_3000ep\training_metrics.jsonl,f187d3fcd0734379aea2baa60644426beda3dc456c92fc2a97204ca419757ddb,,,
seed,a2c_pointer,42.0,2224,0.4804421942681074,16,multimap_v3_1,paper_runs\multimap_v3_1\formal_training\formal_a2c_pointer_seed42_3000ep\training_metrics.jsonl,f187d3fcd0734379aea2baa60644426beda3dc456c92fc2a97204ca419757ddb,,,
seed,a2c_pointer,42.0,2240,0.5570213012397289,16,multimap_v3_1,paper_runs\multimap_v3_1\formal_training\formal_a2c_pointer_seed42_3000ep\training_metrics.jsonl,f187d3fcd0734379aea2baa60644426beda3dc456c92fc2a97204ca419757ddb,,,
seed,a2c_pointer,42.0,2256,0.4241912178695202,16,multimap_v3_1,paper_runs\multimap_v3_1\formal_training\formal_a2c_pointer_seed42_3000ep\training_metrics.jsonl,f187d3fcd0734379aea2baa60644426beda3dc456c92fc2a97204ca419757ddb,,,
seed,a2c_pointer,42.0,2272,0.5072431545704603,16,multimap_v3_1,paper_runs\multimap_v3_1\formal_training\formal_a2c_pointer_seed42_3000ep\training_metrics.jsonl,f187d3fcd0734379aea2baa60644426beda3dc456c92fc2a97204ca419757ddb,,,
seed,a2c_pointer,42.0,2288,0.5198230165988207,16,multimap_v3_1,paper_runs\multimap_v3_1\formal_training\formal_a2c_pointer_seed42_3000ep\training_metrics.jsonl,f187d3fcd0734379aea2baa60644426beda3dc456c92fc2a97204ca419757ddb,,,
seed,a2c_pointer,42.0,2304,0.4447791948914528,16,multimap_v3_1,paper_runs\multimap_v3_1\formal_training\formal_a2c_pointer_seed42_3000ep\training_metrics.jsonl,f187d3fcd0734379aea2baa60644426beda3dc456c92fc2a97204ca419757ddb,,,
seed,a2c_pointer,42.0,2320,0.503657198511064,16,multimap_v3_1,paper_runs\multimap_v3_1\formal_training\formal_a2c_pointer_seed42_3000ep\training_metrics.jsonl,f187d3fcd0734379aea2baa60644426beda3dc456c92fc2a97204ca419757ddb,,,
seed,a2c_pointer,42.0,2336,0.4808918219059706,16,multimap_v3_1,paper_runs\multimap_v3_1\formal_training\formal_a2c_pointer_seed42_3000ep\training_metrics.jsonl,f187d3fcd0734379aea2baa60644426beda3dc456c92fc2a97204ca419757ddb,,,
seed,a2c_pointer,42.0,2352,0.40652274899184704,16,multimap_v3_1,paper_runs\multimap_v3_1\formal_training\formal_a2c_pointer_seed42_3000ep\training_metrics.jsonl,f187d3fcd0734379aea2baa60644426beda3dc456c92fc2a97204ca419757ddb,,,
seed,a2c_pointer,42.0,2368,0.5526845641434193,16,multimap_v3_1,paper_runs\multimap_v3_1\formal_training\formal_a2c_pointer_seed42_3000ep\training_metrics.jsonl,f187d3fcd0734379aea2baa60644426beda3dc456c92fc2a97204ca419757ddb,,,
seed,a2c_pointer,42.0,2384,0.47776733711361885,16,multimap_v3_1,paper_runs\multimap_v3_1\formal_training\formal_a2c_pointer_seed42_3000ep\training_metrics.jsonl,f187d3fcd0734379aea2baa60644426beda3dc456c92fc2a97204ca419757ddb,,,
seed,a2c_pointer,42.0,2400,0.4395250929519534,16,multimap_v3_1,paper_runs\multimap_v3_1\formal_training\formal_a2c_pointer_seed42_3000ep\training_metrics.jsonl,f187d3fcd0734379aea2baa60644426beda3dc456c92fc2a97204ca419757ddb,,,
seed,a2c_pointer,42.0,2416,0.4548747595399618,16,multimap_v3_1,paper_runs\multimap_v3_1\formal_training\formal_a2c_pointer_seed42_3000ep\training_metrics.jsonl,f187d3fcd0734379aea2baa60644426beda3dc456c92fc2a97204ca419757ddb,,,
seed,a2c_pointer,42.0,2432,0.4655267894268036,16,multimap_v3_1,paper_runs\multimap_v3_1\formal_training\formal_a2c_pointer_seed42_3000ep\training_metrics.jsonl,f187d3fcd0734379aea2baa60644426beda3dc456c92fc2a97204ca419757ddb,,,
seed,a2c_pointer,42.0,2448,0.42419223207980394,16,multimap_v3_1,paper_runs\multimap_v3_1\formal_training\formal_a2c_pointer_seed42_3000ep\training_metrics.jsonl,f187d3fcd0734379aea2baa60644426beda3dc456c92fc2a97204ca419757ddb,,,
seed,a2c_pointer,42.0,2464,0.4936797432601452,16,multimap_v3_1,paper_runs\multimap_v3_1\formal_training\formal_a2c_pointer_seed42_3000ep\training_metrics.jsonl,f187d3fcd0734379aea2baa60644426beda3dc456c92fc2a97204ca419757ddb,,,
seed,a2c_pointer,42.0,2480,0.5179906021803617,16,multimap_v3_1,paper_runs\multimap_v3_1\formal_training\formal_a2c_pointer_seed42_3000ep\training_metrics.jsonl,f187d3fcd0734379aea2baa60644426beda3dc456c92fc2a97204ca419757ddb,,,
seed,a2c_pointer,42.0,2496,0.43431700952351093,16,multimap_v3_1,paper_runs\multimap_v3_1\formal_training\formal_a2c_pointer_seed42_3000ep\training_metrics.jsonl,f187d3fcd0734379aea2baa60644426beda3dc456c92fc2a97204ca419757ddb,,,
seed,a2c_pointer,42.0,2500,0.5275348648428917,16,multimap_v3_1,paper_runs\multimap_v3_1\formal_training\formal_a2c_pointer_seed42_3000ep\training_metrics.jsonl,f187d3fcd0734379aea2baa60644426beda3dc456c92fc2a97204ca419757ddb,,,
seed,a2c_pointer,42.0,2516,0.49176744371652603,16,multimap_v3_1,paper_runs\multimap_v3_1\formal_training\formal_a2c_pointer_seed42_3000ep\training_metrics.jsonl,f187d3fcd0734379aea2baa60644426beda3dc456c92fc2a97204ca419757ddb,,,
seed,a2c_pointer,42.0,2532,0.4599682195112109,16,multimap_v3_1,paper_runs\multimap_v3_1\formal_training\formal_a2c_pointer_seed42_3000ep\training_metrics.jsonl,f187d3fcd0734379aea2baa60644426beda3dc456c92fc2a97204ca419757ddb,,,
seed,a2c_pointer,42.0,2548,0.4800319951027632,16,multimap_v3_1,paper_runs\multimap_v3_1\formal_training\formal_a2c_pointer_seed42_3000ep\training_metrics.jsonl,f187d3fcd0734379aea2baa60644426beda3dc456c92fc2a97204ca419757ddb,,,
seed,a2c_pointer,42.0,2564,0.382523643784225,16,multimap_v3_1,paper_runs\multimap_v3_1\formal_training\formal_a2c_pointer_seed42_3000ep\training_metrics.jsonl,f187d3fcd0734379aea2baa60644426beda3dc456c92fc2a97204ca419757ddb,,,
seed,a2c_pointer,42.0,2580,0.45472183637320995,16,multimap_v3_1,paper_runs\multimap_v3_1\formal_training\formal_a2c_pointer_seed42_3000ep\training_metrics.jsonl,f187d3fcd0734379aea2baa60644426beda3dc456c92fc2a97204ca419757ddb,,,
seed,a2c_pointer,42.0,2596,0.4413803555071354,16,multimap_v3_1,paper_runs\multimap_v3_1\formal_training\formal_a2c_pointer_seed42_3000ep\training_metrics.jsonl,f187d3fcd0734379aea2baa60644426beda3dc456c92fc2a97204ca419757ddb,,,
seed,a2c_pointer,42.0,2612,0.44032879266887903,16,multimap_v3_1,paper_runs\multimap_v3_1\formal_training\formal_a2c_pointer_seed42_3000ep\training_metrics.jsonl,f187d3fcd0734379aea2baa60644426beda3dc456c92fc2a97204ca419757ddb,,,
seed,a2c_pointer,42.0,2628,0.4259889628738165,16,multimap_v3_1,paper_runs\multimap_v3_1\formal_training\formal_a2c_pointer_seed42_3000ep\training_metrics.jsonl,f187d3fcd0734379aea2baa60644426beda3dc456c92fc2a97204ca419757ddb,,,
seed,a2c_pointer,42.0,2644,0.4236703831702471,16,multimap_v3_1,paper_runs\multimap_v3_1\formal_training\formal_a2c_pointer_seed42_3000ep\training_metrics.jsonl,f187d3fcd0734379aea2baa60644426beda3dc456c92fc2a97204ca419757ddb,,,
seed,a2c_pointer,42.0,2660,0.39705451019108295,16,multimap_v3_1,paper_runs\multimap_v3_1\formal_training\formal_a2c_pointer_seed42_3000ep\training_metrics.jsonl,f187d3fcd0734379aea2baa60644426beda3dc456c92fc2a97204ca419757ddb,,,
seed,a2c_pointer,42.0,2676,0.4320431053638458,16,multimap_v3_1,paper_runs\multimap_v3_1\formal_training\formal_a2c_pointer_seed42_3000ep\training_metrics.jsonl,f187d3fcd0734379aea2baa60644426beda3dc456c92fc2a97204ca419757ddb,,,
seed,a2c_pointer,42.0,2692,0.48411471024155617,16,multimap_v3_1,paper_runs\multimap_v3_1\formal_training\formal_a2c_pointer_seed42_3000ep\training_metrics.jsonl,f187d3fcd0734379aea2baa60644426beda3dc456c92fc2a97204ca419757ddb,,,
seed,a2c_pointer,42.0,2708,0.4812582777813077,16,multimap_v3_1,paper_runs\multimap_v3_1\formal_training\formal_a2c_pointer_seed42_3000ep\training_metrics.jsonl,f187d3fcd0734379aea2baa60644426beda3dc456c92fc2a97204ca419757ddb,,,
seed,a2c_pointer,42.0,2724,0.45345561765134335,16,multimap_v3_1,paper_runs\multimap_v3_1\formal_training\formal_a2c_pointer_seed42_3000ep\training_metrics.jsonl,f187d3fcd0734379aea2baa60644426beda3dc456c92fc2a97204ca419757ddb,,,
seed,a2c_pointer,42.0,2740,0.48055060114711523,16,multimap_v3_1,paper_runs\multimap_v3_1\formal_training\formal_a2c_pointer_seed42_3000ep\training_metrics.jsonl,f187d3fcd0734379aea2baa60644426beda3dc456c92fc2a97204ca419757ddb,,,
seed,a2c_pointer,42.0,2756,0.4649975532665849,16,multimap_v3_1,paper_runs\multimap_v3_1\formal_training\formal_a2c_pointer_seed42_3000ep\training_metrics.jsonl,f187d3fcd0734379aea2baa60644426beda3dc456c92fc2a97204ca419757ddb,,,
seed,a2c_pointer,42.0,2772,0.41785156540572643,16,multimap_v3_1,paper_runs\multimap_v3_1\formal_training\formal_a2c_pointer_seed42_3000ep\training_metrics.jsonl,f187d3fcd0734379aea2baa60644426beda3dc456c92fc2a97204ca419757ddb,,,
seed,a2c_pointer,42.0,2788,0.5061140228062868,16,multimap_v3_1,paper_runs\multimap_v3_1\formal_training\formal_a2c_pointer_seed42_3000ep\training_metrics.jsonl,f187d3fcd0734379aea2baa60644426beda3dc456c92fc2a97204ca419757ddb,,,
seed,a2c_pointer,42.0,2804,0.4917854331433773,16,multimap_v3_1,paper_runs\multimap_v3_1\formal_training\formal_a2c_pointer_seed42_3000ep\training_metrics.jsonl,f187d3fcd0734379aea2baa60644426beda3dc456c92fc2a97204ca419757ddb,,,
seed,a2c_pointer,42.0,2820,0.40376733895391226,16,multimap_v3_1,paper_runs\multimap_v3_1\formal_training\formal_a2c_pointer_seed42_3000ep\training_metrics.jsonl,f187d3fcd0734379aea2baa60644426beda3dc456c92fc2a97204ca419757ddb,,,
seed,a2c_pointer,42.0,2836,0.5037289280444384,16,multimap_v3_1,paper_runs\multimap_v3_1\formal_training\formal_a2c_pointer_seed42_3000ep\training_metrics.jsonl,f187d3fcd0734379aea2baa60644426beda3dc456c92fc2a97204ca419757ddb,,,
seed,a2c_pointer,42.0,2852,0.4636206980794668,16,multimap_v3_1,paper_runs\multimap_v3_1\formal_training\formal_a2c_pointer_seed42_3000ep\training_metrics.jsonl,f187d3fcd0734379aea2baa60644426beda3dc456c92fc2a97204ca419757ddb,,,
seed,a2c_pointer,42.0,2868,0.47377203963696957,16,multimap_v3_1,paper_runs\multimap_v3_1\formal_training\formal_a2c_pointer_seed42_3000ep\training_metrics.jsonl,f187d3fcd0734379aea2baa60644426beda3dc456c92fc2a97204ca419757ddb,,,
seed,a2c_pointer,42.0,2884,0.4762827903032303,16,multimap_v3_1,paper_runs\multimap_v3_1\formal_training\formal_a2c_pointer_seed42_3000ep\training_metrics.jsonl,f187d3fcd0734379aea2baa60644426beda3dc456c92fc2a97204ca419757ddb,,,
seed,a2c_pointer,42.0,2900,0.49346196465194225,16,multimap_v3_1,paper_runs\multimap_v3_1\formal_training\formal_a2c_pointer_seed42_3000ep\training_metrics.jsonl,f187d3fcd0734379aea2baa60644426beda3dc456c92fc2a97204ca419757ddb,,,
seed,a2c_pointer,42.0,2916,0.37588743679225445,16,multimap_v3_1,paper_runs\multimap_v3_1\formal_training\formal_a2c_pointer_seed42_3000ep\training_metrics.jsonl,f187d3fcd0734379aea2baa60644426beda3dc456c92fc2a97204ca419757ddb,,,
seed,a2c_pointer,42.0,2932,0.5327436085790396,16,multimap_v3_1,paper_runs\multimap_v3_1\formal_training\formal_a2c_pointer_seed42_3000ep\training_metrics.jsonl,f187d3fcd0734379aea2baa60644426beda3dc456c92fc2a97204ca419757ddb,,,
seed,a2c_pointer,42.0,2948,0.4355417946353555,16,multimap_v3_1,paper_runs\multimap_v3_1\formal_training\formal_a2c_pointer_seed42_3000ep\training_metrics.jsonl,f187d3fcd0734379aea2baa60644426beda3dc456c92fc2a97204ca419757ddb,,,
seed,a2c_pointer,42.0,2964,0.42562187276780605,16,multimap_v3_1,paper_runs\multimap_v3_1\formal_training\formal_a2c_pointer_seed42_3000ep\training_metrics.jsonl,f187d3fcd0734379aea2baa60644426beda3dc456c92fc2a97204ca419757ddb,,,
seed,a2c_pointer,42.0,2980,0.4881455935537815,16,multimap_v3_1,paper_runs\multimap_v3_1\formal_training\formal_a2c_pointer_seed42_3000ep\training_metrics.jsonl,f187d3fcd0734379aea2baa60644426beda3dc456c92fc2a97204ca419757ddb,,,
seed,a2c_pointer,42.0,2996,0.4279413940384984,16,multimap_v3_1,paper_runs\multimap_v3_1\formal_training\formal_a2c_pointer_seed42_3000ep\training_metrics.jsonl,f187d3fcd0734379aea2baa60644426beda3dc456c92fc2a97204ca419757ddb,,,
seed,a2c_pointer,42.0,3000,0.5379206761717796,16,multimap_v3_1,paper_runs\multimap_v3_1\formal_training\formal_a2c_pointer_seed42_3000ep\training_metrics.jsonl,f187d3fcd0734379aea2baa60644426beda3dc456c92fc2a97204ca419757ddb,,,
seed,a2c_pointer,43.0,16,0.22054706094786525,16,multimap_v3_1,paper_runs\multimap_v3_1\formal_training\formal_a2c_pointer_seed43_3000ep\training_metrics.jsonl,5d257f72c97ca76f3d6237b5f89e60b2f01e0ae9bace8445d6c30024c1e7d905,,,
seed,a2c_pointer,43.0,32,0.21863100677728653,16,multimap_v3_1,paper_runs\multimap_v3_1\formal_training\formal_a2c_pointer_seed43_3000ep\training_metrics.jsonl,5d257f72c97ca76f3d6237b5f89e60b2f01e0ae9bace8445d6c30024c1e7d905,,,
seed,a2c_pointer,43.0,48,0.19829973205924034,16,multimap_v3_1,paper_runs\multimap_v3_1\formal_training\formal_a2c_pointer_seed43_3000ep\training_metrics.jsonl,5d257f72c97ca76f3d6237b5f89e60b2f01e0ae9bace8445d6c30024c1e7d905,,,
seed,a2c_pointer,43.0,64,0.25750564876943827,16,multimap_v3_1,paper_runs\multimap_v3_1\formal_training\formal_a2c_pointer_seed43_3000ep\training_metrics.jsonl,5d257f72c97ca76f3d6237b5f89e60b2f01e0ae9bace8445d6c30024c1e7d905,,,
seed,a2c_pointer,43.0,80,0.24610905908048153,16,multimap_v3_1,paper_runs\multimap_v3_1\formal_training\formal_a2c_pointer_seed43_3000ep\training_metrics.jsonl,5d257f72c97ca76f3d6237b5f89e60b2f01e0ae9bace8445d6c30024c1e7d905,,,
seed,a2c_pointer,43.0,96,0.21874470938928425,16,multimap_v3_1,paper_runs\multimap_v3_1\formal_training\formal_a2c_pointer_seed43_3000ep\training_metrics.jsonl,5d257f72c97ca76f3d6237b5f89e60b2f01e0ae9bace8445d6c30024c1e7d905,,,
seed,a2c_pointer,43.0,112,0.27096310909837484,16,multimap_v3_1,paper_runs\multimap_v3_1\formal_training\formal_a2c_pointer_seed43_3000ep\training_metrics.jsonl,5d257f72c97ca76f3d6237b5f89e60b2f01e0ae9bace8445d6c30024c1e7d905,,,
seed,a2c_pointer,43.0,128,0.272543977946043,16,multimap_v3_1,paper_runs\multimap_v3_1\formal_training\formal_a2c_pointer_seed43_3000ep\training_metrics.jsonl,5d257f72c97ca76f3d6237b5f89e60b2f01e0ae9bace8445d6c30024c1e7d905,,,
seed,a2c_pointer,43.0,144,0.25425446033477783,16,multimap_v3_1,paper_runs\multimap_v3_1\formal_training\formal_a2c_pointer_seed43_3000ep\training_metrics.jsonl,5d257f72c97ca76f3d6237b5f89e60b2f01e0ae9bace8445d6c30024c1e7d905,,,
seed,a2c_pointer,43.0,160,0.31031193071976304,16,multimap_v3_1,paper_runs\multimap_v3_1\formal_training\formal_a2c_pointer_seed43_3000ep\training_metrics.jsonl,5d257f72c97ca76f3d6237b5f89e60b2f01e0ae9bace8445d6c30024c1e7d905,,,
seed,a2c_pointer,43.0,176,0.24165597185492516,16,multimap_v3_1,paper_runs\multimap_v3_1\formal_training\formal_a2c_pointer_seed43_3000ep\training_metrics.jsonl,5d257f72c97ca76f3d6237b5f89e60b2f01e0ae9bace8445d6c30024c1e7d905,,,
seed,a2c_pointer,43.0,192,0.2644143891520798,16,multimap_v3_1,paper_runs\multimap_v3_1\formal_training\formal_a2c_pointer_seed43_3000ep\training_metrics.jsonl,5d257f72c97ca76f3d6237b5f89e60b2f01e0ae9bace8445d6c30024c1e7d905,,,
seed,a2c_pointer,43.0,208,0.2871970431879163,16,multimap_v3_1,paper_runs\multimap_v3_1\formal_training\formal_a2c_pointer_seed43_3000ep\training_metrics.jsonl,5d257f72c97ca76f3d6237b5f89e60b2f01e0ae9bace8445d6c30024c1e7d905,,,
seed,a2c_pointer,43.0,224,0.31477856636047363,16,multimap_v3_1,paper_runs\multimap_v3_1\formal_training\formal_a2c_pointer_seed43_3000ep\training_metrics.jsonl,5d257f72c97ca76f3d6237b5f89e60b2f01e0ae9bace8445d6c30024c1e7d905,,,
seed,a2c_pointer,43.0,240,0.23910562694072723,16,multimap_v3_1,paper_runs\multimap_v3_1\formal_training\formal_a2c_pointer_seed43_3000ep\training_metrics.jsonl,5d257f72c97ca76f3d6237b5f89e60b2f01e0ae9bace8445d6c30024c1e7d905,,,
seed,a2c_pointer,43.0,250,0.3861434578895569,16,multimap_v3_1,paper_runs\multimap_v3_1\formal_training\formal_a2c_pointer_seed43_3000ep\training_metrics.jsonl,5d257f72c97ca76f3d6237b5f89e60b2f01e0ae9bace8445d6c30024c1e7d905,,,
seed,a2c_pointer,43.0,266,0.28981247544288635,16,multimap_v3_1,paper_runs\multimap_v3_1\formal_training\formal_a2c_pointer_seed43_3000ep\training_metrics.jsonl,5d257f72c97ca76f3d6237b5f89e60b2f01e0ae9bace8445d6c30024c1e7d905,,,
seed,a2c_pointer,43.0,282,0.29015040770173073,16,multimap_v3_1,paper_runs\multimap_v3_1\formal_training\formal_a2c_pointer_seed43_3000ep\training_metrics.jsonl,5d257f72c97ca76f3d6237b5f89e60b2f01e0ae9bace8445d6c30024c1e7d905,,,
seed,a2c_pointer,43.0,298,0.35691484343260527,16,multimap_v3_1,paper_runs\multimap_v3_1\formal_training\formal_a2c_pointer_seed43_3000ep\training_metrics.jsonl,5d257f72c97ca76f3d6237b5f89e60b2f01e0ae9bace8445d6c30024c1e7d905,,,
seed,a2c_pointer,43.0,314,0.32242247741669416,16,multimap_v3_1,paper_runs\multimap_v3_1\formal_training\formal_a2c_pointer_seed43_3000ep\training_metrics.jsonl,5d257f72c97ca76f3d6237b5f89e60b2f01e0ae9bace8445d6c30024c1e7d905,,,
seed,a2c_pointer,43.0,330,0.29157884884625673,16,multimap_v3_1,paper_runs\multimap_v3_1\formal_training\formal_a2c_pointer_seed43_3000ep\training_metrics.jsonl,5d257f72c97ca76f3d6237b5f89e60b2f01e0ae9bace8445d6c30024c1e7d905,,,
seed,a2c_pointer,43.0,346,0.36834454629570246,16,multimap_v3_1,paper_runs\multimap_v3_1\formal_training\formal_a2c_pointer_seed43_3000ep\training_metrics.jsonl,5d257f72c97ca76f3d6237b5f89e60b2f01e0ae9bace8445d6c30024c1e7d905,,,
seed,a2c_pointer,43.0,362,0.3179902257397771,16,multimap_v3_1,paper_runs\multimap_v3_1\formal_training\formal_a2c_pointer_seed43_3000ep\training_metrics.jsonl,5d257f72c97ca76f3d6237b5f89e60b2f01e0ae9bace8445d6c30024c1e7d905,,,
seed,a2c_pointer,43.0,378,0.3257558522745967,16,multimap_v3_1,paper_runs\multimap_v3_1\formal_training\formal_a2c_pointer_seed43_3000ep\training_metrics.jsonl,5d257f72c97ca76f3d6237b5f89e60b2f01e0ae9bace8445d6c30024c1e7d905,,,
seed,a2c_pointer,43.0,394,0.34509613551199436,16,multimap_v3_1,paper_runs\multimap_v3_1\formal_training\formal_a2c_pointer_seed43_3000ep\training_metrics.jsonl,5d257f72c97ca76f3d6237b5f89e60b2f01e0ae9bace8445d6c30024c1e7d905,,,
seed,a2c_pointer,43.0,410,0.3304842337965965,16,multimap_v3_1,paper_runs\multimap_v3_1\formal_training\formal_a2c_pointer_seed43_3000ep\training_metrics.jsonl,5d257f72c97ca76f3d6237b5f89e60b2f01e0ae9bace8445d6c30024c1e7d905,,,
seed,a2c_pointer,43.0,426,0.3245968110859394,16,multimap_v3_1,paper_runs\multimap_v3_1\formal_training\formal_a2c_pointer_seed43_3000ep\training_metrics.jsonl,5d257f72c97ca76f3d6237b5f89e60b2f01e0ae9bace8445d6c30024c1e7d905,,,
seed,a2c_pointer,43.0,442,0.39630690962076187,16,multimap_v3_1,paper_runs\multimap_v3_1\formal_training\formal_a2c_pointer_seed43_3000ep\training_metrics.jsonl,5d257f72c97ca76f3d6237b5f89e60b2f01e0ae9bace8445d6c30024c1e7d905,,,
seed,a2c_pointer,43.0,458,0.3202012116089463,16,multimap_v3_1,paper_runs\multimap_v3_1\formal_training\formal_a2c_pointer_seed43_3000ep\training_metrics.jsonl,5d257f72c97ca76f3d6237b5f89e60b2f01e0ae9bace8445d6c30024c1e7d905,,,
seed,a2c_pointer,43.0,474,0.3181004785001278,16,multimap_v3_1,paper_runs\multimap_v3_1\formal_training\formal_a2c_pointer_seed43_3000ep\training_metrics.jsonl,5d257f72c97ca76f3d6237b5f89e60b2f01e0ae9bace8445d6c30024c1e7d905,,,
seed,a2c_pointer,43.0,490,0.4273672755807638,16,multimap_v3_1,paper_runs\multimap_v3_1\formal_training\formal_a2c_pointer_seed43_3000ep\training_metrics.jsonl,5d257f72c97ca76f3d6237b5f89e60b2f01e0ae9bace8445d6c30024c1e7d905,,,
seed,a2c_pointer,43.0,500,0.3640745848417282,16,multimap_v3_1,paper_runs\multimap_v3_1\formal_training\formal_a2c_pointer_seed43_3000ep\training_metrics.jsonl,5d257f72c97ca76f3d6237b5f89e60b2f01e0ae9bace8445d6c30024c1e7d905,,,
seed,a2c_pointer,43.0,516,0.320809805765748,16,multimap_v3_1,paper_runs\multimap_v3_1\formal_training\formal_a2c_pointer_seed43_3000ep\training_metrics.jsonl,5d257f72c97ca76f3d6237b5f89e60b2f01e0ae9bace8445d6c30024c1e7d905,,,
seed,a2c_pointer,43.0,532,0.37508548703044653,16,multimap_v3_1,paper_runs\multimap_v3_1\formal_training\formal_a2c_pointer_seed43_3000ep\training_metrics.jsonl,5d257f72c97ca76f3d6237b5f89e60b2f01e0ae9bace8445d6c30024c1e7d905,,,
seed,a2c_pointer,43.0,548,0.3649623617529869,16,multimap_v3_1,paper_runs\multimap_v3_1\formal_training\formal_a2c_pointer_seed43_3000ep\training_metrics.jsonl,5d257f72c97ca76f3d6237b5f89e60b2f01e0ae9bace8445d6c30024c1e7d905,,,
seed,a2c_pointer,43.0,564,0.3209411883726716,16,multimap_v3_1,paper_runs\multimap_v3_1\formal_training\formal_a2c_pointer_seed43_3000ep\training_metrics.jsonl,5d257f72c97ca76f3d6237b5f89e60b2f01e0ae9bace8445d6c30024c1e7d905,,,
seed,a2c_pointer,43.0,580,0.4077422320842743,16,multimap_v3_1,paper_runs\multimap_v3_1\formal_training\formal_a2c_pointer_seed43_3000ep\training_metrics.jsonl,5d257f72c97ca76f3d6237b5f89e60b2f01e0ae9bace8445d6c30024c1e7d905,,,
seed,a2c_pointer,43.0,596,0.4231143882498145,16,multimap_v3_1,paper_runs\multimap_v3_1\formal_training\formal_a2c_pointer_seed43_3000ep\training_metrics.jsonl,5d257f72c97ca76f3d6237b5f89e60b2f01e0ae9bace8445d6c30024c1e7d905,,,
seed,a2c_pointer,43.0,612,0.36404903419315815,16,multimap_v3_1,paper_runs\multimap_v3_1\formal_training\formal_a2c_pointer_seed43_3000ep\training_metrics.jsonl,5d257f72c97ca76f3d6237b5f89e60b2f01e0ae9bace8445d6c30024c1e7d905,,,
seed,a2c_pointer,43.0,628,0.4485974796116352,16,multimap_v3_1,paper_runs\multimap_v3_1\formal_training\formal_a2c_pointer_seed43_3000ep\training_metrics.jsonl,5d257f72c97ca76f3d6237b5f89e60b2f01e0ae9bace8445d6c30024c1e7d905,,,
seed,a2c_pointer,43.0,644,0.39327908772975206,16,multimap_v3_1,paper_runs\multimap_v3_1\formal_training\formal_a2c_pointer_seed43_3000ep\training_metrics.jsonl,5d257f72c97ca76f3d6237b5f89e60b2f01e0ae9bace8445d6c30024c1e7d905,,,
seed,a2c_pointer,43.0,660,0.3526443117298186,16,multimap_v3_1,paper_runs\multimap_v3_1\formal_training\formal_a2c_pointer_seed43_3000ep\training_metrics.jsonl,5d257f72c97ca76f3d6237b5f89e60b2f01e0ae9bace8445d6c30024c1e7d905,,,
seed,a2c_pointer,43.0,676,0.413881691172719,16,multimap_v3_1,paper_runs\multimap_v3_1\formal_training\formal_a2c_pointer_seed43_3000ep\training_metrics.jsonl,5d257f72c97ca76f3d6237b5f89e60b2f01e0ae9bace8445d6c30024c1e7d905,,,
seed,a2c_pointer,43.0,692,0.4135480457916856,16,multimap_v3_1,paper_runs\multimap_v3_1\formal_training\formal_a2c_pointer_seed43_3000ep\training_metrics.jsonl,5d257f72c97ca76f3d6237b5f89e60b2f01e0ae9bace8445d6c30024c1e7d905,,,
seed,a2c_pointer,43.0,708,0.39714760333299637,16,multimap_v3_1,paper_runs\multimap_v3_1\formal_training\formal_a2c_pointer_seed43_3000ep\training_metrics.jsonl,5d257f72c97ca76f3d6237b5f89e60b2f01e0ae9bace8445d6c30024c1e7d905,,,
seed,a2c_pointer,43.0,724,0.48399868607521057,16,multimap_v3_1,paper_runs\multimap_v3_1\formal_training\formal_a2c_pointer_seed43_3000ep\training_metrics.jsonl,5d257f72c97ca76f3d6237b5f89e60b2f01e0ae9bace8445d6c30024c1e7d905,,,
seed,a2c_pointer,43.0,740,0.44804316852241755,16,multimap_v3_1,paper_runs\multimap_v3_1\formal_training\formal_a2c_pointer_seed43_3000ep\training_metrics.jsonl,5d257f72c97ca76f3d6237b5f89e60b2f01e0ae9bace8445d6c30024c1e7d905,,,
seed,a2c_pointer,43.0,756,0.3363274186849594,16,multimap_v3_1,paper_runs\multimap_v3_1\formal_training\formal_a2c_pointer_seed43_3000ep\training_metrics.jsonl,5d257f72c97ca76f3d6237b5f89e60b2f01e0ae9bace8445d6c30024c1e7d905,,,
seed,a2c_pointer,43.0,772,0.4821561798453331,16,multimap_v3_1,paper_runs\multimap_v3_1\formal_training\formal_a2c_pointer_seed43_3000ep\training_metrics.jsonl,5d257f72c97ca76f3d6237b5f89e60b2f01e0ae9bace8445d6c30024c1e7d905,,,
seed,a2c_pointer,43.0,788,0.4465029500424862,16,multimap_v3_1,paper_runs\multimap_v3_1\formal_training\formal_a2c_pointer_seed43_3000ep\training_metrics.jsonl,5d257f72c97ca76f3d6237b5f89e60b2f01e0ae9bace8445d6c30024c1e7d905,,,
seed,a2c_pointer,43.0,804,0.38062057364732027,16,multimap_v3_1,paper_runs\multimap_v3_1\formal_training\formal_a2c_pointer_seed43_3000ep\training_metrics.jsonl,5d257f72c97ca76f3d6237b5f89e60b2f01e0ae9bace8445d6c30024c1e7d905,,,
seed,a2c_pointer,43.0,820,0.4312619036063552,16,multimap_v3_1,paper_runs\multimap_v3_1\formal_training\formal_a2c_pointer_seed43_3000ep\training_metrics.jsonl,5d257f72c97ca76f3d6237b5f89e60b2f01e0ae9bace8445d6c30024c1e7d905,,,
seed,a2c_pointer,43.0,836,0.40287411492317915,16,multimap_v3_1,paper_runs\multimap_v3_1\formal_training\formal_a2c_pointer_seed43_3000ep\training_metrics.jsonl,5d257f72c97ca76f3d6237b5f89e60b2f01e0ae9bace8445d6c30024c1e7d905,,,
seed,a2c_pointer,43.0,852,0.4290330233052373,16,multimap_v3_1,paper_runs\multimap_v3_1\formal_training\formal_a2c_pointer_seed43_3000ep\training_metrics.jsonl,5d257f72c97ca76f3d6237b5f89e60b2f01e0ae9bace8445d6c30024c1e7d905,,,
seed,a2c_pointer,43.0,868,0.42990803346037865,16,multimap_v3_1,paper_runs\multimap_v3_1\formal_training\formal_a2c_pointer_seed43_3000ep\training_metrics.jsonl,5d257f72c97ca76f3d6237b5f89e60b2f01e0ae9bace8445d6c30024c1e7d905,,,
seed,a2c_pointer,43.0,884,0.4274851307272911,16,multimap_v3_1,paper_runs\multimap_v3_1\formal_training\formal_a2c_pointer_seed43_3000ep\training_metrics.jsonl,5d257f72c97ca76f3d6237b5f89e60b2f01e0ae9bace8445d6c30024c1e7d905,,,
seed,a2c_pointer,43.0,900,0.4369121780619025,16,multimap_v3_1,paper_runs\multimap_v3_1\formal_training\formal_a2c_pointer_seed43_3000ep\training_metrics.jsonl,5d257f72c97ca76f3d6237b5f89e60b2f01e0ae9bace8445d6c30024c1e7d905,,,
seed,a2c_pointer,43.0,916,0.4798114728182554,16,multimap_v3_1,paper_runs\multimap_v3_1\formal_training\formal_a2c_pointer_seed43_3000ep\training_metrics.jsonl,5d257f72c97ca76f3d6237b5f89e60b2f01e0ae9bace8445d6c30024c1e7d905,,,
seed,a2c_pointer,43.0,932,0.40119602531194687,16,multimap_v3_1,paper_runs\multimap_v3_1\formal_training\formal_a2c_pointer_seed43_3000ep\training_metrics.jsonl,5d257f72c97ca76f3d6237b5f89e60b2f01e0ae9bace8445d6c30024c1e7d905,,,
seed,a2c_pointer,43.0,948,0.38485294580459595,16,multimap_v3_1,paper_runs\multimap_v3_1\formal_training\formal_a2c_pointer_seed43_3000ep\training_metrics.jsonl,5d257f72c97ca76f3d6237b5f89e60b2f01e0ae9bace8445d6c30024c1e7d905,,,
seed,a2c_pointer,43.0,964,0.43349133525043726,16,multimap_v3_1,paper_runs\multimap_v3_1\formal_training\formal_a2c_pointer_seed43_3000ep\training_metrics.jsonl,5d257f72c97ca76f3d6237b5f89e60b2f01e0ae9bace8445d6c30024c1e7d905,,,
seed,a2c_pointer,43.0,980,0.49119924008846283,16,multimap_v3_1,paper_runs\multimap_v3_1\formal_training\formal_a2c_pointer_seed43_3000ep\training_metrics.jsonl,5d257f72c97ca76f3d6237b5f89e60b2f01e0ae9bace8445d6c30024c1e7d905,,,
seed,a2c_pointer,43.0,996,0.4484441298991442,16,multimap_v3_1,paper_runs\multimap_v3_1\formal_training\formal_a2c_pointer_seed43_3000ep\training_metrics.jsonl,5d257f72c97ca76f3d6237b5f89e60b2f01e0ae9bace8445d6c30024c1e7d905,,,
seed,a2c_pointer,43.0,1000,0.4880254343152046,16,multimap_v3_1,paper_runs\multimap_v3_1\formal_training\formal_a2c_pointer_seed43_3000ep\training_metrics.jsonl,5d257f72c97ca76f3d6237b5f89e60b2f01e0ae9bace8445d6c30024c1e7d905,,,
seed,a2c_pointer,43.0,1016,0.4873063461855054,16,multimap_v3_1,paper_runs\multimap_v3_1\formal_training\formal_a2c_pointer_seed43_3000ep\training_metrics.jsonl,5d257f72c97ca76f3d6237b5f89e60b2f01e0ae9bace8445d6c30024c1e7d905,,,
seed,a2c_pointer,43.0,1032,0.4610662329941988,16,multimap_v3_1,paper_runs\multimap_v3_1\formal_training\formal_a2c_pointer_seed43_3000ep\training_metrics.jsonl,5d257f72c97ca76f3d6237b5f89e60b2f01e0ae9bace8445d6c30024c1e7d905,,,
seed,a2c_pointer,43.0,1048,0.4610036350786686,16,multimap_v3_1,paper_runs\multimap_v3_1\formal_training\formal_a2c_pointer_seed43_3000ep\training_metrics.jsonl,5d257f72c97ca76f3d6237b5f89e60b2f01e0ae9bace8445d6c30024c1e7d905,,,
seed,a2c_pointer,43.0,1064,0.4057497885078192,16,multimap_v3_1,paper_runs\multimap_v3_1\formal_training\formal_a2c_pointer_seed43_3000ep\training_metrics.jsonl,5d257f72c97ca76f3d6237b5f89e60b2f01e0ae9bace8445d6c30024c1e7d905,,,
seed,a2c_pointer,43.0,1080,0.4370364295318723,16,multimap_v3_1,paper_runs\multimap_v3_1\formal_training\formal_a2c_pointer_seed43_3000ep\training_metrics.jsonl,5d257f72c97ca76f3d6237b5f89e60b2f01e0ae9bace8445d6c30024c1e7d905,,,
seed,a2c_pointer,43.0,1096,0.4764636470936239,16,multimap_v3_1,paper_runs\multimap_v3_1\formal_training\formal_a2c_pointer_seed43_3000ep\training_metrics.jsonl,5d257f72c97ca76f3d6237b5f89e60b2f01e0ae9bace8445d6c30024c1e7d905,,,
seed,a2c_pointer,43.0,1112,0.34212988219223917,16,multimap_v3_1,paper_runs\multimap_v3_1\formal_training\formal_a2c_pointer_seed43_3000ep\training_metrics.jsonl,5d257f72c97ca76f3d6237b5f89e60b2f01e0ae9bace8445d6c30024c1e7d905,,,
seed,a2c_pointer,43.0,1128,0.347963604144752,16,multimap_v3_1,paper_runs\multimap_v3_1\formal_training\formal_a2c_pointer_seed43_3000ep\training_metrics.jsonl,5d257f72c97ca76f3d6237b5f89e60b2f01e0ae9bace8445d6c30024c1e7d905,,,
seed,a2c_pointer,43.0,1144,0.371396507602185,16,multimap_v3_1,paper_runs\multimap_v3_1\formal_training\formal_a2c_pointer_seed43_3000ep\training_metrics.jsonl,5d257f72c97ca76f3d6237b5f89e60b2f01e0ae9bace8445d6c30024c1e7d905,,,
seed,a2c_pointer,43.0,1160,0.34517552610486746,16,multimap_v3_1,paper_runs\multimap_v3_1\formal_training\formal_a2c_pointer_seed43_3000ep\training_metrics.jsonl,5d257f72c97ca76f3d6237b5f89e60b2f01e0ae9bace8445d6c30024c1e7d905,,,
seed,a2c_pointer,43.0,1176,0.4294735034927726,16,multimap_v3_1,paper_runs\multimap_v3_1\formal_training\formal_a2c_pointer_seed43_3000ep\training_metrics.jsonl,5d257f72c97ca76f3d6237b5f89e60b2f01e0ae9bace8445d6c30024c1e7d905,,,
seed,a2c_pointer,43.0,1192,0.5427164379507303,16,multimap_v3_1,paper_runs\multimap_v3_1\formal_training\formal_a2c_pointer_seed43_3000ep\training_metrics.jsonl,5d257f72c97ca76f3d6237b5f89e60b2f01e0ae9bace8445d6c30024c1e7d905,,,
seed,a2c_pointer,43.0,1208,0.4870849512517452,16,multimap_v3_1,paper_runs\multimap_v3_1\formal_training\formal_a2c_pointer_seed43_3000ep\training_metrics.jsonl,5d257f72c97ca76f3d6237b5f89e60b2f01e0ae9bace8445d6c30024c1e7d905,,,
seed,a2c_pointer,43.0,1224,0.4448673455044627,16,multimap_v3_1,paper_runs\multimap_v3_1\formal_training\formal_a2c_pointer_seed43_3000ep\training_metrics.jsonl,5d257f72c97ca76f3d6237b5f89e60b2f01e0ae9bace8445d6c30024c1e7d905,,,
seed,a2c_pointer,43.0,1240,0.4703101608902216,16,multimap_v3_1,paper_runs\multimap_v3_1\formal_training\formal_a2c_pointer_seed43_3000ep\training_metrics.jsonl,5d257f72c97ca76f3d6237b5f89e60b2f01e0ae9bace8445d6c30024c1e7d905,,,
seed,a2c_pointer,43.0,1256,0.4182969471439719,16,multimap_v3_1,paper_runs\multimap_v3_1\formal_training\formal_a2c_pointer_seed43_3000ep\training_metrics.jsonl,5d257f72c97ca76f3d6237b5f89e60b2f01e0ae9bace8445d6c30024c1e7d905,,,
seed,a2c_pointer,43.0,1272,0.4192438507452607,16,multimap_v3_1,paper_runs\multimap_v3_1\formal_training\formal_a2c_pointer_seed43_3000ep\training_metrics.jsonl,5d257f72c97ca76f3d6237b5f89e60b2f01e0ae9bace8445d6c30024c1e7d905,,,
seed,a2c_pointer,43.0,1288,0.4512447752058506,16,multimap_v3_1,paper_runs\multimap_v3_1\formal_training\formal_a2c_pointer_seed43_3000ep\training_metrics.jsonl,5d257f72c97ca76f3d6237b5f89e60b2f01e0ae9bace8445d6c30024c1e7d905,,,
seed,a2c_pointer,43.0,1304,0.5212162919342518,16,multimap_v3_1,paper_runs\multimap_v3_1\formal_training\formal_a2c_pointer_seed43_3000ep\training_metrics.jsonl,5d257f72c97ca76f3d6237b5f89e60b2f01e0ae9bace8445d6c30024c1e7d905,,,
seed,a2c_pointer,43.0,1320,0.4625277202576399,16,multimap_v3_1,paper_runs\multimap_v3_1\formal_training\formal_a2c_pointer_seed43_3000ep\training_metrics.jsonl,5d257f72c97ca76f3d6237b5f89e60b2f01e0ae9bace8445d6c30024c1e7d905,,,
seed,a2c_pointer,43.0,1336,0.4526257887482643,16,multimap_v3_1,paper_runs\multimap_v3_1\formal_training\formal_a2c_pointer_seed43_3000ep\training_metrics.jsonl,5d257f72c97ca76f3d6237b5f89e60b2f01e0ae9bace8445d6c30024c1e7d905,,,
seed,a2c_pointer,43.0,1352,0.41515894141048193,16,multimap_v3_1,paper_runs\multimap_v3_1\formal_training\formal_a2c_pointer_seed43_3000ep\training_metrics.jsonl,5d257f72c97ca76f3d6237b5f89e60b2f01e0ae9bace8445d6c30024c1e7d905,,,
seed,a2c_pointer,43.0,1368,0.4358150251209736,16,multimap_v3_1,paper_runs\multimap_v3_1\formal_training\formal_a2c_pointer_seed43_3000ep\training_metrics.jsonl,5d257f72c97ca76f3d6237b5f89e60b2f01e0ae9bace8445d6c30024c1e7d905,,,
seed,a2c_pointer,43.0,1384,0.4512469917535782,16,multimap_v3_1,paper_runs\multimap_v3_1\formal_training\formal_a2c_pointer_seed43_3000ep\training_metrics.jsonl,5d257f72c97ca76f3d6237b5f89e60b2f01e0ae9bace8445d6c30024c1e7d905,,,
seed,a2c_pointer,43.0,1400,0.49629780650138855,16,multimap_v3_1,paper_runs\multimap_v3_1\formal_training\formal_a2c_pointer_seed43_3000ep\training_metrics.jsonl,5d257f72c97ca76f3d6237b5f89e60b2f01e0ae9bace8445d6c30024c1e7d905,,,
seed,a2c_pointer,43.0,1416,0.4331140462309122,16,multimap_v3_1,paper_runs\multimap_v3_1\formal_training\formal_a2c_pointer_seed43_3000ep\training_metrics.jsonl,5d257f72c97ca76f3d6237b5f89e60b2f01e0ae9bace8445d6c30024c1e7d905,,,
seed,a2c_pointer,43.0,1432,0.48624011501669884,16,multimap_v3_1,paper_runs\multimap_v3_1\formal_training\formal_a2c_pointer_seed43_3000ep\training_metrics.jsonl,5d257f72c97ca76f3d6237b5f89e60b2f01e0ae9bace8445d6c30024c1e7d905,,,
seed,a2c_pointer,43.0,1448,0.5055536013096571,16,multimap_v3_1,paper_runs\multimap_v3_1\formal_training\formal_a2c_pointer_seed43_3000ep\training_metrics.jsonl,5d257f72c97ca76f3d6237b5f89e60b2f01e0ae9bace8445d6c30024c1e7d905,,,
seed,a2c_pointer,43.0,1464,0.401379594579339,16,multimap_v3_1,paper_runs\multimap_v3_1\formal_training\formal_a2c_pointer_seed43_3000ep\training_metrics.jsonl,5d257f72c97ca76f3d6237b5f89e60b2f01e0ae9bace8445d6c30024c1e7d905,,,
seed,a2c_pointer,43.0,1480,0.47638239711523056,16,multimap_v3_1,paper_runs\multimap_v3_1\formal_training\formal_a2c_pointer_seed43_3000ep\training_metrics.jsonl,5d257f72c97ca76f3d6237b5f89e60b2f01e0ae9bace8445d6c30024c1e7d905,,,
seed,a2c_pointer,43.0,1496,0.4356022644788027,16,multimap_v3_1,paper_runs\multimap_v3_1\formal_training\formal_a2c_pointer_seed43_3000ep\training_metrics.jsonl,5d257f72c97ca76f3d6237b5f89e60b2f01e0ae9bace8445d6c30024c1e7d905,,,
seed,a2c_pointer,43.0,1500,0.466104194521904,16,multimap_v3_1,paper_runs\multimap_v3_1\formal_training\formal_a2c_pointer_seed43_3000ep\training_metrics.jsonl,5d257f72c97ca76f3d6237b5f89e60b2f01e0ae9bace8445d6c30024c1e7d905,,,
seed,a2c_pointer,43.0,1516,0.5137526821345091,16,multimap_v3_1,paper_runs\multimap_v3_1\formal_training\formal_a2c_pointer_seed43_3000ep\training_metrics.jsonl,5d257f72c97ca76f3d6237b5f89e60b2f01e0ae9bace8445d6c30024c1e7d905,,,
seed,a2c_pointer,43.0,1532,0.4603982400149107,16,multimap_v3_1,paper_runs\multimap_v3_1\formal_training\formal_a2c_pointer_seed43_3000ep\training_metrics.jsonl,5d257f72c97ca76f3d6237b5f89e60b2f01e0ae9bace8445d6c30024c1e7d905,,,
seed,a2c_pointer,43.0,1548,0.5373301394283772,16,multimap_v3_1,paper_runs\multimap_v3_1\formal_training\formal_a2c_pointer_seed43_3000ep\training_metrics.jsonl,5d257f72c97ca76f3d6237b5f89e60b2f01e0ae9bace8445d6c30024c1e7d905,,,
seed,a2c_pointer,43.0,1564,0.464660307392478,16,multimap_v3_1,paper_runs\multimap_v3_1\formal_training\formal_a2c_pointer_seed43_3000ep\training_metrics.jsonl,5d257f72c97ca76f3d6237b5f89e60b2f01e0ae9bace8445d6c30024c1e7d905,,,
seed,a2c_pointer,43.0,1580,0.4576055249199271,16,multimap_v3_1,paper_runs\multimap_v3_1\formal_training\formal_a2c_pointer_seed43_3000ep\training_metrics.jsonl,5d257f72c97ca76f3d6237b5f89e60b2f01e0ae9bace8445d6c30024c1e7d905,,,
seed,a2c_pointer,43.0,1596,0.44572863914072514,16,multimap_v3_1,paper_runs\multimap_v3_1\formal_training\formal_a2c_pointer_seed43_3000ep\training_metrics.jsonl,5d257f72c97ca76f3d6237b5f89e60b2f01e0ae9bace8445d6c30024c1e7d905,,,
seed,a2c_pointer,43.0,1612,0.4960251562297344,16,multimap_v3_1,paper_runs\multimap_v3_1\formal_training\formal_a2c_pointer_seed43_3000ep\training_metrics.jsonl,5d257f72c97ca76f3d6237b5f89e60b2f01e0ae9bace8445d6c30024c1e7d905,,,
seed,a2c_pointer,43.0,1628,0.4229781497269869,16,multimap_v3_1,paper_runs\multimap_v3_1\formal_training\formal_a2c_pointer_seed43_3000ep\training_metrics.jsonl,5d257f72c97ca76f3d6237b5f89e60b2f01e0ae9bace8445d6c30024c1e7d905,,,
seed,a2c_pointer,43.0,1644,0.44322652695700526,16,multimap_v3_1,paper_runs\multimap_v3_1\formal_training\formal_a2c_pointer_seed43_3000ep\training_metrics.jsonl,5d257f72c97ca76f3d6237b5f89e60b2f01e0ae9bace8445d6c30024c1e7d905,,,
seed,a2c_pointer,43.0,1660,0.43137992452830076,16,multimap_v3_1,paper_runs\multimap_v3_1\formal_training\formal_a2c_pointer_seed43_3000ep\training_metrics.jsonl,5d257f72c97ca76f3d6237b5f89e60b2f01e0ae9bace8445d6c30024c1e7d905,,,
seed,a2c_pointer,43.0,1676,0.4446281660348177,16,multimap_v3_1,paper_runs\multimap_v3_1\formal_training\formal_a2c_pointer_seed43_3000ep\training_metrics.jsonl,5d257f72c97ca76f3d6237b5f89e60b2f01e0ae9bace8445d6c30024c1e7d905,,,
seed,a2c_pointer,43.0,1692,0.4103242428973317,16,multimap_v3_1,paper_runs\multimap_v3_1\formal_training\formal_a2c_pointer_seed43_3000ep\training_metrics.jsonl,5d257f72c97ca76f3d6237b5f89e60b2f01e0ae9bace8445d6c30024c1e7d905,,,
seed,a2c_pointer,43.0,1708,0.4529939154163003,16,multimap_v3_1,paper_runs\multimap_v3_1\formal_training\formal_a2c_pointer_seed43_3000ep\training_metrics.jsonl,5d257f72c97ca76f3d6237b5f89e60b2f01e0ae9bace8445d6c30024c1e7d905,,,
seed,a2c_pointer,43.0,1724,0.41377018485218287,16,multimap_v3_1,paper_runs\multimap_v3_1\formal_training\formal_a2c_pointer_seed43_3000ep\training_metrics.jsonl,5d257f72c97ca76f3d6237b5f89e60b2f01e0ae9bace8445d6c30024c1e7d905,,,
seed,a2c_pointer,43.0,1740,0.44587712828069925,16,multimap_v3_1,paper_runs\multimap_v3_1\formal_training\formal_a2c_pointer_seed43_3000ep\training_metrics.jsonl,5d257f72c97ca76f3d6237b5f89e60b2f01e0ae9bace8445d6c30024c1e7d905,,,
seed,a2c_pointer,43.0,1756,0.5410223705694079,16,multimap_v3_1,paper_runs\multimap_v3_1\formal_training\formal_a2c_pointer_seed43_3000ep\training_metrics.jsonl,5d257f72c97ca76f3d6237b5f89e60b2f01e0ae9bace8445d6c30024c1e7d905,,,
seed,a2c_pointer,43.0,1772,0.40130394604057074,16,multimap_v3_1,paper_runs\multimap_v3_1\formal_training\formal_a2c_pointer_seed43_3000ep\training_metrics.jsonl,5d257f72c97ca76f3d6237b5f89e60b2f01e0ae9bace8445d6c30024c1e7d905,,,
seed,a2c_pointer,43.0,1788,0.4356396356597543,16,multimap_v3_1,paper_runs\multimap_v3_1\formal_training\formal_a2c_pointer_seed43_3000ep\training_metrics.jsonl,5d257f72c97ca76f3d6237b5f89e60b2f01e0ae9bace8445d6c30024c1e7d905,,,
seed,a2c_pointer,43.0,1804,0.5014529135078192,16,multimap_v3_1,paper_runs\multimap_v3_1\formal_training\formal_a2c_pointer_seed43_3000ep\training_metrics.jsonl,5d257f72c97ca76f3d6237b5f89e60b2f01e0ae9bace8445d6c30024c1e7d905,,,
seed,a2c_pointer,43.0,1820,0.46226467564702034,16,multimap_v3_1,paper_runs\multimap_v3_1\formal_training\formal_a2c_pointer_seed43_3000ep\training_metrics.jsonl,5d257f72c97ca76f3d6237b5f89e60b2f01e0ae9bace8445d6c30024c1e7d905,,,
seed,a2c_pointer,43.0,1836,0.41572307143360376,16,multimap_v3_1,paper_runs\multimap_v3_1\formal_training\formal_a2c_pointer_seed43_3000ep\training_metrics.jsonl,5d257f72c97ca76f3d6237b5f89e60b2f01e0ae9bace8445d6c30024c1e7d905,,,
seed,a2c_pointer,43.0,1852,0.5095140319317579,16,multimap_v3_1,paper_runs\multimap_v3_1\formal_training\formal_a2c_pointer_seed43_3000ep\training_metrics.jsonl,5d257f72c97ca76f3d6237b5f89e60b2f01e0ae9bace8445d6c30024c1e7d905,,,
seed,a2c_pointer,43.0,1868,0.4764820244163275,16,multimap_v3_1,paper_runs\multimap_v3_1\formal_training\formal_a2c_pointer_seed43_3000ep\training_metrics.jsonl,5d257f72c97ca76f3d6237b5f89e60b2f01e0ae9bace8445d6c30024c1e7d905,,,
seed,a2c_pointer,43.0,1884,0.4421197809278965,16,multimap_v3_1,paper_runs\multimap_v3_1\formal_training\formal_a2c_pointer_seed43_3000ep\training_metrics.jsonl,5d257f72c97ca76f3d6237b5f89e60b2f01e0ae9bace8445d6c30024c1e7d905,,,
seed,a2c_pointer,43.0,1900,0.49788734316825867,16,multimap_v3_1,paper_runs\multimap_v3_1\formal_training\formal_a2c_pointer_seed43_3000ep\training_metrics.jsonl,5d257f72c97ca76f3d6237b5f89e60b2f01e0ae9bace8445d6c30024c1e7d905,,,
seed,a2c_pointer,43.0,1916,0.45890461653470993,16,multimap_v3_1,paper_runs\multimap_v3_1\formal_training\formal_a2c_pointer_seed43_3000ep\training_metrics.jsonl,5d257f72c97ca76f3d6237b5f89e60b2f01e0ae9bace8445d6c30024c1e7d905,,,
seed,a2c_pointer,43.0,1932,0.4369782144203782,16,multimap_v3_1,paper_runs\multimap_v3_1\formal_training\formal_a2c_pointer_seed43_3000ep\training_metrics.jsonl,5d257f72c97ca76f3d6237b5f89e60b2f01e0ae9bace8445d6c30024c1e7d905,,,
seed,a2c_pointer,43.0,1948,0.41589864157140255,16,multimap_v3_1,paper_runs\multimap_v3_1\formal_training\formal_a2c_pointer_seed43_3000ep\training_metrics.jsonl,5d257f72c97ca76f3d6237b5f89e60b2f01e0ae9bace8445d6c30024c1e7d905,,,
seed,a2c_pointer,43.0,1964,0.42626864835619926,16,multimap_v3_1,paper_runs\multimap_v3_1\formal_training\formal_a2c_pointer_seed43_3000ep\training_metrics.jsonl,5d257f72c97ca76f3d6237b5f89e60b2f01e0ae9bace8445d6c30024c1e7d905,,,
seed,a2c_pointer,43.0,1980,0.4077691566199064,16,multimap_v3_1,paper_runs\multimap_v3_1\formal_training\formal_a2c_pointer_seed43_3000ep\training_metrics.jsonl,5d257f72c97ca76f3d6237b5f89e60b2f01e0ae9bace8445d6c30024c1e7d905,,,
seed,a2c_pointer,43.0,1996,0.4607719834893942,16,multimap_v3_1,paper_runs\multimap_v3_1\formal_training\formal_a2c_pointer_seed43_3000ep\training_metrics.jsonl,5d257f72c97ca76f3d6237b5f89e60b2f01e0ae9bace8445d6c30024c1e7d905,,,
seed,a2c_pointer,43.0,2000,0.5027776584029198,16,multimap_v3_1,paper_runs\multimap_v3_1\formal_training\formal_a2c_pointer_seed43_3000ep\training_metrics.jsonl,5d257f72c97ca76f3d6237b5f89e60b2f01e0ae9bace8445d6c30024c1e7d905,,,
seed,a2c_pointer,43.0,2016,0.46380347199738026,16,multimap_v3_1,paper_runs\multimap_v3_1\formal_training\formal_a2c_pointer_seed43_3000ep\training_metrics.jsonl,5d257f72c97ca76f3d6237b5f89e60b2f01e0ae9bace8445d6c30024c1e7d905,,,
seed,a2c_pointer,43.0,2032,0.4434403879567981,16,multimap_v3_1,paper_runs\multimap_v3_1\formal_training\formal_a2c_pointer_seed43_3000ep\training_metrics.jsonl,5d257f72c97ca76f3d6237b5f89e60b2f01e0ae9bace8445d6c30024c1e7d905,,,
seed,a2c_pointer,43.0,2048,0.44628640450537205,16,multimap_v3_1,paper_runs\multimap_v3_1\formal_training\formal_a2c_pointer_seed43_3000ep\training_metrics.jsonl,5d257f72c97ca76f3d6237b5f89e60b2f01e0ae9bace8445d6c30024c1e7d905,,,
seed,a2c_pointer,43.0,2064,0.47411265037953854,16,multimap_v3_1,paper_runs\multimap_v3_1\formal_training\formal_a2c_pointer_seed43_3000ep\training_metrics.jsonl,5d257f72c97ca76f3d6237b5f89e60b2f01e0ae9bace8445d6c30024c1e7d905,,,
seed,a2c_pointer,43.0,2080,0.46825952269136906,16,multimap_v3_1,paper_runs\multimap_v3_1\formal_training\formal_a2c_pointer_seed43_3000ep\training_metrics.jsonl,5d257f72c97ca76f3d6237b5f89e60b2f01e0ae9bace8445d6c30024c1e7d905,,,
seed,a2c_pointer,43.0,2096,0.5275643840432167,16,multimap_v3_1,paper_runs\multimap_v3_1\formal_training\formal_a2c_pointer_seed43_3000ep\training_metrics.jsonl,5d257f72c97ca76f3d6237b5f89e60b2f01e0ae9bace8445d6c30024c1e7d905,,,
seed,a2c_pointer,43.0,2112,0.45824643038213253,16,multimap_v3_1,paper_runs\multimap_v3_1\formal_training\formal_a2c_pointer_seed43_3000ep\training_metrics.jsonl,5d257f72c97ca76f3d6237b5f89e60b2f01e0ae9bace8445d6c30024c1e7d905,,,
seed,a2c_pointer,43.0,2128,0.48854899033904076,16,multimap_v3_1,paper_runs\multimap_v3_1\formal_training\formal_a2c_pointer_seed43_3000ep\training_metrics.jsonl,5d257f72c97ca76f3d6237b5f89e60b2f01e0ae9bace8445d6c30024c1e7d905,,,
seed,a2c_pointer,43.0,2144,0.40724500734359026,16,multimap_v3_1,paper_runs\multimap_v3_1\formal_training\formal_a2c_pointer_seed43_3000ep\training_metrics.jsonl,5d257f72c97ca76f3d6237b5f89e60b2f01e0ae9bace8445d6c30024c1e7d905,,,
seed,a2c_pointer,43.0,2160,0.477700874209404,16,multimap_v3_1,paper_runs\multimap_v3_1\formal_training\formal_a2c_pointer_seed43_3000ep\training_metrics.jsonl,5d257f72c97ca76f3d6237b5f89e60b2f01e0ae9bace8445d6c30024c1e7d905,,,
seed,a2c_pointer,43.0,2176,0.41026175767183304,16,multimap_v3_1,paper_runs\multimap_v3_1\formal_training\formal_a2c_pointer_seed43_3000ep\training_metrics.jsonl,5d257f72c97ca76f3d6237b5f89e60b2f01e0ae9bace8445d6c30024c1e7d905,,,
seed,a2c_pointer,43.0,2192,0.4856060342863202,16,multimap_v3_1,paper_runs\multimap_v3_1\formal_training\formal_a2c_pointer_seed43_3000ep\training_metrics.jsonl,5d257f72c97ca76f3d6237b5f89e60b2f01e0ae9bace8445d6c30024c1e7d905,,,
seed,a2c_pointer,43.0,2208,0.5085313394665718,16,multimap_v3_1,paper_runs\multimap_v3_1\formal_training\formal_a2c_pointer_seed43_3000ep\training_metrics.jsonl,5d257f72c97ca76f3d6237b5f89e60b2f01e0ae9bace8445d6c30024c1e7d905,,,
seed,a2c_pointer,43.0,2224,0.5036976672708988,16,multimap_v3_1,paper_runs\multimap_v3_1\formal_training\formal_a2c_pointer_seed43_3000ep\training_metrics.jsonl,5d257f72c97ca76f3d6237b5f89e60b2f01e0ae9bace8445d6c30024c1e7d905,,,
seed,a2c_pointer,43.0,2240,0.5198711473494768,16,multimap_v3_1,paper_runs\multimap_v3_1\formal_training\formal_a2c_pointer_seed43_3000ep\training_metrics.jsonl,5d257f72c97ca76f3d6237b5f89e60b2f01e0ae9bace8445d6c30024c1e7d905,,,
seed,a2c_pointer,43.0,2256,0.4423911878839135,16,multimap_v3_1,paper_runs\multimap_v3_1\formal_training\formal_a2c_pointer_seed43_3000ep\training_metrics.jsonl,5d257f72c97ca76f3d6237b5f89e60b2f01e0ae9bace8445d6c30024c1e7d905,,,
seed,a2c_pointer,43.0,2272,0.49610861763358116,16,multimap_v3_1,paper_runs\multimap_v3_1\formal_training\formal_a2c_pointer_seed43_3000ep\training_metrics.jsonl,5d257f72c97ca76f3d6237b5f89e60b2f01e0ae9bace8445d6c30024c1e7d905,,,
seed,a2c_pointer,43.0,2288,0.4967752508819103,16,multimap_v3_1,paper_runs\multimap_v3_1\formal_training\formal_a2c_pointer_seed43_3000ep\training_metrics.jsonl,5d257f72c97ca76f3d6237b5f89e60b2f01e0ae9bace8445d6c30024c1e7d905,,,
seed,a2c_pointer,43.0,2304,0.4419344272464514,16,multimap_v3_1,paper_runs\multimap_v3_1\formal_training\formal_a2c_pointer_seed43_3000ep\training_metrics.jsonl,5d257f72c97ca76f3d6237b5f89e60b2f01e0ae9bace8445d6c30024c1e7d905,,,
seed,a2c_pointer,43.0,2320,0.6030025091022253,16,multimap_v3_1,paper_runs\multimap_v3_1\formal_training\formal_a2c_pointer_seed43_3000ep\training_metrics.jsonl,5d257f72c97ca76f3d6237b5f89e60b2f01e0ae9bace8445d6c30024c1e7d905,,,
seed,a2c_pointer,43.0,2336,0.4918027464300394,16,multimap_v3_1,paper_runs\multimap_v3_1\formal_training\formal_a2c_pointer_seed43_3000ep\training_metrics.jsonl,5d257f72c97ca76f3d6237b5f89e60b2f01e0ae9bace8445d6c30024c1e7d905,,,
seed,a2c_pointer,43.0,2352,0.44462025444954634,16,multimap_v3_1,paper_runs\multimap_v3_1\formal_training\formal_a2c_pointer_seed43_3000ep\training_metrics.jsonl,5d257f72c97ca76f3d6237b5f89e60b2f01e0ae9bace8445d6c30024c1e7d905,,,
seed,a2c_pointer,43.0,2368,0.4844380747526884,16,multimap_v3_1,paper_runs\multimap_v3_1\formal_training\formal_a2c_pointer_seed43_3000ep\training_metrics.jsonl,5d257f72c97ca76f3d6237b5f89e60b2f01e0ae9bace8445d6c30024c1e7d905,,,
seed,a2c_pointer,43.0,2384,0.49318465776741505,16,multimap_v3_1,paper_runs\multimap_v3_1\formal_training\formal_a2c_pointer_seed43_3000ep\training_metrics.jsonl,5d257f72c97ca76f3d6237b5f89e60b2f01e0ae9bace8445d6c30024c1e7d905,,,
seed,a2c_pointer,43.0,2400,0.453695016913116,16,multimap_v3_1,paper_runs\multimap_v3_1\formal_training\formal_a2c_pointer_seed43_3000ep\training_metrics.jsonl,5d257f72c97ca76f3d6237b5f89e60b2f01e0ae9bace8445d6c30024c1e7d905,,,
seed,a2c_pointer,43.0,2416,0.4529363615438342,16,multimap_v3_1,paper_runs\multimap_v3_1\formal_training\formal_a2c_pointer_seed43_3000ep\training_metrics.jsonl,5d257f72c97ca76f3d6237b5f89e60b2f01e0ae9bace8445d6c30024c1e7d905,,,
seed,a2c_pointer,43.0,2432,0.4653611369431019,16,multimap_v3_1,paper_runs\multimap_v3_1\formal_training\formal_a2c_pointer_seed43_3000ep\training_metrics.jsonl,5d257f72c97ca76f3d6237b5f89e60b2f01e0ae9bace8445d6c30024c1e7d905,,,
seed,a2c_pointer,43.0,2448,0.41665921173989773,16,multimap_v3_1,paper_runs\multimap_v3_1\formal_training\formal_a2c_pointer_seed43_3000ep\training_metrics.jsonl,5d257f72c97ca76f3d6237b5f89e60b2f01e0ae9bace8445d6c30024c1e7d905,,,
seed,a2c_pointer,43.0,2464,0.5135823227465153,16,multimap_v3_1,paper_runs\multimap_v3_1\formal_training\formal_a2c_pointer_seed43_3000ep\training_metrics.jsonl,5d257f72c97ca76f3d6237b5f89e60b2f01e0ae9bace8445d6c30024c1e7d905,,,
seed,a2c_pointer,43.0,2480,0.4110794719308615,16,multimap_v3_1,paper_runs\multimap_v3_1\formal_training\formal_a2c_pointer_seed43_3000ep\training_metrics.jsonl,5d257f72c97ca76f3d6237b5f89e60b2f01e0ae9bace8445d6c30024c1e7d905,,,
seed,a2c_pointer,43.0,2496,0.4382236930541694,16,multimap_v3_1,paper_runs\multimap_v3_1\formal_training\formal_a2c_pointer_seed43_3000ep\training_metrics.jsonl,5d257f72c97ca76f3d6237b5f89e60b2f01e0ae9bace8445d6c30024c1e7d905,,,
seed,a2c_pointer,43.0,2500,0.5354814827442169,16,multimap_v3_1,paper_runs\multimap_v3_1\formal_training\formal_a2c_pointer_seed43_3000ep\training_metrics.jsonl,5d257f72c97ca76f3d6237b5f89e60b2f01e0ae9bace8445d6c30024c1e7d905,,,
seed,a2c_pointer,43.0,2516,0.3952456470578909,16,multimap_v3_1,paper_runs\multimap_v3_1\formal_training\formal_a2c_pointer_seed43_3000ep\training_metrics.jsonl,5d257f72c97ca76f3d6237b5f89e60b2f01e0ae9bace8445d6c30024c1e7d905,,,
seed,a2c_pointer,43.0,2532,0.45238411519676447,16,multimap_v3_1,paper_runs\multimap_v3_1\formal_training\formal_a2c_pointer_seed43_3000ep\training_metrics.jsonl,5d257f72c97ca76f3d6237b5f89e60b2f01e0ae9bace8445d6c30024c1e7d905,,,
seed,a2c_pointer,43.0,2548,0.48423677776008844,16,multimap_v3_1,paper_runs\multimap_v3_1\formal_training\formal_a2c_pointer_seed43_3000ep\training_metrics.jsonl,5d257f72c97ca76f3d6237b5f89e60b2f01e0ae9bace8445d6c30024c1e7d905,,,
seed,a2c_pointer,43.0,2564,0.5086869411170483,16,multimap_v3_1,paper_runs\multimap_v3_1\formal_training\formal_a2c_pointer_seed43_3000ep\training_metrics.jsonl,5d257f72c97ca76f3d6237b5f89e60b2f01e0ae9bace8445d6c30024c1e7d905,,,
seed,a2c_pointer,43.0,2580,0.4547796817496419,16,multimap_v3_1,paper_runs\multimap_v3_1\formal_training\formal_a2c_pointer_seed43_3000ep\training_metrics.jsonl,5d257f72c97ca76f3d6237b5f89e60b2f01e0ae9bace8445d6c30024c1e7d905,,,
seed,a2c_pointer,43.0,2596,0.5094993878155947,16,multimap_v3_1,paper_runs\multimap_v3_1\formal_training\formal_a2c_pointer_seed43_3000ep\training_metrics.jsonl,5d257f72c97ca76f3d6237b5f89e60b2f01e0ae9bace8445d6c30024c1e7d905,,,
seed,a2c_pointer,43.0,2612,0.5105416495352983,16,multimap_v3_1,paper_runs\multimap_v3_1\formal_training\formal_a2c_pointer_seed43_3000ep\training_metrics.jsonl,5d257f72c97ca76f3d6237b5f89e60b2f01e0ae9bace8445d6c30024c1e7d905,,,
seed,a2c_pointer,43.0,2628,0.42812168784439564,16,multimap_v3_1,paper_runs\multimap_v3_1\formal_training\formal_a2c_pointer_seed43_3000ep\training_metrics.jsonl,5d257f72c97ca76f3d6237b5f89e60b2f01e0ae9bace8445d6c30024c1e7d905,,,
seed,a2c_pointer,43.0,2644,0.4904850013554096,16,multimap_v3_1,paper_runs\multimap_v3_1\formal_training\formal_a2c_pointer_seed43_3000ep\training_metrics.jsonl,5d257f72c97ca76f3d6237b5f89e60b2f01e0ae9bace8445d6c30024c1e7d905,,,
seed,a2c_pointer,43.0,2660,0.46065895166248083,16,multimap_v3_1,paper_runs\multimap_v3_1\formal_training\formal_a2c_pointer_seed43_3000ep\training_metrics.jsonl,5d257f72c97ca76f3d6237b5f89e60b2f01e0ae9bace8445d6c30024c1e7d905,,,
seed,a2c_pointer,43.0,2676,0.5047724824398756,16,multimap_v3_1,paper_runs\multimap_v3_1\formal_training\formal_a2c_pointer_seed43_3000ep\training_metrics.jsonl,5d257f72c97ca76f3d6237b5f89e60b2f01e0ae9bace8445d6c30024c1e7d905,,,
seed,a2c_pointer,43.0,2692,0.46089325845241547,16,multimap_v3_1,paper_runs\multimap_v3_1\formal_training\formal_a2c_pointer_seed43_3000ep\training_metrics.jsonl,5d257f72c97ca76f3d6237b5f89e60b2f01e0ae9bace8445d6c30024c1e7d905,,,
seed,a2c_pointer,43.0,2708,0.5589986443519592,16,multimap_v3_1,paper_runs\multimap_v3_1\formal_training\formal_a2c_pointer_seed43_3000ep\training_metrics.jsonl,5d257f72c97ca76f3d6237b5f89e60b2f01e0ae9bace8445d6c30024c1e7d905,,,
seed,a2c_pointer,43.0,2724,0.4673928115516901,16,multimap_v3_1,paper_runs\multimap_v3_1\formal_training\formal_a2c_pointer_seed43_3000ep\training_metrics.jsonl,5d257f72c97ca76f3d6237b5f89e60b2f01e0ae9bace8445d6c30024c1e7d905,,,
seed,a2c_pointer,43.0,2740,0.49974025413393974,16,multimap_v3_1,paper_runs\multimap_v3_1\formal_training\formal_a2c_pointer_seed43_3000ep\training_metrics.jsonl,5d257f72c97ca76f3d6237b5f89e60b2f01e0ae9bace8445d6c30024c1e7d905,,,
seed,a2c_pointer,43.0,2756,0.45904580038040876,16,multimap_v3_1,paper_runs\multimap_v3_1\formal_training\formal_a2c_pointer_seed43_3000ep\training_metrics.jsonl,5d257f72c97ca76f3d6237b5f89e60b2f01e0ae9bace8445d6c30024c1e7d905,,,
seed,a2c_pointer,43.0,2772,0.4241408761590719,16,multimap_v3_1,paper_runs\multimap_v3_1\formal_training\formal_a2c_pointer_seed43_3000ep\training_metrics.jsonl,5d257f72c97ca76f3d6237b5f89e60b2f01e0ae9bace8445d6c30024c1e7d905,,,
seed,a2c_pointer,43.0,2788,0.5137238372117281,16,multimap_v3_1,paper_runs\multimap_v3_1\formal_training\formal_a2c_pointer_seed43_3000ep\training_metrics.jsonl,5d257f72c97ca76f3d6237b5f89e60b2f01e0ae9bace8445d6c30024c1e7d905,,,
seed,a2c_pointer,43.0,2804,0.4947496112436056,16,multimap_v3_1,paper_runs\multimap_v3_1\formal_training\formal_a2c_pointer_seed43_3000ep\training_metrics.jsonl,5d257f72c97ca76f3d6237b5f89e60b2f01e0ae9bace8445d6c30024c1e7d905,,,
seed,a2c_pointer,43.0,2820,0.46762365102767944,16,multimap_v3_1,paper_runs\multimap_v3_1\formal_training\formal_a2c_pointer_seed43_3000ep\training_metrics.jsonl,5d257f72c97ca76f3d6237b5f89e60b2f01e0ae9bace8445d6c30024c1e7d905,,,
seed,a2c_pointer,43.0,2836,0.4412305299192667,16,multimap_v3_1,paper_runs\multimap_v3_1\formal_training\formal_a2c_pointer_seed43_3000ep\training_metrics.jsonl,5d257f72c97ca76f3d6237b5f89e60b2f01e0ae9bace8445d6c30024c1e7d905,,,
seed,a2c_pointer,43.0,2852,0.4495551185682416,16,multimap_v3_1,paper_runs\multimap_v3_1\formal_training\formal_a2c_pointer_seed43_3000ep\training_metrics.jsonl,5d257f72c97ca76f3d6237b5f89e60b2f01e0ae9bace8445d6c30024c1e7d905,,,
seed,a2c_pointer,43.0,2868,0.45229973271489143,16,multimap_v3_1,paper_runs\multimap_v3_1\formal_training\formal_a2c_pointer_seed43_3000ep\training_metrics.jsonl,5d257f72c97ca76f3d6237b5f89e60b2f01e0ae9bace8445d6c30024c1e7d905,,,
seed,a2c_pointer,43.0,2884,0.49758884496986866,16,multimap_v3_1,paper_runs\multimap_v3_1\formal_training\formal_a2c_pointer_seed43_3000ep\training_metrics.jsonl,5d257f72c97ca76f3d6237b5f89e60b2f01e0ae9bace8445d6c30024c1e7d905,,,
seed,a2c_pointer,43.0,2900,0.42157487012445927,16,multimap_v3_1,paper_runs\multimap_v3_1\formal_training\formal_a2c_pointer_seed43_3000ep\training_metrics.jsonl,5d257f72c97ca76f3d6237b5f89e60b2f01e0ae9bace8445d6c30024c1e7d905,,,
seed,a2c_pointer,43.0,2916,0.4486804958432913,16,multimap_v3_1,paper_runs\multimap_v3_1\formal_training\formal_a2c_pointer_seed43_3000ep\training_metrics.jsonl,5d257f72c97ca76f3d6237b5f89e60b2f01e0ae9bace8445d6c30024c1e7d905,,,
seed,a2c_pointer,43.0,2932,0.4687308091670275,16,multimap_v3_1,paper_runs\multimap_v3_1\formal_training\formal_a2c_pointer_seed43_3000ep\training_metrics.jsonl,5d257f72c97ca76f3d6237b5f89e60b2f01e0ae9bace8445d6c30024c1e7d905,,,
seed,a2c_pointer,43.0,2948,0.4526459500193596,16,multimap_v3_1,paper_runs\multimap_v3_1\formal_training\formal_a2c_pointer_seed43_3000ep\training_metrics.jsonl,5d257f72c97ca76f3d6237b5f89e60b2f01e0ae9bace8445d6c30024c1e7d905,,,
seed,a2c_pointer,43.0,2964,0.41784937493503094,16,multimap_v3_1,paper_runs\multimap_v3_1\formal_training\formal_a2c_pointer_seed43_3000ep\training_metrics.jsonl,5d257f72c97ca76f3d6237b5f89e60b2f01e0ae9bace8445d6c30024c1e7d905,,,
seed,a2c_pointer,43.0,2980,0.44459688663482666,16,multimap_v3_1,paper_runs\multimap_v3_1\formal_training\formal_a2c_pointer_seed43_3000ep\training_metrics.jsonl,5d257f72c97ca76f3d6237b5f89e60b2f01e0ae9bace8445d6c30024c1e7d905,,,
seed,a2c_pointer,43.0,2996,0.4884996209293604,16,multimap_v3_1,paper_runs\multimap_v3_1\formal_training\formal_a2c_pointer_seed43_3000ep\training_metrics.jsonl,5d257f72c97ca76f3d6237b5f89e60b2f01e0ae9bace8445d6c30024c1e7d905,,,
seed,a2c_pointer,43.0,3000,0.44641800969839096,16,multimap_v3_1,paper_runs\multimap_v3_1\formal_training\formal_a2c_pointer_seed43_3000ep\training_metrics.jsonl,5d257f72c97ca76f3d6237b5f89e60b2f01e0ae9bace8445d6c30024c1e7d905,,,
seed,a2c_pointer,44.0,16,0.2323398138396442,16,multimap_v3_1,paper_runs\multimap_v3_1\formal_training\formal_a2c_pointer_seed44_3000ep\training_metrics.jsonl,a851fb71e0032fc16dcc7042ba2a9e319fcc05731f4fc531f5aa066a372999e0,,,
seed,a2c_pointer,44.0,32,0.1743786308215931,16,multimap_v3_1,paper_runs\multimap_v3_1\formal_training\formal_a2c_pointer_seed44_3000ep\training_metrics.jsonl,a851fb71e0032fc16dcc7042ba2a9e319fcc05731f4fc531f5aa066a372999e0,,,
seed,a2c_pointer,44.0,48,0.21367541560903192,16,multimap_v3_1,paper_runs\multimap_v3_1\formal_training\formal_a2c_pointer_seed44_3000ep\training_metrics.jsonl,a851fb71e0032fc16dcc7042ba2a9e319fcc05731f4fc531f5aa066a372999e0,,,
seed,a2c_pointer,44.0,64,0.2587690195068717,16,multimap_v3_1,paper_runs\multimap_v3_1\formal_training\formal_a2c_pointer_seed44_3000ep\training_metrics.jsonl,a851fb71e0032fc16dcc7042ba2a9e319fcc05731f4fc531f5aa066a372999e0,,,
seed,a2c_pointer,44.0,80,0.2554122726432979,16,multimap_v3_1,paper_runs\multimap_v3_1\formal_training\formal_a2c_pointer_seed44_3000ep\training_metrics.jsonl,a851fb71e0032fc16dcc7042ba2a9e319fcc05731f4fc531f5aa066a372999e0,,,
seed,a2c_pointer,44.0,96,0.1998668354935944,16,multimap_v3_1,paper_runs\multimap_v3_1\formal_training\formal_a2c_pointer_seed44_3000ep\training_metrics.jsonl,a851fb71e0032fc16dcc7042ba2a9e319fcc05731f4fc531f5aa066a372999e0,,,
seed,a2c_pointer,44.0,112,0.2710197572596371,16,multimap_v3_1,paper_runs\multimap_v3_1\formal_training\formal_a2c_pointer_seed44_3000ep\training_metrics.jsonl,a851fb71e0032fc16dcc7042ba2a9e319fcc05731f4fc531f5aa066a372999e0,,,
seed,a2c_pointer,44.0,128,0.29294079542160034,16,multimap_v3_1,paper_runs\multimap_v3_1\formal_training\formal_a2c_pointer_seed44_3000ep\training_metrics.jsonl,a851fb71e0032fc16dcc7042ba2a9e319fcc05731f4fc531f5aa066a372999e0,,,
seed,a2c_pointer,44.0,144,0.26846232428215444,16,multimap_v3_1,paper_runs\multimap_v3_1\formal_training\formal_a2c_pointer_seed44_3000ep\training_metrics.jsonl,a851fb71e0032fc16dcc7042ba2a9e319fcc05731f4fc531f5aa066a372999e0,,,
seed,a2c_pointer,44.0,160,0.3513150615617633,16,multimap_v3_1,paper_runs\multimap_v3_1\formal_training\formal_a2c_pointer_seed44_3000ep\training_metrics.jsonl,a851fb71e0032fc16dcc7042ba2a9e319fcc05731f4fc531f5aa066a372999e0,,,
seed,a2c_pointer,44.0,176,0.3055400727316737,16,multimap_v3_1,paper_runs\multimap_v3_1\formal_training\formal_a2c_pointer_seed44_3000ep\training_metrics.jsonl,a851fb71e0032fc16dcc7042ba2a9e319fcc05731f4fc531f5aa066a372999e0,,,
seed,a2c_pointer,44.0,192,0.23151618149131536,16,multimap_v3_1,paper_runs\multimap_v3_1\formal_training\formal_a2c_pointer_seed44_3000ep\training_metrics.jsonl,a851fb71e0032fc16dcc7042ba2a9e319fcc05731f4fc531f5aa066a372999e0,,,
seed,a2c_pointer,44.0,208,0.3254388542845845,16,multimap_v3_1,paper_runs\multimap_v3_1\formal_training\formal_a2c_pointer_seed44_3000ep\training_metrics.jsonl,a851fb71e0032fc16dcc7042ba2a9e319fcc05731f4fc531f5aa066a372999e0,,,
seed,a2c_pointer,44.0,224,0.320961048360914,16,multimap_v3_1,paper_runs\multimap_v3_1\formal_training\formal_a2c_pointer_seed44_3000ep\training_metrics.jsonl,a851fb71e0032fc16dcc7042ba2a9e319fcc05731f4fc531f5aa066a372999e0,,,
seed,a2c_pointer,44.0,240,0.23517888132482767,16,multimap_v3_1,paper_runs\multimap_v3_1\formal_training\formal_a2c_pointer_seed44_3000ep\training_metrics.jsonl,a851fb71e0032fc16dcc7042ba2a9e319fcc05731f4fc531f5aa066a372999e0,,,
seed,a2c_pointer,44.0,250,0.3856657013297081,16,multimap_v3_1,paper_runs\multimap_v3_1\formal_training\formal_a2c_pointer_seed44_3000ep\training_metrics.jsonl,a851fb71e0032fc16dcc7042ba2a9e319fcc05731f4fc531f5aa066a372999e0,,,
seed,a2c_pointer,44.0,266,0.27137457486242056,16,multimap_v3_1,paper_runs\multimap_v3_1\formal_training\formal_a2c_pointer_seed44_3000ep\training_metrics.jsonl,a851fb71e0032fc16dcc7042ba2a9e319fcc05731f4fc531f5aa066a372999e0,,,
seed,a2c_pointer,44.0,282,0.21749489987269044,16,multimap_v3_1,paper_runs\multimap_v3_1\formal_training\formal_a2c_pointer_seed44_3000ep\training_metrics.jsonl,a851fb71e0032fc16dcc7042ba2a9e319fcc05731f4fc531f5aa066a372999e0,,,
seed,a2c_pointer,44.0,298,0.3783002970740199,16,multimap_v3_1,paper_runs\multimap_v3_1\formal_training\formal_a2c_pointer_seed44_3000ep\training_metrics.jsonl,a851fb71e0032fc16dcc7042ba2a9e319fcc05731f4fc531f5aa066a372999e0,,,
seed,a2c_pointer,44.0,314,0.2947016544640064,16,multimap_v3_1,paper_runs\multimap_v3_1\formal_training\formal_a2c_pointer_seed44_3000ep\training_metrics.jsonl,a851fb71e0032fc16dcc7042ba2a9e319fcc05731f4fc531f5aa066a372999e0,,,
seed,a2c_pointer,44.0,330,0.28003093507140875,16,multimap_v3_1,paper_runs\multimap_v3_1\formal_training\formal_a2c_pointer_seed44_3000ep\training_metrics.jsonl,a851fb71e0032fc16dcc7042ba2a9e319fcc05731f4fc531f5aa066a372999e0,,,
seed,a2c_pointer,44.0,346,0.35892011038959026,16,multimap_v3_1,paper_runs\multimap_v3_1\formal_training\formal_a2c_pointer_seed44_3000ep\training_metrics.jsonl,a851fb71e0032fc16dcc7042ba2a9e319fcc05731f4fc531f5aa066a372999e0,,,
seed,a2c_pointer,44.0,362,0.2711379015818238,16,multimap_v3_1,paper_runs\multimap_v3_1\formal_training\formal_a2c_pointer_seed44_3000ep\training_metrics.jsonl,a851fb71e0032fc16dcc7042ba2a9e319fcc05731f4fc531f5aa066a372999e0,,,
seed,a2c_pointer,44.0,378,0.26450275955721736,16,multimap_v3_1,paper_runs\multimap_v3_1\formal_training\formal_a2c_pointer_seed44_3000ep\training_metrics.jsonl,a851fb71e0032fc16dcc7042ba2a9e319fcc05731f4fc531f5aa066a372999e0,,,
seed,a2c_pointer,44.0,394,0.34548498038202524,16,multimap_v3_1,paper_runs\multimap_v3_1\formal_training\formal_a2c_pointer_seed44_3000ep\training_metrics.jsonl,a851fb71e0032fc16dcc7042ba2a9e319fcc05731f4fc531f5aa066a372999e0,,,
seed,a2c_pointer,44.0,410,0.34808346163481474,16,multimap_v3_1,paper_runs\multimap_v3_1\formal_training\formal_a2c_pointer_seed44_3000ep\training_metrics.jsonl,a851fb71e0032fc16dcc7042ba2a9e319fcc05731f4fc531f5aa066a372999e0,,,
seed,a2c_pointer,44.0,426,0.32960559614002705,16,multimap_v3_1,paper_runs\multimap_v3_1\formal_training\formal_a2c_pointer_seed44_3000ep\training_metrics.jsonl,a851fb71e0032fc16dcc7042ba2a9e319fcc05731f4fc531f5aa066a372999e0,,,
seed,a2c_pointer,44.0,442,0.34337540343403816,16,multimap_v3_1,paper_runs\multimap_v3_1\formal_training\formal_a2c_pointer_seed44_3000ep\training_metrics.jsonl,a851fb71e0032fc16dcc7042ba2a9e319fcc05731f4fc531f5aa066a372999e0,,,
seed,a2c_pointer,44.0,458,0.2899015420116484,16,multimap_v3_1,paper_runs\multimap_v3_1\formal_training\formal_a2c_pointer_seed44_3000ep\training_metrics.jsonl,a851fb71e0032fc16dcc7042ba2a9e319fcc05731f4fc531f5aa066a372999e0,,,
seed,a2c_pointer,44.0,474,0.2735380493104458,16,multimap_v3_1,paper_runs\multimap_v3_1\formal_training\formal_a2c_pointer_seed44_3000ep\training_metrics.jsonl,a851fb71e0032fc16dcc7042ba2a9e319fcc05731f4fc531f5aa066a372999e0,,,
seed,a2c_pointer,44.0,490,0.3847776036709547,16,multimap_v3_1,paper_runs\multimap_v3_1\formal_training\formal_a2c_pointer_seed44_3000ep\training_metrics.jsonl,a851fb71e0032fc16dcc7042ba2a9e319fcc05731f4fc531f5aa066a372999e0,,,
seed,a2c_pointer,44.0,500,0.36420773565769193,16,multimap_v3_1,paper_runs\multimap_v3_1\formal_training\formal_a2c_pointer_seed44_3000ep\training_metrics.jsonl,a851fb71e0032fc16dcc7042ba2a9e319fcc05731f4fc531f5aa066a372999e0,,,
seed,a2c_pointer,44.0,516,0.34225080953910947,16,multimap_v3_1,paper_runs\multimap_v3_1\formal_training\formal_a2c_pointer_seed44_3000ep\training_metrics.jsonl,a851fb71e0032fc16dcc7042ba2a9e319fcc05731f4fc531f5aa066a372999e0,,,
seed,a2c_pointer,44.0,532,0.3374412786215544,16,multimap_v3_1,paper_runs\multimap_v3_1\formal_training\formal_a2c_pointer_seed44_3000ep\training_metrics.jsonl,a851fb71e0032fc16dcc7042ba2a9e319fcc05731f4fc531f5aa066a372999e0,,,
seed,a2c_pointer,44.0,548,0.3696477864868939,16,multimap_v3_1,paper_runs\multimap_v3_1\formal_training\formal_a2c_pointer_seed44_3000ep\training_metrics.jsonl,a851fb71e0032fc16dcc7042ba2a9e319fcc05731f4fc531f5aa066a372999e0,,,
seed,a2c_pointer,44.0,564,0.348966546356678,16,multimap_v3_1,paper_runs\multimap_v3_1\formal_training\formal_a2c_pointer_seed44_3000ep\training_metrics.jsonl,a851fb71e0032fc16dcc7042ba2a9e319fcc05731f4fc531f5aa066a372999e0,,,
seed,a2c_pointer,44.0,580,0.3650181517004967,16,multimap_v3_1,paper_runs\multimap_v3_1\formal_training\formal_a2c_pointer_seed44_3000ep\training_metrics.jsonl,a851fb71e0032fc16dcc7042ba2a9e319fcc05731f4fc531f5aa066a372999e0,,,
seed,a2c_pointer,44.0,596,0.3791052168235183,16,multimap_v3_1,paper_runs\multimap_v3_1\formal_training\formal_a2c_pointer_seed44_3000ep\training_metrics.jsonl,a851fb71e0032fc16dcc7042ba2a9e319fcc05731f4fc531f5aa066a372999e0,,,
seed,a2c_pointer,44.0,612,0.38457713555544615,16,multimap_v3_1,paper_runs\multimap_v3_1\formal_training\formal_a2c_pointer_seed44_3000ep\training_metrics.jsonl,a851fb71e0032fc16dcc7042ba2a9e319fcc05731f4fc531f5aa066a372999e0,,,
seed,a2c_pointer,44.0,628,0.38412723783403635,16,multimap_v3_1,paper_runs\multimap_v3_1\formal_training\formal_a2c_pointer_seed44_3000ep\training_metrics.jsonl,a851fb71e0032fc16dcc7042ba2a9e319fcc05731f4fc531f5aa066a372999e0,,,
seed,a2c_pointer,44.0,644,0.4246886447072029,16,multimap_v3_1,paper_runs\multimap_v3_1\formal_training\formal_a2c_pointer_seed44_3000ep\training_metrics.jsonl,a851fb71e0032fc16dcc7042ba2a9e319fcc05731f4fc531f5aa066a372999e0,,,
seed,a2c_pointer,44.0,660,0.39075351040810347,16,multimap_v3_1,paper_runs\multimap_v3_1\formal_training\formal_a2c_pointer_seed44_3000ep\training_metrics.jsonl,a851fb71e0032fc16dcc7042ba2a9e319fcc05731f4fc531f5aa066a372999e0,,,
seed,a2c_pointer,44.0,676,0.4568581972271204,16,multimap_v3_1,paper_runs\multimap_v3_1\formal_training\formal_a2c_pointer_seed44_3000ep\training_metrics.jsonl,a851fb71e0032fc16dcc7042ba2a9e319fcc05731f4fc531f5aa066a372999e0,,,
seed,a2c_pointer,44.0,692,0.39171529188752174,16,multimap_v3_1,paper_runs\multimap_v3_1\formal_training\formal_a2c_pointer_seed44_3000ep\training_metrics.jsonl,a851fb71e0032fc16dcc7042ba2a9e319fcc05731f4fc531f5aa066a372999e0,,,
seed,a2c_pointer,44.0,708,0.36039395071566105,16,multimap_v3_1,paper_runs\multimap_v3_1\formal_training\formal_a2c_pointer_seed44_3000ep\training_metrics.jsonl,a851fb71e0032fc16dcc7042ba2a9e319fcc05731f4fc531f5aa066a372999e0,,,
seed,a2c_pointer,44.0,724,0.40806431509554386,16,multimap_v3_1,paper_runs\multimap_v3_1\formal_training\formal_a2c_pointer_seed44_3000ep\training_metrics.jsonl,a851fb71e0032fc16dcc7042ba2a9e319fcc05731f4fc531f5aa066a372999e0,,,
seed,a2c_pointer,44.0,740,0.45238850358873606,16,multimap_v3_1,paper_runs\multimap_v3_1\formal_training\formal_a2c_pointer_seed44_3000ep\training_metrics.jsonl,a851fb71e0032fc16dcc7042ba2a9e319fcc05731f4fc531f5aa066a372999e0,,,
seed,a2c_pointer,44.0,756,0.3885284252464771,16,multimap_v3_1,paper_runs\multimap_v3_1\formal_training\formal_a2c_pointer_seed44_3000ep\training_metrics.jsonl,a851fb71e0032fc16dcc7042ba2a9e319fcc05731f4fc531f5aa066a372999e0,,,
seed,a2c_pointer,44.0,772,0.4798640673980117,16,multimap_v3_1,paper_runs\multimap_v3_1\formal_training\formal_a2c_pointer_seed44_3000ep\training_metrics.jsonl,a851fb71e0032fc16dcc7042ba2a9e319fcc05731f4fc531f5aa066a372999e0,,,
seed,a2c_pointer,44.0,788,0.41386022232472897,16,multimap_v3_1,paper_runs\multimap_v3_1\formal_training\formal_a2c_pointer_seed44_3000ep\training_metrics.jsonl,a851fb71e0032fc16dcc7042ba2a9e319fcc05731f4fc531f5aa066a372999e0,,,
seed,a2c_pointer,44.0,804,0.40866565704345703,16,multimap_v3_1,paper_runs\multimap_v3_1\formal_training\formal_a2c_pointer_seed44_3000ep\training_metrics.jsonl,a851fb71e0032fc16dcc7042ba2a9e319fcc05731f4fc531f5aa066a372999e0,,,
seed,a2c_pointer,44.0,820,0.45042221434414387,16,multimap_v3_1,paper_runs\multimap_v3_1\formal_training\formal_a2c_pointer_seed44_3000ep\training_metrics.jsonl,a851fb71e0032fc16dcc7042ba2a9e319fcc05731f4fc531f5aa066a372999e0,,,
seed,a2c_pointer,44.0,836,0.43883481062948704,16,multimap_v3_1,paper_runs\multimap_v3_1\formal_training\formal_a2c_pointer_seed44_3000ep\training_metrics.jsonl,a851fb71e0032fc16dcc7042ba2a9e319fcc05731f4fc531f5aa066a372999e0,,,
seed,a2c_pointer,44.0,852,0.4191013975068927,16,multimap_v3_1,paper_runs\multimap_v3_1\formal_training\formal_a2c_pointer_seed44_3000ep\training_metrics.jsonl,a851fb71e0032fc16dcc7042ba2a9e319fcc05731f4fc531f5aa066a372999e0,,,
seed,a2c_pointer,44.0,868,0.4395246962085366,16,multimap_v3_1,paper_runs\multimap_v3_1\formal_training\formal_a2c_pointer_seed44_3000ep\training_metrics.jsonl,a851fb71e0032fc16dcc7042ba2a9e319fcc05731f4fc531f5aa066a372999e0,,,
seed,a2c_pointer,44.0,884,0.4682605415582657,16,multimap_v3_1,paper_runs\multimap_v3_1\formal_training\formal_a2c_pointer_seed44_3000ep\training_metrics.jsonl,a851fb71e0032fc16dcc7042ba2a9e319fcc05731f4fc531f5aa066a372999e0,,,
seed,a2c_pointer,44.0,900,0.3846930302679539,16,multimap_v3_1,paper_runs\multimap_v3_1\formal_training\formal_a2c_pointer_seed44_3000ep\training_metrics.jsonl,a851fb71e0032fc16dcc7042ba2a9e319fcc05731f4fc531f5aa066a372999e0,,,
seed,a2c_pointer,44.0,916,0.47434919513761997,16,multimap_v3_1,paper_runs\multimap_v3_1\formal_training\formal_a2c_pointer_seed44_3000ep\training_metrics.jsonl,a851fb71e0032fc16dcc7042ba2a9e319fcc05731f4fc531f5aa066a372999e0,,,
seed,a2c_pointer,44.0,932,0.4026257209479809,16,multimap_v3_1,paper_runs\multimap_v3_1\formal_training\formal_a2c_pointer_seed44_3000ep\training_metrics.jsonl,a851fb71e0032fc16dcc7042ba2a9e319fcc05731f4fc531f5aa066a372999e0,,,
seed,a2c_pointer,44.0,948,0.3846707958728075,16,multimap_v3_1,paper_runs\multimap_v3_1\formal_training\formal_a2c_pointer_seed44_3000ep\training_metrics.jsonl,a851fb71e0032fc16dcc7042ba2a9e319fcc05731f4fc531f5aa066a372999e0,,,
seed,a2c_pointer,44.0,964,0.4645596081390977,16,multimap_v3_1,paper_runs\multimap_v3_1\formal_training\formal_a2c_pointer_seed44_3000ep\training_metrics.jsonl,a851fb71e0032fc16dcc7042ba2a9e319fcc05731f4fc531f5aa066a372999e0,,,
seed,a2c_pointer,44.0,980,0.44652052596211433,16,multimap_v3_1,paper_runs\multimap_v3_1\formal_training\formal_a2c_pointer_seed44_3000ep\training_metrics.jsonl,a851fb71e0032fc16dcc7042ba2a9e319fcc05731f4fc531f5aa066a372999e0,,,
seed,a2c_pointer,44.0,996,0.45268900506198406,16,multimap_v3_1,paper_runs\multimap_v3_1\formal_training\formal_a2c_pointer_seed44_3000ep\training_metrics.jsonl,a851fb71e0032fc16dcc7042ba2a9e319fcc05731f4fc531f5aa066a372999e0,,,
seed,a2c_pointer,44.0,1000,0.5114205628633499,16,multimap_v3_1,paper_runs\multimap_v3_1\formal_training\formal_a2c_pointer_seed44_3000ep\training_metrics.jsonl,a851fb71e0032fc16dcc7042ba2a9e319fcc05731f4fc531f5aa066a372999e0,,,
seed,a2c_pointer,44.0,1016,0.43081609066575766,16,multimap_v3_1,paper_runs\multimap_v3_1\formal_training\formal_a2c_pointer_seed44_3000ep\training_metrics.jsonl,a851fb71e0032fc16dcc7042ba2a9e319fcc05731f4fc531f5aa066a372999e0,,,
seed,a2c_pointer,44.0,1032,0.433008449152112,16,multimap_v3_1,paper_runs\multimap_v3_1\formal_training\formal_a2c_pointer_seed44_3000ep\training_metrics.jsonl,a851fb71e0032fc16dcc7042ba2a9e319fcc05731f4fc531f5aa066a372999e0,,,
seed,a2c_pointer,44.0,1048,0.4450702276080847,16,multimap_v3_1,paper_runs\multimap_v3_1\formal_training\formal_a2c_pointer_seed44_3000ep\training_metrics.jsonl,a851fb71e0032fc16dcc7042ba2a9e319fcc05731f4fc531f5aa066a372999e0,,,
seed,a2c_pointer,44.0,1064,0.49339622259140015,16,multimap_v3_1,paper_runs\multimap_v3_1\formal_training\formal_a2c_pointer_seed44_3000ep\training_metrics.jsonl,a851fb71e0032fc16dcc7042ba2a9e319fcc05731f4fc531f5aa066a372999e0,,,
seed,a2c_pointer,44.0,1080,0.45237843645736575,16,multimap_v3_1,paper_runs\multimap_v3_1\formal_training\formal_a2c_pointer_seed44_3000ep\training_metrics.jsonl,a851fb71e0032fc16dcc7042ba2a9e319fcc05731f4fc531f5aa066a372999e0,,,
seed,a2c_pointer,44.0,1096,0.4279150851070881,16,multimap_v3_1,paper_runs\multimap_v3_1\formal_training\formal_a2c_pointer_seed44_3000ep\training_metrics.jsonl,a851fb71e0032fc16dcc7042ba2a9e319fcc05731f4fc531f5aa066a372999e0,,,
seed,a2c_pointer,44.0,1112,0.5153681989759207,16,multimap_v3_1,paper_runs\multimap_v3_1\formal_training\formal_a2c_pointer_seed44_3000ep\training_metrics.jsonl,a851fb71e0032fc16dcc7042ba2a9e319fcc05731f4fc531f5aa066a372999e0,,,
seed,a2c_pointer,44.0,1128,0.4727602144703269,16,multimap_v3_1,paper_runs\multimap_v3_1\formal_training\formal_a2c_pointer_seed44_3000ep\training_metrics.jsonl,a851fb71e0032fc16dcc7042ba2a9e319fcc05731f4fc531f5aa066a372999e0,,,
seed,a2c_pointer,44.0,1144,0.4415220692753792,16,multimap_v3_1,paper_runs\multimap_v3_1\formal_training\formal_a2c_pointer_seed44_3000ep\training_metrics.jsonl,a851fb71e0032fc16dcc7042ba2a9e319fcc05731f4fc531f5aa066a372999e0,,,
seed,a2c_pointer,44.0,1160,0.4045771695673466,16,multimap_v3_1,paper_runs\multimap_v3_1\formal_training\formal_a2c_pointer_seed44_3000ep\training_metrics.jsonl,a851fb71e0032fc16dcc7042ba2a9e319fcc05731f4fc531f5aa066a372999e0,,,
seed,a2c_pointer,44.0,1176,0.4483330976217985,16,multimap_v3_1,paper_runs\multimap_v3_1\formal_training\formal_a2c_pointer_seed44_3000ep\training_metrics.jsonl,a851fb71e0032fc16dcc7042ba2a9e319fcc05731f4fc531f5aa066a372999e0,,,
seed,a2c_pointer,44.0,1192,0.5564192272722721,16,multimap_v3_1,paper_runs\multimap_v3_1\formal_training\formal_a2c_pointer_seed44_3000ep\training_metrics.jsonl,a851fb71e0032fc16dcc7042ba2a9e319fcc05731f4fc531f5aa066a372999e0,,,
seed,a2c_pointer,44.0,1208,0.4806325174868107,16,multimap_v3_1,paper_runs\multimap_v3_1\formal_training\formal_a2c_pointer_seed44_3000ep\training_metrics.jsonl,a851fb71e0032fc16dcc7042ba2a9e319fcc05731f4fc531f5aa066a372999e0,,,
seed,a2c_pointer,44.0,1224,0.4687457326799631,16,multimap_v3_1,paper_runs\multimap_v3_1\formal_training\formal_a2c_pointer_seed44_3000ep\training_metrics.jsonl,a851fb71e0032fc16dcc7042ba2a9e319fcc05731f4fc531f5aa066a372999e0,,,
seed,a2c_pointer,44.0,1240,0.4687277302145958,16,multimap_v3_1,paper_runs\multimap_v3_1\formal_training\formal_a2c_pointer_seed44_3000ep\training_metrics.jsonl,a851fb71e0032fc16dcc7042ba2a9e319fcc05731f4fc531f5aa066a372999e0,,,
seed,a2c_pointer,44.0,1256,0.4558192575350404,16,multimap_v3_1,paper_runs\multimap_v3_1\formal_training\formal_a2c_pointer_seed44_3000ep\training_metrics.jsonl,a851fb71e0032fc16dcc7042ba2a9e319fcc05731f4fc531f5aa066a372999e0,,,
seed,a2c_pointer,44.0,1272,0.4523652130737901,16,multimap_v3_1,paper_runs\multimap_v3_1\formal_training\formal_a2c_pointer_seed44_3000ep\training_metrics.jsonl,a851fb71e0032fc16dcc7042ba2a9e319fcc05731f4fc531f5aa066a372999e0,,,
seed,a2c_pointer,44.0,1288,0.43784443847835064,16,multimap_v3_1,paper_runs\multimap_v3_1\formal_training\formal_a2c_pointer_seed44_3000ep\training_metrics.jsonl,a851fb71e0032fc16dcc7042ba2a9e319fcc05731f4fc531f5aa066a372999e0,,,
seed,a2c_pointer,44.0,1304,0.4151842361316085,16,multimap_v3_1,paper_runs\multimap_v3_1\formal_training\formal_a2c_pointer_seed44_3000ep\training_metrics.jsonl,a851fb71e0032fc16dcc7042ba2a9e319fcc05731f4fc531f5aa066a372999e0,,,
seed,a2c_pointer,44.0,1320,0.40128569956868887,16,multimap_v3_1,paper_runs\multimap_v3_1\formal_training\formal_a2c_pointer_seed44_3000ep\training_metrics.jsonl,a851fb71e0032fc16dcc7042ba2a9e319fcc05731f4fc531f5aa066a372999e0,,,
seed,a2c_pointer,44.0,1336,0.523372357711196,16,multimap_v3_1,paper_runs\multimap_v3_1\formal_training\formal_a2c_pointer_seed44_3000ep\training_metrics.jsonl,a851fb71e0032fc16dcc7042ba2a9e319fcc05731f4fc531f5aa066a372999e0,,,
seed,a2c_pointer,44.0,1352,0.5447171162813902,16,multimap_v3_1,paper_runs\multimap_v3_1\formal_training\formal_a2c_pointer_seed44_3000ep\training_metrics.jsonl,a851fb71e0032fc16dcc7042ba2a9e319fcc05731f4fc531f5aa066a372999e0,,,
seed,a2c_pointer,44.0,1368,0.41406755056232214,16,multimap_v3_1,paper_runs\multimap_v3_1\formal_training\formal_a2c_pointer_seed44_3000ep\training_metrics.jsonl,a851fb71e0032fc16dcc7042ba2a9e319fcc05731f4fc531f5aa066a372999e0,,,
seed,a2c_pointer,44.0,1384,0.4525802321732044,16,multimap_v3_1,paper_runs\multimap_v3_1\formal_training\formal_a2c_pointer_seed44_3000ep\training_metrics.jsonl,a851fb71e0032fc16dcc7042ba2a9e319fcc05731f4fc531f5aa066a372999e0,,,
seed,a2c_pointer,44.0,1400,0.5167845990508795,16,multimap_v3_1,paper_runs\multimap_v3_1\formal_training\formal_a2c_pointer_seed44_3000ep\training_metrics.jsonl,a851fb71e0032fc16dcc7042ba2a9e319fcc05731f4fc531f5aa066a372999e0,,,
seed,a2c_pointer,44.0,1416,0.44985609874129295,16,multimap_v3_1,paper_runs\multimap_v3_1\formal_training\formal_a2c_pointer_seed44_3000ep\training_metrics.jsonl,a851fb71e0032fc16dcc7042ba2a9e319fcc05731f4fc531f5aa066a372999e0,,,
seed,a2c_pointer,44.0,1432,0.4418000334408134,16,multimap_v3_1,paper_runs\multimap_v3_1\formal_training\formal_a2c_pointer_seed44_3000ep\training_metrics.jsonl,a851fb71e0032fc16dcc7042ba2a9e319fcc05731f4fc531f5aa066a372999e0,,,
seed,a2c_pointer,44.0,1448,0.5150634236633778,16,multimap_v3_1,paper_runs\multimap_v3_1\formal_training\formal_a2c_pointer_seed44_3000ep\training_metrics.jsonl,a851fb71e0032fc16dcc7042ba2a9e319fcc05731f4fc531f5aa066a372999e0,,,
seed,a2c_pointer,44.0,1464,0.5275162868201733,16,multimap_v3_1,paper_runs\multimap_v3_1\formal_training\formal_a2c_pointer_seed44_3000ep\training_metrics.jsonl,a851fb71e0032fc16dcc7042ba2a9e319fcc05731f4fc531f5aa066a372999e0,,,
seed,a2c_pointer,44.0,1480,0.5505347922444344,16,multimap_v3_1,paper_runs\multimap_v3_1\formal_training\formal_a2c_pointer_seed44_3000ep\training_metrics.jsonl,a851fb71e0032fc16dcc7042ba2a9e319fcc05731f4fc531f5aa066a372999e0,,,
seed,a2c_pointer,44.0,1496,0.4869596781209111,16,multimap_v3_1,paper_runs\multimap_v3_1\formal_training\formal_a2c_pointer_seed44_3000ep\training_metrics.jsonl,a851fb71e0032fc16dcc7042ba2a9e319fcc05731f4fc531f5aa066a372999e0,,,
seed,a2c_pointer,44.0,1500,0.28236106783151627,16,multimap_v3_1,paper_runs\multimap_v3_1\formal_training\formal_a2c_pointer_seed44_3000ep\training_metrics.jsonl,a851fb71e0032fc16dcc7042ba2a9e319fcc05731f4fc531f5aa066a372999e0,,,
seed,a2c_pointer,44.0,1516,0.5350300380960107,16,multimap_v3_1,paper_runs\multimap_v3_1\formal_training\formal_a2c_pointer_seed44_3000ep\training_metrics.jsonl,a851fb71e0032fc16dcc7042ba2a9e319fcc05731f4fc531f5aa066a372999e0,,,
seed,a2c_pointer,44.0,1532,0.40620788279920816,16,multimap_v3_1,paper_runs\multimap_v3_1\formal_training\formal_a2c_pointer_seed44_3000ep\training_metrics.jsonl,a851fb71e0032fc16dcc7042ba2a9e319fcc05731f4fc531f5aa066a372999e0,,,
seed,a2c_pointer,44.0,1548,0.4307294199243188,16,multimap_v3_1,paper_runs\multimap_v3_1\formal_training\formal_a2c_pointer_seed44_3000ep\training_metrics.jsonl,a851fb71e0032fc16dcc7042ba2a9e319fcc05731f4fc531f5aa066a372999e0,,,
seed,a2c_pointer,44.0,1564,0.41824308410286903,16,multimap_v3_1,paper_runs\multimap_v3_1\formal_training\formal_a2c_pointer_seed44_3000ep\training_metrics.jsonl,a851fb71e0032fc16dcc7042ba2a9e319fcc05731f4fc531f5aa066a372999e0,,,
seed,a2c_pointer,44.0,1580,0.41844196431338787,16,multimap_v3_1,paper_runs\multimap_v3_1\formal_training\formal_a2c_pointer_seed44_3000ep\training_metrics.jsonl,a851fb71e0032fc16dcc7042ba2a9e319fcc05731f4fc531f5aa066a372999e0,,,
seed,a2c_pointer,44.0,1596,0.4803639268502593,16,multimap_v3_1,paper_runs\multimap_v3_1\formal_training\formal_a2c_pointer_seed44_3000ep\training_metrics.jsonl,a851fb71e0032fc16dcc7042ba2a9e319fcc05731f4fc531f5aa066a372999e0,,,
seed,a2c_pointer,44.0,1612,0.4474158463999629,16,multimap_v3_1,paper_runs\multimap_v3_1\formal_training\formal_a2c_pointer_seed44_3000ep\training_metrics.jsonl,a851fb71e0032fc16dcc7042ba2a9e319fcc05731f4fc531f5aa066a372999e0,,,
seed,a2c_pointer,44.0,1628,0.3950669430196285,16,multimap_v3_1,paper_runs\multimap_v3_1\formal_training\formal_a2c_pointer_seed44_3000ep\training_metrics.jsonl,a851fb71e0032fc16dcc7042ba2a9e319fcc05731f4fc531f5aa066a372999e0,,,
seed,a2c_pointer,44.0,1644,0.49304062966257334,16,multimap_v3_1,paper_runs\multimap_v3_1\formal_training\formal_a2c_pointer_seed44_3000ep\training_metrics.jsonl,a851fb71e0032fc16dcc7042ba2a9e319fcc05731f4fc531f5aa066a372999e0,,,
seed,a2c_pointer,44.0,1660,0.455406254157424,16,multimap_v3_1,paper_runs\multimap_v3_1\formal_training\formal_a2c_pointer_seed44_3000ep\training_metrics.jsonl,a851fb71e0032fc16dcc7042ba2a9e319fcc05731f4fc531f5aa066a372999e0,,,
seed,a2c_pointer,44.0,1676,0.43720305524766445,16,multimap_v3_1,paper_runs\multimap_v3_1\formal_training\formal_a2c_pointer_seed44_3000ep\training_metrics.jsonl,a851fb71e0032fc16dcc7042ba2a9e319fcc05731f4fc531f5aa066a372999e0,,,
seed,a2c_pointer,44.0,1692,0.41919390857219696,16,multimap_v3_1,paper_runs\multimap_v3_1\formal_training\formal_a2c_pointer_seed44_3000ep\training_metrics.jsonl,a851fb71e0032fc16dcc7042ba2a9e319fcc05731f4fc531f5aa066a372999e0,,,
seed,a2c_pointer,44.0,1708,0.4607009273022413,16,multimap_v3_1,paper_runs\multimap_v3_1\formal_training\formal_a2c_pointer_seed44_3000ep\training_metrics.jsonl,a851fb71e0032fc16dcc7042ba2a9e319fcc05731f4fc531f5aa066a372999e0,,,
seed,a2c_pointer,44.0,1724,0.4822546476498246,16,multimap_v3_1,paper_runs\multimap_v3_1\formal_training\formal_a2c_pointer_seed44_3000ep\training_metrics.jsonl,a851fb71e0032fc16dcc7042ba2a9e319fcc05731f4fc531f5aa066a372999e0,,,
seed,a2c_pointer,44.0,1740,0.4651526929810643,16,multimap_v3_1,paper_runs\multimap_v3_1\formal_training\formal_a2c_pointer_seed44_3000ep\training_metrics.jsonl,a851fb71e0032fc16dcc7042ba2a9e319fcc05731f4fc531f5aa066a372999e0,,,
seed,a2c_pointer,44.0,1756,0.5231345687061548,16,multimap_v3_1,paper_runs\multimap_v3_1\formal_training\formal_a2c_pointer_seed44_3000ep\training_metrics.jsonl,a851fb71e0032fc16dcc7042ba2a9e319fcc05731f4fc531f5aa066a372999e0,,,
seed,a2c_pointer,44.0,1772,0.3451396133750677,16,multimap_v3_1,paper_runs\multimap_v3_1\formal_training\formal_a2c_pointer_seed44_3000ep\training_metrics.jsonl,a851fb71e0032fc16dcc7042ba2a9e319fcc05731f4fc531f5aa066a372999e0,,,
seed,a2c_pointer,44.0,1788,0.44588141422718763,16,multimap_v3_1,paper_runs\multimap_v3_1\formal_training\formal_a2c_pointer_seed44_3000ep\training_metrics.jsonl,a851fb71e0032fc16dcc7042ba2a9e319fcc05731f4fc531f5aa066a372999e0,,,
seed,a2c_pointer,44.0,1804,0.42617832869291306,16,multimap_v3_1,paper_runs\multimap_v3_1\formal_training\formal_a2c_pointer_seed44_3000ep\training_metrics.jsonl,a851fb71e0032fc16dcc7042ba2a9e319fcc05731f4fc531f5aa066a372999e0,,,
seed,a2c_pointer,44.0,1820,0.44846710935235023,16,multimap_v3_1,paper_runs\multimap_v3_1\formal_training\formal_a2c_pointer_seed44_3000ep\training_metrics.jsonl,a851fb71e0032fc16dcc7042ba2a9e319fcc05731f4fc531f5aa066a372999e0,,,
seed,a2c_pointer,44.0,1836,0.4127291329205036,16,multimap_v3_1,paper_runs\multimap_v3_1\formal_training\formal_a2c_pointer_seed44_3000ep\training_metrics.jsonl,a851fb71e0032fc16dcc7042ba2a9e319fcc05731f4fc531f5aa066a372999e0,,,
seed,a2c_pointer,44.0,1852,0.47467471845448017,16,multimap_v3_1,paper_runs\multimap_v3_1\formal_training\formal_a2c_pointer_seed44_3000ep\training_metrics.jsonl,a851fb71e0032fc16dcc7042ba2a9e319fcc05731f4fc531f5aa066a372999e0,,,
seed,a2c_pointer,44.0,1868,0.49201950803399086,16,multimap_v3_1,paper_runs\multimap_v3_1\formal_training\formal_a2c_pointer_seed44_3000ep\training_metrics.jsonl,a851fb71e0032fc16dcc7042ba2a9e319fcc05731f4fc531f5aa066a372999e0,,,
seed,a2c_pointer,44.0,1884,0.4410674376413226,16,multimap_v3_1,paper_runs\multimap_v3_1\formal_training\formal_a2c_pointer_seed44_3000ep\training_metrics.jsonl,a851fb71e0032fc16dcc7042ba2a9e319fcc05731f4fc531f5aa066a372999e0,,,
seed,a2c_pointer,44.0,1900,0.48266888968646526,16,multimap_v3_1,paper_runs\multimap_v3_1\formal_training\formal_a2c_pointer_seed44_3000ep\training_metrics.jsonl,a851fb71e0032fc16dcc7042ba2a9e319fcc05731f4fc531f5aa066a372999e0,,,
seed,a2c_pointer,44.0,1916,0.5011956077069044,16,multimap_v3_1,paper_runs\multimap_v3_1\formal_training\formal_a2c_pointer_seed44_3000ep\training_metrics.jsonl,a851fb71e0032fc16dcc7042ba2a9e319fcc05731f4fc531f5aa066a372999e0,,,
seed,a2c_pointer,44.0,1932,0.4701166898012161,16,multimap_v3_1,paper_runs\multimap_v3_1\formal_training\formal_a2c_pointer_seed44_3000ep\training_metrics.jsonl,a851fb71e0032fc16dcc7042ba2a9e319fcc05731f4fc531f5aa066a372999e0,,,
seed,a2c_pointer,44.0,1948,0.47999569214880466,16,multimap_v3_1,paper_runs\multimap_v3_1\formal_training\formal_a2c_pointer_seed44_3000ep\training_metrics.jsonl,a851fb71e0032fc16dcc7042ba2a9e319fcc05731f4fc531f5aa066a372999e0,,,
seed,a2c_pointer,44.0,1964,0.4544641636312008,16,multimap_v3_1,paper_runs\multimap_v3_1\formal_training\formal_a2c_pointer_seed44_3000ep\training_metrics.jsonl,a851fb71e0032fc16dcc7042ba2a9e319fcc05731f4fc531f5aa066a372999e0,,,
seed,a2c_pointer,44.0,1980,0.41533937864005566,16,multimap_v3_1,paper_runs\multimap_v3_1\formal_training\formal_a2c_pointer_seed44_3000ep\training_metrics.jsonl,a851fb71e0032fc16dcc7042ba2a9e319fcc05731f4fc531f5aa066a372999e0,,,
seed,a2c_pointer,44.0,1996,0.508016218431294,16,multimap_v3_1,paper_runs\multimap_v3_1\formal_training\formal_a2c_pointer_seed44_3000ep\training_metrics.jsonl,a851fb71e0032fc16dcc7042ba2a9e319fcc05731f4fc531f5aa066a372999e0,,,
seed,a2c_pointer,44.0,2000,0.42821842432022095,16,multimap_v3_1,paper_runs\multimap_v3_1\formal_training\formal_a2c_pointer_seed44_3000ep\training_metrics.jsonl,a851fb71e0032fc16dcc7042ba2a9e319fcc05731f4fc531f5aa066a372999e0,,,
seed,a2c_pointer,44.0,2016,0.45985755883157253,16,multimap_v3_1,paper_runs\multimap_v3_1\formal_training\formal_a2c_pointer_seed44_3000ep\training_metrics.jsonl,a851fb71e0032fc16dcc7042ba2a9e319fcc05731f4fc531f5aa066a372999e0,,,
seed,a2c_pointer,44.0,2032,0.4880452435463667,16,multimap_v3_1,paper_runs\multimap_v3_1\formal_training\formal_a2c_pointer_seed44_3000ep\training_metrics.jsonl,a851fb71e0032fc16dcc7042ba2a9e319fcc05731f4fc531f5aa066a372999e0,,,
seed,a2c_pointer,44.0,2048,0.5210073832422495,16,multimap_v3_1,paper_runs\multimap_v3_1\formal_training\formal_a2c_pointer_seed44_3000ep\training_metrics.jsonl,a851fb71e0032fc16dcc7042ba2a9e319fcc05731f4fc531f5aa066a372999e0,,,
seed,a2c_pointer,44.0,2064,0.4166157962754369,16,multimap_v3_1,paper_runs\multimap_v3_1\formal_training\formal_a2c_pointer_seed44_3000ep\training_metrics.jsonl,a851fb71e0032fc16dcc7042ba2a9e319fcc05731f4fc531f5aa066a372999e0,,,
seed,a2c_pointer,44.0,2080,0.5133350994437933,16,multimap_v3_1,paper_runs\multimap_v3_1\formal_training\formal_a2c_pointer_seed44_3000ep\training_metrics.jsonl,a851fb71e0032fc16dcc7042ba2a9e319fcc05731f4fc531f5aa066a372999e0,,,
seed,a2c_pointer,44.0,2096,0.4512875899672508,16,multimap_v3_1,paper_runs\multimap_v3_1\formal_training\formal_a2c_pointer_seed44_3000ep\training_metrics.jsonl,a851fb71e0032fc16dcc7042ba2a9e319fcc05731f4fc531f5aa066a372999e0,,,
seed,a2c_pointer,44.0,2112,0.43310213182121515,16,multimap_v3_1,paper_runs\multimap_v3_1\formal_training\formal_a2c_pointer_seed44_3000ep\training_metrics.jsonl,a851fb71e0032fc16dcc7042ba2a9e319fcc05731f4fc531f5aa066a372999e0,,,
seed,a2c_pointer,44.0,2128,0.4391737822443247,16,multimap_v3_1,paper_runs\multimap_v3_1\formal_training\formal_a2c_pointer_seed44_3000ep\training_metrics.jsonl,a851fb71e0032fc16dcc7042ba2a9e319fcc05731f4fc531f5aa066a372999e0,,,
seed,a2c_pointer,44.0,2144,0.48695846647024155,16,multimap_v3_1,paper_runs\multimap_v3_1\formal_training\formal_a2c_pointer_seed44_3000ep\training_metrics.jsonl,a851fb71e0032fc16dcc7042ba2a9e319fcc05731f4fc531f5aa066a372999e0,,,
seed,a2c_pointer,44.0,2160,0.43715687468647957,16,multimap_v3_1,paper_runs\multimap_v3_1\formal_training\formal_a2c_pointer_seed44_3000ep\training_metrics.jsonl,a851fb71e0032fc16dcc7042ba2a9e319fcc05731f4fc531f5aa066a372999e0,,,
seed,a2c_pointer,44.0,2176,0.4450318394228816,16,multimap_v3_1,paper_runs\multimap_v3_1\formal_training\formal_a2c_pointer_seed44_3000ep\training_metrics.jsonl,a851fb71e0032fc16dcc7042ba2a9e319fcc05731f4fc531f5aa066a372999e0,,,
seed,a2c_pointer,44.0,2192,0.42948728892952204,16,multimap_v3_1,paper_runs\multimap_v3_1\formal_training\formal_a2c_pointer_seed44_3000ep\training_metrics.jsonl,a851fb71e0032fc16dcc7042ba2a9e319fcc05731f4fc531f5aa066a372999e0,,,
seed,a2c_pointer,44.0,2208,0.4063488859683275,16,multimap_v3_1,paper_runs\multimap_v3_1\formal_training\formal_a2c_pointer_seed44_3000ep\training_metrics.jsonl,a851fb71e0032fc16dcc7042ba2a9e319fcc05731f4fc531f5aa066a372999e0,,,
seed,a2c_pointer,44.0,2224,0.47659427486360073,16,multimap_v3_1,paper_runs\multimap_v3_1\formal_training\formal_a2c_pointer_seed44_3000ep\training_metrics.jsonl,a851fb71e0032fc16dcc7042ba2a9e319fcc05731f4fc531f5aa066a372999e0,,,
seed,a2c_pointer,44.0,2240,0.4511750340461731,16,multimap_v3_1,paper_runs\multimap_v3_1\formal_training\formal_a2c_pointer_seed44_3000ep\training_metrics.jsonl,a851fb71e0032fc16dcc7042ba2a9e319fcc05731f4fc531f5aa066a372999e0,,,
seed,a2c_pointer,44.0,2256,0.4368805382400751,16,multimap_v3_1,paper_runs\multimap_v3_1\formal_training\formal_a2c_pointer_seed44_3000ep\training_metrics.jsonl,a851fb71e0032fc16dcc7042ba2a9e319fcc05731f4fc531f5aa066a372999e0,,,
seed,a2c_pointer,44.0,2272,0.5328457392752171,16,multimap_v3_1,paper_runs\multimap_v3_1\formal_training\formal_a2c_pointer_seed44_3000ep\training_metrics.jsonl,a851fb71e0032fc16dcc7042ba2a9e319fcc05731f4fc531f5aa066a372999e0,,,
seed,a2c_pointer,44.0,2288,0.46329371351748705,16,multimap_v3_1,paper_runs\multimap_v3_1\formal_training\formal_a2c_pointer_seed44_3000ep\training_metrics.jsonl,a851fb71e0032fc16dcc7042ba2a9e319fcc05731f4fc531f5aa066a372999e0,,,
seed,a2c_pointer,44.0,2304,0.3592850612476468,16,multimap_v3_1,paper_runs\multimap_v3_1\formal_training\formal_a2c_pointer_seed44_3000ep\training_metrics.jsonl,a851fb71e0032fc16dcc7042ba2a9e319fcc05731f4fc531f5aa066a372999e0,,,
seed,a2c_pointer,44.0,2320,0.5132993273437023,16,multimap_v3_1,paper_runs\multimap_v3_1\formal_training\formal_a2c_pointer_seed44_3000ep\training_metrics.jsonl,a851fb71e0032fc16dcc7042ba2a9e319fcc05731f4fc531f5aa066a372999e0,,,
seed,a2c_pointer,44.0,2336,0.5338808875530958,16,multimap_v3_1,paper_runs\multimap_v3_1\formal_training\formal_a2c_pointer_seed44_3000ep\training_metrics.jsonl,a851fb71e0032fc16dcc7042ba2a9e319fcc05731f4fc531f5aa066a372999e0,,,
seed,a2c_pointer,44.0,2352,0.4877341724932194,16,multimap_v3_1,paper_runs\multimap_v3_1\formal_training\formal_a2c_pointer_seed44_3000ep\training_metrics.jsonl,a851fb71e0032fc16dcc7042ba2a9e319fcc05731f4fc531f5aa066a372999e0,,,
seed,a2c_pointer,44.0,2368,0.49998388532549143,16,multimap_v3_1,paper_runs\multimap_v3_1\formal_training\formal_a2c_pointer_seed44_3000ep\training_metrics.jsonl,a851fb71e0032fc16dcc7042ba2a9e319fcc05731f4fc531f5aa066a372999e0,,,
seed,a2c_pointer,44.0,2384,0.40285351872444153,16,multimap_v3_1,paper_runs\multimap_v3_1\formal_training\formal_a2c_pointer_seed44_3000ep\training_metrics.jsonl,a851fb71e0032fc16dcc7042ba2a9e319fcc05731f4fc531f5aa066a372999e0,,,
seed,a2c_pointer,44.0,2400,0.5133732371032238,16,multimap_v3_1,paper_runs\multimap_v3_1\formal_training\formal_a2c_pointer_seed44_3000ep\training_metrics.jsonl,a851fb71e0032fc16dcc7042ba2a9e319fcc05731f4fc531f5aa066a372999e0,,,
seed,a2c_pointer,44.0,2416,0.43354541389271617,16,multimap_v3_1,paper_runs\multimap_v3_1\formal_training\formal_a2c_pointer_seed44_3000ep\training_metrics.jsonl,a851fb71e0032fc16dcc7042ba2a9e319fcc05731f4fc531f5aa066a372999e0,,,
seed,a2c_pointer,44.0,2432,0.442063145339489,16,multimap_v3_1,paper_runs\multimap_v3_1\formal_training\formal_a2c_pointer_seed44_3000ep\training_metrics.jsonl,a851fb71e0032fc16dcc7042ba2a9e319fcc05731f4fc531f5aa066a372999e0,,,
seed,a2c_pointer,44.0,2448,0.41800438053905964,16,multimap_v3_1,paper_runs\multimap_v3_1\formal_training\formal_a2c_pointer_seed44_3000ep\training_metrics.jsonl,a851fb71e0032fc16dcc7042ba2a9e319fcc05731f4fc531f5aa066a372999e0,,,
seed,a2c_pointer,44.0,2464,0.4670837800949812,16,multimap_v3_1,paper_runs\multimap_v3_1\formal_training\formal_a2c_pointer_seed44_3000ep\training_metrics.jsonl,a851fb71e0032fc16dcc7042ba2a9e319fcc05731f4fc531f5aa066a372999e0,,,
seed,a2c_pointer,44.0,2480,0.42484129313379526,16,multimap_v3_1,paper_runs\multimap_v3_1\formal_training\formal_a2c_pointer_seed44_3000ep\training_metrics.jsonl,a851fb71e0032fc16dcc7042ba2a9e319fcc05731f4fc531f5aa066a372999e0,,,
seed,a2c_pointer,44.0,2496,0.4228133652359247,16,multimap_v3_1,paper_runs\multimap_v3_1\formal_training\formal_a2c_pointer_seed44_3000ep\training_metrics.jsonl,a851fb71e0032fc16dcc7042ba2a9e319fcc05731f4fc531f5aa066a372999e0,,,
seed,a2c_pointer,44.0,2500,0.4021506607532501,16,multimap_v3_1,paper_runs\multimap_v3_1\formal_training\formal_a2c_pointer_seed44_3000ep\training_metrics.jsonl,a851fb71e0032fc16dcc7042ba2a9e319fcc05731f4fc531f5aa066a372999e0,,,
seed,a2c_pointer,44.0,2516,0.5246939416974783,16,multimap_v3_1,paper_runs\multimap_v3_1\formal_training\formal_a2c_pointer_seed44_3000ep\training_metrics.jsonl,a851fb71e0032fc16dcc7042ba2a9e319fcc05731f4fc531f5aa066a372999e0,,,
seed,a2c_pointer,44.0,2532,0.4920220784842968,16,multimap_v3_1,paper_runs\multimap_v3_1\formal_training\formal_a2c_pointer_seed44_3000ep\training_metrics.jsonl,a851fb71e0032fc16dcc7042ba2a9e319fcc05731f4fc531f5aa066a372999e0,,,
seed,a2c_pointer,44.0,2548,0.42810716200619936,16,multimap_v3_1,paper_runs\multimap_v3_1\formal_training\formal_a2c_pointer_seed44_3000ep\training_metrics.jsonl,a851fb71e0032fc16dcc7042ba2a9e319fcc05731f4fc531f5aa066a372999e0,,,
seed,a2c_pointer,44.0,2564,0.4904038803651929,16,multimap_v3_1,paper_runs\multimap_v3_1\formal_training\formal_a2c_pointer_seed44_3000ep\training_metrics.jsonl,a851fb71e0032fc16dcc7042ba2a9e319fcc05731f4fc531f5aa066a372999e0,,,
seed,a2c_pointer,44.0,2580,0.4369038660079241,16,multimap_v3_1,paper_runs\multimap_v3_1\formal_training\formal_a2c_pointer_seed44_3000ep\training_metrics.jsonl,a851fb71e0032fc16dcc7042ba2a9e319fcc05731f4fc531f5aa066a372999e0,,,
seed,a2c_pointer,44.0,2596,0.4841593410819769,16,multimap_v3_1,paper_runs\multimap_v3_1\formal_training\formal_a2c_pointer_seed44_3000ep\training_metrics.jsonl,a851fb71e0032fc16dcc7042ba2a9e319fcc05731f4fc531f5aa066a372999e0,,,
seed,a2c_pointer,44.0,2612,0.4121489506214857,16,multimap_v3_1,paper_runs\multimap_v3_1\formal_training\formal_a2c_pointer_seed44_3000ep\training_metrics.jsonl,a851fb71e0032fc16dcc7042ba2a9e319fcc05731f4fc531f5aa066a372999e0,,,
seed,a2c_pointer,44.0,2628,0.4115330195054412,16,multimap_v3_1,paper_runs\multimap_v3_1\formal_training\formal_a2c_pointer_seed44_3000ep\training_metrics.jsonl,a851fb71e0032fc16dcc7042ba2a9e319fcc05731f4fc531f5aa066a372999e0,,,
seed,a2c_pointer,44.0,2644,0.4743518680334091,16,multimap_v3_1,paper_runs\multimap_v3_1\formal_training\formal_a2c_pointer_seed44_3000ep\training_metrics.jsonl,a851fb71e0032fc16dcc7042ba2a9e319fcc05731f4fc531f5aa066a372999e0,,,
seed,a2c_pointer,44.0,2660,0.455720086582005,16,multimap_v3_1,paper_runs\multimap_v3_1\formal_training\formal_a2c_pointer_seed44_3000ep\training_metrics.jsonl,a851fb71e0032fc16dcc7042ba2a9e319fcc05731f4fc531f5aa066a372999e0,,,
seed,a2c_pointer,44.0,2676,0.4345026118680835,16,multimap_v3_1,paper_runs\multimap_v3_1\formal_training\formal_a2c_pointer_seed44_3000ep\training_metrics.jsonl,a851fb71e0032fc16dcc7042ba2a9e319fcc05731f4fc531f5aa066a372999e0,,,
seed,a2c_pointer,44.0,2692,0.4322154838591814,16,multimap_v3_1,paper_runs\multimap_v3_1\formal_training\formal_a2c_pointer_seed44_3000ep\training_metrics.jsonl,a851fb71e0032fc16dcc7042ba2a9e319fcc05731f4fc531f5aa066a372999e0,,,
seed,a2c_pointer,44.0,2708,0.4484268520027399,16,multimap_v3_1,paper_runs\multimap_v3_1\formal_training\formal_a2c_pointer_seed44_3000ep\training_metrics.jsonl,a851fb71e0032fc16dcc7042ba2a9e319fcc05731f4fc531f5aa066a372999e0,,,
seed,a2c_pointer,44.0,2724,0.48419028148055077,16,multimap_v3_1,paper_runs\multimap_v3_1\formal_training\formal_a2c_pointer_seed44_3000ep\training_metrics.jsonl,a851fb71e0032fc16dcc7042ba2a9e319fcc05731f4fc531f5aa066a372999e0,,,
seed,a2c_pointer,44.0,2740,0.5350994113832712,16,multimap_v3_1,paper_runs\multimap_v3_1\formal_training\formal_a2c_pointer_seed44_3000ep\training_metrics.jsonl,a851fb71e0032fc16dcc7042ba2a9e319fcc05731f4fc531f5aa066a372999e0,,,
seed,a2c_pointer,44.0,2756,0.5057007092982531,16,multimap_v3_1,paper_runs\multimap_v3_1\formal_training\formal_a2c_pointer_seed44_3000ep\training_metrics.jsonl,a851fb71e0032fc16dcc7042ba2a9e319fcc05731f4fc531f5aa066a372999e0,,,
seed,a2c_pointer,44.0,2772,0.4279639236629009,16,multimap_v3_1,paper_runs\multimap_v3_1\formal_training\formal_a2c_pointer_seed44_3000ep\training_metrics.jsonl,a851fb71e0032fc16dcc7042ba2a9e319fcc05731f4fc531f5aa066a372999e0,,,
seed,a2c_pointer,44.0,2788,0.46454166527837515,16,multimap_v3_1,paper_runs\multimap_v3_1\formal_training\formal_a2c_pointer_seed44_3000ep\training_metrics.jsonl,a851fb71e0032fc16dcc7042ba2a9e319fcc05731f4fc531f5aa066a372999e0,,,
seed,a2c_pointer,44.0,2804,0.47787705063819885,16,multimap_v3_1,paper_runs\multimap_v3_1\formal_training\formal_a2c_pointer_seed44_3000ep\training_metrics.jsonl,a851fb71e0032fc16dcc7042ba2a9e319fcc05731f4fc531f5aa066a372999e0,,,
seed,a2c_pointer,44.0,2820,0.46370298229157925,16,multimap_v3_1,paper_runs\multimap_v3_1\formal_training\formal_a2c_pointer_seed44_3000ep\training_metrics.jsonl,a851fb71e0032fc16dcc7042ba2a9e319fcc05731f4fc531f5aa066a372999e0,,,
seed,a2c_pointer,44.0,2836,0.47831185534596443,16,multimap_v3_1,paper_runs\multimap_v3_1\formal_training\formal_a2c_pointer_seed44_3000ep\training_metrics.jsonl,a851fb71e0032fc16dcc7042ba2a9e319fcc05731f4fc531f5aa066a372999e0,,,
seed,a2c_pointer,44.0,2852,0.5496851336210966,16,multimap_v3_1,paper_runs\multimap_v3_1\formal_training\formal_a2c_pointer_seed44_3000ep\training_metrics.jsonl,a851fb71e0032fc16dcc7042ba2a9e319fcc05731f4fc531f5aa066a372999e0,,,
seed,a2c_pointer,44.0,2868,0.5045759752392769,16,multimap_v3_1,paper_runs\multimap_v3_1\formal_training\formal_a2c_pointer_seed44_3000ep\training_metrics.jsonl,a851fb71e0032fc16dcc7042ba2a9e319fcc05731f4fc531f5aa066a372999e0,,,
seed,a2c_pointer,44.0,2884,0.4880890976637602,16,multimap_v3_1,paper_runs\multimap_v3_1\formal_training\formal_a2c_pointer_seed44_3000ep\training_metrics.jsonl,a851fb71e0032fc16dcc7042ba2a9e319fcc05731f4fc531f5aa066a372999e0,,,
seed,a2c_pointer,44.0,2900,0.4795584511011839,16,multimap_v3_1,paper_runs\multimap_v3_1\formal_training\formal_a2c_pointer_seed44_3000ep\training_metrics.jsonl,a851fb71e0032fc16dcc7042ba2a9e319fcc05731f4fc531f5aa066a372999e0,,,
seed,a2c_pointer,44.0,2916,0.4447642005980015,16,multimap_v3_1,paper_runs\multimap_v3_1\formal_training\formal_a2c_pointer_seed44_3000ep\training_metrics.jsonl,a851fb71e0032fc16dcc7042ba2a9e319fcc05731f4fc531f5aa066a372999e0,,,
seed,a2c_pointer,44.0,2932,0.4450433859601617,16,multimap_v3_1,paper_runs\multimap_v3_1\formal_training\formal_a2c_pointer_seed44_3000ep\training_metrics.jsonl,a851fb71e0032fc16dcc7042ba2a9e319fcc05731f4fc531f5aa066a372999e0,,,
seed,a2c_pointer,44.0,2948,0.45431816577911377,16,multimap_v3_1,paper_runs\multimap_v3_1\formal_training\formal_a2c_pointer_seed44_3000ep\training_metrics.jsonl,a851fb71e0032fc16dcc7042ba2a9e319fcc05731f4fc531f5aa066a372999e0,,,
seed,a2c_pointer,44.0,2964,0.43705183919519186,16,multimap_v3_1,paper_runs\multimap_v3_1\formal_training\formal_a2c_pointer_seed44_3000ep\training_metrics.jsonl,a851fb71e0032fc16dcc7042ba2a9e319fcc05731f4fc531f5aa066a372999e0,,,
seed,a2c_pointer,44.0,2980,0.45290422812104225,16,multimap_v3_1,paper_runs\multimap_v3_1\formal_training\formal_a2c_pointer_seed44_3000ep\training_metrics.jsonl,a851fb71e0032fc16dcc7042ba2a9e319fcc05731f4fc531f5aa066a372999e0,,,
seed,a2c_pointer,44.0,2996,0.45721923746168613,16,multimap_v3_1,paper_runs\multimap_v3_1\formal_training\formal_a2c_pointer_seed44_3000ep\training_metrics.jsonl,a851fb71e0032fc16dcc7042ba2a9e319fcc05731f4fc531f5aa066a372999e0,,,
seed,a2c_pointer,44.0,3000,0.29249050840735435,16,multimap_v3_1,paper_runs\multimap_v3_1\formal_training\formal_a2c_pointer_seed44_3000ep\training_metrics.jsonl,a851fb71e0032fc16dcc7042ba2a9e319fcc05731f4fc531f5aa066a372999e0,,,
seed,a2c_pointer,45.0,16,0.2111331990454346,16,multimap_v3_1,paper_runs\multimap_v3_1\formal_training\formal_a2c_pointer_seed45_3000ep\training_metrics.jsonl,07610515aa3695e514b2ffee628395855b637ae849964111c7d7f2aeeac75802,,,
seed,a2c_pointer,45.0,32,0.20786250405944884,16,multimap_v3_1,paper_runs\multimap_v3_1\formal_training\formal_a2c_pointer_seed45_3000ep\training_metrics.jsonl,07610515aa3695e514b2ffee628395855b637ae849964111c7d7f2aeeac75802,,,
seed,a2c_pointer,45.0,48,0.18435468361712992,16,multimap_v3_1,paper_runs\multimap_v3_1\formal_training\formal_a2c_pointer_seed45_3000ep\training_metrics.jsonl,07610515aa3695e514b2ffee628395855b637ae849964111c7d7f2aeeac75802,,,
seed,a2c_pointer,45.0,64,0.2381201065145433,16,multimap_v3_1,paper_runs\multimap_v3_1\formal_training\formal_a2c_pointer_seed45_3000ep\training_metrics.jsonl,07610515aa3695e514b2ffee628395855b637ae849964111c7d7f2aeeac75802,,,
seed,a2c_pointer,45.0,80,0.2901506442576647,16,multimap_v3_1,paper_runs\multimap_v3_1\formal_training\formal_a2c_pointer_seed45_3000ep\training_metrics.jsonl,07610515aa3695e514b2ffee628395855b637ae849964111c7d7f2aeeac75802,,,
seed,a2c_pointer,45.0,96,0.2517712879925966,16,multimap_v3_1,paper_runs\multimap_v3_1\formal_training\formal_a2c_pointer_seed45_3000ep\training_metrics.jsonl,07610515aa3695e514b2ffee628395855b637ae849964111c7d7f2aeeac75802,,,
seed,a2c_pointer,45.0,112,0.3080000886693597,16,multimap_v3_1,paper_runs\multimap_v3_1\formal_training\formal_a2c_pointer_seed45_3000ep\training_metrics.jsonl,07610515aa3695e514b2ffee628395855b637ae849964111c7d7f2aeeac75802,,,
seed,a2c_pointer,45.0,128,0.2881791237741709,16,multimap_v3_1,paper_runs\multimap_v3_1\formal_training\formal_a2c_pointer_seed45_3000ep\training_metrics.jsonl,07610515aa3695e514b2ffee628395855b637ae849964111c7d7f2aeeac75802,,,
seed,a2c_pointer,45.0,144,0.26980727538466454,16,multimap_v3_1,paper_runs\multimap_v3_1\formal_training\formal_a2c_pointer_seed45_3000ep\training_metrics.jsonl,07610515aa3695e514b2ffee628395855b637ae849964111c7d7f2aeeac75802,,,
seed,a2c_pointer,45.0,160,0.3472060728818178,16,multimap_v3_1,paper_runs\multimap_v3_1\formal_training\formal_a2c_pointer_seed45_3000ep\training_metrics.jsonl,07610515aa3695e514b2ffee628395855b637ae849964111c7d7f2aeeac75802,,,
seed,a2c_pointer,45.0,176,0.2992433197796345,16,multimap_v3_1,paper_runs\multimap_v3_1\formal_training\formal_a2c_pointer_seed45_3000ep\training_metrics.jsonl,07610515aa3695e514b2ffee628395855b637ae849964111c7d7f2aeeac75802,,,
seed,a2c_pointer,45.0,192,0.28111341688781977,16,multimap_v3_1,paper_runs\multimap_v3_1\formal_training\formal_a2c_pointer_seed45_3000ep\training_metrics.jsonl,07610515aa3695e514b2ffee628395855b637ae849964111c7d7f2aeeac75802,,,
seed,a2c_pointer,45.0,208,0.35334320832043886,16,multimap_v3_1,paper_runs\multimap_v3_1\formal_training\formal_a2c_pointer_seed45_3000ep\training_metrics.jsonl,07610515aa3695e514b2ffee628395855b637ae849964111c7d7f2aeeac75802,,,
seed,a2c_pointer,45.0,224,0.2899032779969275,16,multimap_v3_1,paper_runs\multimap_v3_1\formal_training\formal_a2c_pointer_seed45_3000ep\training_metrics.jsonl,07610515aa3695e514b2ffee628395855b637ae849964111c7d7f2aeeac75802,,,
seed,a2c_pointer,45.0,240,0.32948882691562176,16,multimap_v3_1,paper_runs\multimap_v3_1\formal_training\formal_a2c_pointer_seed45_3000ep\training_metrics.jsonl,07610515aa3695e514b2ffee628395855b637ae849964111c7d7f2aeeac75802,,,
seed,a2c_pointer,45.0,250,0.3924111038446426,16,multimap_v3_1,paper_runs\multimap_v3_1\formal_training\formal_a2c_pointer_seed45_3000ep\training_metrics.jsonl,07610515aa3695e514b2ffee628395855b637ae849964111c7d7f2aeeac75802,,,
seed,a2c_pointer,45.0,266,0.30287858191877604,16,multimap_v3_1,paper_runs\multimap_v3_1\formal_training\formal_a2c_pointer_seed45_3000ep\training_metrics.jsonl,07610515aa3695e514b2ffee628395855b637ae849964111c7d7f2aeeac75802,,,
seed,a2c_pointer,45.0,282,0.25313652120530605,16,multimap_v3_1,paper_runs\multimap_v3_1\formal_training\formal_a2c_pointer_seed45_3000ep\training_metrics.jsonl,07610515aa3695e514b2ffee628395855b637ae849964111c7d7f2aeeac75802,,,
seed,a2c_pointer,45.0,298,0.34955294989049435,16,multimap_v3_1,paper_runs\multimap_v3_1\formal_training\formal_a2c_pointer_seed45_3000ep\training_metrics.jsonl,07610515aa3695e514b2ffee628395855b637ae849964111c7d7f2aeeac75802,,,
seed,a2c_pointer,45.0,314,0.30423347651958466,16,multimap_v3_1,paper_runs\multimap_v3_1\formal_training\formal_a2c_pointer_seed45_3000ep\training_metrics.jsonl,07610515aa3695e514b2ffee628395855b637ae849964111c7d7f2aeeac75802,,,
seed,a2c_pointer,45.0,330,0.33118294924497604,16,multimap_v3_1,paper_runs\multimap_v3_1\formal_training\formal_a2c_pointer_seed45_3000ep\training_metrics.jsonl,07610515aa3695e514b2ffee628395855b637ae849964111c7d7f2aeeac75802,,,
seed,a2c_pointer,45.0,346,0.3742866599932313,16,multimap_v3_1,paper_runs\multimap_v3_1\formal_training\formal_a2c_pointer_seed45_3000ep\training_metrics.jsonl,07610515aa3695e514b2ffee628395855b637ae849964111c7d7f2aeeac75802,,,
seed,a2c_pointer,45.0,362,0.35096379462629557,16,multimap_v3_1,paper_runs\multimap_v3_1\formal_training\formal_a2c_pointer_seed45_3000ep\training_metrics.jsonl,07610515aa3695e514b2ffee628395855b637ae849964111c7d7f2aeeac75802,,,
seed,a2c_pointer,45.0,378,0.32193870563060045,16,multimap_v3_1,paper_runs\multimap_v3_1\formal_training\formal_a2c_pointer_seed45_3000ep\training_metrics.jsonl,07610515aa3695e514b2ffee628395855b637ae849964111c7d7f2aeeac75802,,,
seed,a2c_pointer,45.0,394,0.35097623988986015,16,multimap_v3_1,paper_runs\multimap_v3_1\formal_training\formal_a2c_pointer_seed45_3000ep\training_metrics.jsonl,07610515aa3695e514b2ffee628395855b637ae849964111c7d7f2aeeac75802,,,
seed,a2c_pointer,45.0,410,0.3350024111568928,16,multimap_v3_1,paper_runs\multimap_v3_1\formal_training\formal_a2c_pointer_seed45_3000ep\training_metrics.jsonl,07610515aa3695e514b2ffee628395855b637ae849964111c7d7f2aeeac75802,,,
seed,a2c_pointer,45.0,426,0.34879989363253117,16,multimap_v3_1,paper_runs\multimap_v3_1\formal_training\formal_a2c_pointer_seed45_3000ep\training_metrics.jsonl,07610515aa3695e514b2ffee628395855b637ae849964111c7d7f2aeeac75802,,,
seed,a2c_pointer,45.0,442,0.37448327522724867,16,multimap_v3_1,paper_runs\multimap_v3_1\formal_training\formal_a2c_pointer_seed45_3000ep\training_metrics.jsonl,07610515aa3695e514b2ffee628395855b637ae849964111c7d7f2aeeac75802,,,
seed,a2c_pointer,45.0,458,0.40104398876428604,16,multimap_v3_1,paper_runs\multimap_v3_1\formal_training\formal_a2c_pointer_seed45_3000ep\training_metrics.jsonl,07610515aa3695e514b2ffee628395855b637ae849964111c7d7f2aeeac75802,,,
seed,a2c_pointer,45.0,474,0.32983525190502405,16,multimap_v3_1,paper_runs\multimap_v3_1\formal_training\formal_a2c_pointer_seed45_3000ep\training_metrics.jsonl,07610515aa3695e514b2ffee628395855b637ae849964111c7d7f2aeeac75802,,,
seed,a2c_pointer,45.0,490,0.4368978925049305,16,multimap_v3_1,paper_runs\multimap_v3_1\formal_training\formal_a2c_pointer_seed45_3000ep\training_metrics.jsonl,07610515aa3695e514b2ffee628395855b637ae849964111c7d7f2aeeac75802,,,
seed,a2c_pointer,45.0,500,0.4289819002151489,16,multimap_v3_1,paper_runs\multimap_v3_1\formal_training\formal_a2c_pointer_seed45_3000ep\training_metrics.jsonl,07610515aa3695e514b2ffee628395855b637ae849964111c7d7f2aeeac75802,,,
seed,a2c_pointer,45.0,516,0.36167161259800196,16,multimap_v3_1,paper_runs\multimap_v3_1\formal_training\formal_a2c_pointer_seed45_3000ep\training_metrics.jsonl,07610515aa3695e514b2ffee628395855b637ae849964111c7d7f2aeeac75802,,,
seed,a2c_pointer,45.0,532,0.4079273836687207,16,multimap_v3_1,paper_runs\multimap_v3_1\formal_training\formal_a2c_pointer_seed45_3000ep\training_metrics.jsonl,07610515aa3695e514b2ffee628395855b637ae849964111c7d7f2aeeac75802,,,
seed,a2c_pointer,45.0,548,0.42424827348440886,16,multimap_v3_1,paper_runs\multimap_v3_1\formal_training\formal_a2c_pointer_seed45_3000ep\training_metrics.jsonl,07610515aa3695e514b2ffee628395855b637ae849964111c7d7f2aeeac75802,,,
seed,a2c_pointer,45.0,564,0.35642047971487045,16,multimap_v3_1,paper_runs\multimap_v3_1\formal_training\formal_a2c_pointer_seed45_3000ep\training_metrics.jsonl,07610515aa3695e514b2ffee628395855b637ae849964111c7d7f2aeeac75802,,,
seed,a2c_pointer,45.0,580,0.40592969581484795,16,multimap_v3_1,paper_runs\multimap_v3_1\formal_training\formal_a2c_pointer_seed45_3000ep\training_metrics.jsonl,07610515aa3695e514b2ffee628395855b637ae849964111c7d7f2aeeac75802,,,
seed,a2c_pointer,45.0,596,0.35093103908002377,16,multimap_v3_1,paper_runs\multimap_v3_1\formal_training\formal_a2c_pointer_seed45_3000ep\training_metrics.jsonl,07610515aa3695e514b2ffee628395855b637ae849964111c7d7f2aeeac75802,,,
seed,a2c_pointer,45.0,612,0.3424686067737639,16,multimap_v3_1,paper_runs\multimap_v3_1\formal_training\formal_a2c_pointer_seed45_3000ep\training_metrics.jsonl,07610515aa3695e514b2ffee628395855b637ae849964111c7d7f2aeeac75802,,,
seed,a2c_pointer,45.0,628,0.37816445156931877,16,multimap_v3_1,paper_runs\multimap_v3_1\formal_training\formal_a2c_pointer_seed45_3000ep\training_metrics.jsonl,07610515aa3695e514b2ffee628395855b637ae849964111c7d7f2aeeac75802,,,
seed,a2c_pointer,45.0,644,0.36966593749821186,16,multimap_v3_1,paper_runs\multimap_v3_1\formal_training\formal_a2c_pointer_seed45_3000ep\training_metrics.jsonl,07610515aa3695e514b2ffee628395855b637ae849964111c7d7f2aeeac75802,,,
seed,a2c_pointer,45.0,660,0.3740792255848646,16,multimap_v3_1,paper_runs\multimap_v3_1\formal_training\formal_a2c_pointer_seed45_3000ep\training_metrics.jsonl,07610515aa3695e514b2ffee628395855b637ae849964111c7d7f2aeeac75802,,,
seed,a2c_pointer,45.0,676,0.4977740300819278,16,multimap_v3_1,paper_runs\multimap_v3_1\formal_training\formal_a2c_pointer_seed45_3000ep\training_metrics.jsonl,07610515aa3695e514b2ffee628395855b637ae849964111c7d7f2aeeac75802,,,
seed,a2c_pointer,45.0,692,0.32315563783049583,16,multimap_v3_1,paper_runs\multimap_v3_1\formal_training\formal_a2c_pointer_seed45_3000ep\training_metrics.jsonl,07610515aa3695e514b2ffee628395855b637ae849964111c7d7f2aeeac75802,,,
seed,a2c_pointer,45.0,708,0.35038182605057955,16,multimap_v3_1,paper_runs\multimap_v3_1\formal_training\formal_a2c_pointer_seed45_3000ep\training_metrics.jsonl,07610515aa3695e514b2ffee628395855b637ae849964111c7d7f2aeeac75802,,,
seed,a2c_pointer,45.0,724,0.4685152433812618,16,multimap_v3_1,paper_runs\multimap_v3_1\formal_training\formal_a2c_pointer_seed45_3000ep\training_metrics.jsonl,07610515aa3695e514b2ffee628395855b637ae849964111c7d7f2aeeac75802,,,
seed,a2c_pointer,45.0,740,0.43401593063026667,16,multimap_v3_1,paper_runs\multimap_v3_1\formal_training\formal_a2c_pointer_seed45_3000ep\training_metrics.jsonl,07610515aa3695e514b2ffee628395855b637ae849964111c7d7f2aeeac75802,,,
seed,a2c_pointer,45.0,756,0.3718943018466234,16,multimap_v3_1,paper_runs\multimap_v3_1\formal_training\formal_a2c_pointer_seed45_3000ep\training_metrics.jsonl,07610515aa3695e514b2ffee628395855b637ae849964111c7d7f2aeeac75802,,,
seed,a2c_pointer,45.0,772,0.5037517361342907,16,multimap_v3_1,paper_runs\multimap_v3_1\formal_training\formal_a2c_pointer_seed45_3000ep\training_metrics.jsonl,07610515aa3695e514b2ffee628395855b637ae849964111c7d7f2aeeac75802,,,
seed,a2c_pointer,45.0,788,0.45110087003558874,16,multimap_v3_1,paper_runs\multimap_v3_1\formal_training\formal_a2c_pointer_seed45_3000ep\training_metrics.jsonl,07610515aa3695e514b2ffee628395855b637ae849964111c7d7f2aeeac75802,,,
seed,a2c_pointer,45.0,804,0.413873590528965,16,multimap_v3_1,paper_runs\multimap_v3_1\formal_training\formal_a2c_pointer_seed45_3000ep\training_metrics.jsonl,07610515aa3695e514b2ffee628395855b637ae849964111c7d7f2aeeac75802,,,
seed,a2c_pointer,45.0,820,0.44901231303811073,16,multimap_v3_1,paper_runs\multimap_v3_1\formal_training\formal_a2c_pointer_seed45_3000ep\training_metrics.jsonl,07610515aa3695e514b2ffee628395855b637ae849964111c7d7f2aeeac75802,,,
seed,a2c_pointer,45.0,836,0.4711629580706358,16,multimap_v3_1,paper_runs\multimap_v3_1\formal_training\formal_a2c_pointer_seed45_3000ep\training_metrics.jsonl,07610515aa3695e514b2ffee628395855b637ae849964111c7d7f2aeeac75802,,,
seed,a2c_pointer,45.0,852,0.4013630738481879,16,multimap_v3_1,paper_runs\multimap_v3_1\formal_training\formal_a2c_pointer_seed45_3000ep\training_metrics.jsonl,07610515aa3695e514b2ffee628395855b637ae849964111c7d7f2aeeac75802,,,
seed,a2c_pointer,45.0,868,0.44106566347181797,16,multimap_v3_1,paper_runs\multimap_v3_1\formal_training\formal_a2c_pointer_seed45_3000ep\training_metrics.jsonl,07610515aa3695e514b2ffee628395855b637ae849964111c7d7f2aeeac75802,,,
seed,a2c_pointer,45.0,884,0.43690906930714846,16,multimap_v3_1,paper_runs\multimap_v3_1\formal_training\formal_a2c_pointer_seed45_3000ep\training_metrics.jsonl,07610515aa3695e514b2ffee628395855b637ae849964111c7d7f2aeeac75802,,,
seed,a2c_pointer,45.0,900,0.41131761111319065,16,multimap_v3_1,paper_runs\multimap_v3_1\formal_training\formal_a2c_pointer_seed45_3000ep\training_metrics.jsonl,07610515aa3695e514b2ffee628395855b637ae849964111c7d7f2aeeac75802,,,
seed,a2c_pointer,45.0,916,0.4200190342962742,16,multimap_v3_1,paper_runs\multimap_v3_1\formal_training\formal_a2c_pointer_seed45_3000ep\training_metrics.jsonl,07610515aa3695e514b2ffee628395855b637ae849964111c7d7f2aeeac75802,,,
seed,a2c_pointer,45.0,932,0.46338597126305103,16,multimap_v3_1,paper_runs\multimap_v3_1\formal_training\formal_a2c_pointer_seed45_3000ep\training_metrics.jsonl,07610515aa3695e514b2ffee628395855b637ae849964111c7d7f2aeeac75802,,,
seed,a2c_pointer,45.0,948,0.46242984291166067,16,multimap_v3_1,paper_runs\multimap_v3_1\formal_training\formal_a2c_pointer_seed45_3000ep\training_metrics.jsonl,07610515aa3695e514b2ffee628395855b637ae849964111c7d7f2aeeac75802,,,
seed,a2c_pointer,45.0,964,0.45127557776868343,16,multimap_v3_1,paper_runs\multimap_v3_1\formal_training\formal_a2c_pointer_seed45_3000ep\training_metrics.jsonl,07610515aa3695e514b2ffee628395855b637ae849964111c7d7f2aeeac75802,,,
seed,a2c_pointer,45.0,980,0.4273935854434967,16,multimap_v3_1,paper_runs\multimap_v3_1\formal_training\formal_a2c_pointer_seed45_3000ep\training_metrics.jsonl,07610515aa3695e514b2ffee628395855b637ae849964111c7d7f2aeeac75802,,,
seed,a2c_pointer,45.0,996,0.4253733800724149,16,multimap_v3_1,paper_runs\multimap_v3_1\formal_training\formal_a2c_pointer_seed45_3000ep\training_metrics.jsonl,07610515aa3695e514b2ffee628395855b637ae849964111c7d7f2aeeac75802,,,
seed,a2c_pointer,45.0,1000,0.5035145133733749,16,multimap_v3_1,paper_runs\multimap_v3_1\formal_training\formal_a2c_pointer_seed45_3000ep\training_metrics.jsonl,07610515aa3695e514b2ffee628395855b637ae849964111c7d7f2aeeac75802,,,
seed,a2c_pointer,45.0,1016,0.4401151044294238,16,multimap_v3_1,paper_runs\multimap_v3_1\formal_training\formal_a2c_pointer_seed45_3000ep\training_metrics.jsonl,07610515aa3695e514b2ffee628395855b637ae849964111c7d7f2aeeac75802,,,
seed,a2c_pointer,45.0,1032,0.45233569014817476,16,multimap_v3_1,paper_runs\multimap_v3_1\formal_training\formal_a2c_pointer_seed45_3000ep\training_metrics.jsonl,07610515aa3695e514b2ffee628395855b637ae849964111c7d7f2aeeac75802,,,
seed,a2c_pointer,45.0,1048,0.45083925873041153,16,multimap_v3_1,paper_runs\multimap_v3_1\formal_training\formal_a2c_pointer_seed45_3000ep\training_metrics.jsonl,07610515aa3695e514b2ffee628395855b637ae849964111c7d7f2aeeac75802,,,
seed,a2c_pointer,45.0,1064,0.44165838696062565,16,multimap_v3_1,paper_runs\multimap_v3_1\formal_training\formal_a2c_pointer_seed45_3000ep\training_metrics.jsonl,07610515aa3695e514b2ffee628395855b637ae849964111c7d7f2aeeac75802,,,
seed,a2c_pointer,45.0,1080,0.4482884369790554,16,multimap_v3_1,paper_runs\multimap_v3_1\formal_training\formal_a2c_pointer_seed45_3000ep\training_metrics.jsonl,07610515aa3695e514b2ffee628395855b637ae849964111c7d7f2aeeac75802,,,
seed,a2c_pointer,45.0,1096,0.4351698188111186,16,multimap_v3_1,paper_runs\multimap_v3_1\formal_training\formal_a2c_pointer_seed45_3000ep\training_metrics.jsonl,07610515aa3695e514b2ffee628395855b637ae849964111c7d7f2aeeac75802,,,
seed,a2c_pointer,45.0,1112,0.46855648793280125,16,multimap_v3_1,paper_runs\multimap_v3_1\formal_training\formal_a2c_pointer_seed45_3000ep\training_metrics.jsonl,07610515aa3695e514b2ffee628395855b637ae849964111c7d7f2aeeac75802,,,
seed,a2c_pointer,45.0,1128,0.4064077027142048,16,multimap_v3_1,paper_runs\multimap_v3_1\formal_training\formal_a2c_pointer_seed45_3000ep\training_metrics.jsonl,07610515aa3695e514b2ffee628395855b637ae849964111c7d7f2aeeac75802,,,
seed,a2c_pointer,45.0,1144,0.4489458352327347,16,multimap_v3_1,paper_runs\multimap_v3_1\formal_training\formal_a2c_pointer_seed45_3000ep\training_metrics.jsonl,07610515aa3695e514b2ffee628395855b637ae849964111c7d7f2aeeac75802,,,
seed,a2c_pointer,45.0,1160,0.49948984012007713,16,multimap_v3_1,paper_runs\multimap_v3_1\formal_training\formal_a2c_pointer_seed45_3000ep\training_metrics.jsonl,07610515aa3695e514b2ffee628395855b637ae849964111c7d7f2aeeac75802,,,
seed,a2c_pointer,45.0,1176,0.44198952335864305,16,multimap_v3_1,paper_runs\multimap_v3_1\formal_training\formal_a2c_pointer_seed45_3000ep\training_metrics.jsonl,07610515aa3695e514b2ffee628395855b637ae849964111c7d7f2aeeac75802,,,
seed,a2c_pointer,45.0,1192,0.44510794850066304,16,multimap_v3_1,paper_runs\multimap_v3_1\formal_training\formal_a2c_pointer_seed45_3000ep\training_metrics.jsonl,07610515aa3695e514b2ffee628395855b637ae849964111c7d7f2aeeac75802,,,
seed,a2c_pointer,45.0,1208,0.4528720686212182,16,multimap_v3_1,paper_runs\multimap_v3_1\formal_training\formal_a2c_pointer_seed45_3000ep\training_metrics.jsonl,07610515aa3695e514b2ffee628395855b637ae849964111c7d7f2aeeac75802,,,
seed,a2c_pointer,45.0,1224,0.4178279619663954,16,multimap_v3_1,paper_runs\multimap_v3_1\formal_training\formal_a2c_pointer_seed45_3000ep\training_metrics.jsonl,07610515aa3695e514b2ffee628395855b637ae849964111c7d7f2aeeac75802,,,
seed,a2c_pointer,45.0,1240,0.4917696276679635,16,multimap_v3_1,paper_runs\multimap_v3_1\formal_training\formal_a2c_pointer_seed45_3000ep\training_metrics.jsonl,07610515aa3695e514b2ffee628395855b637ae849964111c7d7f2aeeac75802,,,
seed,a2c_pointer,45.0,1256,0.462002313695848,16,multimap_v3_1,paper_runs\multimap_v3_1\formal_training\formal_a2c_pointer_seed45_3000ep\training_metrics.jsonl,07610515aa3695e514b2ffee628395855b637ae849964111c7d7f2aeeac75802,,,
seed,a2c_pointer,45.0,1272,0.4406684823334217,16,multimap_v3_1,paper_runs\multimap_v3_1\formal_training\formal_a2c_pointer_seed45_3000ep\training_metrics.jsonl,07610515aa3695e514b2ffee628395855b637ae849964111c7d7f2aeeac75802,,,
seed,a2c_pointer,45.0,1288,0.4488111790269613,16,multimap_v3_1,paper_runs\multimap_v3_1\formal_training\formal_a2c_pointer_seed45_3000ep\training_metrics.jsonl,07610515aa3695e514b2ffee628395855b637ae849964111c7d7f2aeeac75802,,,
seed,a2c_pointer,45.0,1304,0.47114041168242693,16,multimap_v3_1,paper_runs\multimap_v3_1\formal_training\formal_a2c_pointer_seed45_3000ep\training_metrics.jsonl,07610515aa3695e514b2ffee628395855b637ae849964111c7d7f2aeeac75802,,,
seed,a2c_pointer,45.0,1320,0.38208903279155493,16,multimap_v3_1,paper_runs\multimap_v3_1\formal_training\formal_a2c_pointer_seed45_3000ep\training_metrics.jsonl,07610515aa3695e514b2ffee628395855b637ae849964111c7d7f2aeeac75802,,,
seed,a2c_pointer,45.0,1336,0.512830464169383,16,multimap_v3_1,paper_runs\multimap_v3_1\formal_training\formal_a2c_pointer_seed45_3000ep\training_metrics.jsonl,07610515aa3695e514b2ffee628395855b637ae849964111c7d7f2aeeac75802,,,
seed,a2c_pointer,45.0,1352,0.4795602932572365,16,multimap_v3_1,paper_runs\multimap_v3_1\formal_training\formal_a2c_pointer_seed45_3000ep\training_metrics.jsonl,07610515aa3695e514b2ffee628395855b637ae849964111c7d7f2aeeac75802,,,
seed,a2c_pointer,45.0,1368,0.4037706833332777,16,multimap_v3_1,paper_runs\multimap_v3_1\formal_training\formal_a2c_pointer_seed45_3000ep\training_metrics.jsonl,07610515aa3695e514b2ffee628395855b637ae849964111c7d7f2aeeac75802,,,
seed,a2c_pointer,45.0,1384,0.5249053668230772,16,multimap_v3_1,paper_runs\multimap_v3_1\formal_training\formal_a2c_pointer_seed45_3000ep\training_metrics.jsonl,07610515aa3695e514b2ffee628395855b637ae849964111c7d7f2aeeac75802,,,
seed,a2c_pointer,45.0,1400,0.4729475397616625,16,multimap_v3_1,paper_runs\multimap_v3_1\formal_training\formal_a2c_pointer_seed45_3000ep\training_metrics.jsonl,07610515aa3695e514b2ffee628395855b637ae849964111c7d7f2aeeac75802,,,
seed,a2c_pointer,45.0,1416,0.43436950352042913,16,multimap_v3_1,paper_runs\multimap_v3_1\formal_training\formal_a2c_pointer_seed45_3000ep\training_metrics.jsonl,07610515aa3695e514b2ffee628395855b637ae849964111c7d7f2aeeac75802,,,
seed,a2c_pointer,45.0,1432,0.44483378529548645,16,multimap_v3_1,paper_runs\multimap_v3_1\formal_training\formal_a2c_pointer_seed45_3000ep\training_metrics.jsonl,07610515aa3695e514b2ffee628395855b637ae849964111c7d7f2aeeac75802,,,
seed,a2c_pointer,45.0,1448,0.4808566849678755,16,multimap_v3_1,paper_runs\multimap_v3_1\formal_training\formal_a2c_pointer_seed45_3000ep\training_metrics.jsonl,07610515aa3695e514b2ffee628395855b637ae849964111c7d7f2aeeac75802,,,
seed,a2c_pointer,45.0,1464,0.3845472810789943,16,multimap_v3_1,paper_runs\multimap_v3_1\formal_training\formal_a2c_pointer_seed45_3000ep\training_metrics.jsonl,07610515aa3695e514b2ffee628395855b637ae849964111c7d7f2aeeac75802,,,
seed,a2c_pointer,45.0,1480,0.46658489666879177,16,multimap_v3_1,paper_runs\multimap_v3_1\formal_training\formal_a2c_pointer_seed45_3000ep\training_metrics.jsonl,07610515aa3695e514b2ffee628395855b637ae849964111c7d7f2aeeac75802,,,
seed,a2c_pointer,45.0,1496,0.4779152385890484,16,multimap_v3_1,paper_runs\multimap_v3_1\formal_training\formal_a2c_pointer_seed45_3000ep\training_metrics.jsonl,07610515aa3695e514b2ffee628395855b637ae849964111c7d7f2aeeac75802,,,
seed,a2c_pointer,45.0,1500,0.45072314143180847,16,multimap_v3_1,paper_runs\multimap_v3_1\formal_training\formal_a2c_pointer_seed45_3000ep\training_metrics.jsonl,07610515aa3695e514b2ffee628395855b637ae849964111c7d7f2aeeac75802,,,
seed,a2c_pointer,45.0,1516,0.4919400103390217,16,multimap_v3_1,paper_runs\multimap_v3_1\formal_training\formal_a2c_pointer_seed45_3000ep\training_metrics.jsonl,07610515aa3695e514b2ffee628395855b637ae849964111c7d7f2aeeac75802,,,
seed,a2c_pointer,45.0,1532,0.42315732035785913,16,multimap_v3_1,paper_runs\multimap_v3_1\formal_training\formal_a2c_pointer_seed45_3000ep\training_metrics.jsonl,07610515aa3695e514b2ffee628395855b637ae849964111c7d7f2aeeac75802,,,
seed,a2c_pointer,45.0,1548,0.42812057957053185,16,multimap_v3_1,paper_runs\multimap_v3_1\formal_training\formal_a2c_pointer_seed45_3000ep\training_metrics.jsonl,07610515aa3695e514b2ffee628395855b637ae849964111c7d7f2aeeac75802,,,
seed,a2c_pointer,45.0,1564,0.45278276689350605,16,multimap_v3_1,paper_runs\multimap_v3_1\formal_training\formal_a2c_pointer_seed45_3000ep\training_metrics.jsonl,07610515aa3695e514b2ffee628395855b637ae849964111c7d7f2aeeac75802,,,
seed,a2c_pointer,45.0,1580,0.4558960571885109,16,multimap_v3_1,paper_runs\multimap_v3_1\formal_training\formal_a2c_pointer_seed45_3000ep\training_metrics.jsonl,07610515aa3695e514b2ffee628395855b637ae849964111c7d7f2aeeac75802,,,
seed,a2c_pointer,45.0,1596,0.42153134383261204,16,multimap_v3_1,paper_runs\multimap_v3_1\formal_training\formal_a2c_pointer_seed45_3000ep\training_metrics.jsonl,07610515aa3695e514b2ffee628395855b637ae849964111c7d7f2aeeac75802,,,
seed,a2c_pointer,45.0,1612,0.548364881426096,16,multimap_v3_1,paper_runs\multimap_v3_1\formal_training\formal_a2c_pointer_seed45_3000ep\training_metrics.jsonl,07610515aa3695e514b2ffee628395855b637ae849964111c7d7f2aeeac75802,,,
seed,a2c_pointer,45.0,1628,0.48861044459044933,16,multimap_v3_1,paper_runs\multimap_v3_1\formal_training\formal_a2c_pointer_seed45_3000ep\training_metrics.jsonl,07610515aa3695e514b2ffee628395855b637ae849964111c7d7f2aeeac75802,,,
seed,a2c_pointer,45.0,1644,0.44056399911642075,16,multimap_v3_1,paper_runs\multimap_v3_1\formal_training\formal_a2c_pointer_seed45_3000ep\training_metrics.jsonl,07610515aa3695e514b2ffee628395855b637ae849964111c7d7f2aeeac75802,,,
seed,a2c_pointer,45.0,1660,0.4411147031933069,16,multimap_v3_1,paper_runs\multimap_v3_1\formal_training\formal_a2c_pointer_seed45_3000ep\training_metrics.jsonl,07610515aa3695e514b2ffee628395855b637ae849964111c7d7f2aeeac75802,,,
seed,a2c_pointer,45.0,1676,0.45699865743517876,16,multimap_v3_1,paper_runs\multimap_v3_1\formal_training\formal_a2c_pointer_seed45_3000ep\training_metrics.jsonl,07610515aa3695e514b2ffee628395855b637ae849964111c7d7f2aeeac75802,,,
seed,a2c_pointer,45.0,1692,0.4294679844751954,16,multimap_v3_1,paper_runs\multimap_v3_1\formal_training\formal_a2c_pointer_seed45_3000ep\training_metrics.jsonl,07610515aa3695e514b2ffee628395855b637ae849964111c7d7f2aeeac75802,,,
seed,a2c_pointer,45.0,1708,0.3826679699122906,16,multimap_v3_1,paper_runs\multimap_v3_1\formal_training\formal_a2c_pointer_seed45_3000ep\training_metrics.jsonl,07610515aa3695e514b2ffee628395855b637ae849964111c7d7f2aeeac75802,,,
seed,a2c_pointer,45.0,1724,0.436881179921329,16,multimap_v3_1,paper_runs\multimap_v3_1\formal_training\formal_a2c_pointer_seed45_3000ep\training_metrics.jsonl,07610515aa3695e514b2ffee628395855b637ae849964111c7d7f2aeeac75802,,,
seed,a2c_pointer,45.0,1740,0.47520729433745146,16,multimap_v3_1,paper_runs\multimap_v3_1\formal_training\formal_a2c_pointer_seed45_3000ep\training_metrics.jsonl,07610515aa3695e514b2ffee628395855b637ae849964111c7d7f2aeeac75802,,,
seed,a2c_pointer,45.0,1756,0.4787394180893898,16,multimap_v3_1,paper_runs\multimap_v3_1\formal_training\formal_a2c_pointer_seed45_3000ep\training_metrics.jsonl,07610515aa3695e514b2ffee628395855b637ae849964111c7d7f2aeeac75802,,,
seed,a2c_pointer,45.0,1772,0.3916451660916209,16,multimap_v3_1,paper_runs\multimap_v3_1\formal_training\formal_a2c_pointer_seed45_3000ep\training_metrics.jsonl,07610515aa3695e514b2ffee628395855b637ae849964111c7d7f2aeeac75802,,,
seed,a2c_pointer,45.0,1788,0.4713503662496805,16,multimap_v3_1,paper_runs\multimap_v3_1\formal_training\formal_a2c_pointer_seed45_3000ep\training_metrics.jsonl,07610515aa3695e514b2ffee628395855b637ae849964111c7d7f2aeeac75802,,,
seed,a2c_pointer,45.0,1804,0.45135712856426835,16,multimap_v3_1,paper_runs\multimap_v3_1\formal_training\formal_a2c_pointer_seed45_3000ep\training_metrics.jsonl,07610515aa3695e514b2ffee628395855b637ae849964111c7d7f2aeeac75802,,,
seed,a2c_pointer,45.0,1820,0.44321089796721935,16,multimap_v3_1,paper_runs\multimap_v3_1\formal_training\formal_a2c_pointer_seed45_3000ep\training_metrics.jsonl,07610515aa3695e514b2ffee628395855b637ae849964111c7d7f2aeeac75802,,,
seed,a2c_pointer,45.0,1836,0.42808373738080263,16,multimap_v3_1,paper_runs\multimap_v3_1\formal_training\formal_a2c_pointer_seed45_3000ep\training_metrics.jsonl,07610515aa3695e514b2ffee628395855b637ae849964111c7d7f2aeeac75802,,,
seed,a2c_pointer,45.0,1852,0.5097030829638243,16,multimap_v3_1,paper_runs\multimap_v3_1\formal_training\formal_a2c_pointer_seed45_3000ep\training_metrics.jsonl,07610515aa3695e514b2ffee628395855b637ae849964111c7d7f2aeeac75802,,,
seed,a2c_pointer,45.0,1868,0.44789494574069977,16,multimap_v3_1,paper_runs\multimap_v3_1\formal_training\formal_a2c_pointer_seed45_3000ep\training_metrics.jsonl,07610515aa3695e514b2ffee628395855b637ae849964111c7d7f2aeeac75802,,,
seed,a2c_pointer,45.0,1884,0.4243803918361664,16,multimap_v3_1,paper_runs\multimap_v3_1\formal_training\formal_a2c_pointer_seed45_3000ep\training_metrics.jsonl,07610515aa3695e514b2ffee628395855b637ae849964111c7d7f2aeeac75802,,,
seed,a2c_pointer,45.0,1900,0.4784889593720436,16,multimap_v3_1,paper_runs\multimap_v3_1\formal_training\formal_a2c_pointer_seed45_3000ep\training_metrics.jsonl,07610515aa3695e514b2ffee628395855b637ae849964111c7d7f2aeeac75802,,,
seed,a2c_pointer,45.0,1916,0.4229393322020769,16,multimap_v3_1,paper_runs\multimap_v3_1\formal_training\formal_a2c_pointer_seed45_3000ep\training_metrics.jsonl,07610515aa3695e514b2ffee628395855b637ae849964111c7d7f2aeeac75802,,,
seed,a2c_pointer,45.0,1932,0.45474405586719513,16,multimap_v3_1,paper_runs\multimap_v3_1\formal_training\formal_a2c_pointer_seed45_3000ep\training_metrics.jsonl,07610515aa3695e514b2ffee628395855b637ae849964111c7d7f2aeeac75802,,,
seed,a2c_pointer,45.0,1948,0.4530106717720628,16,multimap_v3_1,paper_runs\multimap_v3_1\formal_training\formal_a2c_pointer_seed45_3000ep\training_metrics.jsonl,07610515aa3695e514b2ffee628395855b637ae849964111c7d7f2aeeac75802,,,
seed,a2c_pointer,45.0,1964,0.5106217600405216,16,multimap_v3_1,paper_runs\multimap_v3_1\formal_training\formal_a2c_pointer_seed45_3000ep\training_metrics.jsonl,07610515aa3695e514b2ffee628395855b637ae849964111c7d7f2aeeac75802,,,
seed,a2c_pointer,45.0,1980,0.4472092157229781,16,multimap_v3_1,paper_runs\multimap_v3_1\formal_training\formal_a2c_pointer_seed45_3000ep\training_metrics.jsonl,07610515aa3695e514b2ffee628395855b637ae849964111c7d7f2aeeac75802,,,
seed,a2c_pointer,45.0,1996,0.43365267664194107,16,multimap_v3_1,paper_runs\multimap_v3_1\formal_training\formal_a2c_pointer_seed45_3000ep\training_metrics.jsonl,07610515aa3695e514b2ffee628395855b637ae849964111c7d7f2aeeac75802,,,
seed,a2c_pointer,45.0,2000,0.4157765731215477,16,multimap_v3_1,paper_runs\multimap_v3_1\formal_training\formal_a2c_pointer_seed45_3000ep\training_metrics.jsonl,07610515aa3695e514b2ffee628395855b637ae849964111c7d7f2aeeac75802,,,
seed,a2c_pointer,45.0,2016,0.4649316845461726,16,multimap_v3_1,paper_runs\multimap_v3_1\formal_training\formal_a2c_pointer_seed45_3000ep\training_metrics.jsonl,07610515aa3695e514b2ffee628395855b637ae849964111c7d7f2aeeac75802,,,
seed,a2c_pointer,45.0,2032,0.4371992312371731,16,multimap_v3_1,paper_runs\multimap_v3_1\formal_training\formal_a2c_pointer_seed45_3000ep\training_metrics.jsonl,07610515aa3695e514b2ffee628395855b637ae849964111c7d7f2aeeac75802,,,
seed,a2c_pointer,45.0,2048,0.4885858464986086,16,multimap_v3_1,paper_runs\multimap_v3_1\formal_training\formal_a2c_pointer_seed45_3000ep\training_metrics.jsonl,07610515aa3695e514b2ffee628395855b637ae849964111c7d7f2aeeac75802,,,
seed,a2c_pointer,45.0,2064,0.4777322616428137,16,multimap_v3_1,paper_runs\multimap_v3_1\formal_training\formal_a2c_pointer_seed45_3000ep\training_metrics.jsonl,07610515aa3695e514b2ffee628395855b637ae849964111c7d7f2aeeac75802,,,
seed,a2c_pointer,45.0,2080,0.45504738483577967,16,multimap_v3_1,paper_runs\multimap_v3_1\formal_training\formal_a2c_pointer_seed45_3000ep\training_metrics.jsonl,07610515aa3695e514b2ffee628395855b637ae849964111c7d7f2aeeac75802,,,
seed,a2c_pointer,45.0,2096,0.4758690446615219,16,multimap_v3_1,paper_runs\multimap_v3_1\formal_training\formal_a2c_pointer_seed45_3000ep\training_metrics.jsonl,07610515aa3695e514b2ffee628395855b637ae849964111c7d7f2aeeac75802,,,
seed,a2c_pointer,45.0,2112,0.4854138009250164,16,multimap_v3_1,paper_runs\multimap_v3_1\formal_training\formal_a2c_pointer_seed45_3000ep\training_metrics.jsonl,07610515aa3695e514b2ffee628395855b637ae849964111c7d7f2aeeac75802,,,
seed,a2c_pointer,45.0,2128,0.5037797540426254,16,multimap_v3_1,paper_runs\multimap_v3_1\formal_training\formal_a2c_pointer_seed45_3000ep\training_metrics.jsonl,07610515aa3695e514b2ffee628395855b637ae849964111c7d7f2aeeac75802,,,
seed,a2c_pointer,45.0,2144,0.5228324197232723,16,multimap_v3_1,paper_runs\multimap_v3_1\formal_training\formal_a2c_pointer_seed45_3000ep\training_metrics.jsonl,07610515aa3695e514b2ffee628395855b637ae849964111c7d7f2aeeac75802,,,
seed,a2c_pointer,45.0,2160,0.41270792949944735,16,multimap_v3_1,paper_runs\multimap_v3_1\formal_training\formal_a2c_pointer_seed45_3000ep\training_metrics.jsonl,07610515aa3695e514b2ffee628395855b637ae849964111c7d7f2aeeac75802,,,
seed,a2c_pointer,45.0,2176,0.49046471528708935,16,multimap_v3_1,paper_runs\multimap_v3_1\formal_training\formal_a2c_pointer_seed45_3000ep\training_metrics.jsonl,07610515aa3695e514b2ffee628395855b637ae849964111c7d7f2aeeac75802,,,
seed,a2c_pointer,45.0,2192,0.4293605284765363,16,multimap_v3_1,paper_runs\multimap_v3_1\formal_training\formal_a2c_pointer_seed45_3000ep\training_metrics.jsonl,07610515aa3695e514b2ffee628395855b637ae849964111c7d7f2aeeac75802,,,
seed,a2c_pointer,45.0,2208,0.49543933663517237,16,multimap_v3_1,paper_runs\multimap_v3_1\formal_training\formal_a2c_pointer_seed45_3000ep\training_metrics.jsonl,07610515aa3695e514b2ffee628395855b637ae849964111c7d7f2aeeac75802,,,
seed,a2c_pointer,45.0,2224,0.5405269376933575,16,multimap_v3_1,paper_runs\multimap_v3_1\formal_training\formal_a2c_pointer_seed45_3000ep\training_metrics.jsonl,07610515aa3695e514b2ffee628395855b637ae849964111c7d7f2aeeac75802,,,
seed,a2c_pointer,45.0,2240,0.3981351451948285,16,multimap_v3_1,paper_runs\multimap_v3_1\formal_training\formal_a2c_pointer_seed45_3000ep\training_metrics.jsonl,07610515aa3695e514b2ffee628395855b637ae849964111c7d7f2aeeac75802,,,
seed,a2c_pointer,45.0,2256,0.4599120318889618,16,multimap_v3_1,paper_runs\multimap_v3_1\formal_training\formal_a2c_pointer_seed45_3000ep\training_metrics.jsonl,07610515aa3695e514b2ffee628395855b637ae849964111c7d7f2aeeac75802,,,
seed,a2c_pointer,45.0,2272,0.4432006720453501,16,multimap_v3_1,paper_runs\multimap_v3_1\formal_training\formal_a2c_pointer_seed45_3000ep\training_metrics.jsonl,07610515aa3695e514b2ffee628395855b637ae849964111c7d7f2aeeac75802,,,
seed,a2c_pointer,45.0,2288,0.47148862574249506,16,multimap_v3_1,paper_runs\multimap_v3_1\formal_training\formal_a2c_pointer_seed45_3000ep\training_metrics.jsonl,07610515aa3695e514b2ffee628395855b637ae849964111c7d7f2aeeac75802,,,
seed,a2c_pointer,45.0,2304,0.446090055629611,16,multimap_v3_1,paper_runs\multimap_v3_1\formal_training\formal_a2c_pointer_seed45_3000ep\training_metrics.jsonl,07610515aa3695e514b2ffee628395855b637ae849964111c7d7f2aeeac75802,,,
seed,a2c_pointer,45.0,2320,0.4372640158981085,16,multimap_v3_1,paper_runs\multimap_v3_1\formal_training\formal_a2c_pointer_seed45_3000ep\training_metrics.jsonl,07610515aa3695e514b2ffee628395855b637ae849964111c7d7f2aeeac75802,,,
seed,a2c_pointer,45.0,2336,0.44650379847735167,16,multimap_v3_1,paper_runs\multimap_v3_1\formal_training\formal_a2c_pointer_seed45_3000ep\training_metrics.jsonl,07610515aa3695e514b2ffee628395855b637ae849964111c7d7f2aeeac75802,,,
seed,a2c_pointer,45.0,2352,0.4012900060042739,16,multimap_v3_1,paper_runs\multimap_v3_1\formal_training\formal_a2c_pointer_seed45_3000ep\training_metrics.jsonl,07610515aa3695e514b2ffee628395855b637ae849964111c7d7f2aeeac75802,,,
seed,a2c_pointer,45.0,2368,0.5365763269364834,16,multimap_v3_1,paper_runs\multimap_v3_1\formal_training\formal_a2c_pointer_seed45_3000ep\training_metrics.jsonl,07610515aa3695e514b2ffee628395855b637ae849964111c7d7f2aeeac75802,,,
seed,a2c_pointer,45.0,2384,0.465366224758327,16,multimap_v3_1,paper_runs\multimap_v3_1\formal_training\formal_a2c_pointer_seed45_3000ep\training_metrics.jsonl,07610515aa3695e514b2ffee628395855b637ae849964111c7d7f2aeeac75802,,,
seed,a2c_pointer,45.0,2400,0.4268131721764803,16,multimap_v3_1,paper_runs\multimap_v3_1\formal_training\formal_a2c_pointer_seed45_3000ep\training_metrics.jsonl,07610515aa3695e514b2ffee628395855b637ae849964111c7d7f2aeeac75802,,,
seed,a2c_pointer,45.0,2416,0.5191951040178537,16,multimap_v3_1,paper_runs\multimap_v3_1\formal_training\formal_a2c_pointer_seed45_3000ep\training_metrics.jsonl,07610515aa3695e514b2ffee628395855b637ae849964111c7d7f2aeeac75802,,,
seed,a2c_pointer,45.0,2432,0.49654668383300304,16,multimap_v3_1,paper_runs\multimap_v3_1\formal_training\formal_a2c_pointer_seed45_3000ep\training_metrics.jsonl,07610515aa3695e514b2ffee628395855b637ae849964111c7d7f2aeeac75802,,,
seed,a2c_pointer,45.0,2448,0.41036152746528387,16,multimap_v3_1,paper_runs\multimap_v3_1\formal_training\formal_a2c_pointer_seed45_3000ep\training_metrics.jsonl,07610515aa3695e514b2ffee628395855b637ae849964111c7d7f2aeeac75802,,,
seed,a2c_pointer,45.0,2464,0.48220899794250727,16,multimap_v3_1,paper_runs\multimap_v3_1\formal_training\formal_a2c_pointer_seed45_3000ep\training_metrics.jsonl,07610515aa3695e514b2ffee628395855b637ae849964111c7d7f2aeeac75802,,,
seed,a2c_pointer,45.0,2480,0.45590694434940815,16,multimap_v3_1,paper_runs\multimap_v3_1\formal_training\formal_a2c_pointer_seed45_3000ep\training_metrics.jsonl,07610515aa3695e514b2ffee628395855b637ae849964111c7d7f2aeeac75802,,,
seed,a2c_pointer,45.0,2496,0.4523495752364397,16,multimap_v3_1,paper_runs\multimap_v3_1\formal_training\formal_a2c_pointer_seed45_3000ep\training_metrics.jsonl,07610515aa3695e514b2ffee628395855b637ae849964111c7d7f2aeeac75802,,,
seed,a2c_pointer,45.0,2500,0.4957290068268776,16,multimap_v3_1,paper_runs\multimap_v3_1\formal_training\formal_a2c_pointer_seed45_3000ep\training_metrics.jsonl,07610515aa3695e514b2ffee628395855b637ae849964111c7d7f2aeeac75802,,,
seed,a2c_pointer,45.0,2516,0.4789804005995393,16,multimap_v3_1,paper_runs\multimap_v3_1\formal_training\formal_a2c_pointer_seed45_3000ep\training_metrics.jsonl,07610515aa3695e514b2ffee628395855b637ae849964111c7d7f2aeeac75802,,,
seed,a2c_pointer,45.0,2532,0.4446580819785595,16,multimap_v3_1,paper_runs\multimap_v3_1\formal_training\formal_a2c_pointer_seed45_3000ep\training_metrics.jsonl,07610515aa3695e514b2ffee628395855b637ae849964111c7d7f2aeeac75802,,,
seed,a2c_pointer,45.0,2548,0.509884649887681,16,multimap_v3_1,paper_runs\multimap_v3_1\formal_training\formal_a2c_pointer_seed45_3000ep\training_metrics.jsonl,07610515aa3695e514b2ffee628395855b637ae849964111c7d7f2aeeac75802,,,
seed,a2c_pointer,45.0,2564,0.47453499492257833,16,multimap_v3_1,paper_runs\multimap_v3_1\formal_training\formal_a2c_pointer_seed45_3000ep\training_metrics.jsonl,07610515aa3695e514b2ffee628395855b637ae849964111c7d7f2aeeac75802,,,
seed,a2c_pointer,45.0,2580,0.47406997811049223,16,multimap_v3_1,paper_runs\multimap_v3_1\formal_training\formal_a2c_pointer_seed45_3000ep\training_metrics.jsonl,07610515aa3695e514b2ffee628395855b637ae849964111c7d7f2aeeac75802,,,
seed,a2c_pointer,45.0,2596,0.5174064692109823,16,multimap_v3_1,paper_runs\multimap_v3_1\formal_training\formal_a2c_pointer_seed45_3000ep\training_metrics.jsonl,07610515aa3695e514b2ffee628395855b637ae849964111c7d7f2aeeac75802,,,
seed,a2c_pointer,45.0,2612,0.4139694347977638,16,multimap_v3_1,paper_runs\multimap_v3_1\formal_training\formal_a2c_pointer_seed45_3000ep\training_metrics.jsonl,07610515aa3695e514b2ffee628395855b637ae849964111c7d7f2aeeac75802,,,
seed,a2c_pointer,45.0,2628,0.44981585443019867,16,multimap_v3_1,paper_runs\multimap_v3_1\formal_training\formal_a2c_pointer_seed45_3000ep\training_metrics.jsonl,07610515aa3695e514b2ffee628395855b637ae849964111c7d7f2aeeac75802,,,
seed,a2c_pointer,45.0,2644,0.3962621623650193,16,multimap_v3_1,paper_runs\multimap_v3_1\formal_training\formal_a2c_pointer_seed45_3000ep\training_metrics.jsonl,07610515aa3695e514b2ffee628395855b637ae849964111c7d7f2aeeac75802,,,
seed,a2c_pointer,45.0,2660,0.4731490882113576,16,multimap_v3_1,paper_runs\multimap_v3_1\formal_training\formal_a2c_pointer_seed45_3000ep\training_metrics.jsonl,07610515aa3695e514b2ffee628395855b637ae849964111c7d7f2aeeac75802,,,
seed,a2c_pointer,45.0,2676,0.4623103030025959,16,multimap_v3_1,paper_runs\multimap_v3_1\formal_training\formal_a2c_pointer_seed45_3000ep\training_metrics.jsonl,07610515aa3695e514b2ffee628395855b637ae849964111c7d7f2aeeac75802,,,
seed,a2c_pointer,45.0,2692,0.5079081514850259,16,multimap_v3_1,paper_runs\multimap_v3_1\formal_training\formal_a2c_pointer_seed45_3000ep\training_metrics.jsonl,07610515aa3695e514b2ffee628395855b637ae849964111c7d7f2aeeac75802,,,
seed,a2c_pointer,45.0,2708,0.42926414497196674,16,multimap_v3_1,paper_runs\multimap_v3_1\formal_training\formal_a2c_pointer_seed45_3000ep\training_metrics.jsonl,07610515aa3695e514b2ffee628395855b637ae849964111c7d7f2aeeac75802,,,
seed,a2c_pointer,45.0,2724,0.41531513445079327,16,multimap_v3_1,paper_runs\multimap_v3_1\formal_training\formal_a2c_pointer_seed45_3000ep\training_metrics.jsonl,07610515aa3695e514b2ffee628395855b637ae849964111c7d7f2aeeac75802,,,
seed,a2c_pointer,45.0,2740,0.4254028704017401,16,multimap_v3_1,paper_runs\multimap_v3_1\formal_training\formal_a2c_pointer_seed45_3000ep\training_metrics.jsonl,07610515aa3695e514b2ffee628395855b637ae849964111c7d7f2aeeac75802,,,
seed,a2c_pointer,45.0,2756,0.4058029828593135,16,multimap_v3_1,paper_runs\multimap_v3_1\formal_training\formal_a2c_pointer_seed45_3000ep\training_metrics.jsonl,07610515aa3695e514b2ffee628395855b637ae849964111c7d7f2aeeac75802,,,
seed,a2c_pointer,45.0,2772,0.4140302613377571,16,multimap_v3_1,paper_runs\multimap_v3_1\formal_training\formal_a2c_pointer_seed45_3000ep\training_metrics.jsonl,07610515aa3695e514b2ffee628395855b637ae849964111c7d7f2aeeac75802,,,
seed,a2c_pointer,45.0,2788,0.43532739393413067,16,multimap_v3_1,paper_runs\multimap_v3_1\formal_training\formal_a2c_pointer_seed45_3000ep\training_metrics.jsonl,07610515aa3695e514b2ffee628395855b637ae849964111c7d7f2aeeac75802,,,
seed,a2c_pointer,45.0,2804,0.41070620715618134,16,multimap_v3_1,paper_runs\multimap_v3_1\formal_training\formal_a2c_pointer_seed45_3000ep\training_metrics.jsonl,07610515aa3695e514b2ffee628395855b637ae849964111c7d7f2aeeac75802,,,
seed,a2c_pointer,45.0,2820,0.2866321096662432,16,multimap_v3_1,paper_runs\multimap_v3_1\formal_training\formal_a2c_pointer_seed45_3000ep\training_metrics.jsonl,07610515aa3695e514b2ffee628395855b637ae849964111c7d7f2aeeac75802,,,
seed,a2c_pointer,45.0,2836,0.3535360749810934,16,multimap_v3_1,paper_runs\multimap_v3_1\formal_training\formal_a2c_pointer_seed45_3000ep\training_metrics.jsonl,07610515aa3695e514b2ffee628395855b637ae849964111c7d7f2aeeac75802,,,
seed,a2c_pointer,45.0,2852,0.4700611177831888,16,multimap_v3_1,paper_runs\multimap_v3_1\formal_training\formal_a2c_pointer_seed45_3000ep\training_metrics.jsonl,07610515aa3695e514b2ffee628395855b637ae849964111c7d7f2aeeac75802,,,
seed,a2c_pointer,45.0,2868,0.4549221945926547,16,multimap_v3_1,paper_runs\multimap_v3_1\formal_training\formal_a2c_pointer_seed45_3000ep\training_metrics.jsonl,07610515aa3695e514b2ffee628395855b637ae849964111c7d7f2aeeac75802,,,
seed,a2c_pointer,45.0,2884,0.5017576105892658,16,multimap_v3_1,paper_runs\multimap_v3_1\formal_training\formal_a2c_pointer_seed45_3000ep\training_metrics.jsonl,07610515aa3695e514b2ffee628395855b637ae849964111c7d7f2aeeac75802,,,
seed,a2c_pointer,45.0,2900,0.468204140663147,16,multimap_v3_1,paper_runs\multimap_v3_1\formal_training\formal_a2c_pointer_seed45_3000ep\training_metrics.jsonl,07610515aa3695e514b2ffee628395855b637ae849964111c7d7f2aeeac75802,,,
seed,a2c_pointer,45.0,2916,0.37697005830705166,16,multimap_v3_1,paper_runs\multimap_v3_1\formal_training\formal_a2c_pointer_seed45_3000ep\training_metrics.jsonl,07610515aa3695e514b2ffee628395855b637ae849964111c7d7f2aeeac75802,,,
seed,a2c_pointer,45.0,2932,0.4315601009875536,16,multimap_v3_1,paper_runs\multimap_v3_1\formal_training\formal_a2c_pointer_seed45_3000ep\training_metrics.jsonl,07610515aa3695e514b2ffee628395855b637ae849964111c7d7f2aeeac75802,,,
seed,a2c_pointer,45.0,2948,0.47760788910090923,16,multimap_v3_1,paper_runs\multimap_v3_1\formal_training\formal_a2c_pointer_seed45_3000ep\training_metrics.jsonl,07610515aa3695e514b2ffee628395855b637ae849964111c7d7f2aeeac75802,,,
seed,a2c_pointer,45.0,2964,0.4676873851567507,16,multimap_v3_1,paper_runs\multimap_v3_1\formal_training\formal_a2c_pointer_seed45_3000ep\training_metrics.jsonl,07610515aa3695e514b2ffee628395855b637ae849964111c7d7f2aeeac75802,,,
seed,a2c_pointer,45.0,2980,0.4625648055225611,16,multimap_v3_1,paper_runs\multimap_v3_1\formal_training\formal_a2c_pointer_seed45_3000ep\training_metrics.jsonl,07610515aa3695e514b2ffee628395855b637ae849964111c7d7f2aeeac75802,,,
seed,a2c_pointer,45.0,2996,0.4417832773178816,16,multimap_v3_1,paper_runs\multimap_v3_1\formal_training\formal_a2c_pointer_seed45_3000ep\training_metrics.jsonl,07610515aa3695e514b2ffee628395855b637ae849964111c7d7f2aeeac75802,,,
seed,a2c_pointer,45.0,3000,0.43549279123544693,16,multimap_v3_1,paper_runs\multimap_v3_1\formal_training\formal_a2c_pointer_seed45_3000ep\training_metrics.jsonl,07610515aa3695e514b2ffee628395855b637ae849964111c7d7f2aeeac75802,,,
seed,a2c_pointer,46.0,16,0.23289481399115175,16,multimap_v3_1,paper_runs\multimap_v3_1\formal_training\formal_a2c_pointer_seed46_3000ep\training_metrics.jsonl,47afb18808f50581223846de7dcb5ad60fb5ff058386e48d05acca3070b4733f,,,
seed,a2c_pointer,46.0,32,0.24500972963869572,16,multimap_v3_1,paper_runs\multimap_v3_1\formal_training\formal_a2c_pointer_seed46_3000ep\training_metrics.jsonl,47afb18808f50581223846de7dcb5ad60fb5ff058386e48d05acca3070b4733f,,,
seed,a2c_pointer,46.0,48,0.20491386950016022,16,multimap_v3_1,paper_runs\multimap_v3_1\formal_training\formal_a2c_pointer_seed46_3000ep\training_metrics.jsonl,47afb18808f50581223846de7dcb5ad60fb5ff058386e48d05acca3070b4733f,,,
seed,a2c_pointer,46.0,64,0.34512287471443415,16,multimap_v3_1,paper_runs\multimap_v3_1\formal_training\formal_a2c_pointer_seed46_3000ep\training_metrics.jsonl,47afb18808f50581223846de7dcb5ad60fb5ff058386e48d05acca3070b4733f,,,
seed,a2c_pointer,46.0,80,0.23835353832691908,16,multimap_v3_1,paper_runs\multimap_v3_1\formal_training\formal_a2c_pointer_seed46_3000ep\training_metrics.jsonl,47afb18808f50581223846de7dcb5ad60fb5ff058386e48d05acca3070b4733f,,,
seed,a2c_pointer,46.0,96,0.21998673491179943,16,multimap_v3_1,paper_runs\multimap_v3_1\formal_training\formal_a2c_pointer_seed46_3000ep\training_metrics.jsonl,47afb18808f50581223846de7dcb5ad60fb5ff058386e48d05acca3070b4733f,,,
seed,a2c_pointer,46.0,112,0.3158291717991233,16,multimap_v3_1,paper_runs\multimap_v3_1\formal_training\formal_a2c_pointer_seed46_3000ep\training_metrics.jsonl,47afb18808f50581223846de7dcb5ad60fb5ff058386e48d05acca3070b4733f,,,
seed,a2c_pointer,46.0,128,0.3009676309302449,16,multimap_v3_1,paper_runs\multimap_v3_1\formal_training\formal_a2c_pointer_seed46_3000ep\training_metrics.jsonl,47afb18808f50581223846de7dcb5ad60fb5ff058386e48d05acca3070b4733f,,,
seed,a2c_pointer,46.0,144,0.25713074021041393,16,multimap_v3_1,paper_runs\multimap_v3_1\formal_training\formal_a2c_pointer_seed46_3000ep\training_metrics.jsonl,47afb18808f50581223846de7dcb5ad60fb5ff058386e48d05acca3070b4733f,,,
seed,a2c_pointer,46.0,160,0.312185007147491,16,multimap_v3_1,paper_runs\multimap_v3_1\formal_training\formal_a2c_pointer_seed46_3000ep\training_metrics.jsonl,47afb18808f50581223846de7dcb5ad60fb5ff058386e48d05acca3070b4733f,,,
seed,a2c_pointer,46.0,176,0.31192486081272364,16,multimap_v3_1,paper_runs\multimap_v3_1\formal_training\formal_a2c_pointer_seed46_3000ep\training_metrics.jsonl,47afb18808f50581223846de7dcb5ad60fb5ff058386e48d05acca3070b4733f,,,
seed,a2c_pointer,46.0,192,0.2864339975640178,16,multimap_v3_1,paper_runs\multimap_v3_1\formal_training\formal_a2c_pointer_seed46_3000ep\training_metrics.jsonl,47afb18808f50581223846de7dcb5ad60fb5ff058386e48d05acca3070b4733f,,,
seed,a2c_pointer,46.0,208,0.3667485164478421,16,multimap_v3_1,paper_runs\multimap_v3_1\formal_training\formal_a2c_pointer_seed46_3000ep\training_metrics.jsonl,47afb18808f50581223846de7dcb5ad60fb5ff058386e48d05acca3070b4733f,,,
seed,a2c_pointer,46.0,224,0.33359971921890974,16,multimap_v3_1,paper_runs\multimap_v3_1\formal_training\formal_a2c_pointer_seed46_3000ep\training_metrics.jsonl,47afb18808f50581223846de7dcb5ad60fb5ff058386e48d05acca3070b4733f,,,
seed,a2c_pointer,46.0,240,0.3270874721929431,16,multimap_v3_1,paper_runs\multimap_v3_1\formal_training\formal_a2c_pointer_seed46_3000ep\training_metrics.jsonl,47afb18808f50581223846de7dcb5ad60fb5ff058386e48d05acca3070b4733f,,,
seed,a2c_pointer,46.0,250,0.3981543600559235,16,multimap_v3_1,paper_runs\multimap_v3_1\formal_training\formal_a2c_pointer_seed46_3000ep\training_metrics.jsonl,47afb18808f50581223846de7dcb5ad60fb5ff058386e48d05acca3070b4733f,,,
seed,a2c_pointer,46.0,266,0.33211572002619505,16,multimap_v3_1,paper_runs\multimap_v3_1\formal_training\formal_a2c_pointer_seed46_3000ep\training_metrics.jsonl,47afb18808f50581223846de7dcb5ad60fb5ff058386e48d05acca3070b4733f,,,
seed,a2c_pointer,46.0,282,0.32443240098655224,16,multimap_v3_1,paper_runs\multimap_v3_1\formal_training\formal_a2c_pointer_seed46_3000ep\training_metrics.jsonl,47afb18808f50581223846de7dcb5ad60fb5ff058386e48d05acca3070b4733f,,,
seed,a2c_pointer,46.0,298,0.30838745925575495,16,multimap_v3_1,paper_runs\multimap_v3_1\formal_training\formal_a2c_pointer_seed46_3000ep\training_metrics.jsonl,47afb18808f50581223846de7dcb5ad60fb5ff058386e48d05acca3070b4733f,,,
seed,a2c_pointer,46.0,314,0.35561288613826036,16,multimap_v3_1,paper_runs\multimap_v3_1\formal_training\formal_a2c_pointer_seed46_3000ep\training_metrics.jsonl,47afb18808f50581223846de7dcb5ad60fb5ff058386e48d05acca3070b4733f,,,
seed,a2c_pointer,46.0,330,0.29138532653450966,16,multimap_v3_1,paper_runs\multimap_v3_1\formal_training\formal_a2c_pointer_seed46_3000ep\training_metrics.jsonl,47afb18808f50581223846de7dcb5ad60fb5ff058386e48d05acca3070b4733f,,,
seed,a2c_pointer,46.0,346,0.4228853387758136,16,multimap_v3_1,paper_runs\multimap_v3_1\formal_training\formal_a2c_pointer_seed46_3000ep\training_metrics.jsonl,47afb18808f50581223846de7dcb5ad60fb5ff058386e48d05acca3070b4733f,,,
seed,a2c_pointer,46.0,362,0.320938216522336,16,multimap_v3_1,paper_runs\multimap_v3_1\formal_training\formal_a2c_pointer_seed46_3000ep\training_metrics.jsonl,47afb18808f50581223846de7dcb5ad60fb5ff058386e48d05acca3070b4733f,,,
seed,a2c_pointer,46.0,378,0.3335103439167142,16,multimap_v3_1,paper_runs\multimap_v3_1\formal_training\formal_a2c_pointer_seed46_3000ep\training_metrics.jsonl,47afb18808f50581223846de7dcb5ad60fb5ff058386e48d05acca3070b4733f,,,
seed,a2c_pointer,46.0,394,0.3766750320792198,16,multimap_v3_1,paper_runs\multimap_v3_1\formal_training\formal_a2c_pointer_seed46_3000ep\training_metrics.jsonl,47afb18808f50581223846de7dcb5ad60fb5ff058386e48d05acca3070b4733f,,,
seed,a2c_pointer,46.0,410,0.3493474554270506,16,multimap_v3_1,paper_runs\multimap_v3_1\formal_training\formal_a2c_pointer_seed46_3000ep\training_metrics.jsonl,47afb18808f50581223846de7dcb5ad60fb5ff058386e48d05acca3070b4733f,,,
seed,a2c_pointer,46.0,426,0.34472507145255804,16,multimap_v3_1,paper_runs\multimap_v3_1\formal_training\formal_a2c_pointer_seed46_3000ep\training_metrics.jsonl,47afb18808f50581223846de7dcb5ad60fb5ff058386e48d05acca3070b4733f,,,
seed,a2c_pointer,46.0,442,0.3354248655959964,16,multimap_v3_1,paper_runs\multimap_v3_1\formal_training\formal_a2c_pointer_seed46_3000ep\training_metrics.jsonl,47afb18808f50581223846de7dcb5ad60fb5ff058386e48d05acca3070b4733f,,,
seed,a2c_pointer,46.0,458,0.36836276669055223,16,multimap_v3_1,paper_runs\multimap_v3_1\formal_training\formal_a2c_pointer_seed46_3000ep\training_metrics.jsonl,47afb18808f50581223846de7dcb5ad60fb5ff058386e48d05acca3070b4733f,,,
seed,a2c_pointer,46.0,474,0.32344153709709644,16,multimap_v3_1,paper_runs\multimap_v3_1\formal_training\formal_a2c_pointer_seed46_3000ep\training_metrics.jsonl,47afb18808f50581223846de7dcb5ad60fb5ff058386e48d05acca3070b4733f,,,
seed,a2c_pointer,46.0,490,0.41584837064146996,16,multimap_v3_1,paper_runs\multimap_v3_1\formal_training\formal_a2c_pointer_seed46_3000ep\training_metrics.jsonl,47afb18808f50581223846de7dcb5ad60fb5ff058386e48d05acca3070b4733f,,,
seed,a2c_pointer,46.0,500,0.39880962371826173,16,multimap_v3_1,paper_runs\multimap_v3_1\formal_training\formal_a2c_pointer_seed46_3000ep\training_metrics.jsonl,47afb18808f50581223846de7dcb5ad60fb5ff058386e48d05acca3070b4733f,,,
seed,a2c_pointer,46.0,516,0.43043496645987034,16,multimap_v3_1,paper_runs\multimap_v3_1\formal_training\formal_a2c_pointer_seed46_3000ep\training_metrics.jsonl,47afb18808f50581223846de7dcb5ad60fb5ff058386e48d05acca3070b4733f,,,
seed,a2c_pointer,46.0,532,0.42696146853268147,16,multimap_v3_1,paper_runs\multimap_v3_1\formal_training\formal_a2c_pointer_seed46_3000ep\training_metrics.jsonl,47afb18808f50581223846de7dcb5ad60fb5ff058386e48d05acca3070b4733f,,,
seed,a2c_pointer,46.0,548,0.39492175448685884,16,multimap_v3_1,paper_runs\multimap_v3_1\formal_training\formal_a2c_pointer_seed46_3000ep\training_metrics.jsonl,47afb18808f50581223846de7dcb5ad60fb5ff058386e48d05acca3070b4733f,,,
seed,a2c_pointer,46.0,564,0.3578072218224406,16,multimap_v3_1,paper_runs\multimap_v3_1\formal_training\formal_a2c_pointer_seed46_3000ep\training_metrics.jsonl,47afb18808f50581223846de7dcb5ad60fb5ff058386e48d05acca3070b4733f,,,
seed,a2c_pointer,46.0,580,0.39797297213226557,16,multimap_v3_1,paper_runs\multimap_v3_1\formal_training\formal_a2c_pointer_seed46_3000ep\training_metrics.jsonl,47afb18808f50581223846de7dcb5ad60fb5ff058386e48d05acca3070b4733f,,,
seed,a2c_pointer,46.0,596,0.44169688504189253,16,multimap_v3_1,paper_runs\multimap_v3_1\formal_training\formal_a2c_pointer_seed46_3000ep\training_metrics.jsonl,47afb18808f50581223846de7dcb5ad60fb5ff058386e48d05acca3070b4733f,,,
seed,a2c_pointer,46.0,612,0.3958254028111696,16,multimap_v3_1,paper_runs\multimap_v3_1\formal_training\formal_a2c_pointer_seed46_3000ep\training_metrics.jsonl,47afb18808f50581223846de7dcb5ad60fb5ff058386e48d05acca3070b4733f,,,
seed,a2c_pointer,46.0,628,0.3984537860378623,16,multimap_v3_1,paper_runs\multimap_v3_1\formal_training\formal_a2c_pointer_seed46_3000ep\training_metrics.jsonl,47afb18808f50581223846de7dcb5ad60fb5ff058386e48d05acca3070b4733f,,,
seed,a2c_pointer,46.0,644,0.4523474108427763,16,multimap_v3_1,paper_runs\multimap_v3_1\formal_training\formal_a2c_pointer_seed46_3000ep\training_metrics.jsonl,47afb18808f50581223846de7dcb5ad60fb5ff058386e48d05acca3070b4733f,,,
seed,a2c_pointer,46.0,660,0.4073964199051261,16,multimap_v3_1,paper_runs\multimap_v3_1\formal_training\formal_a2c_pointer_seed46_3000ep\training_metrics.jsonl,47afb18808f50581223846de7dcb5ad60fb5ff058386e48d05acca3070b4733f,,,
seed,a2c_pointer,46.0,676,0.46650971099734306,16,multimap_v3_1,paper_runs\multimap_v3_1\formal_training\formal_a2c_pointer_seed46_3000ep\training_metrics.jsonl,47afb18808f50581223846de7dcb5ad60fb5ff058386e48d05acca3070b4733f,,,
seed,a2c_pointer,46.0,692,0.4042392708361149,16,multimap_v3_1,paper_runs\multimap_v3_1\formal_training\formal_a2c_pointer_seed46_3000ep\training_metrics.jsonl,47afb18808f50581223846de7dcb5ad60fb5ff058386e48d05acca3070b4733f,,,
seed,a2c_pointer,46.0,708,0.3921949975192547,16,multimap_v3_1,paper_runs\multimap_v3_1\formal_training\formal_a2c_pointer_seed46_3000ep\training_metrics.jsonl,47afb18808f50581223846de7dcb5ad60fb5ff058386e48d05acca3070b4733f,,,
seed,a2c_pointer,46.0,724,0.487816883251071,16,multimap_v3_1,paper_runs\multimap_v3_1\formal_training\formal_a2c_pointer_seed46_3000ep\training_metrics.jsonl,47afb18808f50581223846de7dcb5ad60fb5ff058386e48d05acca3070b4733f,,,
seed,a2c_pointer,46.0,740,0.46198262088000774,16,multimap_v3_1,paper_runs\multimap_v3_1\formal_training\formal_a2c_pointer_seed46_3000ep\training_metrics.jsonl,47afb18808f50581223846de7dcb5ad60fb5ff058386e48d05acca3070b4733f,,,
seed,a2c_pointer,46.0,756,0.41668768133968115,16,multimap_v3_1,paper_runs\multimap_v3_1\formal_training\formal_a2c_pointer_seed46_3000ep\training_metrics.jsonl,47afb18808f50581223846de7dcb5ad60fb5ff058386e48d05acca3070b4733f,,,
seed,a2c_pointer,46.0,772,0.4467458287253976,16,multimap_v3_1,paper_runs\multimap_v3_1\formal_training\formal_a2c_pointer_seed46_3000ep\training_metrics.jsonl,47afb18808f50581223846de7dcb5ad60fb5ff058386e48d05acca3070b4733f,,,
seed,a2c_pointer,46.0,788,0.4340990763157606,16,multimap_v3_1,paper_runs\multimap_v3_1\formal_training\formal_a2c_pointer_seed46_3000ep\training_metrics.jsonl,47afb18808f50581223846de7dcb5ad60fb5ff058386e48d05acca3070b4733f,,,
seed,a2c_pointer,46.0,804,0.36428653448820114,16,multimap_v3_1,paper_runs\multimap_v3_1\formal_training\formal_a2c_pointer_seed46_3000ep\training_metrics.jsonl,47afb18808f50581223846de7dcb5ad60fb5ff058386e48d05acca3070b4733f,,,
seed,a2c_pointer,46.0,820,0.41596326418220997,16,multimap_v3_1,paper_runs\multimap_v3_1\formal_training\formal_a2c_pointer_seed46_3000ep\training_metrics.jsonl,47afb18808f50581223846de7dcb5ad60fb5ff058386e48d05acca3070b4733f,,,
seed,a2c_pointer,46.0,836,0.4526107367128134,16,multimap_v3_1,paper_runs\multimap_v3_1\formal_training\formal_a2c_pointer_seed46_3000ep\training_metrics.jsonl,47afb18808f50581223846de7dcb5ad60fb5ff058386e48d05acca3070b4733f,,,
seed,a2c_pointer,46.0,852,0.4307027589529753,16,multimap_v3_1,paper_runs\multimap_v3_1\formal_training\formal_a2c_pointer_seed46_3000ep\training_metrics.jsonl,47afb18808f50581223846de7dcb5ad60fb5ff058386e48d05acca3070b4733f,,,
seed,a2c_pointer,46.0,868,0.47794709354639053,16,multimap_v3_1,paper_runs\multimap_v3_1\formal_training\formal_a2c_pointer_seed46_3000ep\training_metrics.jsonl,47afb18808f50581223846de7dcb5ad60fb5ff058386e48d05acca3070b4733f,,,
seed,a2c_pointer,46.0,884,0.4556467868387699,16,multimap_v3_1,paper_runs\multimap_v3_1\formal_training\formal_a2c_pointer_seed46_3000ep\training_metrics.jsonl,47afb18808f50581223846de7dcb5ad60fb5ff058386e48d05acca3070b4733f,,,
seed,a2c_pointer,46.0,900,0.44197538029402494,16,multimap_v3_1,paper_runs\multimap_v3_1\formal_training\formal_a2c_pointer_seed46_3000ep\training_metrics.jsonl,47afb18808f50581223846de7dcb5ad60fb5ff058386e48d05acca3070b4733f,,,
seed,a2c_pointer,46.0,916,0.46869503520429134,16,multimap_v3_1,paper_runs\multimap_v3_1\formal_training\formal_a2c_pointer_seed46_3000ep\training_metrics.jsonl,47afb18808f50581223846de7dcb5ad60fb5ff058386e48d05acca3070b4733f,,,
seed,a2c_pointer,46.0,932,0.4165811650454998,16,multimap_v3_1,paper_runs\multimap_v3_1\formal_training\formal_a2c_pointer_seed46_3000ep\training_metrics.jsonl,47afb18808f50581223846de7dcb5ad60fb5ff058386e48d05acca3070b4733f,,,
seed,a2c_pointer,46.0,948,0.38952384889125824,16,multimap_v3_1,paper_runs\multimap_v3_1\formal_training\formal_a2c_pointer_seed46_3000ep\training_metrics.jsonl,47afb18808f50581223846de7dcb5ad60fb5ff058386e48d05acca3070b4733f,,,
seed,a2c_pointer,46.0,964,0.40245175641030073,16,multimap_v3_1,paper_runs\multimap_v3_1\formal_training\formal_a2c_pointer_seed46_3000ep\training_metrics.jsonl,47afb18808f50581223846de7dcb5ad60fb5ff058386e48d05acca3070b4733f,,,
seed,a2c_pointer,46.0,980,0.4309823755174875,16,multimap_v3_1,paper_runs\multimap_v3_1\formal_training\formal_a2c_pointer_seed46_3000ep\training_metrics.jsonl,47afb18808f50581223846de7dcb5ad60fb5ff058386e48d05acca3070b4733f,,,
seed,a2c_pointer,46.0,996,0.3641153136268258,16,multimap_v3_1,paper_runs\multimap_v3_1\formal_training\formal_a2c_pointer_seed46_3000ep\training_metrics.jsonl,47afb18808f50581223846de7dcb5ad60fb5ff058386e48d05acca3070b4733f,,,
seed,a2c_pointer,46.0,1000,0.4409847632050514,16,multimap_v3_1,paper_runs\multimap_v3_1\formal_training\formal_a2c_pointer_seed46_3000ep\training_metrics.jsonl,47afb18808f50581223846de7dcb5ad60fb5ff058386e48d05acca3070b4733f,,,
seed,a2c_pointer,46.0,1016,0.46650478057563305,16,multimap_v3_1,paper_runs\multimap_v3_1\formal_training\formal_a2c_pointer_seed46_3000ep\training_metrics.jsonl,47afb18808f50581223846de7dcb5ad60fb5ff058386e48d05acca3070b4733f,,,
seed,a2c_pointer,46.0,1032,0.44076553639024496,16,multimap_v3_1,paper_runs\multimap_v3_1\formal_training\formal_a2c_pointer_seed46_3000ep\training_metrics.jsonl,47afb18808f50581223846de7dcb5ad60fb5ff058386e48d05acca3070b4733f,,,
seed,a2c_pointer,46.0,1048,0.4728423042688519,16,multimap_v3_1,paper_runs\multimap_v3_1\formal_training\formal_a2c_pointer_seed46_3000ep\training_metrics.jsonl,47afb18808f50581223846de7dcb5ad60fb5ff058386e48d05acca3070b4733f,,,
seed,a2c_pointer,46.0,1064,0.4264444652944803,16,multimap_v3_1,paper_runs\multimap_v3_1\formal_training\formal_a2c_pointer_seed46_3000ep\training_metrics.jsonl,47afb18808f50581223846de7dcb5ad60fb5ff058386e48d05acca3070b4733f,,,
seed,a2c_pointer,46.0,1080,0.4496971443295479,16,multimap_v3_1,paper_runs\multimap_v3_1\formal_training\formal_a2c_pointer_seed46_3000ep\training_metrics.jsonl,47afb18808f50581223846de7dcb5ad60fb5ff058386e48d05acca3070b4733f,,,
seed,a2c_pointer,46.0,1096,0.48401521146297455,16,multimap_v3_1,paper_runs\multimap_v3_1\formal_training\formal_a2c_pointer_seed46_3000ep\training_metrics.jsonl,47afb18808f50581223846de7dcb5ad60fb5ff058386e48d05acca3070b4733f,,,
seed,a2c_pointer,46.0,1112,0.3807260971516371,16,multimap_v3_1,paper_runs\multimap_v3_1\formal_training\formal_a2c_pointer_seed46_3000ep\training_metrics.jsonl,47afb18808f50581223846de7dcb5ad60fb5ff058386e48d05acca3070b4733f,,,
seed,a2c_pointer,46.0,1128,0.4776308313012123,16,multimap_v3_1,paper_runs\multimap_v3_1\formal_training\formal_a2c_pointer_seed46_3000ep\training_metrics.jsonl,47afb18808f50581223846de7dcb5ad60fb5ff058386e48d05acca3070b4733f,,,
seed,a2c_pointer,46.0,1144,0.5370279420167208,16,multimap_v3_1,paper_runs\multimap_v3_1\formal_training\formal_a2c_pointer_seed46_3000ep\training_metrics.jsonl,47afb18808f50581223846de7dcb5ad60fb5ff058386e48d05acca3070b4733f,,,
seed,a2c_pointer,46.0,1160,0.5058878371492028,16,multimap_v3_1,paper_runs\multimap_v3_1\formal_training\formal_a2c_pointer_seed46_3000ep\training_metrics.jsonl,47afb18808f50581223846de7dcb5ad60fb5ff058386e48d05acca3070b4733f,,,
seed,a2c_pointer,46.0,1176,0.4575061723589897,16,multimap_v3_1,paper_runs\multimap_v3_1\formal_training\formal_a2c_pointer_seed46_3000ep\training_metrics.jsonl,47afb18808f50581223846de7dcb5ad60fb5ff058386e48d05acca3070b4733f,,,
seed,a2c_pointer,46.0,1192,0.4725224580615759,16,multimap_v3_1,paper_runs\multimap_v3_1\formal_training\formal_a2c_pointer_seed46_3000ep\training_metrics.jsonl,47afb18808f50581223846de7dcb5ad60fb5ff058386e48d05acca3070b4733f,,,
seed,a2c_pointer,46.0,1208,0.4732065126299858,16,multimap_v3_1,paper_runs\multimap_v3_1\formal_training\formal_a2c_pointer_seed46_3000ep\training_metrics.jsonl,47afb18808f50581223846de7dcb5ad60fb5ff058386e48d05acca3070b4733f,,,
seed,a2c_pointer,46.0,1224,0.4394456706941128,16,multimap_v3_1,paper_runs\multimap_v3_1\formal_training\formal_a2c_pointer_seed46_3000ep\training_metrics.jsonl,47afb18808f50581223846de7dcb5ad60fb5ff058386e48d05acca3070b4733f,,,
seed,a2c_pointer,46.0,1240,0.5111826295033097,16,multimap_v3_1,paper_runs\multimap_v3_1\formal_training\formal_a2c_pointer_seed46_3000ep\training_metrics.jsonl,47afb18808f50581223846de7dcb5ad60fb5ff058386e48d05acca3070b4733f,,,
seed,a2c_pointer,46.0,1256,0.4823735700920224,16,multimap_v3_1,paper_runs\multimap_v3_1\formal_training\formal_a2c_pointer_seed46_3000ep\training_metrics.jsonl,47afb18808f50581223846de7dcb5ad60fb5ff058386e48d05acca3070b4733f,,,
seed,a2c_pointer,46.0,1272,0.4522413145750761,16,multimap_v3_1,paper_runs\multimap_v3_1\formal_training\formal_a2c_pointer_seed46_3000ep\training_metrics.jsonl,47afb18808f50581223846de7dcb5ad60fb5ff058386e48d05acca3070b4733f,,,
seed,a2c_pointer,46.0,1288,0.4489296777173877,16,multimap_v3_1,paper_runs\multimap_v3_1\formal_training\formal_a2c_pointer_seed46_3000ep\training_metrics.jsonl,47afb18808f50581223846de7dcb5ad60fb5ff058386e48d05acca3070b4733f,,,
seed,a2c_pointer,46.0,1304,0.4620781261473894,16,multimap_v3_1,paper_runs\multimap_v3_1\formal_training\formal_a2c_pointer_seed46_3000ep\training_metrics.jsonl,47afb18808f50581223846de7dcb5ad60fb5ff058386e48d05acca3070b4733f,,,
seed,a2c_pointer,46.0,1320,0.3985413387417793,16,multimap_v3_1,paper_runs\multimap_v3_1\formal_training\formal_a2c_pointer_seed46_3000ep\training_metrics.jsonl,47afb18808f50581223846de7dcb5ad60fb5ff058386e48d05acca3070b4733f,,,
seed,a2c_pointer,46.0,1336,0.4216870926320553,16,multimap_v3_1,paper_runs\multimap_v3_1\formal_training\formal_a2c_pointer_seed46_3000ep\training_metrics.jsonl,47afb18808f50581223846de7dcb5ad60fb5ff058386e48d05acca3070b4733f,,,
seed,a2c_pointer,46.0,1352,0.39043691381812096,16,multimap_v3_1,paper_runs\multimap_v3_1\formal_training\formal_a2c_pointer_seed46_3000ep\training_metrics.jsonl,47afb18808f50581223846de7dcb5ad60fb5ff058386e48d05acca3070b4733f,,,
seed,a2c_pointer,46.0,1368,0.5058196876198053,16,multimap_v3_1,paper_runs\multimap_v3_1\formal_training\formal_a2c_pointer_seed46_3000ep\training_metrics.jsonl,47afb18808f50581223846de7dcb5ad60fb5ff058386e48d05acca3070b4733f,,,
seed,a2c_pointer,46.0,1384,0.43733735755085945,16,multimap_v3_1,paper_runs\multimap_v3_1\formal_training\formal_a2c_pointer_seed46_3000ep\training_metrics.jsonl,47afb18808f50581223846de7dcb5ad60fb5ff058386e48d05acca3070b4733f,,,
seed,a2c_pointer,46.0,1400,0.47006569989025593,16,multimap_v3_1,paper_runs\multimap_v3_1\formal_training\formal_a2c_pointer_seed46_3000ep\training_metrics.jsonl,47afb18808f50581223846de7dcb5ad60fb5ff058386e48d05acca3070b4733f,,,
seed,a2c_pointer,46.0,1416,0.4458869844675064,16,multimap_v3_1,paper_runs\multimap_v3_1\formal_training\formal_a2c_pointer_seed46_3000ep\training_metrics.jsonl,47afb18808f50581223846de7dcb5ad60fb5ff058386e48d05acca3070b4733f,,,
seed,a2c_pointer,46.0,1432,0.4333696784451604,16,multimap_v3_1,paper_runs\multimap_v3_1\formal_training\formal_a2c_pointer_seed46_3000ep\training_metrics.jsonl,47afb18808f50581223846de7dcb5ad60fb5ff058386e48d05acca3070b4733f,,,
seed,a2c_pointer,46.0,1448,0.5151806510984898,16,multimap_v3_1,paper_runs\multimap_v3_1\formal_training\formal_a2c_pointer_seed46_3000ep\training_metrics.jsonl,47afb18808f50581223846de7dcb5ad60fb5ff058386e48d05acca3070b4733f,,,
seed,a2c_pointer,46.0,1464,0.4534242693334818,16,multimap_v3_1,paper_runs\multimap_v3_1\formal_training\formal_a2c_pointer_seed46_3000ep\training_metrics.jsonl,47afb18808f50581223846de7dcb5ad60fb5ff058386e48d05acca3070b4733f,,,
seed,a2c_pointer,46.0,1480,0.5313825607299805,16,multimap_v3_1,paper_runs\multimap_v3_1\formal_training\formal_a2c_pointer_seed46_3000ep\training_metrics.jsonl,47afb18808f50581223846de7dcb5ad60fb5ff058386e48d05acca3070b4733f,,,
seed,a2c_pointer,46.0,1496,0.4542876901105046,16,multimap_v3_1,paper_runs\multimap_v3_1\formal_training\formal_a2c_pointer_seed46_3000ep\training_metrics.jsonl,47afb18808f50581223846de7dcb5ad60fb5ff058386e48d05acca3070b4733f,,,
seed,a2c_pointer,46.0,1500,0.46590830385684967,16,multimap_v3_1,paper_runs\multimap_v3_1\formal_training\formal_a2c_pointer_seed46_3000ep\training_metrics.jsonl,47afb18808f50581223846de7dcb5ad60fb5ff058386e48d05acca3070b4733f,,,
seed,a2c_pointer,46.0,1516,0.43715829215943813,16,multimap_v3_1,paper_runs\multimap_v3_1\formal_training\formal_a2c_pointer_seed46_3000ep\training_metrics.jsonl,47afb18808f50581223846de7dcb5ad60fb5ff058386e48d05acca3070b4733f,,,
seed,a2c_pointer,46.0,1532,0.45101557672023773,16,multimap_v3_1,paper_runs\multimap_v3_1\formal_training\formal_a2c_pointer_seed46_3000ep\training_metrics.jsonl,47afb18808f50581223846de7dcb5ad60fb5ff058386e48d05acca3070b4733f,,,
seed,a2c_pointer,46.0,1548,0.4305326612666249,16,multimap_v3_1,paper_runs\multimap_v3_1\formal_training\formal_a2c_pointer_seed46_3000ep\training_metrics.jsonl,47afb18808f50581223846de7dcb5ad60fb5ff058386e48d05acca3070b4733f,,,
seed,a2c_pointer,46.0,1564,0.4746300894767046,16,multimap_v3_1,paper_runs\multimap_v3_1\formal_training\formal_a2c_pointer_seed46_3000ep\training_metrics.jsonl,47afb18808f50581223846de7dcb5ad60fb5ff058386e48d05acca3070b4733f,,,
seed,a2c_pointer,46.0,1580,0.4572926051914692,16,multimap_v3_1,paper_runs\multimap_v3_1\formal_training\formal_a2c_pointer_seed46_3000ep\training_metrics.jsonl,47afb18808f50581223846de7dcb5ad60fb5ff058386e48d05acca3070b4733f,,,
seed,a2c_pointer,46.0,1596,0.4419295946136117,16,multimap_v3_1,paper_runs\multimap_v3_1\formal_training\formal_a2c_pointer_seed46_3000ep\training_metrics.jsonl,47afb18808f50581223846de7dcb5ad60fb5ff058386e48d05acca3070b4733f,,,
seed,a2c_pointer,46.0,1612,0.5175405731424689,16,multimap_v3_1,paper_runs\multimap_v3_1\formal_training\formal_a2c_pointer_seed46_3000ep\training_metrics.jsonl,47afb18808f50581223846de7dcb5ad60fb5ff058386e48d05acca3070b4733f,,,
seed,a2c_pointer,46.0,1628,0.47591516748070717,16,multimap_v3_1,paper_runs\multimap_v3_1\formal_training\formal_a2c_pointer_seed46_3000ep\training_metrics.jsonl,47afb18808f50581223846de7dcb5ad60fb5ff058386e48d05acca3070b4733f,,,
seed,a2c_pointer,46.0,1644,0.4205629285424948,16,multimap_v3_1,paper_runs\multimap_v3_1\formal_training\formal_a2c_pointer_seed46_3000ep\training_metrics.jsonl,47afb18808f50581223846de7dcb5ad60fb5ff058386e48d05acca3070b4733f,,,
seed,a2c_pointer,46.0,1660,0.48000270314514637,16,multimap_v3_1,paper_runs\multimap_v3_1\formal_training\formal_a2c_pointer_seed46_3000ep\training_metrics.jsonl,47afb18808f50581223846de7dcb5ad60fb5ff058386e48d05acca3070b4733f,,,
seed,a2c_pointer,46.0,1676,0.43259882647544146,16,multimap_v3_1,paper_runs\multimap_v3_1\formal_training\formal_a2c_pointer_seed46_3000ep\training_metrics.jsonl,47afb18808f50581223846de7dcb5ad60fb5ff058386e48d05acca3070b4733f,,,
seed,a2c_pointer,46.0,1692,0.4574549179524183,16,multimap_v3_1,paper_runs\multimap_v3_1\formal_training\formal_a2c_pointer_seed46_3000ep\training_metrics.jsonl,47afb18808f50581223846de7dcb5ad60fb5ff058386e48d05acca3070b4733f,,,
seed,a2c_pointer,46.0,1708,0.4449890237301588,16,multimap_v3_1,paper_runs\multimap_v3_1\formal_training\formal_a2c_pointer_seed46_3000ep\training_metrics.jsonl,47afb18808f50581223846de7dcb5ad60fb5ff058386e48d05acca3070b4733f,,,
seed,a2c_pointer,46.0,1724,0.4431090448051691,16,multimap_v3_1,paper_runs\multimap_v3_1\formal_training\formal_a2c_pointer_seed46_3000ep\training_metrics.jsonl,47afb18808f50581223846de7dcb5ad60fb5ff058386e48d05acca3070b4733f,,,
seed,a2c_pointer,46.0,1740,0.49322148598730564,16,multimap_v3_1,paper_runs\multimap_v3_1\formal_training\formal_a2c_pointer_seed46_3000ep\training_metrics.jsonl,47afb18808f50581223846de7dcb5ad60fb5ff058386e48d05acca3070b4733f,,,
seed,a2c_pointer,46.0,1756,0.40447272825986147,16,multimap_v3_1,paper_runs\multimap_v3_1\formal_training\formal_a2c_pointer_seed46_3000ep\training_metrics.jsonl,47afb18808f50581223846de7dcb5ad60fb5ff058386e48d05acca3070b4733f,,,
seed,a2c_pointer,46.0,1772,0.4042356824502349,16,multimap_v3_1,paper_runs\multimap_v3_1\formal_training\formal_a2c_pointer_seed46_3000ep\training_metrics.jsonl,47afb18808f50581223846de7dcb5ad60fb5ff058386e48d05acca3070b4733f,,,
seed,a2c_pointer,46.0,1788,0.4140044851228595,16,multimap_v3_1,paper_runs\multimap_v3_1\formal_training\formal_a2c_pointer_seed46_3000ep\training_metrics.jsonl,47afb18808f50581223846de7dcb5ad60fb5ff058386e48d05acca3070b4733f,,,
seed,a2c_pointer,46.0,1804,0.5014870967715979,16,multimap_v3_1,paper_runs\multimap_v3_1\formal_training\formal_a2c_pointer_seed46_3000ep\training_metrics.jsonl,47afb18808f50581223846de7dcb5ad60fb5ff058386e48d05acca3070b4733f,,,
seed,a2c_pointer,46.0,1820,0.4228940410539508,16,multimap_v3_1,paper_runs\multimap_v3_1\formal_training\formal_a2c_pointer_seed46_3000ep\training_metrics.jsonl,47afb18808f50581223846de7dcb5ad60fb5ff058386e48d05acca3070b4733f,,,
seed,a2c_pointer,46.0,1836,0.4204208506271243,16,multimap_v3_1,paper_runs\multimap_v3_1\formal_training\formal_a2c_pointer_seed46_3000ep\training_metrics.jsonl,47afb18808f50581223846de7dcb5ad60fb5ff058386e48d05acca3070b4733f,,,
seed,a2c_pointer,46.0,1852,0.4352959878742695,16,multimap_v3_1,paper_runs\multimap_v3_1\formal_training\formal_a2c_pointer_seed46_3000ep\training_metrics.jsonl,47afb18808f50581223846de7dcb5ad60fb5ff058386e48d05acca3070b4733f,,,
seed,a2c_pointer,46.0,1868,0.532275840640068,16,multimap_v3_1,paper_runs\multimap_v3_1\formal_training\formal_a2c_pointer_seed46_3000ep\training_metrics.jsonl,47afb18808f50581223846de7dcb5ad60fb5ff058386e48d05acca3070b4733f,,,
seed,a2c_pointer,46.0,1884,0.4650048017501831,16,multimap_v3_1,paper_runs\multimap_v3_1\formal_training\formal_a2c_pointer_seed46_3000ep\training_metrics.jsonl,47afb18808f50581223846de7dcb5ad60fb5ff058386e48d05acca3070b4733f,,,
seed,a2c_pointer,46.0,1900,0.5391914211213589,16,multimap_v3_1,paper_runs\multimap_v3_1\formal_training\formal_a2c_pointer_seed46_3000ep\training_metrics.jsonl,47afb18808f50581223846de7dcb5ad60fb5ff058386e48d05acca3070b4733f,,,
seed,a2c_pointer,46.0,1916,0.49019208922982216,16,multimap_v3_1,paper_runs\multimap_v3_1\formal_training\formal_a2c_pointer_seed46_3000ep\training_metrics.jsonl,47afb18808f50581223846de7dcb5ad60fb5ff058386e48d05acca3070b4733f,,,
seed,a2c_pointer,46.0,1932,0.3862290335819125,16,multimap_v3_1,paper_runs\multimap_v3_1\formal_training\formal_a2c_pointer_seed46_3000ep\training_metrics.jsonl,47afb18808f50581223846de7dcb5ad60fb5ff058386e48d05acca3070b4733f,,,
seed,a2c_pointer,46.0,1948,0.5215052422136068,16,multimap_v3_1,paper_runs\multimap_v3_1\formal_training\formal_a2c_pointer_seed46_3000ep\training_metrics.jsonl,47afb18808f50581223846de7dcb5ad60fb5ff058386e48d05acca3070b4733f,,,
seed,a2c_pointer,46.0,1964,0.45729043427854776,16,multimap_v3_1,paper_runs\multimap_v3_1\formal_training\formal_a2c_pointer_seed46_3000ep\training_metrics.jsonl,47afb18808f50581223846de7dcb5ad60fb5ff058386e48d05acca3070b4733f,,,
seed,a2c_pointer,46.0,1980,0.4280757699161768,16,multimap_v3_1,paper_runs\multimap_v3_1\formal_training\formal_a2c_pointer_seed46_3000ep\training_metrics.jsonl,47afb18808f50581223846de7dcb5ad60fb5ff058386e48d05acca3070b4733f,,,
seed,a2c_pointer,46.0,1996,0.4118314664810896,16,multimap_v3_1,paper_runs\multimap_v3_1\formal_training\formal_a2c_pointer_seed46_3000ep\training_metrics.jsonl,47afb18808f50581223846de7dcb5ad60fb5ff058386e48d05acca3070b4733f,,,
seed,a2c_pointer,46.0,2000,0.577753983438015,16,multimap_v3_1,paper_runs\multimap_v3_1\formal_training\formal_a2c_pointer_seed46_3000ep\training_metrics.jsonl,47afb18808f50581223846de7dcb5ad60fb5ff058386e48d05acca3070b4733f,,,
seed,a2c_pointer,46.0,2016,0.46401027776300907,16,multimap_v3_1,paper_runs\multimap_v3_1\formal_training\formal_a2c_pointer_seed46_3000ep\training_metrics.jsonl,47afb18808f50581223846de7dcb5ad60fb5ff058386e48d05acca3070b4733f,,,
seed,a2c_pointer,46.0,2032,0.5325849875807762,16,multimap_v3_1,paper_runs\multimap_v3_1\formal_training\formal_a2c_pointer_seed46_3000ep\training_metrics.jsonl,47afb18808f50581223846de7dcb5ad60fb5ff058386e48d05acca3070b4733f,,,
seed,a2c_pointer,46.0,2048,0.46355112735182047,16,multimap_v3_1,paper_runs\multimap_v3_1\formal_training\formal_a2c_pointer_seed46_3000ep\training_metrics.jsonl,47afb18808f50581223846de7dcb5ad60fb5ff058386e48d05acca3070b4733f,,,
seed,a2c_pointer,46.0,2064,0.48418184742331505,16,multimap_v3_1,paper_runs\multimap_v3_1\formal_training\formal_a2c_pointer_seed46_3000ep\training_metrics.jsonl,47afb18808f50581223846de7dcb5ad60fb5ff058386e48d05acca3070b4733f,,,
seed,a2c_pointer,46.0,2080,0.5234848512336612,16,multimap_v3_1,paper_runs\multimap_v3_1\formal_training\formal_a2c_pointer_seed46_3000ep\training_metrics.jsonl,47afb18808f50581223846de7dcb5ad60fb5ff058386e48d05acca3070b4733f,,,
seed,a2c_pointer,46.0,2096,0.4152810126543045,16,multimap_v3_1,paper_runs\multimap_v3_1\formal_training\formal_a2c_pointer_seed46_3000ep\training_metrics.jsonl,47afb18808f50581223846de7dcb5ad60fb5ff058386e48d05acca3070b4733f,,,
seed,a2c_pointer,46.0,2112,0.45590590219944715,16,multimap_v3_1,paper_runs\multimap_v3_1\formal_training\formal_a2c_pointer_seed46_3000ep\training_metrics.jsonl,47afb18808f50581223846de7dcb5ad60fb5ff058386e48d05acca3070b4733f,,,
seed,a2c_pointer,46.0,2128,0.4898660024628043,16,multimap_v3_1,paper_runs\multimap_v3_1\formal_training\formal_a2c_pointer_seed46_3000ep\training_metrics.jsonl,47afb18808f50581223846de7dcb5ad60fb5ff058386e48d05acca3070b4733f,,,
seed,a2c_pointer,46.0,2144,0.427737764082849,16,multimap_v3_1,paper_runs\multimap_v3_1\formal_training\formal_a2c_pointer_seed46_3000ep\training_metrics.jsonl,47afb18808f50581223846de7dcb5ad60fb5ff058386e48d05acca3070b4733f,,,
seed,a2c_pointer,46.0,2160,0.4561683442443609,16,multimap_v3_1,paper_runs\multimap_v3_1\formal_training\formal_a2c_pointer_seed46_3000ep\training_metrics.jsonl,47afb18808f50581223846de7dcb5ad60fb5ff058386e48d05acca3070b4733f,,,
seed,a2c_pointer,46.0,2176,0.4375643152743578,16,multimap_v3_1,paper_runs\multimap_v3_1\formal_training\formal_a2c_pointer_seed46_3000ep\training_metrics.jsonl,47afb18808f50581223846de7dcb5ad60fb5ff058386e48d05acca3070b4733f,,,
seed,a2c_pointer,46.0,2192,0.4417757922783494,16,multimap_v3_1,paper_runs\multimap_v3_1\formal_training\formal_a2c_pointer_seed46_3000ep\training_metrics.jsonl,47afb18808f50581223846de7dcb5ad60fb5ff058386e48d05acca3070b4733f,,,
seed,a2c_pointer,46.0,2208,0.40509989485144615,16,multimap_v3_1,paper_runs\multimap_v3_1\formal_training\formal_a2c_pointer_seed46_3000ep\training_metrics.jsonl,47afb18808f50581223846de7dcb5ad60fb5ff058386e48d05acca3070b4733f,,,
seed,a2c_pointer,46.0,2224,0.42751039005815983,16,multimap_v3_1,paper_runs\multimap_v3_1\formal_training\formal_a2c_pointer_seed46_3000ep\training_metrics.jsonl,47afb18808f50581223846de7dcb5ad60fb5ff058386e48d05acca3070b4733f,,,
seed,a2c_pointer,46.0,2240,0.5289614330977201,16,multimap_v3_1,paper_runs\multimap_v3_1\formal_training\formal_a2c_pointer_seed46_3000ep\training_metrics.jsonl,47afb18808f50581223846de7dcb5ad60fb5ff058386e48d05acca3070b4733f,,,
seed,a2c_pointer,46.0,2256,0.4763776669278741,16,multimap_v3_1,paper_runs\multimap_v3_1\formal_training\formal_a2c_pointer_seed46_3000ep\training_metrics.jsonl,47afb18808f50581223846de7dcb5ad60fb5ff058386e48d05acca3070b4733f,,,
seed,a2c_pointer,46.0,2272,0.47663354128599167,16,multimap_v3_1,paper_runs\multimap_v3_1\formal_training\formal_a2c_pointer_seed46_3000ep\training_metrics.jsonl,47afb18808f50581223846de7dcb5ad60fb5ff058386e48d05acca3070b4733f,,,
seed,a2c_pointer,46.0,2288,0.510673638433218,16,multimap_v3_1,paper_runs\multimap_v3_1\formal_training\formal_a2c_pointer_seed46_3000ep\training_metrics.jsonl,47afb18808f50581223846de7dcb5ad60fb5ff058386e48d05acca3070b4733f,,,
seed,a2c_pointer,46.0,2304,0.5007575917989016,16,multimap_v3_1,paper_runs\multimap_v3_1\formal_training\formal_a2c_pointer_seed46_3000ep\training_metrics.jsonl,47afb18808f50581223846de7dcb5ad60fb5ff058386e48d05acca3070b4733f,,,
seed,a2c_pointer,46.0,2320,0.5213247556239367,16,multimap_v3_1,paper_runs\multimap_v3_1\formal_training\formal_a2c_pointer_seed46_3000ep\training_metrics.jsonl,47afb18808f50581223846de7dcb5ad60fb5ff058386e48d05acca3070b4733f,,,
seed,a2c_pointer,46.0,2336,0.5076277982443571,16,multimap_v3_1,paper_runs\multimap_v3_1\formal_training\formal_a2c_pointer_seed46_3000ep\training_metrics.jsonl,47afb18808f50581223846de7dcb5ad60fb5ff058386e48d05acca3070b4733f,,,
seed,a2c_pointer,46.0,2352,0.4547793287783861,16,multimap_v3_1,paper_runs\multimap_v3_1\formal_training\formal_a2c_pointer_seed46_3000ep\training_metrics.jsonl,47afb18808f50581223846de7dcb5ad60fb5ff058386e48d05acca3070b4733f,,,
seed,a2c_pointer,46.0,2368,0.5366309452801943,16,multimap_v3_1,paper_runs\multimap_v3_1\formal_training\formal_a2c_pointer_seed46_3000ep\training_metrics.jsonl,47afb18808f50581223846de7dcb5ad60fb5ff058386e48d05acca3070b4733f,,,
seed,a2c_pointer,46.0,2384,0.44664484821259975,16,multimap_v3_1,paper_runs\multimap_v3_1\formal_training\formal_a2c_pointer_seed46_3000ep\training_metrics.jsonl,47afb18808f50581223846de7dcb5ad60fb5ff058386e48d05acca3070b4733f,,,
seed,a2c_pointer,46.0,2400,0.45098274387419224,16,multimap_v3_1,paper_runs\multimap_v3_1\formal_training\formal_a2c_pointer_seed46_3000ep\training_metrics.jsonl,47afb18808f50581223846de7dcb5ad60fb5ff058386e48d05acca3070b4733f,,,
seed,a2c_pointer,46.0,2416,0.5331964176148176,16,multimap_v3_1,paper_runs\multimap_v3_1\formal_training\formal_a2c_pointer_seed46_3000ep\training_metrics.jsonl,47afb18808f50581223846de7dcb5ad60fb5ff058386e48d05acca3070b4733f,,,
seed,a2c_pointer,46.0,2432,0.4466416910290718,16,multimap_v3_1,paper_runs\multimap_v3_1\formal_training\formal_a2c_pointer_seed46_3000ep\training_metrics.jsonl,47afb18808f50581223846de7dcb5ad60fb5ff058386e48d05acca3070b4733f,,,
seed,a2c_pointer,46.0,2448,0.41278116684406996,16,multimap_v3_1,paper_runs\multimap_v3_1\formal_training\formal_a2c_pointer_seed46_3000ep\training_metrics.jsonl,47afb18808f50581223846de7dcb5ad60fb5ff058386e48d05acca3070b4733f,,,
seed,a2c_pointer,46.0,2464,0.4903007997199893,16,multimap_v3_1,paper_runs\multimap_v3_1\formal_training\formal_a2c_pointer_seed46_3000ep\training_metrics.jsonl,47afb18808f50581223846de7dcb5ad60fb5ff058386e48d05acca3070b4733f,,,
seed,a2c_pointer,46.0,2480,0.4292870815843344,16,multimap_v3_1,paper_runs\multimap_v3_1\formal_training\formal_a2c_pointer_seed46_3000ep\training_metrics.jsonl,47afb18808f50581223846de7dcb5ad60fb5ff058386e48d05acca3070b4733f,,,
seed,a2c_pointer,46.0,2496,0.43695599772036076,16,multimap_v3_1,paper_runs\multimap_v3_1\formal_training\formal_a2c_pointer_seed46_3000ep\training_metrics.jsonl,47afb18808f50581223846de7dcb5ad60fb5ff058386e48d05acca3070b4733f,,,
seed,a2c_pointer,46.0,2500,0.4883110150694847,16,multimap_v3_1,paper_runs\multimap_v3_1\formal_training\formal_a2c_pointer_seed46_3000ep\training_metrics.jsonl,47afb18808f50581223846de7dcb5ad60fb5ff058386e48d05acca3070b4733f,,,
seed,a2c_pointer,46.0,2516,0.4091742103919387,16,multimap_v3_1,paper_runs\multimap_v3_1\formal_training\formal_a2c_pointer_seed46_3000ep\training_metrics.jsonl,47afb18808f50581223846de7dcb5ad60fb5ff058386e48d05acca3070b4733f,,,
seed,a2c_pointer,46.0,2532,0.4508990477770567,16,multimap_v3_1,paper_runs\multimap_v3_1\formal_training\formal_a2c_pointer_seed46_3000ep\training_metrics.jsonl,47afb18808f50581223846de7dcb5ad60fb5ff058386e48d05acca3070b4733f,,,
seed,a2c_pointer,46.0,2548,0.43360590003430843,16,multimap_v3_1,paper_runs\multimap_v3_1\formal_training\formal_a2c_pointer_seed46_3000ep\training_metrics.jsonl,47afb18808f50581223846de7dcb5ad60fb5ff058386e48d05acca3070b4733f,,,
seed,a2c_pointer,46.0,2564,0.5167645178735256,16,multimap_v3_1,paper_runs\multimap_v3_1\formal_training\formal_a2c_pointer_seed46_3000ep\training_metrics.jsonl,47afb18808f50581223846de7dcb5ad60fb5ff058386e48d05acca3070b4733f,,,
seed,a2c_pointer,46.0,2580,0.46397676784545183,16,multimap_v3_1,paper_runs\multimap_v3_1\formal_training\formal_a2c_pointer_seed46_3000ep\training_metrics.jsonl,47afb18808f50581223846de7dcb5ad60fb5ff058386e48d05acca3070b4733f,,,
seed,a2c_pointer,46.0,2596,0.521426840685308,16,multimap_v3_1,paper_runs\multimap_v3_1\formal_training\formal_a2c_pointer_seed46_3000ep\training_metrics.jsonl,47afb18808f50581223846de7dcb5ad60fb5ff058386e48d05acca3070b4733f,,,
seed,a2c_pointer,46.0,2612,0.5054970365017653,16,multimap_v3_1,paper_runs\multimap_v3_1\formal_training\formal_a2c_pointer_seed46_3000ep\training_metrics.jsonl,47afb18808f50581223846de7dcb5ad60fb5ff058386e48d05acca3070b4733f,,,
seed,a2c_pointer,46.0,2628,0.5109705179929733,16,multimap_v3_1,paper_runs\multimap_v3_1\formal_training\formal_a2c_pointer_seed46_3000ep\training_metrics.jsonl,47afb18808f50581223846de7dcb5ad60fb5ff058386e48d05acca3070b4733f,,,
seed,a2c_pointer,46.0,2644,0.4746605046093464,16,multimap_v3_1,paper_runs\multimap_v3_1\formal_training\formal_a2c_pointer_seed46_3000ep\training_metrics.jsonl,47afb18808f50581223846de7dcb5ad60fb5ff058386e48d05acca3070b4733f,,,
seed,a2c_pointer,46.0,2660,0.47289144713431597,16,multimap_v3_1,paper_runs\multimap_v3_1\formal_training\formal_a2c_pointer_seed46_3000ep\training_metrics.jsonl,47afb18808f50581223846de7dcb5ad60fb5ff058386e48d05acca3070b4733f,,,
seed,a2c_pointer,46.0,2676,0.49063488095998764,16,multimap_v3_1,paper_runs\multimap_v3_1\formal_training\formal_a2c_pointer_seed46_3000ep\training_metrics.jsonl,47afb18808f50581223846de7dcb5ad60fb5ff058386e48d05acca3070b4733f,,,
seed,a2c_pointer,46.0,2692,0.494359090924263,16,multimap_v3_1,paper_runs\multimap_v3_1\formal_training\formal_a2c_pointer_seed46_3000ep\training_metrics.jsonl,47afb18808f50581223846de7dcb5ad60fb5ff058386e48d05acca3070b4733f,,,
seed,a2c_pointer,46.0,2708,0.41863126307725906,16,multimap_v3_1,paper_runs\multimap_v3_1\formal_training\formal_a2c_pointer_seed46_3000ep\training_metrics.jsonl,47afb18808f50581223846de7dcb5ad60fb5ff058386e48d05acca3070b4733f,,,
seed,a2c_pointer,46.0,2724,0.4407938187941909,16,multimap_v3_1,paper_runs\multimap_v3_1\formal_training\formal_a2c_pointer_seed46_3000ep\training_metrics.jsonl,47afb18808f50581223846de7dcb5ad60fb5ff058386e48d05acca3070b4733f,,,
seed,a2c_pointer,46.0,2740,0.5292547848075628,16,multimap_v3_1,paper_runs\multimap_v3_1\formal_training\formal_a2c_pointer_seed46_3000ep\training_metrics.jsonl,47afb18808f50581223846de7dcb5ad60fb5ff058386e48d05acca3070b4733f,,,
seed,a2c_pointer,46.0,2756,0.42153031192719936,16,multimap_v3_1,paper_runs\multimap_v3_1\formal_training\formal_a2c_pointer_seed46_3000ep\training_metrics.jsonl,47afb18808f50581223846de7dcb5ad60fb5ff058386e48d05acca3070b4733f,,,
seed,a2c_pointer,46.0,2772,0.44071202725172043,16,multimap_v3_1,paper_runs\multimap_v3_1\formal_training\formal_a2c_pointer_seed46_3000ep\training_metrics.jsonl,47afb18808f50581223846de7dcb5ad60fb5ff058386e48d05acca3070b4733f,,,
seed,a2c_pointer,46.0,2788,0.517417810857296,16,multimap_v3_1,paper_runs\multimap_v3_1\formal_training\formal_a2c_pointer_seed46_3000ep\training_metrics.jsonl,47afb18808f50581223846de7dcb5ad60fb5ff058386e48d05acca3070b4733f,,,
seed,a2c_pointer,46.0,2804,0.4375324510037899,16,multimap_v3_1,paper_runs\multimap_v3_1\formal_training\formal_a2c_pointer_seed46_3000ep\training_metrics.jsonl,47afb18808f50581223846de7dcb5ad60fb5ff058386e48d05acca3070b4733f,,,
seed,a2c_pointer,46.0,2820,0.44220127910375595,16,multimap_v3_1,paper_runs\multimap_v3_1\formal_training\formal_a2c_pointer_seed46_3000ep\training_metrics.jsonl,47afb18808f50581223846de7dcb5ad60fb5ff058386e48d05acca3070b4733f,,,
seed,a2c_pointer,46.0,2836,0.5110937003046274,16,multimap_v3_1,paper_runs\multimap_v3_1\formal_training\formal_a2c_pointer_seed46_3000ep\training_metrics.jsonl,47afb18808f50581223846de7dcb5ad60fb5ff058386e48d05acca3070b4733f,,,
seed,a2c_pointer,46.0,2852,0.5091542694717646,16,multimap_v3_1,paper_runs\multimap_v3_1\formal_training\formal_a2c_pointer_seed46_3000ep\training_metrics.jsonl,47afb18808f50581223846de7dcb5ad60fb5ff058386e48d05acca3070b4733f,,,
seed,a2c_pointer,46.0,2868,0.45876147598028183,16,multimap_v3_1,paper_runs\multimap_v3_1\formal_training\formal_a2c_pointer_seed46_3000ep\training_metrics.jsonl,47afb18808f50581223846de7dcb5ad60fb5ff058386e48d05acca3070b4733f,,,
seed,a2c_pointer,46.0,2884,0.40618887916207314,16,multimap_v3_1,paper_runs\multimap_v3_1\formal_training\formal_a2c_pointer_seed46_3000ep\training_metrics.jsonl,47afb18808f50581223846de7dcb5ad60fb5ff058386e48d05acca3070b4733f,,,
seed,a2c_pointer,46.0,2900,0.44340723380446434,16,multimap_v3_1,paper_runs\multimap_v3_1\formal_training\formal_a2c_pointer_seed46_3000ep\training_metrics.jsonl,47afb18808f50581223846de7dcb5ad60fb5ff058386e48d05acca3070b4733f,,,
seed,a2c_pointer,46.0,2916,0.438384429551661,16,multimap_v3_1,paper_runs\multimap_v3_1\formal_training\formal_a2c_pointer_seed46_3000ep\training_metrics.jsonl,47afb18808f50581223846de7dcb5ad60fb5ff058386e48d05acca3070b4733f,,,
seed,a2c_pointer,46.0,2932,0.5565143059939146,16,multimap_v3_1,paper_runs\multimap_v3_1\formal_training\formal_a2c_pointer_seed46_3000ep\training_metrics.jsonl,47afb18808f50581223846de7dcb5ad60fb5ff058386e48d05acca3070b4733f,,,
seed,a2c_pointer,46.0,2948,0.4842138076201081,16,multimap_v3_1,paper_runs\multimap_v3_1\formal_training\formal_a2c_pointer_seed46_3000ep\training_metrics.jsonl,47afb18808f50581223846de7dcb5ad60fb5ff058386e48d05acca3070b4733f,,,
seed,a2c_pointer,46.0,2964,0.42426852881908417,16,multimap_v3_1,paper_runs\multimap_v3_1\formal_training\formal_a2c_pointer_seed46_3000ep\training_metrics.jsonl,47afb18808f50581223846de7dcb5ad60fb5ff058386e48d05acca3070b4733f,,,
seed,a2c_pointer,46.0,2980,0.4962047394365072,16,multimap_v3_1,paper_runs\multimap_v3_1\formal_training\formal_a2c_pointer_seed46_3000ep\training_metrics.jsonl,47afb18808f50581223846de7dcb5ad60fb5ff058386e48d05acca3070b4733f,,,
seed,a2c_pointer,46.0,2996,0.45902387145906687,16,multimap_v3_1,paper_runs\multimap_v3_1\formal_training\formal_a2c_pointer_seed46_3000ep\training_metrics.jsonl,47afb18808f50581223846de7dcb5ad60fb5ff058386e48d05acca3070b4733f,,,
seed,a2c_pointer,46.0,3000,0.48667388409376144,16,multimap_v3_1,paper_runs\multimap_v3_1\formal_training\formal_a2c_pointer_seed46_3000ep\training_metrics.jsonl,47afb18808f50581223846de7dcb5ad60fb5ff058386e48d05acca3070b4733f,,,
seed,traditional_ppo,42.0,16,0.19010456779506058,16,multimap_v3_1,paper_runs\multimap_v3_2\formal_training\formal_traditional_ppo_seed42_3000ep\training_metrics.jsonl,fd568999a67b471a7ef04a7cc74cfb40422c213eb9aaaef7b8fcf34336a87314,,,
seed,traditional_ppo,42.0,32,0.1669515339890495,16,multimap_v3_1,paper_runs\multimap_v3_2\formal_training\formal_traditional_ppo_seed42_3000ep\training_metrics.jsonl,fd568999a67b471a7ef04a7cc74cfb40422c213eb9aaaef7b8fcf34336a87314,,,
seed,traditional_ppo,42.0,48,0.183248175191693,16,multimap_v3_1,paper_runs\multimap_v3_2\formal_training\formal_traditional_ppo_seed42_3000ep\training_metrics.jsonl,fd568999a67b471a7ef04a7cc74cfb40422c213eb9aaaef7b8fcf34336a87314,,,
seed,traditional_ppo,42.0,64,0.20490427711047232,16,multimap_v3_1,paper_runs\multimap_v3_2\formal_training\formal_traditional_ppo_seed42_3000ep\training_metrics.jsonl,fd568999a67b471a7ef04a7cc74cfb40422c213eb9aaaef7b8fcf34336a87314,,,
seed,traditional_ppo,42.0,80,0.18419964774511755,16,multimap_v3_1,paper_runs\multimap_v3_2\formal_training\formal_traditional_ppo_seed42_3000ep\training_metrics.jsonl,fd568999a67b471a7ef04a7cc74cfb40422c213eb9aaaef7b8fcf34336a87314,,,
seed,traditional_ppo,42.0,96,0.18571157520636916,16,multimap_v3_1,paper_runs\multimap_v3_2\formal_training\formal_traditional_ppo_seed42_3000ep\training_metrics.jsonl,fd568999a67b471a7ef04a7cc74cfb40422c213eb9aaaef7b8fcf34336a87314,,,
seed,traditional_ppo,42.0,112,0.24217471992596984,16,multimap_v3_1,paper_runs\multimap_v3_2\formal_training\formal_traditional_ppo_seed42_3000ep\training_metrics.jsonl,fd568999a67b471a7ef04a7cc74cfb40422c213eb9aaaef7b8fcf34336a87314,,,
seed,traditional_ppo,42.0,128,0.18141331104561687,16,multimap_v3_1,paper_runs\multimap_v3_2\formal_training\formal_traditional_ppo_seed42_3000ep\training_metrics.jsonl,fd568999a67b471a7ef04a7cc74cfb40422c213eb9aaaef7b8fcf34336a87314,,,
seed,traditional_ppo,42.0,144,0.17985408008098602,16,multimap_v3_1,paper_runs\multimap_v3_2\formal_training\formal_traditional_ppo_seed42_3000ep\training_metrics.jsonl,fd568999a67b471a7ef04a7cc74cfb40422c213eb9aaaef7b8fcf34336a87314,,,
seed,traditional_ppo,42.0,160,0.23034301958978176,16,multimap_v3_1,paper_runs\multimap_v3_2\formal_training\formal_traditional_ppo_seed42_3000ep\training_metrics.jsonl,fd568999a67b471a7ef04a7cc74cfb40422c213eb9aaaef7b8fcf34336a87314,,,
seed,traditional_ppo,42.0,176,0.21775898896157742,16,multimap_v3_1,paper_runs\multimap_v3_2\formal_training\formal_traditional_ppo_seed42_3000ep\training_metrics.jsonl,fd568999a67b471a7ef04a7cc74cfb40422c213eb9aaaef7b8fcf34336a87314,,,
seed,traditional_ppo,42.0,192,0.19990074529778212,16,multimap_v3_1,paper_runs\multimap_v3_2\formal_training\formal_traditional_ppo_seed42_3000ep\training_metrics.jsonl,fd568999a67b471a7ef04a7cc74cfb40422c213eb9aaaef7b8fcf34336a87314,,,
seed,traditional_ppo,42.0,208,0.22089011897332966,16,multimap_v3_1,paper_runs\multimap_v3_2\formal_training\formal_traditional_ppo_seed42_3000ep\training_metrics.jsonl,fd568999a67b471a7ef04a7cc74cfb40422c213eb9aaaef7b8fcf34336a87314,,,
seed,traditional_ppo,42.0,224,0.21671604737639427,16,multimap_v3_1,paper_runs\multimap_v3_2\formal_training\formal_traditional_ppo_seed42_3000ep\training_metrics.jsonl,fd568999a67b471a7ef04a7cc74cfb40422c213eb9aaaef7b8fcf34336a87314,,,
seed,traditional_ppo,42.0,240,0.2044559335336089,16,multimap_v3_1,paper_runs\multimap_v3_2\formal_training\formal_traditional_ppo_seed42_3000ep\training_metrics.jsonl,fd568999a67b471a7ef04a7cc74cfb40422c213eb9aaaef7b8fcf34336a87314,,,
seed,traditional_ppo,42.0,250,0.2367517352104187,16,multimap_v3_1,paper_runs\multimap_v3_2\formal_training\formal_traditional_ppo_seed42_3000ep\training_metrics.jsonl,fd568999a67b471a7ef04a7cc74cfb40422c213eb9aaaef7b8fcf34336a87314,,,
seed,traditional_ppo,42.0,266,0.23066311608999968,16,multimap_v3_1,paper_runs\multimap_v3_2\formal_training\formal_traditional_ppo_seed42_3000ep\training_metrics.jsonl,fd568999a67b471a7ef04a7cc74cfb40422c213eb9aaaef7b8fcf34336a87314,,,
seed,traditional_ppo,42.0,282,0.2125192265957594,16,multimap_v3_1,paper_runs\multimap_v3_2\formal_training\formal_traditional_ppo_seed42_3000ep\training_metrics.jsonl,fd568999a67b471a7ef04a7cc74cfb40422c213eb9aaaef7b8fcf34336a87314,,,
seed,traditional_ppo,42.0,298,0.29292406933382154,16,multimap_v3_1,paper_runs\multimap_v3_2\formal_training\formal_traditional_ppo_seed42_3000ep\training_metrics.jsonl,fd568999a67b471a7ef04a7cc74cfb40422c213eb9aaaef7b8fcf34336a87314,,,
seed,traditional_ppo,42.0,314,0.21513942768797278,16,multimap_v3_1,paper_runs\multimap_v3_2\formal_training\formal_traditional_ppo_seed42_3000ep\training_metrics.jsonl,fd568999a67b471a7ef04a7cc74cfb40422c213eb9aaaef7b8fcf34336a87314,,,
seed,traditional_ppo,42.0,330,0.17911506071686745,16,multimap_v3_1,paper_runs\multimap_v3_2\formal_training\formal_traditional_ppo_seed42_3000ep\training_metrics.jsonl,fd568999a67b471a7ef04a7cc74cfb40422c213eb9aaaef7b8fcf34336a87314,,,
seed,traditional_ppo,42.0,346,0.313805116340518,16,multimap_v3_1,paper_runs\multimap_v3_2\formal_training\formal_traditional_ppo_seed42_3000ep\training_metrics.jsonl,fd568999a67b471a7ef04a7cc74cfb40422c213eb9aaaef7b8fcf34336a87314,,,
seed,traditional_ppo,42.0,362,0.2460903488099575,16,multimap_v3_1,paper_runs\multimap_v3_2\formal_training\formal_traditional_ppo_seed42_3000ep\training_metrics.jsonl,fd568999a67b471a7ef04a7cc74cfb40422c213eb9aaaef7b8fcf34336a87314,,,
seed,traditional_ppo,42.0,378,0.23264557449147105,16,multimap_v3_1,paper_runs\multimap_v3_2\formal_training\formal_traditional_ppo_seed42_3000ep\training_metrics.jsonl,fd568999a67b471a7ef04a7cc74cfb40422c213eb9aaaef7b8fcf34336a87314,,,
seed,traditional_ppo,42.0,394,0.2772102914750576,16,multimap_v3_1,paper_runs\multimap_v3_2\formal_training\formal_traditional_ppo_seed42_3000ep\training_metrics.jsonl,fd568999a67b471a7ef04a7cc74cfb40422c213eb9aaaef7b8fcf34336a87314,,,
seed,traditional_ppo,42.0,410,0.24116506706923246,16,multimap_v3_1,paper_runs\multimap_v3_2\formal_training\formal_traditional_ppo_seed42_3000ep\training_metrics.jsonl,fd568999a67b471a7ef04a7cc74cfb40422c213eb9aaaef7b8fcf34336a87314,,,
seed,traditional_ppo,42.0,426,0.2160005709156394,16,multimap_v3_1,paper_runs\multimap_v3_2\formal_training\formal_traditional_ppo_seed42_3000ep\training_metrics.jsonl,fd568999a67b471a7ef04a7cc74cfb40422c213eb9aaaef7b8fcf34336a87314,,,
seed,traditional_ppo,42.0,442,0.30454324278980494,16,multimap_v3_1,paper_runs\multimap_v3_2\formal_training\formal_traditional_ppo_seed42_3000ep\training_metrics.jsonl,fd568999a67b471a7ef04a7cc74cfb40422c213eb9aaaef7b8fcf34336a87314,,,
seed,traditional_ppo,42.0,458,0.26654808362945914,16,multimap_v3_1,paper_runs\multimap_v3_2\formal_training\formal_traditional_ppo_seed42_3000ep\training_metrics.jsonl,fd568999a67b471a7ef04a7cc74cfb40422c213eb9aaaef7b8fcf34336a87314,,,
seed,traditional_ppo,42.0,474,0.23135329317301512,16,multimap_v3_1,paper_runs\multimap_v3_2\formal_training\formal_traditional_ppo_seed42_3000ep\training_metrics.jsonl,fd568999a67b471a7ef04a7cc74cfb40422c213eb9aaaef7b8fcf34336a87314,,,
seed,traditional_ppo,42.0,490,0.3742190282791853,16,multimap_v3_1,paper_runs\multimap_v3_2\formal_training\formal_traditional_ppo_seed42_3000ep\training_metrics.jsonl,fd568999a67b471a7ef04a7cc74cfb40422c213eb9aaaef7b8fcf34336a87314,,,
seed,traditional_ppo,42.0,500,0.2662714898586273,16,multimap_v3_1,paper_runs\multimap_v3_2\formal_training\formal_traditional_ppo_seed42_3000ep\training_metrics.jsonl,fd568999a67b471a7ef04a7cc74cfb40422c213eb9aaaef7b8fcf34336a87314,,,
seed,traditional_ppo,42.0,516,0.2301239431835711,16,multimap_v3_1,paper_runs\multimap_v3_2\formal_training\formal_traditional_ppo_seed42_3000ep\training_metrics.jsonl,fd568999a67b471a7ef04a7cc74cfb40422c213eb9aaaef7b8fcf34336a87314,,,
seed,traditional_ppo,42.0,532,0.3004409559071064,16,multimap_v3_1,paper_runs\multimap_v3_2\formal_training\formal_traditional_ppo_seed42_3000ep\training_metrics.jsonl,fd568999a67b471a7ef04a7cc74cfb40422c213eb9aaaef7b8fcf34336a87314,,,
seed,traditional_ppo,42.0,548,0.2727078553289175,16,multimap_v3_1,paper_runs\multimap_v3_2\formal_training\formal_traditional_ppo_seed42_3000ep\training_metrics.jsonl,fd568999a67b471a7ef04a7cc74cfb40422c213eb9aaaef7b8fcf34336a87314,,,
seed,traditional_ppo,42.0,564,0.2518458981066942,16,multimap_v3_1,paper_runs\multimap_v3_2\formal_training\formal_traditional_ppo_seed42_3000ep\training_metrics.jsonl,fd568999a67b471a7ef04a7cc74cfb40422c213eb9aaaef7b8fcf34336a87314,,,
seed,traditional_ppo,42.0,580,0.2868620380759239,16,multimap_v3_1,paper_runs\multimap_v3_2\formal_training\formal_traditional_ppo_seed42_3000ep\training_metrics.jsonl,fd568999a67b471a7ef04a7cc74cfb40422c213eb9aaaef7b8fcf34336a87314,,,
seed,traditional_ppo,42.0,596,0.2385985068976879,16,multimap_v3_1,paper_runs\multimap_v3_2\formal_training\formal_traditional_ppo_seed42_3000ep\training_metrics.jsonl,fd568999a67b471a7ef04a7cc74cfb40422c213eb9aaaef7b8fcf34336a87314,,,
seed,traditional_ppo,42.0,612,0.2353278542868793,16,multimap_v3_1,paper_runs\multimap_v3_2\formal_training\formal_traditional_ppo_seed42_3000ep\training_metrics.jsonl,fd568999a67b471a7ef04a7cc74cfb40422c213eb9aaaef7b8fcf34336a87314,,,
seed,traditional_ppo,42.0,628,0.28492219280451536,16,multimap_v3_1,paper_runs\multimap_v3_2\formal_training\formal_traditional_ppo_seed42_3000ep\training_metrics.jsonl,fd568999a67b471a7ef04a7cc74cfb40422c213eb9aaaef7b8fcf34336a87314,,,
seed,traditional_ppo,42.0,644,0.2649309327825904,16,multimap_v3_1,paper_runs\multimap_v3_2\formal_training\formal_traditional_ppo_seed42_3000ep\training_metrics.jsonl,fd568999a67b471a7ef04a7cc74cfb40422c213eb9aaaef7b8fcf34336a87314,,,
seed,traditional_ppo,42.0,660,0.22738687321543694,16,multimap_v3_1,paper_runs\multimap_v3_2\formal_training\formal_traditional_ppo_seed42_3000ep\training_metrics.jsonl,fd568999a67b471a7ef04a7cc74cfb40422c213eb9aaaef7b8fcf34336a87314,,,
seed,traditional_ppo,42.0,676,0.3197725312784314,16,multimap_v3_1,paper_runs\multimap_v3_2\formal_training\formal_traditional_ppo_seed42_3000ep\training_metrics.jsonl,fd568999a67b471a7ef04a7cc74cfb40422c213eb9aaaef7b8fcf34336a87314,,,
seed,traditional_ppo,42.0,692,0.26031089515890926,16,multimap_v3_1,paper_runs\multimap_v3_2\formal_training\formal_traditional_ppo_seed42_3000ep\training_metrics.jsonl,fd568999a67b471a7ef04a7cc74cfb40422c213eb9aaaef7b8fcf34336a87314,,,
seed,traditional_ppo,42.0,708,0.2643876215443015,16,multimap_v3_1,paper_runs\multimap_v3_2\formal_training\formal_traditional_ppo_seed42_3000ep\training_metrics.jsonl,fd568999a67b471a7ef04a7cc74cfb40422c213eb9aaaef7b8fcf34336a87314,,,
seed,traditional_ppo,42.0,724,0.2553510833531618,16,multimap_v3_1,paper_runs\multimap_v3_2\formal_training\formal_traditional_ppo_seed42_3000ep\training_metrics.jsonl,fd568999a67b471a7ef04a7cc74cfb40422c213eb9aaaef7b8fcf34336a87314,,,
seed,traditional_ppo,42.0,740,0.27283763512969017,16,multimap_v3_1,paper_runs\multimap_v3_2\formal_training\formal_traditional_ppo_seed42_3000ep\training_metrics.jsonl,fd568999a67b471a7ef04a7cc74cfb40422c213eb9aaaef7b8fcf34336a87314,,,
seed,traditional_ppo,42.0,756,0.23134798975661397,16,multimap_v3_1,paper_runs\multimap_v3_2\formal_training\formal_traditional_ppo_seed42_3000ep\training_metrics.jsonl,fd568999a67b471a7ef04a7cc74cfb40422c213eb9aaaef7b8fcf34336a87314,,,
seed,traditional_ppo,42.0,772,0.306084543466568,16,multimap_v3_1,paper_runs\multimap_v3_2\formal_training\formal_traditional_ppo_seed42_3000ep\training_metrics.jsonl,fd568999a67b471a7ef04a7cc74cfb40422c213eb9aaaef7b8fcf34336a87314,,,
seed,traditional_ppo,42.0,788,0.25880609545856714,16,multimap_v3_1,paper_runs\multimap_v3_2\formal_training\formal_traditional_ppo_seed42_3000ep\training_metrics.jsonl,fd568999a67b471a7ef04a7cc74cfb40422c213eb9aaaef7b8fcf34336a87314,,,
seed,traditional_ppo,42.0,804,0.20493409503251314,16,multimap_v3_1,paper_runs\multimap_v3_2\formal_training\formal_traditional_ppo_seed42_3000ep\training_metrics.jsonl,fd568999a67b471a7ef04a7cc74cfb40422c213eb9aaaef7b8fcf34336a87314,,,
seed,traditional_ppo,42.0,820,0.3061317689716816,16,multimap_v3_1,paper_runs\multimap_v3_2\formal_training\formal_traditional_ppo_seed42_3000ep\training_metrics.jsonl,fd568999a67b471a7ef04a7cc74cfb40422c213eb9aaaef7b8fcf34336a87314,,,
seed,traditional_ppo,42.0,836,0.24770496238488704,16,multimap_v3_1,paper_runs\multimap_v3_2\formal_training\formal_traditional_ppo_seed42_3000ep\training_metrics.jsonl,fd568999a67b471a7ef04a7cc74cfb40422c213eb9aaaef7b8fcf34336a87314,,,
seed,traditional_ppo,42.0,852,0.2519487300887704,16,multimap_v3_1,paper_runs\multimap_v3_2\formal_training\formal_traditional_ppo_seed42_3000ep\training_metrics.jsonl,fd568999a67b471a7ef04a7cc74cfb40422c213eb9aaaef7b8fcf34336a87314,,,
seed,traditional_ppo,42.0,868,0.27094506472349167,16,multimap_v3_1,paper_runs\multimap_v3_2\formal_training\formal_traditional_ppo_seed42_3000ep\training_metrics.jsonl,fd568999a67b471a7ef04a7cc74cfb40422c213eb9aaaef7b8fcf34336a87314,,,
seed,traditional_ppo,42.0,884,0.2632450698874891,16,multimap_v3_1,paper_runs\multimap_v3_2\formal_training\formal_traditional_ppo_seed42_3000ep\training_metrics.jsonl,fd568999a67b471a7ef04a7cc74cfb40422c213eb9aaaef7b8fcf34336a87314,,,
seed,traditional_ppo,42.0,900,0.21116870269179344,16,multimap_v3_1,paper_runs\multimap_v3_2\formal_training\formal_traditional_ppo_seed42_3000ep\training_metrics.jsonl,fd568999a67b471a7ef04a7cc74cfb40422c213eb9aaaef7b8fcf34336a87314,,,
seed,traditional_ppo,42.0,916,0.3100697761401534,16,multimap_v3_1,paper_runs\multimap_v3_2\formal_training\formal_traditional_ppo_seed42_3000ep\training_metrics.jsonl,fd568999a67b471a7ef04a7cc74cfb40422c213eb9aaaef7b8fcf34336a87314,,,
seed,traditional_ppo,42.0,932,0.29640268720686436,16,multimap_v3_1,paper_runs\multimap_v3_2\formal_training\formal_traditional_ppo_seed42_3000ep\training_metrics.jsonl,fd568999a67b471a7ef04a7cc74cfb40422c213eb9aaaef7b8fcf34336a87314,,,
seed,traditional_ppo,42.0,948,0.24928874988108873,16,multimap_v3_1,paper_runs\multimap_v3_2\formal_training\formal_traditional_ppo_seed42_3000ep\training_metrics.jsonl,fd568999a67b471a7ef04a7cc74cfb40422c213eb9aaaef7b8fcf34336a87314,,,
seed,traditional_ppo,42.0,964,0.28643795661628246,16,multimap_v3_1,paper_runs\multimap_v3_2\formal_training\formal_traditional_ppo_seed42_3000ep\training_metrics.jsonl,fd568999a67b471a7ef04a7cc74cfb40422c213eb9aaaef7b8fcf34336a87314,,,
seed,traditional_ppo,42.0,980,0.2806544154882431,16,multimap_v3_1,paper_runs\multimap_v3_2\formal_training\formal_traditional_ppo_seed42_3000ep\training_metrics.jsonl,fd568999a67b471a7ef04a7cc74cfb40422c213eb9aaaef7b8fcf34336a87314,,,
seed,traditional_ppo,42.0,996,0.22127128345891833,16,multimap_v3_1,paper_runs\multimap_v3_2\formal_training\formal_traditional_ppo_seed42_3000ep\training_metrics.jsonl,fd568999a67b471a7ef04a7cc74cfb40422c213eb9aaaef7b8fcf34336a87314,,,
seed,traditional_ppo,42.0,1000,0.3314021974802017,16,multimap_v3_1,paper_runs\multimap_v3_2\formal_training\formal_traditional_ppo_seed42_3000ep\training_metrics.jsonl,fd568999a67b471a7ef04a7cc74cfb40422c213eb9aaaef7b8fcf34336a87314,,,
seed,traditional_ppo,42.0,1016,0.2336476668715477,16,multimap_v3_1,paper_runs\multimap_v3_2\formal_training\formal_traditional_ppo_seed42_3000ep\training_metrics.jsonl,fd568999a67b471a7ef04a7cc74cfb40422c213eb9aaaef7b8fcf34336a87314,,,
seed,traditional_ppo,42.0,1032,0.2376834973692894,16,multimap_v3_1,paper_runs\multimap_v3_2\formal_training\formal_traditional_ppo_seed42_3000ep\training_metrics.jsonl,fd568999a67b471a7ef04a7cc74cfb40422c213eb9aaaef7b8fcf34336a87314,,,
seed,traditional_ppo,42.0,1048,0.24745808029547334,16,multimap_v3_1,paper_runs\multimap_v3_2\formal_training\formal_traditional_ppo_seed42_3000ep\training_metrics.jsonl,fd568999a67b471a7ef04a7cc74cfb40422c213eb9aaaef7b8fcf34336a87314,,,
seed,traditional_ppo,42.0,1064,0.22752231918275356,16,multimap_v3_1,paper_runs\multimap_v3_2\formal_training\formal_traditional_ppo_seed42_3000ep\training_metrics.jsonl,fd568999a67b471a7ef04a7cc74cfb40422c213eb9aaaef7b8fcf34336a87314,,,
seed,traditional_ppo,42.0,1080,0.22513455152511597,16,multimap_v3_1,paper_runs\multimap_v3_2\formal_training\formal_traditional_ppo_seed42_3000ep\training_metrics.jsonl,fd568999a67b471a7ef04a7cc74cfb40422c213eb9aaaef7b8fcf34336a87314,,,
seed,traditional_ppo,42.0,1096,0.2553762346506119,16,multimap_v3_1,paper_runs\multimap_v3_2\formal_training\formal_traditional_ppo_seed42_3000ep\training_metrics.jsonl,fd568999a67b471a7ef04a7cc74cfb40422c213eb9aaaef7b8fcf34336a87314,,,
seed,traditional_ppo,42.0,1112,0.2553674662485719,16,multimap_v3_1,paper_runs\multimap_v3_2\formal_training\formal_traditional_ppo_seed42_3000ep\training_metrics.jsonl,fd568999a67b471a7ef04a7cc74cfb40422c213eb9aaaef7b8fcf34336a87314,,,
seed,traditional_ppo,42.0,1128,0.21859728824347258,16,multimap_v3_1,paper_runs\multimap_v3_2\formal_training\formal_traditional_ppo_seed42_3000ep\training_metrics.jsonl,fd568999a67b471a7ef04a7cc74cfb40422c213eb9aaaef7b8fcf34336a87314,,,
seed,traditional_ppo,42.0,1144,0.304039740934968,16,multimap_v3_1,paper_runs\multimap_v3_2\formal_training\formal_traditional_ppo_seed42_3000ep\training_metrics.jsonl,fd568999a67b471a7ef04a7cc74cfb40422c213eb9aaaef7b8fcf34336a87314,,,
seed,traditional_ppo,42.0,1160,0.29440154135227203,16,multimap_v3_1,paper_runs\multimap_v3_2\formal_training\formal_traditional_ppo_seed42_3000ep\training_metrics.jsonl,fd568999a67b471a7ef04a7cc74cfb40422c213eb9aaaef7b8fcf34336a87314,,,
seed,traditional_ppo,42.0,1176,0.24416369665414095,16,multimap_v3_1,paper_runs\multimap_v3_2\formal_training\formal_traditional_ppo_seed42_3000ep\training_metrics.jsonl,fd568999a67b471a7ef04a7cc74cfb40422c213eb9aaaef7b8fcf34336a87314,,,
seed,traditional_ppo,42.0,1192,0.24174829199910164,16,multimap_v3_1,paper_runs\multimap_v3_2\formal_training\formal_traditional_ppo_seed42_3000ep\training_metrics.jsonl,fd568999a67b471a7ef04a7cc74cfb40422c213eb9aaaef7b8fcf34336a87314,,,
seed,traditional_ppo,42.0,1208,0.23394559836015105,16,multimap_v3_1,paper_runs\multimap_v3_2\formal_training\formal_traditional_ppo_seed42_3000ep\training_metrics.jsonl,fd568999a67b471a7ef04a7cc74cfb40422c213eb9aaaef7b8fcf34336a87314,,,
seed,traditional_ppo,42.0,1224,0.19686911581084132,16,multimap_v3_1,paper_runs\multimap_v3_2\formal_training\formal_traditional_ppo_seed42_3000ep\training_metrics.jsonl,fd568999a67b471a7ef04a7cc74cfb40422c213eb9aaaef7b8fcf34336a87314,,,
seed,traditional_ppo,42.0,1240,0.2649980615824461,16,multimap_v3_1,paper_runs\multimap_v3_2\formal_training\formal_traditional_ppo_seed42_3000ep\training_metrics.jsonl,fd568999a67b471a7ef04a7cc74cfb40422c213eb9aaaef7b8fcf34336a87314,,,
seed,traditional_ppo,42.0,1256,0.27577451802790165,16,multimap_v3_1,paper_runs\multimap_v3_2\formal_training\formal_traditional_ppo_seed42_3000ep\training_metrics.jsonl,fd568999a67b471a7ef04a7cc74cfb40422c213eb9aaaef7b8fcf34336a87314,,,
seed,traditional_ppo,42.0,1272,0.21972837625071406,16,multimap_v3_1,paper_runs\multimap_v3_2\formal_training\formal_traditional_ppo_seed42_3000ep\training_metrics.jsonl,fd568999a67b471a7ef04a7cc74cfb40422c213eb9aaaef7b8fcf34336a87314,,,
seed,traditional_ppo,42.0,1288,0.28477773163467646,16,multimap_v3_1,paper_runs\multimap_v3_2\formal_training\formal_traditional_ppo_seed42_3000ep\training_metrics.jsonl,fd568999a67b471a7ef04a7cc74cfb40422c213eb9aaaef7b8fcf34336a87314,,,
seed,traditional_ppo,42.0,1304,0.2728736763820052,16,multimap_v3_1,paper_runs\multimap_v3_2\formal_training\formal_traditional_ppo_seed42_3000ep\training_metrics.jsonl,fd568999a67b471a7ef04a7cc74cfb40422c213eb9aaaef7b8fcf34336a87314,,,
seed,traditional_ppo,42.0,1320,0.2337827207520604,16,multimap_v3_1,paper_runs\multimap_v3_2\formal_training\formal_traditional_ppo_seed42_3000ep\training_metrics.jsonl,fd568999a67b471a7ef04a7cc74cfb40422c213eb9aaaef7b8fcf34336a87314,,,
seed,traditional_ppo,42.0,1336,0.2538048312999308,16,multimap_v3_1,paper_runs\multimap_v3_2\formal_training\formal_traditional_ppo_seed42_3000ep\training_metrics.jsonl,fd568999a67b471a7ef04a7cc74cfb40422c213eb9aaaef7b8fcf34336a87314,,,
seed,traditional_ppo,42.0,1352,0.22544186562299728,16,multimap_v3_1,paper_runs\multimap_v3_2\formal_training\formal_traditional_ppo_seed42_3000ep\training_metrics.jsonl,fd568999a67b471a7ef04a7cc74cfb40422c213eb9aaaef7b8fcf34336a87314,,,
seed,traditional_ppo,42.0,1368,0.22359709162265062,16,multimap_v3_1,paper_runs\multimap_v3_2\formal_training\formal_traditional_ppo_seed42_3000ep\training_metrics.jsonl,fd568999a67b471a7ef04a7cc74cfb40422c213eb9aaaef7b8fcf34336a87314,,,
seed,traditional_ppo,42.0,1384,0.3177388464100659,16,multimap_v3_1,paper_runs\multimap_v3_2\formal_training\formal_traditional_ppo_seed42_3000ep\training_metrics.jsonl,fd568999a67b471a7ef04a7cc74cfb40422c213eb9aaaef7b8fcf34336a87314,,,
seed,traditional_ppo,42.0,1400,0.24768239352852106,16,multimap_v3_1,paper_runs\multimap_v3_2\formal_training\formal_traditional_ppo_seed42_3000ep\training_metrics.jsonl,fd568999a67b471a7ef04a7cc74cfb40422c213eb9aaaef7b8fcf34336a87314,,,
seed,traditional_ppo,42.0,1416,0.2380168274976313,16,multimap_v3_1,paper_runs\multimap_v3_2\formal_training\formal_traditional_ppo_seed42_3000ep\training_metrics.jsonl,fd568999a67b471a7ef04a7cc74cfb40422c213eb9aaaef7b8fcf34336a87314,,,
seed,traditional_ppo,42.0,1432,0.2713418509811163,16,multimap_v3_1,paper_runs\multimap_v3_2\formal_training\formal_traditional_ppo_seed42_3000ep\training_metrics.jsonl,fd568999a67b471a7ef04a7cc74cfb40422c213eb9aaaef7b8fcf34336a87314,,,
seed,traditional_ppo,42.0,1448,0.2713747681118548,16,multimap_v3_1,paper_runs\multimap_v3_2\formal_training\formal_traditional_ppo_seed42_3000ep\training_metrics.jsonl,fd568999a67b471a7ef04a7cc74cfb40422c213eb9aaaef7b8fcf34336a87314,,,
seed,traditional_ppo,42.0,1464,0.2466483460739255,16,multimap_v3_1,paper_runs\multimap_v3_2\formal_training\formal_traditional_ppo_seed42_3000ep\training_metrics.jsonl,fd568999a67b471a7ef04a7cc74cfb40422c213eb9aaaef7b8fcf34336a87314,,,
seed,traditional_ppo,42.0,1480,0.25701192393898964,16,multimap_v3_1,paper_runs\multimap_v3_2\formal_training\formal_traditional_ppo_seed42_3000ep\training_metrics.jsonl,fd568999a67b471a7ef04a7cc74cfb40422c213eb9aaaef7b8fcf34336a87314,,,
seed,traditional_ppo,42.0,1496,0.2775683542713523,16,multimap_v3_1,paper_runs\multimap_v3_2\formal_training\formal_traditional_ppo_seed42_3000ep\training_metrics.jsonl,fd568999a67b471a7ef04a7cc74cfb40422c213eb9aaaef7b8fcf34336a87314,,,
seed,traditional_ppo,42.0,1500,0.21082763001322746,16,multimap_v3_1,paper_runs\multimap_v3_2\formal_training\formal_traditional_ppo_seed42_3000ep\training_metrics.jsonl,fd568999a67b471a7ef04a7cc74cfb40422c213eb9aaaef7b8fcf34336a87314,,,
seed,traditional_ppo,42.0,1516,0.26128231594339013,16,multimap_v3_1,paper_runs\multimap_v3_2\formal_training\formal_traditional_ppo_seed42_3000ep\training_metrics.jsonl,fd568999a67b471a7ef04a7cc74cfb40422c213eb9aaaef7b8fcf34336a87314,,,
seed,traditional_ppo,42.0,1532,0.21642057038843632,16,multimap_v3_1,paper_runs\multimap_v3_2\formal_training\formal_traditional_ppo_seed42_3000ep\training_metrics.jsonl,fd568999a67b471a7ef04a7cc74cfb40422c213eb9aaaef7b8fcf34336a87314,,,
seed,traditional_ppo,42.0,1548,0.2020147992298007,16,multimap_v3_1,paper_runs\multimap_v3_2\formal_training\formal_traditional_ppo_seed42_3000ep\training_metrics.jsonl,fd568999a67b471a7ef04a7cc74cfb40422c213eb9aaaef7b8fcf34336a87314,,,
seed,traditional_ppo,42.0,1564,0.245593820232898,16,multimap_v3_1,paper_runs\multimap_v3_2\formal_training\formal_traditional_ppo_seed42_3000ep\training_metrics.jsonl,fd568999a67b471a7ef04a7cc74cfb40422c213eb9aaaef7b8fcf34336a87314,,,
seed,traditional_ppo,42.0,1580,0.20850872341543436,16,multimap_v3_1,paper_runs\multimap_v3_2\formal_training\formal_traditional_ppo_seed42_3000ep\training_metrics.jsonl,fd568999a67b471a7ef04a7cc74cfb40422c213eb9aaaef7b8fcf34336a87314,,,
seed,traditional_ppo,42.0,1596,0.227475562132895,16,multimap_v3_1,paper_runs\multimap_v3_2\formal_training\formal_traditional_ppo_seed42_3000ep\training_metrics.jsonl,fd568999a67b471a7ef04a7cc74cfb40422c213eb9aaaef7b8fcf34336a87314,,,
seed,traditional_ppo,42.0,1612,0.2943533710204065,16,multimap_v3_1,paper_runs\multimap_v3_2\formal_training\formal_traditional_ppo_seed42_3000ep\training_metrics.jsonl,fd568999a67b471a7ef04a7cc74cfb40422c213eb9aaaef7b8fcf34336a87314,,,
seed,traditional_ppo,42.0,1628,0.2958793779835105,16,multimap_v3_1,paper_runs\multimap_v3_2\formal_training\formal_traditional_ppo_seed42_3000ep\training_metrics.jsonl,fd568999a67b471a7ef04a7cc74cfb40422c213eb9aaaef7b8fcf34336a87314,,,
seed,traditional_ppo,42.0,1644,0.17187616298906505,16,multimap_v3_1,paper_runs\multimap_v3_2\formal_training\formal_traditional_ppo_seed42_3000ep\training_metrics.jsonl,fd568999a67b471a7ef04a7cc74cfb40422c213eb9aaaef7b8fcf34336a87314,,,
seed,traditional_ppo,42.0,1660,0.28664849093183875,16,multimap_v3_1,paper_runs\multimap_v3_2\formal_training\formal_traditional_ppo_seed42_3000ep\training_metrics.jsonl,fd568999a67b471a7ef04a7cc74cfb40422c213eb9aaaef7b8fcf34336a87314,,,
seed,traditional_ppo,42.0,1676,0.2400790685787797,16,multimap_v3_1,paper_runs\multimap_v3_2\formal_training\formal_traditional_ppo_seed42_3000ep\training_metrics.jsonl,fd568999a67b471a7ef04a7cc74cfb40422c213eb9aaaef7b8fcf34336a87314,,,
seed,traditional_ppo,42.0,1692,0.244220282882452,16,multimap_v3_1,paper_runs\multimap_v3_2\formal_training\formal_traditional_ppo_seed42_3000ep\training_metrics.jsonl,fd568999a67b471a7ef04a7cc74cfb40422c213eb9aaaef7b8fcf34336a87314,,,
seed,traditional_ppo,42.0,1708,0.33354339376091957,16,multimap_v3_1,paper_runs\multimap_v3_2\formal_training\formal_traditional_ppo_seed42_3000ep\training_metrics.jsonl,fd568999a67b471a7ef04a7cc74cfb40422c213eb9aaaef7b8fcf34336a87314,,,
seed,traditional_ppo,42.0,1724,0.2932745795696974,16,multimap_v3_1,paper_runs\multimap_v3_2\formal_training\formal_traditional_ppo_seed42_3000ep\training_metrics.jsonl,fd568999a67b471a7ef04a7cc74cfb40422c213eb9aaaef7b8fcf34336a87314,,,
seed,traditional_ppo,42.0,1740,0.2272671121172607,16,multimap_v3_1,paper_runs\multimap_v3_2\formal_training\formal_traditional_ppo_seed42_3000ep\training_metrics.jsonl,fd568999a67b471a7ef04a7cc74cfb40422c213eb9aaaef7b8fcf34336a87314,,,
seed,traditional_ppo,42.0,1756,0.29016266483813524,16,multimap_v3_1,paper_runs\multimap_v3_2\formal_training\formal_traditional_ppo_seed42_3000ep\training_metrics.jsonl,fd568999a67b471a7ef04a7cc74cfb40422c213eb9aaaef7b8fcf34336a87314,,,
seed,traditional_ppo,42.0,1772,0.23533396748825908,16,multimap_v3_1,paper_runs\multimap_v3_2\formal_training\formal_traditional_ppo_seed42_3000ep\training_metrics.jsonl,fd568999a67b471a7ef04a7cc74cfb40422c213eb9aaaef7b8fcf34336a87314,,,
seed,traditional_ppo,42.0,1788,0.22506717033684254,16,multimap_v3_1,paper_runs\multimap_v3_2\formal_training\formal_traditional_ppo_seed42_3000ep\training_metrics.jsonl,fd568999a67b471a7ef04a7cc74cfb40422c213eb9aaaef7b8fcf34336a87314,,,
seed,traditional_ppo,42.0,1804,0.3427625698968768,16,multimap_v3_1,paper_runs\multimap_v3_2\formal_training\formal_traditional_ppo_seed42_3000ep\training_metrics.jsonl,fd568999a67b471a7ef04a7cc74cfb40422c213eb9aaaef7b8fcf34336a87314,,,
seed,traditional_ppo,42.0,1820,0.26013342197984457,16,multimap_v3_1,paper_runs\multimap_v3_2\formal_training\formal_traditional_ppo_seed42_3000ep\training_metrics.jsonl,fd568999a67b471a7ef04a7cc74cfb40422c213eb9aaaef7b8fcf34336a87314,,,
seed,traditional_ppo,42.0,1836,0.23648879397660494,16,multimap_v3_1,paper_runs\multimap_v3_2\formal_training\formal_traditional_ppo_seed42_3000ep\training_metrics.jsonl,fd568999a67b471a7ef04a7cc74cfb40422c213eb9aaaef7b8fcf34336a87314,,,
seed,traditional_ppo,42.0,1852,0.3060128106735647,16,multimap_v3_1,paper_runs\multimap_v3_2\formal_training\formal_traditional_ppo_seed42_3000ep\training_metrics.jsonl,fd568999a67b471a7ef04a7cc74cfb40422c213eb9aaaef7b8fcf34336a87314,,,
seed,traditional_ppo,42.0,1868,0.2854562811553478,16,multimap_v3_1,paper_runs\multimap_v3_2\formal_training\formal_traditional_ppo_seed42_3000ep\training_metrics.jsonl,fd568999a67b471a7ef04a7cc74cfb40422c213eb9aaaef7b8fcf34336a87314,,,
seed,traditional_ppo,42.0,1884,0.2100065592676401,16,multimap_v3_1,paper_runs\multimap_v3_2\formal_training\formal_traditional_ppo_seed42_3000ep\training_metrics.jsonl,fd568999a67b471a7ef04a7cc74cfb40422c213eb9aaaef7b8fcf34336a87314,,,
seed,traditional_ppo,42.0,1900,0.26544976560398936,16,multimap_v3_1,paper_runs\multimap_v3_2\formal_training\formal_traditional_ppo_seed42_3000ep\training_metrics.jsonl,fd568999a67b471a7ef04a7cc74cfb40422c213eb9aaaef7b8fcf34336a87314,,,
seed,traditional_ppo,42.0,1916,0.24777450738474727,16,multimap_v3_1,paper_runs\multimap_v3_2\formal_training\formal_traditional_ppo_seed42_3000ep\training_metrics.jsonl,fd568999a67b471a7ef04a7cc74cfb40422c213eb9aaaef7b8fcf34336a87314,,,
seed,traditional_ppo,42.0,1932,0.25435760989785194,16,multimap_v3_1,paper_runs\multimap_v3_2\formal_training\formal_traditional_ppo_seed42_3000ep\training_metrics.jsonl,fd568999a67b471a7ef04a7cc74cfb40422c213eb9aaaef7b8fcf34336a87314,,,
seed,traditional_ppo,42.0,1948,0.2708605481311679,16,multimap_v3_1,paper_runs\multimap_v3_2\formal_training\formal_traditional_ppo_seed42_3000ep\training_metrics.jsonl,fd568999a67b471a7ef04a7cc74cfb40422c213eb9aaaef7b8fcf34336a87314,,,
seed,traditional_ppo,42.0,1964,0.2711340179666877,16,multimap_v3_1,paper_runs\multimap_v3_2\formal_training\formal_traditional_ppo_seed42_3000ep\training_metrics.jsonl,fd568999a67b471a7ef04a7cc74cfb40422c213eb9aaaef7b8fcf34336a87314,,,
seed,traditional_ppo,42.0,1980,0.230048893019557,16,multimap_v3_1,paper_runs\multimap_v3_2\formal_training\formal_traditional_ppo_seed42_3000ep\training_metrics.jsonl,fd568999a67b471a7ef04a7cc74cfb40422c213eb9aaaef7b8fcf34336a87314,,,
seed,traditional_ppo,42.0,1996,0.2552197645418346,16,multimap_v3_1,paper_runs\multimap_v3_2\formal_training\formal_traditional_ppo_seed42_3000ep\training_metrics.jsonl,fd568999a67b471a7ef04a7cc74cfb40422c213eb9aaaef7b8fcf34336a87314,,,
seed,traditional_ppo,42.0,2000,0.2334733046591282,16,multimap_v3_1,paper_runs\multimap_v3_2\formal_training\formal_traditional_ppo_seed42_3000ep\training_metrics.jsonl,fd568999a67b471a7ef04a7cc74cfb40422c213eb9aaaef7b8fcf34336a87314,,,
seed,traditional_ppo,42.0,2016,0.2454933011904359,16,multimap_v3_1,paper_runs\multimap_v3_2\formal_training\formal_traditional_ppo_seed42_3000ep\training_metrics.jsonl,fd568999a67b471a7ef04a7cc74cfb40422c213eb9aaaef7b8fcf34336a87314,,,
seed,traditional_ppo,42.0,2032,0.306391260586679,16,multimap_v3_1,paper_runs\multimap_v3_2\formal_training\formal_traditional_ppo_seed42_3000ep\training_metrics.jsonl,fd568999a67b471a7ef04a7cc74cfb40422c213eb9aaaef7b8fcf34336a87314,,,
seed,traditional_ppo,42.0,2048,0.2024188032373786,16,multimap_v3_1,paper_runs\multimap_v3_2\formal_training\formal_traditional_ppo_seed42_3000ep\training_metrics.jsonl,fd568999a67b471a7ef04a7cc74cfb40422c213eb9aaaef7b8fcf34336a87314,,,
seed,traditional_ppo,42.0,2064,0.26589369401335716,16,multimap_v3_1,paper_runs\multimap_v3_2\formal_training\formal_traditional_ppo_seed42_3000ep\training_metrics.jsonl,fd568999a67b471a7ef04a7cc74cfb40422c213eb9aaaef7b8fcf34336a87314,,,
seed,traditional_ppo,42.0,2080,0.28878770442679524,16,multimap_v3_1,paper_runs\multimap_v3_2\formal_training\formal_traditional_ppo_seed42_3000ep\training_metrics.jsonl,fd568999a67b471a7ef04a7cc74cfb40422c213eb9aaaef7b8fcf34336a87314,,,
seed,traditional_ppo,42.0,2096,0.27154364716261625,16,multimap_v3_1,paper_runs\multimap_v3_2\formal_training\formal_traditional_ppo_seed42_3000ep\training_metrics.jsonl,fd568999a67b471a7ef04a7cc74cfb40422c213eb9aaaef7b8fcf34336a87314,,,
seed,traditional_ppo,42.0,2112,0.2144508654018864,16,multimap_v3_1,paper_runs\multimap_v3_2\formal_training\formal_traditional_ppo_seed42_3000ep\training_metrics.jsonl,fd568999a67b471a7ef04a7cc74cfb40422c213eb9aaaef7b8fcf34336a87314,,,
seed,traditional_ppo,42.0,2128,0.32171121751889586,16,multimap_v3_1,paper_runs\multimap_v3_2\formal_training\formal_traditional_ppo_seed42_3000ep\training_metrics.jsonl,fd568999a67b471a7ef04a7cc74cfb40422c213eb9aaaef7b8fcf34336a87314,,,
seed,traditional_ppo,42.0,2144,0.2600460583344102,16,multimap_v3_1,paper_runs\multimap_v3_2\formal_training\formal_traditional_ppo_seed42_3000ep\training_metrics.jsonl,fd568999a67b471a7ef04a7cc74cfb40422c213eb9aaaef7b8fcf34336a87314,,,
seed,traditional_ppo,42.0,2160,0.2315350566059351,16,multimap_v3_1,paper_runs\multimap_v3_2\formal_training\formal_traditional_ppo_seed42_3000ep\training_metrics.jsonl,fd568999a67b471a7ef04a7cc74cfb40422c213eb9aaaef7b8fcf34336a87314,,,
seed,traditional_ppo,42.0,2176,0.32395546371117234,16,multimap_v3_1,paper_runs\multimap_v3_2\formal_training\formal_traditional_ppo_seed42_3000ep\training_metrics.jsonl,fd568999a67b471a7ef04a7cc74cfb40422c213eb9aaaef7b8fcf34336a87314,,,
seed,traditional_ppo,42.0,2192,0.2839773129671812,16,multimap_v3_1,paper_runs\multimap_v3_2\formal_training\formal_traditional_ppo_seed42_3000ep\training_metrics.jsonl,fd568999a67b471a7ef04a7cc74cfb40422c213eb9aaaef7b8fcf34336a87314,,,
seed,traditional_ppo,42.0,2208,0.23154278472065926,16,multimap_v3_1,paper_runs\multimap_v3_2\formal_training\formal_traditional_ppo_seed42_3000ep\training_metrics.jsonl,fd568999a67b471a7ef04a7cc74cfb40422c213eb9aaaef7b8fcf34336a87314,,,
seed,traditional_ppo,42.0,2224,0.30420907912775874,16,multimap_v3_1,paper_runs\multimap_v3_2\formal_training\formal_traditional_ppo_seed42_3000ep\training_metrics.jsonl,fd568999a67b471a7ef04a7cc74cfb40422c213eb9aaaef7b8fcf34336a87314,,,
seed,traditional_ppo,42.0,2240,0.2581905093975365,16,multimap_v3_1,paper_runs\multimap_v3_2\formal_training\formal_traditional_ppo_seed42_3000ep\training_metrics.jsonl,fd568999a67b471a7ef04a7cc74cfb40422c213eb9aaaef7b8fcf34336a87314,,,
seed,traditional_ppo,42.0,2256,0.21849071932956576,16,multimap_v3_1,paper_runs\multimap_v3_2\formal_training\formal_traditional_ppo_seed42_3000ep\training_metrics.jsonl,fd568999a67b471a7ef04a7cc74cfb40422c213eb9aaaef7b8fcf34336a87314,,,
seed,traditional_ppo,42.0,2272,0.29391969181597233,16,multimap_v3_1,paper_runs\multimap_v3_2\formal_training\formal_traditional_ppo_seed42_3000ep\training_metrics.jsonl,fd568999a67b471a7ef04a7cc74cfb40422c213eb9aaaef7b8fcf34336a87314,,,
seed,traditional_ppo,42.0,2288,0.26310005597770214,16,multimap_v3_1,paper_runs\multimap_v3_2\formal_training\formal_traditional_ppo_seed42_3000ep\training_metrics.jsonl,fd568999a67b471a7ef04a7cc74cfb40422c213eb9aaaef7b8fcf34336a87314,,,
seed,traditional_ppo,42.0,2304,0.2072830288670957,16,multimap_v3_1,paper_runs\multimap_v3_2\formal_training\formal_traditional_ppo_seed42_3000ep\training_metrics.jsonl,fd568999a67b471a7ef04a7cc74cfb40422c213eb9aaaef7b8fcf34336a87314,,,
seed,traditional_ppo,42.0,2320,0.2825299696996808,16,multimap_v3_1,paper_runs\multimap_v3_2\formal_training\formal_traditional_ppo_seed42_3000ep\training_metrics.jsonl,fd568999a67b471a7ef04a7cc74cfb40422c213eb9aaaef7b8fcf34336a87314,,,
seed,traditional_ppo,42.0,2336,0.24315595719963312,16,multimap_v3_1,paper_runs\multimap_v3_2\formal_training\formal_traditional_ppo_seed42_3000ep\training_metrics.jsonl,fd568999a67b471a7ef04a7cc74cfb40422c213eb9aaaef7b8fcf34336a87314,,,
seed,traditional_ppo,42.0,2352,0.20094420295208693,16,multimap_v3_1,paper_runs\multimap_v3_2\formal_training\formal_traditional_ppo_seed42_3000ep\training_metrics.jsonl,fd568999a67b471a7ef04a7cc74cfb40422c213eb9aaaef7b8fcf34336a87314,,,
seed,traditional_ppo,42.0,2368,0.3550497330725193,16,multimap_v3_1,paper_runs\multimap_v3_2\formal_training\formal_traditional_ppo_seed42_3000ep\training_metrics.jsonl,fd568999a67b471a7ef04a7cc74cfb40422c213eb9aaaef7b8fcf34336a87314,,,
seed,traditional_ppo,42.0,2384,0.2586056236177683,16,multimap_v3_1,paper_runs\multimap_v3_2\formal_training\formal_traditional_ppo_seed42_3000ep\training_metrics.jsonl,fd568999a67b471a7ef04a7cc74cfb40422c213eb9aaaef7b8fcf34336a87314,,,
seed,traditional_ppo,42.0,2400,0.25428309570997953,16,multimap_v3_1,paper_runs\multimap_v3_2\formal_training\formal_traditional_ppo_seed42_3000ep\training_metrics.jsonl,fd568999a67b471a7ef04a7cc74cfb40422c213eb9aaaef7b8fcf34336a87314,,,
seed,traditional_ppo,42.0,2416,0.24961061496287584,16,multimap_v3_1,paper_runs\multimap_v3_2\formal_training\formal_traditional_ppo_seed42_3000ep\training_metrics.jsonl,fd568999a67b471a7ef04a7cc74cfb40422c213eb9aaaef7b8fcf34336a87314,,,
seed,traditional_ppo,42.0,2432,0.23398678470402956,16,multimap_v3_1,paper_runs\multimap_v3_2\formal_training\formal_traditional_ppo_seed42_3000ep\training_metrics.jsonl,fd568999a67b471a7ef04a7cc74cfb40422c213eb9aaaef7b8fcf34336a87314,,,
seed,traditional_ppo,42.0,2448,0.258104644715786,16,multimap_v3_1,paper_runs\multimap_v3_2\formal_training\formal_traditional_ppo_seed42_3000ep\training_metrics.jsonl,fd568999a67b471a7ef04a7cc74cfb40422c213eb9aaaef7b8fcf34336a87314,,,
seed,traditional_ppo,42.0,2464,0.290417343378067,16,multimap_v3_1,paper_runs\multimap_v3_2\formal_training\formal_traditional_ppo_seed42_3000ep\training_metrics.jsonl,fd568999a67b471a7ef04a7cc74cfb40422c213eb9aaaef7b8fcf34336a87314,,,
seed,traditional_ppo,42.0,2480,0.277180939912796,16,multimap_v3_1,paper_runs\multimap_v3_2\formal_training\formal_traditional_ppo_seed42_3000ep\training_metrics.jsonl,fd568999a67b471a7ef04a7cc74cfb40422c213eb9aaaef7b8fcf34336a87314,,,
seed,traditional_ppo,42.0,2496,0.24411381874233484,16,multimap_v3_1,paper_runs\multimap_v3_2\formal_training\formal_traditional_ppo_seed42_3000ep\training_metrics.jsonl,fd568999a67b471a7ef04a7cc74cfb40422c213eb9aaaef7b8fcf34336a87314,,,
seed,traditional_ppo,42.0,2500,0.3083297684788704,16,multimap_v3_1,paper_runs\multimap_v3_2\formal_training\formal_traditional_ppo_seed42_3000ep\training_metrics.jsonl,fd568999a67b471a7ef04a7cc74cfb40422c213eb9aaaef7b8fcf34336a87314,,,
seed,traditional_ppo,42.0,2516,0.23373716697096825,16,multimap_v3_1,paper_runs\multimap_v3_2\formal_training\formal_traditional_ppo_seed42_3000ep\training_metrics.jsonl,fd568999a67b471a7ef04a7cc74cfb40422c213eb9aaaef7b8fcf34336a87314,,,
seed,traditional_ppo,42.0,2532,0.23921349365264177,16,multimap_v3_1,paper_runs\multimap_v3_2\formal_training\formal_traditional_ppo_seed42_3000ep\training_metrics.jsonl,fd568999a67b471a7ef04a7cc74cfb40422c213eb9aaaef7b8fcf34336a87314,,,
seed,traditional_ppo,42.0,2548,0.3276141081005335,16,multimap_v3_1,paper_runs\multimap_v3_2\formal_training\formal_traditional_ppo_seed42_3000ep\training_metrics.jsonl,fd568999a67b471a7ef04a7cc74cfb40422c213eb9aaaef7b8fcf34336a87314,,,
seed,traditional_ppo,42.0,2564,0.23855865513905883,16,multimap_v3_1,paper_runs\multimap_v3_2\formal_training\formal_traditional_ppo_seed42_3000ep\training_metrics.jsonl,fd568999a67b471a7ef04a7cc74cfb40422c213eb9aaaef7b8fcf34336a87314,,,
seed,traditional_ppo,42.0,2580,0.22237618081271648,16,multimap_v3_1,paper_runs\multimap_v3_2\formal_training\formal_traditional_ppo_seed42_3000ep\training_metrics.jsonl,fd568999a67b471a7ef04a7cc74cfb40422c213eb9aaaef7b8fcf34336a87314,,,
seed,traditional_ppo,42.0,2596,0.28090227022767067,16,multimap_v3_1,paper_runs\multimap_v3_2\formal_training\formal_traditional_ppo_seed42_3000ep\training_metrics.jsonl,fd568999a67b471a7ef04a7cc74cfb40422c213eb9aaaef7b8fcf34336a87314,,,
seed,traditional_ppo,42.0,2612,0.2618035916239023,16,multimap_v3_1,paper_runs\multimap_v3_2\formal_training\formal_traditional_ppo_seed42_3000ep\training_metrics.jsonl,fd568999a67b471a7ef04a7cc74cfb40422c213eb9aaaef7b8fcf34336a87314,,,
seed,traditional_ppo,42.0,2628,0.24566380586475134,16,multimap_v3_1,paper_runs\multimap_v3_2\formal_training\formal_traditional_ppo_seed42_3000ep\training_metrics.jsonl,fd568999a67b471a7ef04a7cc74cfb40422c213eb9aaaef7b8fcf34336a87314,,,
seed,traditional_ppo,42.0,2644,0.30227835290133953,16,multimap_v3_1,paper_runs\multimap_v3_2\formal_training\formal_traditional_ppo_seed42_3000ep\training_metrics.jsonl,fd568999a67b471a7ef04a7cc74cfb40422c213eb9aaaef7b8fcf34336a87314,,,
seed,traditional_ppo,42.0,2660,0.2514274260029197,16,multimap_v3_1,paper_runs\multimap_v3_2\formal_training\formal_traditional_ppo_seed42_3000ep\training_metrics.jsonl,fd568999a67b471a7ef04a7cc74cfb40422c213eb9aaaef7b8fcf34336a87314,,,
seed,traditional_ppo,42.0,2676,0.2189062424004078,16,multimap_v3_1,paper_runs\multimap_v3_2\formal_training\formal_traditional_ppo_seed42_3000ep\training_metrics.jsonl,fd568999a67b471a7ef04a7cc74cfb40422c213eb9aaaef7b8fcf34336a87314,,,
seed,traditional_ppo,42.0,2692,0.2903861990198493,16,multimap_v3_1,paper_runs\multimap_v3_2\formal_training\formal_traditional_ppo_seed42_3000ep\training_metrics.jsonl,fd568999a67b471a7ef04a7cc74cfb40422c213eb9aaaef7b8fcf34336a87314,,,
seed,traditional_ppo,42.0,2708,0.25584832625463605,16,multimap_v3_1,paper_runs\multimap_v3_2\formal_training\formal_traditional_ppo_seed42_3000ep\training_metrics.jsonl,fd568999a67b471a7ef04a7cc74cfb40422c213eb9aaaef7b8fcf34336a87314,,,
seed,traditional_ppo,42.0,2724,0.24528665514662862,16,multimap_v3_1,paper_runs\multimap_v3_2\formal_training\formal_traditional_ppo_seed42_3000ep\training_metrics.jsonl,fd568999a67b471a7ef04a7cc74cfb40422c213eb9aaaef7b8fcf34336a87314,,,
seed,traditional_ppo,42.0,2740,0.29273413494229317,16,multimap_v3_1,paper_runs\multimap_v3_2\formal_training\formal_traditional_ppo_seed42_3000ep\training_metrics.jsonl,fd568999a67b471a7ef04a7cc74cfb40422c213eb9aaaef7b8fcf34336a87314,,,
seed,traditional_ppo,42.0,2756,0.2631525909528136,16,multimap_v3_1,paper_runs\multimap_v3_2\formal_training\formal_traditional_ppo_seed42_3000ep\training_metrics.jsonl,fd568999a67b471a7ef04a7cc74cfb40422c213eb9aaaef7b8fcf34336a87314,,,
seed,traditional_ppo,42.0,2772,0.24038669746369123,16,multimap_v3_1,paper_runs\multimap_v3_2\formal_training\formal_traditional_ppo_seed42_3000ep\training_metrics.jsonl,fd568999a67b471a7ef04a7cc74cfb40422c213eb9aaaef7b8fcf34336a87314,,,
seed,traditional_ppo,42.0,2788,0.29475780948996544,16,multimap_v3_1,paper_runs\multimap_v3_2\formal_training\formal_traditional_ppo_seed42_3000ep\training_metrics.jsonl,fd568999a67b471a7ef04a7cc74cfb40422c213eb9aaaef7b8fcf34336a87314,,,
seed,traditional_ppo,42.0,2804,0.28985385689884424,16,multimap_v3_1,paper_runs\multimap_v3_2\formal_training\formal_traditional_ppo_seed42_3000ep\training_metrics.jsonl,fd568999a67b471a7ef04a7cc74cfb40422c213eb9aaaef7b8fcf34336a87314,,,
seed,traditional_ppo,42.0,2820,0.2095604920759797,16,multimap_v3_1,paper_runs\multimap_v3_2\formal_training\formal_traditional_ppo_seed42_3000ep\training_metrics.jsonl,fd568999a67b471a7ef04a7cc74cfb40422c213eb9aaaef7b8fcf34336a87314,,,
seed,traditional_ppo,42.0,2836,0.3042060611769557,16,multimap_v3_1,paper_runs\multimap_v3_2\formal_training\formal_traditional_ppo_seed42_3000ep\training_metrics.jsonl,fd568999a67b471a7ef04a7cc74cfb40422c213eb9aaaef7b8fcf34336a87314,,,
seed,traditional_ppo,42.0,2852,0.24309072503820062,16,multimap_v3_1,paper_runs\multimap_v3_2\formal_training\formal_traditional_ppo_seed42_3000ep\training_metrics.jsonl,fd568999a67b471a7ef04a7cc74cfb40422c213eb9aaaef7b8fcf34336a87314,,,
seed,traditional_ppo,42.0,2868,0.23758401814848185,16,multimap_v3_1,paper_runs\multimap_v3_2\formal_training\formal_traditional_ppo_seed42_3000ep\training_metrics.jsonl,fd568999a67b471a7ef04a7cc74cfb40422c213eb9aaaef7b8fcf34336a87314,,,
seed,traditional_ppo,42.0,2884,0.24536453373730183,16,multimap_v3_1,paper_runs\multimap_v3_2\formal_training\formal_traditional_ppo_seed42_3000ep\training_metrics.jsonl,fd568999a67b471a7ef04a7cc74cfb40422c213eb9aaaef7b8fcf34336a87314,,,
seed,traditional_ppo,42.0,2900,0.3042129008099437,16,multimap_v3_1,paper_runs\multimap_v3_2\formal_training\formal_traditional_ppo_seed42_3000ep\training_metrics.jsonl,fd568999a67b471a7ef04a7cc74cfb40422c213eb9aaaef7b8fcf34336a87314,,,
seed,traditional_ppo,42.0,2916,0.1997020337730646,16,multimap_v3_1,paper_runs\multimap_v3_2\formal_training\formal_traditional_ppo_seed42_3000ep\training_metrics.jsonl,fd568999a67b471a7ef04a7cc74cfb40422c213eb9aaaef7b8fcf34336a87314,,,
seed,traditional_ppo,42.0,2932,0.3116991287097335,16,multimap_v3_1,paper_runs\multimap_v3_2\formal_training\formal_traditional_ppo_seed42_3000ep\training_metrics.jsonl,fd568999a67b471a7ef04a7cc74cfb40422c213eb9aaaef7b8fcf34336a87314,,,
seed,traditional_ppo,42.0,2948,0.2523421519435942,16,multimap_v3_1,paper_runs\multimap_v3_2\formal_training\formal_traditional_ppo_seed42_3000ep\training_metrics.jsonl,fd568999a67b471a7ef04a7cc74cfb40422c213eb9aaaef7b8fcf34336a87314,,,
seed,traditional_ppo,42.0,2964,0.22655027778819203,16,multimap_v3_1,paper_runs\multimap_v3_2\formal_training\formal_traditional_ppo_seed42_3000ep\training_metrics.jsonl,fd568999a67b471a7ef04a7cc74cfb40422c213eb9aaaef7b8fcf34336a87314,,,
seed,traditional_ppo,42.0,2980,0.2982155573554337,16,multimap_v3_1,paper_runs\multimap_v3_2\formal_training\formal_traditional_ppo_seed42_3000ep\training_metrics.jsonl,fd568999a67b471a7ef04a7cc74cfb40422c213eb9aaaef7b8fcf34336a87314,,,
seed,traditional_ppo,42.0,2996,0.25107515836134553,16,multimap_v3_1,paper_runs\multimap_v3_2\formal_training\formal_traditional_ppo_seed42_3000ep\training_metrics.jsonl,fd568999a67b471a7ef04a7cc74cfb40422c213eb9aaaef7b8fcf34336a87314,,,
seed,traditional_ppo,42.0,3000,0.272372342646122,16,multimap_v3_1,paper_runs\multimap_v3_2\formal_training\formal_traditional_ppo_seed42_3000ep\training_metrics.jsonl,fd568999a67b471a7ef04a7cc74cfb40422c213eb9aaaef7b8fcf34336a87314,,,
seed,traditional_ppo,43.0,16,0.19741783430799842,16,multimap_v3_1,paper_runs\multimap_v3_2\formal_training\formal_traditional_ppo_seed43_3000ep\training_metrics.jsonl,2a45bb6fc7de500b944f1dc29a4fa7b36e1fea0b420728f35e79a7e3411f7e46,,,
seed,traditional_ppo,43.0,32,0.17822775477543473,16,multimap_v3_1,paper_runs\multimap_v3_2\formal_training\formal_traditional_ppo_seed43_3000ep\training_metrics.jsonl,2a45bb6fc7de500b944f1dc29a4fa7b36e1fea0b420728f35e79a7e3411f7e46,,,
seed,traditional_ppo,43.0,48,0.1641408985015005,16,multimap_v3_1,paper_runs\multimap_v3_2\formal_training\formal_traditional_ppo_seed43_3000ep\training_metrics.jsonl,2a45bb6fc7de500b944f1dc29a4fa7b36e1fea0b420728f35e79a7e3411f7e46,,,
seed,traditional_ppo,43.0,64,0.21307140483986586,16,multimap_v3_1,paper_runs\multimap_v3_2\formal_training\formal_traditional_ppo_seed43_3000ep\training_metrics.jsonl,2a45bb6fc7de500b944f1dc29a4fa7b36e1fea0b420728f35e79a7e3411f7e46,,,
seed,traditional_ppo,43.0,80,0.18421533447690308,16,multimap_v3_1,paper_runs\multimap_v3_2\formal_training\formal_traditional_ppo_seed43_3000ep\training_metrics.jsonl,2a45bb6fc7de500b944f1dc29a4fa7b36e1fea0b420728f35e79a7e3411f7e46,,,
seed,traditional_ppo,43.0,96,0.1517128273844719,16,multimap_v3_1,paper_runs\multimap_v3_2\formal_training\formal_traditional_ppo_seed43_3000ep\training_metrics.jsonl,2a45bb6fc7de500b944f1dc29a4fa7b36e1fea0b420728f35e79a7e3411f7e46,,,
seed,traditional_ppo,43.0,112,0.21696021617390215,16,multimap_v3_1,paper_runs\multimap_v3_2\formal_training\formal_traditional_ppo_seed43_3000ep\training_metrics.jsonl,2a45bb6fc7de500b944f1dc29a4fa7b36e1fea0b420728f35e79a7e3411f7e46,,,
seed,traditional_ppo,43.0,128,0.21658299781847745,16,multimap_v3_1,paper_runs\multimap_v3_2\formal_training\formal_traditional_ppo_seed43_3000ep\training_metrics.jsonl,2a45bb6fc7de500b944f1dc29a4fa7b36e1fea0b420728f35e79a7e3411f7e46,,,
seed,traditional_ppo,43.0,144,0.2086003702133894,16,multimap_v3_1,paper_runs\multimap_v3_2\formal_training\formal_traditional_ppo_seed43_3000ep\training_metrics.jsonl,2a45bb6fc7de500b944f1dc29a4fa7b36e1fea0b420728f35e79a7e3411f7e46,,,
seed,traditional_ppo,43.0,160,0.2635435794945806,16,multimap_v3_1,paper_runs\multimap_v3_2\formal_training\formal_traditional_ppo_seed43_3000ep\training_metrics.jsonl,2a45bb6fc7de500b944f1dc29a4fa7b36e1fea0b420728f35e79a7e3411f7e46,,,
seed,traditional_ppo,43.0,176,0.1872928759548813,16,multimap_v3_1,paper_runs\multimap_v3_2\formal_training\formal_traditional_ppo_seed43_3000ep\training_metrics.jsonl,2a45bb6fc7de500b944f1dc29a4fa7b36e1fea0b420728f35e79a7e3411f7e46,,,
seed,traditional_ppo,43.0,192,0.21098329313099384,16,multimap_v3_1,paper_runs\multimap_v3_2\formal_training\formal_traditional_ppo_seed43_3000ep\training_metrics.jsonl,2a45bb6fc7de500b944f1dc29a4fa7b36e1fea0b420728f35e79a7e3411f7e46,,,
seed,traditional_ppo,43.0,208,0.20711706089787185,16,multimap_v3_1,paper_runs\multimap_v3_2\formal_training\formal_traditional_ppo_seed43_3000ep\training_metrics.jsonl,2a45bb6fc7de500b944f1dc29a4fa7b36e1fea0b420728f35e79a7e3411f7e46,,,
seed,traditional_ppo,43.0,224,0.23381115961819887,16,multimap_v3_1,paper_runs\multimap_v3_2\formal_training\formal_traditional_ppo_seed43_3000ep\training_metrics.jsonl,2a45bb6fc7de500b944f1dc29a4fa7b36e1fea0b420728f35e79a7e3411f7e46,,,
seed,traditional_ppo,43.0,240,0.1919311413075775,16,multimap_v3_1,paper_runs\multimap_v3_2\formal_training\formal_traditional_ppo_seed43_3000ep\training_metrics.jsonl,2a45bb6fc7de500b944f1dc29a4fa7b36e1fea0b420728f35e79a7e3411f7e46,,,
seed,traditional_ppo,43.0,250,0.27998537570238113,16,multimap_v3_1,paper_runs\multimap_v3_2\formal_training\formal_traditional_ppo_seed43_3000ep\training_metrics.jsonl,2a45bb6fc7de500b944f1dc29a4fa7b36e1fea0b420728f35e79a7e3411f7e46,,,
seed,traditional_ppo,43.0,266,0.25231544207781553,16,multimap_v3_1,paper_runs\multimap_v3_2\formal_training\formal_traditional_ppo_seed43_3000ep\training_metrics.jsonl,2a45bb6fc7de500b944f1dc29a4fa7b36e1fea0b420728f35e79a7e3411f7e46,,,
seed,traditional_ppo,43.0,282,0.20848113670945168,16,multimap_v3_1,paper_runs\multimap_v3_2\formal_training\formal_traditional_ppo_seed43_3000ep\training_metrics.jsonl,2a45bb6fc7de500b944f1dc29a4fa7b36e1fea0b420728f35e79a7e3411f7e46,,,
seed,traditional_ppo,43.0,298,0.2807167642749846,16,multimap_v3_1,paper_runs\multimap_v3_2\formal_training\formal_traditional_ppo_seed43_3000ep\training_metrics.jsonl,2a45bb6fc7de500b944f1dc29a4fa7b36e1fea0b420728f35e79a7e3411f7e46,,,
seed,traditional_ppo,43.0,314,0.2724654455669224,16,multimap_v3_1,paper_runs\multimap_v3_2\formal_training\formal_traditional_ppo_seed43_3000ep\training_metrics.jsonl,2a45bb6fc7de500b944f1dc29a4fa7b36e1fea0b420728f35e79a7e3411f7e46,,,
seed,traditional_ppo,43.0,330,0.1971871880814433,16,multimap_v3_1,paper_runs\multimap_v3_2\formal_training\formal_traditional_ppo_seed43_3000ep\training_metrics.jsonl,2a45bb6fc7de500b944f1dc29a4fa7b36e1fea0b420728f35e79a7e3411f7e46,,,
seed,traditional_ppo,43.0,346,0.2647878732532263,16,multimap_v3_1,paper_runs\multimap_v3_2\formal_training\formal_traditional_ppo_seed43_3000ep\training_metrics.jsonl,2a45bb6fc7de500b944f1dc29a4fa7b36e1fea0b420728f35e79a7e3411f7e46,,,
seed,traditional_ppo,43.0,362,0.2507795547135174,16,multimap_v3_1,paper_runs\multimap_v3_2\formal_training\formal_traditional_ppo_seed43_3000ep\training_metrics.jsonl,2a45bb6fc7de500b944f1dc29a4fa7b36e1fea0b420728f35e79a7e3411f7e46,,,
seed,traditional_ppo,43.0,378,0.22103825630620122,16,multimap_v3_1,paper_runs\multimap_v3_2\formal_training\formal_traditional_ppo_seed43_3000ep\training_metrics.jsonl,2a45bb6fc7de500b944f1dc29a4fa7b36e1fea0b420728f35e79a7e3411f7e46,,,
seed,traditional_ppo,43.0,394,0.28449182445183396,16,multimap_v3_1,paper_runs\multimap_v3_2\formal_training\formal_traditional_ppo_seed43_3000ep\training_metrics.jsonl,2a45bb6fc7de500b944f1dc29a4fa7b36e1fea0b420728f35e79a7e3411f7e46,,,
seed,traditional_ppo,43.0,410,0.24757205042988062,16,multimap_v3_1,paper_runs\multimap_v3_2\formal_training\formal_traditional_ppo_seed43_3000ep\training_metrics.jsonl,2a45bb6fc7de500b944f1dc29a4fa7b36e1fea0b420728f35e79a7e3411f7e46,,,
seed,traditional_ppo,43.0,426,0.2175534856505692,16,multimap_v3_1,paper_runs\multimap_v3_2\formal_training\formal_traditional_ppo_seed43_3000ep\training_metrics.jsonl,2a45bb6fc7de500b944f1dc29a4fa7b36e1fea0b420728f35e79a7e3411f7e46,,,
seed,traditional_ppo,43.0,442,0.27711791824549437,16,multimap_v3_1,paper_runs\multimap_v3_2\formal_training\formal_traditional_ppo_seed43_3000ep\training_metrics.jsonl,2a45bb6fc7de500b944f1dc29a4fa7b36e1fea0b420728f35e79a7e3411f7e46,,,
seed,traditional_ppo,43.0,458,0.2497620233334601,16,multimap_v3_1,paper_runs\multimap_v3_2\formal_training\formal_traditional_ppo_seed43_3000ep\training_metrics.jsonl,2a45bb6fc7de500b944f1dc29a4fa7b36e1fea0b420728f35e79a7e3411f7e46,,,
seed,traditional_ppo,43.0,474,0.19953968422487378,16,multimap_v3_1,paper_runs\multimap_v3_2\formal_training\formal_traditional_ppo_seed43_3000ep\training_metrics.jsonl,2a45bb6fc7de500b944f1dc29a4fa7b36e1fea0b420728f35e79a7e3411f7e46,,,
seed,traditional_ppo,43.0,490,0.3277204539626837,16,multimap_v3_1,paper_runs\multimap_v3_2\formal_training\formal_traditional_ppo_seed43_3000ep\training_metrics.jsonl,2a45bb6fc7de500b944f1dc29a4fa7b36e1fea0b420728f35e79a7e3411f7e46,,,
seed,traditional_ppo,43.0,500,0.24143411070108414,16,multimap_v3_1,paper_runs\multimap_v3_2\formal_training\formal_traditional_ppo_seed43_3000ep\training_metrics.jsonl,2a45bb6fc7de500b944f1dc29a4fa7b36e1fea0b420728f35e79a7e3411f7e46,,,
seed,traditional_ppo,43.0,516,0.20108658005483449,16,multimap_v3_1,paper_runs\multimap_v3_2\formal_training\formal_traditional_ppo_seed43_3000ep\training_metrics.jsonl,2a45bb6fc7de500b944f1dc29a4fa7b36e1fea0b420728f35e79a7e3411f7e46,,,
seed,traditional_ppo,43.0,532,0.292948423884809,16,multimap_v3_1,paper_runs\multimap_v3_2\formal_training\formal_traditional_ppo_seed43_3000ep\training_metrics.jsonl,2a45bb6fc7de500b944f1dc29a4fa7b36e1fea0b420728f35e79a7e3411f7e46,,,
seed,traditional_ppo,43.0,548,0.22571465000510216,16,multimap_v3_1,paper_runs\multimap_v3_2\formal_training\formal_traditional_ppo_seed43_3000ep\training_metrics.jsonl,2a45bb6fc7de500b944f1dc29a4fa7b36e1fea0b420728f35e79a7e3411f7e46,,,
seed,traditional_ppo,43.0,564,0.21363519178703427,16,multimap_v3_1,paper_runs\multimap_v3_2\formal_training\formal_traditional_ppo_seed43_3000ep\training_metrics.jsonl,2a45bb6fc7de500b944f1dc29a4fa7b36e1fea0b420728f35e79a7e3411f7e46,,,
seed,traditional_ppo,43.0,580,0.2807565601542592,16,multimap_v3_1,paper_runs\multimap_v3_2\formal_training\formal_traditional_ppo_seed43_3000ep\training_metrics.jsonl,2a45bb6fc7de500b944f1dc29a4fa7b36e1fea0b420728f35e79a7e3411f7e46,,,
seed,traditional_ppo,43.0,596,0.22756013087928295,16,multimap_v3_1,paper_runs\multimap_v3_2\formal_training\formal_traditional_ppo_seed43_3000ep\training_metrics.jsonl,2a45bb6fc7de500b944f1dc29a4fa7b36e1fea0b420728f35e79a7e3411f7e46,,,
seed,traditional_ppo,43.0,612,0.1802931788843125,16,multimap_v3_1,paper_runs\multimap_v3_2\formal_training\formal_traditional_ppo_seed43_3000ep\training_metrics.jsonl,2a45bb6fc7de500b944f1dc29a4fa7b36e1fea0b420728f35e79a7e3411f7e46,,,
seed,traditional_ppo,43.0,628,0.29223011061549187,16,multimap_v3_1,paper_runs\multimap_v3_2\formal_training\formal_traditional_ppo_seed43_3000ep\training_metrics.jsonl,2a45bb6fc7de500b944f1dc29a4fa7b36e1fea0b420728f35e79a7e3411f7e46,,,
seed,traditional_ppo,43.0,644,0.26039809128269553,16,multimap_v3_1,paper_runs\multimap_v3_2\formal_training\formal_traditional_ppo_seed43_3000ep\training_metrics.jsonl,2a45bb6fc7de500b944f1dc29a4fa7b36e1fea0b420728f35e79a7e3411f7e46,,,
seed,traditional_ppo,43.0,660,0.20449401391670108,16,multimap_v3_1,paper_runs\multimap_v3_2\formal_training\formal_traditional_ppo_seed43_3000ep\training_metrics.jsonl,2a45bb6fc7de500b944f1dc29a4fa7b36e1fea0b420728f35e79a7e3411f7e46,,,
seed,traditional_ppo,43.0,676,0.2808389561250806,16,multimap_v3_1,paper_runs\multimap_v3_2\formal_training\formal_traditional_ppo_seed43_3000ep\training_metrics.jsonl,2a45bb6fc7de500b944f1dc29a4fa7b36e1fea0b420728f35e79a7e3411f7e46,,,
seed,traditional_ppo,43.0,692,0.2602164763957262,16,multimap_v3_1,paper_runs\multimap_v3_2\formal_training\formal_traditional_ppo_seed43_3000ep\training_metrics.jsonl,2a45bb6fc7de500b944f1dc29a4fa7b36e1fea0b420728f35e79a7e3411f7e46,,,
seed,traditional_ppo,43.0,708,0.2325356570072472,16,multimap_v3_1,paper_runs\multimap_v3_2\formal_training\formal_traditional_ppo_seed43_3000ep\training_metrics.jsonl,2a45bb6fc7de500b944f1dc29a4fa7b36e1fea0b420728f35e79a7e3411f7e46,,,
seed,traditional_ppo,43.0,724,0.26511671021580696,16,multimap_v3_1,paper_runs\multimap_v3_2\formal_training\formal_traditional_ppo_seed43_3000ep\training_metrics.jsonl,2a45bb6fc7de500b944f1dc29a4fa7b36e1fea0b420728f35e79a7e3411f7e46,,,
seed,traditional_ppo,43.0,740,0.2901186812669039,16,multimap_v3_1,paper_runs\multimap_v3_2\formal_training\formal_traditional_ppo_seed43_3000ep\training_metrics.jsonl,2a45bb6fc7de500b944f1dc29a4fa7b36e1fea0b420728f35e79a7e3411f7e46,,,
seed,traditional_ppo,43.0,756,0.16655036387965083,16,multimap_v3_1,paper_runs\multimap_v3_2\formal_training\formal_traditional_ppo_seed43_3000ep\training_metrics.jsonl,2a45bb6fc7de500b944f1dc29a4fa7b36e1fea0b420728f35e79a7e3411f7e46,,,
seed,traditional_ppo,43.0,772,0.3453042358160019,16,multimap_v3_1,paper_runs\multimap_v3_2\formal_training\formal_traditional_ppo_seed43_3000ep\training_metrics.jsonl,2a45bb6fc7de500b944f1dc29a4fa7b36e1fea0b420728f35e79a7e3411f7e46,,,
seed,traditional_ppo,43.0,788,0.246160252019763,16,multimap_v3_1,paper_runs\multimap_v3_2\formal_training\formal_traditional_ppo_seed43_3000ep\training_metrics.jsonl,2a45bb6fc7de500b944f1dc29a4fa7b36e1fea0b420728f35e79a7e3411f7e46,,,
seed,traditional_ppo,43.0,804,0.20576926274225116,16,multimap_v3_1,paper_runs\multimap_v3_2\formal_training\formal_traditional_ppo_seed43_3000ep\training_metrics.jsonl,2a45bb6fc7de500b944f1dc29a4fa7b36e1fea0b420728f35e79a7e3411f7e46,,,
seed,traditional_ppo,43.0,820,0.2709725331515074,16,multimap_v3_1,paper_runs\multimap_v3_2\formal_training\formal_traditional_ppo_seed43_3000ep\training_metrics.jsonl,2a45bb6fc7de500b944f1dc29a4fa7b36e1fea0b420728f35e79a7e3411f7e46,,,
seed,traditional_ppo,43.0,836,0.25742295384407043,16,multimap_v3_1,paper_runs\multimap_v3_2\formal_training\formal_traditional_ppo_seed43_3000ep\training_metrics.jsonl,2a45bb6fc7de500b944f1dc29a4fa7b36e1fea0b420728f35e79a7e3411f7e46,,,
seed,traditional_ppo,43.0,852,0.2808038406074047,16,multimap_v3_1,paper_runs\multimap_v3_2\formal_training\formal_traditional_ppo_seed43_3000ep\training_metrics.jsonl,2a45bb6fc7de500b944f1dc29a4fa7b36e1fea0b420728f35e79a7e3411f7e46,,,
seed,traditional_ppo,43.0,868,0.2794827427715063,16,multimap_v3_1,paper_runs\multimap_v3_2\formal_training\formal_traditional_ppo_seed43_3000ep\training_metrics.jsonl,2a45bb6fc7de500b944f1dc29a4fa7b36e1fea0b420728f35e79a7e3411f7e46,,,
seed,traditional_ppo,43.0,884,0.2773402137681842,16,multimap_v3_1,paper_runs\multimap_v3_2\formal_training\formal_traditional_ppo_seed43_3000ep\training_metrics.jsonl,2a45bb6fc7de500b944f1dc29a4fa7b36e1fea0b420728f35e79a7e3411f7e46,,,
seed,traditional_ppo,43.0,900,0.23515506461262703,16,multimap_v3_1,paper_runs\multimap_v3_2\formal_training\formal_traditional_ppo_seed43_3000ep\training_metrics.jsonl,2a45bb6fc7de500b944f1dc29a4fa7b36e1fea0b420728f35e79a7e3411f7e46,,,
seed,traditional_ppo,43.0,916,0.299735926091671,16,multimap_v3_1,paper_runs\multimap_v3_2\formal_training\formal_traditional_ppo_seed43_3000ep\training_metrics.jsonl,2a45bb6fc7de500b944f1dc29a4fa7b36e1fea0b420728f35e79a7e3411f7e46,,,
seed,traditional_ppo,43.0,932,0.24792085867375135,16,multimap_v3_1,paper_runs\multimap_v3_2\formal_training\formal_traditional_ppo_seed43_3000ep\training_metrics.jsonl,2a45bb6fc7de500b944f1dc29a4fa7b36e1fea0b420728f35e79a7e3411f7e46,,,
seed,traditional_ppo,43.0,948,0.19832702446728945,16,multimap_v3_1,paper_runs\multimap_v3_2\formal_training\formal_traditional_ppo_seed43_3000ep\training_metrics.jsonl,2a45bb6fc7de500b944f1dc29a4fa7b36e1fea0b420728f35e79a7e3411f7e46,,,
seed,traditional_ppo,43.0,964,0.28086497634649277,16,multimap_v3_1,paper_runs\multimap_v3_2\formal_training\formal_traditional_ppo_seed43_3000ep\training_metrics.jsonl,2a45bb6fc7de500b944f1dc29a4fa7b36e1fea0b420728f35e79a7e3411f7e46,,,
seed,traditional_ppo,43.0,980,0.2502998486161232,16,multimap_v3_1,paper_runs\multimap_v3_2\formal_training\formal_traditional_ppo_seed43_3000ep\training_metrics.jsonl,2a45bb6fc7de500b944f1dc29a4fa7b36e1fea0b420728f35e79a7e3411f7e46,,,
seed,traditional_ppo,43.0,996,0.24025135580450296,16,multimap_v3_1,paper_runs\multimap_v3_2\formal_training\formal_traditional_ppo_seed43_3000ep\training_metrics.jsonl,2a45bb6fc7de500b944f1dc29a4fa7b36e1fea0b420728f35e79a7e3411f7e46,,,
seed,traditional_ppo,43.0,1000,0.2611130513250828,16,multimap_v3_1,paper_runs\multimap_v3_2\formal_training\formal_traditional_ppo_seed43_3000ep\training_metrics.jsonl,2a45bb6fc7de500b944f1dc29a4fa7b36e1fea0b420728f35e79a7e3411f7e46,,,
seed,traditional_ppo,43.0,1016,0.233838920481503,16,multimap_v3_1,paper_runs\multimap_v3_2\formal_training\formal_traditional_ppo_seed43_3000ep\training_metrics.jsonl,2a45bb6fc7de500b944f1dc29a4fa7b36e1fea0b420728f35e79a7e3411f7e46,,,
seed,traditional_ppo,43.0,1032,0.2261046809144318,16,multimap_v3_1,paper_runs\multimap_v3_2\formal_training\formal_traditional_ppo_seed43_3000ep\training_metrics.jsonl,2a45bb6fc7de500b944f1dc29a4fa7b36e1fea0b420728f35e79a7e3411f7e46,,,
seed,traditional_ppo,43.0,1048,0.26717222668230534,16,multimap_v3_1,paper_runs\multimap_v3_2\formal_training\formal_traditional_ppo_seed43_3000ep\training_metrics.jsonl,2a45bb6fc7de500b944f1dc29a4fa7b36e1fea0b420728f35e79a7e3411f7e46,,,
seed,traditional_ppo,43.0,1064,0.2179788425564766,16,multimap_v3_1,paper_runs\multimap_v3_2\formal_training\formal_traditional_ppo_seed43_3000ep\training_metrics.jsonl,2a45bb6fc7de500b944f1dc29a4fa7b36e1fea0b420728f35e79a7e3411f7e46,,,
seed,traditional_ppo,43.0,1080,0.216125322971493,16,multimap_v3_1,paper_runs\multimap_v3_2\formal_training\formal_traditional_ppo_seed43_3000ep\training_metrics.jsonl,2a45bb6fc7de500b944f1dc29a4fa7b36e1fea0b420728f35e79a7e3411f7e46,,,
seed,traditional_ppo,43.0,1096,0.3506690189242363,16,multimap_v3_1,paper_runs\multimap_v3_2\formal_training\formal_traditional_ppo_seed43_3000ep\training_metrics.jsonl,2a45bb6fc7de500b944f1dc29a4fa7b36e1fea0b420728f35e79a7e3411f7e46,,,
seed,traditional_ppo,43.0,1112,0.24772176519036293,16,multimap_v3_1,paper_runs\multimap_v3_2\formal_training\formal_traditional_ppo_seed43_3000ep\training_metrics.jsonl,2a45bb6fc7de500b944f1dc29a4fa7b36e1fea0b420728f35e79a7e3411f7e46,,,
seed,traditional_ppo,43.0,1128,0.23920336831361055,16,multimap_v3_1,paper_runs\multimap_v3_2\formal_training\formal_traditional_ppo_seed43_3000ep\training_metrics.jsonl,2a45bb6fc7de500b944f1dc29a4fa7b36e1fea0b420728f35e79a7e3411f7e46,,,
seed,traditional_ppo,43.0,1144,0.2904774872586131,16,multimap_v3_1,paper_runs\multimap_v3_2\formal_training\formal_traditional_ppo_seed43_3000ep\training_metrics.jsonl,2a45bb6fc7de500b944f1dc29a4fa7b36e1fea0b420728f35e79a7e3411f7e46,,,
seed,traditional_ppo,43.0,1160,0.21040750306565315,16,multimap_v3_1,paper_runs\multimap_v3_2\formal_training\formal_traditional_ppo_seed43_3000ep\training_metrics.jsonl,2a45bb6fc7de500b944f1dc29a4fa7b36e1fea0b420728f35e79a7e3411f7e46,,,
seed,traditional_ppo,43.0,1176,0.21467802906408906,16,multimap_v3_1,paper_runs\multimap_v3_2\formal_training\formal_traditional_ppo_seed43_3000ep\training_metrics.jsonl,2a45bb6fc7de500b944f1dc29a4fa7b36e1fea0b420728f35e79a7e3411f7e46,,,
seed,traditional_ppo,43.0,1192,0.306067643687129,16,multimap_v3_1,paper_runs\multimap_v3_2\formal_training\formal_traditional_ppo_seed43_3000ep\training_metrics.jsonl,2a45bb6fc7de500b944f1dc29a4fa7b36e1fea0b420728f35e79a7e3411f7e46,,,
seed,traditional_ppo,43.0,1208,0.27266402961686254,16,multimap_v3_1,paper_runs\multimap_v3_2\formal_training\formal_traditional_ppo_seed43_3000ep\training_metrics.jsonl,2a45bb6fc7de500b944f1dc29a4fa7b36e1fea0b420728f35e79a7e3411f7e46,,,
seed,traditional_ppo,43.0,1224,0.2239677389152348,16,multimap_v3_1,paper_runs\multimap_v3_2\formal_training\formal_traditional_ppo_seed43_3000ep\training_metrics.jsonl,2a45bb6fc7de500b944f1dc29a4fa7b36e1fea0b420728f35e79a7e3411f7e46,,,
seed,traditional_ppo,43.0,1240,0.27456049248576164,16,multimap_v3_1,paper_runs\multimap_v3_2\formal_training\formal_traditional_ppo_seed43_3000ep\training_metrics.jsonl,2a45bb6fc7de500b944f1dc29a4fa7b36e1fea0b420728f35e79a7e3411f7e46,,,
seed,traditional_ppo,43.0,1256,0.23852498456835747,16,multimap_v3_1,paper_runs\multimap_v3_2\formal_training\formal_traditional_ppo_seed43_3000ep\training_metrics.jsonl,2a45bb6fc7de500b944f1dc29a4fa7b36e1fea0b420728f35e79a7e3411f7e46,,,
seed,traditional_ppo,43.0,1272,0.1983481589704752,16,multimap_v3_1,paper_runs\multimap_v3_2\formal_training\formal_traditional_ppo_seed43_3000ep\training_metrics.jsonl,2a45bb6fc7de500b944f1dc29a4fa7b36e1fea0b420728f35e79a7e3411f7e46,,,
seed,traditional_ppo,43.0,1288,0.2595034088008106,16,multimap_v3_1,paper_runs\multimap_v3_2\formal_training\formal_traditional_ppo_seed43_3000ep\training_metrics.jsonl,2a45bb6fc7de500b944f1dc29a4fa7b36e1fea0b420728f35e79a7e3411f7e46,,,
seed,traditional_ppo,43.0,1304,0.2740028342232108,16,multimap_v3_1,paper_runs\multimap_v3_2\formal_training\formal_traditional_ppo_seed43_3000ep\training_metrics.jsonl,2a45bb6fc7de500b944f1dc29a4fa7b36e1fea0b420728f35e79a7e3411f7e46,,,
seed,traditional_ppo,43.0,1320,0.22879458032548428,16,multimap_v3_1,paper_runs\multimap_v3_2\formal_training\formal_traditional_ppo_seed43_3000ep\training_metrics.jsonl,2a45bb6fc7de500b944f1dc29a4fa7b36e1fea0b420728f35e79a7e3411f7e46,,,
seed,traditional_ppo,43.0,1336,0.27463262993842363,16,multimap_v3_1,paper_runs\multimap_v3_2\formal_training\formal_traditional_ppo_seed43_3000ep\training_metrics.jsonl,2a45bb6fc7de500b944f1dc29a4fa7b36e1fea0b420728f35e79a7e3411f7e46,,,
seed,traditional_ppo,43.0,1352,0.2399513553828001,16,multimap_v3_1,paper_runs\multimap_v3_2\formal_training\formal_traditional_ppo_seed43_3000ep\training_metrics.jsonl,2a45bb6fc7de500b944f1dc29a4fa7b36e1fea0b420728f35e79a7e3411f7e46,,,
seed,traditional_ppo,43.0,1368,0.23400769103318453,16,multimap_v3_1,paper_runs\multimap_v3_2\formal_training\formal_traditional_ppo_seed43_3000ep\training_metrics.jsonl,2a45bb6fc7de500b944f1dc29a4fa7b36e1fea0b420728f35e79a7e3411f7e46,,,
seed,traditional_ppo,43.0,1384,0.2693588277325034,16,multimap_v3_1,paper_runs\multimap_v3_2\formal_training\formal_traditional_ppo_seed43_3000ep\training_metrics.jsonl,2a45bb6fc7de500b944f1dc29a4fa7b36e1fea0b420728f35e79a7e3411f7e46,,,
seed,traditional_ppo,43.0,1400,0.2819665069691837,16,multimap_v3_1,paper_runs\multimap_v3_2\formal_training\formal_traditional_ppo_seed43_3000ep\training_metrics.jsonl,2a45bb6fc7de500b944f1dc29a4fa7b36e1fea0b420728f35e79a7e3411f7e46,,,
seed,traditional_ppo,43.0,1416,0.2543045016936958,16,multimap_v3_1,paper_runs\multimap_v3_2\formal_training\formal_traditional_ppo_seed43_3000ep\training_metrics.jsonl,2a45bb6fc7de500b944f1dc29a4fa7b36e1fea0b420728f35e79a7e3411f7e46,,,
seed,traditional_ppo,43.0,1432,0.3198938211426139,16,multimap_v3_1,paper_runs\multimap_v3_2\formal_training\formal_traditional_ppo_seed43_3000ep\training_metrics.jsonl,2a45bb6fc7de500b944f1dc29a4fa7b36e1fea0b420728f35e79a7e3411f7e46,,,
seed,traditional_ppo,43.0,1448,0.27238473389297724,16,multimap_v3_1,paper_runs\multimap_v3_2\formal_training\formal_traditional_ppo_seed43_3000ep\training_metrics.jsonl,2a45bb6fc7de500b944f1dc29a4fa7b36e1fea0b420728f35e79a7e3411f7e46,,,
seed,traditional_ppo,43.0,1464,0.22132275300100446,16,multimap_v3_1,paper_runs\multimap_v3_2\formal_training\formal_traditional_ppo_seed43_3000ep\training_metrics.jsonl,2a45bb6fc7de500b944f1dc29a4fa7b36e1fea0b420728f35e79a7e3411f7e46,,,
seed,traditional_ppo,43.0,1480,0.30022034980356693,16,multimap_v3_1,paper_runs\multimap_v3_2\formal_training\formal_traditional_ppo_seed43_3000ep\training_metrics.jsonl,2a45bb6fc7de500b944f1dc29a4fa7b36e1fea0b420728f35e79a7e3411f7e46,,,
seed,traditional_ppo,43.0,1496,0.27126035606488585,16,multimap_v3_1,paper_runs\multimap_v3_2\formal_training\formal_traditional_ppo_seed43_3000ep\training_metrics.jsonl,2a45bb6fc7de500b944f1dc29a4fa7b36e1fea0b420728f35e79a7e3411f7e46,,,
seed,traditional_ppo,43.0,1500,0.26662755757570267,16,multimap_v3_1,paper_runs\multimap_v3_2\formal_training\formal_traditional_ppo_seed43_3000ep\training_metrics.jsonl,2a45bb6fc7de500b944f1dc29a4fa7b36e1fea0b420728f35e79a7e3411f7e46,,,
seed,traditional_ppo,43.0,1516,0.296671649441123,16,multimap_v3_1,paper_runs\multimap_v3_2\formal_training\formal_traditional_ppo_seed43_3000ep\training_metrics.jsonl,2a45bb6fc7de500b944f1dc29a4fa7b36e1fea0b420728f35e79a7e3411f7e46,,,
seed,traditional_ppo,43.0,1532,0.27103561628609896,16,multimap_v3_1,paper_runs\multimap_v3_2\formal_training\formal_traditional_ppo_seed43_3000ep\training_metrics.jsonl,2a45bb6fc7de500b944f1dc29a4fa7b36e1fea0b420728f35e79a7e3411f7e46,,,
seed,traditional_ppo,43.0,1548,0.2807722119614482,16,multimap_v3_1,paper_runs\multimap_v3_2\formal_training\formal_traditional_ppo_seed43_3000ep\training_metrics.jsonl,2a45bb6fc7de500b944f1dc29a4fa7b36e1fea0b420728f35e79a7e3411f7e46,,,
seed,traditional_ppo,43.0,1564,0.25726814568042755,16,multimap_v3_1,paper_runs\multimap_v3_2\formal_training\formal_traditional_ppo_seed43_3000ep\training_metrics.jsonl,2a45bb6fc7de500b944f1dc29a4fa7b36e1fea0b420728f35e79a7e3411f7e46,,,
seed,traditional_ppo,43.0,1580,0.2510084602981806,16,multimap_v3_1,paper_runs\multimap_v3_2\formal_training\formal_traditional_ppo_seed43_3000ep\training_metrics.jsonl,2a45bb6fc7de500b944f1dc29a4fa7b36e1fea0b420728f35e79a7e3411f7e46,,,
seed,traditional_ppo,43.0,1596,0.26696548657491803,16,multimap_v3_1,paper_runs\multimap_v3_2\formal_training\formal_traditional_ppo_seed43_3000ep\training_metrics.jsonl,2a45bb6fc7de500b944f1dc29a4fa7b36e1fea0b420728f35e79a7e3411f7e46,,,
seed,traditional_ppo,43.0,1612,0.32967383973300457,16,multimap_v3_1,paper_runs\multimap_v3_2\formal_training\formal_traditional_ppo_seed43_3000ep\training_metrics.jsonl,2a45bb6fc7de500b944f1dc29a4fa7b36e1fea0b420728f35e79a7e3411f7e46,,,
seed,traditional_ppo,43.0,1628,0.24454873614013195,16,multimap_v3_1,paper_runs\multimap_v3_2\formal_training\formal_traditional_ppo_seed43_3000ep\training_metrics.jsonl,2a45bb6fc7de500b944f1dc29a4fa7b36e1fea0b420728f35e79a7e3411f7e46,,,
seed,traditional_ppo,43.0,1644,0.22228122036904097,16,multimap_v3_1,paper_runs\multimap_v3_2\formal_training\formal_traditional_ppo_seed43_3000ep\training_metrics.jsonl,2a45bb6fc7de500b944f1dc29a4fa7b36e1fea0b420728f35e79a7e3411f7e46,,,
seed,traditional_ppo,43.0,1660,0.292280912399292,16,multimap_v3_1,paper_runs\multimap_v3_2\formal_training\formal_traditional_ppo_seed43_3000ep\training_metrics.jsonl,2a45bb6fc7de500b944f1dc29a4fa7b36e1fea0b420728f35e79a7e3411f7e46,,,
seed,traditional_ppo,43.0,1676,0.26782250218093395,16,multimap_v3_1,paper_runs\multimap_v3_2\formal_training\formal_traditional_ppo_seed43_3000ep\training_metrics.jsonl,2a45bb6fc7de500b944f1dc29a4fa7b36e1fea0b420728f35e79a7e3411f7e46,,,
seed,traditional_ppo,43.0,1692,0.18049861304461956,16,multimap_v3_1,paper_runs\multimap_v3_2\formal_training\formal_traditional_ppo_seed43_3000ep\training_metrics.jsonl,2a45bb6fc7de500b944f1dc29a4fa7b36e1fea0b420728f35e79a7e3411f7e46,,,
seed,traditional_ppo,43.0,1708,0.31769121158868074,16,multimap_v3_1,paper_runs\multimap_v3_2\formal_training\formal_traditional_ppo_seed43_3000ep\training_metrics.jsonl,2a45bb6fc7de500b944f1dc29a4fa7b36e1fea0b420728f35e79a7e3411f7e46,,,
seed,traditional_ppo,43.0,1724,0.2259728256613016,16,multimap_v3_1,paper_runs\multimap_v3_2\formal_training\formal_traditional_ppo_seed43_3000ep\training_metrics.jsonl,2a45bb6fc7de500b944f1dc29a4fa7b36e1fea0b420728f35e79a7e3411f7e46,,,
seed,traditional_ppo,43.0,1740,0.21594917122274637,16,multimap_v3_1,paper_runs\multimap_v3_2\formal_training\formal_traditional_ppo_seed43_3000ep\training_metrics.jsonl,2a45bb6fc7de500b944f1dc29a4fa7b36e1fea0b420728f35e79a7e3411f7e46,,,
seed,traditional_ppo,43.0,1756,0.32582103181630373,16,multimap_v3_1,paper_runs\multimap_v3_2\formal_training\formal_traditional_ppo_seed43_3000ep\training_metrics.jsonl,2a45bb6fc7de500b944f1dc29a4fa7b36e1fea0b420728f35e79a7e3411f7e46,,,
seed,traditional_ppo,43.0,1772,0.2509857704862952,16,multimap_v3_1,paper_runs\multimap_v3_2\formal_training\formal_traditional_ppo_seed43_3000ep\training_metrics.jsonl,2a45bb6fc7de500b944f1dc29a4fa7b36e1fea0b420728f35e79a7e3411f7e46,,,
seed,traditional_ppo,43.0,1788,0.22880135662853718,16,multimap_v3_1,paper_runs\multimap_v3_2\formal_training\formal_traditional_ppo_seed43_3000ep\training_metrics.jsonl,2a45bb6fc7de500b944f1dc29a4fa7b36e1fea0b420728f35e79a7e3411f7e46,,,
seed,traditional_ppo,43.0,1804,0.2980330027639866,16,multimap_v3_1,paper_runs\multimap_v3_2\formal_training\formal_traditional_ppo_seed43_3000ep\training_metrics.jsonl,2a45bb6fc7de500b944f1dc29a4fa7b36e1fea0b420728f35e79a7e3411f7e46,,,
seed,traditional_ppo,43.0,1820,0.26976119447499514,16,multimap_v3_1,paper_runs\multimap_v3_2\formal_training\formal_traditional_ppo_seed43_3000ep\training_metrics.jsonl,2a45bb6fc7de500b944f1dc29a4fa7b36e1fea0b420728f35e79a7e3411f7e46,,,
seed,traditional_ppo,43.0,1836,0.20764099434018135,16,multimap_v3_1,paper_runs\multimap_v3_2\formal_training\formal_traditional_ppo_seed43_3000ep\training_metrics.jsonl,2a45bb6fc7de500b944f1dc29a4fa7b36e1fea0b420728f35e79a7e3411f7e46,,,
seed,traditional_ppo,43.0,1852,0.2883312236517668,16,multimap_v3_1,paper_runs\multimap_v3_2\formal_training\formal_traditional_ppo_seed43_3000ep\training_metrics.jsonl,2a45bb6fc7de500b944f1dc29a4fa7b36e1fea0b420728f35e79a7e3411f7e46,,,
seed,traditional_ppo,43.0,1868,0.2558291992172599,16,multimap_v3_1,paper_runs\multimap_v3_2\formal_training\formal_traditional_ppo_seed43_3000ep\training_metrics.jsonl,2a45bb6fc7de500b944f1dc29a4fa7b36e1fea0b420728f35e79a7e3411f7e46,,,
seed,traditional_ppo,43.0,1884,0.26337907556444407,16,multimap_v3_1,paper_runs\multimap_v3_2\formal_training\formal_traditional_ppo_seed43_3000ep\training_metrics.jsonl,2a45bb6fc7de500b944f1dc29a4fa7b36e1fea0b420728f35e79a7e3411f7e46,,,
seed,traditional_ppo,43.0,1900,0.2709063673391938,16,multimap_v3_1,paper_runs\multimap_v3_2\formal_training\formal_traditional_ppo_seed43_3000ep\training_metrics.jsonl,2a45bb6fc7de500b944f1dc29a4fa7b36e1fea0b420728f35e79a7e3411f7e46,,,
seed,traditional_ppo,43.0,1916,0.2523339316248894,16,multimap_v3_1,paper_runs\multimap_v3_2\formal_training\formal_traditional_ppo_seed43_3000ep\training_metrics.jsonl,2a45bb6fc7de500b944f1dc29a4fa7b36e1fea0b420728f35e79a7e3411f7e46,,,
seed,traditional_ppo,43.0,1932,0.2161397421732545,16,multimap_v3_1,paper_runs\multimap_v3_2\formal_training\formal_traditional_ppo_seed43_3000ep\training_metrics.jsonl,2a45bb6fc7de500b944f1dc29a4fa7b36e1fea0b420728f35e79a7e3411f7e46,,,
seed,traditional_ppo,43.0,1948,0.27095114067196846,16,multimap_v3_1,paper_runs\multimap_v3_2\formal_training\formal_traditional_ppo_seed43_3000ep\training_metrics.jsonl,2a45bb6fc7de500b944f1dc29a4fa7b36e1fea0b420728f35e79a7e3411f7e46,,,
seed,traditional_ppo,43.0,1964,0.23843197897076607,16,multimap_v3_1,paper_runs\multimap_v3_2\formal_training\formal_traditional_ppo_seed43_3000ep\training_metrics.jsonl,2a45bb6fc7de500b944f1dc29a4fa7b36e1fea0b420728f35e79a7e3411f7e46,,,
seed,traditional_ppo,43.0,1980,0.1816859943792224,16,multimap_v3_1,paper_runs\multimap_v3_2\formal_training\formal_traditional_ppo_seed43_3000ep\training_metrics.jsonl,2a45bb6fc7de500b944f1dc29a4fa7b36e1fea0b420728f35e79a7e3411f7e46,,,
seed,traditional_ppo,43.0,1996,0.273015970364213,16,multimap_v3_1,paper_runs\multimap_v3_2\formal_training\formal_traditional_ppo_seed43_3000ep\training_metrics.jsonl,2a45bb6fc7de500b944f1dc29a4fa7b36e1fea0b420728f35e79a7e3411f7e46,,,
seed,traditional_ppo,43.0,2000,0.27738864347338676,16,multimap_v3_1,paper_runs\multimap_v3_2\formal_training\formal_traditional_ppo_seed43_3000ep\training_metrics.jsonl,2a45bb6fc7de500b944f1dc29a4fa7b36e1fea0b420728f35e79a7e3411f7e46,,,
seed,traditional_ppo,43.0,2016,0.2097554267384112,16,multimap_v3_1,paper_runs\multimap_v3_2\formal_training\formal_traditional_ppo_seed43_3000ep\training_metrics.jsonl,2a45bb6fc7de500b944f1dc29a4fa7b36e1fea0b420728f35e79a7e3411f7e46,,,
seed,traditional_ppo,43.0,2032,0.29450806276872754,16,multimap_v3_1,paper_runs\multimap_v3_2\formal_training\formal_traditional_ppo_seed43_3000ep\training_metrics.jsonl,2a45bb6fc7de500b944f1dc29a4fa7b36e1fea0b420728f35e79a7e3411f7e46,,,
seed,traditional_ppo,43.0,2048,0.2553690862841904,16,multimap_v3_1,paper_runs\multimap_v3_2\formal_training\formal_traditional_ppo_seed43_3000ep\training_metrics.jsonl,2a45bb6fc7de500b944f1dc29a4fa7b36e1fea0b420728f35e79a7e3411f7e46,,,
seed,traditional_ppo,43.0,2064,0.23777432413771749,16,multimap_v3_1,paper_runs\multimap_v3_2\formal_training\formal_traditional_ppo_seed43_3000ep\training_metrics.jsonl,2a45bb6fc7de500b944f1dc29a4fa7b36e1fea0b420728f35e79a7e3411f7e46,,,
seed,traditional_ppo,43.0,2080,0.2785800276324153,16,multimap_v3_1,paper_runs\multimap_v3_2\formal_training\formal_traditional_ppo_seed43_3000ep\training_metrics.jsonl,2a45bb6fc7de500b944f1dc29a4fa7b36e1fea0b420728f35e79a7e3411f7e46,,,
seed,traditional_ppo,43.0,2096,0.28196058608591557,16,multimap_v3_1,paper_runs\multimap_v3_2\formal_training\formal_traditional_ppo_seed43_3000ep\training_metrics.jsonl,2a45bb6fc7de500b944f1dc29a4fa7b36e1fea0b420728f35e79a7e3411f7e46,,,
seed,traditional_ppo,43.0,2112,0.2577693914063275,16,multimap_v3_1,paper_runs\multimap_v3_2\formal_training\formal_traditional_ppo_seed43_3000ep\training_metrics.jsonl,2a45bb6fc7de500b944f1dc29a4fa7b36e1fea0b420728f35e79a7e3411f7e46,,,
seed,traditional_ppo,43.0,2128,0.2537928116507828,16,multimap_v3_1,paper_runs\multimap_v3_2\formal_training\formal_traditional_ppo_seed43_3000ep\training_metrics.jsonl,2a45bb6fc7de500b944f1dc29a4fa7b36e1fea0b420728f35e79a7e3411f7e46,,,
seed,traditional_ppo,43.0,2144,0.2445636847987771,16,multimap_v3_1,paper_runs\multimap_v3_2\formal_training\formal_traditional_ppo_seed43_3000ep\training_metrics.jsonl,2a45bb6fc7de500b944f1dc29a4fa7b36e1fea0b420728f35e79a7e3411f7e46,,,
seed,traditional_ppo,43.0,2160,0.19803795777261257,16,multimap_v3_1,paper_runs\multimap_v3_2\formal_training\formal_traditional_ppo_seed43_3000ep\training_metrics.jsonl,2a45bb6fc7de500b944f1dc29a4fa7b36e1fea0b420728f35e79a7e3411f7e46,,,
seed,traditional_ppo,43.0,2176,0.26732697151601315,16,multimap_v3_1,paper_runs\multimap_v3_2\formal_training\formal_traditional_ppo_seed43_3000ep\training_metrics.jsonl,2a45bb6fc7de500b944f1dc29a4fa7b36e1fea0b420728f35e79a7e3411f7e46,,,
seed,traditional_ppo,43.0,2192,0.25084239430725574,16,multimap_v3_1,paper_runs\multimap_v3_2\formal_training\formal_traditional_ppo_seed43_3000ep\training_metrics.jsonl,2a45bb6fc7de500b944f1dc29a4fa7b36e1fea0b420728f35e79a7e3411f7e46,,,
seed,traditional_ppo,43.0,2208,0.22884176671504974,16,multimap_v3_1,paper_runs\multimap_v3_2\formal_training\formal_traditional_ppo_seed43_3000ep\training_metrics.jsonl,2a45bb6fc7de500b944f1dc29a4fa7b36e1fea0b420728f35e79a7e3411f7e46,,,
seed,traditional_ppo,43.0,2224,0.3097810037434101,16,multimap_v3_1,paper_runs\multimap_v3_2\formal_training\formal_traditional_ppo_seed43_3000ep\training_metrics.jsonl,2a45bb6fc7de500b944f1dc29a4fa7b36e1fea0b420728f35e79a7e3411f7e46,,,
seed,traditional_ppo,43.0,2240,0.2711601806804538,16,multimap_v3_1,paper_runs\multimap_v3_2\formal_training\formal_traditional_ppo_seed43_3000ep\training_metrics.jsonl,2a45bb6fc7de500b944f1dc29a4fa7b36e1fea0b420728f35e79a7e3411f7e46,,,
seed,traditional_ppo,43.0,2256,0.2533875578083098,16,multimap_v3_1,paper_runs\multimap_v3_2\formal_training\formal_traditional_ppo_seed43_3000ep\training_metrics.jsonl,2a45bb6fc7de500b944f1dc29a4fa7b36e1fea0b420728f35e79a7e3411f7e46,,,
seed,traditional_ppo,43.0,2272,0.26133884815499187,16,multimap_v3_1,paper_runs\multimap_v3_2\formal_training\formal_traditional_ppo_seed43_3000ep\training_metrics.jsonl,2a45bb6fc7de500b944f1dc29a4fa7b36e1fea0b420728f35e79a7e3411f7e46,,,
seed,traditional_ppo,43.0,2288,0.29634949658066034,16,multimap_v3_1,paper_runs\multimap_v3_2\formal_training\formal_traditional_ppo_seed43_3000ep\training_metrics.jsonl,2a45bb6fc7de500b944f1dc29a4fa7b36e1fea0b420728f35e79a7e3411f7e46,,,
seed,traditional_ppo,43.0,2304,0.22997399792075157,16,multimap_v3_1,paper_runs\multimap_v3_2\formal_training\formal_traditional_ppo_seed43_3000ep\training_metrics.jsonl,2a45bb6fc7de500b944f1dc29a4fa7b36e1fea0b420728f35e79a7e3411f7e46,,,
seed,traditional_ppo,43.0,2320,0.3525868831202388,16,multimap_v3_1,paper_runs\multimap_v3_2\formal_training\formal_traditional_ppo_seed43_3000ep\training_metrics.jsonl,2a45bb6fc7de500b944f1dc29a4fa7b36e1fea0b420728f35e79a7e3411f7e46,,,
seed,traditional_ppo,43.0,2336,0.2570297406055033,16,multimap_v3_1,paper_runs\multimap_v3_2\formal_training\formal_traditional_ppo_seed43_3000ep\training_metrics.jsonl,2a45bb6fc7de500b944f1dc29a4fa7b36e1fea0b420728f35e79a7e3411f7e46,,,
seed,traditional_ppo,43.0,2352,0.24162832275032997,16,multimap_v3_1,paper_runs\multimap_v3_2\formal_training\formal_traditional_ppo_seed43_3000ep\training_metrics.jsonl,2a45bb6fc7de500b944f1dc29a4fa7b36e1fea0b420728f35e79a7e3411f7e46,,,
seed,traditional_ppo,43.0,2368,0.28661952586844563,16,multimap_v3_1,paper_runs\multimap_v3_2\formal_training\formal_traditional_ppo_seed43_3000ep\training_metrics.jsonl,2a45bb6fc7de500b944f1dc29a4fa7b36e1fea0b420728f35e79a7e3411f7e46,,,
seed,traditional_ppo,43.0,2384,0.27895559649914503,16,multimap_v3_1,paper_runs\multimap_v3_2\formal_training\formal_traditional_ppo_seed43_3000ep\training_metrics.jsonl,2a45bb6fc7de500b944f1dc29a4fa7b36e1fea0b420728f35e79a7e3411f7e46,,,
seed,traditional_ppo,43.0,2400,0.2544821798801422,16,multimap_v3_1,paper_runs\multimap_v3_2\formal_training\formal_traditional_ppo_seed43_3000ep\training_metrics.jsonl,2a45bb6fc7de500b944f1dc29a4fa7b36e1fea0b420728f35e79a7e3411f7e46,,,
seed,traditional_ppo,43.0,2416,0.31184956431388855,16,multimap_v3_1,paper_runs\multimap_v3_2\formal_training\formal_traditional_ppo_seed43_3000ep\training_metrics.jsonl,2a45bb6fc7de500b944f1dc29a4fa7b36e1fea0b420728f35e79a7e3411f7e46,,,
seed,traditional_ppo,43.0,2432,0.25861129723489285,16,multimap_v3_1,paper_runs\multimap_v3_2\formal_training\formal_traditional_ppo_seed43_3000ep\training_metrics.jsonl,2a45bb6fc7de500b944f1dc29a4fa7b36e1fea0b420728f35e79a7e3411f7e46,,,
seed,traditional_ppo,43.0,2448,0.20218652533367276,16,multimap_v3_1,paper_runs\multimap_v3_2\formal_training\formal_traditional_ppo_seed43_3000ep\training_metrics.jsonl,2a45bb6fc7de500b944f1dc29a4fa7b36e1fea0b420728f35e79a7e3411f7e46,,,
seed,traditional_ppo,43.0,2464,0.2944987523369491,16,multimap_v3_1,paper_runs\multimap_v3_2\formal_training\formal_traditional_ppo_seed43_3000ep\training_metrics.jsonl,2a45bb6fc7de500b944f1dc29a4fa7b36e1fea0b420728f35e79a7e3411f7e46,,,
seed,traditional_ppo,43.0,2480,0.2216021465137601,16,multimap_v3_1,paper_runs\multimap_v3_2\formal_training\formal_traditional_ppo_seed43_3000ep\training_metrics.jsonl,2a45bb6fc7de500b944f1dc29a4fa7b36e1fea0b420728f35e79a7e3411f7e46,,,
seed,traditional_ppo,43.0,2496,0.2198995971120894,16,multimap_v3_1,paper_runs\multimap_v3_2\formal_training\formal_traditional_ppo_seed43_3000ep\training_metrics.jsonl,2a45bb6fc7de500b944f1dc29a4fa7b36e1fea0b420728f35e79a7e3411f7e46,,,
seed,traditional_ppo,43.0,2500,0.3006760850548744,16,multimap_v3_1,paper_runs\multimap_v3_2\formal_training\formal_traditional_ppo_seed43_3000ep\training_metrics.jsonl,2a45bb6fc7de500b944f1dc29a4fa7b36e1fea0b420728f35e79a7e3411f7e46,,,
seed,traditional_ppo,43.0,2516,0.2465728335082531,16,multimap_v3_1,paper_runs\multimap_v3_2\formal_training\formal_traditional_ppo_seed43_3000ep\training_metrics.jsonl,2a45bb6fc7de500b944f1dc29a4fa7b36e1fea0b420728f35e79a7e3411f7e46,,,
seed,traditional_ppo,43.0,2532,0.22125584073364735,16,multimap_v3_1,paper_runs\multimap_v3_2\formal_training\formal_traditional_ppo_seed43_3000ep\training_metrics.jsonl,2a45bb6fc7de500b944f1dc29a4fa7b36e1fea0b420728f35e79a7e3411f7e46,,,
seed,traditional_ppo,43.0,2548,0.3315986627712846,16,multimap_v3_1,paper_runs\multimap_v3_2\formal_training\formal_traditional_ppo_seed43_3000ep\training_metrics.jsonl,2a45bb6fc7de500b944f1dc29a4fa7b36e1fea0b420728f35e79a7e3411f7e46,,,
seed,traditional_ppo,43.0,2564,0.27720294101163745,16,multimap_v3_1,paper_runs\multimap_v3_2\formal_training\formal_traditional_ppo_seed43_3000ep\training_metrics.jsonl,2a45bb6fc7de500b944f1dc29a4fa7b36e1fea0b420728f35e79a7e3411f7e46,,,
seed,traditional_ppo,43.0,2580,0.24414362479001284,16,multimap_v3_1,paper_runs\multimap_v3_2\formal_training\formal_traditional_ppo_seed43_3000ep\training_metrics.jsonl,2a45bb6fc7de500b944f1dc29a4fa7b36e1fea0b420728f35e79a7e3411f7e46,,,
seed,traditional_ppo,43.0,2596,0.29227383248507977,16,multimap_v3_1,paper_runs\multimap_v3_2\formal_training\formal_traditional_ppo_seed43_3000ep\training_metrics.jsonl,2a45bb6fc7de500b944f1dc29a4fa7b36e1fea0b420728f35e79a7e3411f7e46,,,
seed,traditional_ppo,43.0,2612,0.23665255308151245,16,multimap_v3_1,paper_runs\multimap_v3_2\formal_training\formal_traditional_ppo_seed43_3000ep\training_metrics.jsonl,2a45bb6fc7de500b944f1dc29a4fa7b36e1fea0b420728f35e79a7e3411f7e46,,,
seed,traditional_ppo,43.0,2628,0.20453947130590677,16,multimap_v3_1,paper_runs\multimap_v3_2\formal_training\formal_traditional_ppo_seed43_3000ep\training_metrics.jsonl,2a45bb6fc7de500b944f1dc29a4fa7b36e1fea0b420728f35e79a7e3411f7e46,,,
seed,traditional_ppo,43.0,2644,0.300712201744318,16,multimap_v3_1,paper_runs\multimap_v3_2\formal_training\formal_traditional_ppo_seed43_3000ep\training_metrics.jsonl,2a45bb6fc7de500b944f1dc29a4fa7b36e1fea0b420728f35e79a7e3411f7e46,,,
seed,traditional_ppo,43.0,2660,0.28686036076396704,16,multimap_v3_1,paper_runs\multimap_v3_2\formal_training\formal_traditional_ppo_seed43_3000ep\training_metrics.jsonl,2a45bb6fc7de500b944f1dc29a4fa7b36e1fea0b420728f35e79a7e3411f7e46,,,
seed,traditional_ppo,43.0,2676,0.2213769005611539,16,multimap_v3_1,paper_runs\multimap_v3_2\formal_training\formal_traditional_ppo_seed43_3000ep\training_metrics.jsonl,2a45bb6fc7de500b944f1dc29a4fa7b36e1fea0b420728f35e79a7e3411f7e46,,,
seed,traditional_ppo,43.0,2692,0.3003056733869016,16,multimap_v3_1,paper_runs\multimap_v3_2\formal_training\formal_traditional_ppo_seed43_3000ep\training_metrics.jsonl,2a45bb6fc7de500b944f1dc29a4fa7b36e1fea0b420728f35e79a7e3411f7e46,,,
seed,traditional_ppo,43.0,2708,0.2837346764281392,16,multimap_v3_1,paper_runs\multimap_v3_2\formal_training\formal_traditional_ppo_seed43_3000ep\training_metrics.jsonl,2a45bb6fc7de500b944f1dc29a4fa7b36e1fea0b420728f35e79a7e3411f7e46,,,
seed,traditional_ppo,43.0,2724,0.25794042460620403,16,multimap_v3_1,paper_runs\multimap_v3_2\formal_training\formal_traditional_ppo_seed43_3000ep\training_metrics.jsonl,2a45bb6fc7de500b944f1dc29a4fa7b36e1fea0b420728f35e79a7e3411f7e46,,,
seed,traditional_ppo,43.0,2740,0.2784706982783973,16,multimap_v3_1,paper_runs\multimap_v3_2\formal_training\formal_traditional_ppo_seed43_3000ep\training_metrics.jsonl,2a45bb6fc7de500b944f1dc29a4fa7b36e1fea0b420728f35e79a7e3411f7e46,,,
seed,traditional_ppo,43.0,2756,0.2915106890723109,16,multimap_v3_1,paper_runs\multimap_v3_2\formal_training\formal_traditional_ppo_seed43_3000ep\training_metrics.jsonl,2a45bb6fc7de500b944f1dc29a4fa7b36e1fea0b420728f35e79a7e3411f7e46,,,
seed,traditional_ppo,43.0,2772,0.21349154273048043,16,multimap_v3_1,paper_runs\multimap_v3_2\formal_training\formal_traditional_ppo_seed43_3000ep\training_metrics.jsonl,2a45bb6fc7de500b944f1dc29a4fa7b36e1fea0b420728f35e79a7e3411f7e46,,,
seed,traditional_ppo,43.0,2788,0.3063797801733017,16,multimap_v3_1,paper_runs\multimap_v3_2\formal_training\formal_traditional_ppo_seed43_3000ep\training_metrics.jsonl,2a45bb6fc7de500b944f1dc29a4fa7b36e1fea0b420728f35e79a7e3411f7e46,,,
seed,traditional_ppo,43.0,2804,0.2975328080356121,16,multimap_v3_1,paper_runs\multimap_v3_2\formal_training\formal_traditional_ppo_seed43_3000ep\training_metrics.jsonl,2a45bb6fc7de500b944f1dc29a4fa7b36e1fea0b420728f35e79a7e3411f7e46,,,
seed,traditional_ppo,43.0,2820,0.2544174767099321,16,multimap_v3_1,paper_runs\multimap_v3_2\formal_training\formal_traditional_ppo_seed43_3000ep\training_metrics.jsonl,2a45bb6fc7de500b944f1dc29a4fa7b36e1fea0b420728f35e79a7e3411f7e46,,,
seed,traditional_ppo,43.0,2836,0.30219049425795674,16,multimap_v3_1,paper_runs\multimap_v3_2\formal_training\formal_traditional_ppo_seed43_3000ep\training_metrics.jsonl,2a45bb6fc7de500b944f1dc29a4fa7b36e1fea0b420728f35e79a7e3411f7e46,,,
seed,traditional_ppo,43.0,2852,0.2445925073698163,16,multimap_v3_1,paper_runs\multimap_v3_2\formal_training\formal_traditional_ppo_seed43_3000ep\training_metrics.jsonl,2a45bb6fc7de500b944f1dc29a4fa7b36e1fea0b420728f35e79a7e3411f7e46,,,
seed,traditional_ppo,43.0,2868,0.25437697768211365,16,multimap_v3_1,paper_runs\multimap_v3_2\formal_training\formal_traditional_ppo_seed43_3000ep\training_metrics.jsonl,2a45bb6fc7de500b944f1dc29a4fa7b36e1fea0b420728f35e79a7e3411f7e46,,,
seed,traditional_ppo,43.0,2884,0.31186572927981615,16,multimap_v3_1,paper_runs\multimap_v3_2\formal_training\formal_traditional_ppo_seed43_3000ep\training_metrics.jsonl,2a45bb6fc7de500b944f1dc29a4fa7b36e1fea0b420728f35e79a7e3411f7e46,,,
seed,traditional_ppo,43.0,2900,0.2448150529526174,16,multimap_v3_1,paper_runs\multimap_v3_2\formal_training\formal_traditional_ppo_seed43_3000ep\training_metrics.jsonl,2a45bb6fc7de500b944f1dc29a4fa7b36e1fea0b420728f35e79a7e3411f7e46,,,
seed,traditional_ppo,43.0,2916,0.24559548031538725,16,multimap_v3_1,paper_runs\multimap_v3_2\formal_training\formal_traditional_ppo_seed43_3000ep\training_metrics.jsonl,2a45bb6fc7de500b944f1dc29a4fa7b36e1fea0b420728f35e79a7e3411f7e46,,,
seed,traditional_ppo,43.0,2932,0.3042517211288214,16,multimap_v3_1,paper_runs\multimap_v3_2\formal_training\formal_traditional_ppo_seed43_3000ep\training_metrics.jsonl,2a45bb6fc7de500b944f1dc29a4fa7b36e1fea0b420728f35e79a7e3411f7e46,,,
seed,traditional_ppo,43.0,2948,0.2524149948731065,16,multimap_v3_1,paper_runs\multimap_v3_2\formal_training\formal_traditional_ppo_seed43_3000ep\training_metrics.jsonl,2a45bb6fc7de500b944f1dc29a4fa7b36e1fea0b420728f35e79a7e3411f7e46,,,
seed,traditional_ppo,43.0,2964,0.21612637769430876,16,multimap_v3_1,paper_runs\multimap_v3_2\formal_training\formal_traditional_ppo_seed43_3000ep\training_metrics.jsonl,2a45bb6fc7de500b944f1dc29a4fa7b36e1fea0b420728f35e79a7e3411f7e46,,,
seed,traditional_ppo,43.0,2980,0.2647108742967248,16,multimap_v3_1,paper_runs\multimap_v3_2\formal_training\formal_traditional_ppo_seed43_3000ep\training_metrics.jsonl,2a45bb6fc7de500b944f1dc29a4fa7b36e1fea0b420728f35e79a7e3411f7e46,,,
seed,traditional_ppo,43.0,2996,0.2960450118407607,16,multimap_v3_1,paper_runs\multimap_v3_2\formal_training\formal_traditional_ppo_seed43_3000ep\training_metrics.jsonl,2a45bb6fc7de500b944f1dc29a4fa7b36e1fea0b420728f35e79a7e3411f7e46,,,
seed,traditional_ppo,43.0,3000,0.19097035750746727,16,multimap_v3_1,paper_runs\multimap_v3_2\formal_training\formal_traditional_ppo_seed43_3000ep\training_metrics.jsonl,2a45bb6fc7de500b944f1dc29a4fa7b36e1fea0b420728f35e79a7e3411f7e46,,,
seed,traditional_ppo,44.0,16,0.2654333650134504,16,multimap_v3_1,paper_runs\multimap_v3_2\formal_training\formal_traditional_ppo_seed44_3000ep\training_metrics.jsonl,3fd6f7db2c9311f4a060df0ba77ef8648ff91ad70fcbef0e929fc7ffe4e1c276,,,
seed,traditional_ppo,44.0,32,0.1733470915351063,16,multimap_v3_1,paper_runs\multimap_v3_2\formal_training\formal_traditional_ppo_seed44_3000ep\training_metrics.jsonl,3fd6f7db2c9311f4a060df0ba77ef8648ff91ad70fcbef0e929fc7ffe4e1c276,,,
seed,traditional_ppo,44.0,48,0.17029749625362456,16,multimap_v3_1,paper_runs\multimap_v3_2\formal_training\formal_traditional_ppo_seed44_3000ep\training_metrics.jsonl,3fd6f7db2c9311f4a060df0ba77ef8648ff91ad70fcbef0e929fc7ffe4e1c276,,,
seed,traditional_ppo,44.0,64,0.3019081666134298,16,multimap_v3_1,paper_runs\multimap_v3_2\formal_training\formal_traditional_ppo_seed44_3000ep\training_metrics.jsonl,3fd6f7db2c9311f4a060df0ba77ef8648ff91ad70fcbef0e929fc7ffe4e1c276,,,
seed,traditional_ppo,44.0,80,0.21354834083467722,16,multimap_v3_1,paper_runs\multimap_v3_2\formal_training\formal_traditional_ppo_seed44_3000ep\training_metrics.jsonl,3fd6f7db2c9311f4a060df0ba77ef8648ff91ad70fcbef0e929fc7ffe4e1c276,,,
seed,traditional_ppo,44.0,96,0.1857885766075924,16,multimap_v3_1,paper_runs\multimap_v3_2\formal_training\formal_traditional_ppo_seed44_3000ep\training_metrics.jsonl,3fd6f7db2c9311f4a060df0ba77ef8648ff91ad70fcbef0e929fc7ffe4e1c276,,,
seed,traditional_ppo,44.0,112,0.15519780793692917,16,multimap_v3_1,paper_runs\multimap_v3_2\formal_training\formal_traditional_ppo_seed44_3000ep\training_metrics.jsonl,3fd6f7db2c9311f4a060df0ba77ef8648ff91ad70fcbef0e929fc7ffe4e1c276,,,
seed,traditional_ppo,44.0,128,0.19192418991588056,16,multimap_v3_1,paper_runs\multimap_v3_2\formal_training\formal_traditional_ppo_seed44_3000ep\training_metrics.jsonl,3fd6f7db2c9311f4a060df0ba77ef8648ff91ad70fcbef0e929fc7ffe4e1c276,,,
seed,traditional_ppo,44.0,144,0.21352091198787093,16,multimap_v3_1,paper_runs\multimap_v3_2\formal_training\formal_traditional_ppo_seed44_3000ep\training_metrics.jsonl,3fd6f7db2c9311f4a060df0ba77ef8648ff91ad70fcbef0e929fc7ffe4e1c276,,,
seed,traditional_ppo,44.0,160,0.2829928556457162,16,multimap_v3_1,paper_runs\multimap_v3_2\formal_training\formal_traditional_ppo_seed44_3000ep\training_metrics.jsonl,3fd6f7db2c9311f4a060df0ba77ef8648ff91ad70fcbef0e929fc7ffe4e1c276,,,
seed,traditional_ppo,44.0,176,0.1921222759410739,16,multimap_v3_1,paper_runs\multimap_v3_2\formal_training\formal_traditional_ppo_seed44_3000ep\training_metrics.jsonl,3fd6f7db2c9311f4a060df0ba77ef8648ff91ad70fcbef0e929fc7ffe4e1c276,,,
seed,traditional_ppo,44.0,192,0.1895976159721613,16,multimap_v3_1,paper_runs\multimap_v3_2\formal_training\formal_traditional_ppo_seed44_3000ep\training_metrics.jsonl,3fd6f7db2c9311f4a060df0ba77ef8648ff91ad70fcbef0e929fc7ffe4e1c276,,,
seed,traditional_ppo,44.0,208,0.21086684428155422,16,multimap_v3_1,paper_runs\multimap_v3_2\formal_training\formal_traditional_ppo_seed44_3000ep\training_metrics.jsonl,3fd6f7db2c9311f4a060df0ba77ef8648ff91ad70fcbef0e929fc7ffe4e1c276,,,
seed,traditional_ppo,44.0,224,0.2274844110943377,16,multimap_v3_1,paper_runs\multimap_v3_2\formal_training\formal_traditional_ppo_seed44_3000ep\training_metrics.jsonl,3fd6f7db2c9311f4a060df0ba77ef8648ff91ad70fcbef0e929fc7ffe4e1c276,,,
seed,traditional_ppo,44.0,240,0.19820556929334998,16,multimap_v3_1,paper_runs\multimap_v3_2\formal_training\formal_traditional_ppo_seed44_3000ep\training_metrics.jsonl,3fd6f7db2c9311f4a060df0ba77ef8648ff91ad70fcbef0e929fc7ffe4e1c276,,,
seed,traditional_ppo,44.0,250,0.2639133095741272,16,multimap_v3_1,paper_runs\multimap_v3_2\formal_training\formal_traditional_ppo_seed44_3000ep\training_metrics.jsonl,3fd6f7db2c9311f4a060df0ba77ef8648ff91ad70fcbef0e929fc7ffe4e1c276,,,
seed,traditional_ppo,44.0,266,0.20145680848509073,16,multimap_v3_1,paper_runs\multimap_v3_2\formal_training\formal_traditional_ppo_seed44_3000ep\training_metrics.jsonl,3fd6f7db2c9311f4a060df0ba77ef8648ff91ad70fcbef0e929fc7ffe4e1c276,,,
seed,traditional_ppo,44.0,282,0.20982027798891068,16,multimap_v3_1,paper_runs\multimap_v3_2\formal_training\formal_traditional_ppo_seed44_3000ep\training_metrics.jsonl,3fd6f7db2c9311f4a060df0ba77ef8648ff91ad70fcbef0e929fc7ffe4e1c276,,,
seed,traditional_ppo,44.0,298,0.3044337583705783,16,multimap_v3_1,paper_runs\multimap_v3_2\formal_training\formal_traditional_ppo_seed44_3000ep\training_metrics.jsonl,3fd6f7db2c9311f4a060df0ba77ef8648ff91ad70fcbef0e929fc7ffe4e1c276,,,
seed,traditional_ppo,44.0,314,0.24318315228447318,16,multimap_v3_1,paper_runs\multimap_v3_2\formal_training\formal_traditional_ppo_seed44_3000ep\training_metrics.jsonl,3fd6f7db2c9311f4a060df0ba77ef8648ff91ad70fcbef0e929fc7ffe4e1c276,,,
seed,traditional_ppo,44.0,330,0.17792762583121657,16,multimap_v3_1,paper_runs\multimap_v3_2\formal_training\formal_traditional_ppo_seed44_3000ep\training_metrics.jsonl,3fd6f7db2c9311f4a060df0ba77ef8648ff91ad70fcbef0e929fc7ffe4e1c276,,,
seed,traditional_ppo,44.0,346,0.2534842323511839,16,multimap_v3_1,paper_runs\multimap_v3_2\formal_training\formal_traditional_ppo_seed44_3000ep\training_metrics.jsonl,3fd6f7db2c9311f4a060df0ba77ef8648ff91ad70fcbef0e929fc7ffe4e1c276,,,
seed,traditional_ppo,44.0,362,0.24927948554977775,16,multimap_v3_1,paper_runs\multimap_v3_2\formal_training\formal_traditional_ppo_seed44_3000ep\training_metrics.jsonl,3fd6f7db2c9311f4a060df0ba77ef8648ff91ad70fcbef0e929fc7ffe4e1c276,,,
seed,traditional_ppo,44.0,378,0.2083724197000265,16,multimap_v3_1,paper_runs\multimap_v3_2\formal_training\formal_traditional_ppo_seed44_3000ep\training_metrics.jsonl,3fd6f7db2c9311f4a060df0ba77ef8648ff91ad70fcbef0e929fc7ffe4e1c276,,,
seed,traditional_ppo,44.0,394,0.22035027388483286,16,multimap_v3_1,paper_runs\multimap_v3_2\formal_training\formal_traditional_ppo_seed44_3000ep\training_metrics.jsonl,3fd6f7db2c9311f4a060df0ba77ef8648ff91ad70fcbef0e929fc7ffe4e1c276,,,
seed,traditional_ppo,44.0,410,0.2933680359274149,16,multimap_v3_1,paper_runs\multimap_v3_2\formal_training\formal_traditional_ppo_seed44_3000ep\training_metrics.jsonl,3fd6f7db2c9311f4a060df0ba77ef8648ff91ad70fcbef0e929fc7ffe4e1c276,,,
seed,traditional_ppo,44.0,426,0.2160554206930101,16,multimap_v3_1,paper_runs\multimap_v3_2\formal_training\formal_traditional_ppo_seed44_3000ep\training_metrics.jsonl,3fd6f7db2c9311f4a060df0ba77ef8648ff91ad70fcbef0e929fc7ffe4e1c276,,,
seed,traditional_ppo,44.0,442,0.26151283737272024,16,multimap_v3_1,paper_runs\multimap_v3_2\formal_training\formal_traditional_ppo_seed44_3000ep\training_metrics.jsonl,3fd6f7db2c9311f4a060df0ba77ef8648ff91ad70fcbef0e929fc7ffe4e1c276,,,
seed,traditional_ppo,44.0,458,0.25713917426764965,16,multimap_v3_1,paper_runs\multimap_v3_2\formal_training\formal_traditional_ppo_seed44_3000ep\training_metrics.jsonl,3fd6f7db2c9311f4a060df0ba77ef8648ff91ad70fcbef0e929fc7ffe4e1c276,,,
seed,traditional_ppo,44.0,474,0.19824586436152458,16,multimap_v3_1,paper_runs\multimap_v3_2\formal_training\formal_traditional_ppo_seed44_3000ep\training_metrics.jsonl,3fd6f7db2c9311f4a060df0ba77ef8648ff91ad70fcbef0e929fc7ffe4e1c276,,,
seed,traditional_ppo,44.0,490,0.2889114236459136,16,multimap_v3_1,paper_runs\multimap_v3_2\formal_training\formal_traditional_ppo_seed44_3000ep\training_metrics.jsonl,3fd6f7db2c9311f4a060df0ba77ef8648ff91ad70fcbef0e929fc7ffe4e1c276,,,
seed,traditional_ppo,44.0,500,0.22890713512897493,16,multimap_v3_1,paper_runs\multimap_v3_2\formal_training\formal_traditional_ppo_seed44_3000ep\training_metrics.jsonl,3fd6f7db2c9311f4a060df0ba77ef8648ff91ad70fcbef0e929fc7ffe4e1c276,,,
seed,traditional_ppo,44.0,516,0.22103679203428328,16,multimap_v3_1,paper_runs\multimap_v3_2\formal_training\formal_traditional_ppo_seed44_3000ep\training_metrics.jsonl,3fd6f7db2c9311f4a060df0ba77ef8648ff91ad70fcbef0e929fc7ffe4e1c276,,,
seed,traditional_ppo,44.0,532,0.24179753754287958,16,multimap_v3_1,paper_runs\multimap_v3_2\formal_training\formal_traditional_ppo_seed44_3000ep\training_metrics.jsonl,3fd6f7db2c9311f4a060df0ba77ef8648ff91ad70fcbef0e929fc7ffe4e1c276,,,
seed,traditional_ppo,44.0,548,0.2555185351520777,16,multimap_v3_1,paper_runs\multimap_v3_2\formal_training\formal_traditional_ppo_seed44_3000ep\training_metrics.jsonl,3fd6f7db2c9311f4a060df0ba77ef8648ff91ad70fcbef0e929fc7ffe4e1c276,,,
seed,traditional_ppo,44.0,564,0.20226850546896458,16,multimap_v3_1,paper_runs\multimap_v3_2\formal_training\formal_traditional_ppo_seed44_3000ep\training_metrics.jsonl,3fd6f7db2c9311f4a060df0ba77ef8648ff91ad70fcbef0e929fc7ffe4e1c276,,,
seed,traditional_ppo,44.0,580,0.25926611945033073,16,multimap_v3_1,paper_runs\multimap_v3_2\formal_training\formal_traditional_ppo_seed44_3000ep\training_metrics.jsonl,3fd6f7db2c9311f4a060df0ba77ef8648ff91ad70fcbef0e929fc7ffe4e1c276,,,
seed,traditional_ppo,44.0,596,0.27433886658400297,16,multimap_v3_1,paper_runs\multimap_v3_2\formal_training\formal_traditional_ppo_seed44_3000ep\training_metrics.jsonl,3fd6f7db2c9311f4a060df0ba77ef8648ff91ad70fcbef0e929fc7ffe4e1c276,,,
seed,traditional_ppo,44.0,612,0.25185123831033707,16,multimap_v3_1,paper_runs\multimap_v3_2\formal_training\formal_traditional_ppo_seed44_3000ep\training_metrics.jsonl,3fd6f7db2c9311f4a060df0ba77ef8648ff91ad70fcbef0e929fc7ffe4e1c276,,,
seed,traditional_ppo,44.0,628,0.2513720393180847,16,multimap_v3_1,paper_runs\multimap_v3_2\formal_training\formal_traditional_ppo_seed44_3000ep\training_metrics.jsonl,3fd6f7db2c9311f4a060df0ba77ef8648ff91ad70fcbef0e929fc7ffe4e1c276,,,
seed,traditional_ppo,44.0,644,0.2511030277237296,16,multimap_v3_1,paper_runs\multimap_v3_2\formal_training\formal_traditional_ppo_seed44_3000ep\training_metrics.jsonl,3fd6f7db2c9311f4a060df0ba77ef8648ff91ad70fcbef0e929fc7ffe4e1c276,,,
seed,traditional_ppo,44.0,660,0.21080567291937768,16,multimap_v3_1,paper_runs\multimap_v3_2\formal_training\formal_traditional_ppo_seed44_3000ep\training_metrics.jsonl,3fd6f7db2c9311f4a060df0ba77ef8648ff91ad70fcbef0e929fc7ffe4e1c276,,,
seed,traditional_ppo,44.0,676,0.28076651645824313,16,multimap_v3_1,paper_runs\multimap_v3_2\formal_training\formal_traditional_ppo_seed44_3000ep\training_metrics.jsonl,3fd6f7db2c9311f4a060df0ba77ef8648ff91ad70fcbef0e929fc7ffe4e1c276,,,
seed,traditional_ppo,44.0,692,0.22609311901032925,16,multimap_v3_1,paper_runs\multimap_v3_2\formal_training\formal_traditional_ppo_seed44_3000ep\training_metrics.jsonl,3fd6f7db2c9311f4a060df0ba77ef8648ff91ad70fcbef0e929fc7ffe4e1c276,,,
seed,traditional_ppo,44.0,708,0.21360047440975904,16,multimap_v3_1,paper_runs\multimap_v3_2\formal_training\formal_traditional_ppo_seed44_3000ep\training_metrics.jsonl,3fd6f7db2c9311f4a060df0ba77ef8648ff91ad70fcbef0e929fc7ffe4e1c276,,,
seed,traditional_ppo,44.0,724,0.2594444118440151,16,multimap_v3_1,paper_runs\multimap_v3_2\formal_training\formal_traditional_ppo_seed44_3000ep\training_metrics.jsonl,3fd6f7db2c9311f4a060df0ba77ef8648ff91ad70fcbef0e929fc7ffe4e1c276,,,
seed,traditional_ppo,44.0,740,0.24575030198320746,16,multimap_v3_1,paper_runs\multimap_v3_2\formal_training\formal_traditional_ppo_seed44_3000ep\training_metrics.jsonl,3fd6f7db2c9311f4a060df0ba77ef8648ff91ad70fcbef0e929fc7ffe4e1c276,,,
seed,traditional_ppo,44.0,756,0.21104016830213368,16,multimap_v3_1,paper_runs\multimap_v3_2\formal_training\formal_traditional_ppo_seed44_3000ep\training_metrics.jsonl,3fd6f7db2c9311f4a060df0ba77ef8648ff91ad70fcbef0e929fc7ffe4e1c276,,,
seed,traditional_ppo,44.0,772,0.30377674847841263,16,multimap_v3_1,paper_runs\multimap_v3_2\formal_training\formal_traditional_ppo_seed44_3000ep\training_metrics.jsonl,3fd6f7db2c9311f4a060df0ba77ef8648ff91ad70fcbef0e929fc7ffe4e1c276,,,
seed,traditional_ppo,44.0,788,0.26050013676285744,16,multimap_v3_1,paper_runs\multimap_v3_2\formal_training\formal_traditional_ppo_seed44_3000ep\training_metrics.jsonl,3fd6f7db2c9311f4a060df0ba77ef8648ff91ad70fcbef0e929fc7ffe4e1c276,,,
seed,traditional_ppo,44.0,804,0.22361372597515583,16,multimap_v3_1,paper_runs\multimap_v3_2\formal_training\formal_traditional_ppo_seed44_3000ep\training_metrics.jsonl,3fd6f7db2c9311f4a060df0ba77ef8648ff91ad70fcbef0e929fc7ffe4e1c276,,,
seed,traditional_ppo,44.0,820,0.2803097143769264,16,multimap_v3_1,paper_runs\multimap_v3_2\formal_training\formal_traditional_ppo_seed44_3000ep\training_metrics.jsonl,3fd6f7db2c9311f4a060df0ba77ef8648ff91ad70fcbef0e929fc7ffe4e1c276,,,
seed,traditional_ppo,44.0,836,0.25882181199267507,16,multimap_v3_1,paper_runs\multimap_v3_2\formal_training\formal_traditional_ppo_seed44_3000ep\training_metrics.jsonl,3fd6f7db2c9311f4a060df0ba77ef8648ff91ad70fcbef0e929fc7ffe4e1c276,,,
seed,traditional_ppo,44.0,852,0.22881980240345,16,multimap_v3_1,paper_runs\multimap_v3_2\formal_training\formal_traditional_ppo_seed44_3000ep\training_metrics.jsonl,3fd6f7db2c9311f4a060df0ba77ef8648ff91ad70fcbef0e929fc7ffe4e1c276,,,
seed,traditional_ppo,44.0,868,0.28521461598575115,16,multimap_v3_1,paper_runs\multimap_v3_2\formal_training\formal_traditional_ppo_seed44_3000ep\training_metrics.jsonl,3fd6f7db2c9311f4a060df0ba77ef8648ff91ad70fcbef0e929fc7ffe4e1c276,,,
seed,traditional_ppo,44.0,884,0.21808171272277832,16,multimap_v3_1,paper_runs\multimap_v3_2\formal_training\formal_traditional_ppo_seed44_3000ep\training_metrics.jsonl,3fd6f7db2c9311f4a060df0ba77ef8648ff91ad70fcbef0e929fc7ffe4e1c276,,,
seed,traditional_ppo,44.0,900,0.20727708097547293,16,multimap_v3_1,paper_runs\multimap_v3_2\formal_training\formal_traditional_ppo_seed44_3000ep\training_metrics.jsonl,3fd6f7db2c9311f4a060df0ba77ef8648ff91ad70fcbef0e929fc7ffe4e1c276,,,
seed,traditional_ppo,44.0,916,0.28848761692643166,16,multimap_v3_1,paper_runs\multimap_v3_2\formal_training\formal_traditional_ppo_seed44_3000ep\training_metrics.jsonl,3fd6f7db2c9311f4a060df0ba77ef8648ff91ad70fcbef0e929fc7ffe4e1c276,,,
seed,traditional_ppo,44.0,932,0.25864677503705025,16,multimap_v3_1,paper_runs\multimap_v3_2\formal_training\formal_traditional_ppo_seed44_3000ep\training_metrics.jsonl,3fd6f7db2c9311f4a060df0ba77ef8648ff91ad70fcbef0e929fc7ffe4e1c276,,,
seed,traditional_ppo,44.0,948,0.22765020560473204,16,multimap_v3_1,paper_runs\multimap_v3_2\formal_training\formal_traditional_ppo_seed44_3000ep\training_metrics.jsonl,3fd6f7db2c9311f4a060df0ba77ef8648ff91ad70fcbef0e929fc7ffe4e1c276,,,
seed,traditional_ppo,44.0,964,0.2961924106348306,16,multimap_v3_1,paper_runs\multimap_v3_2\formal_training\formal_traditional_ppo_seed44_3000ep\training_metrics.jsonl,3fd6f7db2c9311f4a060df0ba77ef8648ff91ad70fcbef0e929fc7ffe4e1c276,,,
seed,traditional_ppo,44.0,980,0.23381885467097163,16,multimap_v3_1,paper_runs\multimap_v3_2\formal_training\formal_traditional_ppo_seed44_3000ep\training_metrics.jsonl,3fd6f7db2c9311f4a060df0ba77ef8648ff91ad70fcbef0e929fc7ffe4e1c276,,,
seed,traditional_ppo,44.0,996,0.2356631956063211,16,multimap_v3_1,paper_runs\multimap_v3_2\formal_training\formal_traditional_ppo_seed44_3000ep\training_metrics.jsonl,3fd6f7db2c9311f4a060df0ba77ef8648ff91ad70fcbef0e929fc7ffe4e1c276,,,
seed,traditional_ppo,44.0,1000,0.4098808616399765,16,multimap_v3_1,paper_runs\multimap_v3_2\formal_training\formal_traditional_ppo_seed44_3000ep\training_metrics.jsonl,3fd6f7db2c9311f4a060df0ba77ef8648ff91ad70fcbef0e929fc7ffe4e1c276,,,
seed,traditional_ppo,44.0,1016,0.2758739357814193,16,multimap_v3_1,paper_runs\multimap_v3_2\formal_training\formal_traditional_ppo_seed44_3000ep\training_metrics.jsonl,3fd6f7db2c9311f4a060df0ba77ef8648ff91ad70fcbef0e929fc7ffe4e1c276,,,
seed,traditional_ppo,44.0,1032,0.21216079825535417,16,multimap_v3_1,paper_runs\multimap_v3_2\formal_training\formal_traditional_ppo_seed44_3000ep\training_metrics.jsonl,3fd6f7db2c9311f4a060df0ba77ef8648ff91ad70fcbef0e929fc7ffe4e1c276,,,
seed,traditional_ppo,44.0,1048,0.27472373377531767,16,multimap_v3_1,paper_runs\multimap_v3_2\formal_training\formal_traditional_ppo_seed44_3000ep\training_metrics.jsonl,3fd6f7db2c9311f4a060df0ba77ef8648ff91ad70fcbef0e929fc7ffe4e1c276,,,
seed,traditional_ppo,44.0,1064,0.2619050005450845,16,multimap_v3_1,paper_runs\multimap_v3_2\formal_training\formal_traditional_ppo_seed44_3000ep\training_metrics.jsonl,3fd6f7db2c9311f4a060df0ba77ef8648ff91ad70fcbef0e929fc7ffe4e1c276,,,
seed,traditional_ppo,44.0,1080,0.23134524002671242,16,multimap_v3_1,paper_runs\multimap_v3_2\formal_training\formal_traditional_ppo_seed44_3000ep\training_metrics.jsonl,3fd6f7db2c9311f4a060df0ba77ef8648ff91ad70fcbef0e929fc7ffe4e1c276,,,
seed,traditional_ppo,44.0,1096,0.27494959719479084,16,multimap_v3_1,paper_runs\multimap_v3_2\formal_training\formal_traditional_ppo_seed44_3000ep\training_metrics.jsonl,3fd6f7db2c9311f4a060df0ba77ef8648ff91ad70fcbef0e929fc7ffe4e1c276,,,
seed,traditional_ppo,44.0,1112,0.2931239949539304,16,multimap_v3_1,paper_runs\multimap_v3_2\formal_training\formal_traditional_ppo_seed44_3000ep\training_metrics.jsonl,3fd6f7db2c9311f4a060df0ba77ef8648ff91ad70fcbef0e929fc7ffe4e1c276,,,
seed,traditional_ppo,44.0,1128,0.2288425900042057,16,multimap_v3_1,paper_runs\multimap_v3_2\formal_training\formal_traditional_ppo_seed44_3000ep\training_metrics.jsonl,3fd6f7db2c9311f4a060df0ba77ef8648ff91ad70fcbef0e929fc7ffe4e1c276,,,
seed,traditional_ppo,44.0,1144,0.25761553552001715,16,multimap_v3_1,paper_runs\multimap_v3_2\formal_training\formal_traditional_ppo_seed44_3000ep\training_metrics.jsonl,3fd6f7db2c9311f4a060df0ba77ef8648ff91ad70fcbef0e929fc7ffe4e1c276,,,
seed,traditional_ppo,44.0,1160,0.25871491245925426,16,multimap_v3_1,paper_runs\multimap_v3_2\formal_training\formal_traditional_ppo_seed44_3000ep\training_metrics.jsonl,3fd6f7db2c9311f4a060df0ba77ef8648ff91ad70fcbef0e929fc7ffe4e1c276,,,
seed,traditional_ppo,44.0,1176,0.23119279835373163,16,multimap_v3_1,paper_runs\multimap_v3_2\formal_training\formal_traditional_ppo_seed44_3000ep\training_metrics.jsonl,3fd6f7db2c9311f4a060df0ba77ef8648ff91ad70fcbef0e929fc7ffe4e1c276,,,
seed,traditional_ppo,44.0,1192,0.3371891528367996,16,multimap_v3_1,paper_runs\multimap_v3_2\formal_training\formal_traditional_ppo_seed44_3000ep\training_metrics.jsonl,3fd6f7db2c9311f4a060df0ba77ef8648ff91ad70fcbef0e929fc7ffe4e1c276,,,
seed,traditional_ppo,44.0,1208,0.27723679039627314,16,multimap_v3_1,paper_runs\multimap_v3_2\formal_training\formal_traditional_ppo_seed44_3000ep\training_metrics.jsonl,3fd6f7db2c9311f4a060df0ba77ef8648ff91ad70fcbef0e929fc7ffe4e1c276,,,
seed,traditional_ppo,44.0,1224,0.24522066116333008,16,multimap_v3_1,paper_runs\multimap_v3_2\formal_training\formal_traditional_ppo_seed44_3000ep\training_metrics.jsonl,3fd6f7db2c9311f4a060df0ba77ef8648ff91ad70fcbef0e929fc7ffe4e1c276,,,
seed,traditional_ppo,44.0,1240,0.32972735445946455,16,multimap_v3_1,paper_runs\multimap_v3_2\formal_training\formal_traditional_ppo_seed44_3000ep\training_metrics.jsonl,3fd6f7db2c9311f4a060df0ba77ef8648ff91ad70fcbef0e929fc7ffe4e1c276,,,
seed,traditional_ppo,44.0,1256,0.24307483807206154,16,multimap_v3_1,paper_runs\multimap_v3_2\formal_training\formal_traditional_ppo_seed44_3000ep\training_metrics.jsonl,3fd6f7db2c9311f4a060df0ba77ef8648ff91ad70fcbef0e929fc7ffe4e1c276,,,
seed,traditional_ppo,44.0,1272,0.22644844930619001,16,multimap_v3_1,paper_runs\multimap_v3_2\formal_training\formal_traditional_ppo_seed44_3000ep\training_metrics.jsonl,3fd6f7db2c9311f4a060df0ba77ef8648ff91ad70fcbef0e929fc7ffe4e1c276,,,
seed,traditional_ppo,44.0,1288,0.2791662411764264,16,multimap_v3_1,paper_runs\multimap_v3_2\formal_training\formal_traditional_ppo_seed44_3000ep\training_metrics.jsonl,3fd6f7db2c9311f4a060df0ba77ef8648ff91ad70fcbef0e929fc7ffe4e1c276,,,
seed,traditional_ppo,44.0,1304,0.24288494233042002,16,multimap_v3_1,paper_runs\multimap_v3_2\formal_training\formal_traditional_ppo_seed44_3000ep\training_metrics.jsonl,3fd6f7db2c9311f4a060df0ba77ef8648ff91ad70fcbef0e929fc7ffe4e1c276,,,
seed,traditional_ppo,44.0,1320,0.20844997325912118,16,multimap_v3_1,paper_runs\multimap_v3_2\formal_training\formal_traditional_ppo_seed44_3000ep\training_metrics.jsonl,3fd6f7db2c9311f4a060df0ba77ef8648ff91ad70fcbef0e929fc7ffe4e1c276,,,
seed,traditional_ppo,44.0,1336,0.32168443500995636,16,multimap_v3_1,paper_runs\multimap_v3_2\formal_training\formal_traditional_ppo_seed44_3000ep\training_metrics.jsonl,3fd6f7db2c9311f4a060df0ba77ef8648ff91ad70fcbef0e929fc7ffe4e1c276,,,
seed,traditional_ppo,44.0,1352,0.29579501785337925,16,multimap_v3_1,paper_runs\multimap_v3_2\formal_training\formal_traditional_ppo_seed44_3000ep\training_metrics.jsonl,3fd6f7db2c9311f4a060df0ba77ef8648ff91ad70fcbef0e929fc7ffe4e1c276,,,
seed,traditional_ppo,44.0,1368,0.21226446516811848,16,multimap_v3_1,paper_runs\multimap_v3_2\formal_training\formal_traditional_ppo_seed44_3000ep\training_metrics.jsonl,3fd6f7db2c9311f4a060df0ba77ef8648ff91ad70fcbef0e929fc7ffe4e1c276,,,
seed,traditional_ppo,44.0,1384,0.2704519433900714,16,multimap_v3_1,paper_runs\multimap_v3_2\formal_training\formal_traditional_ppo_seed44_3000ep\training_metrics.jsonl,3fd6f7db2c9311f4a060df0ba77ef8648ff91ad70fcbef0e929fc7ffe4e1c276,,,
seed,traditional_ppo,44.0,1400,0.25069632194936275,16,multimap_v3_1,paper_runs\multimap_v3_2\formal_training\formal_traditional_ppo_seed44_3000ep\training_metrics.jsonl,3fd6f7db2c9311f4a060df0ba77ef8648ff91ad70fcbef0e929fc7ffe4e1c276,,,
seed,traditional_ppo,44.0,1416,0.2162518221884966,16,multimap_v3_1,paper_runs\multimap_v3_2\formal_training\formal_traditional_ppo_seed44_3000ep\training_metrics.jsonl,3fd6f7db2c9311f4a060df0ba77ef8648ff91ad70fcbef0e929fc7ffe4e1c276,,,
seed,traditional_ppo,44.0,1432,0.3353719115257263,16,multimap_v3_1,paper_runs\multimap_v3_2\formal_training\formal_traditional_ppo_seed44_3000ep\training_metrics.jsonl,3fd6f7db2c9311f4a060df0ba77ef8648ff91ad70fcbef0e929fc7ffe4e1c276,,,
seed,traditional_ppo,44.0,1448,0.2648416869342327,16,multimap_v3_1,paper_runs\multimap_v3_2\formal_training\formal_traditional_ppo_seed44_3000ep\training_metrics.jsonl,3fd6f7db2c9311f4a060df0ba77ef8648ff91ad70fcbef0e929fc7ffe4e1c276,,,
seed,traditional_ppo,44.0,1464,0.24524263013154268,16,multimap_v3_1,paper_runs\multimap_v3_2\formal_training\formal_traditional_ppo_seed44_3000ep\training_metrics.jsonl,3fd6f7db2c9311f4a060df0ba77ef8648ff91ad70fcbef0e929fc7ffe4e1c276,,,
seed,traditional_ppo,44.0,1480,0.3038166603073478,16,multimap_v3_1,paper_runs\multimap_v3_2\formal_training\formal_traditional_ppo_seed44_3000ep\training_metrics.jsonl,3fd6f7db2c9311f4a060df0ba77ef8648ff91ad70fcbef0e929fc7ffe4e1c276,,,
seed,traditional_ppo,44.0,1496,0.2725853146985173,16,multimap_v3_1,paper_runs\multimap_v3_2\formal_training\formal_traditional_ppo_seed44_3000ep\training_metrics.jsonl,3fd6f7db2c9311f4a060df0ba77ef8648ff91ad70fcbef0e929fc7ffe4e1c276,,,
seed,traditional_ppo,44.0,1500,0.16473891213536263,16,multimap_v3_1,paper_runs\multimap_v3_2\formal_training\formal_traditional_ppo_seed44_3000ep\training_metrics.jsonl,3fd6f7db2c9311f4a060df0ba77ef8648ff91ad70fcbef0e929fc7ffe4e1c276,,,
seed,traditional_ppo,44.0,1516,0.28242794051766396,16,multimap_v3_1,paper_runs\multimap_v3_2\formal_training\formal_traditional_ppo_seed44_3000ep\training_metrics.jsonl,3fd6f7db2c9311f4a060df0ba77ef8648ff91ad70fcbef0e929fc7ffe4e1c276,,,
seed,traditional_ppo,44.0,1532,0.22907271701842546,16,multimap_v3_1,paper_runs\multimap_v3_2\formal_training\formal_traditional_ppo_seed44_3000ep\training_metrics.jsonl,3fd6f7db2c9311f4a060df0ba77ef8648ff91ad70fcbef0e929fc7ffe4e1c276,,,
seed,traditional_ppo,44.0,1548,0.22125183208845556,16,multimap_v3_1,paper_runs\multimap_v3_2\formal_training\formal_traditional_ppo_seed44_3000ep\training_metrics.jsonl,3fd6f7db2c9311f4a060df0ba77ef8648ff91ad70fcbef0e929fc7ffe4e1c276,,,
seed,traditional_ppo,44.0,1564,0.2752493192674592,16,multimap_v3_1,paper_runs\multimap_v3_2\formal_training\formal_traditional_ppo_seed44_3000ep\training_metrics.jsonl,3fd6f7db2c9311f4a060df0ba77ef8648ff91ad70fcbef0e929fc7ffe4e1c276,,,
seed,traditional_ppo,44.0,1580,0.27269885083660483,16,multimap_v3_1,paper_runs\multimap_v3_2\formal_training\formal_traditional_ppo_seed44_3000ep\training_metrics.jsonl,3fd6f7db2c9311f4a060df0ba77ef8648ff91ad70fcbef0e929fc7ffe4e1c276,,,
seed,traditional_ppo,44.0,1596,0.2734379805624485,16,multimap_v3_1,paper_runs\multimap_v3_2\formal_training\formal_traditional_ppo_seed44_3000ep\training_metrics.jsonl,3fd6f7db2c9311f4a060df0ba77ef8648ff91ad70fcbef0e929fc7ffe4e1c276,,,
seed,traditional_ppo,44.0,1612,0.2945524835959077,16,multimap_v3_1,paper_runs\multimap_v3_2\formal_training\formal_traditional_ppo_seed44_3000ep\training_metrics.jsonl,3fd6f7db2c9311f4a060df0ba77ef8648ff91ad70fcbef0e929fc7ffe4e1c276,,,
seed,traditional_ppo,44.0,1628,0.2510380274616182,16,multimap_v3_1,paper_runs\multimap_v3_2\formal_training\formal_traditional_ppo_seed44_3000ep\training_metrics.jsonl,3fd6f7db2c9311f4a060df0ba77ef8648ff91ad70fcbef0e929fc7ffe4e1c276,,,
seed,traditional_ppo,44.0,1644,0.2581105292774737,16,multimap_v3_1,paper_runs\multimap_v3_2\formal_training\formal_traditional_ppo_seed44_3000ep\training_metrics.jsonl,3fd6f7db2c9311f4a060df0ba77ef8648ff91ad70fcbef0e929fc7ffe4e1c276,,,
seed,traditional_ppo,44.0,1660,0.2536416333168745,16,multimap_v3_1,paper_runs\multimap_v3_2\formal_training\formal_traditional_ppo_seed44_3000ep\training_metrics.jsonl,3fd6f7db2c9311f4a060df0ba77ef8648ff91ad70fcbef0e929fc7ffe4e1c276,,,
seed,traditional_ppo,44.0,1676,0.2414052477106452,16,multimap_v3_1,paper_runs\multimap_v3_2\formal_training\formal_traditional_ppo_seed44_3000ep\training_metrics.jsonl,3fd6f7db2c9311f4a060df0ba77ef8648ff91ad70fcbef0e929fc7ffe4e1c276,,,
seed,traditional_ppo,44.0,1692,0.24298108834773302,16,multimap_v3_1,paper_runs\multimap_v3_2\formal_training\formal_traditional_ppo_seed44_3000ep\training_metrics.jsonl,3fd6f7db2c9311f4a060df0ba77ef8648ff91ad70fcbef0e929fc7ffe4e1c276,,,
seed,traditional_ppo,44.0,1708,0.27668256452307105,16,multimap_v3_1,paper_runs\multimap_v3_2\formal_training\formal_traditional_ppo_seed44_3000ep\training_metrics.jsonl,3fd6f7db2c9311f4a060df0ba77ef8648ff91ad70fcbef0e929fc7ffe4e1c276,,,
seed,traditional_ppo,44.0,1724,0.27262981701642275,16,multimap_v3_1,paper_runs\multimap_v3_2\formal_training\formal_traditional_ppo_seed44_3000ep\training_metrics.jsonl,3fd6f7db2c9311f4a060df0ba77ef8648ff91ad70fcbef0e929fc7ffe4e1c276,,,
seed,traditional_ppo,44.0,1740,0.25436743162572384,16,multimap_v3_1,paper_runs\multimap_v3_2\formal_training\formal_traditional_ppo_seed44_3000ep\training_metrics.jsonl,3fd6f7db2c9311f4a060df0ba77ef8648ff91ad70fcbef0e929fc7ffe4e1c276,,,
seed,traditional_ppo,44.0,1756,0.3136519771069288,16,multimap_v3_1,paper_runs\multimap_v3_2\formal_training\formal_traditional_ppo_seed44_3000ep\training_metrics.jsonl,3fd6f7db2c9311f4a060df0ba77ef8648ff91ad70fcbef0e929fc7ffe4e1c276,,,
seed,traditional_ppo,44.0,1772,0.21522354613989592,16,multimap_v3_1,paper_runs\multimap_v3_2\formal_training\formal_traditional_ppo_seed44_3000ep\training_metrics.jsonl,3fd6f7db2c9311f4a060df0ba77ef8648ff91ad70fcbef0e929fc7ffe4e1c276,,,
seed,traditional_ppo,44.0,1788,0.2045113961212337,16,multimap_v3_1,paper_runs\multimap_v3_2\formal_training\formal_traditional_ppo_seed44_3000ep\training_metrics.jsonl,3fd6f7db2c9311f4a060df0ba77ef8648ff91ad70fcbef0e929fc7ffe4e1c276,,,
seed,traditional_ppo,44.0,1804,0.24793539894744754,16,multimap_v3_1,paper_runs\multimap_v3_2\formal_training\formal_traditional_ppo_seed44_3000ep\training_metrics.jsonl,3fd6f7db2c9311f4a060df0ba77ef8648ff91ad70fcbef0e929fc7ffe4e1c276,,,
seed,traditional_ppo,44.0,1820,0.25590938702225685,16,multimap_v3_1,paper_runs\multimap_v3_2\formal_training\formal_traditional_ppo_seed44_3000ep\training_metrics.jsonl,3fd6f7db2c9311f4a060df0ba77ef8648ff91ad70fcbef0e929fc7ffe4e1c276,,,
seed,traditional_ppo,44.0,1836,0.20196572365239263,16,multimap_v3_1,paper_runs\multimap_v3_2\formal_training\formal_traditional_ppo_seed44_3000ep\training_metrics.jsonl,3fd6f7db2c9311f4a060df0ba77ef8648ff91ad70fcbef0e929fc7ffe4e1c276,,,
seed,traditional_ppo,44.0,1852,0.27120752166956663,16,multimap_v3_1,paper_runs\multimap_v3_2\formal_training\formal_traditional_ppo_seed44_3000ep\training_metrics.jsonl,3fd6f7db2c9311f4a060df0ba77ef8648ff91ad70fcbef0e929fc7ffe4e1c276,,,
seed,traditional_ppo,44.0,1868,0.2588706202805042,16,multimap_v3_1,paper_runs\multimap_v3_2\formal_training\formal_traditional_ppo_seed44_3000ep\training_metrics.jsonl,3fd6f7db2c9311f4a060df0ba77ef8648ff91ad70fcbef0e929fc7ffe4e1c276,,,
seed,traditional_ppo,44.0,1884,0.18183457013219595,16,multimap_v3_1,paper_runs\multimap_v3_2\formal_training\formal_traditional_ppo_seed44_3000ep\training_metrics.jsonl,3fd6f7db2c9311f4a060df0ba77ef8648ff91ad70fcbef0e929fc7ffe4e1c276,,,
seed,traditional_ppo,44.0,1900,0.29265910387039185,16,multimap_v3_1,paper_runs\multimap_v3_2\formal_training\formal_traditional_ppo_seed44_3000ep\training_metrics.jsonl,3fd6f7db2c9311f4a060df0ba77ef8648ff91ad70fcbef0e929fc7ffe4e1c276,,,
seed,traditional_ppo,44.0,1916,0.2460561408661306,16,multimap_v3_1,paper_runs\multimap_v3_2\formal_training\formal_traditional_ppo_seed44_3000ep\training_metrics.jsonl,3fd6f7db2c9311f4a060df0ba77ef8648ff91ad70fcbef0e929fc7ffe4e1c276,,,
seed,traditional_ppo,44.0,1932,0.22500938922166824,16,multimap_v3_1,paper_runs\multimap_v3_2\formal_training\formal_traditional_ppo_seed44_3000ep\training_metrics.jsonl,3fd6f7db2c9311f4a060df0ba77ef8648ff91ad70fcbef0e929fc7ffe4e1c276,,,
seed,traditional_ppo,44.0,1948,0.27466869400814176,16,multimap_v3_1,paper_runs\multimap_v3_2\formal_training\formal_traditional_ppo_seed44_3000ep\training_metrics.jsonl,3fd6f7db2c9311f4a060df0ba77ef8648ff91ad70fcbef0e929fc7ffe4e1c276,,,
seed,traditional_ppo,44.0,1964,0.2338183312676847,16,multimap_v3_1,paper_runs\multimap_v3_2\formal_training\formal_traditional_ppo_seed44_3000ep\training_metrics.jsonl,3fd6f7db2c9311f4a060df0ba77ef8648ff91ad70fcbef0e929fc7ffe4e1c276,,,
seed,traditional_ppo,44.0,1980,0.22384123783558607,16,multimap_v3_1,paper_runs\multimap_v3_2\formal_training\formal_traditional_ppo_seed44_3000ep\training_metrics.jsonl,3fd6f7db2c9311f4a060df0ba77ef8648ff91ad70fcbef0e929fc7ffe4e1c276,,,
seed,traditional_ppo,44.0,1996,0.30267520248889923,16,multimap_v3_1,paper_runs\multimap_v3_2\formal_training\formal_traditional_ppo_seed44_3000ep\training_metrics.jsonl,3fd6f7db2c9311f4a060df0ba77ef8648ff91ad70fcbef0e929fc7ffe4e1c276,,,
seed,traditional_ppo,44.0,2000,0.20281406119465828,16,multimap_v3_1,paper_runs\multimap_v3_2\formal_training\formal_traditional_ppo_seed44_3000ep\training_metrics.jsonl,3fd6f7db2c9311f4a060df0ba77ef8648ff91ad70fcbef0e929fc7ffe4e1c276,,,
seed,traditional_ppo,44.0,2016,0.24399186903610826,16,multimap_v3_1,paper_runs\multimap_v3_2\formal_training\formal_traditional_ppo_seed44_3000ep\training_metrics.jsonl,3fd6f7db2c9311f4a060df0ba77ef8648ff91ad70fcbef0e929fc7ffe4e1c276,,,
seed,traditional_ppo,44.0,2032,0.2786115100607276,16,multimap_v3_1,paper_runs\multimap_v3_2\formal_training\formal_traditional_ppo_seed44_3000ep\training_metrics.jsonl,3fd6f7db2c9311f4a060df0ba77ef8648ff91ad70fcbef0e929fc7ffe4e1c276,,,
seed,traditional_ppo,44.0,2048,0.29583269637078047,16,multimap_v3_1,paper_runs\multimap_v3_2\formal_training\formal_traditional_ppo_seed44_3000ep\training_metrics.jsonl,3fd6f7db2c9311f4a060df0ba77ef8648ff91ad70fcbef0e929fc7ffe4e1c276,,,
seed,traditional_ppo,44.0,2064,0.2352549978531897,16,multimap_v3_1,paper_runs\multimap_v3_2\formal_training\formal_traditional_ppo_seed44_3000ep\training_metrics.jsonl,3fd6f7db2c9311f4a060df0ba77ef8648ff91ad70fcbef0e929fc7ffe4e1c276,,,
seed,traditional_ppo,44.0,2080,0.3173636496067047,16,multimap_v3_1,paper_runs\multimap_v3_2\formal_training\formal_traditional_ppo_seed44_3000ep\training_metrics.jsonl,3fd6f7db2c9311f4a060df0ba77ef8648ff91ad70fcbef0e929fc7ffe4e1c276,,,
seed,traditional_ppo,44.0,2096,0.2619233154691756,16,multimap_v3_1,paper_runs\multimap_v3_2\formal_training\formal_traditional_ppo_seed44_3000ep\training_metrics.jsonl,3fd6f7db2c9311f4a060df0ba77ef8648ff91ad70fcbef0e929fc7ffe4e1c276,,,
seed,traditional_ppo,44.0,2112,0.24533240217715502,16,multimap_v3_1,paper_runs\multimap_v3_2\formal_training\formal_traditional_ppo_seed44_3000ep\training_metrics.jsonl,3fd6f7db2c9311f4a060df0ba77ef8648ff91ad70fcbef0e929fc7ffe4e1c276,,,
seed,traditional_ppo,44.0,2128,0.2845054604113102,16,multimap_v3_1,paper_runs\multimap_v3_2\formal_training\formal_traditional_ppo_seed44_3000ep\training_metrics.jsonl,3fd6f7db2c9311f4a060df0ba77ef8648ff91ad70fcbef0e929fc7ffe4e1c276,,,
seed,traditional_ppo,44.0,2144,0.275743680074811,16,multimap_v3_1,paper_runs\multimap_v3_2\formal_training\formal_traditional_ppo_seed44_3000ep\training_metrics.jsonl,3fd6f7db2c9311f4a060df0ba77ef8648ff91ad70fcbef0e929fc7ffe4e1c276,,,
seed,traditional_ppo,44.0,2160,0.23794826213270426,16,multimap_v3_1,paper_runs\multimap_v3_2\formal_training\formal_traditional_ppo_seed44_3000ep\training_metrics.jsonl,3fd6f7db2c9311f4a060df0ba77ef8648ff91ad70fcbef0e929fc7ffe4e1c276,,,
seed,traditional_ppo,44.0,2176,0.27268085815012455,16,multimap_v3_1,paper_runs\multimap_v3_2\formal_training\formal_traditional_ppo_seed44_3000ep\training_metrics.jsonl,3fd6f7db2c9311f4a060df0ba77ef8648ff91ad70fcbef0e929fc7ffe4e1c276,,,
seed,traditional_ppo,44.0,2192,0.2291877963580191,16,multimap_v3_1,paper_runs\multimap_v3_2\formal_training\formal_traditional_ppo_seed44_3000ep\training_metrics.jsonl,3fd6f7db2c9311f4a060df0ba77ef8648ff91ad70fcbef0e929fc7ffe4e1c276,,,
seed,traditional_ppo,44.0,2208,0.22500624042004347,16,multimap_v3_1,paper_runs\multimap_v3_2\formal_training\formal_traditional_ppo_seed44_3000ep\training_metrics.jsonl,3fd6f7db2c9311f4a060df0ba77ef8648ff91ad70fcbef0e929fc7ffe4e1c276,,,
seed,traditional_ppo,44.0,2224,0.2886991058476269,16,multimap_v3_1,paper_runs\multimap_v3_2\formal_training\formal_traditional_ppo_seed44_3000ep\training_metrics.jsonl,3fd6f7db2c9311f4a060df0ba77ef8648ff91ad70fcbef0e929fc7ffe4e1c276,,,
seed,traditional_ppo,44.0,2240,0.23981024511158466,16,multimap_v3_1,paper_runs\multimap_v3_2\formal_training\formal_traditional_ppo_seed44_3000ep\training_metrics.jsonl,3fd6f7db2c9311f4a060df0ba77ef8648ff91ad70fcbef0e929fc7ffe4e1c276,,,
seed,traditional_ppo,44.0,2256,0.20082510076463223,16,multimap_v3_1,paper_runs\multimap_v3_2\formal_training\formal_traditional_ppo_seed44_3000ep\training_metrics.jsonl,3fd6f7db2c9311f4a060df0ba77ef8648ff91ad70fcbef0e929fc7ffe4e1c276,,,
seed,traditional_ppo,44.0,2272,0.32931180857121944,16,multimap_v3_1,paper_runs\multimap_v3_2\formal_training\formal_traditional_ppo_seed44_3000ep\training_metrics.jsonl,3fd6f7db2c9311f4a060df0ba77ef8648ff91ad70fcbef0e929fc7ffe4e1c276,,,
seed,traditional_ppo,44.0,2288,0.2427726686000824,16,multimap_v3_1,paper_runs\multimap_v3_2\formal_training\formal_traditional_ppo_seed44_3000ep\training_metrics.jsonl,3fd6f7db2c9311f4a060df0ba77ef8648ff91ad70fcbef0e929fc7ffe4e1c276,,,
seed,traditional_ppo,44.0,2304,0.20089015364646912,16,multimap_v3_1,paper_runs\multimap_v3_2\formal_training\formal_traditional_ppo_seed44_3000ep\training_metrics.jsonl,3fd6f7db2c9311f4a060df0ba77ef8648ff91ad70fcbef0e929fc7ffe4e1c276,,,
seed,traditional_ppo,44.0,2320,0.3058341376017779,16,multimap_v3_1,paper_runs\multimap_v3_2\formal_training\formal_traditional_ppo_seed44_3000ep\training_metrics.jsonl,3fd6f7db2c9311f4a060df0ba77ef8648ff91ad70fcbef0e929fc7ffe4e1c276,,,
seed,traditional_ppo,44.0,2336,0.3053554492071271,16,multimap_v3_1,paper_runs\multimap_v3_2\formal_training\formal_traditional_ppo_seed44_3000ep\training_metrics.jsonl,3fd6f7db2c9311f4a060df0ba77ef8648ff91ad70fcbef0e929fc7ffe4e1c276,,,
seed,traditional_ppo,44.0,2352,0.26300477609038353,16,multimap_v3_1,paper_runs\multimap_v3_2\formal_training\formal_traditional_ppo_seed44_3000ep\training_metrics.jsonl,3fd6f7db2c9311f4a060df0ba77ef8648ff91ad70fcbef0e929fc7ffe4e1c276,,,
seed,traditional_ppo,44.0,2368,0.3081613560207188,16,multimap_v3_1,paper_runs\multimap_v3_2\formal_training\formal_traditional_ppo_seed44_3000ep\training_metrics.jsonl,3fd6f7db2c9311f4a060df0ba77ef8648ff91ad70fcbef0e929fc7ffe4e1c276,,,
seed,traditional_ppo,44.0,2384,0.24635195592418313,16,multimap_v3_1,paper_runs\multimap_v3_2\formal_training\formal_traditional_ppo_seed44_3000ep\training_metrics.jsonl,3fd6f7db2c9311f4a060df0ba77ef8648ff91ad70fcbef0e929fc7ffe4e1c276,,,
seed,traditional_ppo,44.0,2400,0.24780038092285395,16,multimap_v3_1,paper_runs\multimap_v3_2\formal_training\formal_traditional_ppo_seed44_3000ep\training_metrics.jsonl,3fd6f7db2c9311f4a060df0ba77ef8648ff91ad70fcbef0e929fc7ffe4e1c276,,,
seed,traditional_ppo,44.0,2416,0.28461673483252525,16,multimap_v3_1,paper_runs\multimap_v3_2\formal_training\formal_traditional_ppo_seed44_3000ep\training_metrics.jsonl,3fd6f7db2c9311f4a060df0ba77ef8648ff91ad70fcbef0e929fc7ffe4e1c276,,,
seed,traditional_ppo,44.0,2432,0.27145856898278,16,multimap_v3_1,paper_runs\multimap_v3_2\formal_training\formal_traditional_ppo_seed44_3000ep\training_metrics.jsonl,3fd6f7db2c9311f4a060df0ba77ef8648ff91ad70fcbef0e929fc7ffe4e1c276,,,
seed,traditional_ppo,44.0,2448,0.18936270475387573,16,multimap_v3_1,paper_runs\multimap_v3_2\formal_training\formal_traditional_ppo_seed44_3000ep\training_metrics.jsonl,3fd6f7db2c9311f4a060df0ba77ef8648ff91ad70fcbef0e929fc7ffe4e1c276,,,
seed,traditional_ppo,44.0,2464,0.2750886876601726,16,multimap_v3_1,paper_runs\multimap_v3_2\formal_training\formal_traditional_ppo_seed44_3000ep\training_metrics.jsonl,3fd6f7db2c9311f4a060df0ba77ef8648ff91ad70fcbef0e929fc7ffe4e1c276,,,
seed,traditional_ppo,44.0,2480,0.24922468373551965,16,multimap_v3_1,paper_runs\multimap_v3_2\formal_training\formal_traditional_ppo_seed44_3000ep\training_metrics.jsonl,3fd6f7db2c9311f4a060df0ba77ef8648ff91ad70fcbef0e929fc7ffe4e1c276,,,
seed,traditional_ppo,44.0,2496,0.2108628749847412,16,multimap_v3_1,paper_runs\multimap_v3_2\formal_training\formal_traditional_ppo_seed44_3000ep\training_metrics.jsonl,3fd6f7db2c9311f4a060df0ba77ef8648ff91ad70fcbef0e929fc7ffe4e1c276,,,
seed,traditional_ppo,44.0,2500,0.26921455934643745,16,multimap_v3_1,paper_runs\multimap_v3_2\formal_training\formal_traditional_ppo_seed44_3000ep\training_metrics.jsonl,3fd6f7db2c9311f4a060df0ba77ef8648ff91ad70fcbef0e929fc7ffe4e1c276,,,
seed,traditional_ppo,44.0,2516,0.2650134265422821,16,multimap_v3_1,paper_runs\multimap_v3_2\formal_training\formal_traditional_ppo_seed44_3000ep\training_metrics.jsonl,3fd6f7db2c9311f4a060df0ba77ef8648ff91ad70fcbef0e929fc7ffe4e1c276,,,
seed,traditional_ppo,44.0,2532,0.24947646399959922,16,multimap_v3_1,paper_runs\multimap_v3_2\formal_training\formal_traditional_ppo_seed44_3000ep\training_metrics.jsonl,3fd6f7db2c9311f4a060df0ba77ef8648ff91ad70fcbef0e929fc7ffe4e1c276,,,
seed,traditional_ppo,44.0,2548,0.25978501699864864,16,multimap_v3_1,paper_runs\multimap_v3_2\formal_training\formal_traditional_ppo_seed44_3000ep\training_metrics.jsonl,3fd6f7db2c9311f4a060df0ba77ef8648ff91ad70fcbef0e929fc7ffe4e1c276,,,
seed,traditional_ppo,44.0,2564,0.2822736073285341,16,multimap_v3_1,paper_runs\multimap_v3_2\formal_training\formal_traditional_ppo_seed44_3000ep\training_metrics.jsonl,3fd6f7db2c9311f4a060df0ba77ef8648ff91ad70fcbef0e929fc7ffe4e1c276,,,
seed,traditional_ppo,44.0,2580,0.26309607503935695,16,multimap_v3_1,paper_runs\multimap_v3_2\formal_training\formal_traditional_ppo_seed44_3000ep\training_metrics.jsonl,3fd6f7db2c9311f4a060df0ba77ef8648ff91ad70fcbef0e929fc7ffe4e1c276,,,
seed,traditional_ppo,44.0,2596,0.2708910843357444,16,multimap_v3_1,paper_runs\multimap_v3_2\formal_training\formal_traditional_ppo_seed44_3000ep\training_metrics.jsonl,3fd6f7db2c9311f4a060df0ba77ef8648ff91ad70fcbef0e929fc7ffe4e1c276,,,
seed,traditional_ppo,44.0,2612,0.2836915026418865,16,multimap_v3_1,paper_runs\multimap_v3_2\formal_training\formal_traditional_ppo_seed44_3000ep\training_metrics.jsonl,3fd6f7db2c9311f4a060df0ba77ef8648ff91ad70fcbef0e929fc7ffe4e1c276,,,
seed,traditional_ppo,44.0,2628,0.24292700784280896,16,multimap_v3_1,paper_runs\multimap_v3_2\formal_training\formal_traditional_ppo_seed44_3000ep\training_metrics.jsonl,3fd6f7db2c9311f4a060df0ba77ef8648ff91ad70fcbef0e929fc7ffe4e1c276,,,
seed,traditional_ppo,44.0,2644,0.2864757804200053,16,multimap_v3_1,paper_runs\multimap_v3_2\formal_training\formal_traditional_ppo_seed44_3000ep\training_metrics.jsonl,3fd6f7db2c9311f4a060df0ba77ef8648ff91ad70fcbef0e929fc7ffe4e1c276,,,
seed,traditional_ppo,44.0,2660,0.2663557738997042,16,multimap_v3_1,paper_runs\multimap_v3_2\formal_training\formal_traditional_ppo_seed44_3000ep\training_metrics.jsonl,3fd6f7db2c9311f4a060df0ba77ef8648ff91ad70fcbef0e929fc7ffe4e1c276,,,
seed,traditional_ppo,44.0,2676,0.23029838362708688,16,multimap_v3_1,paper_runs\multimap_v3_2\formal_training\formal_traditional_ppo_seed44_3000ep\training_metrics.jsonl,3fd6f7db2c9311f4a060df0ba77ef8648ff91ad70fcbef0e929fc7ffe4e1c276,,,
seed,traditional_ppo,44.0,2692,0.25993648055009544,16,multimap_v3_1,paper_runs\multimap_v3_2\formal_training\formal_traditional_ppo_seed44_3000ep\training_metrics.jsonl,3fd6f7db2c9311f4a060df0ba77ef8648ff91ad70fcbef0e929fc7ffe4e1c276,,,
seed,traditional_ppo,44.0,2708,0.23390711145475507,16,multimap_v3_1,paper_runs\multimap_v3_2\formal_training\formal_traditional_ppo_seed44_3000ep\training_metrics.jsonl,3fd6f7db2c9311f4a060df0ba77ef8648ff91ad70fcbef0e929fc7ffe4e1c276,,,
seed,traditional_ppo,44.0,2724,0.26839656103402376,16,multimap_v3_1,paper_runs\multimap_v3_2\formal_training\formal_traditional_ppo_seed44_3000ep\training_metrics.jsonl,3fd6f7db2c9311f4a060df0ba77ef8648ff91ad70fcbef0e929fc7ffe4e1c276,,,
seed,traditional_ppo,44.0,2740,0.2982962825335562,16,multimap_v3_1,paper_runs\multimap_v3_2\formal_training\formal_traditional_ppo_seed44_3000ep\training_metrics.jsonl,3fd6f7db2c9311f4a060df0ba77ef8648ff91ad70fcbef0e929fc7ffe4e1c276,,,
seed,traditional_ppo,44.0,2756,0.30393005162477493,16,multimap_v3_1,paper_runs\multimap_v3_2\formal_training\formal_traditional_ppo_seed44_3000ep\training_metrics.jsonl,3fd6f7db2c9311f4a060df0ba77ef8648ff91ad70fcbef0e929fc7ffe4e1c276,,,
seed,traditional_ppo,44.0,2772,0.24792369455099106,16,multimap_v3_1,paper_runs\multimap_v3_2\formal_training\formal_traditional_ppo_seed44_3000ep\training_metrics.jsonl,3fd6f7db2c9311f4a060df0ba77ef8648ff91ad70fcbef0e929fc7ffe4e1c276,,,
seed,traditional_ppo,44.0,2788,0.27076326368842274,16,multimap_v3_1,paper_runs\multimap_v3_2\formal_training\formal_traditional_ppo_seed44_3000ep\training_metrics.jsonl,3fd6f7db2c9311f4a060df0ba77ef8648ff91ad70fcbef0e929fc7ffe4e1c276,,,
seed,traditional_ppo,44.0,2804,0.25726638408377767,16,multimap_v3_1,paper_runs\multimap_v3_2\formal_training\formal_traditional_ppo_seed44_3000ep\training_metrics.jsonl,3fd6f7db2c9311f4a060df0ba77ef8648ff91ad70fcbef0e929fc7ffe4e1c276,,,
seed,traditional_ppo,44.0,2820,0.25436086766421795,16,multimap_v3_1,paper_runs\multimap_v3_2\formal_training\formal_traditional_ppo_seed44_3000ep\training_metrics.jsonl,3fd6f7db2c9311f4a060df0ba77ef8648ff91ad70fcbef0e929fc7ffe4e1c276,,,
seed,traditional_ppo,44.0,2836,0.32369520887732506,16,multimap_v3_1,paper_runs\multimap_v3_2\formal_training\formal_traditional_ppo_seed44_3000ep\training_metrics.jsonl,3fd6f7db2c9311f4a060df0ba77ef8648ff91ad70fcbef0e929fc7ffe4e1c276,,,
seed,traditional_ppo,44.0,2852,0.296257390640676,16,multimap_v3_1,paper_runs\multimap_v3_2\formal_training\formal_traditional_ppo_seed44_3000ep\training_metrics.jsonl,3fd6f7db2c9311f4a060df0ba77ef8648ff91ad70fcbef0e929fc7ffe4e1c276,,,
seed,traditional_ppo,44.0,2868,0.26567602064460516,16,multimap_v3_1,paper_runs\multimap_v3_2\formal_training\formal_traditional_ppo_seed44_3000ep\training_metrics.jsonl,3fd6f7db2c9311f4a060df0ba77ef8648ff91ad70fcbef0e929fc7ffe4e1c276,,,
seed,traditional_ppo,44.0,2884,0.3000958510674536,16,multimap_v3_1,paper_runs\multimap_v3_2\formal_training\formal_traditional_ppo_seed44_3000ep\training_metrics.jsonl,3fd6f7db2c9311f4a060df0ba77ef8648ff91ad70fcbef0e929fc7ffe4e1c276,,,
seed,traditional_ppo,44.0,2900,0.27451267652213573,16,multimap_v3_1,paper_runs\multimap_v3_2\formal_training\formal_traditional_ppo_seed44_3000ep\training_metrics.jsonl,3fd6f7db2c9311f4a060df0ba77ef8648ff91ad70fcbef0e929fc7ffe4e1c276,,,
seed,traditional_ppo,44.0,2916,0.22895588306710124,16,multimap_v3_1,paper_runs\multimap_v3_2\formal_training\formal_traditional_ppo_seed44_3000ep\training_metrics.jsonl,3fd6f7db2c9311f4a060df0ba77ef8648ff91ad70fcbef0e929fc7ffe4e1c276,,,
seed,traditional_ppo,44.0,2932,0.2572166230529547,16,multimap_v3_1,paper_runs\multimap_v3_2\formal_training\formal_traditional_ppo_seed44_3000ep\training_metrics.jsonl,3fd6f7db2c9311f4a060df0ba77ef8648ff91ad70fcbef0e929fc7ffe4e1c276,,,
seed,traditional_ppo,44.0,2948,0.26016557216644287,16,multimap_v3_1,paper_runs\multimap_v3_2\formal_training\formal_traditional_ppo_seed44_3000ep\training_metrics.jsonl,3fd6f7db2c9311f4a060df0ba77ef8648ff91ad70fcbef0e929fc7ffe4e1c276,,,
seed,traditional_ppo,44.0,2964,0.19963771337643266,16,multimap_v3_1,paper_runs\multimap_v3_2\formal_training\formal_traditional_ppo_seed44_3000ep\training_metrics.jsonl,3fd6f7db2c9311f4a060df0ba77ef8648ff91ad70fcbef0e929fc7ffe4e1c276,,,
seed,traditional_ppo,44.0,2980,0.25716360192745924,16,multimap_v3_1,paper_runs\multimap_v3_2\formal_training\formal_traditional_ppo_seed44_3000ep\training_metrics.jsonl,3fd6f7db2c9311f4a060df0ba77ef8648ff91ad70fcbef0e929fc7ffe4e1c276,,,
seed,traditional_ppo,44.0,2996,0.235023177228868,16,multimap_v3_1,paper_runs\multimap_v3_2\formal_training\formal_traditional_ppo_seed44_3000ep\training_metrics.jsonl,3fd6f7db2c9311f4a060df0ba77ef8648ff91ad70fcbef0e929fc7ffe4e1c276,,,
seed,traditional_ppo,44.0,3000,0.2260044552385807,16,multimap_v3_1,paper_runs\multimap_v3_2\formal_training\formal_traditional_ppo_seed44_3000ep\training_metrics.jsonl,3fd6f7db2c9311f4a060df0ba77ef8648ff91ad70fcbef0e929fc7ffe4e1c276,,,
seed,traditional_ppo,45.0,16,0.2147590504027903,16,multimap_v3_1,paper_runs\multimap_v3_2\formal_training\formal_traditional_ppo_seed45_3000ep\training_metrics.jsonl,994c4305759a2ca1779031a70b0ce3316539e10a56ea57ff9ba2686d89f613b3,,,
seed,traditional_ppo,45.0,32,0.16890333266928792,16,multimap_v3_1,paper_runs\multimap_v3_2\formal_training\formal_traditional_ppo_seed45_3000ep\training_metrics.jsonl,994c4305759a2ca1779031a70b0ce3316539e10a56ea57ff9ba2686d89f613b3,,,
seed,traditional_ppo,45.0,48,0.1931708208285272,16,multimap_v3_1,paper_runs\multimap_v3_2\formal_training\formal_traditional_ppo_seed45_3000ep\training_metrics.jsonl,994c4305759a2ca1779031a70b0ce3316539e10a56ea57ff9ba2686d89f613b3,,,
seed,traditional_ppo,45.0,64,0.18807121750432998,16,multimap_v3_1,paper_runs\multimap_v3_2\formal_training\formal_traditional_ppo_seed45_3000ep\training_metrics.jsonl,994c4305759a2ca1779031a70b0ce3316539e10a56ea57ff9ba2686d89f613b3,,,
seed,traditional_ppo,45.0,80,0.23251732904464006,16,multimap_v3_1,paper_runs\multimap_v3_2\formal_training\formal_traditional_ppo_seed45_3000ep\training_metrics.jsonl,994c4305759a2ca1779031a70b0ce3316539e10a56ea57ff9ba2686d89f613b3,,,
seed,traditional_ppo,45.0,96,0.21107755415141582,16,multimap_v3_1,paper_runs\multimap_v3_2\formal_training\formal_traditional_ppo_seed45_3000ep\training_metrics.jsonl,994c4305759a2ca1779031a70b0ce3316539e10a56ea57ff9ba2686d89f613b3,,,
seed,traditional_ppo,45.0,112,0.26921317377127707,16,multimap_v3_1,paper_runs\multimap_v3_2\formal_training\formal_traditional_ppo_seed45_3000ep\training_metrics.jsonl,994c4305759a2ca1779031a70b0ce3316539e10a56ea57ff9ba2686d89f613b3,,,
seed,traditional_ppo,45.0,128,0.22276984294876456,16,multimap_v3_1,paper_runs\multimap_v3_2\formal_training\formal_traditional_ppo_seed45_3000ep\training_metrics.jsonl,994c4305759a2ca1779031a70b0ce3316539e10a56ea57ff9ba2686d89f613b3,,,
seed,traditional_ppo,45.0,144,0.18804005905985832,16,multimap_v3_1,paper_runs\multimap_v3_2\formal_training\formal_traditional_ppo_seed45_3000ep\training_metrics.jsonl,994c4305759a2ca1779031a70b0ce3316539e10a56ea57ff9ba2686d89f613b3,,,
seed,traditional_ppo,45.0,160,0.18019654462113976,16,multimap_v3_1,paper_runs\multimap_v3_2\formal_training\formal_traditional_ppo_seed45_3000ep\training_metrics.jsonl,994c4305759a2ca1779031a70b0ce3316539e10a56ea57ff9ba2686d89f613b3,,,
seed,traditional_ppo,45.0,176,0.1746543082408607,16,multimap_v3_1,paper_runs\multimap_v3_2\formal_training\formal_traditional_ppo_seed45_3000ep\training_metrics.jsonl,994c4305759a2ca1779031a70b0ce3316539e10a56ea57ff9ba2686d89f613b3,,,
seed,traditional_ppo,45.0,192,0.1714831015560776,16,multimap_v3_1,paper_runs\multimap_v3_2\formal_training\formal_traditional_ppo_seed45_3000ep\training_metrics.jsonl,994c4305759a2ca1779031a70b0ce3316539e10a56ea57ff9ba2686d89f613b3,,,
seed,traditional_ppo,45.0,208,0.26549411239102483,16,multimap_v3_1,paper_runs\multimap_v3_2\formal_training\formal_traditional_ppo_seed45_3000ep\training_metrics.jsonl,994c4305759a2ca1779031a70b0ce3316539e10a56ea57ff9ba2686d89f613b3,,,
seed,traditional_ppo,45.0,224,0.190422106301412,16,multimap_v3_1,paper_runs\multimap_v3_2\formal_training\formal_traditional_ppo_seed45_3000ep\training_metrics.jsonl,994c4305759a2ca1779031a70b0ce3316539e10a56ea57ff9ba2686d89f613b3,,,
seed,traditional_ppo,45.0,240,0.2644440187141299,16,multimap_v3_1,paper_runs\multimap_v3_2\formal_training\formal_traditional_ppo_seed45_3000ep\training_metrics.jsonl,994c4305759a2ca1779031a70b0ce3316539e10a56ea57ff9ba2686d89f613b3,,,
seed,traditional_ppo,45.0,250,0.26729184985160825,16,multimap_v3_1,paper_runs\multimap_v3_2\formal_training\formal_traditional_ppo_seed45_3000ep\training_metrics.jsonl,994c4305759a2ca1779031a70b0ce3316539e10a56ea57ff9ba2686d89f613b3,,,
seed,traditional_ppo,45.0,266,0.1687558392295614,16,multimap_v3_1,paper_runs\multimap_v3_2\formal_training\formal_traditional_ppo_seed45_3000ep\training_metrics.jsonl,994c4305759a2ca1779031a70b0ce3316539e10a56ea57ff9ba2686d89f613b3,,,
seed,traditional_ppo,45.0,282,0.1806716830469668,16,multimap_v3_1,paper_runs\multimap_v3_2\formal_training\formal_traditional_ppo_seed45_3000ep\training_metrics.jsonl,994c4305759a2ca1779031a70b0ce3316539e10a56ea57ff9ba2686d89f613b3,,,
seed,traditional_ppo,45.0,298,0.26391883892938495,16,multimap_v3_1,paper_runs\multimap_v3_2\formal_training\formal_traditional_ppo_seed45_3000ep\training_metrics.jsonl,994c4305759a2ca1779031a70b0ce3316539e10a56ea57ff9ba2686d89f613b3,,,
seed,traditional_ppo,45.0,314,0.2198002291843295,16,multimap_v3_1,paper_runs\multimap_v3_2\formal_training\formal_traditional_ppo_seed45_3000ep\training_metrics.jsonl,994c4305759a2ca1779031a70b0ce3316539e10a56ea57ff9ba2686d89f613b3,,,
seed,traditional_ppo,45.0,330,0.20615236274898052,16,multimap_v3_1,paper_runs\multimap_v3_2\formal_training\formal_traditional_ppo_seed45_3000ep\training_metrics.jsonl,994c4305759a2ca1779031a70b0ce3316539e10a56ea57ff9ba2686d89f613b3,,,
seed,traditional_ppo,45.0,346,0.2982813478447497,16,multimap_v3_1,paper_runs\multimap_v3_2\formal_training\formal_traditional_ppo_seed45_3000ep\training_metrics.jsonl,994c4305759a2ca1779031a70b0ce3316539e10a56ea57ff9ba2686d89f613b3,,,
seed,traditional_ppo,45.0,362,0.24010282615199685,16,multimap_v3_1,paper_runs\multimap_v3_2\formal_training\formal_traditional_ppo_seed45_3000ep\training_metrics.jsonl,994c4305759a2ca1779031a70b0ce3316539e10a56ea57ff9ba2686d89f613b3,,,
seed,traditional_ppo,45.0,378,0.20834159292280674,16,multimap_v3_1,paper_runs\multimap_v3_2\formal_training\formal_traditional_ppo_seed45_3000ep\training_metrics.jsonl,994c4305759a2ca1779031a70b0ce3316539e10a56ea57ff9ba2686d89f613b3,,,
seed,traditional_ppo,45.0,394,0.28441639989614487,16,multimap_v3_1,paper_runs\multimap_v3_2\formal_training\formal_traditional_ppo_seed45_3000ep\training_metrics.jsonl,994c4305759a2ca1779031a70b0ce3316539e10a56ea57ff9ba2686d89f613b3,,,
seed,traditional_ppo,45.0,410,0.25676377303898335,16,multimap_v3_1,paper_runs\multimap_v3_2\formal_training\formal_traditional_ppo_seed45_3000ep\training_metrics.jsonl,994c4305759a2ca1779031a70b0ce3316539e10a56ea57ff9ba2686d89f613b3,,,
seed,traditional_ppo,45.0,426,0.19814434042200446,16,multimap_v3_1,paper_runs\multimap_v3_2\formal_training\formal_traditional_ppo_seed45_3000ep\training_metrics.jsonl,994c4305759a2ca1779031a70b0ce3316539e10a56ea57ff9ba2686d89f613b3,,,
seed,traditional_ppo,45.0,442,0.2768133543431759,16,multimap_v3_1,paper_runs\multimap_v3_2\formal_training\formal_traditional_ppo_seed45_3000ep\training_metrics.jsonl,994c4305759a2ca1779031a70b0ce3316539e10a56ea57ff9ba2686d89f613b3,,,
seed,traditional_ppo,45.0,458,0.2508152509108186,16,multimap_v3_1,paper_runs\multimap_v3_2\formal_training\formal_traditional_ppo_seed45_3000ep\training_metrics.jsonl,994c4305759a2ca1779031a70b0ce3316539e10a56ea57ff9ba2686d89f613b3,,,
seed,traditional_ppo,45.0,474,0.21876277215778828,16,multimap_v3_1,paper_runs\multimap_v3_2\formal_training\formal_traditional_ppo_seed45_3000ep\training_metrics.jsonl,994c4305759a2ca1779031a70b0ce3316539e10a56ea57ff9ba2686d89f613b3,,,
seed,traditional_ppo,45.0,490,0.26685946621000767,16,multimap_v3_1,paper_runs\multimap_v3_2\formal_training\formal_traditional_ppo_seed45_3000ep\training_metrics.jsonl,994c4305759a2ca1779031a70b0ce3316539e10a56ea57ff9ba2686d89f613b3,,,
seed,traditional_ppo,45.0,500,0.2338597945868969,16,multimap_v3_1,paper_runs\multimap_v3_2\formal_training\formal_traditional_ppo_seed45_3000ep\training_metrics.jsonl,994c4305759a2ca1779031a70b0ce3316539e10a56ea57ff9ba2686d89f613b3,,,
seed,traditional_ppo,45.0,516,0.20721289329230785,16,multimap_v3_1,paper_runs\multimap_v3_2\formal_training\formal_traditional_ppo_seed45_3000ep\training_metrics.jsonl,994c4305759a2ca1779031a70b0ce3316539e10a56ea57ff9ba2686d89f613b3,,,
seed,traditional_ppo,45.0,532,0.2441283967345953,16,multimap_v3_1,paper_runs\multimap_v3_2\formal_training\formal_traditional_ppo_seed45_3000ep\training_metrics.jsonl,994c4305759a2ca1779031a70b0ce3316539e10a56ea57ff9ba2686d89f613b3,,,
seed,traditional_ppo,45.0,548,0.2647336549125612,16,multimap_v3_1,paper_runs\multimap_v3_2\formal_training\formal_traditional_ppo_seed45_3000ep\training_metrics.jsonl,994c4305759a2ca1779031a70b0ce3316539e10a56ea57ff9ba2686d89f613b3,,,
seed,traditional_ppo,45.0,564,0.21218217071145773,16,multimap_v3_1,paper_runs\multimap_v3_2\formal_training\formal_traditional_ppo_seed45_3000ep\training_metrics.jsonl,994c4305759a2ca1779031a70b0ce3316539e10a56ea57ff9ba2686d89f613b3,,,
seed,traditional_ppo,45.0,580,0.23024718230590224,16,multimap_v3_1,paper_runs\multimap_v3_2\formal_training\formal_traditional_ppo_seed45_3000ep\training_metrics.jsonl,994c4305759a2ca1779031a70b0ce3316539e10a56ea57ff9ba2686d89f613b3,,,
seed,traditional_ppo,45.0,596,0.2602362586185336,16,multimap_v3_1,paper_runs\multimap_v3_2\formal_training\formal_traditional_ppo_seed45_3000ep\training_metrics.jsonl,994c4305759a2ca1779031a70b0ce3316539e10a56ea57ff9ba2686d89f613b3,,,
seed,traditional_ppo,45.0,612,0.19320488721132278,16,multimap_v3_1,paper_runs\multimap_v3_2\formal_training\formal_traditional_ppo_seed45_3000ep\training_metrics.jsonl,994c4305759a2ca1779031a70b0ce3316539e10a56ea57ff9ba2686d89f613b3,,,
seed,traditional_ppo,45.0,628,0.2961554527282715,16,multimap_v3_1,paper_runs\multimap_v3_2\formal_training\formal_traditional_ppo_seed45_3000ep\training_metrics.jsonl,994c4305759a2ca1779031a70b0ce3316539e10a56ea57ff9ba2686d89f613b3,,,
seed,traditional_ppo,45.0,644,0.250739608425647,16,multimap_v3_1,paper_runs\multimap_v3_2\formal_training\formal_traditional_ppo_seed45_3000ep\training_metrics.jsonl,994c4305759a2ca1779031a70b0ce3316539e10a56ea57ff9ba2686d89f613b3,,,
seed,traditional_ppo,45.0,660,0.22731767245568335,16,multimap_v3_1,paper_runs\multimap_v3_2\formal_training\formal_traditional_ppo_seed45_3000ep\training_metrics.jsonl,994c4305759a2ca1779031a70b0ce3316539e10a56ea57ff9ba2686d89f613b3,,,
seed,traditional_ppo,45.0,676,0.33155997563153505,16,multimap_v3_1,paper_runs\multimap_v3_2\formal_training\formal_traditional_ppo_seed45_3000ep\training_metrics.jsonl,994c4305759a2ca1779031a70b0ce3316539e10a56ea57ff9ba2686d89f613b3,,,
seed,traditional_ppo,45.0,692,0.20596593478694558,16,multimap_v3_1,paper_runs\multimap_v3_2\formal_training\formal_traditional_ppo_seed45_3000ep\training_metrics.jsonl,994c4305759a2ca1779031a70b0ce3316539e10a56ea57ff9ba2686d89f613b3,,,
seed,traditional_ppo,45.0,708,0.1972191990353167,16,multimap_v3_1,paper_runs\multimap_v3_2\formal_training\formal_traditional_ppo_seed45_3000ep\training_metrics.jsonl,994c4305759a2ca1779031a70b0ce3316539e10a56ea57ff9ba2686d89f613b3,,,
seed,traditional_ppo,45.0,724,0.28089023288339376,16,multimap_v3_1,paper_runs\multimap_v3_2\formal_training\formal_traditional_ppo_seed45_3000ep\training_metrics.jsonl,994c4305759a2ca1779031a70b0ce3316539e10a56ea57ff9ba2686d89f613b3,,,
seed,traditional_ppo,45.0,740,0.25262901093810797,16,multimap_v3_1,paper_runs\multimap_v3_2\formal_training\formal_traditional_ppo_seed45_3000ep\training_metrics.jsonl,994c4305759a2ca1779031a70b0ce3316539e10a56ea57ff9ba2686d89f613b3,,,
seed,traditional_ppo,45.0,756,0.22891173628158867,16,multimap_v3_1,paper_runs\multimap_v3_2\formal_training\formal_traditional_ppo_seed45_3000ep\training_metrics.jsonl,994c4305759a2ca1779031a70b0ce3316539e10a56ea57ff9ba2686d89f613b3,,,
seed,traditional_ppo,45.0,772,0.2983719715848565,16,multimap_v3_1,paper_runs\multimap_v3_2\formal_training\formal_traditional_ppo_seed45_3000ep\training_metrics.jsonl,994c4305759a2ca1779031a70b0ce3316539e10a56ea57ff9ba2686d89f613b3,,,
seed,traditional_ppo,45.0,788,0.26025540567934513,16,multimap_v3_1,paper_runs\multimap_v3_2\formal_training\formal_traditional_ppo_seed45_3000ep\training_metrics.jsonl,994c4305759a2ca1779031a70b0ce3316539e10a56ea57ff9ba2686d89f613b3,,,
seed,traditional_ppo,45.0,804,0.23647474450990558,16,multimap_v3_1,paper_runs\multimap_v3_2\formal_training\formal_traditional_ppo_seed45_3000ep\training_metrics.jsonl,994c4305759a2ca1779031a70b0ce3316539e10a56ea57ff9ba2686d89f613b3,,,
seed,traditional_ppo,45.0,820,0.3178594443015754,16,multimap_v3_1,paper_runs\multimap_v3_2\formal_training\formal_traditional_ppo_seed45_3000ep\training_metrics.jsonl,994c4305759a2ca1779031a70b0ce3316539e10a56ea57ff9ba2686d89f613b3,,,
seed,traditional_ppo,45.0,836,0.2958977660164237,16,multimap_v3_1,paper_runs\multimap_v3_2\formal_training\formal_traditional_ppo_seed45_3000ep\training_metrics.jsonl,994c4305759a2ca1779031a70b0ce3316539e10a56ea57ff9ba2686d89f613b3,,,
seed,traditional_ppo,45.0,852,0.20739854034036398,16,multimap_v3_1,paper_runs\multimap_v3_2\formal_training\formal_traditional_ppo_seed45_3000ep\training_metrics.jsonl,994c4305759a2ca1779031a70b0ce3316539e10a56ea57ff9ba2686d89f613b3,,,
seed,traditional_ppo,45.0,868,0.26684262324124575,16,multimap_v3_1,paper_runs\multimap_v3_2\formal_training\formal_traditional_ppo_seed45_3000ep\training_metrics.jsonl,994c4305759a2ca1779031a70b0ce3316539e10a56ea57ff9ba2686d89f613b3,,,
seed,traditional_ppo,45.0,884,0.27266236674040556,16,multimap_v3_1,paper_runs\multimap_v3_2\formal_training\formal_traditional_ppo_seed45_3000ep\training_metrics.jsonl,994c4305759a2ca1779031a70b0ce3316539e10a56ea57ff9ba2686d89f613b3,,,
seed,traditional_ppo,45.0,900,0.24536883179098368,16,multimap_v3_1,paper_runs\multimap_v3_2\formal_training\formal_traditional_ppo_seed45_3000ep\training_metrics.jsonl,994c4305759a2ca1779031a70b0ce3316539e10a56ea57ff9ba2686d89f613b3,,,
seed,traditional_ppo,45.0,916,0.20487158570904285,16,multimap_v3_1,paper_runs\multimap_v3_2\formal_training\formal_traditional_ppo_seed45_3000ep\training_metrics.jsonl,994c4305759a2ca1779031a70b0ce3316539e10a56ea57ff9ba2686d89f613b3,,,
seed,traditional_ppo,45.0,932,0.2803883496671915,16,multimap_v3_1,paper_runs\multimap_v3_2\formal_training\formal_traditional_ppo_seed45_3000ep\training_metrics.jsonl,994c4305759a2ca1779031a70b0ce3316539e10a56ea57ff9ba2686d89f613b3,,,
seed,traditional_ppo,45.0,948,0.24289163667708635,16,multimap_v3_1,paper_runs\multimap_v3_2\formal_training\formal_traditional_ppo_seed45_3000ep\training_metrics.jsonl,994c4305759a2ca1779031a70b0ce3316539e10a56ea57ff9ba2686d89f613b3,,,
seed,traditional_ppo,45.0,964,0.31804568134248257,16,multimap_v3_1,paper_runs\multimap_v3_2\formal_training\formal_traditional_ppo_seed45_3000ep\training_metrics.jsonl,994c4305759a2ca1779031a70b0ce3316539e10a56ea57ff9ba2686d89f613b3,,,
seed,traditional_ppo,45.0,980,0.21485047787427902,16,multimap_v3_1,paper_runs\multimap_v3_2\formal_training\formal_traditional_ppo_seed45_3000ep\training_metrics.jsonl,994c4305759a2ca1779031a70b0ce3316539e10a56ea57ff9ba2686d89f613b3,,,
seed,traditional_ppo,45.0,996,0.24267344176769257,16,multimap_v3_1,paper_runs\multimap_v3_2\formal_training\formal_traditional_ppo_seed45_3000ep\training_metrics.jsonl,994c4305759a2ca1779031a70b0ce3316539e10a56ea57ff9ba2686d89f613b3,,,
seed,traditional_ppo,45.0,1000,0.29259195923805237,16,multimap_v3_1,paper_runs\multimap_v3_2\formal_training\formal_traditional_ppo_seed45_3000ep\training_metrics.jsonl,994c4305759a2ca1779031a70b0ce3316539e10a56ea57ff9ba2686d89f613b3,,,
seed,traditional_ppo,45.0,1016,0.2663952335715294,16,multimap_v3_1,paper_runs\multimap_v3_2\formal_training\formal_traditional_ppo_seed45_3000ep\training_metrics.jsonl,994c4305759a2ca1779031a70b0ce3316539e10a56ea57ff9ba2686d89f613b3,,,
seed,traditional_ppo,45.0,1032,0.2379018091596663,16,multimap_v3_1,paper_runs\multimap_v3_2\formal_training\formal_traditional_ppo_seed45_3000ep\training_metrics.jsonl,994c4305759a2ca1779031a70b0ce3316539e10a56ea57ff9ba2686d89f613b3,,,
seed,traditional_ppo,45.0,1048,0.32353446166962385,16,multimap_v3_1,paper_runs\multimap_v3_2\formal_training\formal_traditional_ppo_seed45_3000ep\training_metrics.jsonl,994c4305759a2ca1779031a70b0ce3316539e10a56ea57ff9ba2686d89f613b3,,,
seed,traditional_ppo,45.0,1064,0.2820096053183079,16,multimap_v3_1,paper_runs\multimap_v3_2\formal_training\formal_traditional_ppo_seed45_3000ep\training_metrics.jsonl,994c4305759a2ca1779031a70b0ce3316539e10a56ea57ff9ba2686d89f613b3,,,
seed,traditional_ppo,45.0,1080,0.23253867006860673,16,multimap_v3_1,paper_runs\multimap_v3_2\formal_training\formal_traditional_ppo_seed45_3000ep\training_metrics.jsonl,994c4305759a2ca1779031a70b0ce3316539e10a56ea57ff9ba2686d89f613b3,,,
seed,traditional_ppo,45.0,1096,0.25921382289379835,16,multimap_v3_1,paper_runs\multimap_v3_2\formal_training\formal_traditional_ppo_seed45_3000ep\training_metrics.jsonl,994c4305759a2ca1779031a70b0ce3316539e10a56ea57ff9ba2686d89f613b3,,,
seed,traditional_ppo,45.0,1112,0.2572771906852722,16,multimap_v3_1,paper_runs\multimap_v3_2\formal_training\formal_traditional_ppo_seed45_3000ep\training_metrics.jsonl,994c4305759a2ca1779031a70b0ce3316539e10a56ea57ff9ba2686d89f613b3,,,
seed,traditional_ppo,45.0,1128,0.21868214244022965,16,multimap_v3_1,paper_runs\multimap_v3_2\formal_training\formal_traditional_ppo_seed45_3000ep\training_metrics.jsonl,994c4305759a2ca1779031a70b0ce3316539e10a56ea57ff9ba2686d89f613b3,,,
seed,traditional_ppo,45.0,1144,0.2962404219433665,16,multimap_v3_1,paper_runs\multimap_v3_2\formal_training\formal_traditional_ppo_seed45_3000ep\training_metrics.jsonl,994c4305759a2ca1779031a70b0ce3316539e10a56ea57ff9ba2686d89f613b3,,,
seed,traditional_ppo,45.0,1160,0.2695460868999362,16,multimap_v3_1,paper_runs\multimap_v3_2\formal_training\formal_traditional_ppo_seed45_3000ep\training_metrics.jsonl,994c4305759a2ca1779031a70b0ce3316539e10a56ea57ff9ba2686d89f613b3,,,
seed,traditional_ppo,45.0,1176,0.25185277964919806,16,multimap_v3_1,paper_runs\multimap_v3_2\formal_training\formal_traditional_ppo_seed45_3000ep\training_metrics.jsonl,994c4305759a2ca1779031a70b0ce3316539e10a56ea57ff9ba2686d89f613b3,,,
seed,traditional_ppo,45.0,1192,0.28859247732907534,16,multimap_v3_1,paper_runs\multimap_v3_2\formal_training\formal_traditional_ppo_seed45_3000ep\training_metrics.jsonl,994c4305759a2ca1779031a70b0ce3316539e10a56ea57ff9ba2686d89f613b3,,,
seed,traditional_ppo,45.0,1208,0.23547890316694975,16,multimap_v3_1,paper_runs\multimap_v3_2\formal_training\formal_traditional_ppo_seed45_3000ep\training_metrics.jsonl,994c4305759a2ca1779031a70b0ce3316539e10a56ea57ff9ba2686d89f613b3,,,
seed,traditional_ppo,45.0,1224,0.24154274724423885,16,multimap_v3_1,paper_runs\multimap_v3_2\formal_training\formal_traditional_ppo_seed45_3000ep\training_metrics.jsonl,994c4305759a2ca1779031a70b0ce3316539e10a56ea57ff9ba2686d89f613b3,,,
seed,traditional_ppo,45.0,1240,0.29620054038241506,16,multimap_v3_1,paper_runs\multimap_v3_2\formal_training\formal_traditional_ppo_seed45_3000ep\training_metrics.jsonl,994c4305759a2ca1779031a70b0ce3316539e10a56ea57ff9ba2686d89f613b3,,,
seed,traditional_ppo,45.0,1256,0.2790440544486046,16,multimap_v3_1,paper_runs\multimap_v3_2\formal_training\formal_traditional_ppo_seed45_3000ep\training_metrics.jsonl,994c4305759a2ca1779031a70b0ce3316539e10a56ea57ff9ba2686d89f613b3,,,
seed,traditional_ppo,45.0,1272,0.210955869872123,16,multimap_v3_1,paper_runs\multimap_v3_2\formal_training\formal_traditional_ppo_seed45_3000ep\training_metrics.jsonl,994c4305759a2ca1779031a70b0ce3316539e10a56ea57ff9ba2686d89f613b3,,,
seed,traditional_ppo,45.0,1288,0.2805628115311265,16,multimap_v3_1,paper_runs\multimap_v3_2\formal_training\formal_traditional_ppo_seed45_3000ep\training_metrics.jsonl,994c4305759a2ca1779031a70b0ce3316539e10a56ea57ff9ba2686d89f613b3,,,
seed,traditional_ppo,45.0,1304,0.2569529451429844,16,multimap_v3_1,paper_runs\multimap_v3_2\formal_training\formal_traditional_ppo_seed45_3000ep\training_metrics.jsonl,994c4305759a2ca1779031a70b0ce3316539e10a56ea57ff9ba2686d89f613b3,,,
seed,traditional_ppo,45.0,1320,0.2250210866332054,16,multimap_v3_1,paper_runs\multimap_v3_2\formal_training\formal_traditional_ppo_seed45_3000ep\training_metrics.jsonl,994c4305759a2ca1779031a70b0ce3316539e10a56ea57ff9ba2686d89f613b3,,,
seed,traditional_ppo,45.0,1336,0.35231692204251885,16,multimap_v3_1,paper_runs\multimap_v3_2\formal_training\formal_traditional_ppo_seed45_3000ep\training_metrics.jsonl,994c4305759a2ca1779031a70b0ce3316539e10a56ea57ff9ba2686d89f613b3,,,
seed,traditional_ppo,45.0,1352,0.3120564939454198,16,multimap_v3_1,paper_runs\multimap_v3_2\formal_training\formal_traditional_ppo_seed45_3000ep\training_metrics.jsonl,994c4305759a2ca1779031a70b0ce3316539e10a56ea57ff9ba2686d89f613b3,,,
seed,traditional_ppo,45.0,1368,0.22506334632635117,16,multimap_v3_1,paper_runs\multimap_v3_2\formal_training\formal_traditional_ppo_seed45_3000ep\training_metrics.jsonl,994c4305759a2ca1779031a70b0ce3316539e10a56ea57ff9ba2686d89f613b3,,,
seed,traditional_ppo,45.0,1384,0.3000267641618848,16,multimap_v3_1,paper_runs\multimap_v3_2\formal_training\formal_traditional_ppo_seed45_3000ep\training_metrics.jsonl,994c4305759a2ca1779031a70b0ce3316539e10a56ea57ff9ba2686d89f613b3,,,
seed,traditional_ppo,45.0,1400,0.2617953870212659,16,multimap_v3_1,paper_runs\multimap_v3_2\formal_training\formal_traditional_ppo_seed45_3000ep\training_metrics.jsonl,994c4305759a2ca1779031a70b0ce3316539e10a56ea57ff9ba2686d89f613b3,,,
seed,traditional_ppo,45.0,1416,0.22630734741687775,16,multimap_v3_1,paper_runs\multimap_v3_2\formal_training\formal_traditional_ppo_seed45_3000ep\training_metrics.jsonl,994c4305759a2ca1779031a70b0ce3316539e10a56ea57ff9ba2686d89f613b3,,,
seed,traditional_ppo,45.0,1432,0.3235732549801469,16,multimap_v3_1,paper_runs\multimap_v3_2\formal_training\formal_traditional_ppo_seed45_3000ep\training_metrics.jsonl,994c4305759a2ca1779031a70b0ce3316539e10a56ea57ff9ba2686d89f613b3,,,
seed,traditional_ppo,45.0,1448,0.2509020706638694,16,multimap_v3_1,paper_runs\multimap_v3_2\formal_training\formal_traditional_ppo_seed45_3000ep\training_metrics.jsonl,994c4305759a2ca1779031a70b0ce3316539e10a56ea57ff9ba2686d89f613b3,,,
seed,traditional_ppo,45.0,1464,0.23648747708648443,16,multimap_v3_1,paper_runs\multimap_v3_2\formal_training\formal_traditional_ppo_seed45_3000ep\training_metrics.jsonl,994c4305759a2ca1779031a70b0ce3316539e10a56ea57ff9ba2686d89f613b3,,,
seed,traditional_ppo,45.0,1480,0.2983476519584656,16,multimap_v3_1,paper_runs\multimap_v3_2\formal_training\formal_traditional_ppo_seed45_3000ep\training_metrics.jsonl,994c4305759a2ca1779031a70b0ce3316539e10a56ea57ff9ba2686d89f613b3,,,
seed,traditional_ppo,45.0,1496,0.2572598047554493,16,multimap_v3_1,paper_runs\multimap_v3_2\formal_training\formal_traditional_ppo_seed45_3000ep\training_metrics.jsonl,994c4305759a2ca1779031a70b0ce3316539e10a56ea57ff9ba2686d89f613b3,,,
seed,traditional_ppo,45.0,1500,0.18514654785394669,16,multimap_v3_1,paper_runs\multimap_v3_2\formal_training\formal_traditional_ppo_seed45_3000ep\training_metrics.jsonl,994c4305759a2ca1779031a70b0ce3316539e10a56ea57ff9ba2686d89f613b3,,,
seed,traditional_ppo,45.0,1516,0.3101439019665122,16,multimap_v3_1,paper_runs\multimap_v3_2\formal_training\formal_traditional_ppo_seed45_3000ep\training_metrics.jsonl,994c4305759a2ca1779031a70b0ce3316539e10a56ea57ff9ba2686d89f613b3,,,
seed,traditional_ppo,45.0,1532,0.23381187627092004,16,multimap_v3_1,paper_runs\multimap_v3_2\formal_training\formal_traditional_ppo_seed45_3000ep\training_metrics.jsonl,994c4305759a2ca1779031a70b0ce3316539e10a56ea57ff9ba2686d89f613b3,,,
seed,traditional_ppo,45.0,1548,0.19824724877253175,16,multimap_v3_1,paper_runs\multimap_v3_2\formal_training\formal_traditional_ppo_seed45_3000ep\training_metrics.jsonl,994c4305759a2ca1779031a70b0ce3316539e10a56ea57ff9ba2686d89f613b3,,,
seed,traditional_ppo,45.0,1564,0.2729191967519,16,multimap_v3_1,paper_runs\multimap_v3_2\formal_training\formal_traditional_ppo_seed45_3000ep\training_metrics.jsonl,994c4305759a2ca1779031a70b0ce3316539e10a56ea57ff9ba2686d89f613b3,,,
seed,traditional_ppo,45.0,1580,0.2556584635749459,16,multimap_v3_1,paper_runs\multimap_v3_2\formal_training\formal_traditional_ppo_seed45_3000ep\training_metrics.jsonl,994c4305759a2ca1779031a70b0ce3316539e10a56ea57ff9ba2686d89f613b3,,,
seed,traditional_ppo,45.0,1596,0.2339357351884246,16,multimap_v3_1,paper_runs\multimap_v3_2\formal_training\formal_traditional_ppo_seed45_3000ep\training_metrics.jsonl,994c4305759a2ca1779031a70b0ce3316539e10a56ea57ff9ba2686d89f613b3,,,
seed,traditional_ppo,45.0,1612,0.3448892440646887,16,multimap_v3_1,paper_runs\multimap_v3_2\formal_training\formal_traditional_ppo_seed45_3000ep\training_metrics.jsonl,994c4305759a2ca1779031a70b0ce3316539e10a56ea57ff9ba2686d89f613b3,,,
seed,traditional_ppo,45.0,1628,0.25248417910188437,16,multimap_v3_1,paper_runs\multimap_v3_2\formal_training\formal_traditional_ppo_seed45_3000ep\training_metrics.jsonl,994c4305759a2ca1779031a70b0ce3316539e10a56ea57ff9ba2686d89f613b3,,,
seed,traditional_ppo,45.0,1644,0.23503061616793275,16,multimap_v3_1,paper_runs\multimap_v3_2\formal_training\formal_traditional_ppo_seed45_3000ep\training_metrics.jsonl,994c4305759a2ca1779031a70b0ce3316539e10a56ea57ff9ba2686d89f613b3,,,
seed,traditional_ppo,45.0,1660,0.30810289178043604,16,multimap_v3_1,paper_runs\multimap_v3_2\formal_training\formal_traditional_ppo_seed45_3000ep\training_metrics.jsonl,994c4305759a2ca1779031a70b0ce3316539e10a56ea57ff9ba2686d89f613b3,,,
seed,traditional_ppo,45.0,1676,0.23341718409210443,16,multimap_v3_1,paper_runs\multimap_v3_2\formal_training\formal_traditional_ppo_seed45_3000ep\training_metrics.jsonl,994c4305759a2ca1779031a70b0ce3316539e10a56ea57ff9ba2686d89f613b3,,,
seed,traditional_ppo,45.0,1692,0.22396099963225424,16,multimap_v3_1,paper_runs\multimap_v3_2\formal_training\formal_traditional_ppo_seed45_3000ep\training_metrics.jsonl,994c4305759a2ca1779031a70b0ce3316539e10a56ea57ff9ba2686d89f613b3,,,
seed,traditional_ppo,45.0,1708,0.24177344562485814,16,multimap_v3_1,paper_runs\multimap_v3_2\formal_training\formal_traditional_ppo_seed45_3000ep\training_metrics.jsonl,994c4305759a2ca1779031a70b0ce3316539e10a56ea57ff9ba2686d89f613b3,,,
seed,traditional_ppo,45.0,1724,0.23191602481529117,16,multimap_v3_1,paper_runs\multimap_v3_2\formal_training\formal_traditional_ppo_seed45_3000ep\training_metrics.jsonl,994c4305759a2ca1779031a70b0ce3316539e10a56ea57ff9ba2686d89f613b3,,,
seed,traditional_ppo,45.0,1740,0.26069393288344145,16,multimap_v3_1,paper_runs\multimap_v3_2\formal_training\formal_traditional_ppo_seed45_3000ep\training_metrics.jsonl,994c4305759a2ca1779031a70b0ce3316539e10a56ea57ff9ba2686d89f613b3,,,
seed,traditional_ppo,45.0,1756,0.2832532376050949,16,multimap_v3_1,paper_runs\multimap_v3_2\formal_training\formal_traditional_ppo_seed45_3000ep\training_metrics.jsonl,994c4305759a2ca1779031a70b0ce3316539e10a56ea57ff9ba2686d89f613b3,,,
seed,traditional_ppo,45.0,1772,0.23676930367946625,16,multimap_v3_1,paper_runs\multimap_v3_2\formal_training\formal_traditional_ppo_seed45_3000ep\training_metrics.jsonl,994c4305759a2ca1779031a70b0ce3316539e10a56ea57ff9ba2686d89f613b3,,,
seed,traditional_ppo,45.0,1788,0.23265865165740252,16,multimap_v3_1,paper_runs\multimap_v3_2\formal_training\formal_traditional_ppo_seed45_3000ep\training_metrics.jsonl,994c4305759a2ca1779031a70b0ce3316539e10a56ea57ff9ba2686d89f613b3,,,
seed,traditional_ppo,45.0,1804,0.29063878068700433,16,multimap_v3_1,paper_runs\multimap_v3_2\formal_training\formal_traditional_ppo_seed45_3000ep\training_metrics.jsonl,994c4305759a2ca1779031a70b0ce3316539e10a56ea57ff9ba2686d89f613b3,,,
seed,traditional_ppo,45.0,1820,0.2304566279053688,16,multimap_v3_1,paper_runs\multimap_v3_2\formal_training\formal_traditional_ppo_seed45_3000ep\training_metrics.jsonl,994c4305759a2ca1779031a70b0ce3316539e10a56ea57ff9ba2686d89f613b3,,,
seed,traditional_ppo,45.0,1836,0.24291141983121634,16,multimap_v3_1,paper_runs\multimap_v3_2\formal_training\formal_traditional_ppo_seed45_3000ep\training_metrics.jsonl,994c4305759a2ca1779031a70b0ce3316539e10a56ea57ff9ba2686d89f613b3,,,
seed,traditional_ppo,45.0,1852,0.30624962504953146,16,multimap_v3_1,paper_runs\multimap_v3_2\formal_training\formal_traditional_ppo_seed45_3000ep\training_metrics.jsonl,994c4305759a2ca1779031a70b0ce3316539e10a56ea57ff9ba2686d89f613b3,,,
seed,traditional_ppo,45.0,1868,0.2430553464218974,16,multimap_v3_1,paper_runs\multimap_v3_2\formal_training\formal_traditional_ppo_seed45_3000ep\training_metrics.jsonl,994c4305759a2ca1779031a70b0ce3316539e10a56ea57ff9ba2686d89f613b3,,,
seed,traditional_ppo,45.0,1884,0.2315231440588832,16,multimap_v3_1,paper_runs\multimap_v3_2\formal_training\formal_traditional_ppo_seed45_3000ep\training_metrics.jsonl,994c4305759a2ca1779031a70b0ce3316539e10a56ea57ff9ba2686d89f613b3,,,
seed,traditional_ppo,45.0,1900,0.2868162812665105,16,multimap_v3_1,paper_runs\multimap_v3_2\formal_training\formal_traditional_ppo_seed45_3000ep\training_metrics.jsonl,994c4305759a2ca1779031a70b0ce3316539e10a56ea57ff9ba2686d89f613b3,,,
seed,traditional_ppo,45.0,1916,0.23829703824594617,16,multimap_v3_1,paper_runs\multimap_v3_2\formal_training\formal_traditional_ppo_seed45_3000ep\training_metrics.jsonl,994c4305759a2ca1779031a70b0ce3316539e10a56ea57ff9ba2686d89f613b3,,,
seed,traditional_ppo,45.0,1932,0.22371760895475745,16,multimap_v3_1,paper_runs\multimap_v3_2\formal_training\formal_traditional_ppo_seed45_3000ep\training_metrics.jsonl,994c4305759a2ca1779031a70b0ce3316539e10a56ea57ff9ba2686d89f613b3,,,
seed,traditional_ppo,45.0,1948,0.28280480578541756,16,multimap_v3_1,paper_runs\multimap_v3_2\formal_training\formal_traditional_ppo_seed45_3000ep\training_metrics.jsonl,994c4305759a2ca1779031a70b0ce3316539e10a56ea57ff9ba2686d89f613b3,,,
seed,traditional_ppo,45.0,1964,0.28828339744359255,16,multimap_v3_1,paper_runs\multimap_v3_2\formal_training\formal_traditional_ppo_seed45_3000ep\training_metrics.jsonl,994c4305759a2ca1779031a70b0ce3316539e10a56ea57ff9ba2686d89f613b3,,,
seed,traditional_ppo,45.0,1980,0.24166865833103657,16,multimap_v3_1,paper_runs\multimap_v3_2\formal_training\formal_traditional_ppo_seed45_3000ep\training_metrics.jsonl,994c4305759a2ca1779031a70b0ce3316539e10a56ea57ff9ba2686d89f613b3,,,
seed,traditional_ppo,45.0,1996,0.28094290802255273,16,multimap_v3_1,paper_runs\multimap_v3_2\formal_training\formal_traditional_ppo_seed45_3000ep\training_metrics.jsonl,994c4305759a2ca1779031a70b0ce3316539e10a56ea57ff9ba2686d89f613b3,,,
seed,traditional_ppo,45.0,2000,0.23440489545464516,16,multimap_v3_1,paper_runs\multimap_v3_2\formal_training\formal_traditional_ppo_seed45_3000ep\training_metrics.jsonl,994c4305759a2ca1779031a70b0ce3316539e10a56ea57ff9ba2686d89f613b3,,,
seed,traditional_ppo,45.0,2016,0.25802572909742594,16,multimap_v3_1,paper_runs\multimap_v3_2\formal_training\formal_traditional_ppo_seed45_3000ep\training_metrics.jsonl,994c4305759a2ca1779031a70b0ce3316539e10a56ea57ff9ba2686d89f613b3,,,
seed,traditional_ppo,45.0,2032,0.28071269020438194,16,multimap_v3_1,paper_runs\multimap_v3_2\formal_training\formal_traditional_ppo_seed45_3000ep\training_metrics.jsonl,994c4305759a2ca1779031a70b0ce3316539e10a56ea57ff9ba2686d89f613b3,,,
seed,traditional_ppo,45.0,2048,0.27420406602323055,16,multimap_v3_1,paper_runs\multimap_v3_2\formal_training\formal_traditional_ppo_seed45_3000ep\training_metrics.jsonl,994c4305759a2ca1779031a70b0ce3316539e10a56ea57ff9ba2686d89f613b3,,,
seed,traditional_ppo,45.0,2064,0.2428241576999426,16,multimap_v3_1,paper_runs\multimap_v3_2\formal_training\formal_traditional_ppo_seed45_3000ep\training_metrics.jsonl,994c4305759a2ca1779031a70b0ce3316539e10a56ea57ff9ba2686d89f613b3,,,
seed,traditional_ppo,45.0,2080,0.30422948487102985,16,multimap_v3_1,paper_runs\multimap_v3_2\formal_training\formal_traditional_ppo_seed45_3000ep\training_metrics.jsonl,994c4305759a2ca1779031a70b0ce3316539e10a56ea57ff9ba2686d89f613b3,,,
seed,traditional_ppo,45.0,2096,0.2694346075877547,16,multimap_v3_1,paper_runs\multimap_v3_2\formal_training\formal_traditional_ppo_seed45_3000ep\training_metrics.jsonl,994c4305759a2ca1779031a70b0ce3316539e10a56ea57ff9ba2686d89f613b3,,,
seed,traditional_ppo,45.0,2112,0.24282735818997025,16,multimap_v3_1,paper_runs\multimap_v3_2\formal_training\formal_traditional_ppo_seed45_3000ep\training_metrics.jsonl,994c4305759a2ca1779031a70b0ce3316539e10a56ea57ff9ba2686d89f613b3,,,
seed,traditional_ppo,45.0,2128,0.31025087367743254,16,multimap_v3_1,paper_runs\multimap_v3_2\formal_training\formal_traditional_ppo_seed45_3000ep\training_metrics.jsonl,994c4305759a2ca1779031a70b0ce3316539e10a56ea57ff9ba2686d89f613b3,,,
seed,traditional_ppo,45.0,2144,0.28822285030037165,16,multimap_v3_1,paper_runs\multimap_v3_2\formal_training\formal_traditional_ppo_seed45_3000ep\training_metrics.jsonl,994c4305759a2ca1779031a70b0ce3316539e10a56ea57ff9ba2686d89f613b3,,,
seed,traditional_ppo,45.0,2160,0.1943303809966892,16,multimap_v3_1,paper_runs\multimap_v3_2\formal_training\formal_traditional_ppo_seed45_3000ep\training_metrics.jsonl,994c4305759a2ca1779031a70b0ce3316539e10a56ea57ff9ba2686d89f613b3,,,
seed,traditional_ppo,45.0,2176,0.3281323127448559,16,multimap_v3_1,paper_runs\multimap_v3_2\formal_training\formal_traditional_ppo_seed45_3000ep\training_metrics.jsonl,994c4305759a2ca1779031a70b0ce3316539e10a56ea57ff9ba2686d89f613b3,,,
seed,traditional_ppo,45.0,2192,0.2415914349257946,16,multimap_v3_1,paper_runs\multimap_v3_2\formal_training\formal_traditional_ppo_seed45_3000ep\training_metrics.jsonl,994c4305759a2ca1779031a70b0ce3316539e10a56ea57ff9ba2686d89f613b3,,,
seed,traditional_ppo,45.0,2208,0.24915550230070949,16,multimap_v3_1,paper_runs\multimap_v3_2\formal_training\formal_traditional_ppo_seed45_3000ep\training_metrics.jsonl,994c4305759a2ca1779031a70b0ce3316539e10a56ea57ff9ba2686d89f613b3,,,
seed,traditional_ppo,45.0,2224,0.3351375455968082,16,multimap_v3_1,paper_runs\multimap_v3_2\formal_training\formal_traditional_ppo_seed45_3000ep\training_metrics.jsonl,994c4305759a2ca1779031a70b0ce3316539e10a56ea57ff9ba2686d89f613b3,,,
seed,traditional_ppo,45.0,2240,0.2306760703213513,16,multimap_v3_1,paper_runs\multimap_v3_2\formal_training\formal_traditional_ppo_seed45_3000ep\training_metrics.jsonl,994c4305759a2ca1779031a70b0ce3316539e10a56ea57ff9ba2686d89f613b3,,,
seed,traditional_ppo,45.0,2256,0.23777457140386105,16,multimap_v3_1,paper_runs\multimap_v3_2\formal_training\formal_traditional_ppo_seed45_3000ep\training_metrics.jsonl,994c4305759a2ca1779031a70b0ce3316539e10a56ea57ff9ba2686d89f613b3,,,
seed,traditional_ppo,45.0,2272,0.28290051501244307,16,multimap_v3_1,paper_runs\multimap_v3_2\formal_training\formal_traditional_ppo_seed45_3000ep\training_metrics.jsonl,994c4305759a2ca1779031a70b0ce3316539e10a56ea57ff9ba2686d89f613b3,,,
seed,traditional_ppo,45.0,2288,0.2945582764223218,16,multimap_v3_1,paper_runs\multimap_v3_2\formal_training\formal_traditional_ppo_seed45_3000ep\training_metrics.jsonl,994c4305759a2ca1779031a70b0ce3316539e10a56ea57ff9ba2686d89f613b3,,,
seed,traditional_ppo,45.0,2304,0.24177161767147481,16,multimap_v3_1,paper_runs\multimap_v3_2\formal_training\formal_traditional_ppo_seed45_3000ep\training_metrics.jsonl,994c4305759a2ca1779031a70b0ce3316539e10a56ea57ff9ba2686d89f613b3,,,
seed,traditional_ppo,45.0,2320,0.2473678239621222,16,multimap_v3_1,paper_runs\multimap_v3_2\formal_training\formal_traditional_ppo_seed45_3000ep\training_metrics.jsonl,994c4305759a2ca1779031a70b0ce3316539e10a56ea57ff9ba2686d89f613b3,,,
seed,traditional_ppo,45.0,2336,0.2352785817347467,16,multimap_v3_1,paper_runs\multimap_v3_2\formal_training\formal_traditional_ppo_seed45_3000ep\training_metrics.jsonl,994c4305759a2ca1779031a70b0ce3316539e10a56ea57ff9ba2686d89f613b3,,,
seed,traditional_ppo,45.0,2352,0.23021363746374846,16,multimap_v3_1,paper_runs\multimap_v3_2\formal_training\formal_traditional_ppo_seed45_3000ep\training_metrics.jsonl,994c4305759a2ca1779031a70b0ce3316539e10a56ea57ff9ba2686d89f613b3,,,
seed,traditional_ppo,45.0,2368,0.2665958749130368,16,multimap_v3_1,paper_runs\multimap_v3_2\formal_training\formal_traditional_ppo_seed45_3000ep\training_metrics.jsonl,994c4305759a2ca1779031a70b0ce3316539e10a56ea57ff9ba2686d89f613b3,,,
seed,traditional_ppo,45.0,2384,0.2354520158842206,16,multimap_v3_1,paper_runs\multimap_v3_2\formal_training\formal_traditional_ppo_seed45_3000ep\training_metrics.jsonl,994c4305759a2ca1779031a70b0ce3316539e10a56ea57ff9ba2686d89f613b3,,,
seed,traditional_ppo,45.0,2400,0.21482890471816063,16,multimap_v3_1,paper_runs\multimap_v3_2\formal_training\formal_traditional_ppo_seed45_3000ep\training_metrics.jsonl,994c4305759a2ca1779031a70b0ce3316539e10a56ea57ff9ba2686d89f613b3,,,
seed,traditional_ppo,45.0,2416,0.3060491867363453,16,multimap_v3_1,paper_runs\multimap_v3_2\formal_training\formal_traditional_ppo_seed45_3000ep\training_metrics.jsonl,994c4305759a2ca1779031a70b0ce3316539e10a56ea57ff9ba2686d89f613b3,,,
seed,traditional_ppo,45.0,2432,0.2807052219286561,16,multimap_v3_1,paper_runs\multimap_v3_2\formal_training\formal_traditional_ppo_seed45_3000ep\training_metrics.jsonl,994c4305759a2ca1779031a70b0ce3316539e10a56ea57ff9ba2686d89f613b3,,,
seed,traditional_ppo,45.0,2448,0.2328455657698214,16,multimap_v3_1,paper_runs\multimap_v3_2\formal_training\formal_traditional_ppo_seed45_3000ep\training_metrics.jsonl,994c4305759a2ca1779031a70b0ce3316539e10a56ea57ff9ba2686d89f613b3,,,
seed,traditional_ppo,45.0,2464,0.2864769911393523,16,multimap_v3_1,paper_runs\multimap_v3_2\formal_training\formal_traditional_ppo_seed45_3000ep\training_metrics.jsonl,994c4305759a2ca1779031a70b0ce3316539e10a56ea57ff9ba2686d89f613b3,,,
seed,traditional_ppo,45.0,2480,0.23369967564940453,16,multimap_v3_1,paper_runs\multimap_v3_2\formal_training\formal_traditional_ppo_seed45_3000ep\training_metrics.jsonl,994c4305759a2ca1779031a70b0ce3316539e10a56ea57ff9ba2686d89f613b3,,,
seed,traditional_ppo,45.0,2496,0.22899725940078497,16,multimap_v3_1,paper_runs\multimap_v3_2\formal_training\formal_traditional_ppo_seed45_3000ep\training_metrics.jsonl,994c4305759a2ca1779031a70b0ce3316539e10a56ea57ff9ba2686d89f613b3,,,
seed,traditional_ppo,45.0,2500,0.21450362913310528,16,multimap_v3_1,paper_runs\multimap_v3_2\formal_training\formal_traditional_ppo_seed45_3000ep\training_metrics.jsonl,994c4305759a2ca1779031a70b0ce3316539e10a56ea57ff9ba2686d89f613b3,,,
seed,traditional_ppo,45.0,2516,0.27403606195002794,16,multimap_v3_1,paper_runs\multimap_v3_2\formal_training\formal_traditional_ppo_seed45_3000ep\training_metrics.jsonl,994c4305759a2ca1779031a70b0ce3316539e10a56ea57ff9ba2686d89f613b3,,,
seed,traditional_ppo,45.0,2532,0.23781617730855942,16,multimap_v3_1,paper_runs\multimap_v3_2\formal_training\formal_traditional_ppo_seed45_3000ep\training_metrics.jsonl,994c4305759a2ca1779031a70b0ce3316539e10a56ea57ff9ba2686d89f613b3,,,
seed,traditional_ppo,45.0,2548,0.31598775647580624,16,multimap_v3_1,paper_runs\multimap_v3_2\formal_training\formal_traditional_ppo_seed45_3000ep\training_metrics.jsonl,994c4305759a2ca1779031a70b0ce3316539e10a56ea57ff9ba2686d89f613b3,,,
seed,traditional_ppo,45.0,2564,0.27114606741815805,16,multimap_v3_1,paper_runs\multimap_v3_2\formal_training\formal_traditional_ppo_seed45_3000ep\training_metrics.jsonl,994c4305759a2ca1779031a70b0ce3316539e10a56ea57ff9ba2686d89f613b3,,,
seed,traditional_ppo,45.0,2580,0.23529201932251453,16,multimap_v3_1,paper_runs\multimap_v3_2\formal_training\formal_traditional_ppo_seed45_3000ep\training_metrics.jsonl,994c4305759a2ca1779031a70b0ce3316539e10a56ea57ff9ba2686d89f613b3,,,
seed,traditional_ppo,45.0,2596,0.2786298432620242,16,multimap_v3_1,paper_runs\multimap_v3_2\formal_training\formal_traditional_ppo_seed45_3000ep\training_metrics.jsonl,994c4305759a2ca1779031a70b0ce3316539e10a56ea57ff9ba2686d89f613b3,,,
seed,traditional_ppo,45.0,2612,0.22783397044986486,16,multimap_v3_1,paper_runs\multimap_v3_2\formal_training\formal_traditional_ppo_seed45_3000ep\training_metrics.jsonl,994c4305759a2ca1779031a70b0ce3316539e10a56ea57ff9ba2686d89f613b3,,,
seed,traditional_ppo,45.0,2628,0.22501026932150126,16,multimap_v3_1,paper_runs\multimap_v3_2\formal_training\formal_traditional_ppo_seed45_3000ep\training_metrics.jsonl,994c4305759a2ca1779031a70b0ce3316539e10a56ea57ff9ba2686d89f613b3,,,
seed,traditional_ppo,45.0,2644,0.27297853073105216,16,multimap_v3_1,paper_runs\multimap_v3_2\formal_training\formal_traditional_ppo_seed45_3000ep\training_metrics.jsonl,994c4305759a2ca1779031a70b0ce3316539e10a56ea57ff9ba2686d89f613b3,,,
seed,traditional_ppo,45.0,2660,0.24914311338216066,16,multimap_v3_1,paper_runs\multimap_v3_2\formal_training\formal_traditional_ppo_seed45_3000ep\training_metrics.jsonl,994c4305759a2ca1779031a70b0ce3316539e10a56ea57ff9ba2686d89f613b3,,,
seed,traditional_ppo,45.0,2676,0.24658542592078447,16,multimap_v3_1,paper_runs\multimap_v3_2\formal_training\formal_traditional_ppo_seed45_3000ep\training_metrics.jsonl,994c4305759a2ca1779031a70b0ce3316539e10a56ea57ff9ba2686d89f613b3,,,
seed,traditional_ppo,45.0,2692,0.33552077459171414,16,multimap_v3_1,paper_runs\multimap_v3_2\formal_training\formal_traditional_ppo_seed45_3000ep\training_metrics.jsonl,994c4305759a2ca1779031a70b0ce3316539e10a56ea57ff9ba2686d89f613b3,,,
seed,traditional_ppo,45.0,2708,0.26019169110804796,16,multimap_v3_1,paper_runs\multimap_v3_2\formal_training\formal_traditional_ppo_seed45_3000ep\training_metrics.jsonl,994c4305759a2ca1779031a70b0ce3316539e10a56ea57ff9ba2686d89f613b3,,,
seed,traditional_ppo,45.0,2724,0.2569953538477421,16,multimap_v3_1,paper_runs\multimap_v3_2\formal_training\formal_traditional_ppo_seed45_3000ep\training_metrics.jsonl,994c4305759a2ca1779031a70b0ce3316539e10a56ea57ff9ba2686d89f613b3,,,
seed,traditional_ppo,45.0,2740,0.28633858961984515,16,multimap_v3_1,paper_runs\multimap_v3_2\formal_training\formal_traditional_ppo_seed45_3000ep\training_metrics.jsonl,994c4305759a2ca1779031a70b0ce3316539e10a56ea57ff9ba2686d89f613b3,,,
seed,traditional_ppo,45.0,2756,0.2633330151438713,16,multimap_v3_1,paper_runs\multimap_v3_2\formal_training\formal_traditional_ppo_seed45_3000ep\training_metrics.jsonl,994c4305759a2ca1779031a70b0ce3316539e10a56ea57ff9ba2686d89f613b3,,,
seed,traditional_ppo,45.0,2772,0.2593232369981706,16,multimap_v3_1,paper_runs\multimap_v3_2\formal_training\formal_traditional_ppo_seed45_3000ep\training_metrics.jsonl,994c4305759a2ca1779031a70b0ce3316539e10a56ea57ff9ba2686d89f613b3,,,
seed,traditional_ppo,45.0,2788,0.31764504313468933,16,multimap_v3_1,paper_runs\multimap_v3_2\formal_training\formal_traditional_ppo_seed45_3000ep\training_metrics.jsonl,994c4305759a2ca1779031a70b0ce3316539e10a56ea57ff9ba2686d89f613b3,,,
seed,traditional_ppo,45.0,2804,0.2696429714560509,16,multimap_v3_1,paper_runs\multimap_v3_2\formal_training\formal_traditional_ppo_seed45_3000ep\training_metrics.jsonl,994c4305759a2ca1779031a70b0ce3316539e10a56ea57ff9ba2686d89f613b3,,,
seed,traditional_ppo,45.0,2820,0.20212230505421758,16,multimap_v3_1,paper_runs\multimap_v3_2\formal_training\formal_traditional_ppo_seed45_3000ep\training_metrics.jsonl,994c4305759a2ca1779031a70b0ce3316539e10a56ea57ff9ba2686d89f613b3,,,
seed,traditional_ppo,45.0,2836,0.25367799773812294,16,multimap_v3_1,paper_runs\multimap_v3_2\formal_training\formal_traditional_ppo_seed45_3000ep\training_metrics.jsonl,994c4305759a2ca1779031a70b0ce3316539e10a56ea57ff9ba2686d89f613b3,,,
seed,traditional_ppo,45.0,2852,0.29936982318758965,16,multimap_v3_1,paper_runs\multimap_v3_2\formal_training\formal_traditional_ppo_seed45_3000ep\training_metrics.jsonl,994c4305759a2ca1779031a70b0ce3316539e10a56ea57ff9ba2686d89f613b3,,,
seed,traditional_ppo,45.0,2868,0.2456212379038334,16,multimap_v3_1,paper_runs\multimap_v3_2\formal_training\formal_traditional_ppo_seed45_3000ep\training_metrics.jsonl,994c4305759a2ca1779031a70b0ce3316539e10a56ea57ff9ba2686d89f613b3,,,
seed,traditional_ppo,45.0,2884,0.30603093933314085,16,multimap_v3_1,paper_runs\multimap_v3_2\formal_training\formal_traditional_ppo_seed45_3000ep\training_metrics.jsonl,994c4305759a2ca1779031a70b0ce3316539e10a56ea57ff9ba2686d89f613b3,,,
seed,traditional_ppo,45.0,2900,0.29299896117299795,16,multimap_v3_1,paper_runs\multimap_v3_2\formal_training\formal_traditional_ppo_seed45_3000ep\training_metrics.jsonl,994c4305759a2ca1779031a70b0ce3316539e10a56ea57ff9ba2686d89f613b3,,,
seed,traditional_ppo,45.0,2916,0.22117932932451367,16,multimap_v3_1,paper_runs\multimap_v3_2\formal_training\formal_traditional_ppo_seed45_3000ep\training_metrics.jsonl,994c4305759a2ca1779031a70b0ce3316539e10a56ea57ff9ba2686d89f613b3,,,
seed,traditional_ppo,45.0,2932,0.2692647110670805,16,multimap_v3_1,paper_runs\multimap_v3_2\formal_training\formal_traditional_ppo_seed45_3000ep\training_metrics.jsonl,994c4305759a2ca1779031a70b0ce3316539e10a56ea57ff9ba2686d89f613b3,,,
seed,traditional_ppo,45.0,2948,0.25090668303892016,16,multimap_v3_1,paper_runs\multimap_v3_2\formal_training\formal_traditional_ppo_seed45_3000ep\training_metrics.jsonl,994c4305759a2ca1779031a70b0ce3316539e10a56ea57ff9ba2686d89f613b3,,,
seed,traditional_ppo,45.0,2964,0.23026016913354397,16,multimap_v3_1,paper_runs\multimap_v3_2\formal_training\formal_traditional_ppo_seed45_3000ep\training_metrics.jsonl,994c4305759a2ca1779031a70b0ce3316539e10a56ea57ff9ba2686d89f613b3,,,
seed,traditional_ppo,45.0,2980,0.3198625026270747,16,multimap_v3_1,paper_runs\multimap_v3_2\formal_training\formal_traditional_ppo_seed45_3000ep\training_metrics.jsonl,994c4305759a2ca1779031a70b0ce3316539e10a56ea57ff9ba2686d89f613b3,,,
seed,traditional_ppo,45.0,2996,0.25563356559723616,16,multimap_v3_1,paper_runs\multimap_v3_2\formal_training\formal_traditional_ppo_seed45_3000ep\training_metrics.jsonl,994c4305759a2ca1779031a70b0ce3316539e10a56ea57ff9ba2686d89f613b3,,,
seed,traditional_ppo,45.0,3000,0.2618925869464874,16,multimap_v3_1,paper_runs\multimap_v3_2\formal_training\formal_traditional_ppo_seed45_3000ep\training_metrics.jsonl,994c4305759a2ca1779031a70b0ce3316539e10a56ea57ff9ba2686d89f613b3,,,
seed,traditional_ppo,46.0,16,0.23838173504918814,16,multimap_v3_1,paper_runs\multimap_v3_2\formal_training\formal_traditional_ppo_seed46_3000ep\training_metrics.jsonl,cd4488624912459cbda501bd8a94d643094f910408e039b59802fc018712052a,,,
seed,traditional_ppo,46.0,32,0.17776620155200362,16,multimap_v3_1,paper_runs\multimap_v3_2\formal_training\formal_traditional_ppo_seed46_3000ep\training_metrics.jsonl,cd4488624912459cbda501bd8a94d643094f910408e039b59802fc018712052a,,,
seed,traditional_ppo,46.0,48,0.14647490857169032,16,multimap_v3_1,paper_runs\multimap_v3_2\formal_training\formal_traditional_ppo_seed46_3000ep\training_metrics.jsonl,cd4488624912459cbda501bd8a94d643094f910408e039b59802fc018712052a,,,
seed,traditional_ppo,46.0,64,0.209690332878381,16,multimap_v3_1,paper_runs\multimap_v3_2\formal_training\formal_traditional_ppo_seed46_3000ep\training_metrics.jsonl,cd4488624912459cbda501bd8a94d643094f910408e039b59802fc018712052a,,,
seed,traditional_ppo,46.0,80,0.18100777035579085,16,multimap_v3_1,paper_runs\multimap_v3_2\formal_training\formal_traditional_ppo_seed46_3000ep\training_metrics.jsonl,cd4488624912459cbda501bd8a94d643094f910408e039b59802fc018712052a,,,
seed,traditional_ppo,46.0,96,0.16783948987722397,16,multimap_v3_1,paper_runs\multimap_v3_2\formal_training\formal_traditional_ppo_seed46_3000ep\training_metrics.jsonl,cd4488624912459cbda501bd8a94d643094f910408e039b59802fc018712052a,,,
seed,traditional_ppo,46.0,112,0.20358896837569773,16,multimap_v3_1,paper_runs\multimap_v3_2\formal_training\formal_traditional_ppo_seed46_3000ep\training_metrics.jsonl,cd4488624912459cbda501bd8a94d643094f910408e039b59802fc018712052a,,,
seed,traditional_ppo,46.0,128,0.23381025437265635,16,multimap_v3_1,paper_runs\multimap_v3_2\formal_training\formal_traditional_ppo_seed46_3000ep\training_metrics.jsonl,cd4488624912459cbda501bd8a94d643094f910408e039b59802fc018712052a,,,
seed,traditional_ppo,46.0,144,0.18190526426769793,16,multimap_v3_1,paper_runs\multimap_v3_2\formal_training\formal_traditional_ppo_seed46_3000ep\training_metrics.jsonl,cd4488624912459cbda501bd8a94d643094f910408e039b59802fc018712052a,,,
seed,traditional_ppo,46.0,160,0.20898755360394716,16,multimap_v3_1,paper_runs\multimap_v3_2\formal_training\formal_traditional_ppo_seed46_3000ep\training_metrics.jsonl,cd4488624912459cbda501bd8a94d643094f910408e039b59802fc018712052a,,,
seed,traditional_ppo,46.0,176,0.2138730736915022,16,multimap_v3_1,paper_runs\multimap_v3_2\formal_training\formal_traditional_ppo_seed46_3000ep\training_metrics.jsonl,cd4488624912459cbda501bd8a94d643094f910408e039b59802fc018712052a,,,
seed,traditional_ppo,46.0,192,0.2011950567830354,16,multimap_v3_1,paper_runs\multimap_v3_2\formal_training\formal_traditional_ppo_seed46_3000ep\training_metrics.jsonl,cd4488624912459cbda501bd8a94d643094f910408e039b59802fc018712052a,,,
seed,traditional_ppo,46.0,208,0.24951193295419216,16,multimap_v3_1,paper_runs\multimap_v3_2\formal_training\formal_traditional_ppo_seed46_3000ep\training_metrics.jsonl,cd4488624912459cbda501bd8a94d643094f910408e039b59802fc018712052a,,,
seed,traditional_ppo,46.0,224,0.21313588041812181,16,multimap_v3_1,paper_runs\multimap_v3_2\formal_training\formal_traditional_ppo_seed46_3000ep\training_metrics.jsonl,cd4488624912459cbda501bd8a94d643094f910408e039b59802fc018712052a,,,
seed,traditional_ppo,46.0,240,0.20075026853010058,16,multimap_v3_1,paper_runs\multimap_v3_2\formal_training\formal_traditional_ppo_seed46_3000ep\training_metrics.jsonl,cd4488624912459cbda501bd8a94d643094f910408e039b59802fc018712052a,,,
seed,traditional_ppo,46.0,250,0.24839804843068122,16,multimap_v3_1,paper_runs\multimap_v3_2\formal_training\formal_traditional_ppo_seed46_3000ep\training_metrics.jsonl,cd4488624912459cbda501bd8a94d643094f910408e039b59802fc018712052a,,,
seed,traditional_ppo,46.0,266,0.21672133076936007,16,multimap_v3_1,paper_runs\multimap_v3_2\formal_training\formal_traditional_ppo_seed46_3000ep\training_metrics.jsonl,cd4488624912459cbda501bd8a94d643094f910408e039b59802fc018712052a,,,
seed,traditional_ppo,46.0,282,0.21600026730448008,16,multimap_v3_1,paper_runs\multimap_v3_2\formal_training\formal_traditional_ppo_seed46_3000ep\training_metrics.jsonl,cd4488624912459cbda501bd8a94d643094f910408e039b59802fc018712052a,,,
seed,traditional_ppo,46.0,298,0.22089272271841764,16,multimap_v3_1,paper_runs\multimap_v3_2\formal_training\formal_traditional_ppo_seed46_3000ep\training_metrics.jsonl,cd4488624912459cbda501bd8a94d643094f910408e039b59802fc018712052a,,,
seed,traditional_ppo,46.0,314,0.25870341155678034,16,multimap_v3_1,paper_runs\multimap_v3_2\formal_training\formal_traditional_ppo_seed46_3000ep\training_metrics.jsonl,cd4488624912459cbda501bd8a94d643094f910408e039b59802fc018712052a,,,
seed,traditional_ppo,46.0,330,0.18937500286847353,16,multimap_v3_1,paper_runs\multimap_v3_2\formal_training\formal_traditional_ppo_seed46_3000ep\training_metrics.jsonl,cd4488624912459cbda501bd8a94d643094f910408e039b59802fc018712052a,,,
seed,traditional_ppo,46.0,346,0.2789334999397397,16,multimap_v3_1,paper_runs\multimap_v3_2\formal_training\formal_traditional_ppo_seed46_3000ep\training_metrics.jsonl,cd4488624912459cbda501bd8a94d643094f910408e039b59802fc018712052a,,,
seed,traditional_ppo,46.0,362,0.22583916038274765,16,multimap_v3_1,paper_runs\multimap_v3_2\formal_training\formal_traditional_ppo_seed46_3000ep\training_metrics.jsonl,cd4488624912459cbda501bd8a94d643094f910408e039b59802fc018712052a,,,
seed,traditional_ppo,46.0,378,0.19834231585264206,16,multimap_v3_1,paper_runs\multimap_v3_2\formal_training\formal_traditional_ppo_seed46_3000ep\training_metrics.jsonl,cd4488624912459cbda501bd8a94d643094f910408e039b59802fc018712052a,,,
seed,traditional_ppo,46.0,394,0.29069350846111774,16,multimap_v3_1,paper_runs\multimap_v3_2\formal_training\formal_traditional_ppo_seed46_3000ep\training_metrics.jsonl,cd4488624912459cbda501bd8a94d643094f910408e039b59802fc018712052a,,,
seed,traditional_ppo,46.0,410,0.2400362528860569,16,multimap_v3_1,paper_runs\multimap_v3_2\formal_training\formal_traditional_ppo_seed46_3000ep\training_metrics.jsonl,cd4488624912459cbda501bd8a94d643094f910408e039b59802fc018712052a,,,
seed,traditional_ppo,46.0,426,0.22738543385639787,16,multimap_v3_1,paper_runs\multimap_v3_2\formal_training\formal_traditional_ppo_seed46_3000ep\training_metrics.jsonl,cd4488624912459cbda501bd8a94d643094f910408e039b59802fc018712052a,,,
seed,traditional_ppo,46.0,442,0.24552229326218367,16,multimap_v3_1,paper_runs\multimap_v3_2\formal_training\formal_traditional_ppo_seed46_3000ep\training_metrics.jsonl,cd4488624912459cbda501bd8a94d643094f910408e039b59802fc018712052a,,,
seed,traditional_ppo,46.0,458,0.22919486183673143,16,multimap_v3_1,paper_runs\multimap_v3_2\formal_training\formal_traditional_ppo_seed46_3000ep\training_metrics.jsonl,cd4488624912459cbda501bd8a94d643094f910408e039b59802fc018712052a,,,
seed,traditional_ppo,46.0,474,0.18045632494613528,16,multimap_v3_1,paper_runs\multimap_v3_2\formal_training\formal_traditional_ppo_seed46_3000ep\training_metrics.jsonl,cd4488624912459cbda501bd8a94d643094f910408e039b59802fc018712052a,,,
seed,traditional_ppo,46.0,490,0.23209491511806846,16,multimap_v3_1,paper_runs\multimap_v3_2\formal_training\formal_traditional_ppo_seed46_3000ep\training_metrics.jsonl,cd4488624912459cbda501bd8a94d643094f910408e039b59802fc018712052a,,,
seed,traditional_ppo,46.0,500,0.19110293686389923,16,multimap_v3_1,paper_runs\multimap_v3_2\formal_training\formal_traditional_ppo_seed46_3000ep\training_metrics.jsonl,cd4488624912459cbda501bd8a94d643094f910408e039b59802fc018712052a,,,
seed,traditional_ppo,46.0,516,0.24029104597866535,16,multimap_v3_1,paper_runs\multimap_v3_2\formal_training\formal_traditional_ppo_seed46_3000ep\training_metrics.jsonl,cd4488624912459cbda501bd8a94d643094f910408e039b59802fc018712052a,,,
seed,traditional_ppo,46.0,532,0.2941646706312895,16,multimap_v3_1,paper_runs\multimap_v3_2\formal_training\formal_traditional_ppo_seed46_3000ep\training_metrics.jsonl,cd4488624912459cbda501bd8a94d643094f910408e039b59802fc018712052a,,,
seed,traditional_ppo,46.0,548,0.21228149626404047,16,multimap_v3_1,paper_runs\multimap_v3_2\formal_training\formal_traditional_ppo_seed46_3000ep\training_metrics.jsonl,cd4488624912459cbda501bd8a94d643094f910408e039b59802fc018712052a,,,
seed,traditional_ppo,46.0,564,0.20980481524020433,16,multimap_v3_1,paper_runs\multimap_v3_2\formal_training\formal_traditional_ppo_seed46_3000ep\training_metrics.jsonl,cd4488624912459cbda501bd8a94d643094f910408e039b59802fc018712052a,,,
seed,traditional_ppo,46.0,580,0.280707651283592,16,multimap_v3_1,paper_runs\multimap_v3_2\formal_training\formal_traditional_ppo_seed46_3000ep\training_metrics.jsonl,cd4488624912459cbda501bd8a94d643094f910408e039b59802fc018712052a,,,
seed,traditional_ppo,46.0,596,0.26187004428356886,16,multimap_v3_1,paper_runs\multimap_v3_2\formal_training\formal_traditional_ppo_seed46_3000ep\training_metrics.jsonl,cd4488624912459cbda501bd8a94d643094f910408e039b59802fc018712052a,,,
seed,traditional_ppo,46.0,612,0.22998821828514338,16,multimap_v3_1,paper_runs\multimap_v3_2\formal_training\formal_traditional_ppo_seed46_3000ep\training_metrics.jsonl,cd4488624912459cbda501bd8a94d643094f910408e039b59802fc018712052a,,,
seed,traditional_ppo,46.0,628,0.23238245025277138,16,multimap_v3_1,paper_runs\multimap_v3_2\formal_training\formal_traditional_ppo_seed46_3000ep\training_metrics.jsonl,cd4488624912459cbda501bd8a94d643094f910408e039b59802fc018712052a,,,
seed,traditional_ppo,46.0,644,0.25054248981177807,16,multimap_v3_1,paper_runs\multimap_v3_2\formal_training\formal_traditional_ppo_seed46_3000ep\training_metrics.jsonl,cd4488624912459cbda501bd8a94d643094f910408e039b59802fc018712052a,,,
seed,traditional_ppo,46.0,660,0.21352688781917095,16,multimap_v3_1,paper_runs\multimap_v3_2\formal_training\formal_traditional_ppo_seed46_3000ep\training_metrics.jsonl,cd4488624912459cbda501bd8a94d643094f910408e039b59802fc018712052a,,,
seed,traditional_ppo,46.0,676,0.2805790542624891,16,multimap_v3_1,paper_runs\multimap_v3_2\formal_training\formal_traditional_ppo_seed46_3000ep\training_metrics.jsonl,cd4488624912459cbda501bd8a94d643094f910408e039b59802fc018712052a,,,
seed,traditional_ppo,46.0,692,0.24309874325990677,16,multimap_v3_1,paper_runs\multimap_v3_2\formal_training\formal_traditional_ppo_seed46_3000ep\training_metrics.jsonl,cd4488624912459cbda501bd8a94d643094f910408e039b59802fc018712052a,,,
seed,traditional_ppo,46.0,708,0.22241391148418188,16,multimap_v3_1,paper_runs\multimap_v3_2\formal_training\formal_traditional_ppo_seed46_3000ep\training_metrics.jsonl,cd4488624912459cbda501bd8a94d643094f910408e039b59802fc018712052a,,,
seed,traditional_ppo,46.0,724,0.28851820761337876,16,multimap_v3_1,paper_runs\multimap_v3_2\formal_training\formal_traditional_ppo_seed46_3000ep\training_metrics.jsonl,cd4488624912459cbda501bd8a94d643094f910408e039b59802fc018712052a,,,
seed,traditional_ppo,46.0,740,0.2304887631908059,16,multimap_v3_1,paper_runs\multimap_v3_2\formal_training\formal_traditional_ppo_seed46_3000ep\training_metrics.jsonl,cd4488624912459cbda501bd8a94d643094f910408e039b59802fc018712052a,,,
seed,traditional_ppo,46.0,756,0.22648664936423302,16,multimap_v3_1,paper_runs\multimap_v3_2\formal_training\formal_traditional_ppo_seed46_3000ep\training_metrics.jsonl,cd4488624912459cbda501bd8a94d643094f910408e039b59802fc018712052a,,,
seed,traditional_ppo,46.0,772,0.3039097487926483,16,multimap_v3_1,paper_runs\multimap_v3_2\formal_training\formal_traditional_ppo_seed46_3000ep\training_metrics.jsonl,cd4488624912459cbda501bd8a94d643094f910408e039b59802fc018712052a,,,
seed,traditional_ppo,46.0,788,0.24486028589308262,16,multimap_v3_1,paper_runs\multimap_v3_2\formal_training\formal_traditional_ppo_seed46_3000ep\training_metrics.jsonl,cd4488624912459cbda501bd8a94d643094f910408e039b59802fc018712052a,,,
seed,traditional_ppo,46.0,804,0.22129298839718103,16,multimap_v3_1,paper_runs\multimap_v3_2\formal_training\formal_traditional_ppo_seed46_3000ep\training_metrics.jsonl,cd4488624912459cbda501bd8a94d643094f910408e039b59802fc018712052a,,,
seed,traditional_ppo,46.0,820,0.2633450645953417,16,multimap_v3_1,paper_runs\multimap_v3_2\formal_training\formal_traditional_ppo_seed46_3000ep\training_metrics.jsonl,cd4488624912459cbda501bd8a94d643094f910408e039b59802fc018712052a,,,
seed,traditional_ppo,46.0,836,0.23206777404993773,16,multimap_v3_1,paper_runs\multimap_v3_2\formal_training\formal_traditional_ppo_seed46_3000ep\training_metrics.jsonl,cd4488624912459cbda501bd8a94d643094f910408e039b59802fc018712052a,,,
seed,traditional_ppo,46.0,852,0.22772982018068433,16,multimap_v3_1,paper_runs\multimap_v3_2\formal_training\formal_traditional_ppo_seed46_3000ep\training_metrics.jsonl,cd4488624912459cbda501bd8a94d643094f910408e039b59802fc018712052a,,,
seed,traditional_ppo,46.0,868,0.2804419109597802,16,multimap_v3_1,paper_runs\multimap_v3_2\formal_training\formal_traditional_ppo_seed46_3000ep\training_metrics.jsonl,cd4488624912459cbda501bd8a94d643094f910408e039b59802fc018712052a,,,
seed,traditional_ppo,46.0,884,0.27086470648646355,16,multimap_v3_1,paper_runs\multimap_v3_2\formal_training\formal_traditional_ppo_seed46_3000ep\training_metrics.jsonl,cd4488624912459cbda501bd8a94d643094f910408e039b59802fc018712052a,,,
seed,traditional_ppo,46.0,900,0.2658730009570718,16,multimap_v3_1,paper_runs\multimap_v3_2\formal_training\formal_traditional_ppo_seed46_3000ep\training_metrics.jsonl,cd4488624912459cbda501bd8a94d643094f910408e039b59802fc018712052a,,,
seed,traditional_ppo,46.0,916,0.2730415319092572,16,multimap_v3_1,paper_runs\multimap_v3_2\formal_training\formal_traditional_ppo_seed46_3000ep\training_metrics.jsonl,cd4488624912459cbda501bd8a94d643094f910408e039b59802fc018712052a,,,
seed,traditional_ppo,46.0,932,0.249112029094249,16,multimap_v3_1,paper_runs\multimap_v3_2\formal_training\formal_traditional_ppo_seed46_3000ep\training_metrics.jsonl,cd4488624912459cbda501bd8a94d643094f910408e039b59802fc018712052a,,,
seed,traditional_ppo,46.0,948,0.2134134005755186,16,multimap_v3_1,paper_runs\multimap_v3_2\formal_training\formal_traditional_ppo_seed46_3000ep\training_metrics.jsonl,cd4488624912459cbda501bd8a94d643094f910408e039b59802fc018712052a,,,
seed,traditional_ppo,46.0,964,0.26550209801644087,16,multimap_v3_1,paper_runs\multimap_v3_2\formal_training\formal_traditional_ppo_seed46_3000ep\training_metrics.jsonl,cd4488624912459cbda501bd8a94d643094f910408e039b59802fc018712052a,,,
seed,traditional_ppo,46.0,980,0.2524729846045375,16,multimap_v3_1,paper_runs\multimap_v3_2\formal_training\formal_traditional_ppo_seed46_3000ep\training_metrics.jsonl,cd4488624912459cbda501bd8a94d643094f910408e039b59802fc018712052a,,,
seed,traditional_ppo,46.0,996,0.20329144038259983,16,multimap_v3_1,paper_runs\multimap_v3_2\formal_training\formal_traditional_ppo_seed46_3000ep\training_metrics.jsonl,cd4488624912459cbda501bd8a94d643094f910408e039b59802fc018712052a,,,
seed,traditional_ppo,46.0,1000,0.31568508595228195,16,multimap_v3_1,paper_runs\multimap_v3_2\formal_training\formal_traditional_ppo_seed46_3000ep\training_metrics.jsonl,cd4488624912459cbda501bd8a94d643094f910408e039b59802fc018712052a,,,
seed,traditional_ppo,46.0,1016,0.29750444646924734,16,multimap_v3_1,paper_runs\multimap_v3_2\formal_training\formal_traditional_ppo_seed46_3000ep\training_metrics.jsonl,cd4488624912459cbda501bd8a94d643094f910408e039b59802fc018712052a,,,
seed,traditional_ppo,46.0,1032,0.22756604431197047,16,multimap_v3_1,paper_runs\multimap_v3_2\formal_training\formal_traditional_ppo_seed46_3000ep\training_metrics.jsonl,cd4488624912459cbda501bd8a94d643094f910408e039b59802fc018712052a,,,
seed,traditional_ppo,46.0,1048,0.30433166213333607,16,multimap_v3_1,paper_runs\multimap_v3_2\formal_training\formal_traditional_ppo_seed46_3000ep\training_metrics.jsonl,cd4488624912459cbda501bd8a94d643094f910408e039b59802fc018712052a,,,
seed,traditional_ppo,46.0,1064,0.2526735905557871,16,multimap_v3_1,paper_runs\multimap_v3_2\formal_training\formal_traditional_ppo_seed46_3000ep\training_metrics.jsonl,cd4488624912459cbda501bd8a94d643094f910408e039b59802fc018712052a,,,
seed,traditional_ppo,46.0,1080,0.2556099109351635,16,multimap_v3_1,paper_runs\multimap_v3_2\formal_training\formal_traditional_ppo_seed46_3000ep\training_metrics.jsonl,cd4488624912459cbda501bd8a94d643094f910408e039b59802fc018712052a,,,
seed,traditional_ppo,46.0,1096,0.30997414514422417,16,multimap_v3_1,paper_runs\multimap_v3_2\formal_training\formal_traditional_ppo_seed46_3000ep\training_metrics.jsonl,cd4488624912459cbda501bd8a94d643094f910408e039b59802fc018712052a,,,
seed,traditional_ppo,46.0,1112,0.23066779924556613,16,multimap_v3_1,paper_runs\multimap_v3_2\formal_training\formal_traditional_ppo_seed46_3000ep\training_metrics.jsonl,cd4488624912459cbda501bd8a94d643094f910408e039b59802fc018712052a,,,
seed,traditional_ppo,46.0,1128,0.22353908233344555,16,multimap_v3_1,paper_runs\multimap_v3_2\formal_training\formal_traditional_ppo_seed46_3000ep\training_metrics.jsonl,cd4488624912459cbda501bd8a94d643094f910408e039b59802fc018712052a,,,
seed,traditional_ppo,46.0,1144,0.33351367991417646,16,multimap_v3_1,paper_runs\multimap_v3_2\formal_training\formal_traditional_ppo_seed46_3000ep\training_metrics.jsonl,cd4488624912459cbda501bd8a94d643094f910408e039b59802fc018712052a,,,
seed,traditional_ppo,46.0,1160,0.27429270651191473,16,multimap_v3_1,paper_runs\multimap_v3_2\formal_training\formal_traditional_ppo_seed46_3000ep\training_metrics.jsonl,cd4488624912459cbda501bd8a94d643094f910408e039b59802fc018712052a,,,
seed,traditional_ppo,46.0,1176,0.22261836659163237,16,multimap_v3_1,paper_runs\multimap_v3_2\formal_training\formal_traditional_ppo_seed46_3000ep\training_metrics.jsonl,cd4488624912459cbda501bd8a94d643094f910408e039b59802fc018712052a,,,
seed,traditional_ppo,46.0,1192,0.30041046626865864,16,multimap_v3_1,paper_runs\multimap_v3_2\formal_training\formal_traditional_ppo_seed46_3000ep\training_metrics.jsonl,cd4488624912459cbda501bd8a94d643094f910408e039b59802fc018712052a,,,
seed,traditional_ppo,46.0,1208,0.28539932798594236,16,multimap_v3_1,paper_runs\multimap_v3_2\formal_training\formal_traditional_ppo_seed46_3000ep\training_metrics.jsonl,cd4488624912459cbda501bd8a94d643094f910408e039b59802fc018712052a,,,
seed,traditional_ppo,46.0,1224,0.23906026780605316,16,multimap_v3_1,paper_runs\multimap_v3_2\formal_training\formal_traditional_ppo_seed46_3000ep\training_metrics.jsonl,cd4488624912459cbda501bd8a94d643094f910408e039b59802fc018712052a,,,
seed,traditional_ppo,46.0,1240,0.2901218219194561,16,multimap_v3_1,paper_runs\multimap_v3_2\formal_training\formal_traditional_ppo_seed46_3000ep\training_metrics.jsonl,cd4488624912459cbda501bd8a94d643094f910408e039b59802fc018712052a,,,
seed,traditional_ppo,46.0,1256,0.24614659463986754,16,multimap_v3_1,paper_runs\multimap_v3_2\formal_training\formal_traditional_ppo_seed46_3000ep\training_metrics.jsonl,cd4488624912459cbda501bd8a94d643094f910408e039b59802fc018712052a,,,
seed,traditional_ppo,46.0,1272,0.21612165356054902,16,multimap_v3_1,paper_runs\multimap_v3_2\formal_training\formal_traditional_ppo_seed46_3000ep\training_metrics.jsonl,cd4488624912459cbda501bd8a94d643094f910408e039b59802fc018712052a,,,
seed,traditional_ppo,46.0,1288,0.2318659285083413,16,multimap_v3_1,paper_runs\multimap_v3_2\formal_training\formal_traditional_ppo_seed46_3000ep\training_metrics.jsonl,cd4488624912459cbda501bd8a94d643094f910408e039b59802fc018712052a,,,
seed,traditional_ppo,46.0,1304,0.2476799888536334,16,multimap_v3_1,paper_runs\multimap_v3_2\formal_training\formal_traditional_ppo_seed46_3000ep\training_metrics.jsonl,cd4488624912459cbda501bd8a94d643094f910408e039b59802fc018712052a,,,
seed,traditional_ppo,46.0,1320,0.21208871202543378,16,multimap_v3_1,paper_runs\multimap_v3_2\formal_training\formal_traditional_ppo_seed46_3000ep\training_metrics.jsonl,cd4488624912459cbda501bd8a94d643094f910408e039b59802fc018712052a,,,
seed,traditional_ppo,46.0,1336,0.26691637746989727,16,multimap_v3_1,paper_runs\multimap_v3_2\formal_training\formal_traditional_ppo_seed46_3000ep\training_metrics.jsonl,cd4488624912459cbda501bd8a94d643094f910408e039b59802fc018712052a,,,
seed,traditional_ppo,46.0,1352,0.268467134796083,16,multimap_v3_1,paper_runs\multimap_v3_2\formal_training\formal_traditional_ppo_seed46_3000ep\training_metrics.jsonl,cd4488624912459cbda501bd8a94d643094f910408e039b59802fc018712052a,,,
seed,traditional_ppo,46.0,1368,0.24036997370421886,16,multimap_v3_1,paper_runs\multimap_v3_2\formal_training\formal_traditional_ppo_seed46_3000ep\training_metrics.jsonl,cd4488624912459cbda501bd8a94d643094f910408e039b59802fc018712052a,,,
seed,traditional_ppo,46.0,1384,0.2807991672307253,16,multimap_v3_1,paper_runs\multimap_v3_2\formal_training\formal_traditional_ppo_seed46_3000ep\training_metrics.jsonl,cd4488624912459cbda501bd8a94d643094f910408e039b59802fc018712052a,,,
seed,traditional_ppo,46.0,1400,0.22753904340788722,16,multimap_v3_1,paper_runs\multimap_v3_2\formal_training\formal_traditional_ppo_seed46_3000ep\training_metrics.jsonl,cd4488624912459cbda501bd8a94d643094f910408e039b59802fc018712052a,,,
seed,traditional_ppo,46.0,1416,0.21851324243471026,16,multimap_v3_1,paper_runs\multimap_v3_2\formal_training\formal_traditional_ppo_seed46_3000ep\training_metrics.jsonl,cd4488624912459cbda501bd8a94d643094f910408e039b59802fc018712052a,,,
seed,traditional_ppo,46.0,1432,0.29823694936931133,16,multimap_v3_1,paper_runs\multimap_v3_2\formal_training\formal_traditional_ppo_seed46_3000ep\training_metrics.jsonl,cd4488624912459cbda501bd8a94d643094f910408e039b59802fc018712052a,,,
seed,traditional_ppo,46.0,1448,0.2992105698212981,16,multimap_v3_1,paper_runs\multimap_v3_2\formal_training\formal_traditional_ppo_seed46_3000ep\training_metrics.jsonl,cd4488624912459cbda501bd8a94d643094f910408e039b59802fc018712052a,,,
seed,traditional_ppo,46.0,1464,0.2580630565062165,16,multimap_v3_1,paper_runs\multimap_v3_2\formal_training\formal_traditional_ppo_seed46_3000ep\training_metrics.jsonl,cd4488624912459cbda501bd8a94d643094f910408e039b59802fc018712052a,,,
seed,traditional_ppo,46.0,1480,0.3396574594080448,16,multimap_v3_1,paper_runs\multimap_v3_2\formal_training\formal_traditional_ppo_seed46_3000ep\training_metrics.jsonl,cd4488624912459cbda501bd8a94d643094f910408e039b59802fc018712052a,,,
seed,traditional_ppo,46.0,1496,0.2194218123331666,16,multimap_v3_1,paper_runs\multimap_v3_2\formal_training\formal_traditional_ppo_seed46_3000ep\training_metrics.jsonl,cd4488624912459cbda501bd8a94d643094f910408e039b59802fc018712052a,,,
seed,traditional_ppo,46.0,1500,0.19015730544924736,16,multimap_v3_1,paper_runs\multimap_v3_2\formal_training\formal_traditional_ppo_seed46_3000ep\training_metrics.jsonl,cd4488624912459cbda501bd8a94d643094f910408e039b59802fc018712052a,,,
seed,traditional_ppo,46.0,1516,0.2650979245081544,16,multimap_v3_1,paper_runs\multimap_v3_2\formal_training\formal_traditional_ppo_seed46_3000ep\training_metrics.jsonl,cd4488624912459cbda501bd8a94d643094f910408e039b59802fc018712052a,,,
seed,traditional_ppo,46.0,1532,0.2664251569658518,16,multimap_v3_1,paper_runs\multimap_v3_2\formal_training\formal_traditional_ppo_seed46_3000ep\training_metrics.jsonl,cd4488624912459cbda501bd8a94d643094f910408e039b59802fc018712052a,,,
seed,traditional_ppo,46.0,1548,0.25675271544605494,16,multimap_v3_1,paper_runs\multimap_v3_2\formal_training\formal_traditional_ppo_seed46_3000ep\training_metrics.jsonl,cd4488624912459cbda501bd8a94d643094f910408e039b59802fc018712052a,,,
seed,traditional_ppo,46.0,1564,0.2749963216483593,16,multimap_v3_1,paper_runs\multimap_v3_2\formal_training\formal_traditional_ppo_seed46_3000ep\training_metrics.jsonl,cd4488624912459cbda501bd8a94d643094f910408e039b59802fc018712052a,,,
seed,traditional_ppo,46.0,1580,0.2835581358522177,16,multimap_v3_1,paper_runs\multimap_v3_2\formal_training\formal_traditional_ppo_seed46_3000ep\training_metrics.jsonl,cd4488624912459cbda501bd8a94d643094f910408e039b59802fc018712052a,,,
seed,traditional_ppo,46.0,1596,0.25811461778357625,16,multimap_v3_1,paper_runs\multimap_v3_2\formal_training\formal_traditional_ppo_seed46_3000ep\training_metrics.jsonl,cd4488624912459cbda501bd8a94d643094f910408e039b59802fc018712052a,,,
seed,traditional_ppo,46.0,1612,0.3004527613520622,16,multimap_v3_1,paper_runs\multimap_v3_2\formal_training\formal_traditional_ppo_seed46_3000ep\training_metrics.jsonl,cd4488624912459cbda501bd8a94d643094f910408e039b59802fc018712052a,,,
seed,traditional_ppo,46.0,1628,0.24747199565172195,16,multimap_v3_1,paper_runs\multimap_v3_2\formal_training\formal_traditional_ppo_seed46_3000ep\training_metrics.jsonl,cd4488624912459cbda501bd8a94d643094f910408e039b59802fc018712052a,,,
seed,traditional_ppo,46.0,1644,0.2022025790065527,16,multimap_v3_1,paper_runs\multimap_v3_2\formal_training\formal_traditional_ppo_seed46_3000ep\training_metrics.jsonl,cd4488624912459cbda501bd8a94d643094f910408e039b59802fc018712052a,,,
seed,traditional_ppo,46.0,1660,0.26088483538478613,16,multimap_v3_1,paper_runs\multimap_v3_2\formal_training\formal_traditional_ppo_seed46_3000ep\training_metrics.jsonl,cd4488624912459cbda501bd8a94d643094f910408e039b59802fc018712052a,,,
seed,traditional_ppo,46.0,1676,0.24487378541380167,16,multimap_v3_1,paper_runs\multimap_v3_2\formal_training\formal_traditional_ppo_seed46_3000ep\training_metrics.jsonl,cd4488624912459cbda501bd8a94d643094f910408e039b59802fc018712052a,,,
seed,traditional_ppo,46.0,1692,0.22765485756099224,16,multimap_v3_1,paper_runs\multimap_v3_2\formal_training\formal_traditional_ppo_seed46_3000ep\training_metrics.jsonl,cd4488624912459cbda501bd8a94d643094f910408e039b59802fc018712052a,,,
seed,traditional_ppo,46.0,1708,0.278709820471704,16,multimap_v3_1,paper_runs\multimap_v3_2\formal_training\formal_traditional_ppo_seed46_3000ep\training_metrics.jsonl,cd4488624912459cbda501bd8a94d643094f910408e039b59802fc018712052a,,,
seed,traditional_ppo,46.0,1724,0.26633937284350395,16,multimap_v3_1,paper_runs\multimap_v3_2\formal_training\formal_traditional_ppo_seed46_3000ep\training_metrics.jsonl,cd4488624912459cbda501bd8a94d643094f910408e039b59802fc018712052a,,,
seed,traditional_ppo,46.0,1740,0.24944099504500628,16,multimap_v3_1,paper_runs\multimap_v3_2\formal_training\formal_traditional_ppo_seed46_3000ep\training_metrics.jsonl,cd4488624912459cbda501bd8a94d643094f910408e039b59802fc018712052a,,,
seed,traditional_ppo,46.0,1756,0.2907293774187565,16,multimap_v3_1,paper_runs\multimap_v3_2\formal_training\formal_traditional_ppo_seed46_3000ep\training_metrics.jsonl,cd4488624912459cbda501bd8a94d643094f910408e039b59802fc018712052a,,,
seed,traditional_ppo,46.0,1772,0.2369094341993332,16,multimap_v3_1,paper_runs\multimap_v3_2\formal_training\formal_traditional_ppo_seed46_3000ep\training_metrics.jsonl,cd4488624912459cbda501bd8a94d643094f910408e039b59802fc018712052a,,,
seed,traditional_ppo,46.0,1788,0.24034576723352075,16,multimap_v3_1,paper_runs\multimap_v3_2\formal_training\formal_traditional_ppo_seed46_3000ep\training_metrics.jsonl,cd4488624912459cbda501bd8a94d643094f910408e039b59802fc018712052a,,,
seed,traditional_ppo,46.0,1804,0.30969345662742853,16,multimap_v3_1,paper_runs\multimap_v3_2\formal_training\formal_traditional_ppo_seed46_3000ep\training_metrics.jsonl,cd4488624912459cbda501bd8a94d643094f910408e039b59802fc018712052a,,,
seed,traditional_ppo,46.0,1820,0.20237825624644756,16,multimap_v3_1,paper_runs\multimap_v3_2\formal_training\formal_traditional_ppo_seed46_3000ep\training_metrics.jsonl,cd4488624912459cbda501bd8a94d643094f910408e039b59802fc018712052a,,,
seed,traditional_ppo,46.0,1836,0.2148982137441635,16,multimap_v3_1,paper_runs\multimap_v3_2\formal_training\formal_traditional_ppo_seed46_3000ep\training_metrics.jsonl,cd4488624912459cbda501bd8a94d643094f910408e039b59802fc018712052a,,,
seed,traditional_ppo,46.0,1852,0.2612289828248322,16,multimap_v3_1,paper_runs\multimap_v3_2\formal_training\formal_traditional_ppo_seed46_3000ep\training_metrics.jsonl,cd4488624912459cbda501bd8a94d643094f910408e039b59802fc018712052a,,,
seed,traditional_ppo,46.0,1868,0.28512129094451666,16,multimap_v3_1,paper_runs\multimap_v3_2\formal_training\formal_traditional_ppo_seed46_3000ep\training_metrics.jsonl,cd4488624912459cbda501bd8a94d643094f910408e039b59802fc018712052a,,,
seed,traditional_ppo,46.0,1884,0.20068939682096243,16,multimap_v3_1,paper_runs\multimap_v3_2\formal_training\formal_traditional_ppo_seed46_3000ep\training_metrics.jsonl,cd4488624912459cbda501bd8a94d643094f910408e039b59802fc018712052a,,,
seed,traditional_ppo,46.0,1900,0.3044810062274337,16,multimap_v3_1,paper_runs\multimap_v3_2\formal_training\formal_traditional_ppo_seed46_3000ep\training_metrics.jsonl,cd4488624912459cbda501bd8a94d643094f910408e039b59802fc018712052a,,,
seed,traditional_ppo,46.0,1916,0.3040141901001334,16,multimap_v3_1,paper_runs\multimap_v3_2\formal_training\formal_traditional_ppo_seed46_3000ep\training_metrics.jsonl,cd4488624912459cbda501bd8a94d643094f910408e039b59802fc018712052a,,,
seed,traditional_ppo,46.0,1932,0.19715405441820621,16,multimap_v3_1,paper_runs\multimap_v3_2\formal_training\formal_traditional_ppo_seed46_3000ep\training_metrics.jsonl,cd4488624912459cbda501bd8a94d643094f910408e039b59802fc018712052a,,,
seed,traditional_ppo,46.0,1948,0.2847501253709197,16,multimap_v3_1,paper_runs\multimap_v3_2\formal_training\formal_traditional_ppo_seed46_3000ep\training_metrics.jsonl,cd4488624912459cbda501bd8a94d643094f910408e039b59802fc018712052a,,,
seed,traditional_ppo,46.0,1964,0.25235491059720516,16,multimap_v3_1,paper_runs\multimap_v3_2\formal_training\formal_traditional_ppo_seed46_3000ep\training_metrics.jsonl,cd4488624912459cbda501bd8a94d643094f910408e039b59802fc018712052a,,,
seed,traditional_ppo,46.0,1980,0.18553468119353056,16,multimap_v3_1,paper_runs\multimap_v3_2\formal_training\formal_traditional_ppo_seed46_3000ep\training_metrics.jsonl,cd4488624912459cbda501bd8a94d643094f910408e039b59802fc018712052a,,,
seed,traditional_ppo,46.0,1996,0.28272278141230345,16,multimap_v3_1,paper_runs\multimap_v3_2\formal_training\formal_traditional_ppo_seed46_3000ep\training_metrics.jsonl,cd4488624912459cbda501bd8a94d643094f910408e039b59802fc018712052a,,,
seed,traditional_ppo,46.0,2000,0.30841275304555893,16,multimap_v3_1,paper_runs\multimap_v3_2\formal_training\formal_traditional_ppo_seed46_3000ep\training_metrics.jsonl,cd4488624912459cbda501bd8a94d643094f910408e039b59802fc018712052a,,,
seed,traditional_ppo,46.0,2016,0.2034671762958169,16,multimap_v3_1,paper_runs\multimap_v3_2\formal_training\formal_traditional_ppo_seed46_3000ep\training_metrics.jsonl,cd4488624912459cbda501bd8a94d643094f910408e039b59802fc018712052a,,,
seed,traditional_ppo,46.0,2032,0.3114416962489486,16,multimap_v3_1,paper_runs\multimap_v3_2\formal_training\formal_traditional_ppo_seed46_3000ep\training_metrics.jsonl,cd4488624912459cbda501bd8a94d643094f910408e039b59802fc018712052a,,,
seed,traditional_ppo,46.0,2048,0.2413069512695074,16,multimap_v3_1,paper_runs\multimap_v3_2\formal_training\formal_traditional_ppo_seed46_3000ep\training_metrics.jsonl,cd4488624912459cbda501bd8a94d643094f910408e039b59802fc018712052a,,,
seed,traditional_ppo,46.0,2064,0.24931525718420744,16,multimap_v3_1,paper_runs\multimap_v3_2\formal_training\formal_traditional_ppo_seed46_3000ep\training_metrics.jsonl,cd4488624912459cbda501bd8a94d643094f910408e039b59802fc018712052a,,,
seed,traditional_ppo,46.0,2080,0.337639600969851,16,multimap_v3_1,paper_runs\multimap_v3_2\formal_training\formal_traditional_ppo_seed46_3000ep\training_metrics.jsonl,cd4488624912459cbda501bd8a94d643094f910408e039b59802fc018712052a,,,
seed,traditional_ppo,46.0,2096,0.27127409260720015,16,multimap_v3_1,paper_runs\multimap_v3_2\formal_training\formal_traditional_ppo_seed46_3000ep\training_metrics.jsonl,cd4488624912459cbda501bd8a94d643094f910408e039b59802fc018712052a,,,
seed,traditional_ppo,46.0,2112,0.26304702553898096,16,multimap_v3_1,paper_runs\multimap_v3_2\formal_training\formal_traditional_ppo_seed46_3000ep\training_metrics.jsonl,cd4488624912459cbda501bd8a94d643094f910408e039b59802fc018712052a,,,
seed,traditional_ppo,46.0,2128,0.25338698644191027,16,multimap_v3_1,paper_runs\multimap_v3_2\formal_training\formal_traditional_ppo_seed46_3000ep\training_metrics.jsonl,cd4488624912459cbda501bd8a94d643094f910408e039b59802fc018712052a,,,
seed,traditional_ppo,46.0,2144,0.243263459764421,16,multimap_v3_1,paper_runs\multimap_v3_2\formal_training\formal_traditional_ppo_seed46_3000ep\training_metrics.jsonl,cd4488624912459cbda501bd8a94d643094f910408e039b59802fc018712052a,,,
seed,traditional_ppo,46.0,2160,0.22760618198662996,16,multimap_v3_1,paper_runs\multimap_v3_2\formal_training\formal_traditional_ppo_seed46_3000ep\training_metrics.jsonl,cd4488624912459cbda501bd8a94d643094f910408e039b59802fc018712052a,,,
seed,traditional_ppo,46.0,2176,0.2533328402787447,16,multimap_v3_1,paper_runs\multimap_v3_2\formal_training\formal_traditional_ppo_seed46_3000ep\training_metrics.jsonl,cd4488624912459cbda501bd8a94d643094f910408e039b59802fc018712052a,,,
seed,traditional_ppo,46.0,2192,0.2601820109412074,16,multimap_v3_1,paper_runs\multimap_v3_2\formal_training\formal_traditional_ppo_seed46_3000ep\training_metrics.jsonl,cd4488624912459cbda501bd8a94d643094f910408e039b59802fc018712052a,,,
seed,traditional_ppo,46.0,2208,0.2033858080394566,16,multimap_v3_1,paper_runs\multimap_v3_2\formal_training\formal_traditional_ppo_seed46_3000ep\training_metrics.jsonl,cd4488624912459cbda501bd8a94d643094f910408e039b59802fc018712052a,,,
seed,traditional_ppo,46.0,2224,0.2980713900178671,16,multimap_v3_1,paper_runs\multimap_v3_2\formal_training\formal_traditional_ppo_seed46_3000ep\training_metrics.jsonl,cd4488624912459cbda501bd8a94d643094f910408e039b59802fc018712052a,,,
seed,traditional_ppo,46.0,2240,0.2960101757198572,16,multimap_v3_1,paper_runs\multimap_v3_2\formal_training\formal_traditional_ppo_seed46_3000ep\training_metrics.jsonl,cd4488624912459cbda501bd8a94d643094f910408e039b59802fc018712052a,,,
seed,traditional_ppo,46.0,2256,0.2631984893232584,16,multimap_v3_1,paper_runs\multimap_v3_2\formal_training\formal_traditional_ppo_seed46_3000ep\training_metrics.jsonl,cd4488624912459cbda501bd8a94d643094f910408e039b59802fc018712052a,,,
seed,traditional_ppo,46.0,2272,0.2770932815037668,16,multimap_v3_1,paper_runs\multimap_v3_2\formal_training\formal_traditional_ppo_seed46_3000ep\training_metrics.jsonl,cd4488624912459cbda501bd8a94d643094f910408e039b59802fc018712052a,,,
seed,traditional_ppo,46.0,2288,0.24148177914321423,16,multimap_v3_1,paper_runs\multimap_v3_2\formal_training\formal_traditional_ppo_seed46_3000ep\training_metrics.jsonl,cd4488624912459cbda501bd8a94d643094f910408e039b59802fc018712052a,,,
seed,traditional_ppo,46.0,2304,0.22631706180982292,16,multimap_v3_1,paper_runs\multimap_v3_2\formal_training\formal_traditional_ppo_seed46_3000ep\training_metrics.jsonl,cd4488624912459cbda501bd8a94d643094f910408e039b59802fc018712052a,,,
seed,traditional_ppo,46.0,2320,0.31400238163769245,16,multimap_v3_1,paper_runs\multimap_v3_2\formal_training\formal_traditional_ppo_seed46_3000ep\training_metrics.jsonl,cd4488624912459cbda501bd8a94d643094f910408e039b59802fc018712052a,,,
seed,traditional_ppo,46.0,2336,0.25889749825000763,16,multimap_v3_1,paper_runs\multimap_v3_2\formal_training\formal_traditional_ppo_seed46_3000ep\training_metrics.jsonl,cd4488624912459cbda501bd8a94d643094f910408e039b59802fc018712052a,,,
seed,traditional_ppo,46.0,2352,0.21484414162114263,16,multimap_v3_1,paper_runs\multimap_v3_2\formal_training\formal_traditional_ppo_seed46_3000ep\training_metrics.jsonl,cd4488624912459cbda501bd8a94d643094f910408e039b59802fc018712052a,,,
seed,traditional_ppo,46.0,2368,0.27049731742590666,16,multimap_v3_1,paper_runs\multimap_v3_2\formal_training\formal_traditional_ppo_seed46_3000ep\training_metrics.jsonl,cd4488624912459cbda501bd8a94d643094f910408e039b59802fc018712052a,,,
seed,traditional_ppo,46.0,2384,0.26345610385760665,16,multimap_v3_1,paper_runs\multimap_v3_2\formal_training\formal_traditional_ppo_seed46_3000ep\training_metrics.jsonl,cd4488624912459cbda501bd8a94d643094f910408e039b59802fc018712052a,,,
seed,traditional_ppo,46.0,2400,0.2286909706890583,16,multimap_v3_1,paper_runs\multimap_v3_2\formal_training\formal_traditional_ppo_seed46_3000ep\training_metrics.jsonl,cd4488624912459cbda501bd8a94d643094f910408e039b59802fc018712052a,,,
seed,traditional_ppo,46.0,2416,0.2809632229618728,16,multimap_v3_1,paper_runs\multimap_v3_2\formal_training\formal_traditional_ppo_seed46_3000ep\training_metrics.jsonl,cd4488624912459cbda501bd8a94d643094f910408e039b59802fc018712052a,,,
seed,traditional_ppo,46.0,2432,0.27271000016480684,16,multimap_v3_1,paper_runs\multimap_v3_2\formal_training\formal_traditional_ppo_seed46_3000ep\training_metrics.jsonl,cd4488624912459cbda501bd8a94d643094f910408e039b59802fc018712052a,,,
seed,traditional_ppo,46.0,2448,0.2211884744465351,16,multimap_v3_1,paper_runs\multimap_v3_2\formal_training\formal_traditional_ppo_seed46_3000ep\training_metrics.jsonl,cd4488624912459cbda501bd8a94d643094f910408e039b59802fc018712052a,,,
seed,traditional_ppo,46.0,2464,0.3139744568616152,16,multimap_v3_1,paper_runs\multimap_v3_2\formal_training\formal_traditional_ppo_seed46_3000ep\training_metrics.jsonl,cd4488624912459cbda501bd8a94d643094f910408e039b59802fc018712052a,,,
seed,traditional_ppo,46.0,2480,0.22898303624242544,16,multimap_v3_1,paper_runs\multimap_v3_2\formal_training\formal_traditional_ppo_seed46_3000ep\training_metrics.jsonl,cd4488624912459cbda501bd8a94d643094f910408e039b59802fc018712052a,,,
seed,traditional_ppo,46.0,2496,0.2377570327371359,16,multimap_v3_1,paper_runs\multimap_v3_2\formal_training\formal_traditional_ppo_seed46_3000ep\training_metrics.jsonl,cd4488624912459cbda501bd8a94d643094f910408e039b59802fc018712052a,,,
seed,traditional_ppo,46.0,2500,0.2846031319350004,16,multimap_v3_1,paper_runs\multimap_v3_2\formal_training\formal_traditional_ppo_seed46_3000ep\training_metrics.jsonl,cd4488624912459cbda501bd8a94d643094f910408e039b59802fc018712052a,,,
seed,traditional_ppo,46.0,2516,0.2587575442157686,16,multimap_v3_1,paper_runs\multimap_v3_2\formal_training\formal_traditional_ppo_seed46_3000ep\training_metrics.jsonl,cd4488624912459cbda501bd8a94d643094f910408e039b59802fc018712052a,,,
seed,traditional_ppo,46.0,2532,0.2032123925164342,16,multimap_v3_1,paper_runs\multimap_v3_2\formal_training\formal_traditional_ppo_seed46_3000ep\training_metrics.jsonl,cd4488624912459cbda501bd8a94d643094f910408e039b59802fc018712052a,,,
seed,traditional_ppo,46.0,2548,0.2516278405673802,16,multimap_v3_1,paper_runs\multimap_v3_2\formal_training\formal_traditional_ppo_seed46_3000ep\training_metrics.jsonl,cd4488624912459cbda501bd8a94d643094f910408e039b59802fc018712052a,,,
seed,traditional_ppo,46.0,2564,0.296111642383039,16,multimap_v3_1,paper_runs\multimap_v3_2\formal_training\formal_traditional_ppo_seed46_3000ep\training_metrics.jsonl,cd4488624912459cbda501bd8a94d643094f910408e039b59802fc018712052a,,,
seed,traditional_ppo,46.0,2580,0.25210427353158593,16,multimap_v3_1,paper_runs\multimap_v3_2\formal_training\formal_traditional_ppo_seed46_3000ep\training_metrics.jsonl,cd4488624912459cbda501bd8a94d643094f910408e039b59802fc018712052a,,,
seed,traditional_ppo,46.0,2596,0.2728231684304774,16,multimap_v3_1,paper_runs\multimap_v3_2\formal_training\formal_traditional_ppo_seed46_3000ep\training_metrics.jsonl,cd4488624912459cbda501bd8a94d643094f910408e039b59802fc018712052a,,,
seed,traditional_ppo,46.0,2612,0.3037367071956396,16,multimap_v3_1,paper_runs\multimap_v3_2\formal_training\formal_traditional_ppo_seed46_3000ep\training_metrics.jsonl,cd4488624912459cbda501bd8a94d643094f910408e039b59802fc018712052a,,,
seed,traditional_ppo,46.0,2628,0.2491946048103273,16,multimap_v3_1,paper_runs\multimap_v3_2\formal_training\formal_traditional_ppo_seed46_3000ep\training_metrics.jsonl,cd4488624912459cbda501bd8a94d643094f910408e039b59802fc018712052a,,,
seed,traditional_ppo,46.0,2644,0.28086032066494226,16,multimap_v3_1,paper_runs\multimap_v3_2\formal_training\formal_traditional_ppo_seed46_3000ep\training_metrics.jsonl,cd4488624912459cbda501bd8a94d643094f910408e039b59802fc018712052a,,,
seed,traditional_ppo,46.0,2660,0.27577512338757515,16,multimap_v3_1,paper_runs\multimap_v3_2\formal_training\formal_traditional_ppo_seed46_3000ep\training_metrics.jsonl,cd4488624912459cbda501bd8a94d643094f910408e039b59802fc018712052a,,,
seed,traditional_ppo,46.0,2676,0.24286608584225178,16,multimap_v3_1,paper_runs\multimap_v3_2\formal_training\formal_traditional_ppo_seed46_3000ep\training_metrics.jsonl,cd4488624912459cbda501bd8a94d643094f910408e039b59802fc018712052a,,,
seed,traditional_ppo,46.0,2692,0.30806961189955473,16,multimap_v3_1,paper_runs\multimap_v3_2\formal_training\formal_traditional_ppo_seed46_3000ep\training_metrics.jsonl,cd4488624912459cbda501bd8a94d643094f910408e039b59802fc018712052a,,,
seed,traditional_ppo,46.0,2708,0.2401197855360806,16,multimap_v3_1,paper_runs\multimap_v3_2\formal_training\formal_traditional_ppo_seed46_3000ep\training_metrics.jsonl,cd4488624912459cbda501bd8a94d643094f910408e039b59802fc018712052a,,,
seed,traditional_ppo,46.0,2724,0.25042951852083206,16,multimap_v3_1,paper_runs\multimap_v3_2\formal_training\formal_traditional_ppo_seed46_3000ep\training_metrics.jsonl,cd4488624912459cbda501bd8a94d643094f910408e039b59802fc018712052a,,,
seed,traditional_ppo,46.0,2740,0.3257478950545192,16,multimap_v3_1,paper_runs\multimap_v3_2\formal_training\formal_traditional_ppo_seed46_3000ep\training_metrics.jsonl,cd4488624912459cbda501bd8a94d643094f910408e039b59802fc018712052a,,,
seed,traditional_ppo,46.0,2756,0.2353148413822055,16,multimap_v3_1,paper_runs\multimap_v3_2\formal_training\formal_traditional_ppo_seed46_3000ep\training_metrics.jsonl,cd4488624912459cbda501bd8a94d643094f910408e039b59802fc018712052a,,,
seed,traditional_ppo,46.0,2772,0.22753688460215926,16,multimap_v3_1,paper_runs\multimap_v3_2\formal_training\formal_traditional_ppo_seed46_3000ep\training_metrics.jsonl,cd4488624912459cbda501bd8a94d643094f910408e039b59802fc018712052a,,,
seed,traditional_ppo,46.0,2788,0.29982333770021796,16,multimap_v3_1,paper_runs\multimap_v3_2\formal_training\formal_traditional_ppo_seed46_3000ep\training_metrics.jsonl,cd4488624912459cbda501bd8a94d643094f910408e039b59802fc018712052a,,,
seed,traditional_ppo,46.0,2804,0.2746796542778611,16,multimap_v3_1,paper_runs\multimap_v3_2\formal_training\formal_traditional_ppo_seed46_3000ep\training_metrics.jsonl,cd4488624912459cbda501bd8a94d643094f910408e039b59802fc018712052a,,,
seed,traditional_ppo,46.0,2820,0.23023928795009851,16,multimap_v3_1,paper_runs\multimap_v3_2\formal_training\formal_traditional_ppo_seed46_3000ep\training_metrics.jsonl,cd4488624912459cbda501bd8a94d643094f910408e039b59802fc018712052a,,,
seed,traditional_ppo,46.0,2836,0.2939115995541215,16,multimap_v3_1,paper_runs\multimap_v3_2\formal_training\formal_traditional_ppo_seed46_3000ep\training_metrics.jsonl,cd4488624912459cbda501bd8a94d643094f910408e039b59802fc018712052a,,,
seed,traditional_ppo,46.0,2852,0.26355733443051577,16,multimap_v3_1,paper_runs\multimap_v3_2\formal_training\formal_traditional_ppo_seed46_3000ep\training_metrics.jsonl,cd4488624912459cbda501bd8a94d643094f910408e039b59802fc018712052a,,,
seed,traditional_ppo,46.0,2868,0.24935336923226714,16,multimap_v3_1,paper_runs\multimap_v3_2\formal_training\formal_traditional_ppo_seed46_3000ep\training_metrics.jsonl,cd4488624912459cbda501bd8a94d643094f910408e039b59802fc018712052a,,,
seed,traditional_ppo,46.0,2884,0.22410405613481998,16,multimap_v3_1,paper_runs\multimap_v3_2\formal_training\formal_traditional_ppo_seed46_3000ep\training_metrics.jsonl,cd4488624912459cbda501bd8a94d643094f910408e039b59802fc018712052a,,,
seed,traditional_ppo,46.0,2900,0.2742185378447175,16,multimap_v3_1,paper_runs\multimap_v3_2\formal_training\formal_traditional_ppo_seed46_3000ep\training_metrics.jsonl,cd4488624912459cbda501bd8a94d643094f910408e039b59802fc018712052a,,,
seed,traditional_ppo,46.0,2916,0.22883481346070766,16,multimap_v3_1,paper_runs\multimap_v3_2\formal_training\formal_traditional_ppo_seed46_3000ep\training_metrics.jsonl,cd4488624912459cbda501bd8a94d643094f910408e039b59802fc018712052a,,,
seed,traditional_ppo,46.0,2932,0.24367851205170155,16,multimap_v3_1,paper_runs\multimap_v3_2\formal_training\formal_traditional_ppo_seed46_3000ep\training_metrics.jsonl,cd4488624912459cbda501bd8a94d643094f910408e039b59802fc018712052a,,,
seed,traditional_ppo,46.0,2948,0.23852727143093944,16,multimap_v3_1,paper_runs\multimap_v3_2\formal_training\formal_traditional_ppo_seed46_3000ep\training_metrics.jsonl,cd4488624912459cbda501bd8a94d643094f910408e039b59802fc018712052a,,,
seed,traditional_ppo,46.0,2964,0.23521750420331955,16,multimap_v3_1,paper_runs\multimap_v3_2\formal_training\formal_traditional_ppo_seed46_3000ep\training_metrics.jsonl,cd4488624912459cbda501bd8a94d643094f910408e039b59802fc018712052a,,,
seed,traditional_ppo,46.0,2980,0.27300239307805896,16,multimap_v3_1,paper_runs\multimap_v3_2\formal_training\formal_traditional_ppo_seed46_3000ep\training_metrics.jsonl,cd4488624912459cbda501bd8a94d643094f910408e039b59802fc018712052a,,,
seed,traditional_ppo,46.0,2996,0.26183266984298825,16,multimap_v3_1,paper_runs\multimap_v3_2\formal_training\formal_traditional_ppo_seed46_3000ep\training_metrics.jsonl,cd4488624912459cbda501bd8a94d643094f910408e039b59802fc018712052a,,,
seed,traditional_ppo,46.0,3000,0.282347597181797,16,multimap_v3_1,paper_runs\multimap_v3_2\formal_training\formal_traditional_ppo_seed46_3000ep\training_metrics.jsonl,cd4488624912459cbda501bd8a94d643094f910408e039b59802fc018712052a,,,
summary,a2c_pointer,,16,,16,multimap_v3_1,five_seed_logs,see_seed_rows,0.22054706094786525,0.2111331990454346,0.2323398138396442
summary,a2c_pointer,,32,,16,multimap_v3_1,five_seed_logs,see_seed_rows,0.20786250405944884,0.1935301737394184,0.21863100677728653
summary,a2c_pointer,,48,,16,multimap_v3_1,five_seed_logs,see_seed_rows,0.20491386950016022,0.19829973205924034,0.21217921888455749
summary,a2c_pointer,,64,,16,multimap_v3_1,five_seed_logs,see_seed_rows,0.25750564876943827,0.23851094185374677,0.2587690195068717
summary,a2c_pointer,,80,,16,multimap_v3_1,five_seed_logs,see_seed_rows,0.2554122726432979,0.24610905908048153,0.27112168027088046
summary,a2c_pointer,,96,,16,multimap_v3_1,five_seed_logs,see_seed_rows,0.21874470938928425,0.1998668354935944,0.21998673491179943
summary,a2c_pointer,,112,,16,multimap_v3_1,five_seed_logs,see_seed_rows,0.3004630319774151,0.2710197572596371,0.3080000886693597
summary,a2c_pointer,,128,,16,multimap_v3_1,five_seed_logs,see_seed_rows,0.2881791237741709,0.2806727229617536,0.29294079542160034
summary,a2c_pointer,,144,,16,multimap_v3_1,five_seed_logs,see_seed_rows,0.25713074021041393,0.25425446033477783,0.26846232428215444
summary,a2c_pointer,,160,,16,multimap_v3_1,five_seed_logs,see_seed_rows,0.312185007147491,0.31031193071976304,0.3472060728818178
summary,a2c_pointer,,176,,16,multimap_v3_1,five_seed_logs,see_seed_rows,0.3055400727316737,0.2992433197796345,0.31192486081272364
summary,a2c_pointer,,192,,16,multimap_v3_1,five_seed_logs,see_seed_rows,0.28111341688781977,0.2644143891520798,0.2864339975640178
summary,a2c_pointer,,208,,16,multimap_v3_1,five_seed_logs,see_seed_rows,0.3394229868426919,0.3254388542845845,0.35334320832043886
summary,a2c_pointer,,224,,16,multimap_v3_1,five_seed_logs,see_seed_rows,0.31477856636047363,0.2899032779969275,0.320961048360914
summary,a2c_pointer,,240,,16,multimap_v3_1,five_seed_logs,see_seed_rows,0.3130195662379265,0.23910562694072723,0.3270874721929431
summary,a2c_pointer,,250,,16,multimap_v3_1,five_seed_logs,see_seed_rows,0.3861434578895569,0.3856657013297081,0.3924111038446426
summary,a2c_pointer,,266,,16,multimap_v3_1,five_seed_logs,see_seed_rows,0.28981247544288635,0.28863710444420576,0.30287858191877604
summary,a2c_pointer,,282,,16,multimap_v3_1,five_seed_logs,see_seed_rows,0.29015040770173073,0.25313652120530605,0.3107117125764489
summary,a2c_pointer,,298,,16,multimap_v3_1,five_seed_logs,see_seed_rows,0.34955294989049435,0.3337589385919273,0.35691484343260527
summary,a2c_pointer,,314,,16,multimap_v3_1,five_seed_logs,see_seed_rows,0.30423347651958466,0.2980246925726533,0.32242247741669416
summary,a2c_pointer,,330,,16,multimap_v3_1,five_seed_logs,see_seed_rows,0.29138532653450966,0.28003093507140875,0.29157884884625673
summary,a2c_pointer,,346,,16,multimap_v3_1,five_seed_logs,see_seed_rows,0.3742866599932313,0.36834454629570246,0.4228853387758136
summary,a2c_pointer,,362,,16,multimap_v3_1,five_seed_logs,see_seed_rows,0.320938216522336,0.3179902257397771,0.35096379462629557
summary,a2c_pointer,,378,,16,multimap_v3_1,five_seed_logs,see_seed_rows,0.3257558522745967,0.32193870563060045,0.3335103439167142
summary,a2c_pointer,,394,,16,multimap_v3_1,five_seed_logs,see_seed_rows,0.35097623988986015,0.34548498038202524,0.3766750320792198
summary,a2c_pointer,,410,,16,multimap_v3_1,five_seed_logs,see_seed_rows,0.34808346163481474,0.3350024111568928,0.3493474554270506
summary,a2c_pointer,,426,,16,multimap_v3_1,five_seed_logs,see_seed_rows,0.32960559614002705,0.3245968110859394,0.34472507145255804
summary,a2c_pointer,,442,,16,multimap_v3_1,five_seed_logs,see_seed_rows,0.3672078410163522,0.34337540343403816,0.37448327522724867
summary,a2c_pointer,,458,,16,multimap_v3_1,five_seed_logs,see_seed_rows,0.3603232651948929,0.3202012116089463,0.36836276669055223
summary,a2c_pointer,,474,,16,multimap_v3_1,five_seed_logs,see_seed_rows,0.32344153709709644,0.3181004785001278,0.3283718219026923
summary,a2c_pointer,,490,,16,multimap_v3_1,five_seed_logs,see_seed_rows,0.4273672755807638,0.41584837064146996,0.43662396539002657
summary,a2c_pointer,,500,,16,multimap_v3_1,five_seed_logs,see_seed_rows,0.39880962371826173,0.36420773565769193,0.4089662253856659
summary,a2c_pointer,,516,,16,multimap_v3_1,five_seed_logs,see_seed_rows,0.36167161259800196,0.34225080953910947,0.3640380669385195
summary,a2c_pointer,,532,,16,multimap_v3_1,five_seed_logs,see_seed_rows,0.37508548703044653,0.37286391016095877,0.4079273836687207
summary,a2c_pointer,,548,,16,multimap_v3_1,five_seed_logs,see_seed_rows,0.39492175448685884,0.3696477864868939,0.40568762738257647
summary,a2c_pointer,,564,,16,multimap_v3_1,five_seed_logs,see_seed_rows,0.35642047971487045,0.348966546356678,0.3578072218224406
summary,a2c_pointer,,580,,16,multimap_v3_1,five_seed_logs,see_seed_rows,0.40592969581484795,0.39797297213226557,0.4077422320842743
summary,a2c_pointer,,596,,16,multimap_v3_1,five_seed_logs,see_seed_rows,0.3791052168235183,0.3651602081954479,0.4231143882498145
summary,a2c_pointer,,612,,16,multimap_v3_1,five_seed_logs,see_seed_rows,0.36404903419315815,0.35781584586948156,0.38457713555544615
summary,a2c_pointer,,628,,16,multimap_v3_1,five_seed_logs,see_seed_rows,0.3984537860378623,0.38412723783403635,0.4081157185137272
summary,a2c_pointer,,644,,16,multimap_v3_1,five_seed_logs,see_seed_rows,0.39327908772975206,0.36966593749821186,0.4246886447072029
summary,a2c_pointer,,660,,16,multimap_v3_1,five_seed_logs,see_seed_rows,0.3740792255848646,0.3690576311200857,0.39075351040810347
summary,a2c_pointer,,676,,16,multimap_v3_1,five_seed_logs,see_seed_rows,0.46650971099734306,0.4568581972271204,0.48003625962883234
summary,a2c_pointer,,692,,16,multimap_v3_1,five_seed_logs,see_seed_rows,0.39326359797269106,0.39171529188752174,0.4042392708361149
summary,a2c_pointer,,708,,16,multimap_v3_1,five_seed_logs,see_seed_rows,0.3921949975192547,0.36039395071566105,0.39714760333299637
summary,a2c_pointer,,724,,16,multimap_v3_1,five_seed_logs,see_seed_rows,0.4685152433812618,0.4175048992037773,0.48399868607521057
summary,a2c_pointer,,740,,16,multimap_v3_1,five_seed_logs,see_seed_rows,0.44804316852241755,0.43401593063026667,0.45238850358873606
summary,a2c_pointer,,756,,16,multimap_v3_1,five_seed_logs,see_seed_rows,0.3857153244316578,0.3718943018466234,0.3885284252464771
summary,a2c_pointer,,772,,16,multimap_v3_1,five_seed_logs,see_seed_rows,0.4798640673980117,0.46031731367111206,0.4821561798453331
summary,a2c_pointer,,788,,16,multimap_v3_1,five_seed_logs,see_seed_rows,0.4340990763157606,0.41386022232472897,0.4465029500424862
summary,a2c_pointer,,804,,16,multimap_v3_1,five_seed_logs,see_seed_rows,0.38062057364732027,0.37718218099325895,0.40866565704345703
summary,a2c_pointer,,820,,16,multimap_v3_1,five_seed_logs,see_seed_rows,0.44901231303811073,0.4312619036063552,0.45042221434414387
summary,a2c_pointer,,836,,16,multimap_v3_1,five_seed_logs,see_seed_rows,0.4509969912469387,0.43883481062948704,0.4526107367128134
summary,a2c_pointer,,852,,16,multimap_v3_1,five_seed_logs,see_seed_rows,0.4290330233052373,0.4191013975068927,0.4307027589529753
summary,a2c_pointer,,868,,16,multimap_v3_1,five_seed_logs,see_seed_rows,0.44106566347181797,0.4395246962085366,0.45282015576958656
summary,a2c_pointer,,884,,16,multimap_v3_1,five_seed_logs,see_seed_rows,0.4429959710687399,0.43690906930714846,0.4556467868387699
summary,a2c_pointer,,900,,16,multimap_v3_1,five_seed_logs,see_seed_rows,0.41131761111319065,0.3846930302679539,0.4369121780619025
summary,a2c_pointer,,916,,16,multimap_v3_1,five_seed_logs,see_seed_rows,0.4702514111995697,0.46869503520429134,0.47434919513761997
summary,a2c_pointer,,932,,16,multimap_v3_1,five_seed_logs,see_seed_rows,0.41527598816901445,0.4026257209479809,0.4165811650454998
summary,a2c_pointer,,948,,16,multimap_v3_1,five_seed_logs,see_seed_rows,0.38952384889125824,0.38485294580459595,0.46242984291166067
summary,a2c_pointer,,964,,16,multimap_v3_1,five_seed_logs,see_seed_rows,0.44083123095333576,0.43349133525043726,0.45127557776868343
summary,a2c_pointer,,980,,16,multimap_v3_1,five_seed_logs,see_seed_rows,0.44652052596211433,0.4309823755174875,0.46066766884177923
summary,a2c_pointer,,996,,16,multimap_v3_1,five_seed_logs,see_seed_rows,0.4253733800724149,0.3961678482592106,0.4484441298991442
summary,a2c_pointer,,1000,,16,multimap_v3_1,five_seed_logs,see_seed_rows,0.5035145133733749,0.4880254343152046,0.5114205628633499
summary,a2c_pointer,,1016,,16,multimap_v3_1,five_seed_logs,see_seed_rows,0.4401151044294238,0.43081609066575766,0.46650478057563305
summary,a2c_pointer,,1032,,16,multimap_v3_1,five_seed_logs,see_seed_rows,0.44076553639024496,0.433008449152112,0.45233569014817476
summary,a2c_pointer,,1048,,16,multimap_v3_1,five_seed_logs,see_seed_rows,0.45083925873041153,0.4450702276080847,0.4610036350786686
summary,a2c_pointer,,1064,,16,multimap_v3_1,five_seed_logs,see_seed_rows,0.43402009177953005,0.4264444652944803,0.44165838696062565
summary,a2c_pointer,,1080,,16,multimap_v3_1,five_seed_logs,see_seed_rows,0.4482884369790554,0.4370364295318723,0.4496971443295479
summary,a2c_pointer,,1096,,16,multimap_v3_1,five_seed_logs,see_seed_rows,0.466673226095736,0.4351698188111186,0.4764636470936239
summary,a2c_pointer,,1112,,16,multimap_v3_1,five_seed_logs,see_seed_rows,0.43226513639092445,0.3807260971516371,0.46855648793280125
summary,a2c_pointer,,1128,,16,multimap_v3_1,five_seed_logs,see_seed_rows,0.4064077027142048,0.40362157206982374,0.4727602144703269
summary,a2c_pointer,,1144,,16,multimap_v3_1,five_seed_logs,see_seed_rows,0.4489458352327347,0.4415220692753792,0.4939592592418194
summary,a2c_pointer,,1160,,16,multimap_v3_1,five_seed_logs,see_seed_rows,0.47264764457941055,0.4045771695673466,0.49948984012007713
summary,a2c_pointer,,1176,,16,multimap_v3_1,five_seed_logs,see_seed_rows,0.44198952335864305,0.4294735034927726,0.4483330976217985
summary,a2c_pointer,,1192,,16,multimap_v3_1,five_seed_logs,see_seed_rows,0.4725224580615759,0.44510794850066304,0.5427164379507303
summary,a2c_pointer,,1208,,16,multimap_v3_1,five_seed_logs,see_seed_rows,0.4732065126299858,0.4528720686212182,0.4806325174868107
summary,a2c_pointer,,1224,,16,multimap_v3_1,five_seed_logs,see_seed_rows,0.4394456706941128,0.4178279619663954,0.4448673455044627
summary,a2c_pointer,,1240,,16,multimap_v3_1,five_seed_logs,see_seed_rows,0.4703101608902216,0.4687277302145958,0.4917696276679635
summary,a2c_pointer,,1256,,16,multimap_v3_1,five_seed_logs,see_seed_rows,0.4558192575350404,0.4556442257016897,0.462002313695848
summary,a2c_pointer,,1272,,16,multimap_v3_1,five_seed_logs,see_seed_rows,0.4406684823334217,0.4192438507452607,0.4522413145750761
summary,a2c_pointer,,1288,,16,multimap_v3_1,five_seed_logs,see_seed_rows,0.4488111790269613,0.43784443847835064,0.4489296777173877
summary,a2c_pointer,,1304,,16,multimap_v3_1,five_seed_logs,see_seed_rows,0.4620781261473894,0.42298254929482937,0.47114041168242693
summary,a2c_pointer,,1320,,16,multimap_v3_1,five_seed_logs,see_seed_rows,0.3985413387417793,0.3972480781376362,0.40128569956868887
summary,a2c_pointer,,1336,,16,multimap_v3_1,five_seed_logs,see_seed_rows,0.46893971133977175,0.4526257887482643,0.512830464169383
summary,a2c_pointer,,1352,,16,multimap_v3_1,five_seed_logs,see_seed_rows,0.43353115767240524,0.41515894141048193,0.4795602932572365
summary,a2c_pointer,,1368,,16,multimap_v3_1,five_seed_logs,see_seed_rows,0.4358150251209736,0.41406755056232214,0.45838406682014465
summary,a2c_pointer,,1384,,16,multimap_v3_1,five_seed_logs,see_seed_rows,0.4525802321732044,0.4512469917535782,0.47414931282401085
summary,a2c_pointer,,1400,,16,multimap_v3_1,five_seed_logs,see_seed_rows,0.4729475397616625,0.47006569989025593,0.49629780650138855
summary,a2c_pointer,,1416,,16,multimap_v3_1,five_seed_logs,see_seed_rows,0.43436950352042913,0.4331140462309122,0.4458869844675064
summary,a2c_pointer,,1432,,16,multimap_v3_1,five_seed_logs,see_seed_rows,0.4418000334408134,0.43381759244948626,0.44483378529548645
summary,a2c_pointer,,1448,,16,multimap_v3_1,five_seed_logs,see_seed_rows,0.5055536013096571,0.4808566849678755,0.5150634236633778
summary,a2c_pointer,,1464,,16,multimap_v3_1,five_seed_logs,see_seed_rows,0.4534242693334818,0.401379594579339,0.4674560986459255
summary,a2c_pointer,,1480,,16,multimap_v3_1,five_seed_logs,see_seed_rows,0.47638239711523056,0.46658489666879177,0.5313825607299805
summary,a2c_pointer,,1496,,16,multimap_v3_1,five_seed_logs,see_seed_rows,0.4779152385890484,0.4542876901105046,0.4869596781209111
summary,a2c_pointer,,1500,,16,multimap_v3_1,five_seed_logs,see_seed_rows,0.45072314143180847,0.42043352872133255,0.46590830385684967
summary,a2c_pointer,,1516,,16,multimap_v3_1,five_seed_logs,see_seed_rows,0.5136968828737736,0.4919400103390217,0.5137526821345091
summary,a2c_pointer,,1532,,16,multimap_v3_1,five_seed_logs,see_seed_rows,0.42315732035785913,0.40620788279920816,0.45101557672023773
summary,a2c_pointer,,1548,,16,multimap_v3_1,five_seed_logs,see_seed_rows,0.4305326612666249,0.42812057957053185,0.4307294199243188
summary,a2c_pointer,,1564,,16,multimap_v3_1,five_seed_logs,see_seed_rows,0.45278276689350605,0.43744285963475704,0.464660307392478
summary,a2c_pointer,,1580,,16,multimap_v3_1,five_seed_logs,see_seed_rows,0.4572926051914692,0.4558960571885109,0.4576055249199271
summary,a2c_pointer,,1596,,16,multimap_v3_1,five_seed_logs,see_seed_rows,0.44572863914072514,0.4419295946136117,0.4725913554430008
summary,a2c_pointer,,1612,,16,multimap_v3_1,five_seed_logs,see_seed_rows,0.5114682177081704,0.4960251562297344,0.5175405731424689
summary,a2c_pointer,,1628,,16,multimap_v3_1,five_seed_logs,see_seed_rows,0.47591516748070717,0.4229781497269869,0.48519175313413143
summary,a2c_pointer,,1644,,16,multimap_v3_1,five_seed_logs,see_seed_rows,0.44056399911642075,0.4205629285424948,0.44322652695700526
summary,a2c_pointer,,1660,,16,multimap_v3_1,five_seed_logs,see_seed_rows,0.455406254157424,0.4411147031933069,0.48000270314514637
summary,a2c_pointer,,1676,,16,multimap_v3_1,five_seed_logs,see_seed_rows,0.4446281660348177,0.43720305524766445,0.45699865743517876
summary,a2c_pointer,,1692,,16,multimap_v3_1,five_seed_logs,see_seed_rows,0.4294679844751954,0.41919390857219696,0.4574549179524183
summary,a2c_pointer,,1708,,16,multimap_v3_1,five_seed_logs,see_seed_rows,0.4529939154163003,0.4449890237301588,0.4607009273022413
summary,a2c_pointer,,1724,,16,multimap_v3_1,five_seed_logs,see_seed_rows,0.4431090448051691,0.436881179921329,0.4822546476498246
summary,a2c_pointer,,1740,,16,multimap_v3_1,five_seed_logs,see_seed_rows,0.4651526929810643,0.44955884851515293,0.47520729433745146
summary,a2c_pointer,,1756,,16,multimap_v3_1,five_seed_logs,see_seed_rows,0.4787394180893898,0.4705107156187296,0.5231345687061548
summary,a2c_pointer,,1772,,16,multimap_v3_1,five_seed_logs,see_seed_rows,0.40130394604057074,0.3916451660916209,0.4042356824502349
summary,a2c_pointer,,1788,,16,multimap_v3_1,five_seed_logs,see_seed_rows,0.44588141422718763,0.4356396356597543,0.45109197683632374
summary,a2c_pointer,,1804,,16,multimap_v3_1,five_seed_logs,see_seed_rows,0.5014529135078192,0.45135712856426835,0.5014870967715979
summary,a2c_pointer,,1820,,16,multimap_v3_1,five_seed_logs,see_seed_rows,0.44846710935235023,0.44321089796721935,0.46226467564702034
summary,a2c_pointer,,1836,,16,multimap_v3_1,five_seed_logs,see_seed_rows,0.4204208506271243,0.41572307143360376,0.42808373738080263
summary,a2c_pointer,,1852,,16,multimap_v3_1,five_seed_logs,see_seed_rows,0.48999624140560627,0.47467471845448017,0.5095140319317579
summary,a2c_pointer,,1868,,16,multimap_v3_1,five_seed_logs,see_seed_rows,0.49201950803399086,0.4764820244163275,0.5231687147170305
summary,a2c_pointer,,1884,,16,multimap_v3_1,five_seed_logs,see_seed_rows,0.4410674376413226,0.4243803918361664,0.4421197809278965
summary,a2c_pointer,,1900,,16,multimap_v3_1,five_seed_logs,see_seed_rows,0.48266888968646526,0.4784889593720436,0.49788734316825867
summary,a2c_pointer,,1916,,16,multimap_v3_1,five_seed_logs,see_seed_rows,0.4668121989816427,0.45890461653470993,0.49019208922982216
summary,a2c_pointer,,1932,,16,multimap_v3_1,five_seed_logs,see_seed_rows,0.4369782144203782,0.4357319436967373,0.45474405586719513
summary,a2c_pointer,,1948,,16,multimap_v3_1,five_seed_logs,see_seed_rows,0.476168449036777,0.4530106717720628,0.47999569214880466
summary,a2c_pointer,,1964,,16,multimap_v3_1,five_seed_logs,see_seed_rows,0.4544641636312008,0.454235078766942,0.45729043427854776
summary,a2c_pointer,,1980,,16,multimap_v3_1,five_seed_logs,see_seed_rows,0.4280757699161768,0.41533937864005566,0.4472092157229781
summary,a2c_pointer,,1996,,16,multimap_v3_1,five_seed_logs,see_seed_rows,0.4607719834893942,0.43365267664194107,0.508016218431294
summary,a2c_pointer,,2000,,16,multimap_v3_1,five_seed_logs,see_seed_rows,0.4401555508375168,0.42821842432022095,0.5027776584029198
summary,a2c_pointer,,2016,,16,multimap_v3_1,five_seed_logs,see_seed_rows,0.46401027776300907,0.46380347199738026,0.4649316845461726
summary,a2c_pointer,,2032,,16,multimap_v3_1,five_seed_logs,see_seed_rows,0.4767931280657649,0.4434403879567981,0.4880452435463667
summary,a2c_pointer,,2048,,16,multimap_v3_1,five_seed_logs,see_seed_rows,0.46355112735182047,0.44628640450537205,0.4885858464986086
summary,a2c_pointer,,2064,,16,multimap_v3_1,five_seed_logs,see_seed_rows,0.4777322616428137,0.47411265037953854,0.48418184742331505
summary,a2c_pointer,,2080,,16,multimap_v3_1,five_seed_logs,see_seed_rows,0.46869758795946836,0.46825952269136906,0.5133350994437933
summary,a2c_pointer,,2096,,16,multimap_v3_1,five_seed_logs,see_seed_rows,0.47182382829487324,0.4512875899672508,0.4758690446615219
summary,a2c_pointer,,2112,,16,multimap_v3_1,five_seed_logs,see_seed_rows,0.45824643038213253,0.45590590219944715,0.4597269333899021
summary,a2c_pointer,,2128,,16,multimap_v3_1,five_seed_logs,see_seed_rows,0.4898660024628043,0.48854899033904076,0.5037797540426254
summary,a2c_pointer,,2144,,16,multimap_v3_1,five_seed_logs,see_seed_rows,0.45258947648108006,0.427737764082849,0.48695846647024155
summary,a2c_pointer,,2160,,16,multimap_v3_1,five_seed_logs,see_seed_rows,0.4561683442443609,0.43715687468647957,0.477700874209404
summary,a2c_pointer,,2176,,16,multimap_v3_1,five_seed_logs,see_seed_rows,0.4450318394228816,0.4375643152743578,0.4667108803987503
summary,a2c_pointer,,2192,,16,multimap_v3_1,five_seed_logs,see_seed_rows,0.4417757922783494,0.42948728892952204,0.4856060342863202
summary,a2c_pointer,,2208,,16,multimap_v3_1,five_seed_logs,see_seed_rows,0.44600291084498167,0.4063488859683275,0.49543933663517237
summary,a2c_pointer,,2224,,16,multimap_v3_1,five_seed_logs,see_seed_rows,0.4804421942681074,0.47659427486360073,0.5036976672708988
summary,a2c_pointer,,2240,,16,multimap_v3_1,five_seed_logs,see_seed_rows,0.5198711473494768,0.4511750340461731,0.5289614330977201
summary,a2c_pointer,,2256,,16,multimap_v3_1,five_seed_logs,see_seed_rows,0.4423911878839135,0.4368805382400751,0.4599120318889618
summary,a2c_pointer,,2272,,16,multimap_v3_1,five_seed_logs,see_seed_rows,0.49610861763358116,0.47663354128599167,0.5072431545704603
summary,a2c_pointer,,2288,,16,multimap_v3_1,five_seed_logs,see_seed_rows,0.4967752508819103,0.47148862574249506,0.510673638433218
summary,a2c_pointer,,2304,,16,multimap_v3_1,five_seed_logs,see_seed_rows,0.4447791948914528,0.4419344272464514,0.446090055629611
summary,a2c_pointer,,2320,,16,multimap_v3_1,five_seed_logs,see_seed_rows,0.5132993273437023,0.503657198511064,0.5213247556239367
summary,a2c_pointer,,2336,,16,multimap_v3_1,five_seed_logs,see_seed_rows,0.4918027464300394,0.4808918219059706,0.5076277982443571
summary,a2c_pointer,,2352,,16,multimap_v3_1,five_seed_logs,see_seed_rows,0.44462025444954634,0.40652274899184704,0.4547793287783861
summary,a2c_pointer,,2368,,16,multimap_v3_1,five_seed_logs,see_seed_rows,0.5365763269364834,0.49998388532549143,0.5366309452801943
summary,a2c_pointer,,2384,,16,multimap_v3_1,five_seed_logs,see_seed_rows,0.465366224758327,0.44664484821259975,0.47776733711361885
summary,a2c_pointer,,2400,,16,multimap_v3_1,five_seed_logs,see_seed_rows,0.45098274387419224,0.4395250929519534,0.453695016913116
summary,a2c_pointer,,2416,,16,multimap_v3_1,five_seed_logs,see_seed_rows,0.4548747595399618,0.4529363615438342,0.5191951040178537
summary,a2c_pointer,,2432,,16,multimap_v3_1,five_seed_logs,see_seed_rows,0.4653611369431019,0.4466416910290718,0.4655267894268036
summary,a2c_pointer,,2448,,16,multimap_v3_1,five_seed_logs,see_seed_rows,0.41665921173989773,0.41278116684406996,0.41800438053905964
summary,a2c_pointer,,2464,,16,multimap_v3_1,five_seed_logs,see_seed_rows,0.4903007997199893,0.48220899794250727,0.4936797432601452
summary,a2c_pointer,,2480,,16,multimap_v3_1,five_seed_logs,see_seed_rows,0.4292870815843344,0.42484129313379526,0.45590694434940815
summary,a2c_pointer,,2496,,16,multimap_v3_1,five_seed_logs,see_seed_rows,0.43695599772036076,0.43431700952351093,0.4382236930541694
summary,a2c_pointer,,2500,,16,multimap_v3_1,five_seed_logs,see_seed_rows,0.4957290068268776,0.4883110150694847,0.5275348648428917
summary,a2c_pointer,,2516,,16,multimap_v3_1,five_seed_logs,see_seed_rows,0.4789804005995393,0.4091742103919387,0.49176744371652603
summary,a2c_pointer,,2532,,16,multimap_v3_1,five_seed_logs,see_seed_rows,0.45238411519676447,0.4508990477770567,0.4599682195112109
summary,a2c_pointer,,2548,,16,multimap_v3_1,five_seed_logs,see_seed_rows,0.4800319951027632,0.43360590003430843,0.48423677776008844
summary,a2c_pointer,,2564,,16,multimap_v3_1,five_seed_logs,see_seed_rows,0.4904038803651929,0.47453499492257833,0.5086869411170483
summary,a2c_pointer,,2580,,16,multimap_v3_1,five_seed_logs,see_seed_rows,0.4547796817496419,0.45472183637320995,0.46397676784545183
summary,a2c_pointer,,2596,,16,multimap_v3_1,five_seed_logs,see_seed_rows,0.5094993878155947,0.4841593410819769,0.5174064692109823
summary,a2c_pointer,,2612,,16,multimap_v3_1,five_seed_logs,see_seed_rows,0.44032879266887903,0.4139694347977638,0.5054970365017653
summary,a2c_pointer,,2628,,16,multimap_v3_1,five_seed_logs,see_seed_rows,0.42812168784439564,0.4259889628738165,0.44981585443019867
summary,a2c_pointer,,2644,,16,multimap_v3_1,five_seed_logs,see_seed_rows,0.4743518680334091,0.4236703831702471,0.4746605046093464
summary,a2c_pointer,,2660,,16,multimap_v3_1,five_seed_logs,see_seed_rows,0.46065895166248083,0.455720086582005,0.47289144713431597
summary,a2c_pointer,,2676,,16,multimap_v3_1,five_seed_logs,see_seed_rows,0.4623103030025959,0.4345026118680835,0.49063488095998764
summary,a2c_pointer,,2692,,16,multimap_v3_1,five_seed_logs,see_seed_rows,0.48411471024155617,0.46089325845241547,0.494359090924263
summary,a2c_pointer,,2708,,16,multimap_v3_1,five_seed_logs,see_seed_rows,0.4484268520027399,0.42926414497196674,0.4812582777813077
summary,a2c_pointer,,2724,,16,multimap_v3_1,five_seed_logs,see_seed_rows,0.45345561765134335,0.4407938187941909,0.4673928115516901
summary,a2c_pointer,,2740,,16,multimap_v3_1,five_seed_logs,see_seed_rows,0.49974025413393974,0.48055060114711523,0.5292547848075628
summary,a2c_pointer,,2756,,16,multimap_v3_1,five_seed_logs,see_seed_rows,0.45904580038040876,0.42153031192719936,0.4649975532665849
summary,a2c_pointer,,2772,,16,multimap_v3_1,five_seed_logs,see_seed_rows,0.4241408761590719,0.41785156540572643,0.4279639236629009
summary,a2c_pointer,,2788,,16,multimap_v3_1,five_seed_logs,see_seed_rows,0.5061140228062868,0.46454166527837515,0.5137238372117281
summary,a2c_pointer,,2804,,16,multimap_v3_1,five_seed_logs,see_seed_rows,0.47787705063819885,0.4375324510037899,0.4917854331433773
summary,a2c_pointer,,2820,,16,multimap_v3_1,five_seed_logs,see_seed_rows,0.44220127910375595,0.40376733895391226,0.46370298229157925
summary,a2c_pointer,,2836,,16,multimap_v3_1,five_seed_logs,see_seed_rows,0.47831185534596443,0.4412305299192667,0.5037289280444384
summary,a2c_pointer,,2852,,16,multimap_v3_1,five_seed_logs,see_seed_rows,0.4700611177831888,0.4636206980794668,0.5091542694717646
summary,a2c_pointer,,2868,,16,multimap_v3_1,five_seed_logs,see_seed_rows,0.45876147598028183,0.4549221945926547,0.47377203963696957
summary,a2c_pointer,,2884,,16,multimap_v3_1,five_seed_logs,see_seed_rows,0.4880890976637602,0.4762827903032303,0.49758884496986866
summary,a2c_pointer,,2900,,16,multimap_v3_1,five_seed_logs,see_seed_rows,0.468204140663147,0.44340723380446434,0.4795584511011839
summary,a2c_pointer,,2916,,16,multimap_v3_1,five_seed_logs,see_seed_rows,0.438384429551661,0.37697005830705166,0.4447642005980015
summary,a2c_pointer,,2932,,16,multimap_v3_1,five_seed_logs,see_seed_rows,0.4687308091670275,0.4450433859601617,0.5327436085790396
summary,a2c_pointer,,2948,,16,multimap_v3_1,five_seed_logs,see_seed_rows,0.45431816577911377,0.4526459500193596,0.47760788910090923
summary,a2c_pointer,,2964,,16,multimap_v3_1,five_seed_logs,see_seed_rows,0.42562187276780605,0.42426852881908417,0.43705183919519186
summary,a2c_pointer,,2980,,16,multimap_v3_1,five_seed_logs,see_seed_rows,0.4625648055225611,0.45290422812104225,0.4881455935537815
summary,a2c_pointer,,2996,,16,multimap_v3_1,five_seed_logs,see_seed_rows,0.45721923746168613,0.4417832773178816,0.45902387145906687
summary,a2c_pointer,,3000,,16,multimap_v3_1,five_seed_logs,see_seed_rows,0.44641800969839096,0.43549279123544693,0.48667388409376144
summary,full,,16,,16,multimap_v3_1,five_seed_logs,see_seed_rows,0.22054706094786525,0.2111331990454346,0.2323398138396442
summary,full,,32,,16,multimap_v3_1,five_seed_logs,see_seed_rows,0.19979248975869268,0.1940415354911238,0.22141874628141522
summary,full,,48,,16,multimap_v3_1,five_seed_logs,see_seed_rows,0.22766585811041296,0.2160293636843562,0.24415141437202692
summary,full,,64,,16,multimap_v3_1,five_seed_logs,see_seed_rows,0.3101660222746432,0.2831328893080354,0.3487171493470669
summary,full,,80,,16,multimap_v3_1,five_seed_logs,see_seed_rows,0.30702759698033333,0.3007733291015029,0.3179950350895524
summary,full,,96,,16,multimap_v3_1,five_seed_logs,see_seed_rows,0.27243279479444027,0.2685450166463852,0.2876528212800622
summary,full,,112,,16,multimap_v3_1,five_seed_logs,see_seed_rows,0.33367708045989275,0.3177837412804365,0.3766025174409151
summary,full,,128,,16,multimap_v3_1,five_seed_logs,see_seed_rows,0.35394800547510386,0.35230783000588417,0.3587720897048712
summary,full,,144,,16,multimap_v3_1,five_seed_logs,see_seed_rows,0.3566067675128579,0.34875215124338865,0.3656588150188327
summary,full,,160,,16,multimap_v3_1,five_seed_logs,see_seed_rows,0.4023510944098234,0.38067089579999447,0.40387242939323187
summary,full,,176,,16,multimap_v3_1,five_seed_logs,see_seed_rows,0.4011057559400797,0.3790675033815205,0.40412659756839275
summary,full,,192,,16,multimap_v3_1,five_seed_logs,see_seed_rows,0.4099623542279005,0.383432662114501,0.41130660381168127
summary,full,,208,,16,multimap_v3_1,five_seed_logs,see_seed_rows,0.45499039348214865,0.4489333722740412,0.458661787211895
summary,full,,224,,16,multimap_v3_1,five_seed_logs,see_seed_rows,0.4398951008915901,0.405596767552197,0.4415254220366478
summary,full,,240,,16,multimap_v3_1,five_seed_logs,see_seed_rows,0.40119245275855064,0.3985462626442313,0.40485125593841076
summary,full,,250,,16,multimap_v3_1,five_seed_logs,see_seed_rows,0.48878755867481233,0.4834077775478363,0.5268560141324997
summary,full,,266,,16,multimap_v3_1,five_seed_logs,see_seed_rows,0.40405638329684734,0.40298300702124834,0.42157585453242064
summary,full,,282,,16,multimap_v3_1,five_seed_logs,see_seed_rows,0.3744680052623153,0.36062464118003845,0.40647032856941223
summary,full,,298,,16,multimap_v3_1,five_seed_logs,see_seed_rows,0.4631653055548668,0.39448263589292765,0.48831666447222233
summary,full,,314,,16,multimap_v3_1,five_seed_logs,see_seed_rows,0.41672268509864807,0.4044039621949196,0.45070027094334364
summary,full,,330,,16,multimap_v3_1,five_seed_logs,see_seed_rows,0.40659043565392494,0.38982955925166607,0.43191120959818363
summary,full,,346,,16,multimap_v3_1,five_seed_logs,see_seed_rows,0.47394386399537325,0.46263085678219795,0.4816269837319851
summary,full,,362,,16,multimap_v3_1,five_seed_logs,see_seed_rows,0.45391423907130957,0.4088656920939684,0.4666355913504958
summary,full,,378,,16,multimap_v3_1,five_seed_logs,see_seed_rows,0.41536311618983746,0.41009182296693325,0.4317833613604307
summary,full,,394,,16,multimap_v3_1,five_seed_logs,see_seed_rows,0.44113240763545036,0.42755833361297846,0.45875648222863674
summary,full,,410,,16,multimap_v3_1,five_seed_logs,see_seed_rows,0.4492002837359905,0.4106639390811324,0.4639099817723036
summary,full,,426,,16,multimap_v3_1,five_seed_logs,see_seed_rows,0.4330742359161377,0.40230774972587824,0.4332106439396739
summary,full,,442,,16,multimap_v3_1,five_seed_logs,see_seed_rows,0.43381913006305695,0.4198912996798754,0.4646094348281622
summary,full,,458,,16,multimap_v3_1,five_seed_logs,see_seed_rows,0.40008984971791506,0.3934941217303276,0.42923598643392324
summary,full,,474,,16,multimap_v3_1,five_seed_logs,see_seed_rows,0.3961855247616768,0.3871958404779434,0.4179368168115616
summary,full,,490,,16,multimap_v3_1,five_seed_logs,see_seed_rows,0.46303736534900963,0.4259103946387768,0.5034225089475513
summary,full,,500,,16,multimap_v3_1,five_seed_logs,see_seed_rows,0.4442661464214325,0.4339442938566208,0.4443254113197327
summary,full,,516,,16,multimap_v3_1,five_seed_logs,see_seed_rows,0.43304731231182814,0.42929529305547476,0.44470913521945477
summary,full,,532,,16,multimap_v3_1,five_seed_logs,see_seed_rows,0.427349166944623,0.4257873333990574,0.45357823837548494
summary,full,,548,,16,multimap_v3_1,five_seed_logs,see_seed_rows,0.4807688621804118,0.45587813947349787,0.49008074030280113
summary,full,,564,,16,multimap_v3_1,five_seed_logs,see_seed_rows,0.4255645340308547,0.4166427440941334,0.4333365336060524
summary,full,,580,,16,multimap_v3_1,five_seed_logs,see_seed_rows,0.44121403992176056,0.4159297551959753,0.44516662135720253
summary,full,,596,,16,multimap_v3_1,five_seed_logs,see_seed_rows,0.46862213034182787,0.42309717182070017,0.48253716342151165
summary,full,,612,,16,multimap_v3_1,five_seed_logs,see_seed_rows,0.4191857920959592,0.394787872210145,0.45881879911758006
summary,full,,628,,16,multimap_v3_1,five_seed_logs,see_seed_rows,0.4293167795985937,0.40873927529901266,0.435815236531198
summary,full,,644,,16,multimap_v3_1,five_seed_logs,see_seed_rows,0.4624205441214144,0.44805134646594524,0.4842618992552161
summary,full,,660,,16,multimap_v3_1,five_seed_logs,see_seed_rows,0.4407426090911031,0.4278601184487343,0.4471399765461683
summary,full,,676,,16,multimap_v3_1,five_seed_logs,see_seed_rows,0.45489910803735256,0.4473557323217392,0.5330038145184517
summary,full,,692,,16,multimap_v3_1,five_seed_logs,see_seed_rows,0.45433125644922256,0.4073940757662058,0.45436747185885906
summary,full,,708,,16,multimap_v3_1,five_seed_logs,see_seed_rows,0.42806620337069035,0.3988752318546176,0.45210311096161604
summary,full,,724,,16,multimap_v3_1,five_seed_logs,see_seed_rows,0.4726188573986292,0.44542692322283983,0.5154964961111546
summary,full,,740,,16,multimap_v3_1,five_seed_logs,see_seed_rows,0.43721424974501133,0.43401678930968046,0.48838429991155863
summary,full,,756,,16,multimap_v3_1,five_seed_logs,see_seed_rows,0.42040761932730675,0.4012475563213229,0.4473580187186599
summary,full,,772,,16,multimap_v3_1,five_seed_logs,see_seed_rows,0.5038946066051722,0.48991845548152924,0.5155685488134623
summary,full,,788,,16,multimap_v3_1,five_seed_logs,see_seed_rows,0.4261378860101104,0.42154500912874937,0.43730277940630913
summary,full,,804,,16,multimap_v3_1,five_seed_logs,see_seed_rows,0.416456270031631,0.3986241538077593,0.4359320793300867
summary,full,,820,,16,multimap_v3_1,five_seed_logs,see_seed_rows,0.45250956527888775,0.43924318440258503,0.4567573815584183
summary,full,,836,,16,multimap_v3_1,five_seed_logs,see_seed_rows,0.45283629186451435,0.4387241695076227,0.4731121938675642
summary,full,,852,,16,multimap_v3_1,five_seed_logs,see_seed_rows,0.4481796734035015,0.41543843876570463,0.4701992403715849
summary,full,,868,,16,multimap_v3_1,five_seed_logs,see_seed_rows,0.4532643798738718,0.446895357221365,0.47410441283136606
summary,full,,884,,16,multimap_v3_1,five_seed_logs,see_seed_rows,0.472702007740736,0.45736976712942123,0.48395796213299036
summary,full,,900,,16,multimap_v3_1,five_seed_logs,see_seed_rows,0.42664971202611923,0.41649310663342476,0.4280967153608799
summary,full,,916,,16,multimap_v3_1,five_seed_logs,see_seed_rows,0.46313015278428793,0.44512578658759594,0.478677942417562
summary,full,,932,,16,multimap_v3_1,five_seed_logs,see_seed_rows,0.40908350981771946,0.39309811871498823,0.4312280770391226
summary,full,,948,,16,multimap_v3_1,five_seed_logs,see_seed_rows,0.4114134656265378,0.406171478331089,0.49310436099767685
summary,full,,964,,16,multimap_v3_1,five_seed_logs,see_seed_rows,0.4547158982604742,0.41788793075829744,0.47263404726982117
summary,full,,980,,16,multimap_v3_1,five_seed_logs,see_seed_rows,0.4464884949848056,0.4401297140866518,0.4866153299808502
summary,full,,996,,16,multimap_v3_1,five_seed_logs,see_seed_rows,0.438324642367661,0.42786846216768026,0.4420493980869651
summary,full,,1000,,16,multimap_v3_1,five_seed_logs,see_seed_rows,0.4957597255706787,0.49570582807064056,0.5429661944508553
summary,full,,1016,,16,multimap_v3_1,five_seed_logs,see_seed_rows,0.45268222130835056,0.45122235268354416,0.4904437940567732
summary,full,,1032,,16,multimap_v3_1,five_seed_logs,see_seed_rows,0.4393894588574767,0.4127009538933635,0.4587619425728917
summary,full,,1048,,16,multimap_v3_1,five_seed_logs,see_seed_rows,0.44700930267572403,0.4356554467231035,0.4473528971429914
summary,full,,1064,,16,multimap_v3_1,five_seed_logs,see_seed_rows,0.44037922099232674,0.4088228056207299,0.45900495257228613
summary,full,,1080,,16,multimap_v3_1,five_seed_logs,see_seed_rows,0.4601490143686533,0.4496575938537717,0.46510740276426077
summary,full,,1096,,16,multimap_v3_1,five_seed_logs,see_seed_rows,0.4528530705720186,0.43547847494482994,0.4899522289633751
summary,full,,1112,,16,multimap_v3_1,five_seed_logs,see_seed_rows,0.45266029611229897,0.40768579358700663,0.45269589964300394
summary,full,,1128,,16,multimap_v3_1,five_seed_logs,see_seed_rows,0.4292477425187826,0.3782140661496669,0.4294563764706254
summary,full,,1144,,16,multimap_v3_1,five_seed_logs,see_seed_rows,0.46080817840993404,0.4587489040568471,0.5136660160496831
summary,full,,1160,,16,multimap_v3_1,five_seed_logs,see_seed_rows,0.4731535976752639,0.446489698253572,0.4808255862444639
summary,full,,1176,,16,multimap_v3_1,five_seed_logs,see_seed_rows,0.45098057482391596,0.4394907420501113,0.45877339132130146
summary,full,,1192,,16,multimap_v3_1,five_seed_logs,see_seed_rows,0.48816027492284775,0.4608114929869771,0.5133636575192213
summary,full,,1208,,16,multimap_v3_1,five_seed_logs,see_seed_rows,0.47325946018099785,0.4718532245606184,0.49470893666148186
summary,full,,1224,,16,multimap_v3_1,five_seed_logs,see_seed_rows,0.4474211521446705,0.4063107413239777,0.4624291779473424
summary,full,,1240,,16,multimap_v3_1,five_seed_logs,see_seed_rows,0.4643563413992524,0.4377462901175022,0.47258410044014454
summary,full,,1256,,16,multimap_v3_1,five_seed_logs,see_seed_rows,0.43425622675567865,0.4247028394602239,0.4838986909016967
summary,full,,1272,,16,multimap_v3_1,five_seed_logs,see_seed_rows,0.4458797723054886,0.4202729221433401,0.4497317895293236
summary,full,,1288,,16,multimap_v3_1,five_seed_logs,see_seed_rows,0.45896781608462334,0.4433610225096345,0.4609961351379752
summary,full,,1304,,16,multimap_v3_1,five_seed_logs,see_seed_rows,0.4590473370626569,0.40938379848375916,0.4978652987629175
summary,full,,1320,,16,multimap_v3_1,five_seed_logs,see_seed_rows,0.4152724649757147,0.3911271393299103,0.4292324548587203
summary,full,,1336,,16,multimap_v3_1,five_seed_logs,see_seed_rows,0.45875569619238377,0.4496013084426522,0.4668971002101898
summary,full,,1352,,16,multimap_v3_1,five_seed_logs,see_seed_rows,0.4679193627089262,0.4030360784381628,0.526378283277154
summary,full,,1368,,16,multimap_v3_1,five_seed_logs,see_seed_rows,0.4485519528388977,0.43188180681318045,0.466064453125
summary,full,,1384,,16,multimap_v3_1,five_seed_logs,see_seed_rows,0.4725161660462618,0.4608891597017646,0.4915142059326172
summary,full,,1400,,16,multimap_v3_1,five_seed_logs,see_seed_rows,0.5010091010481119,0.4842110201716423,0.5010478273034096
summary,full,,1416,,16,multimap_v3_1,five_seed_logs,see_seed_rows,0.44709386955946684,0.4383766669780016,0.46497879549860954
summary,full,,1432,,16,multimap_v3_1,five_seed_logs,see_seed_rows,0.452747980132699,0.44527373369783163,0.4842476611956954
summary,full,,1448,,16,multimap_v3_1,five_seed_logs,see_seed_rows,0.48998824320733547,0.4716430511325598,0.4994802214205265
summary,full,,1464,,16,multimap_v3_1,five_seed_logs,see_seed_rows,0.45344560500234365,0.38223470002412796,0.4790364485234022
summary,full,,1480,,16,multimap_v3_1,five_seed_logs,see_seed_rows,0.49196922220289707,0.48415491078048944,0.5393936345353723
summary,full,,1496,,16,multimap_v3_1,five_seed_logs,see_seed_rows,0.4637604970484972,0.4510186817497015,0.4825144652277231
summary,full,,1500,,16,multimap_v3_1,five_seed_logs,see_seed_rows,0.44588324427604675,0.389522697776556,0.47078080475330353
summary,full,,1516,,16,multimap_v3_1,five_seed_logs,see_seed_rows,0.4962981343269348,0.4807138741016388,0.5156596805900335
summary,full,,1532,,16,multimap_v3_1,five_seed_logs,see_seed_rows,0.43869922030717134,0.4168926663696766,0.45580992102622986
summary,full,,1548,,16,multimap_v3_1,five_seed_logs,see_seed_rows,0.4370337789878249,0.40886702854186296,0.4406148111447692
summary,full,,1564,,16,multimap_v3_1,five_seed_logs,see_seed_rows,0.4356669448316097,0.4276293832808733,0.474613931030035
summary,full,,1580,,16,multimap_v3_1,five_seed_logs,see_seed_rows,0.4635250195860863,0.426445790566504,0.475978447124362
summary,full,,1596,,16,multimap_v3_1,five_seed_logs,see_seed_rows,0.4393752943724394,0.4279439803212881,0.455904733389616
summary,full,,1612,,16,multimap_v3_1,five_seed_logs,see_seed_rows,0.5192982330918312,0.5153196267783642,0.5195185393095016
summary,full,,1628,,16,multimap_v3_1,five_seed_logs,see_seed_rows,0.47904127836227417,0.42294088192284107,0.48673720099031925
summary,full,,1644,,16,multimap_v3_1,five_seed_logs,see_seed_rows,0.4125935733318329,0.41030075307935476,0.4443694809451699
summary,full,,1660,,16,multimap_v3_1,five_seed_logs,see_seed_rows,0.46066693123430014,0.447013508528471,0.48971091862767935
summary,full,,1676,,16,multimap_v3_1,five_seed_logs,see_seed_rows,0.4570894315838814,0.44197250343859196,0.45766052789986134
summary,full,,1692,,16,multimap_v3_1,five_seed_logs,see_seed_rows,0.45753297582268715,0.4395797597244382,0.4663874190300703
summary,full,,1708,,16,multimap_v3_1,five_seed_logs,see_seed_rows,0.4611711008474231,0.45470127929002047,0.46837408654391766
summary,full,,1724,,16,multimap_v3_1,five_seed_logs,see_seed_rows,0.46500845439732075,0.4531180104240775,0.4791148295626044
summary,full,,1740,,16,multimap_v3_1,five_seed_logs,see_seed_rows,0.49308567866683006,0.45588718447834253,0.49710001423954964
summary,full,,1756,,16,multimap_v3_1,five_seed_logs,see_seed_rows,0.5020207026973367,0.47462764009833336,0.5172835001721978
summary,full,,1772,,16,multimap_v3_1,five_seed_logs,see_seed_rows,0.41702849604189396,0.4168219678103924,0.4340222114697099
summary,full,,1788,,16,multimap_v3_1,five_seed_logs,see_seed_rows,0.44322832580655813,0.4419459942728281,0.46384863648563623
summary,full,,1804,,16,multimap_v3_1,five_seed_logs,see_seed_rows,0.4995187036693096,0.46498339669778943,0.4995701340958476
summary,full,,1820,,16,multimap_v3_1,five_seed_logs,see_seed_rows,0.4731623660773039,0.4384349826723337,0.48225861601531506
summary,full,,1836,,16,multimap_v3_1,five_seed_logs,see_seed_rows,0.424710794351995,0.40372657123953104,0.42937874887138605
summary,full,,1852,,16,multimap_v3_1,five_seed_logs,see_seed_rows,0.48612913209944963,0.48418167792260647,0.5016574319452047
summary,full,,1868,,16,multimap_v3_1,five_seed_logs,see_seed_rows,0.5077597163617611,0.5045155584812164,0.5184862017631531
summary,full,,1884,,16,multimap_v3_1,five_seed_logs,see_seed_rows,0.4449096415191889,0.4283138979226351,0.45235651545226574
summary,full,,1900,,16,multimap_v3_1,five_seed_logs,see_seed_rows,0.48445043340325356,0.48428215831518173,0.49448714032769203
summary,full,,1916,,16,multimap_v3_1,five_seed_logs,see_seed_rows,0.46204801369458437,0.46048544347286224,0.47295261174440384
summary,full,,1932,,16,multimap_v3_1,five_seed_logs,see_seed_rows,0.44727621134370565,0.4140810901299119,0.4484818484634161
summary,full,,1948,,16,multimap_v3_1,five_seed_logs,see_seed_rows,0.4627553438767791,0.4468902666121721,0.4843890368938446
summary,full,,1964,,16,multimap_v3_1,five_seed_logs,see_seed_rows,0.4545382959768176,0.4525132840499282,0.4605472516268492
summary,full,,1980,,16,multimap_v3_1,five_seed_logs,see_seed_rows,0.45365628879517317,0.4331421535462141,0.47387220710515976
summary,full,,1996,,16,multimap_v3_1,five_seed_logs,see_seed_rows,0.4648321233689785,0.4453203957527876,0.4965031957253814
summary,full,,2000,,16,multimap_v3_1,five_seed_logs,see_seed_rows,0.43454231321811676,0.4344478100538254,0.5776425525546074
summary,full,,2016,,16,multimap_v3_1,five_seed_logs,see_seed_rows,0.44362052343785763,0.4320567555259913,0.45606420561671257
summary,full,,2032,,16,multimap_v3_1,five_seed_logs,see_seed_rows,0.48063025530427694,0.43754580873064697,0.49189592897892
summary,full,,2048,,16,multimap_v3_1,five_seed_logs,see_seed_rows,0.4619485102593899,0.4432363398373127,0.49324506614357233
summary,full,,2064,,16,multimap_v3_1,five_seed_logs,see_seed_rows,0.46129863150417805,0.4383696550503373,0.46887556463479996
summary,full,,2080,,16,multimap_v3_1,five_seed_logs,see_seed_rows,0.47410379629582167,0.455058510415256,0.5093050878494978
summary,full,,2096,,16,multimap_v3_1,five_seed_logs,see_seed_rows,0.470027600415051,0.4650493711233139,0.4890159126371145
summary,full,,2112,,16,multimap_v3_1,five_seed_logs,see_seed_rows,0.45202147075906396,0.4471898106858134,0.4712905026972294
summary,full,,2128,,16,multimap_v3_1,five_seed_logs,see_seed_rows,0.46673831529915333,0.44371578469872475,0.49023996852338314
summary,full,,2144,,16,multimap_v3_1,five_seed_logs,see_seed_rows,0.4355000723153353,0.42923126742243767,0.45443319994956255
summary,full,,2160,,16,multimap_v3_1,five_seed_logs,see_seed_rows,0.45469886995851994,0.42812793515622616,0.4665053430944681
summary,full,,2176,,16,multimap_v3_1,five_seed_logs,see_seed_rows,0.44925811141729355,0.4315665429458022,0.4684274708852172
summary,full,,2192,,16,multimap_v3_1,five_seed_logs,see_seed_rows,0.45423179771751165,0.4311582110822201,0.4686762634664774
summary,full,,2208,,16,multimap_v3_1,five_seed_logs,see_seed_rows,0.4829988479614258,0.42432668432593346,0.49668365716934204
summary,full,,2224,,16,multimap_v3_1,five_seed_logs,see_seed_rows,0.4864565208554268,0.4448552280664444,0.48791234754025936
summary,full,,2240,,16,multimap_v3_1,five_seed_logs,see_seed_rows,0.5089077167212963,0.46831127628684044,0.530635017901659
summary,full,,2256,,16,multimap_v3_1,five_seed_logs,see_seed_rows,0.4675445035099983,0.4534610230475664,0.46782743092626333
summary,full,,2272,,16,multimap_v3_1,five_seed_logs,see_seed_rows,0.48258945997804403,0.47007120586931705,0.5038940738886595
summary,full,,2288,,16,multimap_v3_1,five_seed_logs,see_seed_rows,0.4949967488646507,0.48712562769651413,0.5011586435139179
summary,full,,2304,,16,multimap_v3_1,five_seed_logs,see_seed_rows,0.4282345734536648,0.4278958272188902,0.44732172787189484
summary,full,,2320,,16,multimap_v3_1,five_seed_logs,see_seed_rows,0.5173353161662817,0.4839734807610512,0.531275050714612
summary,full,,2336,,16,multimap_v3_1,five_seed_logs,see_seed_rows,0.49347397685050964,0.47924779728055,0.5166977066546679
summary,full,,2352,,16,multimap_v3_1,five_seed_logs,see_seed_rows,0.43830122612416744,0.4155027847737074,0.4547712504863739
summary,full,,2368,,16,multimap_v3_1,five_seed_logs,see_seed_rows,0.5114840758033097,0.47852451354265213,0.5404779389500618
summary,full,,2384,,16,multimap_v3_1,five_seed_logs,see_seed_rows,0.4420399283990264,0.43887735437601805,0.4652178157120943
summary,full,,2400,,16,multimap_v3_1,five_seed_logs,see_seed_rows,0.4408673821017146,0.43817218858748674,0.4676915956661105
summary,full,,2416,,16,multimap_v3_1,five_seed_logs,see_seed_rows,0.45515204779803753,0.4451172510161996,0.48435049736872315
summary,full,,2432,,16,multimap_v3_1,five_seed_logs,see_seed_rows,0.4608743917196989,0.4468184635043144,0.46990125998854637
summary,full,,2448,,16,multimap_v3_1,five_seed_logs,see_seed_rows,0.42546609975397587,0.4140840182080865,0.43833288084715605
summary,full,,2464,,16,multimap_v3_1,five_seed_logs,see_seed_rows,0.46240783482789993,0.44518252718262374,0.486092709004879
summary,full,,2480,,16,multimap_v3_1,five_seed_logs,see_seed_rows,0.45909188874065876,0.41090462170541286,0.47936179116368294
summary,full,,2496,,16,multimap_v3_1,five_seed_logs,see_seed_rows,0.44201367255300283,0.44079441390931606,0.45249872375279665
summary,full,,2500,,16,multimap_v3_1,five_seed_logs,see_seed_rows,0.4576974380761385,0.44125667214393616,0.4960017018020153
summary,full,,2516,,16,multimap_v3_1,five_seed_logs,see_seed_rows,0.42337250616401434,0.4183395318686962,0.4868182735517621
summary,full,,2532,,16,multimap_v3_1,five_seed_logs,see_seed_rows,0.42441880609840155,0.41410155687481165,0.4305005604401231
summary,full,,2548,,16,multimap_v3_1,five_seed_logs,see_seed_rows,0.4763114620000124,0.42182536609470844,0.483961408957839
summary,full,,2564,,16,multimap_v3_1,five_seed_logs,see_seed_rows,0.4962570546194911,0.48552738316357136,0.5044360589236021
summary,full,,2580,,16,multimap_v3_1,five_seed_logs,see_seed_rows,0.46243414003401995,0.439531865529716,0.47763102501630783
summary,full,,2596,,16,multimap_v3_1,five_seed_logs,see_seed_rows,0.4978504413738847,0.478286100551486,0.4980736745055765
summary,full,,2612,,16,multimap_v3_1,five_seed_logs,see_seed_rows,0.48093177005648613,0.4152968665584922,0.48517171293497086
summary,full,,2628,,16,multimap_v3_1,five_seed_logs,see_seed_rows,0.44978421460837126,0.44599760230630636,0.4691719990223646
summary,full,,2644,,16,multimap_v3_1,five_seed_logs,see_seed_rows,0.4569149799644947,0.4353327602148056,0.47068176977336407
summary,full,,2660,,16,multimap_v3_1,five_seed_logs,see_seed_rows,0.47621482610702515,0.466594934463501,0.49469917826354504
summary,full,,2676,,16,multimap_v3_1,five_seed_logs,see_seed_rows,0.47528017684817314,0.4422046663239598,0.47778251580893993
summary,full,,2692,,16,multimap_v3_1,five_seed_logs,see_seed_rows,0.47494551818817854,0.46646611485630274,0.4862705636769533
summary,full,,2708,,16,multimap_v3_1,five_seed_logs,see_seed_rows,0.4796676877886057,0.4480094751343131,0.4796824185177684
summary,full,,2724,,16,multimap_v3_1,five_seed_logs,see_seed_rows,0.46510519087314606,0.45602873619645834,0.47262992803007364
summary,full,,2740,,16,multimap_v3_1,five_seed_logs,see_seed_rows,0.5038820821791887,0.5015066899359226,0.529212886467576
summary,full,,2756,,16,multimap_v3_1,five_seed_logs,see_seed_rows,0.4729649992659688,0.4729553386569023,0.47945231571793556
summary,full,,2772,,16,multimap_v3_1,five_seed_logs,see_seed_rows,0.4447391415014863,0.4343591844663024,0.4485374763607979
summary,full,,2788,,16,multimap_v3_1,five_seed_logs,see_seed_rows,0.5118696251884103,0.48999566212296486,0.5190903469920158
summary,full,,2804,,16,multimap_v3_1,five_seed_logs,see_seed_rows,0.48244214430451393,0.4684575367718935,0.48859619721770287
summary,full,,2820,,16,multimap_v3_1,five_seed_logs,see_seed_rows,0.43683659192174673,0.4217364904470742,0.44107362907379866
summary,full,,2836,,16,multimap_v3_1,five_seed_logs,see_seed_rows,0.4453837079927325,0.4434707146137953,0.4900784660130739
summary,full,,2852,,16,multimap_v3_1,five_seed_logs,see_seed_rows,0.46829481329768896,0.45957519114017487,0.5139598231762648
summary,full,,2868,,16,multimap_v3_1,five_seed_logs,see_seed_rows,0.48289525508880615,0.48169070295989513,0.48396237287670374
summary,full,,2884,,16,multimap_v3_1,five_seed_logs,see_seed_rows,0.4469886915758252,0.3985119063872844,0.4898762833327055
summary,full,,2900,,16,multimap_v3_1,five_seed_logs,see_seed_rows,0.47288417257368565,0.4593487102538347,0.49967022240161896
summary,full,,2916,,16,multimap_v3_1,five_seed_logs,see_seed_rows,0.44741107895970345,0.4319129753857851,0.4537899103015661
summary,full,,2932,,16,multimap_v3_1,five_seed_logs,see_seed_rows,0.4649461731314659,0.4433401161804795,0.5073189102113247
summary,full,,2948,,16,multimap_v3_1,five_seed_logs,see_seed_rows,0.4401593543589115,0.43555688485503197,0.45269846729934216
summary,full,,2964,,16,multimap_v3_1,five_seed_logs,see_seed_rows,0.43589589279145,0.41915484610944986,0.43833208084106445
summary,full,,2980,,16,multimap_v3_1,five_seed_logs,see_seed_rows,0.47399507090449333,0.47072111908346415,0.49584320187568665
summary,full,,2996,,16,multimap_v3_1,five_seed_logs,see_seed_rows,0.4653272982686758,0.45910649094730616,0.474363056011498
summary,full,,3000,,16,multimap_v3_1,five_seed_logs,see_seed_rows,0.47125473618507385,0.446402370929718,0.501868911087513
summary,traditional_ppo,,16,,16,multimap_v3_1,five_seed_logs,see_seed_rows,0.2147590504027903,0.19741783430799842,0.23838173504918814
summary,traditional_ppo,,32,,16,multimap_v3_1,five_seed_logs,see_seed_rows,0.1733470915351063,0.16890333266928792,0.17776620155200362
summary,traditional_ppo,,48,,16,multimap_v3_1,five_seed_logs,see_seed_rows,0.17029749625362456,0.1641408985015005,0.183248175191693
summary,traditional_ppo,,64,,16,multimap_v3_1,five_seed_logs,see_seed_rows,0.209690332878381,0.20490427711047232,0.21307140483986586
summary,traditional_ppo,,80,,16,multimap_v3_1,five_seed_logs,see_seed_rows,0.18421533447690308,0.18419964774511755,0.21354834083467722
summary,traditional_ppo,,96,,16,multimap_v3_1,five_seed_logs,see_seed_rows,0.18571157520636916,0.16783948987722397,0.1857885766075924
summary,traditional_ppo,,112,,16,multimap_v3_1,five_seed_logs,see_seed_rows,0.21696021617390215,0.20358896837569773,0.24217471992596984
summary,traditional_ppo,,128,,16,multimap_v3_1,five_seed_logs,see_seed_rows,0.21658299781847745,0.19192418991588056,0.22276984294876456
summary,traditional_ppo,,144,,16,multimap_v3_1,five_seed_logs,see_seed_rows,0.18804005905985832,0.18190526426769793,0.2086003702133894
summary,traditional_ppo,,160,,16,multimap_v3_1,five_seed_logs,see_seed_rows,0.23034301958978176,0.20898755360394716,0.2635435794945806
summary,traditional_ppo,,176,,16,multimap_v3_1,five_seed_logs,see_seed_rows,0.1921222759410739,0.1872928759548813,0.2138730736915022
summary,traditional_ppo,,192,,16,multimap_v3_1,five_seed_logs,see_seed_rows,0.19990074529778212,0.1895976159721613,0.2011950567830354
summary,traditional_ppo,,208,,16,multimap_v3_1,five_seed_logs,see_seed_rows,0.22089011897332966,0.21086684428155422,0.24951193295419216
summary,traditional_ppo,,224,,16,multimap_v3_1,five_seed_logs,see_seed_rows,0.21671604737639427,0.21313588041812181,0.2274844110943377
summary,traditional_ppo,,240,,16,multimap_v3_1,five_seed_logs,see_seed_rows,0.20075026853010058,0.19820556929334998,0.2044559335336089
summary,traditional_ppo,,250,,16,multimap_v3_1,five_seed_logs,see_seed_rows,0.2639133095741272,0.24839804843068122,0.26729184985160825
summary,traditional_ppo,,266,,16,multimap_v3_1,five_seed_logs,see_seed_rows,0.21672133076936007,0.20145680848509073,0.23066311608999968
summary,traditional_ppo,,282,,16,multimap_v3_1,five_seed_logs,see_seed_rows,0.20982027798891068,0.20848113670945168,0.2125192265957594
summary,traditional_ppo,,298,,16,multimap_v3_1,five_seed_logs,see_seed_rows,0.2807167642749846,0.26391883892938495,0.29292406933382154
summary,traditional_ppo,,314,,16,multimap_v3_1,five_seed_logs,see_seed_rows,0.24318315228447318,0.2198002291843295,0.25870341155678034
summary,traditional_ppo,,330,,16,multimap_v3_1,five_seed_logs,see_seed_rows,0.18937500286847353,0.17911506071686745,0.1971871880814433
summary,traditional_ppo,,346,,16,multimap_v3_1,five_seed_logs,see_seed_rows,0.2789334999397397,0.2647878732532263,0.2982813478447497
summary,traditional_ppo,,362,,16,multimap_v3_1,five_seed_logs,see_seed_rows,0.2460903488099575,0.24010282615199685,0.24927948554977775
summary,traditional_ppo,,378,,16,multimap_v3_1,five_seed_logs,see_seed_rows,0.2083724197000265,0.20834159292280674,0.22103825630620122
summary,traditional_ppo,,394,,16,multimap_v3_1,five_seed_logs,see_seed_rows,0.28441639989614487,0.2772102914750576,0.28449182445183396
summary,traditional_ppo,,410,,16,multimap_v3_1,five_seed_logs,see_seed_rows,0.24757205042988062,0.24116506706923246,0.25676377303898335
summary,traditional_ppo,,426,,16,multimap_v3_1,five_seed_logs,see_seed_rows,0.2160554206930101,0.2160005709156394,0.2175534856505692
summary,traditional_ppo,,442,,16,multimap_v3_1,five_seed_logs,see_seed_rows,0.2768133543431759,0.26151283737272024,0.27711791824549437
summary,traditional_ppo,,458,,16,multimap_v3_1,five_seed_logs,see_seed_rows,0.2508152509108186,0.2497620233334601,0.25713917426764965
summary,traditional_ppo,,474,,16,multimap_v3_1,five_seed_logs,see_seed_rows,0.19953968422487378,0.19824586436152458,0.21876277215778828
summary,traditional_ppo,,490,,16,multimap_v3_1,five_seed_logs,see_seed_rows,0.2889114236459136,0.26685946621000767,0.3277204539626837
summary,traditional_ppo,,500,,16,multimap_v3_1,five_seed_logs,see_seed_rows,0.2338597945868969,0.22890713512897493,0.24143411070108414
summary,traditional_ppo,,516,,16,multimap_v3_1,five_seed_logs,see_seed_rows,0.22103679203428328,0.20721289329230785,0.2301239431835711
summary,traditional_ppo,,532,,16,multimap_v3_1,five_seed_logs,see_seed_rows,0.292948423884809,0.2441283967345953,0.2941646706312895
summary,traditional_ppo,,548,,16,multimap_v3_1,five_seed_logs,see_seed_rows,0.2555185351520777,0.22571465000510216,0.2647336549125612
summary,traditional_ppo,,564,,16,multimap_v3_1,five_seed_logs,see_seed_rows,0.21218217071145773,0.20980481524020433,0.21363519178703427
summary,traditional_ppo,,580,,16,multimap_v3_1,five_seed_logs,see_seed_rows,0.280707651283592,0.25926611945033073,0.2807565601542592
summary,traditional_ppo,,596,,16,multimap_v3_1,five_seed_logs,see_seed_rows,0.2602362586185336,0.2385985068976879,0.26187004428356886
summary,traditional_ppo,,612,,16,multimap_v3_1,five_seed_logs,see_seed_rows,0.22998821828514338,0.19320488721132278,0.2353278542868793
summary,traditional_ppo,,628,,16,multimap_v3_1,five_seed_logs,see_seed_rows,0.28492219280451536,0.2513720393180847,0.29223011061549187
summary,traditional_ppo,,644,,16,multimap_v3_1,five_seed_logs,see_seed_rows,0.2511030277237296,0.250739608425647,0.26039809128269553
summary,traditional_ppo,,660,,16,multimap_v3_1,five_seed_logs,see_seed_rows,0.21352688781917095,0.21080567291937768,0.22731767245568335
summary,traditional_ppo,,676,,16,multimap_v3_1,five_seed_logs,see_seed_rows,0.2808389561250806,0.28076651645824313,0.3197725312784314
summary,traditional_ppo,,692,,16,multimap_v3_1,five_seed_logs,see_seed_rows,0.24309874325990677,0.22609311901032925,0.2602164763957262
summary,traditional_ppo,,708,,16,multimap_v3_1,five_seed_logs,see_seed_rows,0.22241391148418188,0.21360047440975904,0.2325356570072472
summary,traditional_ppo,,724,,16,multimap_v3_1,five_seed_logs,see_seed_rows,0.26511671021580696,0.2594444118440151,0.28089023288339376
summary,traditional_ppo,,740,,16,multimap_v3_1,five_seed_logs,see_seed_rows,0.25262901093810797,0.24575030198320746,0.27283763512969017
summary,traditional_ppo,,756,,16,multimap_v3_1,five_seed_logs,see_seed_rows,0.22648664936423302,0.21104016830213368,0.22891173628158867
summary,traditional_ppo,,772,,16,multimap_v3_1,five_seed_logs,see_seed_rows,0.3039097487926483,0.30377674847841263,0.306084543466568
summary,traditional_ppo,,788,,16,multimap_v3_1,five_seed_logs,see_seed_rows,0.25880609545856714,0.246160252019763,0.26025540567934513
summary,traditional_ppo,,804,,16,multimap_v3_1,five_seed_logs,see_seed_rows,0.22129298839718103,0.20576926274225116,0.22361372597515583
summary,traditional_ppo,,820,,16,multimap_v3_1,five_seed_logs,see_seed_rows,0.2803097143769264,0.2709725331515074,0.3061317689716816
summary,traditional_ppo,,836,,16,multimap_v3_1,five_seed_logs,see_seed_rows,0.25742295384407043,0.24770496238488704,0.25882181199267507
summary,traditional_ppo,,852,,16,multimap_v3_1,five_seed_logs,see_seed_rows,0.22881980240345,0.22772982018068433,0.2519487300887704
summary,traditional_ppo,,868,,16,multimap_v3_1,five_seed_logs,see_seed_rows,0.2794827427715063,0.27094506472349167,0.2804419109597802
summary,traditional_ppo,,884,,16,multimap_v3_1,five_seed_logs,see_seed_rows,0.27086470648646355,0.2632450698874891,0.27266236674040556
summary,traditional_ppo,,900,,16,multimap_v3_1,five_seed_logs,see_seed_rows,0.23515506461262703,0.21116870269179344,0.24536883179098368
summary,traditional_ppo,,916,,16,multimap_v3_1,five_seed_logs,see_seed_rows,0.28848761692643166,0.2730415319092572,0.299735926091671
summary,traditional_ppo,,932,,16,multimap_v3_1,five_seed_logs,see_seed_rows,0.25864677503705025,0.249112029094249,0.2803883496671915
summary,traditional_ppo,,948,,16,multimap_v3_1,five_seed_logs,see_seed_rows,0.22765020560473204,0.2134134005755186,0.24289163667708635
summary,traditional_ppo,,964,,16,multimap_v3_1,five_seed_logs,see_seed_rows,0.28643795661628246,0.28086497634649277,0.2961924106348306
summary,traditional_ppo,,980,,16,multimap_v3_1,five_seed_logs,see_seed_rows,0.2502998486161232,0.23381885467097163,0.2524729846045375
summary,traditional_ppo,,996,,16,multimap_v3_1,five_seed_logs,see_seed_rows,0.2356631956063211,0.22127128345891833,0.24025135580450296
summary,traditional_ppo,,1000,,16,multimap_v3_1,five_seed_logs,see_seed_rows,0.31568508595228195,0.29259195923805237,0.3314021974802017
summary,traditional_ppo,,1016,,16,multimap_v3_1,five_seed_logs,see_seed_rows,0.2663952335715294,0.233838920481503,0.2758739357814193
summary,traditional_ppo,,1032,,16,multimap_v3_1,five_seed_logs,see_seed_rows,0.22756604431197047,0.2261046809144318,0.2376834973692894
summary,traditional_ppo,,1048,,16,multimap_v3_1,five_seed_logs,see_seed_rows,0.27472373377531767,0.26717222668230534,0.30433166213333607
summary,traditional_ppo,,1064,,16,multimap_v3_1,five_seed_logs,see_seed_rows,0.2526735905557871,0.22752231918275356,0.2619050005450845
summary,traditional_ppo,,1080,,16,multimap_v3_1,five_seed_logs,see_seed_rows,0.23134524002671242,0.22513455152511597,0.23253867006860673
summary,traditional_ppo,,1096,,16,multimap_v3_1,five_seed_logs,see_seed_rows,0.27494959719479084,0.25921382289379835,0.30997414514422417
summary,traditional_ppo,,1112,,16,multimap_v3_1,five_seed_logs,see_seed_rows,0.2553674662485719,0.24772176519036293,0.2572771906852722
summary,traditional_ppo,,1128,,16,multimap_v3_1,five_seed_logs,see_seed_rows,0.22353908233344555,0.21868214244022965,0.2288425900042057
summary,traditional_ppo,,1144,,16,multimap_v3_1,five_seed_logs,see_seed_rows,0.2962404219433665,0.2904774872586131,0.304039740934968
summary,traditional_ppo,,1160,,16,multimap_v3_1,five_seed_logs,see_seed_rows,0.2695460868999362,0.25871491245925426,0.27429270651191473
summary,traditional_ppo,,1176,,16,multimap_v3_1,five_seed_logs,see_seed_rows,0.23119279835373163,0.22261836659163237,0.24416369665414095
summary,traditional_ppo,,1192,,16,multimap_v3_1,five_seed_logs,see_seed_rows,0.30041046626865864,0.28859247732907534,0.306067643687129
summary,traditional_ppo,,1208,,16,multimap_v3_1,five_seed_logs,see_seed_rows,0.27266402961686254,0.23547890316694975,0.27723679039627314
summary,traditional_ppo,,1224,,16,multimap_v3_1,five_seed_logs,see_seed_rows,0.23906026780605316,0.2239677389152348,0.24154274724423885
summary,traditional_ppo,,1240,,16,multimap_v3_1,five_seed_logs,see_seed_rows,0.2901218219194561,0.27456049248576164,0.29620054038241506
summary,traditional_ppo,,1256,,16,multimap_v3_1,five_seed_logs,see_seed_rows,0.24614659463986754,0.24307483807206154,0.27577451802790165
summary,traditional_ppo,,1272,,16,multimap_v3_1,five_seed_logs,see_seed_rows,0.21612165356054902,0.210955869872123,0.21972837625071406
summary,traditional_ppo,,1288,,16,multimap_v3_1,five_seed_logs,see_seed_rows,0.2791662411764264,0.2595034088008106,0.2805628115311265
summary,traditional_ppo,,1304,,16,multimap_v3_1,five_seed_logs,see_seed_rows,0.2569529451429844,0.2476799888536334,0.2728736763820052
summary,traditional_ppo,,1320,,16,multimap_v3_1,five_seed_logs,see_seed_rows,0.2250210866332054,0.21208871202543378,0.22879458032548428
summary,traditional_ppo,,1336,,16,multimap_v3_1,five_seed_logs,see_seed_rows,0.27463262993842363,0.26691637746989727,0.32168443500995636
summary,traditional_ppo,,1352,,16,multimap_v3_1,five_seed_logs,see_seed_rows,0.268467134796083,0.2399513553828001,0.29579501785337925
summary,traditional_ppo,,1368,,16,multimap_v3_1,five_seed_logs,see_seed_rows,0.22506334632635117,0.22359709162265062,0.23400769103318453
summary,traditional_ppo,,1384,,16,multimap_v3_1,five_seed_logs,see_seed_rows,0.2807991672307253,0.2704519433900714,0.3000267641618848
summary,traditional_ppo,,1400,,16,multimap_v3_1,five_seed_logs,see_seed_rows,0.25069632194936275,0.24768239352852106,0.2617953870212659
summary,traditional_ppo,,1416,,16,multimap_v3_1,five_seed_logs,see_seed_rows,0.22630734741687775,0.21851324243471026,0.2380168274976313
summary,traditional_ppo,,1432,,16,multimap_v3_1,five_seed_logs,see_seed_rows,0.3198938211426139,0.29823694936931133,0.3235732549801469
summary,traditional_ppo,,1448,,16,multimap_v3_1,five_seed_logs,see_seed_rows,0.2713747681118548,0.2648416869342327,0.27238473389297724
summary,traditional_ppo,,1464,,16,multimap_v3_1,five_seed_logs,see_seed_rows,0.24524263013154268,0.23648747708648443,0.2466483460739255
summary,traditional_ppo,,1480,,16,multimap_v3_1,five_seed_logs,see_seed_rows,0.30022034980356693,0.2983476519584656,0.3038166603073478
summary,traditional_ppo,,1496,,16,multimap_v3_1,five_seed_logs,see_seed_rows,0.27126035606488585,0.2572598047554493,0.2725853146985173
summary,traditional_ppo,,1500,,16,multimap_v3_1,five_seed_logs,see_seed_rows,0.19015730544924736,0.18514654785394669,0.21082763001322746
summary,traditional_ppo,,1516,,16,multimap_v3_1,five_seed_logs,see_seed_rows,0.28242794051766396,0.2650979245081544,0.296671649441123
summary,traditional_ppo,,1532,,16,multimap_v3_1,five_seed_logs,see_seed_rows,0.23381187627092004,0.22907271701842546,0.2664251569658518
summary,traditional_ppo,,1548,,16,multimap_v3_1,five_seed_logs,see_seed_rows,0.22125183208845556,0.2020147992298007,0.25675271544605494
summary,traditional_ppo,,1564,,16,multimap_v3_1,five_seed_logs,see_seed_rows,0.2729191967519,0.25726814568042755,0.2749963216483593
summary,traditional_ppo,,1580,,16,multimap_v3_1,five_seed_logs,see_seed_rows,0.2556584635749459,0.2510084602981806,0.27269885083660483
summary,traditional_ppo,,1596,,16,multimap_v3_1,five_seed_logs,see_seed_rows,0.25811461778357625,0.2339357351884246,0.26696548657491803
summary,traditional_ppo,,1612,,16,multimap_v3_1,five_seed_logs,see_seed_rows,0.3004527613520622,0.2945524835959077,0.32967383973300457
summary,traditional_ppo,,1628,,16,multimap_v3_1,five_seed_logs,see_seed_rows,0.2510380274616182,0.24747199565172195,0.25248417910188437
summary,traditional_ppo,,1644,,16,multimap_v3_1,five_seed_logs,see_seed_rows,0.22228122036904097,0.2022025790065527,0.23503061616793275
summary,traditional_ppo,,1660,,16,multimap_v3_1,five_seed_logs,see_seed_rows,0.28664849093183875,0.26088483538478613,0.292280912399292
summary,traditional_ppo,,1676,,16,multimap_v3_1,five_seed_logs,see_seed_rows,0.2414052477106452,0.2400790685787797,0.24487378541380167
summary,traditional_ppo,,1692,,16,multimap_v3_1,five_seed_logs,see_seed_rows,0.22765485756099224,0.22396099963225424,0.24298108834773302
summary,traditional_ppo,,1708,,16,multimap_v3_1,five_seed_logs,see_seed_rows,0.278709820471704,0.27668256452307105,0.31769121158868074
summary,traditional_ppo,,1724,,16,multimap_v3_1,five_seed_logs,see_seed_rows,0.26633937284350395,0.23191602481529117,0.27262981701642275
summary,traditional_ppo,,1740,,16,multimap_v3_1,five_seed_logs,see_seed_rows,0.24944099504500628,0.2272671121172607,0.25436743162572384
summary,traditional_ppo,,1756,,16,multimap_v3_1,five_seed_logs,see_seed_rows,0.2907293774187565,0.29016266483813524,0.3136519771069288
summary,traditional_ppo,,1772,,16,multimap_v3_1,five_seed_logs,see_seed_rows,0.23676930367946625,0.23533396748825908,0.2369094341993332
summary,traditional_ppo,,1788,,16,multimap_v3_1,five_seed_logs,see_seed_rows,0.22880135662853718,0.22506717033684254,0.23265865165740252
summary,traditional_ppo,,1804,,16,multimap_v3_1,five_seed_logs,see_seed_rows,0.2980330027639866,0.29063878068700433,0.30969345662742853
summary,traditional_ppo,,1820,,16,multimap_v3_1,five_seed_logs,see_seed_rows,0.25590938702225685,0.2304566279053688,0.26013342197984457
summary,traditional_ppo,,1836,,16,multimap_v3_1,five_seed_logs,see_seed_rows,0.2148982137441635,0.20764099434018135,0.23648879397660494
summary,traditional_ppo,,1852,,16,multimap_v3_1,five_seed_logs,see_seed_rows,0.2883312236517668,0.27120752166956663,0.3060128106735647
summary,traditional_ppo,,1868,,16,multimap_v3_1,five_seed_logs,see_seed_rows,0.2588706202805042,0.2558291992172599,0.28512129094451666
summary,traditional_ppo,,1884,,16,multimap_v3_1,five_seed_logs,see_seed_rows,0.2100065592676401,0.20068939682096243,0.2315231440588832
summary,traditional_ppo,,1900,,16,multimap_v3_1,five_seed_logs,see_seed_rows,0.2868162812665105,0.2709063673391938,0.29265910387039185
summary,traditional_ppo,,1916,,16,multimap_v3_1,five_seed_logs,see_seed_rows,0.24777450738474727,0.2460561408661306,0.2523339316248894
summary,traditional_ppo,,1932,,16,multimap_v3_1,five_seed_logs,see_seed_rows,0.22371760895475745,0.2161397421732545,0.22500938922166824
summary,traditional_ppo,,1948,,16,multimap_v3_1,five_seed_logs,see_seed_rows,0.27466869400814176,0.27095114067196846,0.28280480578541756
summary,traditional_ppo,,1964,,16,multimap_v3_1,five_seed_logs,see_seed_rows,0.25235491059720516,0.23843197897076607,0.2711340179666877
summary,traditional_ppo,,1980,,16,multimap_v3_1,five_seed_logs,see_seed_rows,0.22384123783558607,0.18553468119353056,0.230048893019557
summary,traditional_ppo,,1996,,16,multimap_v3_1,five_seed_logs,see_seed_rows,0.28094290802255273,0.273015970364213,0.28272278141230345
summary,traditional_ppo,,2000,,16,multimap_v3_1,five_seed_logs,see_seed_rows,0.23440489545464516,0.2334733046591282,0.27738864347338676
summary,traditional_ppo,,2016,,16,multimap_v3_1,five_seed_logs,see_seed_rows,0.24399186903610826,0.2097554267384112,0.2454933011904359
summary,traditional_ppo,,2032,,16,multimap_v3_1,five_seed_logs,see_seed_rows,0.29450806276872754,0.28071269020438194,0.306391260586679
summary,traditional_ppo,,2048,,16,multimap_v3_1,five_seed_logs,see_seed_rows,0.2553690862841904,0.2413069512695074,0.27420406602323055
summary,traditional_ppo,,2064,,16,multimap_v3_1,five_seed_logs,see_seed_rows,0.2428241576999426,0.23777432413771749,0.24931525718420744
summary,traditional_ppo,,2080,,16,multimap_v3_1,five_seed_logs,see_seed_rows,0.30422948487102985,0.28878770442679524,0.3173636496067047
summary,traditional_ppo,,2096,,16,multimap_v3_1,five_seed_logs,see_seed_rows,0.27127409260720015,0.2694346075877547,0.27154364716261625
summary,traditional_ppo,,2112,,16,multimap_v3_1,five_seed_logs,see_seed_rows,0.24533240217715502,0.24282735818997025,0.2577693914063275
summary,traditional_ppo,,2128,,16,multimap_v3_1,five_seed_logs,see_seed_rows,0.2845054604113102,0.2537928116507828,0.31025087367743254
summary,traditional_ppo,,2144,,16,multimap_v3_1,five_seed_logs,see_seed_rows,0.2600460583344102,0.2445636847987771,0.275743680074811
summary,traditional_ppo,,2160,,16,multimap_v3_1,five_seed_logs,see_seed_rows,0.22760618198662996,0.19803795777261257,0.2315350566059351
summary,traditional_ppo,,2176,,16,multimap_v3_1,five_seed_logs,see_seed_rows,0.27268085815012455,0.26732697151601315,0.32395546371117234
summary,traditional_ppo,,2192,,16,multimap_v3_1,five_seed_logs,see_seed_rows,0.25084239430725574,0.2415914349257946,0.2601820109412074
summary,traditional_ppo,,2208,,16,multimap_v3_1,five_seed_logs,see_seed_rows,0.22884176671504974,0.22500624042004347,0.23154278472065926
summary,traditional_ppo,,2224,,16,multimap_v3_1,five_seed_logs,see_seed_rows,0.30420907912775874,0.2980713900178671,0.3097810037434101
summary,traditional_ppo,,2240,,16,multimap_v3_1,five_seed_logs,see_seed_rows,0.2581905093975365,0.23981024511158466,0.2711601806804538
summary,traditional_ppo,,2256,,16,multimap_v3_1,five_seed_logs,see_seed_rows,0.23777457140386105,0.21849071932956576,0.2533875578083098
summary,traditional_ppo,,2272,,16,multimap_v3_1,five_seed_logs,see_seed_rows,0.28290051501244307,0.2770932815037668,0.29391969181597233
summary,traditional_ppo,,2288,,16,multimap_v3_1,five_seed_logs,see_seed_rows,0.26310005597770214,0.2427726686000824,0.2945582764223218
summary,traditional_ppo,,2304,,16,multimap_v3_1,five_seed_logs,see_seed_rows,0.22631706180982292,0.2072830288670957,0.22997399792075157
summary,traditional_ppo,,2320,,16,multimap_v3_1,five_seed_logs,see_seed_rows,0.3058341376017779,0.2825299696996808,0.31400238163769245
summary,traditional_ppo,,2336,,16,multimap_v3_1,five_seed_logs,see_seed_rows,0.2570297406055033,0.24315595719963312,0.25889749825000763
summary,traditional_ppo,,2352,,16,multimap_v3_1,five_seed_logs,see_seed_rows,0.23021363746374846,0.21484414162114263,0.24162832275032997
summary,traditional_ppo,,2368,,16,multimap_v3_1,five_seed_logs,see_seed_rows,0.28661952586844563,0.27049731742590666,0.3081613560207188
summary,traditional_ppo,,2384,,16,multimap_v3_1,five_seed_logs,see_seed_rows,0.2586056236177683,0.24635195592418313,0.26345610385760665
summary,traditional_ppo,,2400,,16,multimap_v3_1,five_seed_logs,see_seed_rows,0.24780038092285395,0.2286909706890583,0.25428309570997953
summary,traditional_ppo,,2416,,16,multimap_v3_1,five_seed_logs,see_seed_rows,0.28461673483252525,0.2809632229618728,0.3060491867363453
summary,traditional_ppo,,2432,,16,multimap_v3_1,five_seed_logs,see_seed_rows,0.27145856898278,0.25861129723489285,0.27271000016480684
summary,traditional_ppo,,2448,,16,multimap_v3_1,five_seed_logs,see_seed_rows,0.2211884744465351,0.20218652533367276,0.2328455657698214
summary,traditional_ppo,,2464,,16,multimap_v3_1,five_seed_logs,see_seed_rows,0.290417343378067,0.2864769911393523,0.2944987523369491
summary,traditional_ppo,,2480,,16,multimap_v3_1,five_seed_logs,see_seed_rows,0.23369967564940453,0.22898303624242544,0.24922468373551965
summary,traditional_ppo,,2496,,16,multimap_v3_1,five_seed_logs,see_seed_rows,0.22899725940078497,0.2198995971120894,0.2377570327371359
summary,traditional_ppo,,2500,,16,multimap_v3_1,five_seed_logs,see_seed_rows,0.2846031319350004,0.26921455934643745,0.3006760850548744
summary,traditional_ppo,,2516,,16,multimap_v3_1,five_seed_logs,see_seed_rows,0.2587575442157686,0.2465728335082531,0.2650134265422821
summary,traditional_ppo,,2532,,16,multimap_v3_1,five_seed_logs,see_seed_rows,0.23781617730855942,0.22125584073364735,0.23921349365264177
summary,traditional_ppo,,2548,,16,multimap_v3_1,five_seed_logs,see_seed_rows,0.31598775647580624,0.25978501699864864,0.3276141081005335
summary,traditional_ppo,,2564,,16,multimap_v3_1,five_seed_logs,see_seed_rows,0.27720294101163745,0.27114606741815805,0.2822736073285341
summary,traditional_ppo,,2580,,16,multimap_v3_1,five_seed_logs,see_seed_rows,0.24414362479001284,0.23529201932251453,0.25210427353158593
summary,traditional_ppo,,2596,,16,multimap_v3_1,five_seed_logs,see_seed_rows,0.2786298432620242,0.2728231684304774,0.28090227022767067
summary,traditional_ppo,,2612,,16,multimap_v3_1,five_seed_logs,see_seed_rows,0.2618035916239023,0.23665255308151245,0.2836915026418865
summary,traditional_ppo,,2628,,16,multimap_v3_1,five_seed_logs,see_seed_rows,0.24292700784280896,0.22501026932150126,0.24566380586475134
summary,traditional_ppo,,2644,,16,multimap_v3_1,five_seed_logs,see_seed_rows,0.2864757804200053,0.28086032066494226,0.300712201744318
summary,traditional_ppo,,2660,,16,multimap_v3_1,five_seed_logs,see_seed_rows,0.2663557738997042,0.2514274260029197,0.27577512338757515
summary,traditional_ppo,,2676,,16,multimap_v3_1,five_seed_logs,see_seed_rows,0.23029838362708688,0.2213769005611539,0.24286608584225178
summary,traditional_ppo,,2692,,16,multimap_v3_1,five_seed_logs,see_seed_rows,0.3003056733869016,0.2903861990198493,0.30806961189955473
summary,traditional_ppo,,2708,,16,multimap_v3_1,five_seed_logs,see_seed_rows,0.25584832625463605,0.2401197855360806,0.26019169110804796
summary,traditional_ppo,,2724,,16,multimap_v3_1,five_seed_logs,see_seed_rows,0.2569953538477421,0.25042951852083206,0.25794042460620403
summary,traditional_ppo,,2740,,16,multimap_v3_1,five_seed_logs,see_seed_rows,0.29273413494229317,0.28633858961984515,0.2982962825335562
summary,traditional_ppo,,2756,,16,multimap_v3_1,five_seed_logs,see_seed_rows,0.2633330151438713,0.2631525909528136,0.2915106890723109
summary,traditional_ppo,,2772,,16,multimap_v3_1,five_seed_logs,see_seed_rows,0.24038669746369123,0.22753688460215926,0.24792369455099106
summary,traditional_ppo,,2788,,16,multimap_v3_1,five_seed_logs,see_seed_rows,0.29982333770021796,0.29475780948996544,0.3063797801733017
summary,traditional_ppo,,2804,,16,multimap_v3_1,five_seed_logs,see_seed_rows,0.2746796542778611,0.2696429714560509,0.28985385689884424
summary,traditional_ppo,,2820,,16,multimap_v3_1,five_seed_logs,see_seed_rows,0.23023928795009851,0.2095604920759797,0.25436086766421795
summary,traditional_ppo,,2836,,16,multimap_v3_1,five_seed_logs,see_seed_rows,0.30219049425795674,0.2939115995541215,0.3042060611769557
summary,traditional_ppo,,2852,,16,multimap_v3_1,five_seed_logs,see_seed_rows,0.26355733443051577,0.2445925073698163,0.296257390640676
summary,traditional_ppo,,2868,,16,multimap_v3_1,five_seed_logs,see_seed_rows,0.24935336923226714,0.2456212379038334,0.25437697768211365
summary,traditional_ppo,,2884,,16,multimap_v3_1,five_seed_logs,see_seed_rows,0.3000958510674536,0.24536453373730183,0.30603093933314085
summary,traditional_ppo,,2900,,16,multimap_v3_1,five_seed_logs,see_seed_rows,0.27451267652213573,0.2742185378447175,0.29299896117299795
summary,traditional_ppo,,2916,,16,multimap_v3_1,five_seed_logs,see_seed_rows,0.22883481346070766,0.22117932932451367,0.22895588306710124
summary,traditional_ppo,,2932,,16,multimap_v3_1,five_seed_logs,see_seed_rows,0.2692647110670805,0.2572166230529547,0.3042517211288214
summary,traditional_ppo,,2948,,16,multimap_v3_1,five_seed_logs,see_seed_rows,0.2523421519435942,0.25090668303892016,0.2524149948731065
summary,traditional_ppo,,2964,,16,multimap_v3_1,five_seed_logs,see_seed_rows,0.22655027778819203,0.21612637769430876,0.23026016913354397
summary,traditional_ppo,,2980,,16,multimap_v3_1,five_seed_logs,see_seed_rows,0.27300239307805896,0.2647108742967248,0.2982155573554337
summary,traditional_ppo,,2996,,16,multimap_v3_1,five_seed_logs,see_seed_rows,0.25563356559723616,0.25107515836134553,0.26183266984298825
summary,traditional_ppo,,3000,,16,multimap_v3_1,five_seed_logs,see_seed_rows,0.2618925869464874,0.2260044552385807,0.272372342646122
