bootstrap_replicate,full_minus_a2c_points,full_score,a2c_pointer_score
0,2.947285441,76.50219927,73.55491382
1,2.378876549,76.80491789,74.42604134
2,2.608594772,76.67459295,74.06599818
3,2.439073166,77.80155493,75.36248176
4,1.588149875,76.44005413,74.85190426
5,2.073223888,76.27970439,74.2064805
6,3.001489957,76.61824822,73.61675826
7,2.498840526,75.52341845,73.02457793
8,2.647572856,76.9821664,74.33459355
9,1.346893487,76.75978047,75.41288699
10,1.313506397,76.54718439,75.23367799
11,1.480457448,76.6281496,75.14769215
12,1.624527313,76.63080366,75.00627634
13,1.117193845,75.49311919,74.37592535
14,1.705221459,76.390068,74.68484654
15,1.520421906,75.18073131,73.6603094
16,1.278512389,76.8366623,75.55814991
17,2.538493871,76.39244943,73.85395556
18,1.814697893,76.9477822,75.1330843
19,1.391413139,77.60574167,76.21432853
20,2.400600755,75.90450679,73.50390603
21,1.851813883,76.46781274,74.61599886
22,0.6818026551,76.82691706,76.14511441
23,1.693198986,75.53163628,73.83843729
24,1.895801693,76.8581952,74.96239351
25,3.425241937,76.56956438,73.14432245
26,1.421929915,75.84725945,74.42532954
27,2.411352233,75.84360093,73.43224869
28,1.165762687,76.23160495,75.06584226
29,2.572627982,76.09785159,73.52522361
30,2.800743166,76.72018205,73.91943888
31,1.133073934,77.21371212,76.08063819
32,1.075087301,76.16565105,75.09056374
33,2.75304334,76.00180758,73.24876424
34,2.537129706,76.82299233,74.28586263
35,2.01751988,76.73490524,74.71738536
36,2.728345871,76.62719498,73.8988491
37,1.548515525,76.40835993,74.85984441
38,1.327402841,75.72217802,74.39477518
39,1.991000159,76.05062695,74.05962679
40,2.924976017,77.29042999,74.36545397
41,1.999911267,77.02222864,75.02231738
42,2.294617941,76.02757354,73.7329556
43,1.978252245,77.29052899,75.31227674
44,0.9085893379,77.29488075,76.38629141
45,2.076923303,76.110567,74.03364369
46,1.887420502,76.68122716,74.79380665
47,0.6934366842,77.07118991,76.37775322
48,1.09967545,76.28095602,75.18128057
49,3.534236691,77.49763924,73.96340255
50,2.417112072,76.44421466,74.02710259
51,0.8635345332,75.97840447,75.11486994
52,3.006343959,76.8461015,73.83975754
53,2.469653516,76.61722844,74.14757492
54,2.563856594,76.09600886,73.53215227
55,1.892932108,76.11306647,74.22013436
56,1.776188558,75.91848443,74.14229588
57,1.243019918,76.81683792,75.573818
58,1.933952641,76.76515316,74.83120052
59,0.7789060336,76.07819665,75.29929061
60,1.055613257,77.58071148,76.52509822
61,2.211595118,76.67043961,74.45884449
62,2.215604319,76.21096629,73.99536197
63,2.430568065,77.25224126,74.82167319
64,2.32726263,76.84608657,74.51882394
65,1.193219388,76.76941543,75.57619604
66,1.755393188,75.83390082,74.07850763
67,1.668100582,76.85433725,75.18623667
68,0.9546645016,76.58652132,75.63185682
69,3.333435385,76.08340102,72.74996563
70,2.564173638,77.1114609,74.54728726
71,2.616881121,78.48584313,75.86896201
72,1.148014071,76.37222164,75.22420757
73,1.936798514,77.0017461,75.06494759
74,2.625801984,76.91347717,74.28767519
75,1.476342625,77.22023039,75.74388776
76,2.283615703,76.1316699,73.84805419
77,1.710835622,75.89241274,74.18157711
78,1.997069813,77.32951226,75.33244245
79,2.166815998,77.63419998,75.46738398
80,1.421753382,76.51207026,75.09031687
81,2.517906701,77.6677949,75.1498882
82,1.8807869,75.80082091,73.92003401
83,2.867378271,76.80009365,73.93271538
84,1.614389604,76.65093415,75.03654454
85,1.58603234,76.63761969,75.05158735
86,1.645154807,76.23245952,74.58730471
87,3.037352939,77.45217089,74.41481795
88,2.302762446,76.56677714,74.26401469
89,2.556183817,76.45543807,73.89925426
90,1.723057904,76.84666891,75.12361101
91,2.314231472,76.72938016,74.41514869
92,1.917106898,77.2815656,75.36445871
93,2.802855629,75.95870165,73.15584602
94,1.431380813,75.8065123,74.37513149
95,1.7461926,76.60943324,74.86324064
96,1.708225087,77.70538561,75.99716052
97,2.6115414,76.9206868,74.3091454
98,3.056969393,75.42582384,72.36885445
99,2.157576973,76.58909633,74.43151935
100,1.878587948,76.0653482,74.18676026
101,3.683344558,76.59232757,72.90898301
102,2.66994567,77.80703687,75.1370912
103,1.096906858,76.16968391,75.07277705
104,1.797973841,77.17099542,75.37302158
105,1.688615744,76.03574021,74.34712447
106,1.652806212,76.71656968,75.06376346
107,2.140607642,76.2279796,74.08737196
108,1.734941028,76.78463785,75.04969682
109,0.7530233806,77.38991186,76.63688848
110,1.83611989,77.66700249,75.8308826
111,2.188007542,77.08230916,74.89430161
112,2.26067961,76.49379639,74.23311678
113,2.95181035,76.61557595,73.6637656
114,1.492630791,76.43423404,74.94160325
115,2.053164232,76.68712899,74.63396476
116,2.697114006,77.25563453,74.55852053
117,2.459241043,76.80201288,74.34277184
118,2.748443158,76.58508652,73.83664336
119,1.647545078,75.44230187,73.79475679
120,2.12100096,76.40571698,74.28471602
121,1.871769828,77.24024262,75.36847279
122,2.061485841,76.67337487,74.61188903
123,2.052794808,75.94639361,73.89359881
124,0.7459384648,77.3091049,76.56316643
125,1.705218135,76.04160796,74.33638983
126,2.082051597,76.79286722,74.71081562
127,2.028693624,76.83879411,74.81010048
128,1.8911896,77.03660146,75.14541186
129,2.855508957,76.79823527,73.94272631
130,1.674169086,75.67830433,74.00413524
131,1.014765912,76.63204485,75.61727894
132,1.716071462,75.82972769,74.11365623
133,2.290977984,76.97444052,74.68346254
134,1.424193803,77.03019129,75.60599749
135,2.186521529,76.66986204,74.48334051
136,0.9796728754,77.26787423,76.28820136
137,2.6392196,77.39252146,74.75330185
138,2.408037362,77.01013056,74.6020932
139,1.191993528,76.0665338,74.87454027
140,2.283129081,76.74580006,74.46267098
141,1.934915439,75.9568549,74.02193946
142,2.203597016,75.88260505,73.67900803
143,2.241408535,76.53455713,74.29314859
144,2.900519416,76.1329907,73.23247128
145,1.669717322,76.10670831,74.43699099
146,2.469623089,77.03872862,74.56910553
147,3.54488213,76.27721284,72.73233071
148,1.112198721,77.46537616,76.35317744
149,2.379378963,76.06433127,73.6849523
150,3.04416115,76.88852382,73.84436267
151,1.351879266,76.88894093,75.53706166
152,2.078494697,76.21158223,74.13308753
153,0.9926364466,76.3757048,75.38306835
154,1.349415065,76.63906878,75.28965371
155,1.748134381,77.81409786,76.06596348
156,1.876385949,75.76902586,73.89263991
157,2.180956851,77.5113114,75.33035455
158,2.52190843,77.0143558,74.49244737
159,1.854132325,77.00654385,75.15241152
160,2.07122655,75.80874055,73.737514
161,2.833758931,75.81906668,72.98530775
162,1.154224978,77.05297747,75.8987525
163,1.322914937,76.12722805,74.80431312
164,1.687843357,75.59584872,73.90800536
165,2.092128811,76.24730611,74.1551773
166,2.609349815,77.33241521,74.7230654
167,1.450130149,77.25902284,75.80889269
168,2.275791089,76.5215866,74.24579551
169,1.894045055,75.80789739,73.91385233
170,1.014079507,76.39477604,75.38069654
171,1.721620759,77.64694271,75.92532195
172,0.743264083,76.40636007,75.66309599
173,2.392186865,76.71139725,74.31921039
174,2.939649819,77.22681393,74.28716411
175,1.219568326,76.57524302,75.3556747
176,2.928230208,76.36758171,73.4393515
177,1.498980164,76.634773,75.13579284
178,1.740921587,77.15393109,75.4130095
179,1.411912784,76.01555298,74.6036402
180,2.380389216,76.12507407,73.74468485
181,2.686554268,76.76587864,74.07932437
182,0.886014963,76.77540238,75.88938742
183,1.700590458,76.65723143,74.95664098
184,1.663898263,76.31649623,74.65259797
185,2.637170026,78.16736565,75.53019562
186,1.9135503,77.30409716,75.39054686
187,0.7731840604,76.75982432,75.98664026
188,2.372464824,77.03528628,74.66282146
189,0.9616158075,77.66223448,76.70061868
190,2.743218177,76.30070445,73.55748627
191,2.23370826,75.70555029,73.47184203
192,2.442590298,77.25324811,74.81065782
193,3.108474341,77.32001349,74.21153915
194,0.9070644543,75.9952383,75.08817384
195,2.702643566,77.54721419,74.84457062
196,1.984860691,75.89919472,73.91433403
197,1.858090339,76.13828418,74.28019384
198,2.699296392,76.37041818,73.67112179
199,1.272728423,77.23246655,75.95973812
200,1.837402671,76.3848013,74.54739863
201,2.462344769,77.3907847,74.92843994
202,1.607908837,76.89386786,75.28595902
203,1.630172749,76.53878758,74.90861483
204,1.513150793,76.04484123,74.53169044
205,2.563284374,77.14265561,74.57937124
206,2.39526954,76.49873519,74.10346565
207,2.706898888,76.89536844,74.18846955
208,3.241438659,78.77649757,75.53505891
209,1.811650516,76.37818597,74.56653545
210,1.994616146,77.83968723,75.84507108
211,2.077827651,76.28277706,74.20494941
212,1.30039935,75.85253556,74.55213621
213,2.807580261,77.13966422,74.33208396
214,2.666923023,77.60752527,74.94060224
215,2.739729721,77.48258295,74.74285323
216,2.602857354,75.72197786,73.11912051
217,2.460349155,76.91807511,74.45772595
218,1.03179582,75.80681227,74.77501645
219,2.864626433,76.31559226,73.45096582
220,1.007473485,76.84734613,75.83987264
221,2.400585731,75.85750326,73.45691753
222,1.418903726,75.91900022,74.50009649
223,1.878015759,77.09170662,75.21369086
224,2.096170031,75.75572608,73.65955605
225,2.373174615,77.13900333,74.76582871
226,1.12202287,76.47202311,75.35000024
227,0.8632551913,75.58900346,74.72574827
228,1.858696187,76.37551277,74.51681659
229,2.349901818,76.94242802,74.5925262
230,2.049242693,75.92512415,73.87588146
231,1.818207474,77.21089114,75.39268366
232,2.162824361,76.39254164,74.22971728
233,2.912923545,77.78998132,74.87705778
234,0.9161085747,76.81886675,75.90275817
235,1.075479395,76.28282191,75.20734251
236,3.191158249,75.90362464,72.71246639
237,1.387682175,77.26555638,75.87787421
238,1.929010675,76.89966488,74.9706542
239,2.070257003,76.13025272,74.05999572
240,0.6349490796,76.65455748,76.0196084
241,2.281875849,77.31968296,75.03780711
242,1.56502216,76.36344828,74.79842612
243,0.6724048247,76.30438641,75.63198159
244,3.340219389,76.6918007,73.35158131
245,1.517141772,76.6383832,75.12124143
246,2.104447884,76.13317475,74.02872687
247,2.500225949,77.21407944,74.71385349
248,1.618323895,77.18829113,75.56996723
249,2.481698762,76.59068273,74.10898397
250,2.752565056,77.40668834,74.65412328
251,1.477641556,76.06965819,74.59201664
252,2.543928208,78.06949068,75.52556247
253,2.764192913,77.0912546,74.32706168
254,2.317001417,78.23450307,75.91750166
255,2.030621682,76.60958101,74.57895933
256,2.356441874,76.56684905,74.21040717
257,1.536972905,76.61779796,75.08082506
258,2.166068828,77.52030356,75.35423473
259,1.746810311,77.55271873,75.80590842
260,1.587953434,77.36652304,75.77856961
261,2.409668196,76.64896946,74.23930126
262,2.978227549,78.14145894,75.16323139
263,1.264964285,77.44718181,76.18221753
264,3.039153035,77.12884985,74.08969682
265,3.223075112,77.042105,73.81902989
266,0.9770691218,76.10748827,75.13041915
267,3.329247619,76.64334187,73.31409425
268,1.021334738,76.9451026,75.92376786
269,2.436902299,77.14555128,74.70864898
270,1.147429317,75.56285007,74.41542076
271,1.751221088,76.6982949,74.94707381
272,2.243016864,77.0840008,74.84098394
273,1.302699323,77.69641598,76.39371666
274,2.030715524,76.56522791,74.53451238
275,2.768336413,77.00027197,74.23193556
276,2.441502372,77.33802561,74.89652323
277,0.9766321093,76.90714399,75.93051188
278,3.455557768,76.58717247,73.13161471
279,3.47798816,76.62490225,73.14691409
280,1.697392907,77.73382739,76.03643448
281,0.6760613688,76.31515411,75.63909274
282,2.485865176,77.10442614,74.61856096
283,2.17105691,75.89409739,73.72304048
284,2.752216632,76.26562231,73.51340568
285,2.699041598,76.76617314,74.06713154
286,1.092628643,76.59336671,75.50073806
287,2.18067252,76.6763622,74.49568968
288,1.969331303,76.91773161,74.9484003
289,1.469788202,76.74736157,75.27757337
290,0.8015521592,76.86738549,76.06583333
291,1.073672915,76.51493149,75.44125858
292,1.945227235,76.75063056,74.80540333
293,2.057173131,75.56701437,73.50984124
294,2.546738822,77.23926915,74.69253033
295,2.362848819,77.6341724,75.27132358
296,2.633795217,76.23417423,73.60037901
297,1.964544536,76.59133099,74.62678646
298,1.334062179,76.56645046,75.23238828
299,1.447613488,76.49411219,75.0464987
300,2.687726438,76.79823486,74.11050843
301,1.048154941,76.24622019,75.19806525
302,2.548657175,77.0292405,74.48058333
303,2.260523085,77.22295828,74.9624352
304,2.992190644,77.27378049,74.28158985
305,1.8233707,76.36102785,74.53765715
306,1.147172887,77.02941029,75.88223741
307,2.028287524,77.61207272,75.5837852
308,2.389401541,77.6037789,75.21437736
309,2.96669291,77.43960364,74.47291073
310,3.145592157,77.2593497,74.11375754
311,1.97896272,76.81938012,74.8404174
312,1.160635537,77.82084188,76.66020635
313,1.991053511,77.15059651,75.159543
314,1.487519297,76.38454986,74.89703056
315,1.450452087,77.27383497,75.82338288
316,1.815790137,76.66013044,74.84434031
317,1.9697789,77.45004701,75.48026811
318,1.878228263,76.23130729,74.35307903
319,2.744325865,76.35331978,73.60899391
320,2.91333367,76.17067597,73.2573423
321,2.079662218,77.15502257,75.07536035
322,1.745701053,75.71640198,73.97070093
323,2.486823464,77.0267653,74.53994184
324,2.751941314,77.00387561,74.2519343
325,1.712756241,77.49471007,75.78195382
326,1.463804266,76.11334156,74.64953729
327,1.595564726,77.04418062,75.44861589
328,2.41397657,77.09811986,74.68414329
329,1.607462087,76.00336194,74.39589986
330,2.928200686,78.45902993,75.53082924
331,2.322235759,76.76639954,74.44416378
332,1.142285312,77.0896278,75.94734249
333,2.305534191,77.89526975,75.58973556
334,1.004942147,77.41353707,76.40859492
335,1.231730004,77.70766475,76.47593475
336,2.390314505,76.62135671,74.2310422
337,1.686502433,76.98857706,75.30207462
338,0.9808526831,76.4894249,75.50857222
339,1.187520295,75.772291,74.58477071
340,2.273101639,76.37285151,74.09974987
341,0.5760387817,76.69913059,76.1230918
342,2.095978831,76.63211587,74.53613704
343,1.98688628,77.23069474,75.24380846
344,0.8217614917,76.25466043,75.43289893
345,1.427669482,77.13687579,75.70920631
346,1.359085844,75.56586157,74.20677573
347,2.316730554,77.51013262,75.19340207
348,2.076244016,76.44316883,74.36692482
349,1.479525188,75.92475778,74.44523259
350,2.045456939,75.87274892,73.82729198
351,3.058024159,76.79724897,73.73922481
352,2.012889163,77.0571017,75.04421254
353,2.063710493,77.10561095,75.04190046
354,2.929897192,76.79531841,73.86542122
355,1.560238231,75.92735148,74.36711325
356,2.042097894,77.46831468,75.42621679
357,2.341671459,76.06309346,73.72142201
358,1.720460773,75.87200894,74.15154817
359,1.613370788,77.42693647,75.81356568
360,1.798324433,76.66501076,74.86668632
361,1.40437404,76.30357265,74.89919861
362,1.539683166,76.8597955,75.32011233
363,1.664736683,76.08413363,74.41939694
364,2.029611592,76.7750906,74.74547901
365,1.220431069,76.47837085,75.25793978
366,2.94267027,77.19413774,74.25146747
367,2.397625362,77.46542131,75.06779595
368,1.816597797,76.09327367,74.27667587
369,1.668114812,76.97297336,75.30485855
370,1.092548245,76.37724914,75.2847009
371,1.652628935,77.53615002,75.88352108
372,2.191766985,77.52092646,75.32915947
373,2.973716328,76.55023069,73.57651436
374,2.230667631,76.2255457,73.99487807
375,2.768741045,76.77958951,74.01084846
376,3.072812053,76.36941889,73.29660683
377,1.903174468,77.35523931,75.45206484
378,2.953888431,77.46129508,74.50740665
379,1.783497844,77.41802311,75.63452527
380,1.567942657,76.16909654,74.60115389
381,2.450454622,76.92304484,74.47259022
382,1.240222765,76.4912833,75.25106054
383,1.849125967,77.64327091,75.79414494
384,1.259980976,76.73061937,75.4706384
385,0.9396823677,77.2543586,76.31467623
386,2.295888776,76.70022163,74.40433286
387,2.66641447,77.22547388,74.55905941
388,2.236929502,76.55635192,74.31942242
389,2.552327063,76.98500244,74.43267537
390,1.741488237,75.55242599,73.81093776
391,1.745511815,77.68932788,75.94381607
392,1.630212096,76.19290815,74.56269605
393,1.824218116,76.07962705,74.25540894
394,2.565026993,76.91129265,74.34626566
395,0.8507192466,75.91077282,75.06005357
396,2.481029025,76.93553856,74.45450954
397,2.667429072,77.12612035,74.45869128
398,2.189342745,77.03656978,74.84722704
399,3.351170259,76.59748833,73.24631807
400,3.279715768,76.21253301,72.93281724
401,2.299061788,76.74837068,74.4493089
402,1.08181559,75.8028387,74.72102311
403,2.087328602,76.36392702,74.27659841
404,1.058740974,76.05745797,74.998717
405,2.614123482,77.11892083,74.50479734
406,1.606509704,77.54615752,75.93964781
407,2.610164694,77.02331647,74.41315178
408,1.486302075,76.47347997,74.9871779
409,2.696509306,77.2124473,74.51593799
410,2.989236223,76.10625079,73.11701457
411,1.685965212,76.67806888,74.99210367
412,2.57907907,76.26601593,73.68693686
413,2.310094402,77.41134344,75.10124904
414,1.219639815,75.43426714,74.21462733
415,2.845790547,77.39756525,74.5517747
416,2.435012823,75.84913748,73.41412466
417,2.436888663,76.19824405,73.76135538
418,2.269500881,76.18567288,73.916172
419,1.878422121,76.48018623,74.60176411
420,1.95535091,75.67114736,73.71579645
421,1.185133864,76.76490284,75.57976897
422,1.237881672,75.51233951,74.27445784
423,2.124161756,77.10862597,74.98446422
424,1.130639383,76.52498845,75.39434906
425,1.390202136,77.17835035,75.78814821
426,2.636173116,77.22482247,74.58864935
427,2.560160017,76.59929271,74.03913269
428,2.32891836,75.85737265,73.52845429
429,1.60081619,76.00833318,74.40751699
430,0.8685571549,76.24793238,75.37937522
431,2.788057613,77.08891155,74.30085394
432,0.9999009195,76.09511454,75.09521362
433,2.232908393,76.36948748,74.13657908
434,1.055568543,76.47016568,75.41459713
435,1.646070731,77.13872041,75.49264968
436,2.51434072,77.60320733,75.0888666
437,2.190891557,76.51536194,74.32447039
438,1.824187637,76.4862328,74.66204516
439,1.548070956,77.25986503,75.71179407
440,2.010039251,77.37515112,75.36511187
441,2.166138572,77.20881174,75.04267317
442,2.80369869,76.51236905,73.70867036
443,1.566984081,76.59375154,75.02676746
444,1.829480689,75.88977212,74.06029143
445,2.617847834,76.40832394,73.79047611
446,1.100062293,77.91046994,76.81040765
447,1.842488417,77.42614325,75.58365483
448,1.831175537,77.23063809,75.39946255
449,0.8138879635,76.62256046,75.80867249
450,1.842479453,76.39954261,74.55706316
451,2.435413231,75.61049213,73.1750789
452,2.102084498,77.07222591,74.97014141
453,2.630831968,76.47408156,73.84324959
454,3.18390233,76.84428844,73.66038611
455,1.628275494,77.56112598,75.93285049
456,2.689492635,76.8710473,74.18155466
457,1.502733628,75.66425259,74.16151896
458,3.039319521,76.88988506,73.85056554
459,2.013106517,77.68831608,75.67520956
460,2.176193643,75.85503075,73.67883711
461,2.311868284,77.10495728,74.79308899
462,2.150337367,76.45542743,74.30509006
463,1.753428563,77.38580617,75.63237761
464,2.801040742,76.67990859,73.87886785
465,1.646631914,76.57757279,74.93094088
466,2.209708184,76.57157662,74.36186844
467,2.048985294,75.87697801,73.82799272
468,2.513786407,77.0220502,74.50826379
469,1.672808662,77.32432775,75.65151909
470,1.33508277,77.79524624,76.46016347
471,2.067357773,77.39854377,75.331186
472,2.722826774,77.05375576,74.33092898
473,2.282514776,76.34345495,74.06094018
474,2.006567107,76.66793308,74.66136597
475,2.28971244,77.17741446,74.88770202
476,2.957071888,76.47593277,73.51886089
477,2.64764415,76.41172146,73.7640773
478,0.8592390018,76.68389105,75.82465204
479,2.292240204,77.33586503,75.04362482
480,1.742214201,76.88338687,75.14117267
481,1.49304681,76.90945845,75.41641164
482,1.041027819,77.3934595,76.35243168
483,2.13278591,75.64268495,73.50989904
484,1.782303414,76.01851495,74.23621154
485,0.5545255435,75.72039673,75.16587119
486,2.522478198,77.7337185,75.2112403
487,1.312091883,75.56833382,74.25624194
488,2.266150282,77.38336322,75.11721293
489,1.941561659,75.95680923,74.01524757
490,0.5775783885,76.34440616,75.76682777
491,1.501808987,75.88363856,74.38182957
492,1.064172771,76.76292853,75.69875576
493,2.576318268,75.49170984,72.91539157
494,2.150668916,77.53759686,75.38692794
495,1.799366886,76.63378802,74.83442113
496,1.947648795,77.14386989,75.1962211
497,1.598237082,76.8632498,75.26501272
498,1.489846826,77.12621829,75.63637147
499,1.768038228,76.70940837,74.94137014
500,2.556791824,77.75212605,75.19533422
501,2.200649045,76.47452444,74.27387539
502,1.809894085,77.46408014,75.65418606
503,0.9671382896,76.47891635,75.51177806
504,2.215540244,76.01868722,73.80314698
505,3.432538971,77.85909619,74.42655722
506,2.355135439,76.20625674,73.8511213
507,2.158022194,76.82106278,74.66304059
508,2.036994532,75.96128584,73.9242913
509,1.788349381,76.23941161,74.45106222
510,1.238385252,76.4992524,75.26086715
511,1.710740435,76.44858801,74.73784757
512,0.4617606734,76.98294023,76.52117955
513,2.699434643,76.84668486,74.14725021
514,2.004420765,76.42419943,74.41977866
515,2.740341846,76.57681575,73.83647391
516,1.272805434,76.4924361,75.21963066
517,2.300877624,77.04225273,74.7413751
518,1.940969747,76.15858167,74.21761192
519,2.681807244,77.06316418,74.38135694
520,3.056011088,76.21941224,73.16340116
521,1.655278911,76.99036857,75.33508966
522,1.39440512,75.95970763,74.56530251
523,2.625405819,76.56112345,73.93571763
524,2.489539707,76.4504906,73.9609509
525,2.917577227,76.87606643,73.95848921
526,2.620091782,77.3304567,74.71036492
527,2.659200668,77.49333145,74.83413078
528,1.04528582,77.17276617,76.12748035
529,2.79408468,76.8616306,74.06754592
530,0.8535210412,76.15530656,75.30178552
531,3.142355792,76.71858813,73.57623234
532,1.778125861,77.57555712,75.79743126
533,2.97176998,77.03235726,74.06058728
534,2.691812883,76.64020613,73.94839324
535,1.845814933,76.35003737,74.50422243
536,2.835025285,77.5194199,74.68439461
537,2.683209815,77.71512252,75.03191271
538,2.331978962,76.8341518,74.50217284
539,1.072655048,75.79274004,74.72008499
540,1.608428096,76.57924573,74.97081763
541,1.207343194,75.30256835,74.09522516
542,1.865325225,75.57932289,73.71399767
543,1.373984639,76.57410531,75.20012067
544,1.878864719,77.65703671,75.778172
545,1.681136789,76.04666821,74.36553142
546,1.955674367,77.65266035,75.69698598
547,1.001273252,77.18328669,76.18201344
548,1.33198182,77.35976411,76.02778229
549,2.08788554,77.37142459,75.28353905
550,1.799728358,76.28742419,74.48769583
551,1.885503725,75.82145702,73.9359533
552,2.325245913,77.05519859,74.72995268
553,2.19227329,75.64881495,73.45654166
554,3.056524504,76.80501742,73.74849291
555,1.321788927,76.32842015,75.00663123
556,0.689083373,76.90482881,76.21574544
557,1.993514357,77.11971279,75.12619844
558,1.902565755,77.49780894,75.59524319
559,2.177060941,76.96863267,74.79157173
560,2.369623166,77.66064786,75.29102469
561,1.660805652,76.10082175,74.4400161
562,2.287840165,76.79020305,74.50236289
563,1.866595799,76.80759571,74.94099991
564,2.206307141,75.90509837,73.69879122
565,1.173762217,76.04417367,74.87041146
566,2.661924303,76.37514476,73.71322046
567,2.072404514,75.50063431,73.4282298
568,1.88981822,77.54802723,75.65820901
569,2.157338828,77.19002746,75.03268864
570,1.992154081,76.58190813,74.58975405
571,2.509541077,77.41373396,74.90419288
572,1.214872293,75.74105527,74.52618298
573,1.061552868,76.01864649,74.95709362
574,1.19513411,76.76634244,75.57120833
575,2.866628416,77.53013581,74.66350739
576,2.00755633,77.41292271,75.40536638
577,1.299430258,77.12684919,75.82741893
578,2.292069886,77.14501028,74.8529404
579,1.463574176,77.7713474,76.30777322
580,1.817481319,76.61545117,74.79796985
581,2.329164796,77.54688954,75.21772474
582,1.063053344,76.24264814,75.17959479
583,1.73847665,75.90574002,74.16726337
584,1.035612912,76.27732733,75.24171442
585,0.9685883491,76.16741516,75.19882681
586,0.8193876114,76.270342,75.45095439
587,1.825608058,76.64393966,74.8183316
588,2.027472129,76.65006904,74.62259691
589,1.267979349,77.16576363,75.89778428
590,2.03713468,75.99837989,73.96124521
591,2.717580826,76.63300705,73.91542622
592,2.399595965,77.46873477,75.06913881
593,1.50053686,76.60112228,75.10058542
594,3.045292338,77.32268306,74.27739073
595,1.895480067,76.32416324,74.42868318
596,1.77305433,76.86901256,75.09595823
597,1.67128112,76.70274043,75.03145931
598,2.286522571,75.77533955,73.48881698
599,2.456184227,76.63743502,74.18125079
600,1.917273676,77.98333072,76.06605705
601,1.692019498,76.63929759,74.94727809
602,0.8140981515,77.63309096,76.81899281
603,2.851078101,77.01901005,74.16793195
604,0.7460187598,76.0145339,75.26851514
605,1.789852638,77.25883762,75.46898498
606,2.427046134,77.57925303,75.15220689
607,2.055715791,76.85393641,74.79822062
608,2.632885052,76.41579555,73.7829105
609,1.742534498,78.28569465,76.54316015
610,2.298004098,76.58196099,74.2839569
611,2.877935141,77.19578044,74.3178453
612,1.839986532,76.16630118,74.32631465
613,2.556914305,76.30184541,73.74493111
614,2.388860242,76.36875859,73.97989835
615,2.460172253,76.10253908,73.64236683
616,0.686417601,76.55373618,75.86731858
617,1.963591251,76.75913858,74.79554733
618,1.899344738,76.77417869,74.87483395
619,1.839825927,75.56207573,73.7222498
620,1.987115553,76.07375332,74.08663777
621,2.082535496,76.22230243,74.13976693
622,1.262954327,76.17143416,74.90847983
623,1.769923846,76.31997772,74.55005388
624,1.228426543,76.01489967,74.78647313
625,1.551492954,77.70732459,76.15583163
626,2.143596794,76.47502678,74.33142999
627,2.507621677,76.09436135,73.58673967
628,1.401577242,76.88012867,75.47855143
629,1.273895529,76.35531056,75.08141503
630,1.682197411,77.08144229,75.39924488
631,2.744135848,76.43234062,73.68820477
632,1.604360179,75.89149472,74.28713454
633,1.76933707,76.46656874,74.69723167
634,2.10776213,77.06871287,74.96095074
635,1.952106532,76.48994645,74.53783992
636,2.43329297,77.28285167,74.8495587
637,1.078107253,77.03527195,75.9571647
638,1.127014035,76.55380646,75.42679242
639,1.947838556,76.18672883,74.23889027
640,2.477612446,77.49764801,75.02003556
641,2.693541569,77.56766338,74.87412181
642,1.072149771,78.6993341,77.62718433
643,1.805754098,76.35935399,74.5535999
644,1.886599952,78.43731659,76.55071664
645,1.399919586,77.95120339,76.55128381
646,2.879545168,76.50689928,73.62735411
647,1.773286469,76.94697946,75.17369299
648,2.908990686,76.40655659,73.4975659
649,1.967816504,75.97609306,74.00827656
650,1.978546747,74.88086948,72.90232273
651,0.9721673006,75.43669006,74.46452276
652,1.886048686,75.43641258,73.55036389
653,2.007840016,76.50028342,74.4924434
654,2.878344897,76.01953038,73.14118548
655,2.569905524,75.91603667,73.34613115
656,2.306687996,76.37026044,74.06357244
657,1.980037598,76.5711859,74.59114831
658,1.585042924,76.61001344,75.02497052
659,1.800369479,77.04679409,75.24642461
660,1.032114024,77.4972909,76.46517688
661,1.203605762,76.61913373,75.41552797
662,2.240728076,76.35198575,74.11125768
663,1.589059829,76.8022003,75.21314047
664,1.662033628,76.51084512,74.84881149
665,1.243075432,77.21293774,75.96986231
666,1.170363494,76.06916042,74.89879693
667,2.716147335,77.5465052,74.83035786
668,1.117751568,77.08426038,75.96650881
669,2.04822392,76.48278312,74.4345592
670,2.781563257,77.31801789,74.53645463
671,2.345714177,77.50403457,75.15832039
672,2.929395596,76.67388164,73.74448604
673,1.266685067,75.79523912,74.52855405
674,2.588121298,76.43805671,73.84993542
675,1.74007738,76.68486566,74.94478828
676,1.608832177,75.87760545,74.26877327
677,2.115864111,76.59550915,74.47964504
678,2.522513845,76.50556707,73.98305323
679,2.116777917,76.79549619,74.67871827
680,2.297382235,76.12881435,73.83143211
681,1.772343254,76.05996201,74.28761876
682,1.072408326,77.6090571,76.53664878
683,1.682119303,77.10130745,75.41918815
684,1.837022139,77.03117357,75.19415143
685,2.324303779,76.37859768,74.0542939
686,1.44560665,77.28520029,75.83959364
687,2.149007395,75.70080065,73.55179326
688,1.78758972,76.94778342,75.1601937
689,1.933472598,76.5670129,74.63354031
690,1.49044484,76.42632291,74.93587807
691,1.640844132,77.6903365,76.04949237
692,1.50642734,77.0790915,75.57266416
693,2.793173427,76.48694093,73.6937675
694,1.470944578,75.84217111,74.37122653
695,2.148608283,76.99078301,74.84217472
696,2.693554122,77.15526995,74.46171582
697,2.196617824,76.04299473,73.8463769
698,3.221706433,76.38087388,73.15916745
699,2.925345612,77.46888407,74.54353846
700,0.8698510608,76.57530605,75.70545499
701,2.070590326,75.84326375,73.77267342
702,1.084254087,76.59785414,75.51360005
703,2.635422029,76.89464655,74.25922453
704,2.54283652,76.01403234,73.47119582
705,2.448492648,76.73492194,74.28642929
706,2.112484396,76.40965954,74.29717514
707,2.371505878,76.33653743,73.96503155
708,3.314714934,76.88507376,73.57035882
709,2.780350413,77.57410776,74.79375735
710,1.593828403,77.20680595,75.61297755
711,1.211342907,76.72757698,75.51623408
712,2.013445589,77.56034126,75.54689567
713,2.377166104,76.05417734,73.67701124
714,1.503574182,75.64952055,74.14594637
715,1.094790411,75.9064368,74.81164639
716,0.7996164823,76.9895063,76.18988982
717,2.012357164,76.45214417,74.43978701
718,2.389670404,77.87052976,75.48085935
719,1.662364815,76.13205436,74.46968954
720,2.89384759,77.66708694,74.77323935
721,2.366074154,76.65302876,74.2869546
722,2.067142134,76.05289754,73.98575541
723,0.9509283844,75.96660927,75.01568088
724,2.753553731,76.72112139,73.96756766
725,2.33599182,77.32153491,74.98554309
726,2.499902954,76.405439,73.90553605
727,1.346006444,76.46261427,75.11660783
728,1.802477217,75.81242444,74.00994722
729,1.598418602,77.04813772,75.44971912
730,1.056209686,76.98700416,75.93079447
731,1.876202189,76.67919232,74.80299013
732,2.710606085,76.51880123,73.80819514
733,2.371679255,76.90221995,74.53054069
734,1.472526676,76.95265737,75.48013069
735,2.049559467,76.57082135,74.52126188
736,2.103377787,76.49577463,74.39239684
737,3.689794486,76.53826802,72.84847354
738,1.893203989,76.01579445,74.12259046
739,2.547670491,76.06180139,73.5141309
740,1.204314179,77.1807574,75.97644322
741,1.144355489,77.49777318,76.35341769
742,2.324968395,76.15556903,73.83060064
743,1.363924486,76.34975044,74.98582595
744,3.147125724,77.61062577,74.46350004
745,2.436157383,76.43523856,73.99908118
746,2.634909603,76.71225591,74.07734631
747,1.804937265,77.38634487,75.5814076
748,1.772082696,75.24614771,73.47406502
749,2.401183266,76.77177556,74.3705923
750,1.191852316,77.0729377,75.88108538
751,1.686279725,76.88379623,75.19751651
752,1.219963016,77.07663181,75.8566688
753,1.749412924,77.00605142,75.2566385
754,1.20804901,75.63455224,74.42650323
755,2.091008536,77.33400463,75.24299609
756,2.522725689,77.67648892,75.15376323
757,3.251414583,76.81144804,73.56003346
758,2.38404744,77.58592633,75.20187889
759,1.740553144,77.12378291,75.38322977
760,1.441398774,77.01994022,75.57854145
761,1.423644666,76.71824217,75.2945975
762,2.972673057,76.61799018,73.64531712
763,1.002240715,76.34852073,75.34628001
764,0.8322839937,76.93994126,76.10765727
765,2.166318083,77.7931872,75.62686912
766,3.621938524,75.99426597,72.37232744
767,2.285679914,75.7955244,73.50984448
768,2.304851052,76.7592613,74.45441025
769,2.103136448,77.86895928,75.76582284
770,2.597233208,76.04342133,73.44618812
771,1.943097136,76.84112458,74.89802745
772,2.699008251,77.15705544,74.45804719
773,1.480542375,76.67576816,75.19522579
774,1.800081049,76.42569953,74.62561848
775,3.979360479,76.65320351,72.67384303
776,2.255436247,76.02870473,73.77326849
777,2.28345811,76.50876719,74.22530908
778,1.901560871,76.61756398,74.71600311
779,3.010366036,76.30624774,73.2958817
780,1.005715304,76.05796482,75.05224952
781,1.45893744,76.86404183,75.40510439
782,2.311844968,76.120359,73.80851403
783,1.994259347,76.22018171,74.22592236
784,0.8053666366,78.15699735,77.35163071
785,2.845509227,77.167353,74.32184377
786,0.9653354568,76.73178245,75.76644699
787,2.216410323,76.06677335,73.85036303
788,2.199029855,77.18372927,74.98469942
789,1.330152257,77.80040435,76.4702521
790,2.782419662,77.72329826,74.9408786
791,2.341212569,77.26615548,74.92494291
792,2.637168139,76.7245893,74.08742117
793,2.199865619,77.42260059,75.22273497
794,2.673734604,75.92587437,73.25213976
795,1.425224952,76.63931216,75.21408721
796,1.941075797,76.49932491,74.55824911
797,2.128951302,76.55313434,74.42418304
798,1.665283578,76.56046688,74.8951833
799,1.248958431,76.07934456,74.83038613
800,2.815071674,77.06493656,74.24986488
801,2.928098147,77.65420142,74.72610328
802,1.625987134,76.77682661,75.15083948
803,1.193694273,77.64729865,76.45360438
804,1.916164086,76.47945074,74.56328665
805,1.711948129,77.74962292,76.03767479
806,2.472926991,76.9329254,74.45999841
807,1.64449229,77.81755628,76.17306399
808,1.156630724,75.05884699,73.90221626
809,3.130507561,77.17908211,74.04857455
810,2.908242534,76.62547904,73.7172365
811,2.103787811,76.79058883,74.68680102
812,2.083777112,76.52907206,74.44529495
813,1.415202006,75.87164701,74.456445
814,2.506812228,76.12068691,73.61387468
815,2.187227204,76.78059113,74.59336392
816,3.247056788,76.92251941,73.67546262
817,2.600286233,77.23074022,74.63045398
818,1.188799533,76.14341446,74.95461493
819,0.7664101572,76.3401492,75.57373904
820,1.303607881,76.90256969,75.59896181
821,1.279622106,77.00973243,75.73011033
822,1.441763597,75.87503835,74.43327476
823,2.436679989,76.62638012,74.18970013
824,2.419157145,77.54862911,75.12947197
825,2.963243804,75.80446223,72.84121843
826,0.8979709068,75.96501531,75.0670444
827,1.754717678,76.41440011,74.65968244
828,1.195701261,75.30808181,74.11238055
829,2.33023101,77.34358767,75.01335666
830,1.621184574,76.0499035,74.42871892
831,3.044771999,77.47859057,74.43381857
832,1.698359965,76.51418577,74.81582581
833,1.882614985,75.93833888,74.0557239
834,0.9888205516,76.69265696,75.70383641
835,2.953582573,78.21642948,75.2628469
836,0.9638504576,77.42779672,76.46394627
837,1.752026032,76.34708306,74.59505703
838,1.222555544,76.44200397,75.21944842
839,1.189484207,76.03918389,74.84969968
840,1.333566419,76.1661412,74.83257478
841,2.222995155,78.09067715,75.86768199
842,2.812979422,77.68927878,74.87629936
843,2.302548642,77.36012801,75.05757937
844,2.256134332,75.77471176,73.51857743
845,2.400109501,76.95350581,74.55339631
846,1.439755728,78.06974095,76.62998522
847,1.136116702,76.97426095,75.83814425
848,1.039966482,75.84734695,74.80738047
849,1.0058594,76.23382369,75.22796429
850,1.479008214,76.17785808,74.69884987
851,2.760117547,77.66377013,74.90365258
852,1.108643637,76.05477175,74.94612812
853,2.012620976,75.901451,73.88883003
854,2.253581586,76.52392042,74.27033883
855,2.387279383,76.48567534,74.09839596
856,1.613336409,75.82634488,74.21300847
857,2.140835335,76.39747405,74.25663871
858,1.703733615,76.13962083,74.43588722
859,2.590175875,77.541485,74.95130912
860,3.172859845,76.61405186,73.44119202
861,1.833253712,76.65733629,74.82408258
862,1.837047264,76.8769217,75.03987443
863,2.751444724,76.37690149,73.62545677
864,1.084176973,76.59260858,75.5084316
865,1.688915558,75.66132143,73.97240587
866,2.053207527,76.38554915,74.33234162
867,1.64649757,77.05153017,75.4050326
868,1.058318695,76.90988117,75.85156248
869,1.823998026,76.00855316,74.18455514
870,1.491822934,76.34839796,74.85657502
871,1.473445558,76.61963206,75.1461865
872,2.904198152,77.05018593,74.14598778
873,2.620038768,76.98117874,74.36113998
874,2.305278599,77.41133093,75.10605233
875,2.418626598,78.07275843,75.65413183
876,2.13344076,77.12274143,74.98930067
877,2.810022328,76.71448795,73.90446562
878,1.138393199,76.52379581,75.38540262
879,3.172890884,76.56285485,73.38996397
880,1.476820305,76.79683326,75.32001296
881,1.124906476,75.56152798,74.4366215
882,2.793917144,77.25229938,74.45838224
883,2.335331153,76.65871857,74.32338742
884,3.032036279,76.72875191,73.69671563
885,2.366589132,76.68866173,74.3220726
886,2.564656092,76.81462931,74.24997322
887,2.020870982,76.02524839,74.00437741
888,1.506372062,76.54700104,75.04062898
889,2.136756931,77.11797529,74.98121836
890,1.717257034,77.35839037,75.64113334
891,2.441526726,76.3040685,73.86254177
892,2.144200816,75.94045349,73.79625267
893,2.033815695,76.66476818,74.63095248
894,2.341810455,77.31781568,74.97600522
895,2.79101813,76.40160853,73.6105904
896,1.316076463,77.15738965,75.84131319
897,2.067449368,78.02033029,75.95288092
898,1.930794995,76.28823774,74.35744274
899,3.07915761,76.86754149,73.78838388
900,2.647753468,76.87618533,74.22843186
901,1.772480887,76.57628945,74.80380856
902,2.157192685,76.87681173,74.71961905
903,2.989412661,77.00582049,74.01640783
904,1.824148178,76.03394192,74.20979374
905,3.002520159,76.71435024,73.71183008
906,0.8448503669,77.04622227,76.2013719
907,0.9578826498,75.96153872,75.00365607
908,1.921743962,76.89566652,74.97392256
909,2.998542994,76.19696243,73.19841943
910,0.7083920317,75.72224094,75.01384891
911,0.8697662116,76.52068854,75.65092233
912,1.205018726,77.15528469,75.95026596
913,2.553757175,76.27001142,73.71625424
914,1.430450401,76.66262701,75.23217661
915,1.166252714,76.04268294,74.87643022
916,1.103444295,76.81274652,75.70930222
917,2.280782117,77.18543377,74.90465165
918,2.113872115,76.90735479,74.79348267
919,2.196619473,76.42275708,74.22613761
920,1.768360225,74.67024172,72.90188149
921,0.5627740409,76.53888259,75.97610855
922,2.110029234,75.73941816,73.62938893
923,2.820360712,76.49671127,73.67635055
924,1.5026815,75.32327267,73.82059117
925,1.642167344,78.15484809,76.51268075
926,2.641832171,77.98614767,75.3443155
927,1.718370335,75.99014181,74.27177148
928,1.347413806,76.83881067,75.49139686
929,2.272052289,78.05015391,75.77810162
930,2.348237329,76.23546528,73.88722795
931,1.656300491,76.35989541,74.70359492
932,1.609921839,76.71348775,75.10356591
933,1.387164859,78.28824828,76.90108342
934,2.192264273,77.20281041,75.01054614
935,1.872528868,75.96264959,74.09012072
936,2.008693802,77.76023244,75.75153863
937,1.127008988,77.17336291,76.04635393
938,2.179436548,77.64078529,75.46134874
939,1.805029673,77.56025624,75.75522657
940,1.677398963,75.76888203,74.09148307
941,2.23110701,76.73934017,74.50823316
942,1.241325945,75.26122047,74.01989452
943,1.866976107,76.44512755,74.57815145
944,2.849272943,76.09106834,73.2417954
945,1.375661651,77.18255145,75.8068898
946,2.943464849,77.02399302,74.08052817
947,2.248612845,77.00056368,74.75195083
948,2.689634374,77.50888088,74.8192465
949,3.058126188,76.84850719,73.79038101
950,3.350636843,75.96889654,72.61825969
951,0.9183619955,77.84022879,76.9218668
952,1.52394844,75.87566985,74.35172141
953,1.723532302,77.15636839,75.43283609
954,2.322142482,76.52100739,74.19886491
955,2.992121071,76.96617859,73.97405752
956,2.472034975,77.63318675,75.16115177
957,0.7352781761,76.44780493,75.71252675
958,2.378759572,77.74053863,75.36177906
959,1.107739157,75.90922316,74.801484
960,2.934800772,76.43533877,73.500538
961,2.047661822,76.8899377,74.84227587
962,2.265741892,76.06977273,73.80403084
963,1.459021971,76.37649061,74.91746864
964,3.365770422,77.09504685,73.72927643
965,2.343678051,77.04799902,74.70432097
966,2.938442817,76.7491022,73.81065939
967,3.184791039,76.75981232,73.57502129
968,0.8405584771,76.59019984,75.74964136
969,0.8715177166,77.6422853,76.77076758
970,1.963166561,77.89472099,75.93155443
971,2.109475259,76.6765372,74.56706194
972,1.908128886,76.50342535,74.59529647
973,2.754989894,78.24114494,75.48615504
974,1.975602558,76.97077348,74.99517092
975,1.157388632,76.45839274,75.30100411
976,1.634937547,77.67299008,76.03805253
977,1.843738634,76.46527155,74.62153292
978,2.66824843,76.87947921,74.21123078
979,2.717653906,77.09784958,74.38019568
980,2.1491309,75.66725932,73.51812842
981,1.995729996,77.1714762,75.17574621
982,0.9542708379,75.04298415,74.08871331
983,2.964513317,76.86154833,73.89703501
984,3.165854222,77.67630437,74.51045015
985,1.219536074,75.77568929,74.55615322
986,0.8681790937,76.40318668,75.53500759
987,3.05703385,76.01079954,72.95376569
988,1.453131735,76.04049592,74.58736418
989,2.415229613,77.67428605,75.25905644
990,2.571287162,76.42606827,73.85478111
991,2.162046048,76.00229552,73.84024947
992,1.598020471,77.35579194,75.75777147
993,3.786499973,76.35676593,72.57026595
994,2.112393919,76.9983023,74.88590838
995,2.519586546,76.32640737,73.80682083
996,2.323323401,75.84760406,73.52428066
997,2.222999245,77.03317279,74.81017354
998,2.135968357,75.6319775,73.49600915
999,2.973007974,76.9334257,73.96041773
1000,2.123084729,76.21575232,74.09266759
1001,0.5090204499,75.6822851,75.17326465
1002,0.7664468488,77.26766842,76.50122158
1003,0.9722050859,76.1808728,75.20866772
1004,2.725103695,76.2445425,73.5194388
1005,2.404493693,76.40795961,74.00346592
1006,2.765096262,77.38361393,74.61851767
1007,1.608514324,76.22086486,74.61235053
1008,1.40567707,77.37344918,75.96777211
1009,2.134998116,76.77534583,74.64034771
1010,0.8869624369,75.77754329,74.89058085
1011,1.348916853,76.82646587,75.47754902
1012,1.568555755,76.77078719,75.20223143
1013,1.373945809,76.80160837,75.42766256
1014,1.589102283,75.51155613,73.92245384
1015,2.888377419,77.60147924,74.71310182
1016,1.448399034,76.65156369,75.20316465
1017,3.132841607,75.9606545,72.82781289
1018,2.660684484,78.5901645,75.92948001
1019,1.420063054,76.11868288,74.69861983
1020,1.803055139,75.64134521,73.83829007
1021,2.683773633,76.39524767,73.71147404
1022,2.770384634,75.74422753,72.9738429
1023,2.099916585,76.7230475,74.62313092
1024,1.423613743,75.99921126,74.57559752
1025,2.190043053,76.28487552,74.09483247
1026,2.002408326,76.68497743,74.6825691
1027,0.9449427191,75.85392557,74.90898285
1028,2.223586801,77.43013217,75.20654537
1029,2.102559191,77.16010396,75.05754477
1030,1.597159111,76.26699439,74.66983528
1031,1.62321066,77.63250199,76.00929133
1032,2.636324285,76.18109864,73.54477436
1033,1.656281235,76.43136845,74.77508722
1034,2.38854932,76.74538122,74.3568319
1035,1.790500498,77.12016115,75.32966065
1036,0.7985195506,77.14825138,76.34973183
1037,2.879493847,76.86205975,73.9825659
1038,1.109315078,76.55024771,75.44093263
1039,2.6879551,76.52854817,73.84059307
1040,1.786366504,75.90793163,74.12156513
1041,2.485861984,76.08171624,73.59585426
1042,2.177135486,75.90220964,73.72507415
1043,2.3831876,76.36485746,73.98166986
1044,1.437021421,76.05309929,74.61607787
1045,1.970478259,77.88651101,75.91603275
1046,1.595324102,76.32389279,74.72856869
1047,2.845365337,76.38626802,73.54090268
1048,2.196321837,77.17249991,74.97617807
1049,2.250911067,76.63082523,74.37991416
1050,2.934488537,77.63624584,74.70175731
1051,2.354307985,76.7632915,74.40898352
1052,0.8095283129,76.61560766,75.80607935
1053,1.340635401,76.53954041,75.19890501
1054,1.267907123,77.28886507,76.02095794
1055,2.898032048,75.88132059,72.98328854
1056,1.787640456,76.24060301,74.45296255
1057,1.995494121,77.4237039,75.42820978
1058,1.078331566,76.15659639,75.07826482
1059,1.370810133,76.91624157,75.54543144
1060,1.088340796,76.67381472,75.58547393
1061,1.446668281,76.38775605,74.94108777
1062,1.194427775,75.55251416,74.35808639
1063,2.02789695,76.11730891,74.08941196
1064,1.730595245,77.34296005,75.6123648
1065,1.650094894,76.52501751,74.87492262
1066,2.055799964,76.9875506,74.93175064
1067,2.180004619,75.94946728,73.76946267
1068,1.432828595,76.65292803,75.22009943
1069,1.237061961,76.06719926,74.8301373
1070,2.754473193,77.15653232,74.40205912
1071,3.2794742,76.42634919,73.14687499
1072,2.295443608,76.91866789,74.62322428
1073,1.949629905,76.60685431,74.65722441
1074,2.995154652,76.84392003,73.84876538
1075,2.621710565,77.24029026,74.6185797
1076,1.646078472,75.66887136,74.02279288
1077,2.262950735,76.62828614,74.36533541
1078,2.615908018,77.66700512,75.0510971
1079,2.464779278,76.72178416,74.25700488
1080,3.181299207,76.39331328,73.21201407
1081,2.871890141,76.59868896,73.72679882
1082,3.070238587,77.2762758,74.20603721
1083,1.519304411,76.68397756,75.16467315
1084,1.146963284,75.80628391,74.65932063
1085,1.721055313,76.25414249,74.53308717
1086,2.274886992,76.75917421,74.48428722
1087,2.593240408,77.21349759,74.62025718
1088,1.012808827,74.93461887,73.92181005
1089,2.395463593,77.29367117,74.89820758
1090,1.854523191,76.5767112,74.72218801
1091,1.783829196,77.18565006,75.40182086
1092,1.666783121,75.97968198,74.31289886
1093,2.55188866,76.67173684,74.11984817
1094,1.717790421,77.62132224,75.90353182
1095,2.603504628,75.96598671,73.36248208
1096,1.909613984,75.58896197,73.67934799
1097,1.393628532,77.20542259,75.81179406
1098,2.885485101,76.46691581,73.58143071
1099,2.110049841,76.32633846,74.21628862
1100,1.90014039,76.23134565,74.33120526
1101,2.546552746,76.88802235,74.3414696
1102,2.607278891,77.60533729,74.9980584
1103,1.605023011,76.40914705,74.80412404
1104,2.606544886,76.04903616,73.44249128
1105,0.4455106068,77.1166174,76.67110679
1106,1.624468356,76.48677924,74.86231089
1107,2.494466904,76.00255845,73.50809154
1108,2.441515778,76.73610048,74.29458471
1109,2.786159973,76.05761657,73.27145659
1110,1.619550069,76.8317773,75.21222723
1111,1.499466349,76.72447041,75.22500406
1112,2.3394879,76.31998741,73.98049951
1113,1.82998442,75.84307511,74.01309069
1114,1.45974532,76.44097389,74.98122857
1115,2.142157429,77.28024382,75.13808639
1116,1.636697158,76.8593641,75.22266694
1117,1.142704233,77.08060199,75.93789776
1118,2.134635476,77.290218,75.15558252
1119,2.363592868,78.89637528,76.53278241
1120,2.740247382,76.45210793,73.71186055
1121,2.338522613,77.17515336,74.83663075
1122,3.009874177,75.84941217,72.83953799
1123,1.563657,75.89549231,74.33183531
1124,2.413452354,77.40268732,74.98923497
1125,2.497713709,76.40567568,73.90796197
1126,0.963950237,76.85229019,75.88833996
1127,1.74604561,76.95280586,75.20676025
1128,2.151072021,77.27106025,75.11998823
1129,1.869131863,77.44136305,75.57223119
1130,1.609726943,75.53125941,73.92153247
1131,1.686553606,76.90815714,75.22160354
1132,1.594977472,75.995819,74.40084153
1133,2.854460231,76.21578207,73.36132184
1134,0.8203188943,76.86102395,76.04070506
1135,0.9573497413,77.01762108,76.06027134
1136,2.495009289,76.30327207,73.80826278
1137,2.161124987,77.3776336,75.21650861
1138,1.830050056,77.32128644,75.49123639
1139,2.925242086,76.73268222,73.80744013
1140,1.43435143,77.12538833,75.6910369
1141,2.464601397,76.58203065,74.11742925
1142,2.368252853,77.533472,75.16521915
1143,2.542264453,76.65037038,74.10810593
1144,2.563671765,76.33083545,73.76716369
1145,2.155680442,75.93076097,73.77508053
1146,2.825593667,76.61068112,73.78508746
1147,0.7119335973,76.99471826,76.28278467
1148,3.045886702,76.90656272,73.86067602
1149,2.38156935,77.11508162,74.73351227
1150,1.477332831,76.14085257,74.66351974
1151,1.014805474,77.13257859,76.11777311
1152,2.796555013,77.58296439,74.78640938
1153,3.042237221,76.04351268,73.00127546
1154,1.836790082,76.94043574,75.10364566
1155,1.756810721,76.22484186,74.46803114
1156,2.599878648,77.65989595,75.0600173
1157,1.617081303,76.77043216,75.15335086
1158,1.583231179,77.38820344,75.80497226
1159,1.288755659,77.64580225,76.35704659
1160,1.569665625,76.74515931,75.17549369
1161,1.700659379,77.65158196,75.95092258
1162,2.049991841,76.9691433,74.91915146
1163,1.032945602,76.76896963,75.73602403
1164,2.289975765,75.31845334,73.02847758
1165,2.088180289,76.76982477,74.68164449
1166,2.087742708,75.6352304,73.54748769
1167,3.195641593,76.99032985,73.79468825
1168,1.805455198,76.76911794,74.96366274
1169,2.574078249,75.99687535,73.4227971
1170,2.289502329,76.41288123,74.12337891
1171,2.336315814,77.04069782,74.70438201
1172,0.5711909431,76.89806611,76.32687516
1173,1.817460412,76.14121289,74.32375248
1174,1.724223238,76.51743407,74.79321083
1175,1.272873245,75.82442765,74.5515544
1176,2.575975268,77.59606528,75.02009001
1177,2.42733442,77.06462152,74.6372871
1178,2.961707814,76.12157403,73.15986622
1179,1.400388817,75.84078979,74.44040097
1180,2.289414696,75.93831855,73.64890385
1181,1.634403441,77.15410362,75.51970018
1182,1.312655303,77.04514939,75.73249409
1183,1.138825662,76.1400462,75.00122054
1184,1.914534127,76.53967292,74.62513879
1185,2.527149216,76.79811627,74.27096705
1186,2.918869896,77.12936742,74.21049752
1187,2.202118347,77.29683568,75.09471734
1188,2.490173903,76.47171358,73.98153967
1189,1.163383371,75.79491246,74.63152909
1190,2.091639481,76.20517535,74.11353587
1191,1.699828539,77.93789752,76.23806898
1192,1.191380798,75.34308786,74.15170706
1193,2.376330944,77.03106806,74.65473711
1194,1.927173479,76.59123707,74.66406359
1195,2.366100615,78.03914266,75.67304205
1196,2.505935162,77.44681978,74.94088462
1197,1.842132917,76.84280219,75.00066927
1198,2.159115823,76.4605809,74.30146508
1199,1.352887135,76.74693545,75.39404831
1200,2.40850203,77.86686745,75.45836542
1201,1.996560659,76.26184949,74.26528883
1202,2.035262317,77.38246772,75.34720541
1203,2.402041616,76.90335636,74.50131474
1204,1.184919469,76.61048467,75.4255652
1205,2.335558658,76.48356705,74.14800839
1206,1.903485763,75.72687886,73.82339309
1207,1.850783142,76.09293914,74.242156
1208,1.744006897,77.60088985,75.85688295
1209,1.130434823,76.44780837,75.31737355
1210,2.211192523,76.91991723,74.7087247
1211,3.298111692,77.0307648,73.7326531
1212,2.891030797,76.73169194,73.84066114
1213,2.32323883,77.2592002,74.93596137
1214,2.486167777,76.31407095,73.82790318
1215,2.837037694,75.86795131,73.03091362
1216,1.682303992,76.37245349,74.6901495
1217,2.939563511,76.32253858,73.38297506
1218,0.6830749775,75.67161797,74.98854299
1219,1.889791294,77.3991073,75.50931601
1220,1.651891063,75.8282616,74.17637054
1221,1.92752297,75.82420108,73.89667811
1222,1.370174665,76.60020264,75.23002798
1223,2.414073653,77.77645936,75.36238571
1224,1.854768583,76.76962397,74.91485539
1225,2.848787918,75.9508855,73.10209758
1226,1.265214827,76.90636044,75.64114561
1227,2.589826225,76.80775174,74.21792552
1228,2.758822977,76.39430726,73.63548428
1229,3.146968078,76.61514335,73.46817527
1230,2.122030514,75.15806155,73.03603104
1231,1.303475086,76.85166602,75.54819094
1232,2.920373145,77.46800886,74.54763571
1233,1.86173921,76.44399687,74.58225766
1234,1.222896929,76.78321276,75.56031583
1235,2.390903305,78.02267764,75.63177433
1236,2.319655557,76.7321002,74.41244464
1237,2.874749518,76.56678485,73.69203533
1238,1.276890722,76.97424079,75.69735007
1239,1.407038207,76.92211248,75.51507428
1240,2.209191036,77.20578171,74.99659068
1241,1.995445668,77.94489976,75.94945409
1242,1.343842338,77.14515546,75.80131312
1243,1.445107526,75.83766423,74.3925567
1244,2.12591615,77.25641636,75.13050021
1245,1.226034247,75.81470024,74.58866599
1246,1.422815613,77.39655177,75.97373615
1247,2.468135956,76.86817052,74.40003456
1248,1.244972238,77.04366979,75.79869755
1249,1.484792715,76.61922624,75.13443352
1250,1.425603517,76.53058499,75.10498148
1251,1.556771738,76.36879083,74.8120191
1252,2.639564882,76.34025644,73.70069155
1253,1.734819993,77.22639668,75.49157668
1254,1.418964235,76.98527645,75.56631221
1255,3.304400833,76.80134415,73.49694332
1256,1.120595888,77.68757162,76.56697573
1257,1.997107749,77.10767114,75.11056339
1258,1.929388278,77.55363444,75.62424616
1259,2.557001214,76.83209558,74.27509436
1260,1.360841081,76.34971603,74.98887495
1261,3.3443393,77.66652074,74.32218144
1262,2.294342126,76.74517755,74.45083542
1263,1.841783482,76.33722419,74.49544071
1264,2.266422249,76.23032538,73.96390313
1265,3.742412847,77.07499209,73.33257924
1266,1.76695543,76.56251007,74.79555464
1267,2.187622179,77.78707159,75.59944941
1268,2.159374741,76.30139187,74.14201713
1269,2.51356001,77.78098351,75.2674235
1270,2.124554904,76.74682305,74.62226815
1271,1.512118834,77.35598666,75.84386782
1272,2.651212836,77.32006539,74.66885255
1273,2.069384565,77.01059588,74.94121131
1274,1.109362017,77.56374426,76.45438224
1275,1.599730719,76.5910042,74.99127348
1276,3.242356028,76.77808789,73.53573186
1277,1.766421446,76.31731839,74.55089694
1278,2.11250152,77.18187852,75.069377
1279,2.46375866,77.99883564,75.53507698
1280,1.219437058,76.66939322,75.44995616
1281,1.697287708,76.54731757,74.85002986
1282,2.703738565,76.0878149,73.38407633
1283,2.132833714,77.58261965,75.44978594
1284,1.564111911,75.95764594,74.39353403
1285,2.991090254,77.85401248,74.86292223
1286,1.214731536,76.25985675,75.04512521
1287,3.001800463,76.74829234,73.74649188
1288,1.467934425,77.16070279,75.69276837
1289,1.764820202,77.0911311,75.32631089
1290,1.778082645,77.4004655,75.62238286
1291,2.136444528,77.95635161,75.81990708
1292,1.127088226,76.89720205,75.77011383
1293,3.20311501,76.72038737,73.51727235
1294,2.603509514,76.55170583,73.94819632
1295,2.012389565,77.74732369,75.73493412
1296,1.511654875,77.31794224,75.80628736
1297,1.652680728,76.27992708,74.62724635
1298,2.728480648,76.73745065,74.00897
1299,2.064283359,76.53546983,74.47118647
1300,2.513735486,76.2954956,73.78176012
1301,1.420755755,77.76050059,76.33974483
1302,2.457911803,76.56970404,74.11179223
1303,3.150994982,77.22910162,74.07810664
1304,2.21484661,76.67462396,74.45977735
1305,1.335197122,76.11152673,74.77632961
1306,1.319067766,75.68744143,74.36837366
1307,1.007364442,75.36425564,74.3568912
1308,2.711905128,78.58102831,75.86912319
1309,1.783388852,75.23285531,73.44946646
1310,2.250681161,77.30683402,75.05615286
1311,2.241082118,77.55737921,75.31629709
1312,1.984302693,78.75623961,76.77193692
1313,2.581544374,76.67091331,74.08936894
1314,2.072040454,76.81143353,74.73939308
1315,1.832851762,76.16421518,74.33136342
1316,1.961226715,76.72126544,74.76003872
1317,1.683159789,76.43518812,74.75202834
1318,2.130119598,76.56903944,74.43891984
1319,2.071017947,76.497701,74.42668305
1320,3.221633001,77.33775052,74.11611752
1321,2.134394046,76.46705871,74.33266466
1322,2.326079866,75.9841335,73.65805363
1323,1.847132772,76.37823316,74.53110039
1324,2.468665075,77.10989048,74.64122541
1325,2.398473108,77.15977413,74.76130102
1326,1.823813253,75.90784455,74.0840313
1327,2.088721313,76.06940685,73.98068554
1328,0.9532289682,76.91208217,75.95885321
1329,1.458681143,75.98125721,74.52257607
1330,2.717461625,76.56355675,73.84609512
1331,2.051902612,76.23239376,74.18049115
1332,2.776846598,77.66268468,74.88583808
1333,2.221206052,77.43967524,75.21846919
1334,2.0961574,77.47321153,75.37705413
1335,2.306096528,75.28145898,72.97536245
1336,0.9231889946,76.55733907,75.63415008
1337,2.358277539,77.23657242,74.87829488
1338,1.550618824,77.25875811,75.70813928
1339,2.750935777,76.39633492,73.64539914
1340,2.780072088,77.26807356,74.48800148
1341,2.699671685,77.03257319,74.33290151
1342,2.054452255,75.53018261,73.47573036
1343,2.269019875,75.85899834,73.58997847
1344,0.5980236126,77.75678965,77.15876604
1345,2.529647284,76.86985669,74.34020941
1346,1.865294766,76.56405845,74.69876368
1347,1.275275442,76.38283481,75.10755937
1348,1.085858165,76.92851982,75.84266165
1349,2.252097192,78.10210089,75.8500037
1350,2.455740597,76.33984596,73.88410537
1351,1.409650778,76.74583373,75.33618295
1352,2.203190863,75.79233591,73.58914505
1353,1.90161728,76.44231226,74.54069498
1354,1.865329018,76.89547555,75.03014654
1355,0.9115003123,76.31917811,75.4076778
1356,2.646822684,77.02230776,74.37548508
1357,2.178708845,76.5565823,74.37787346
1358,1.215658848,76.00386515,74.7882063
1359,0.9748842874,76.46524807,75.49036378
1360,2.109400424,76.99827823,74.88887781
1361,1.203251321,76.5156818,75.31243048
1362,2.258592225,76.83376684,74.57517461
1363,1.105507494,76.80640356,75.70089607
1364,1.964964467,78.38947381,76.42450934
1365,2.011323373,77.73578241,75.72445904
1366,2.383545006,75.86191752,73.47837252
1367,2.366170648,76.87146728,74.50529663
1368,2.740161417,76.56022629,73.82006487
1369,2.405043267,76.32372856,73.9186853
1370,1.157308039,75.91242077,74.75511274
1371,2.451512576,77.86261509,75.41110251
1372,1.333316305,76.70694992,75.37363361
1373,2.030604201,77.39554887,75.36494467
1374,2.352964413,77.0627275,74.70976308
1375,2.424373191,77.52505684,75.10068365
1376,2.452463321,76.64282784,74.19036452
1377,2.652290441,75.55564402,72.90335358
1378,1.714706297,77.0275961,75.3128898
1379,2.022426315,76.42768953,74.40526322
1380,1.963079713,76.28420336,74.32112365
1381,1.543314364,76.42198766,74.87867329
1382,1.597683363,76.61746307,75.01977971
1383,0.9046638677,77.30049893,76.39583506
1384,2.35825623,77.36366589,75.00540966
1385,1.937490031,77.46936277,75.53187274
1386,1.653573744,76.25934151,74.60576777
1387,1.341696264,77.48104388,76.13934762
1388,1.805358055,76.99347853,75.18812047
1389,0.8904840226,75.76040578,74.86992175
1390,3.256899027,76.32202763,73.0651286
1391,3.323030783,76.45048658,73.1274558
1392,1.967683507,76.64361229,74.67592878
1393,2.480894203,76.08579808,73.60490388
1394,2.309673484,76.82545017,74.51577669
1395,2.19576584,76.41616588,74.22040004
1396,1.647986264,76.23485526,74.586869
1397,0.9745515661,76.91373249,75.93918093
1398,2.543866811,76.76977122,74.22590441
1399,2.944384872,76.44023023,73.49584536
1400,1.599331564,77.69805647,76.09872491
1401,1.446160654,76.13640132,74.69024066
1402,2.898099838,77.84193856,74.94383873
1403,1.85684441,76.89276763,75.03592322
1404,2.321707518,77.21192656,74.89021904
1405,1.062564259,76.64279589,75.58023163
1406,3.02157628,75.96053391,72.93895763
1407,2.002712198,75.61976986,73.61705766
1408,3.124365477,76.49600809,73.37164261
1409,2.528951511,76.98396414,74.45501263
1410,2.033888228,76.73752199,74.70363376
1411,0.9551464979,76.69015398,75.73500748
1412,2.042035604,76.02940937,73.98737376
1413,2.218284773,76.64946741,74.43118264
1414,2.625796855,77.37904825,74.75325139
1415,1.266438054,78.00497609,76.73853804
1416,1.910165568,76.36133096,74.45116539
1417,1.02998004,76.73846261,75.70848257
1418,1.801303193,77.97145619,76.17015299
1419,0.7480689724,75.59458292,74.84651395
1420,1.586866778,76.97819119,75.39132442
1421,2.283915275,77.57872281,75.29480754
1422,2.270617484,76.32986829,74.05925081
1423,0.6539056771,76.20317254,75.54926686
1424,2.174699324,75.84659293,73.67189361
1425,2.999465467,76.6379973,73.63853183
1426,2.704568362,76.38381313,73.67924476
1427,2.926177357,77.09646459,74.17028724
1428,2.92323093,77.35302727,74.42979634
1429,2.555803681,76.22417792,73.66837424
1430,1.83222995,77.84629244,76.01406249
1431,1.983357886,76.20241354,74.21905566
1432,2.535754214,76.73068135,74.19492714
1433,2.917418284,76.75406945,73.83665117
1434,2.667599979,77.10810993,74.44050995
1435,2.522919356,75.71597764,73.19305829
1436,1.610146169,76.67586868,75.06572251
1437,1.607659382,75.92996662,74.32230723
1438,2.641912705,76.01043703,73.36852432
1439,2.347243728,75.67296359,73.32571986
1440,1.868454046,76.84643446,74.97798041
1441,1.874470273,77.60733838,75.7328681
1442,1.030814932,76.81417505,75.78336012
1443,2.620606503,76.88286954,74.26226303
1444,1.219978245,76.17760374,74.9576255
1445,3.065379064,76.33195727,73.26657821
1446,0.8681642594,76.83773446,75.9695702
1447,2.995799526,75.92415907,72.92835954
1448,1.548276428,77.57752689,76.02925046
1449,1.495870501,76.83558059,75.33971009
1450,0.2530961129,76.53953965,76.28644353
1451,1.663881451,76.35593333,74.69205188
1452,1.503987831,77.07597657,75.57198873
1453,1.376221025,75.6397619,74.26354088
1454,1.363994023,76.690422,75.32642798
1455,1.028434618,76.34583838,75.31740376
1456,2.792427045,76.33204382,73.53961678
1457,2.898170762,76.48192579,73.58375502
1458,1.236092598,77.00223636,75.76614376
1459,1.282214027,76.14140229,74.85918826
1460,1.522314796,76.93262886,75.41031406
1461,3.031855589,76.17463841,73.14278282
1462,1.331836004,77.18676381,75.85492781
1463,1.775712355,77.45717781,75.68146545
1464,1.634752553,75.96094083,74.32618828
1465,2.40266907,76.80941315,74.40674408
1466,2.258189375,77.04619679,74.78800742
1467,2.364657153,76.12333921,73.75868206
1468,1.124829192,76.4586771,75.3338479
1469,2.001033731,77.00334771,75.00231398
1470,3.265704312,76.26109524,72.99539093
1471,2.134858657,78.02516661,75.89030795
1472,1.687356491,76.73753808,75.05018159
1473,3.243365032,76.34899554,73.10563051
1474,2.819880953,76.83570102,74.01582006
1475,1.844499055,77.65213416,75.80763511
1476,0.6107229534,75.9763581,75.36563515
1477,2.314798035,75.93536622,73.62056818
1478,2.082318078,76.53957688,74.4572588
1479,1.653174899,76.92315554,75.26998064
1480,1.289272396,75.40214994,74.11287754
1481,2.736513234,76.74840807,74.01189484
1482,1.429121936,76.47656247,75.04744054
1483,2.201238389,77.10365096,74.90241257
1484,2.28493825,77.62597412,75.34103587
1485,2.523342739,76.41604859,73.89270585
1486,1.895090687,76.52247874,74.62738805
1487,1.255286,76.23696868,74.98168268
1488,3.014713127,77.28987417,74.27516105
1489,2.515009874,77.7898307,75.27482083
1490,2.673457981,78.55991184,75.88645386
1491,1.722914258,76.74915297,75.02623872
1492,1.613965747,77.0131068,75.39914106
1493,2.274748963,77.36021038,75.08546141
1494,0.7236968259,76.24867361,75.52497678
1495,1.42358475,77.37731583,75.95373108
1496,2.153923626,77.27388836,75.11996473
1497,2.24987252,75.68276264,73.43289012
1498,2.690428788,76.14763263,73.45720384
1499,1.759590758,76.62027849,74.86068773
1500,2.976767848,76.51978732,73.54301947
1501,1.785509842,77.52942178,75.74391194
1502,1.079944478,77.61790661,76.53796213
1503,2.36266863,76.39248612,74.02981749
1504,0.9637964832,77.77602153,76.81222505
1505,1.832856872,76.33182068,74.4989638
1506,2.577550369,77.08348022,74.50592985
1507,1.568902655,76.0152161,74.44631345
1508,2.147444424,76.6022969,74.45485247
1509,2.371430786,76.64057035,74.26913956
1510,2.971619164,77.81188693,74.84026776
1511,2.287254638,76.42927679,74.14202216
1512,2.611111986,78.11415502,75.50304303
1513,2.598532106,75.6586237,73.06009159
1514,1.281782154,75.29399695,74.0122148
1515,2.24667565,75.72799731,73.48132166
1516,1.412451795,75.94034646,74.52789467
1517,1.956736628,76.69190443,74.7351678
1518,2.830544726,76.46927629,73.63873157
1519,1.974095931,77.24632086,75.27222493
1520,1.561177593,76.95940665,75.39822906
1521,1.645283877,76.51371555,74.86843167
1522,1.880280965,76.65203781,74.77175685
1523,1.898563232,76.15580743,74.2572442
1524,2.761051487,76.85342348,74.09237199
1525,1.880970566,76.5821176,74.70114703
1526,1.137454994,76.83286037,75.69540538
1527,2.011446153,75.35367219,73.34222604
1528,2.478494736,77.27874761,74.80025287
1529,2.115587375,76.37424632,74.25865895
1530,1.913062204,76.06046353,74.14740133
1531,1.135875704,77.19151686,76.05564116
1532,1.982576357,77.16510516,75.1825288
1533,2.568222535,76.56538041,73.99715788
1534,2.458732082,76.65093441,74.19220233
1535,1.265763871,75.24993023,73.98416636
1536,0.9942184548,76.34955656,75.35533811
1537,0.9242941405,76.63370538,75.70941124
1538,2.286149469,76.98211942,74.69596995
1539,1.958975345,76.52017141,74.56119606
1540,3.082042433,76.3387007,73.25665827
1541,2.558370163,76.49548343,73.93711327
1542,2.439850861,76.66849778,74.22864692
1543,1.859656036,77.21616878,75.35651274
1544,2.45068668,76.11742319,73.66673652
1545,2.791541219,76.68730053,73.89575931
1546,1.798165619,76.75899386,74.96082824
1547,1.420264866,76.8576566,75.43739173
1548,0.8519644596,76.54780897,75.69584451
1549,2.177727025,76.23901052,74.0612835
1550,1.912063165,77.18933757,75.2772744
1551,2.394008468,76.72213388,74.32812541
1552,2.727687285,77.23610333,74.50841604
1553,1.769879961,77.11869725,75.34881729
1554,2.353777935,76.77596323,74.42218529
1555,0.3800509988,76.94433417,76.56428317
1556,1.604230757,76.56514735,74.96091659
1557,1.462086128,76.64895566,75.18686953
1558,2.669125544,76.66347195,73.9943464
1559,2.268828872,77.77024518,75.50141631
1560,1.654477031,77.74789485,76.09341781
1561,1.558669862,76.970026,75.41135614
1562,2.321177408,77.22415577,74.90297836
1563,0.7210982279,77.13553206,76.41443383
1564,2.55070873,75.61413528,73.06342655
1565,2.714731062,76.28570186,73.5709708
1566,0.4794980044,76.30886574,75.82936774
1567,2.306480882,76.73878588,74.43230499
1568,2.343283874,77.37822246,75.03493858
1569,1.784581937,76.34724769,74.56266575
1570,2.298591508,75.85638143,73.55778992
1571,3.039353697,75.75769293,72.71833923
1572,1.315023496,76.76589815,75.45087465
1573,2.678549145,76.93005129,74.25150215
1574,2.157201381,76.58301924,74.42581786
1575,1.693496892,76.464372,74.77087511
1576,2.480649828,76.98958381,74.50893398
1577,2.511415071,76.26146203,73.75004696
1578,1.530478917,78.15616472,76.6256858
1579,2.142684287,76.84495199,74.7022677
1580,1.680454792,75.76355403,74.08309924
1581,1.998305442,76.95438619,74.95608075
1582,1.90137049,75.84405801,73.94268752
1583,1.095427343,77.65822262,76.56279528
1584,1.370794423,77.67804552,76.30725109
1585,1.547963853,77.77805408,76.23009023
1586,2.01622097,76.77765467,74.7614337
1587,2.255177519,76.11996563,73.86478811
1588,3.044412829,76.72081142,73.67639859
1589,2.660055031,76.92204711,74.26199208
1590,2.056268199,76.06475781,74.00848961
1591,3.252333863,76.40572314,73.15338928
1592,1.416984903,76.05674214,74.63975724
1593,2.02105826,76.89475011,74.87369185
1594,3.514621334,77.1939561,73.67933477
1595,2.219391787,76.29710738,74.07771559
1596,2.196856428,75.4670257,73.27016927
1597,2.848425158,77.94217383,75.09374867
1598,0.7113271293,75.8088877,75.09756057
1599,0.7385060684,75.81955262,75.08104655
1600,0.935750719,76.71905616,75.78330544
1601,1.380477219,76.6834782,75.30300098
1602,2.455743908,75.78774988,73.33200597
1603,1.741372109,75.68935218,73.94798007
1604,0.8185953326,75.96817606,75.14958072
1605,2.803865306,76.64408747,73.84022217
1606,2.160116616,77.0534536,74.89333698
1607,1.983649526,76.63325782,74.6496083
1608,2.095469957,76.55371069,74.45824073
1609,2.595955751,76.92734707,74.33139132
1610,2.416975399,76.55858052,74.14160513
1611,1.727281869,75.99900525,74.27172338
1612,3.010130136,75.82677447,72.81664433
1613,1.620899698,77.43650947,75.81560977
1614,1.842171988,76.88435092,75.04217894
1615,2.031632195,76.66542717,74.63379498
1616,1.817785963,76.38131643,74.56353047
1617,2.521458552,76.17266224,73.65120369
1618,1.626761403,77.72716173,76.10040033
1619,1.36510781,77.79623709,76.43112928
1620,2.348165222,77.15244591,74.80428069
1621,1.824412573,76.09738654,74.27297396
1622,3.347809465,77.3641002,74.01629074
1623,1.432703254,77.33354483,75.90084158
1624,2.385780405,76.96208009,74.57629968
1625,1.071429065,76.3621792,75.29075014
1626,1.843659686,77.41218974,75.56853006
1627,1.839860224,76.98321708,75.14335686
1628,0.8464848064,75.82678227,74.98029746
1629,1.35718734,75.55811679,74.20092945
1630,2.0142807,76.94318416,74.92890346
1631,1.581541996,76.63995316,75.05841116
1632,1.141015646,77.01359935,75.8725837
1633,1.955558241,77.86704881,75.91149057
1634,2.16368836,77.92042066,75.7567323
1635,2.167367291,76.76799604,74.60062875
1636,2.606496924,78.53404286,75.92754594
1637,2.294385791,76.33116364,74.03677785
1638,1.38766085,76.86610628,75.47844543
1639,1.326848702,75.53025493,74.20340622
1640,1.837820391,76.15236884,74.31454845
1641,1.760410347,77.17437661,75.41396627
1642,1.470360835,76.84456375,75.37420291
1643,2.721246348,76.66154914,73.94030279
1644,2.353083712,76.3838438,74.03076009
1645,1.198914885,76.01784091,74.81892603
1646,2.511977308,76.67206581,74.1600885
1647,1.051725425,76.48236338,75.43063795
1648,1.414928356,76.84888067,75.43395231
1649,1.658608213,76.9551987,75.29659049
1650,1.734421188,76.37156106,74.63713988
1651,2.612846672,77.18599957,74.5731529
1652,2.10543509,76.78788707,74.68245198
1653,2.298196091,76.05850472,73.76030863
1654,2.286494493,76.80615607,74.51966157
1655,1.977672541,76.28595866,74.30828612
1656,2.527459445,76.82054955,74.2930901
1657,2.5713771,78.79796848,76.22659138
1658,1.574473043,76.72397571,75.14950266
1659,2.156171179,76.93879404,74.78262286
1660,1.986662522,76.58598403,74.59932151
1661,1.461539606,75.68017558,74.21863597
1662,2.021826743,75.53263744,73.5108107
1663,2.537767491,75.96165945,73.42389196
1664,1.504310347,77.63026659,76.12595625
1665,2.741571391,76.73116884,73.98959745
1666,1.454197902,75.62310533,74.16890743
1667,2.259863676,78.05286076,75.79299709
1668,1.017266786,76.12593182,75.10866504
1669,1.196021557,77.22792816,76.0319066
1670,1.477466964,76.46036437,74.98289741
1671,1.929767293,77.45466227,75.52489498
1672,1.589578265,76.61977526,75.030197
1673,0.9068183726,76.45091887,75.5441005
1674,1.628866951,76.53593231,74.90706536
1675,1.620444984,76.18847164,74.56802665
1676,1.783323282,76.2169609,74.43363762
1677,2.015226354,77.3514795,75.33625314
1678,1.851569702,76.79441032,74.94284062
1679,2.85065574,77.04438165,74.19372591
1680,2.415729053,76.46357176,74.04784271
1681,0.8396827384,76.72794913,75.8882664
1682,1.882978277,76.58226407,74.69928579
1683,2.851621237,76.93764554,74.0860243
1684,2.224144293,76.68466621,74.46052192
1685,2.416976547,76.92693293,74.50995639
1686,1.405060112,75.89732179,74.49226168
1687,1.620274899,77.46488673,75.84461184
1688,2.913626022,76.25535841,73.34173239
1689,1.281547076,75.41141786,74.12987078
1690,2.340982027,76.52128899,74.18030696
1691,2.00768528,76.05571294,74.04802767
1692,2.034442522,76.51826945,74.48382693
1693,2.306546405,76.42320838,74.11666197
1694,1.0563618,76.21806004,75.16169824
1695,1.994928467,76.69840512,74.70347666
1696,2.094659219,76.07010223,73.97544301
1697,1.735693478,77.53446114,75.79876766
1698,2.291874218,76.12557572,73.8337015
1699,0.8169558276,76.43696146,75.62000563
1700,0.8840652454,75.42454296,74.54047772
1701,1.63858174,76.78396843,75.14538669
1702,2.965243547,76.40283055,73.437587
1703,2.286742454,77.4681477,75.18140525
1704,1.857356294,75.55635915,73.69900286
1705,3.224958785,77.26509838,74.0401396
1706,2.629615419,76.03478937,73.40517395
1707,2.534725782,77.62467244,75.08994665
1708,2.719771827,76.79402913,74.0742573
1709,1.168568484,77.38870553,76.22013705
1710,1.937495292,76.82239151,74.88489622
1711,1.722277454,76.61330604,74.89102858
1712,1.061460105,76.46068765,75.39922755
1713,2.806801255,76.68509686,73.87829561
1714,2.142263229,77.68851152,75.54624829
1715,2.113687688,77.63195515,75.51826746
1716,2.414251091,76.16096848,73.74671738
1717,1.222617842,77.15780078,75.93518294
1718,1.594244387,76.71522185,75.12097747
1719,2.215942719,77.04748049,74.83153777
1720,2.454636275,75.48857808,73.0339418
1721,1.115697217,77.07776687,75.96206965
1722,2.192685569,76.63965729,74.44697172
1723,1.940282363,76.84524669,74.90496433
1724,1.712548267,77.27094251,75.55839424
1725,2.285156916,76.77265931,74.48750239
1726,1.656767618,76.61698837,74.96022076
1727,2.370359138,77.40061156,75.03025242
1728,1.84535569,76.21874816,74.37339247
1729,1.327073686,77.49326637,76.16619269
1730,2.792281421,77.23011137,74.43782995
1731,2.457211719,75.66867771,73.21146599
1732,1.622171571,76.76364884,75.14147726
1733,2.587382225,77.22343077,74.63604854
1734,1.993126412,76.41973493,74.42660852
1735,1.54638925,75.7226199,74.17623065
1736,2.61466669,76.22784663,73.61317994
1737,2.071306466,76.2043667,74.13306024
1738,1.209786685,76.42298276,75.21319607
1739,2.50642642,77.03224208,74.52581566
1740,2.762792695,76.28826138,73.52546868
1741,0.8311995985,76.90196065,76.07076105
1742,1.869093594,76.10489622,74.23580262
1743,2.257018447,76.4538174,74.19679895
1744,3.160511805,76.64382799,73.48331619
1745,3.016104987,76.79767557,73.78157058
1746,1.237018096,75.04365351,73.80663541
1747,0.9580672258,77.10924791,76.15118068
1748,2.106541548,76.03960184,73.93306029
1749,2.107737445,76.52565606,74.41791861
1750,1.814345163,77.25957478,75.44522962
1751,2.258465402,76.27276472,74.01429932
1752,2.257338839,75.88869128,73.63135244
1753,2.485894218,77.15141157,74.66551735
1754,2.354546805,76.30598861,73.95144181
1755,1.297874512,75.83962904,74.54175453
1756,1.019008829,76.43665445,75.41764562
1757,2.154836797,75.99769192,73.84285512
1758,0.8534744057,76.22686405,75.37338965
1759,1.669011919,78.16762492,76.49861301
1760,2.150115968,76.91408582,74.76396985
1761,2.878570524,76.37548674,73.49691622
1762,2.800789065,76.42334098,73.62255192
1763,1.836410161,76.10344461,74.26703445
1764,2.588777149,76.61593663,74.02715949
1765,1.268052535,76.56745642,75.29940389
1766,1.87932603,76.21785405,74.33852802
1767,1.198944827,76.88281022,75.68386539
1768,1.078528796,76.49311987,75.41459108
1769,1.159789422,77.1885575,76.02876807
1770,2.790284227,77.24159736,74.45131313
1771,1.092666937,76.47160985,75.37894291
1772,1.69254496,76.23225156,74.5397066
1773,1.614733298,76.84692236,75.23218907
1774,2.449865433,76.94870949,74.49884406
1775,2.906235586,77.64165874,74.73542316
1776,2.733958288,76.31652691,73.58256863
1777,2.265657199,78.14128992,75.87563272
1778,1.527760305,76.79632444,75.26856413
1779,2.239433457,77.91935272,75.67991926
1780,3.001216408,77.17158985,74.17037344
1781,2.825840016,76.8456442,74.01980418
1782,2.434474979,76.3821786,73.94770362
1783,1.702596259,76.70116936,74.9985731
1784,1.790513223,76.87424386,75.08373064
1785,1.603210571,76.03807391,74.43486334
1786,2.450960099,76.37509868,73.92413858
1787,2.336650702,76.89145239,74.55480169
1788,1.995942415,76.57437047,74.57842805
1789,1.422747775,76.97634989,75.55360211
1790,0.9833667406,77.81678271,76.83341597
1791,2.833874213,77.9878449,75.15397068
1792,0.9720587467,77.14806789,76.17600914
1793,1.690585509,76.18060843,74.49002292
1794,2.387744668,76.73977348,74.35202881
1795,1.625898232,76.85540612,75.22950789
1796,1.984574372,77.54213758,75.55756321
1797,1.86217062,76.68029352,74.8181229
1798,2.357968896,77.00949247,74.65152358
1799,2.293601976,76.83576847,74.5421665
1800,1.665295142,76.80437241,75.13907727
1801,1.05323456,76.63715562,75.58392106
1802,2.569227583,77.33497213,74.76574454
1803,1.764365941,77.05570517,75.29133923
1804,0.8934571673,76.95489455,76.06143738
1805,2.228605318,76.89070619,74.66210087
1806,2.732408452,76.64097047,73.90856202
1807,0.8703455731,76.17078667,75.30044109
1808,2.59560125,76.5781835,73.98258225
1809,2.89228168,75.95371453,73.06143285
1810,1.16675177,76.06420418,74.89745241
1811,2.281889961,76.17770806,73.8958181
1812,1.717794359,77.59947634,75.88168198
1813,2.258395821,75.95544375,73.69704793
1814,1.400291192,76.49880715,75.09851596
1815,2.513927978,75.91310996,73.39918198
1816,2.206578348,76.46891683,74.26233848
1817,1.282049621,76.54230671,75.26025709
1818,0.9758085084,75.80140529,74.82559679
1819,1.663571085,77.13343351,75.46986242
1820,2.635092507,77.21785455,74.58276204
1821,1.018343583,76.03418067,75.01583709
1822,1.015485981,76.05947123,75.04398525
1823,1.927266383,75.60003528,73.6727689
1824,2.620764101,77.10719628,74.48643218
1825,1.878135896,76.60823778,74.73010188
1826,2.628549103,76.92296534,74.29441624
1827,1.901955004,77.69645831,75.79450331
1828,2.498618616,76.56888518,74.07026656
1829,0.809303384,75.80435119,74.9950478
1830,2.322335163,76.59480451,74.27246935
1831,2.308178193,76.13942964,73.83125145
1832,1.786036605,77.04361259,75.25757598
1833,1.396305048,76.45105793,75.05475288
1834,1.553977554,77.98327991,76.42930236
1835,0.762822725,76.38285787,75.62003515
1836,1.68190299,75.90636336,74.22446037
1837,2.932368032,76.6933767,73.76100867
1838,0.6014847463,75.89097726,75.28949252
1839,0.8445024817,76.76738499,75.9228825
1840,2.041641924,77.514237,75.47259507
1841,0.8749624038,76.62149707,75.74653466
1842,1.969910222,77.12662115,75.15671092
1843,1.894992602,76.26373033,74.36873772
1844,1.153144971,76.55548311,75.40233814
1845,2.699620631,75.8436707,73.14405007
1846,2.772737316,76.82572162,74.05298431
1847,1.585406728,76.05825469,74.47284796
1848,1.416515899,76.69893537,75.28241947
1849,2.777591135,75.8613515,73.08376037
1850,2.511450758,77.31226102,74.80081026
1851,2.430371079,76.27955247,73.84918139
1852,2.126743656,76.51017483,74.38343118
1853,2.279582497,76.57561598,74.29603348
1854,1.77447703,77.22086879,75.44639176
1855,1.96625561,76.55739431,74.5911387
1856,2.151303785,76.75591069,74.60460691
1857,1.606042183,76.96776546,75.36172328
1858,1.488173819,76.15004316,74.66186934
1859,1.970913172,76.11318176,74.14226859
1860,1.410531203,76.25075423,74.84022303
1861,2.436561956,76.28921512,73.85265316
1862,2.663190616,76.87298959,74.20979897
1863,2.173303182,77.37104008,75.1977369
1864,2.618594178,76.49835508,73.8797609
1865,1.938140952,76.46452809,74.52638714
1866,2.352366776,77.33719005,74.98482327
1867,1.835720572,77.06374371,75.22802314
1868,3.566024432,77.3435076,73.77748317
1869,1.84780906,76.84234011,74.99453105
1870,1.220230913,75.55481523,74.33458431
1871,3.168715807,77.37483124,74.20611543
1872,2.473443106,76.08247028,73.60902717
1873,2.150055482,76.87764875,74.72759327
1874,2.105598466,76.44682519,74.34122673
1875,1.950215245,76.87323954,74.92302429
1876,1.557941443,77.90693557,76.34899413
1877,2.414200822,76.17734322,73.7631424
1878,1.045191103,75.97308719,74.92789608
1879,1.548740401,76.81053434,75.26179394
1880,2.685261026,76.16089873,73.4756377
1881,2.502148281,76.32753853,73.82539025
1882,2.435846964,77.57007654,75.13422957
1883,2.162759106,76.36043895,74.19767985
1884,0.9847753035,76.28781434,75.30303904
1885,1.251285161,76.64916175,75.39787659
1886,2.405580872,76.83960596,74.43402509
1887,2.445536308,76.84354773,74.39801142
1888,1.079011432,75.8750212,74.79600977
1889,2.34502459,76.30243204,73.95740745
1890,1.75423831,75.87069495,74.11645664
1891,0.946565164,77.13029914,76.18373397
1892,1.238994192,76.94776126,75.70876707
1893,2.88975939,76.64619184,73.75643245
1894,2.080830108,76.71989688,74.63906677
1895,2.895266222,76.69999061,73.80472439
1896,2.19640117,76.93145847,74.7350573
1897,1.196997063,76.64172189,75.44472483
1898,1.873683084,76.35587492,74.48219183
1899,1.473395952,76.0053812,74.53198525
1900,1.424393041,76.81197152,75.38757848
1901,2.749329653,77.71754864,74.96821899
1902,1.009429825,76.65282069,75.64339086
1903,3.015012347,77.12839968,74.11338733
1904,1.768712949,76.24714374,74.47843079
1905,1.962563104,76.65415716,74.69159406
1906,1.064735996,77.32387676,76.25914076
1907,1.914364848,76.2125828,74.29821796
1908,0.8902049222,76.80056881,75.91036389
1909,2.63577868,76.94344624,74.30766756
1910,1.182747987,76.24188745,75.05913946
1911,0.8117341552,75.22093926,74.4092051
1912,1.014875211,75.75117841,74.7363032
1913,1.226524055,76.01556735,74.7890433
1914,2.184550662,76.59093214,74.40638148
1915,2.163606435,75.55323931,73.38963288
1916,1.679695223,75.52428522,73.84459
1917,2.015325142,76.75433075,74.73900561
1918,1.145419231,76.01470156,74.86928233
1919,2.088346389,77.75730363,75.66895725
1920,2.407502395,77.14540651,74.73790411
1921,0.8874108923,76.03007626,75.14266537
1922,2.673029021,76.58702933,73.91400031
1923,2.276591109,76.87607692,74.59948581
1924,0.8498895419,76.26053883,75.41064929
1925,2.103136904,75.08253534,72.97939844
1926,2.101403576,76.36672353,74.26531996
1927,2.379470888,76.69670238,74.31723149
1928,1.438489093,76.95302271,75.51453361
1929,2.085195239,75.40427775,73.31908251
1930,2.630236671,77.09866173,74.46842506
1931,1.544271211,75.90451603,74.36024481
1932,1.539181616,76.44491512,74.90573351
1933,2.248287581,75.90926759,73.66098
1934,2.718483683,76.16141858,73.4429349
1935,1.143541875,77.31505715,76.17151527
1936,1.414779871,76.36557117,74.9507913
1937,1.910935083,77.97214115,76.06120607
1938,1.467378695,75.80855428,74.34117559
1939,1.804223279,76.99712138,75.19289811
1940,1.400666711,76.75313522,75.35246851
1941,1.580479216,76.44636237,74.86588315
1942,1.37705255,75.87834531,74.50129276
1943,1.90725562,77.90316284,75.99590722
1944,2.082645014,77.87144427,75.78879926
1945,1.980193999,77.36654799,75.38635399
1946,2.025992634,76.85940406,74.83341143
1947,2.526156962,75.8681993,73.34204234
1948,1.652481274,75.05547745,73.40299617
1949,2.739759507,76.40479986,73.66504036
1950,1.744955543,75.51090555,73.76595001
1951,1.017786825,77.01763,75.99984318
1952,2.54752333,76.37290739,73.82538406
1953,1.131279991,77.07423888,75.94295889
1954,1.609606837,76.3774665,74.76785966
1955,2.402734914,76.57546966,74.17273475
1956,1.686952693,75.59942218,73.91246949
1957,1.906191468,77.5976088,75.69141733
1958,1.702760655,76.15209648,74.44933583
1959,1.749457063,76.01490061,74.26544355
1960,1.247295694,77.41885923,76.17156353
1961,2.626294163,76.81073154,74.18443738
1962,0.4539056631,76.78341457,76.3295089
1963,1.896778567,75.73153173,73.83475317
1964,0.6430212764,76.65240389,76.00938261
1965,1.737628196,76.82222301,75.08459481
1966,2.157267322,75.98381411,73.82654679
1967,2.029955,77.3318887,75.3019337
1968,3.174921648,76.50453754,73.32961589
1969,1.643297076,76.36589784,74.72260076
1970,1.304460202,77.78622529,76.48176509
1971,1.741471066,77.32851417,75.5870431
1972,2.754697338,76.49582266,73.74112532
1973,2.273383928,76.5017263,74.22834237
1974,2.227017988,76.22099031,73.99397233
1975,2.232980554,77.28770087,75.05472032
1976,1.555929951,76.17073832,74.61480837
1977,1.550159463,76.29030606,74.7401466
1978,1.913535832,76.88524055,74.97170472
1979,1.05329496,76.38043651,75.32714155
1980,2.543935354,76.49191785,73.9479825
1981,0.529710711,75.66414903,75.13443832
1982,1.50185691,76.21927139,74.71741448
1983,1.617142178,76.43249709,74.81535491
1984,0.7887348694,76.9034613,76.11472643
1985,0.745064838,76.80844929,76.06338445
1986,3.116341473,77.72040508,74.60406361
1987,2.41061565,76.73239488,74.32177923
1988,1.472608362,78.18493417,76.71232581
1989,2.103913738,76.7263441,74.62243036
1990,1.903482624,77.17592478,75.27244216
1991,2.500160533,76.75316155,74.25300101
1992,2.656769859,77.59629394,74.93952408
1993,2.110988699,76.83291452,74.72192582
1994,1.647252912,77.20221401,75.5549611
1995,0.9779381207,77.01365855,76.03572043
1996,2.744493148,77.65085055,74.90635741
1997,2.120119159,77.31030908,75.19018993
1998,2.238812896,76.3596507,74.1208378
1999,2.603505478,75.41540446,72.81189898
2000,1.607861874,76.56125417,74.9533923
2001,2.723776603,76.51636527,73.79258867
2002,1.346307998,77.28799859,75.94169059
2003,2.248891199,76.19608891,73.94719772
2004,1.634215566,75.59464224,73.96042668
2005,2.300591876,76.63227978,74.3316879
2006,1.936999766,77.09798585,75.16098609
2007,1.474201966,76.007888,74.53368604
2008,2.767132661,76.17328903,73.40615637
2009,1.38774231,77.61365819,76.22591588
2010,1.338934194,77.48501962,76.14608542
2011,3.468713521,77.15700392,73.6882904
2012,1.788158434,76.69517334,74.90701491
2013,1.227346134,76.7740541,75.54670797
2014,2.606475136,77.08657115,74.48009601
2015,1.879319446,75.9895654,74.11024595
2016,2.867352487,77.25469407,74.38734159
2017,0.9530499083,76.72638677,75.77333686
2018,2.250690912,76.38309828,74.13240737
2019,1.926893087,76.7272759,74.80038281
2020,2.586672591,76.9112257,74.32455311
2021,1.317219727,76.64996763,75.3327479
2022,0.8216478253,77.86569386,77.04404604
2023,2.710086548,76.18860472,73.47851817
2024,2.286599386,77.29409431,75.00749492
2025,1.510479069,76.22991477,74.7194357
2026,1.882235542,76.61340495,74.73116941
2027,2.173689053,77.86007051,75.68638146
2028,2.581520349,76.18067805,73.5991577
2029,1.726672306,75.74688734,74.02021503
2030,2.399393358,77.03952262,74.64012926
2031,1.59927805,77.98272036,76.38344231
2032,1.607064455,75.60966186,74.00259741
2033,2.520148528,76.90567745,74.38552892
2034,2.20695678,77.38719405,75.18023727
2035,2.063462914,77.4482798,75.38481689
2036,1.648115106,77.40597338,75.75785827
2037,3.200287801,77.69098292,74.49069512
2038,2.878019922,77.80695622,74.92893629
2039,1.342115736,77.31385997,75.97174423
2040,1.112072424,75.29148378,74.17941135
2041,1.837196249,76.43370433,74.59650808
2042,1.72875831,76.33108147,74.60232316
2043,2.013516541,76.29707802,74.28356148
2044,2.345500008,76.75256774,74.40706773
2045,2.171527391,76.89712343,74.72559604
2046,2.5935,77.019784,74.426284
2047,2.224109949,76.25345947,74.02934952
2048,2.778680524,77.40160466,74.62292414
2049,2.71943817,76.13601165,73.41657348
2050,1.240227848,76.99240544,75.75217759
2051,2.766822367,76.88275017,74.11592781
2052,2.158298272,77.51468124,75.35638297
2053,2.175147499,76.96214436,74.78699686
2054,1.54218988,77.03221356,75.49002369
2055,0.9377689458,77.10546627,76.16769732
2056,2.584495525,77.90210816,75.31761264
2057,1.620986748,75.98960776,74.36862101
2058,1.627654485,77.31072967,75.68307518
2059,2.97166007,77.07732724,74.10566717
2060,2.059038252,75.61879134,73.55975309
2061,2.665222431,76.60908422,73.94386179
2062,2.009471719,76.9610186,74.95154688
2063,1.291615833,78.21338767,76.92177184
2064,2.382500987,76.08212488,73.69962389
2065,1.631983954,76.78110467,75.14912072
2066,3.119690988,77.97469263,74.85500165
2067,1.805441447,75.85739732,74.05195588
2068,1.810065577,76.09684947,74.2867839
2069,2.199821052,76.75073015,74.55090909
2070,2.541517059,76.55862685,74.0171098
2071,2.44138531,77.1503582,74.70897289
2072,3.388044167,76.9068553,73.51881114
2073,1.712455286,76.49882488,74.78636959
2074,2.423088871,77.31343823,74.89034935
2075,2.826151747,77.5188719,74.69272016
2076,1.775646207,76.73979355,74.96414735
2077,1.979285918,76.75830038,74.77901447
2078,2.271075417,76.54468634,74.27361093
2079,1.335501747,77.43781688,76.10231513
2080,3.044083268,77.84816396,74.80408069
2081,1.640979796,77.44060074,75.79962095
2082,2.419296158,76.60288846,74.18359231
2083,0.8213664869,76.8081591,75.98679261
2084,1.622788706,77.40323978,75.78045108
2085,2.812503343,77.30073708,74.48823374
2086,2.039615151,76.64214479,74.60252964
2087,1.976817611,76.03264934,74.05583173
2088,2.306008825,76.66503623,74.3590274
2089,2.545062706,76.25531558,73.71025287
2090,1.395473624,76.26490702,74.8694334
2091,1.233115056,75.87549953,74.64238448
2092,1.319284905,76.54823802,75.22895312
2093,2.950330282,78.29255379,75.3422235
2094,1.632226187,77.07856899,75.4463428
2095,1.786517116,76.42961626,74.64309915
2096,1.304634277,75.76908429,74.46445001
2097,1.411718372,76.66637069,75.25465232
2098,2.142747131,77.93035861,75.78761148
2099,2.667297068,77.32587087,74.6585738
2100,1.405957002,76.21579898,74.80984198
2101,1.978990967,77.27075336,75.29176239
2102,2.370919711,76.80884426,74.43792455
2103,2.368438614,76.6168497,74.24841108
2104,2.116309455,76.79538499,74.67907554
2105,2.694799267,76.61389186,73.9190926
2106,1.384581589,76.92455809,75.5399765
2107,1.471848564,76.68765166,75.2158031
2108,2.982309414,76.6171803,73.63487088
2109,2.345371635,76.32771335,73.98234172
2110,2.891086996,77.28749471,74.39640772
2111,1.920503484,75.72682848,73.806325
2112,1.537340656,76.83976399,75.30242333
2113,1.416145972,76.52076566,75.10461969
2114,1.732623981,76.40977499,74.67715101
2115,2.661687108,76.50258866,73.84090155
2116,1.673310077,77.4178712,75.74456112
2117,1.853251184,76.08203227,74.22878108
2118,2.479456791,76.02355337,73.54409658
2119,2.937825519,75.712649,72.77482348
2120,1.439539781,77.17672945,75.73718967
2121,2.2357067,76.25253456,74.01682786
2122,2.286021795,76.07947221,73.79345042
2123,0.8989511778,76.20114115,75.30218997
2124,1.181153183,76.94715284,75.76599966
2125,2.430861662,76.36765102,73.93678936
2126,1.253794312,78.1156044,76.86181008
2127,3.246142622,76.75710071,73.51095808
2128,2.238105204,75.65395165,73.41584644
2129,2.226322664,76.64764943,74.42132677
2130,2.587384088,76.79364108,74.20625699
2131,2.35035982,77.44959253,75.09923271
2132,1.68953808,76.32888655,74.63934847
2133,2.718706152,77.45635458,74.73764843
2134,2.174953436,75.6511088,73.47615537
2135,1.672061214,76.27358991,74.60152869
2136,1.893072005,76.40415579,74.51108379
2137,1.028215061,76.99948713,75.97127207
2138,2.227217238,75.96652892,73.73931168
2139,1.319261712,76.24098662,74.9217249
2140,0.8879579244,76.79918367,75.91122575
2141,1.369905707,76.95348787,75.58358216
2142,2.9222394,76.62389084,73.70165144
2143,1.346152766,76.86111006,75.5149573
2144,1.371770014,77.45448354,76.08271352
2145,0.5830864591,77.73478774,77.15170128
2146,2.8107396,77.57611758,74.76537798
2147,1.923189012,76.68124349,74.75805448
2148,3.29845023,76.30608346,73.00763323
2149,1.722413111,77.44813974,75.72572663
2150,2.644590881,77.18549415,74.54090327
2151,1.838398346,77.42939342,75.59099508
2152,1.878231766,77.60506165,75.72682988
2153,1.498370727,76.07257494,74.57420421
2154,1.444061735,76.96600872,75.52194699
2155,2.823077842,76.77067157,73.94759372
2156,2.640192866,76.62937158,73.98917872
2157,1.809826464,77.63363808,75.82381161
2158,1.488875821,77.99572145,76.50684563
2159,2.791981357,76.55771836,73.76573701
2160,1.996074187,76.6065428,74.61046861
2161,3.31617674,76.76818231,73.45200557
2162,1.615618788,76.48566033,74.87004154
2163,2.121990354,76.59891643,74.47692608
2164,1.788655789,76.22594617,74.43729039
2165,2.021662535,76.17280683,74.15114429
2166,0.973271649,76.22278643,75.24951478
2167,2.267628753,77.20272752,74.93509877
2168,2.60668044,76.09298058,73.48630014
2169,3.522386516,76.54479857,73.02241205
2170,0.7315818005,76.1568741,75.4252923
2171,1.744328199,77.61838629,75.87405809
2172,1.882919876,76.12641049,74.24349062
2173,1.815465833,77.33043897,75.51497314
2174,1.608937797,77.63346751,76.02452972
2175,0.7431334614,75.90021959,75.15708613
2176,1.929212925,76.55402551,74.62481259
2177,1.720928065,75.75095301,74.03002495
2178,1.506933311,76.36150457,74.85457126
2179,0.976781843,75.87788626,74.90110441
2180,1.361803038,77.67623436,76.31443132
2181,1.443727293,78.02096966,76.57724237
2182,1.577708813,76.54015049,74.96244168
2183,2.963115453,76.82826923,73.86515378
2184,1.656353037,77.95965078,76.30329774
2185,1.806766344,76.68766723,74.88090089
2186,2.299624524,78.21032854,75.91070402
2187,1.68565948,77.05803886,75.37237938
2188,1.574289647,75.82975295,74.25546331
2189,1.269410511,75.69413056,74.42472004
2190,1.426689248,76.18266922,74.75597997
2191,2.105809303,76.59654642,74.49073712
2192,2.866325228,77.38254288,74.51621766
2193,0.5174902561,76.76335766,76.24586741
2194,1.091365049,76.5660941,75.47472905
2195,2.921284424,77.02686006,74.10557564
2196,1.623885784,76.66650627,75.04262049
2197,1.391511762,75.8510334,74.45952164
2198,2.924439935,78.01723222,75.09279229
2199,2.378626194,76.69333494,74.31470874
2200,2.282103309,76.29806358,74.01596027
2201,1.51000708,77.12058992,75.61058284
2202,2.191279078,76.68101398,74.4897349
2203,2.937567217,76.99808143,74.06051421
2204,1.948096138,76.11933199,74.17123585
2205,1.085637683,76.3245938,75.23895612
2206,1.507448153,75.95821372,74.45076556
2207,2.34032167,76.45399864,74.11367697
2208,0.9339397794,76.25705339,75.32311361
2209,2.056204799,76.93906254,74.88285774
2210,2.423834041,77.17844927,74.75461523
2211,2.390704367,77.13132364,74.74061927
2212,1.906570264,75.7146712,73.80810094
2213,1.503677205,76.70430071,75.20062351
2214,1.628628603,76.00567135,74.37704275
2215,1.099875802,76.85453032,75.75465452
2216,2.405292752,77.7211504,75.31585765
2217,2.278302295,76.65215698,74.37385469
2218,2.186982686,75.98847346,73.80149077
2219,2.41955908,76.26155658,73.8419975
2220,1.913652508,77.01904778,75.10539527
2221,1.897687344,76.76493155,74.8672442
2222,0.7871492043,76.53685302,75.74970382
2223,2.266613118,77.35251526,75.08590214
2224,2.136467004,75.26965191,73.13318491
2225,1.610684287,76.55670671,74.94602243
2226,2.409427526,77.00518466,74.59575714
2227,0.5386848589,76.6035939,76.06490904
2228,0.3719226935,75.49995996,75.12803727
2229,1.165304357,76.25140765,75.08610329
2230,2.591794951,76.85663978,74.26484483
2231,2.099641637,76.56399248,74.46435084
2232,1.145588081,76.41614021,75.27055213
2233,2.268407897,77.76569738,75.49728948
2234,1.87060708,76.08649934,74.21589226
2235,2.267576466,77.40319254,75.13561608
2236,1.365853268,76.48888017,75.1230269
2237,2.379567857,76.71473193,74.33516408
2238,1.440245555,76.53125068,75.09100513
2239,2.320553318,75.82679009,73.50623677
2240,1.927423033,77.80181556,75.87439252
2241,3.18163707,76.97448487,73.7928478
2242,1.71990423,75.63389487,73.91399064
2243,2.231375594,75.74540122,73.51402562
2244,1.953643521,77.7219173,75.76827378
2245,0.9852545649,76.98089512,75.99564056
2246,2.36699975,77.37567584,75.00867609
2247,1.694176368,76.0877379,74.39356153
2248,1.766436295,77.67468644,75.90825015
2249,2.714451429,76.73942522,74.02497379
2250,1.188614598,77.57116997,76.38255537
2251,2.262131414,76.88509666,74.62296525
2252,1.869620048,76.37878391,74.50916386
2253,1.644611559,76.58947125,74.94485969
2254,2.05421081,76.45556674,74.40135593
2255,3.258949332,77.1831043,73.92415497
2256,2.672105584,76.05390133,73.38179574
2257,1.531740877,76.63200769,75.10026682
2258,1.504319342,76.39462523,74.89030589
2259,1.615409307,75.34269827,73.72728897
2260,1.45114909,76.46935722,75.01820813
2261,1.780350498,76.44019078,74.65984028
2262,1.312202074,75.27525887,73.9630568
2263,1.872514949,75.97047992,74.09796497
2264,3.359401967,76.88049445,73.52109248
2265,2.644250434,76.61263124,73.96838081
2266,1.280236515,76.30383025,75.02359374
2267,0.8953524937,75.59831481,74.70296231
2268,0.9989263709,76.859813,75.86088663
2269,1.102546094,76.73046592,75.62791982
2270,2.536249384,76.19628394,73.66003456
2271,2.031678005,75.81294556,73.78126756
2272,1.733384804,75.85069982,74.11731502
2273,1.691207309,75.93859503,74.24738772
2274,2.309966832,76.67321763,74.3632508
2275,2.259070498,76.55310149,74.294031
2276,2.185204723,77.2747136,75.08950887
2277,2.868838953,76.1326268,73.26378785
2278,2.470930057,77.78144726,75.3105172
2279,1.470083886,77.16193254,75.69184866
2280,1.495565562,76.64472001,75.14915445
2281,2.44788762,77.21129913,74.76341151
2282,3.131660764,76.02891322,72.89725246
2283,2.082664094,76.72950033,74.64683624
2284,2.337984092,76.699595,74.36161091
2285,2.256826307,77.09336662,74.83654031
2286,2.576250191,76.92394393,74.34769374
2287,3.518937084,77.38313459,73.86419751
2288,1.465889708,76.36598605,74.90009634
2289,0.8267614111,76.89781941,76.071058
2290,1.514911079,76.41021576,74.89530468
2291,2.575889026,76.68505844,74.10916941
2292,2.411292185,77.40778873,74.99649655
2293,1.771796748,76.6332008,74.86140405
2294,2.393243424,76.57210524,74.17886182
2295,2.764228861,78.31137553,75.54714667
2296,1.325586663,76.38835595,75.06276929
2297,2.889658549,76.34995041,73.46029186
2298,1.480863102,75.87308727,74.39222417
2299,1.928751182,76.57345055,74.64469936
2300,2.346224566,77.03168863,74.68546406
2301,2.046906312,77.73627041,75.6893641
2302,2.604947448,77.16005033,74.55510288
2303,2.712427071,76.33042884,73.61800176
2304,1.46490294,75.67081121,74.20590827
2305,1.369307119,76.96273959,75.59343247
2306,2.339213094,76.63454506,74.29533197
2307,0.6110049698,76.63905376,76.02804879
2308,1.51594881,77.42949543,75.91354662
2309,1.166060016,77.06626559,75.90020557
2310,2.173924699,76.83967353,74.66574883
2311,1.989913485,76.31770395,74.32779047
2312,3.87841623,76.8257766,72.94736037
2313,2.372104919,76.5888605,74.21675558
2314,2.715125681,76.56979461,73.85466893
2315,2.070561639,75.86801107,73.79744943
2316,0.9300382278,77.97645029,77.04641207
2317,2.172029721,75.99171705,73.81968733
2318,2.765021557,77.71279134,74.94776978
2319,1.274524806,76.54674575,75.27222095
2320,1.067325513,77.23188512,76.16455961
2321,2.766403337,77.36075885,74.59435552
2322,1.91249042,77.69429806,75.78180764
2323,2.157416045,76.27371863,74.11630258
2324,2.037069545,75.54191361,73.50484406
2325,2.607322755,76.05015249,73.44282973
2326,3.31832554,77.45885272,74.14052718
2327,2.899274528,76.48205131,73.58277678
2328,2.214686144,77.35834778,75.14366164
2329,2.781681608,75.50492291,72.7232413
2330,3.549617778,77.23359224,73.68397447
2331,2.154626494,76.92319487,74.76856838
2332,1.968163574,76.9674011,74.99923753
2333,2.994166524,77.07584522,74.0816787
2334,1.957909429,76.81546461,74.85755518
2335,3.456456891,76.4811383,73.02468141
2336,2.155655594,77.18606846,75.03041287
2337,1.109924916,75.83882658,74.72890167
2338,1.693896486,76.00585411,74.31195762
2339,1.777088624,76.81051016,75.03342154
2340,2.762173637,76.79973939,74.03756576
2341,2.645605598,76.85735872,74.21175312
2342,1.584565509,75.8919676,74.30740209
2343,2.721259172,77.62661385,74.90535468
2344,1.029760704,77.11246533,76.08270463
2345,2.55766282,75.64286862,73.0852058
2346,2.359262953,76.24553535,73.8862724
2347,2.398851446,75.93687669,73.53802524
2348,1.793202802,77.81357853,76.02037573
2349,2.037701908,77.17826142,75.14055951
2350,2.928717159,77.08063729,74.15192014
2351,2.583467775,76.32551026,73.74204248
2352,1.263118581,76.73893386,75.47581528
2353,1.648538554,75.60037393,73.95183538
2354,2.711919759,75.82397248,73.11205272
2355,2.372684949,77.30701059,74.93432564
2356,2.353370021,76.57817276,74.22480274
2357,2.055033576,76.80068975,74.74565618
2358,1.436682934,76.30303536,74.86635242
2359,2.380893996,76.77860539,74.39771139
2360,0.7948366771,76.2624758,75.46763912
2361,1.14052795,76.72304589,75.58251794
2362,2.625084113,76.60345873,73.97837461
2363,1.551219153,76.17063052,74.61941136
2364,2.045047022,76.28782188,74.24277486
2365,2.625666118,77.42431427,74.79864815
2366,2.139924501,76.89152372,74.75159922
2367,1.229178674,77.00498959,75.77581091
2368,2.706821884,77.7810179,75.07419602
2369,2.06243439,77.56661773,75.50418334
2370,2.200118786,76.0258278,73.82570902
2371,2.031997733,76.93943122,74.90743349
2372,2.087393682,75.89942328,73.8120296
2373,2.184651864,76.89402801,74.70937615
2374,1.432107418,76.6414109,75.20930349
2375,3.01281958,76.26371091,73.25089133
2376,0.9775605675,76.1040767,75.12651613
2377,2.240176424,77.08779083,74.84761441
2378,1.241330281,76.6481131,75.40678282
2379,2.464796822,76.23264033,73.76784351
2380,2.07665762,76.70657449,74.62991687
2381,1.401713736,76.4511142,75.04940046
2382,2.236003034,76.49663169,74.26062866
2383,2.322177442,76.49221991,74.17004247
2384,0.9902093924,76.67020959,75.6800002
2385,2.244555116,77.02574792,74.78119281
2386,0.988094827,77.0837422,76.09564737
2387,1.708156469,77.02410079,75.31594433
2388,3.284438826,76.7486041,73.46416527
2389,2.280291534,76.62540131,74.34510977
2390,1.225667099,76.20119198,74.97552488
2391,2.799309197,76.11791455,73.31860536
2392,1.52380274,76.79733511,75.27353237
2393,0.7519270718,75.56087419,74.80894712
2394,2.021402436,76.98566879,74.96426635
2395,2.384506805,77.26808046,74.88357366
2396,2.124334142,77.34597969,75.22164555
2397,1.762739334,77.46412431,75.70138498
2398,2.082853127,76.72830126,74.64544813
2399,2.530982914,76.85481116,74.32382825
2400,2.22848837,77.97131642,75.74282805
2401,2.484111359,76.83553883,74.35142747
2402,2.94669178,76.27008986,73.32339808
2403,0.7278262427,75.85116326,75.12333702
2404,2.327186048,75.95066475,73.6234787
2405,1.63905876,78.27207357,76.63301481
2406,2.271978846,76.41364724,74.14166839
2407,2.052418705,76.96523,74.9128113
2408,1.620918819,75.66169342,74.0407746
2409,2.123527373,75.53739238,73.41386501
2410,2.032455804,77.28710912,75.25465331
2411,1.833741518,75.37243527,73.53869375
2412,2.066063201,76.24517194,74.17910874
2413,0.9846546437,77.55803573,76.57338108
2414,1.986299452,77.17958005,75.1932806
2415,3.459409106,78.03913286,74.57972375
2416,2.746212033,76.75707169,74.01085966
2417,2.010945239,76.37223874,74.3612935
2418,1.333920015,77.01531097,75.68139095
2419,1.598720458,76.01426948,74.41554903
2420,1.052936335,77.18070189,76.12776556
2421,2.897001673,78.02084301,75.12384133
2422,1.710953372,76.22244263,74.51148926
2423,2.423130464,76.12603851,73.70290805
2424,2.261638538,76.0596251,73.79798656
2425,0.9268309535,76.86627355,75.93944259
2426,2.892452925,76.93386622,74.04141329
2427,2.061070818,76.23201281,74.17094199
2428,1.194864925,77.24873453,76.05386961
2429,2.048074994,76.68045627,74.63238127
2430,2.848796394,76.92875463,74.07995824
2431,1.855393535,76.75939227,74.90399873
2432,1.376545441,76.78634328,75.40979784
2433,1.792657518,76.2365823,74.44392478
2434,2.715481503,75.97743164,73.26195013
2435,2.229534986,76.63876654,74.40923155
2436,1.524068251,77.17831401,75.65424576
2437,1.458735683,75.58215004,74.12341436
2438,1.598073148,76.45892216,74.86084901
2439,2.267483919,77.2335381,74.96605418
2440,2.045732587,75.24347943,73.19774684
2441,1.227623442,76.50182595,75.27420251
2442,2.951303049,77.60626522,74.65496217
2443,1.733870868,77.77142168,76.03755081
2444,2.460623872,77.86631315,75.40568927
2445,1.593550242,76.35203878,74.75848854
2446,2.1942072,78.27928047,76.08507327
2447,2.264915839,77.18925671,74.92434087
2448,1.049608503,76.86822814,75.81861963
2449,1.819727137,75.89035207,74.07062494
2450,1.812595949,76.47670353,74.66410758
2451,3.133018308,77.77538342,74.64236511
2452,2.290342327,76.35267639,74.06233406
2453,1.228145528,76.15614591,74.92800038
2454,2.376823148,75.73500731,73.35818417
2455,0.8170836752,75.6208864,74.80380273
2456,1.91432377,75.99868412,74.08436035
2457,1.481826374,77.4167941,75.93496773
2458,1.256092377,75.64458358,74.38849121
2459,2.369665031,76.98050177,74.61083674
2460,2.615370357,77.20506207,74.58969171
2461,2.910303003,76.60461014,73.69430713
2462,1.86427814,77.43570867,75.57143053
2463,1.380047566,76.26798317,74.88793561
2464,0.9081529725,76.53406745,75.62591448
2465,2.17915205,75.75465935,73.5755073
2466,2.382062019,77.05154384,74.66948183
2467,2.824722274,77.4413882,74.61666592
2468,2.265143038,77.00805042,74.74290738
2469,2.179004009,77.59223582,75.41323181
2470,1.875937975,77.47955632,75.60361835
2471,2.011733466,75.82481096,73.81307749
2472,1.781616113,77.27846137,75.49684526
2473,1.820287759,76.76521599,74.94492823
2474,2.475263027,77.43746241,74.96219939
2475,2.566342265,77.03871766,74.4723754
2476,2.374605812,76.68779168,74.31318586
2477,1.662073842,75.84468884,74.182615
2478,2.953454144,77.09202454,74.1385704
2479,1.827644437,75.47632549,73.64868105
2480,1.461721097,76.3906503,74.9289292
2481,1.973601954,77.08997881,75.11637685
2482,1.985230854,77.40363747,75.41840661
2483,1.704572179,77.03346924,75.32889706
2484,1.404662803,76.30929692,74.90463412
2485,1.820287011,76.01467549,74.19438848
2486,1.782321405,77.95755212,76.17523072
2487,2.522098279,76.44223571,73.92013743
2488,2.161142643,77.35366571,75.19252307
2489,1.70006301,76.75497412,75.05491111
2490,2.433081027,76.97493805,74.54185702
2491,2.785000716,77.15454036,74.36953965
2492,2.736164045,77.69218733,74.95602329
2493,2.245173421,76.07399952,73.8288261
2494,2.780485419,77.57479968,74.79431426
2495,3.056032767,77.05279905,73.99676628
2496,1.862473783,77.46515347,75.60267969
2497,1.284921647,76.32213617,75.03721453
2498,2.957614253,78.039114,75.08149975
2499,2.361408244,76.31313926,73.95173102
2500,3.093588724,76.37722651,73.28363778
2501,1.121419024,77.66435977,76.54294075
2502,1.871945682,75.84586623,73.97392055
2503,1.832546592,76.60047616,74.76792957
2504,3.122093653,77.55631992,74.43422627
2505,3.000329808,76.91194116,73.91161135
2506,1.882485326,76.34361456,74.46112923
2507,2.225798785,77.36431419,75.13851541
2508,2.094398919,76.2617806,74.16738168
2509,2.158536401,77.00281182,74.84427542
2510,3.208691161,75.75324588,72.54455472
2511,1.70234678,76.88688682,75.18454004
2512,3.430541927,77.55115557,74.12061365
2513,3.198339558,76.90032836,73.70198881
2514,1.238373179,77.53146474,76.29309156
2515,2.662538088,76.49239653,73.82985844
2516,0.5984913588,76.46343541,75.86494405
2517,1.713083225,75.83933925,74.12625602
2518,1.599859278,76.35145032,74.75159105
2519,3.065188819,77.32208566,74.25689684
2520,2.53995512,75.98756887,73.44761375
2521,3.49375155,76.67969374,73.18594219
2522,1.540023447,76.27771339,74.73768994
2523,2.788592474,77.83545772,75.04686524
2524,0.7499017717,76.73858832,75.98868654
2525,2.270923866,76.84173258,74.57080871
2526,2.542954927,77.23134185,74.68838692
2527,1.735766284,76.63062042,74.89485414
2528,1.34476318,76.45263807,75.10787489
2529,2.749017415,77.5495807,74.80056329
2530,1.941065948,76.32081507,74.37974913
2531,1.2452461,76.48839953,75.24315343
2532,1.416225325,77.57307444,76.15684912
2533,1.144894635,76.74687456,75.60197993
2534,2.210176175,75.51368737,73.30351119
2535,2.780975766,77.36414781,74.58317205
2536,2.663028368,76.55224893,73.88922056
2537,2.064467105,76.88414608,74.81967898
2538,2.772676841,76.93919465,74.16651781
2539,1.156536755,76.47536252,75.31882577
2540,2.007708532,77.1258606,75.11815207
2541,1.055940116,75.55619276,74.50025265
2542,2.533194781,77.59468516,75.06149038
2543,1.205521231,76.98518171,75.77966048
2544,2.052908116,76.12022183,74.06731372
2545,1.137727358,76.68249214,75.54476478
2546,2.783637631,77.2320733,74.44843567
2547,2.366227937,77.83948579,75.47325785
2548,1.542730917,76.79797476,75.25524385
2549,2.263763247,76.64261246,74.37884921
2550,1.674188986,77.76591223,76.09172324
2551,1.419647944,76.22596445,74.80631651
2552,1.328161309,75.75790783,74.42974652
2553,1.051405539,76.55878728,75.50738174
2554,1.231461702,76.2931069,75.06164519
2555,2.207233401,76.99235635,74.78512295
2556,1.93605045,76.88913575,74.9530853
2557,2.355408471,77.24788223,74.89247376
2558,2.090571206,76.43669318,74.34612198
2559,1.963100405,77.18393447,75.22083407
2560,1.901659141,76.97390475,75.07224561
2561,1.54386847,77.74267628,76.19880781
2562,1.784225419,75.79154107,74.00731565
2563,1.645900353,76.89038734,75.24448699
2564,2.700706851,77.28763676,74.58692991
2565,2.259493157,75.23410456,72.97461141
2566,1.602212322,76.38848765,74.78627532
2567,2.671288356,77.11603292,74.44474456
2568,1.814621692,76.34513739,74.53051569
2569,3.71114853,76.93331738,73.22216885
2570,2.273980743,75.77522293,73.50124219
2571,2.964989653,75.83353422,72.86854456
2572,2.585537548,76.53819443,73.95265688
2573,1.600465495,76.36786272,74.76739722
2574,2.81604817,76.38551025,73.56946208
2575,2.315622524,76.68283099,74.36720846
2576,1.003513917,75.89799841,74.89448449
2577,1.988349226,76.95768945,74.96934023
2578,2.400520605,76.36273974,73.96221913
2579,2.322553937,76.01123538,73.68868144
2580,0.9202064247,75.1302556,74.21004917
2581,1.115987973,77.23099336,76.11500539
2582,2.250791112,77.58987977,75.33908866
2583,2.038882234,77.16300083,75.12411859
2584,2.151296952,76.21051236,74.05921541
2585,2.454531969,76.73182239,74.27729042
2586,1.969222782,76.35125827,74.38203548
2587,3.251744838,77.61751927,74.36577443
2588,1.832268469,77.64184918,75.80958071
2589,2.469379417,76.47117982,74.0018004
2590,1.491174954,77.49463335,76.00345839
2591,2.368708494,77.88350793,75.51479944
2592,2.286977915,76.98682314,74.69984522
2593,2.957470416,76.91468653,73.95721612
2594,0.7832288936,75.88060442,75.09737553
2595,2.720542839,76.46000174,73.7394589
2596,2.144562945,77.81941413,75.67485119
2597,2.178469451,77.59272491,75.41425546
2598,1.710809975,75.91690116,74.20609118
2599,2.716471942,75.36761064,72.6511387
2600,2.285652173,76.21139973,73.92574755
2601,2.290164657,75.89128435,73.60111969
2602,2.636967916,76.71906746,74.08209954
2603,1.783338297,76.02887027,74.24553198
2604,2.101902633,78.3452133,76.24331067
2605,1.016108639,76.42853026,75.41242162
2606,2.871208364,76.69847289,73.82726453
2607,2.252910368,77.50603484,75.25312448
2608,0.6008249249,76.38183476,75.78100983
2609,2.532389372,77.0109085,74.47851913
2610,3.030957406,76.56760279,73.53664538
2611,1.653534391,77.85492507,76.20139068
2612,2.043847722,76.35484679,74.31099907
2613,2.088383775,77.64041838,75.55203461
2614,2.013995538,76.8906517,74.87665616
2615,2.84758133,76.04535176,73.19777043
2616,1.56302023,76.24098016,74.67795993
2617,1.397278456,77.83412229,76.43684384
2618,2.733296296,77.0937398,74.3604435
2619,0.7130713866,76.74246491,76.02939352
2620,1.440371532,76.94749459,75.50712306
2621,1.722141972,75.23074008,73.50859811
2622,2.07246057,77.86591595,75.79345538
2623,1.990166443,77.47990225,75.48973581
2624,2.810563132,76.34019749,73.52963436
2625,2.702748404,78.12539521,75.4226468
2626,3.276651608,76.84756074,73.57090914
2627,2.463908813,76.90308908,74.43918026
2628,1.506768123,76.53164024,75.02487212
2629,2.705140574,76.66789107,73.96275049
2630,1.149891986,76.85156491,75.70167292
2631,0.746580345,76.68483106,75.93825072
2632,1.087862851,76.68224702,75.59438417
2633,2.04793677,76.57440799,74.52647122
2634,2.466704504,76.84948258,74.38277807
2635,2.914460496,76.04979067,73.13533017
2636,0.987851059,76.60795019,75.62009914
2637,2.590438972,77.49380331,74.90336434
2638,2.040385599,76.6434501,74.6030645
2639,2.610940393,77.41641117,74.80547078
2640,1.537865519,78.28276743,76.74490191
2641,2.857546114,78.17866447,75.32111835
2642,0.927538036,77.07787004,76.150332
2643,1.699105968,76.27799946,74.57889349
2644,1.977161449,78.29337984,76.31621839
2645,1.092035043,77.63077478,76.53873974
2646,3.281432804,76.76627737,73.48484456
2647,1.999997859,76.07940987,74.07941201
2648,2.641099948,77.74080074,75.09970079
2649,0.9624820889,76.58119746,75.61871538
2650,1.534313076,77.5839382,76.04962512
2651,2.593189924,76.31650539,73.72331547
2652,1.96042113,76.48338729,74.52296616
2653,2.566291874,75.71911568,73.15282381
2654,2.156067924,76.02928027,73.87321235
2655,1.578435547,77.99321819,76.41478264
2656,2.391932062,77.19550682,74.80357476
2657,1.378007056,76.74316782,75.36516076
2658,1.012697232,76.76235933,75.7496621
2659,2.472085822,75.88877347,73.41668765
2660,2.387361918,77.3485215,74.96115958
2661,3.021719071,77.26122157,74.2395025
2662,1.8919106,76.90008781,75.00817721
2663,1.667757888,77.44651656,75.77875867
2664,1.097213384,76.52400312,75.42678974
2665,2.272650132,76.74413821,74.47148808
2666,0.9723288531,76.76477543,75.79244658
2667,0.9730709601,77.16838822,76.19531726
2668,2.918614571,77.44890879,74.53029421
2669,2.14410456,76.25345048,74.10934592
2670,0.953808482,77.22621384,76.27240536
2671,1.403383874,76.33760185,74.93421797
2672,1.985640879,76.25981209,74.27417121
2673,2.200109935,76.26100385,74.06089392
2674,1.245691066,76.39022157,75.14453051
2675,1.805678696,76.53833321,74.73265451
2676,1.969579697,77.18107184,75.21149214
2677,2.500027539,77.43162029,74.93159275
2678,2.310250519,77.55895204,75.24870152
2679,1.594972711,76.34995357,74.75498086
2680,1.862280938,76.6780021,74.81572116
2681,0.9627722762,77.81717581,76.85440353
2682,2.520107997,75.53840779,73.0182998
2683,2.387200763,76.18459241,73.79739165
2684,2.317521088,77.00928898,74.69176789
2685,2.787964459,77.74217048,74.95420602
2686,2.128414441,76.26275341,74.13433897
2687,1.0007203,76.26329005,75.26256975
2688,2.682466162,77.50366613,74.82119997
2689,1.056397411,76.29514125,75.23874384
2690,1.369063252,76.72514494,75.35608169
2691,2.712486864,76.92014108,74.20765421
2692,2.406145503,77.1582383,74.75209279
2693,0.8698110819,76.26483231,75.39502123
2694,1.982547021,77.06789018,75.08534316
2695,1.830092096,78.6058557,76.7757636
2696,2.060267833,76.12788488,74.06761704
2697,1.782643776,76.36518973,74.58254595
2698,2.345250375,75.70244993,73.35719956
2699,2.816362929,77.0331247,74.21676177
2700,2.157348869,76.30563515,74.14828629
2701,1.742989771,76.38583146,74.64284169
2702,1.67638989,76.34857492,74.67218503
2703,1.72413257,76.55281145,74.82867888
2704,2.229126546,77.19605078,74.96692423
2705,1.280603466,75.47676017,74.19615671
2706,1.796833777,78.45103826,76.65420449
2707,2.044722619,76.51372296,74.46900034
2708,0.8188688672,76.56943186,75.75056299
2709,2.082618795,76.67484348,74.59222469
2710,1.451957391,77.51442262,76.06246523
2711,2.570643119,77.03071093,74.46006781
2712,2.091920686,75.88066592,73.78874523
2713,1.605534552,77.44331288,75.83777833
2714,2.834904041,76.11719525,73.28229121
2715,2.549521796,77.59754238,75.04802058
2716,2.41729983,76.7968271,74.37952727
2717,1.414248327,76.43742559,75.02317726
2718,1.639995981,76.50508103,74.86508505
2719,2.640013784,77.02352927,74.38351549
2720,2.277104303,75.93438799,73.65728369
2721,1.311259259,75.78865472,74.47739546
2722,2.616550356,75.97708732,73.36053697
2723,1.84171831,76.95435544,75.11263713
2724,1.772008767,76.45922954,74.68722077
2725,1.553185128,77.39508214,75.84189701
2726,2.626716555,76.01768932,73.39097276
2727,2.669590793,77.41161369,74.7420229
2728,2.914516717,76.6309254,73.71640869
2729,3.144628491,77.16987276,74.02524427
2730,0.5826111213,76.27729253,75.69468141
2731,0.7374847405,76.28441372,75.54692898
2732,1.480318149,76.27300685,74.79268871
2733,2.412072111,76.94340181,74.5313297
2734,1.032258891,76.63142073,75.59916184
2735,1.858728348,76.37119508,74.51246673
2736,2.260072724,77.09563871,74.83556599
2737,2.353853221,76.40830468,74.05445146
2738,2.502691386,75.69184698,73.18915559
2739,1.05061634,77.69058202,76.63996568
2740,1.897620077,77.23774456,75.34012448
2741,2.849199378,77.46135924,74.61215986
2742,2.03441222,76.82444433,74.79003211
2743,2.474695162,75.62925303,73.15455787
2744,2.584467962,77.52807575,74.94360779
2745,1.484725592,76.4113277,74.92660211
2746,1.882630278,77.19486978,75.3122395
2747,1.898182241,77.22857484,75.3303926
2748,2.503320382,77.81738756,75.31406718
2749,1.876607515,76.91752061,75.04091309
2750,0.3076886155,76.98336504,76.67567643
2751,2.279934362,76.51915555,74.23922119
2752,2.813830796,77.77345198,74.95962119
2753,2.55765291,76.95440138,74.39674847
2754,2.076529666,77.83617266,75.75964299
2755,1.978633655,76.9762944,74.99766074
2756,1.65018016,76.34080073,74.69062057
2757,1.951989784,75.85430187,73.90231209
2758,1.522109492,76.71565133,75.19354184
2759,0.9006455072,76.03270593,75.13206043
2760,1.409385413,76.96118883,75.55180342
2761,2.506555851,76.36904787,73.86249202
2762,2.619888816,76.64699372,74.02710491
2763,2.167190153,77.04528059,74.87809044
2764,2.140948386,78.19467363,76.05372525
2765,2.542205259,76.61909691,74.07689165
2766,1.191243158,76.93510607,75.74386291
2767,0.6439385181,77.26088851,76.61694999
2768,2.274183015,76.47613691,74.2019539
2769,2.022125024,78.71719961,76.69507459
2770,2.383908732,76.9576652,74.57375647
2771,2.479960696,77.00302054,74.52305984
2772,2.098410016,76.12226186,74.02385185
2773,1.942719623,76.85127833,74.90855871
2774,1.643417645,77.18058103,75.53716338
2775,1.689748375,76.9827372,75.29298882
2776,1.812805124,76.24919725,74.43639213
2777,2.732600707,76.84755169,74.11495099
2778,1.019648358,77.97896059,76.95931224
2779,2.953361094,76.47949591,73.52613481
2780,2.350434426,75.3722564,73.02182198
2781,0.9212566004,76.10761581,75.18635921
2782,2.605971776,77.44477965,74.83880788
2783,2.103744217,76.86574818,74.76200396
2784,1.813153956,75.16692344,73.35376948
2785,1.99988353,76.24765669,74.24777316
2786,1.489588467,77.34515404,75.85556557
2787,2.873663078,78.11471292,75.24104985
2788,1.529038191,76.84982742,75.32078923
2789,0.9514834016,75.80211835,74.85063495
2790,1.038821823,76.545798,75.50697618
2791,0.615246822,77.50536925,76.89012243
2792,1.399479481,76.30633569,74.90685621
2793,0.9150132151,76.71930519,75.80429198
2794,2.06520593,77.13847817,75.07327224
2795,2.153255051,76.76928107,74.61602602
2796,2.166962872,76.35413883,74.18717595
2797,0.9386534554,76.49024762,75.55159416
2798,1.530687429,77.05875072,75.52806329
2799,1.704588364,77.45559478,75.75100642
2800,1.909043319,76.34603304,74.43698972
2801,1.379806707,76.80159654,75.42178983
2802,1.56975673,77.6737947,76.10403797
2803,2.386518009,75.89979655,73.51327854
2804,2.008794152,76.88954972,74.88075557
2805,1.908553634,77.39490655,75.48635292
2806,1.058087922,76.43668643,75.37859851
2807,2.517820075,76.58011028,74.06229021
2808,2.653981813,76.48054799,73.82656617
2809,1.678713796,77.63667526,75.95796146
2810,1.212983679,76.81604615,75.60306247
2811,2.047274299,76.85748008,74.81020578
2812,2.404633223,76.20115057,73.79651734
2813,2.180225653,78.09201151,75.91178586
2814,1.126416539,77.5709185,76.44450197
2815,1.420267749,76.9786153,75.55834755
2816,1.723149181,76.45564329,74.73249411
2817,1.674195282,77.97026824,76.29607296
2818,2.302410897,77.52532301,75.22291211
2819,1.395237252,75.99808181,74.60284455
2820,1.635130586,76.90749019,75.2723596
2821,1.572666049,77.02226681,75.44960077
2822,2.921185468,77.76466634,74.84348088
2823,1.179976934,76.22942216,75.04944523
2824,2.492177735,75.44596002,72.95378229
2825,1.128726052,76.62773793,75.49901188
2826,1.273899583,77.19398937,75.92008979
2827,2.04948241,76.01331003,73.96382762
2828,1.003697147,75.23915782,74.23546067
2829,1.508967687,77.57605917,76.06709148
2830,2.438748562,76.53384593,74.09509737
2831,3.089746844,78.16830352,75.07855668
2832,2.812581841,77.18079415,74.36821231
2833,0.9733833161,76.58844329,75.61505997
2834,1.819893036,76.38086326,74.56097023
2835,1.077096413,75.54686579,74.46976938
2836,1.710380058,77.35946042,75.64908037
2837,2.132935154,76.29229881,74.15936366
2838,1.650895978,76.61330184,74.96240586
2839,2.46148999,76.82455398,74.36306399
2840,1.57797251,76.04343169,74.46545918
2841,2.179818473,75.8533923,73.67357383
2842,1.535940641,76.37041512,74.83447448
2843,1.421185048,75.79949498,74.37830993
2844,2.017770719,76.42075893,74.40298821
2845,1.297222714,75.94321712,74.6459944
2846,2.482926618,77.40692267,74.92399606
2847,3.218344134,77.74192314,74.52357901
2848,1.988473784,76.64868082,74.66020704
2849,2.840041913,76.68972458,73.84968267
2850,1.560713442,75.3095522,73.74883875
2851,2.4347726,75.42417298,72.98940038
2852,1.597581484,75.96282692,74.36524544
2853,2.194646698,75.48830559,73.29365889
2854,2.316719557,77.03906819,74.72234864
2855,1.783584092,77.43809379,75.6545097
2856,2.613494142,77.43055537,74.81706123
2857,0.7008551256,76.15871949,75.45786436
2858,2.394966187,77.86395792,75.46899174
2859,1.726740137,77.02001292,75.29327279
2860,2.27562435,76.22275858,73.94713423
2861,1.736942591,77.38101923,75.64407664
2862,1.067477104,75.99777614,74.93029903
2863,1.97626819,77.70323028,75.72696209
2864,2.51034114,76.19347231,73.68313117
2865,2.07696479,76.63637562,74.55941083
2866,2.570864491,75.91667388,73.34580939
2867,2.604166114,76.05267347,73.44850736
2868,1.236855318,75.58845186,74.35159655
2869,2.709519809,78.19360045,75.48408064
2870,2.024597125,75.89113012,73.866533
2871,2.32819787,76.62333108,74.29513321
2872,2.983388204,76.15881632,73.17542812
2873,2.48035796,77.83931567,75.35895771
2874,1.570279589,77.47041577,75.90013618
2875,1.92316684,76.87970016,74.95653332
2876,2.275694677,76.06105404,73.78535936
2877,1.634892251,75.17877196,73.54387971
2878,1.09637315,76.66519565,75.56882251
2879,1.185662994,76.04298061,74.85731761
2880,2.364654496,77.41465568,75.05000118
2881,1.837051363,76.11919727,74.28214591
2882,2.586072432,76.80614175,74.22006932
2883,2.313542175,76.01876245,73.70522027
2884,2.700013008,77.22474826,74.52473525
2885,1.142049726,76.27506411,75.13301439
2886,2.631762736,76.53675136,73.90498862
2887,1.645281173,76.4683504,74.82306923
2888,1.490168422,75.61103327,74.12086485
2889,2.693236819,75.97108541,73.27784859
2890,1.049969546,76.78413499,75.73416545
2891,1.920623674,77.54624706,75.62562338
2892,3.275007058,77.38030399,74.10529693
2893,1.496680107,76.24095604,74.74427593
2894,1.274246802,77.06023606,75.78598926
2895,2.31695714,75.85318011,73.53622297
2896,2.077102621,76.79933908,74.72223646
2897,1.691351596,76.18052004,74.48916844
2898,1.346777384,76.31326426,74.96648688
2899,2.664519628,76.23230814,73.56778852
2900,1.449684576,77.91398296,76.46429838
2901,2.041175434,76.72370677,74.68253134
2902,2.10929276,77.70725405,75.59796129
2903,2.348320952,76.67370757,74.32538662
2904,1.942719303,76.38840474,74.44568544
2905,0.8638058395,76.12315332,75.25934748
2906,1.890277231,77.33170653,75.4414293
2907,2.333070078,76.01862846,73.68555839
2908,2.015782793,76.6715145,74.6557317
2909,2.225252069,76.10275734,73.87750527
2910,1.89917781,76.0442444,74.14506659
2911,1.39580727,76.03040714,74.63459987
2912,2.580002092,77.4648898,74.8848877
2913,2.458306912,76.33139893,73.87309202
2914,2.189602819,77.32974594,75.14014312
2915,2.54728419,76.12274917,73.57546498
2916,1.325365457,76.54290503,75.21753958
2917,1.508089432,76.86507899,75.35698956
2918,2.924350192,76.24814348,73.32379328
2919,1.277599058,75.65158533,74.37398627
2920,2.000486798,76.36760256,74.36711576
2921,2.436520078,76.56359122,74.12707114
2922,1.075733551,77.02781324,75.95207968
2923,1.983986059,76.53470361,74.55071755
2924,2.48870434,77.56138931,75.07268497
2925,2.909116092,76.93416894,74.02505285
2926,1.461795351,76.67658471,75.21478936
2927,0.9001786812,78.41959608,77.5194174
2928,1.839406965,76.77381234,74.93440538
2929,2.217366715,76.16211607,73.94474935
2930,1.787683175,76.43023867,74.6425555
2931,1.848817177,77.23787557,75.38905839
2932,2.01782754,76.58103164,74.5632041
2933,1.420055037,78.03914427,76.61908923
2934,1.125908558,75.39461658,74.26870803
2935,1.084986641,76.34200815,75.25702151
2936,1.179831196,75.84206941,74.66223822
2937,2.01287135,76.54966238,74.53679103
2938,2.674256082,76.5018463,73.82759022
2939,2.932217333,76.8103064,73.87808907
2940,2.212514053,77.31954913,75.10703508
2941,2.084916417,76.846532,74.76161559
2942,1.922696127,76.58955041,74.66685429
2943,2.615763401,75.98253164,73.36676824
2944,3.022874626,75.82007919,72.79720457
2945,3.642275991,78.00037564,74.35809965
2946,2.637483415,76.20580435,73.56832094
2947,3.261797545,77.30681745,74.04501991
2948,2.140146183,78.13996867,75.99982249
2949,0.9948507804,77.58599951,76.59114873
2950,2.528526709,76.50844781,73.9799211
2951,1.419593257,75.98862262,74.56902936
2952,2.896999888,77.06472129,74.1677214
2953,2.231211643,76.92886603,74.69765439
2954,2.121210994,76.72977075,74.60855975
2955,1.890767701,77.05748819,75.16672049
2956,1.986972463,76.63807333,74.65110086
2957,1.094548101,76.15067852,75.05613042
2958,2.995883342,76.20793142,73.21204807
2959,2.595914737,76.29992386,73.70400912
2960,2.176632669,76.23575753,74.05912486
2961,0.9099833217,76.04456353,75.13458021
2962,2.307094651,77.17799597,74.87090132
2963,2.028081403,77.69777004,75.66968864
2964,2.294284318,76.83381411,74.53952979
2965,1.029527946,77.41886611,76.38933816
2966,2.66912281,76.79275213,74.12362932
2967,1.775590049,76.38448659,74.60889654
2968,1.687860801,78.86487478,77.17701398
2969,2.176594541,76.21570199,74.03910745
2970,1.970033348,76.78741719,74.81738384
2971,2.336581273,76.15334692,73.81676565
2972,0.8083214584,77.24574686,76.43742541
2973,1.966306735,76.95442213,74.98811539
2974,1.835587841,78.06382177,76.22823393
2975,1.329361671,76.10919069,74.77982901
2976,2.37742903,76.95136919,74.57394016
2977,1.675044949,76.93498849,75.25994354
2978,1.641841283,75.45537953,73.81353825
2979,1.797943798,77.01602817,75.21808437
2980,1.739951128,76.85238975,75.11243862
2981,2.191116403,77.08848723,74.89737083
2982,3.16654382,76.85277672,73.6862329
2983,0.9227280937,76.27785788,75.35512978
2984,2.364109112,77.61471716,75.25060805
2985,2.042905779,76.84700203,74.80409625
2986,1.027043084,76.11719563,75.09015255
2987,1.303580969,77.1652154,75.86163443
2988,2.577789327,77.43294381,74.85515448
2989,2.691230823,76.88481318,74.19358235
2990,1.172854472,77.82106543,76.64821096
2991,1.494648029,78.11874632,76.62409829
2992,2.558568994,76.62688089,74.0683119
2993,2.178161287,78.07696413,75.89880284
2994,2.828953336,76.71316782,73.88421448
2995,2.009537719,76.28116208,74.27162436
2996,2.098200791,76.29609158,74.19789079
2997,1.462179099,77.74070613,76.27852703
2998,2.22349763,76.96172144,74.73822381
2999,1.89071812,76.95432433,75.06360621
3000,2.631645544,76.44364184,73.8119963
3001,1.047574966,76.89284457,75.8452696
3002,1.459090778,76.68994699,75.23085621
3003,2.804777436,75.42659967,72.62182224
3004,1.575069413,76.98326447,75.40819506
3005,1.164671586,76.34452898,75.17985739
3006,2.852988393,77.50989776,74.65690937
3007,2.036605896,76.00278928,73.96618339
3008,2.119124276,77.0012902,74.88216593
3009,1.542599332,76.04733479,74.50473546
3010,1.695358186,77.22672083,75.53136264
3011,3.077740998,76.8136007,73.7358597
3012,1.871879752,76.98774965,75.1158699
3013,1.909910409,76.10106571,74.1911553
3014,1.775396517,76.80758955,75.03219303
3015,1.36299457,78.01893564,76.65594107
3016,2.111062991,77.00148066,74.89041766
3017,2.034356866,75.85044291,73.81608605
3018,2.584477239,76.34237226,73.75789502
3019,2.536584894,76.24132329,73.7047384
3020,0.9041553206,76.68658698,75.78243166
3021,1.430466573,76.2117131,74.78124653
3022,1.470835348,76.98491535,75.51408
3023,2.152677253,75.82075645,73.6680792
3024,2.03775114,76.83496296,74.79721182
3025,0.6684194221,77.99294161,77.32452218
3026,2.50400056,76.48572004,73.98171948
3027,0.8580686693,75.76118754,74.90311887
3028,1.528691278,75.85728751,74.32859624
3029,3.365358172,76.73517294,73.36981477
3030,2.653429875,76.46594004,73.81251017
3031,1.478441056,76.30425265,74.82581159
3032,1.653833222,76.18348204,74.52964882
3033,0.6336774765,76.59767303,75.96399555
3034,1.045066496,76.34478021,75.29971372
3035,0.8248360285,77.63472248,76.80988645
3036,1.758658887,77.43677615,75.67811726
3037,3.061845857,77.30795507,74.24610922
3038,2.25531813,77.36245483,75.1071367
3039,1.976343307,77.01868183,75.04233852
3040,2.620819425,76.17148094,73.55066152
3041,2.807749161,76.54353117,73.73578201
3042,1.14052152,77.07616895,75.93564743
3043,1.012016574,76.93924219,75.92722561
3044,0.694680113,76.0059595,75.31127939
3045,2.420626236,76.37980358,73.95917734
3046,0.7840037895,75.56227912,74.77827533
3047,0.8429352833,75.29599922,74.45306394
3048,2.328824079,76.42158151,74.09275743
3049,1.325334759,75.90046767,74.57513292
3050,1.857976207,76.5549746,74.69699839
3051,2.237161551,76.97501492,74.73785337
3052,0.925340261,76.03036366,75.1050234
3053,2.618926024,77.23213097,74.61320495
3054,2.54359366,76.71375552,74.17016186
3055,2.62956372,76.71012439,74.08056067
3056,2.092103209,77.53781346,75.44571025
3057,2.790906526,76.33424982,73.54334329
3058,1.105760746,77.91189532,76.80613458
3059,2.150325433,76.36943156,74.21910613
3060,2.05323649,76.73152731,74.67829082
3061,2.118720199,76.67830306,74.55958286
3062,0.8522135668,75.8412118,74.98899823
3063,2.871640898,76.72411728,73.85247639
3064,1.541265435,76.0453262,74.50406076
3065,2.522746997,78.10113079,75.57838379
3066,1.641659006,75.83728011,74.1956211
3067,2.410582227,77.12729647,74.71671424
3068,2.14843829,78.23069528,76.08225699
3069,2.548317443,76.89981767,74.35150022
3070,2.003633715,76.67524298,74.67160927
3071,1.53590327,76.66474296,75.12883969
3072,2.21845318,77.36276361,75.14431043
3073,1.764559888,76.25291438,74.48835449
3074,1.723134984,77.09723377,75.37409878
3075,2.480002131,76.87080338,74.39080125
3076,2.375663731,75.59599457,73.22033083
3077,1.977856959,76.0769658,74.09910884
3078,2.715524576,78.87124406,76.15571948
3079,2.704635342,77.000139,74.29550366
3080,1.911694545,77.08352055,75.17182601
3081,2.422005364,76.9680181,74.54601274
3082,2.897348639,75.80239274,72.9050441
3083,1.851269187,77.0183732,75.16710402
3084,2.600944897,77.01945095,74.41850605
3085,1.809564345,76.37814938,74.56858504
3086,2.475299164,77.69220584,75.21690668
3087,2.130621991,78.87045722,76.73983523
3088,1.378032411,76.73790945,75.35987703
3089,2.173517363,76.99218788,74.81867051
3090,2.60440728,76.10598466,73.50157739
3091,1.49673128,76.52183533,75.02510404
3092,2.37554493,76.94484106,74.56929613
3093,2.162571644,77.09395753,74.93138588
3094,3.211520184,76.74676929,73.53524911
3095,2.233622508,76.81017167,74.57654916
3096,3.335608568,77.57603932,74.24043076
3097,2.498539428,77.0062536,74.50771417
3098,1.701012578,76.37984812,74.67883555
3099,2.126591918,77.55849783,75.43190591
3100,1.659413453,76.1251149,74.46570145
3101,1.551516026,77.46261458,75.91109855
3102,2.97512376,77.14665754,74.17153378
3103,2.972662731,76.88206256,73.90939983
3104,2.662292204,77.2820447,74.6197525
3105,2.083583165,76.04391036,73.9603272
3106,0.3745670247,76.26009088,75.88552385
3107,2.288286462,76.5911373,74.30285084
3108,2.25361793,77.2451395,74.99152157
3109,2.341051706,77.15803617,74.81698446
3110,1.158956645,77.86509958,76.70614293
3111,2.078712128,76.97994859,74.90123646
3112,2.760112008,76.85947824,74.09936623
3113,2.25262385,76.45670961,74.20408576
3114,2.153843147,77.52656539,75.37272224
3115,1.52533883,77.54377593,76.0184371
3116,2.676285676,76.50043395,73.82414827
3117,1.911045084,76.16894884,74.25790375
3118,0.6677895475,76.30536605,75.6375765
3119,0.6362947588,75.58690255,74.95060779
3120,2.885903652,76.36709846,73.48119481
3121,2.366208196,78.34311474,75.97690655
3122,1.877415207,76.64639763,74.76898243
3123,2.308886189,75.99808726,73.68920107
3124,2.430379258,76.96469121,74.53431195
3125,3.250191106,76.97306689,73.72287578
3126,1.656910945,76.61608458,74.95917364
3127,2.536675148,75.6267541,73.09007895
3128,2.880385992,76.74410592,73.86371993
3129,1.536220839,76.71943964,75.1832188
3130,1.844705416,77.23343208,75.38872666
3131,1.522333435,77.00554745,75.48321401
3132,1.626492678,77.42843472,75.80194204
3133,1.827309909,76.11596341,74.2886535
3134,3.697129743,77.02281341,73.32568367
3135,1.955059207,76.42042191,74.4653627
3136,1.934076804,76.66368386,74.72960706
3137,3.198154976,76.39760153,73.19944656
3138,1.634725305,76.69056816,75.05584286
3139,2.659942587,76.51040557,73.85046299
3140,1.270952163,75.87756621,74.60661404
3141,1.601900698,76.63428285,75.03238216
3142,2.48199037,76.14182685,73.65983648
3143,3.204030942,76.85309204,73.6490611
3144,1.228414759,76.33018948,75.10177472
3145,1.806630089,76.08092293,74.27429284
3146,1.524086241,76.00761087,74.48352463
3147,2.166994605,76.51364611,74.34665151
3148,2.061559811,76.89430428,74.83274446
3149,2.324451486,76.83819915,74.51374766
3150,2.444564685,76.73464456,74.29007988
3151,2.199242412,75.94143893,73.74219652
3152,0.895284018,76.43826528,75.54298126
3153,1.451925294,75.86520269,74.41327739
3154,2.488871145,77.11168724,74.6228161
3155,1.706970971,76.57569767,74.8687267
3156,1.108770434,77.23820002,76.12942958
3157,2.182180984,77.95966796,75.77748697
3158,3.112437228,76.81592798,73.70349075
3159,2.390598003,76.46941085,74.07881285
3160,0.8996806429,77.11691603,76.21723538
3161,2.430923405,77.00917799,74.57825458
3162,2.512647669,77.32586171,74.81321404
3163,1.838046505,76.62468412,74.78663762
3164,1.152844263,76.04695262,74.89410835
3165,1.46406385,77.25664253,75.79257868
3166,1.315759537,76.44919213,75.1334326
3167,1.149847034,76.77795726,75.62811023
3168,1.333016316,77.05494358,75.72192726
3169,1.967942357,77.12134424,75.15340188
3170,2.513268238,76.70353346,74.19026522
3171,2.070162078,77.35689624,75.28673416
3172,2.254593278,75.57530055,73.32070727
3173,1.419292079,76.60015006,75.18085798
3174,2.621823437,77.17305282,74.55122938
3175,1.761821119,76.99529014,75.23346902
3176,2.656454659,76.13758575,73.48113109
3177,2.380664381,76.26899207,73.88832769
3178,2.808078476,76.25699322,73.44891474
3179,2.375177093,76.60894391,74.23376681
3180,2.101553194,76.22023469,74.11868149
3181,2.261298993,77.54248934,75.28119035
3182,2.846849756,76.80360948,73.95675972
3183,1.629753245,76.78564697,75.15589373
3184,1.206180597,76.79690169,75.59072109
3185,1.917686315,76.07774752,74.16006121
3186,0.8167018612,78.10444618,77.28774431
3187,0.799198988,75.65110066,74.85190167
3188,1.579512488,76.01278711,74.43327462
3189,2.375150581,77.27316687,74.89801628
3190,1.654972438,76.72425614,75.0692837
3191,1.685686325,78.49183865,76.80615233
3192,1.983862448,77.23095317,75.24709072
3193,0.9027128479,77.21504596,76.31233311
3194,0.8828029091,77.22805757,76.34525466
3195,2.447639825,75.99278871,73.54514888
3196,2.096452758,76.81721363,74.72076087
3197,2.559088353,76.46775958,73.90867123
3198,2.161499186,76.43599111,74.27449192
3199,1.931756641,76.11893534,74.1871787
3200,1.94368657,76.76523035,74.82154378
3201,2.476442206,76.04888871,73.57244651
3202,3.15293807,76.09241992,72.93948185
3203,1.732246623,76.44276038,74.71051376
3204,2.180249994,77.31631284,75.13606284
3205,2.76055354,77.13966969,74.37911615
3206,2.160674088,76.8346856,74.67401151
3207,3.31917962,77.25178234,73.93260272
3208,2.283517754,75.5017119,73.21819415
3209,1.651408972,75.86166514,74.21025617
3210,2.400079889,76.46898325,74.06890336
3211,2.391483115,76.42168171,74.03019859
3212,1.434148305,76.18351747,74.74936917
3213,2.492734925,76.95560616,74.46287123
3214,1.836501198,77.09728356,75.26078236
3215,1.834443079,76.84517749,75.01073441
3216,2.377390337,76.35862943,73.98123909
3217,2.40783425,76.60780529,74.19997104
3218,2.58349441,77.14154932,74.55805491
3219,2.472198982,77.38411467,74.91191568
3220,2.263005199,77.07468198,74.81167678
3221,3.337292392,76.64839325,73.31110085
3222,2.354169667,77.27498464,74.92081498
3223,2.539474476,77.40375782,74.86428335
3224,1.994932443,75.19336145,73.19842901
3225,1.629876855,75.82188533,74.19200848
3226,2.365533573,76.36889986,74.00336629
3227,1.246949154,76.66023435,75.41328519
3228,2.3113475,76.38809979,74.07675229
3229,3.012173472,77.41722521,74.40505174
3230,1.721839001,76.57804479,74.85620579
3231,2.306445632,77.65747104,75.35102541
3232,1.002648608,75.753221,74.7505724
3233,2.675473332,76.34100616,73.66553283
3234,1.907250786,75.79017054,73.88291975
3235,0.3017984862,75.57403297,75.27223449
3236,1.998810714,76.77395666,74.77514594
3237,2.394971926,77.0722434,74.67727148
3238,2.803302712,76.76691627,73.96361356
3239,0.7241531388,76.56327998,75.83912685
3240,2.181950827,76.38358223,74.2016314
3241,2.459819374,76.80354753,74.34372815
3242,2.10148846,75.93590532,73.83441686
3243,2.218517053,76.7447981,74.52628105
3244,1.225184843,76.43184396,75.20665912
3245,3.321293642,76.5614236,73.24012996
3246,3.185371069,76.88990028,73.70452921
3247,2.312012215,76.68724215,74.37522993
3248,1.813759361,77.9528698,76.13911044
3249,2.913548405,76.20700322,73.29345481
3250,1.998702132,77.31283019,75.31412806
3251,2.595810427,76.44274583,73.8469354
3252,1.028559346,76.75521076,75.72665141
3253,0.8419608257,76.81984729,75.97788647
3254,1.859357163,77.34811374,75.48875658
3255,1.336985584,76.13533689,74.79835131
3256,1.636914531,76.52820667,74.89129214
3257,3.42059349,76.4522081,73.03161461
3258,2.354511414,76.1791609,73.82464948
3259,2.563858804,77.45051233,74.88665352
3260,2.205738778,75.97125131,73.76551254
3261,1.169478688,76.39932916,75.22985048
3262,1.355516369,76.93080793,75.57529156
3263,2.370998073,75.99883897,73.6278409
3264,1.968199964,76.37224998,74.40405002
3265,2.643085278,76.94588002,74.30279474
3266,1.69897862,76.58573027,74.88675165
3267,2.271798548,75.85253617,73.58073762
3268,2.54273705,76.56556311,74.02282606
3269,3.134525962,77.11836477,73.98383881
3270,1.631002203,77.12332065,75.49231845
3271,2.150328489,76.32494115,74.17461266
3272,1.392374879,76.88595165,75.49357677
3273,1.850850158,76.69818028,74.84733012
3274,1.66318414,75.56327042,73.90008628
3275,3.29524873,77.776596,74.48134727
3276,1.286824251,77.13305085,75.8462266
3277,1.546777076,76.80837023,75.26159315
3278,2.151239608,76.42360525,74.27236564
3279,1.180534186,76.24151426,75.06098007
3280,2.921060379,76.77499674,73.85393636
3281,2.796233489,76.76459096,73.96835747
3282,2.076905017,76.19659255,74.11968753
3283,0.9722844891,77.70818422,76.73589974
3284,1.139962973,75.88949505,74.74953208
3285,1.769451533,75.70460425,73.93515271
3286,1.708303674,76.047904,74.33960033
3287,1.20019679,77.25934829,76.0591515
3288,1.851876816,76.53000759,74.67813078
3289,1.970235106,76.53324483,74.56300972
3290,1.980782614,77.53032589,75.54954328
3291,2.025095569,77.40713577,75.3820402
3292,1.036687232,76.73327351,75.69658628
3293,1.889575859,75.72317534,73.83359948
3294,2.639157207,77.13308342,74.49392621
3295,1.311516974,76.11873033,74.80721335
3296,2.233132344,77.02020537,74.78707302
3297,2.733978139,77.70632547,74.97234733
3298,1.336412693,76.01136013,74.67494744
3299,2.075925305,76.84024455,74.76431925
3300,1.982760383,75.57980992,73.59704953
3301,2.588149324,76.30884323,73.7206939
3302,2.209146091,75.43281274,73.22366665
3303,1.001933305,77.3077979,76.3058646
3304,2.404142605,78.87984989,76.47570728
3305,2.149336781,76.99343539,74.84409861
3306,1.29508308,76.09749223,74.80240915
3307,2.860712593,76.67526951,73.81455692
3308,3.648613254,77.16497326,73.51636
3309,2.466972131,76.41112873,73.9441566
3310,1.636534145,76.86740748,75.23087334
3311,1.768024208,75.92046907,74.15244486
3312,2.694123934,77.12844621,74.43432228
3313,3.338869109,75.92331194,72.58444283
3314,2.459446899,76.69067138,74.23122448
3315,0.9775055491,76.42488258,75.44737703
3316,2.709647785,77.78609746,75.07644968
3317,2.454065332,76.76567873,74.3116134
3318,2.234690368,76.59820092,74.36351055
3319,0.9482504455,77.64177671,76.69352627
3320,2.822781433,76.49659729,73.67381586
3321,2.050247236,75.55381883,73.50357159
3322,2.556896117,76.94353022,74.38663411
3323,2.154551453,76.01592815,73.8613767
3324,2.980787519,77.01074697,74.02995945
3325,1.696228508,76.46173182,74.76550331
3326,2.565386987,77.78951094,75.22412395
3327,1.76819313,76.44395777,74.67576464
3328,2.303429061,76.73749386,74.4340648
3329,2.068535682,76.24415329,74.17561761
3330,1.625225326,77.40751756,75.78229224
3331,2.239645087,76.52498667,74.28534159
3332,3.275878699,76.20696224,72.93108354
3333,3.160901301,76.68509472,73.52419342
3334,2.66180594,77.00971137,74.34790543
3335,0.9949316921,75.64471945,74.64978776
3336,2.25214619,77.40068147,75.14853528
3337,2.405350828,77.92147809,75.51612726
3338,1.17143416,76.19167746,75.02024331
3339,1.539736783,77.93515174,76.39541496
3340,2.115026848,77.55417065,75.4391438
3341,1.468462694,76.46275562,74.99429293
3342,2.781778963,76.79881087,74.01703191
3343,1.800426146,76.48597717,74.68555103
3344,1.462948592,76.90810756,75.44515897
3345,2.379664042,75.86027828,73.48061424
3346,2.921360973,77.97975544,75.05839447
3347,1.142997242,77.34496477,76.20196753
3348,2.950711021,76.00884041,73.05812939
3349,2.066308667,76.38448485,74.31817618
3350,2.534929567,76.1833681,73.64843853
3351,2.111943188,75.25821295,73.14626976
3352,2.639672851,76.42638913,73.78671628
3353,2.400704137,77.12838657,74.72768244
3354,1.164130406,76.7895399,75.62540949
3355,1.583429395,76.05950833,74.47607893
3356,2.128710097,76.97674409,74.84803399
3357,1.861878109,76.42301623,74.56113812
3358,3.077899337,76.74534944,73.6674501
3359,1.895663701,75.70765409,73.81199039
3360,1.985227111,77.79601863,75.81079152
3361,1.739619077,77.48595387,75.7463348
3362,2.231667072,76.31670159,74.08503452
3363,2.039234321,75.84203047,73.80279615
3364,2.132489159,77.26512768,75.13263852
3365,2.091398712,76.53348746,74.44208874
3366,1.997631512,77.32751106,75.32987954
3367,2.051426424,77.88137694,75.82995051
3368,1.883287226,76.65171849,74.76843126
3369,2.426075856,76.92345533,74.49737948
3370,2.341474133,76.54057946,74.19910533
3371,1.588091672,76.38116848,74.79307681
3372,1.008048159,78.19646345,77.18841529
3373,2.613080767,75.85788567,73.2448049
3374,1.647466364,77.81510668,76.16764032
3375,1.195937364,77.35386648,76.15792912
3376,2.931652684,76.67775201,73.74609933
3377,2.196546397,76.07215535,73.87560895
3378,3.044202503,76.30373318,73.25953068
3379,1.969564059,77.3847507,75.41518664
3380,2.306400795,77.74197142,75.43557062
3381,2.384501467,77.04624527,74.6617438
3382,3.667836565,77.87754149,74.20970493
3383,0.9079995154,76.46508764,75.55708812
3384,1.709260726,76.70544514,74.99618441
3385,1.895842383,77.58793451,75.69209213
3386,2.060501943,77.28911703,75.22861509
3387,1.765626762,76.77114308,75.00551632
3388,1.828176406,78.21432437,76.38614796
3389,1.149716981,76.84481114,75.69509416
3390,1.982195111,77.64058829,75.65839317
3391,2.621264202,76.41951617,73.79825197
3392,2.591255722,76.76912819,74.17787247
3393,2.860260307,77.22112998,74.36086968
3394,2.564491084,75.87111336,73.30662228
3395,1.999565567,76.13716221,74.13759665
3396,2.783798911,76.99949623,74.21569732
3397,1.325838938,77.55985936,76.23402042
3398,2.530986523,76.59440099,74.06341447
3399,2.26651037,77.40955381,75.14304343
3400,2.243417475,77.71956007,75.4761426
3401,2.221738339,76.13222856,73.91049023
3402,2.253295684,76.35064717,74.09735149
3403,3.147866513,77.1003343,73.95246779
3404,1.135852128,76.66893664,75.53308452
3405,2.031503397,77.03608359,75.0045802
3406,1.188800817,76.5365412,75.34774038
3407,2.172243707,76.75409145,74.58184775
3408,0.6811059499,77.5796715,76.89856555
3409,2.690155574,77.563761,74.87360543
3410,1.616688364,76.8706326,75.25394423
3411,2.22465274,76.95430135,74.72964861
3412,1.3947526,76.56195275,75.16720015
3413,1.990807383,78.20780373,76.21699635
3414,2.315104931,76.99925588,74.68415095
3415,2.656985584,76.44368945,73.78670387
3416,2.057839826,77.40408541,75.34624558
3417,2.27365416,77.4557826,75.18212844
3418,2.631390688,76.55945917,73.92806848
3419,1.898391459,76.29803455,74.39964309
3420,1.053991947,77.05655553,76.00256358
3421,1.211232075,76.42695055,75.21571847
3422,1.426674887,77.62020257,76.19352768
3423,1.503471248,76.97311551,75.46964426
3424,2.636292291,76.47856726,73.84227497
3425,2.26492121,76.16115712,73.89623591
3426,1.722766036,76.52708933,74.8043233
3427,2.599291122,77.53066303,74.93137191
3428,1.658619628,76.82878672,75.17016709
3429,0.9919887643,76.38217025,75.39018149
3430,0.9266786034,75.97296721,75.04628861
3431,1.532867641,76.94437599,75.41150835
3432,3.257293537,76.58840115,73.33110761
3433,3.131474093,77.28448989,74.1530158
3434,2.46538758,76.0257078,73.56032022
3435,2.809343024,76.47416745,73.66482443
3436,1.631493992,77.00216478,75.37067079
3437,1.737241304,76.78717906,75.04993775
3438,1.715143144,76.7544358,75.03929266
3439,1.200756884,76.06191569,74.8611588
3440,2.481505332,76.98369958,74.50219425
3441,2.64601263,76.2030506,73.55703797
3442,2.347712398,77.36740199,75.0196896
3443,1.141584245,76.41415458,75.27257033
3444,2.139106184,76.44568214,74.30657595
3445,2.32779115,76.98510225,74.6573111
3446,1.788126877,76.46705734,74.67893046
3447,1.574444433,76.4651705,74.89072607
3448,2.236617381,76.10442591,73.86780853
3449,2.269335353,78.20689316,75.93755781
3450,2.229365273,76.39951048,74.17014521
3451,1.564468402,75.7251229,74.1606545
3452,1.898833387,77.16650569,75.2676723
3453,2.854421749,77.78043796,74.92601621
3454,2.356832208,75.8606242,73.50379199
3455,1.810667173,76.482108,74.67144082
3456,2.008540781,76.17549642,74.16695564
3457,2.05881867,76.70444423,74.64562556
3458,2.702852318,76.32089223,73.61803991
3459,1.405887717,76.86565,75.45976228
3460,1.400746734,76.90048935,75.49974261
3461,0.9280444055,77.24125719,76.31321278
3462,1.666313158,76.24707439,74.58076124
3463,2.476422205,76.35964784,73.88322564
3464,2.483483634,76.62611016,74.14262652
3465,1.945805635,76.90562867,74.95982304
3466,2.806492294,76.3693682,73.56287591
3467,0.9311527651,77.08291255,76.15175978
3468,1.921677708,76.00494396,74.08326625
3469,1.674283853,76.50464916,74.83036531
3470,2.05688176,76.39730187,74.34042011
3471,1.655026836,76.34170204,74.6866752
3472,1.926612242,76.34774529,74.42113305
3473,1.164377602,77.26817035,76.10379275
3474,1.549749951,77.38454138,75.83479143
3475,1.284673216,76.74721535,75.46254213
3476,2.884701668,76.51830895,73.63360728
3477,2.335195444,76.30869261,73.97349716
3478,0.847741786,76.17470144,75.32695965
3479,2.789064559,76.85746563,74.06840107
3480,1.387255193,76.57352477,75.18626958
3481,2.423795756,76.46707578,74.04328002
3482,1.547906418,75.82491472,74.27700831
3483,2.248712912,77.01757807,74.76886515
3484,2.291746037,76.46494038,74.17319435
3485,1.770735707,76.06546374,74.29472804
3486,1.912881208,76.7652005,74.85231929
3487,1.979525748,76.64318243,74.66365668
3488,1.178641698,76.17531083,74.99666913
3489,1.269419221,77.08071564,75.81129642
3490,1.945791671,77.13628924,75.19049757
3491,1.558443049,75.97461199,74.41616894
3492,2.026624373,76.51819881,74.49157443
3493,2.812601418,76.39684567,73.58424425
3494,0.9660927769,76.61160411,75.64551133
3495,2.164023815,76.45714818,74.29312436
3496,2.401714225,76.24091016,73.83919594
3497,2.483851744,76.29755272,73.81370097
3498,1.87614781,76.41653579,74.54038798
3499,2.333865646,77.63441101,75.30054536
3500,2.11008037,75.17288119,73.06280082
3501,2.078995644,78.39709881,76.31810317
3502,3.124152357,78.17611893,75.05196657
3503,1.082663191,76.53025948,75.44759629
3504,2.526050313,76.83633814,74.31028783
3505,1.08096133,77.28930737,76.20834604
3506,1.839696236,76.49668708,74.65699085
3507,1.720147682,76.16981322,74.44966553
3508,2.081540428,76.53876526,74.45722483
3509,1.8643213,76.51782296,74.65350166
3510,1.620906524,77.16066734,75.53976082
3511,1.139373506,77.20142656,76.06205306
3512,1.816264956,75.90197067,74.08570571
3513,2.004676359,77.84505479,75.84037843
3514,1.340211557,75.72443409,74.38422253
3515,1.585463164,75.52795301,73.94248984
3516,1.132738213,76.99044698,75.85770877
3517,1.416419812,76.12270149,74.70628168
3518,1.651356471,77.12511089,75.47375442
3519,2.656841063,77.15562236,74.4987813
3520,2.470040795,76.32381736,73.85377656
3521,3.076119807,76.87840527,73.80228546
3522,0.3446597451,76.54584857,76.20118882
3523,0.8744601634,76.65204464,75.77758448
3524,2.866329005,76.88560222,74.01927321
3525,0.5564150958,78.22879767,77.67238258
3526,2.265783107,75.81785303,73.55206992
3527,1.216027562,76.5844494,75.36842183
3528,1.01876544,76.66052729,75.64176185
3529,0.9144941943,75.98821808,75.07372388
3530,1.679630958,75.69088719,74.01125623
3531,3.101748901,76.88444028,73.78269138
3532,1.992331354,75.56757129,73.57523994
3533,0.9354489045,76.83158406,75.89613515
3534,0.6653380869,76.16489745,75.49955936
3535,2.465725674,77.85643125,75.39070557
3536,1.058806313,76.65334466,75.59453835
3537,1.882444931,76.57846675,74.69602182
3538,1.148173351,75.87492994,74.72675659
3539,2.019578143,76.79805435,74.77847621
3540,1.96274424,76.67792531,74.71518107
3541,1.676156588,75.93485348,74.25869689
3542,1.663614959,76.44010254,74.77648758
3543,1.773811344,75.8770923,74.10328095
3544,1.610196662,76.92571366,75.31551699
3545,1.427588529,76.21359143,74.7860029
3546,2.139497523,76.0613372,73.92183967
3547,2.548693609,76.21435429,73.66566068
3548,0.8905027894,76.03858499,75.1480822
3549,2.232149273,77.75514795,75.52299867
3550,1.864480181,77.54810003,75.68361984
3551,2.001860193,76.19663269,74.19477249
3552,1.933262727,77.73014009,75.79687736
3553,3.127532723,76.62052142,73.4929887
3554,0.9890830369,76.2226176,75.23353457
3555,2.114209243,77.75625841,75.64204917
3556,0.8275016893,76.9630339,76.13553221
3557,2.042764221,77.06791983,75.02515561
3558,3.15875757,77.55851338,74.39975581
3559,1.185026541,76.14438456,74.95935802
3560,1.65611893,76.34968003,74.6935611
3561,3.33233359,76.55533442,73.22300083
3562,1.459615129,76.40469192,74.94507679
3563,1.939516905,77.44568133,75.50616443
3564,1.969246989,77.0211024,75.05185541
3565,2.350142955,76.60463695,74.25449399
3566,1.677262635,76.77322285,75.09596021
3567,2.833834043,76.43399603,73.60016199
3568,1.630362017,76.85958297,75.22922095
3569,0.9824261701,76.50691346,75.52448729
3570,2.110877187,76.83024473,74.71936755
3571,1.950242735,77.70018658,75.74994385
3572,2.232249704,77.65836213,75.42611243
3573,2.484485248,75.84298739,73.35850214
3574,3.736336754,77.37324518,73.63690843
3575,1.348538207,76.22879433,74.88025612
3576,2.585640412,76.61013197,74.02449156
3577,2.174672978,77.02414854,74.84947556
3578,0.8655277378,76.3058489,75.44032116
3579,0.7445259331,76.89430391,76.14977798
3580,1.800185287,77.51645123,75.71626594
3581,1.865962933,76.6579483,74.79198537
3582,2.005789589,76.78748073,74.78169114
3583,2.423209743,76.29604844,73.8728387
3584,1.817939155,75.58602647,73.76808731
3585,0.7784535298,76.87421253,76.095759
3586,1.899703077,76.07633997,74.1766369
3587,1.488125503,77.14514955,75.65702405
3588,1.838930769,75.89604659,74.05711582
3589,2.521575746,77.36200412,74.84042837
3590,2.881325141,76.59216915,73.71084401
3591,2.366179071,76.99799255,74.63181348
3592,2.187640635,76.26157722,74.07393658
3593,2.632473564,76.52631078,73.89383722
3594,2.186310032,76.71589001,74.52957998
3595,2.502556161,77.03122651,74.52867035
3596,3.533770561,77.24905005,73.71527949
3597,0.9210877744,76.62311928,75.70203151
3598,2.326463499,76.54790244,74.22143894
3599,2.089418037,76.91582166,74.82640363
3600,2.535622242,76.69855886,74.16293662
3601,2.779391636,76.52472412,73.74533249
3602,0.954852161,77.35083759,76.39598543
3603,2.482051868,76.3178987,73.83584684
3604,0.7274557333,76.34497379,75.61751806
3605,1.676393201,76.97280049,75.29640729
3606,1.961816103,77.04010572,75.07828962
3607,2.135315522,76.17651865,74.04120313
3608,2.999873944,76.36561392,73.36573998
3609,1.904578462,76.60977335,74.70519489
3610,2.327243247,76.80678225,74.47953901
3611,1.606572835,77.13523333,75.52866049
3612,2.474283083,76.62814139,74.15385831
3613,2.10584732,76.05843147,73.95258415
3614,0.6250556602,77.02367452,76.39861886
3615,2.711377542,76.58847947,73.87710193
3616,2.529115809,77.66324588,75.13413007
3617,2.545134184,77.45623594,74.91110175
3618,1.881511188,76.88503057,75.00351938
3619,1.38024029,76.19749139,74.8172511
3620,1.885510195,75.53120903,73.64569883
3621,3.467200145,77.09060449,73.62340435
3622,2.641628598,76.83262974,74.19100114
3623,3.121785021,76.7399628,73.61817778
3624,3.336667711,76.16044724,72.82377953
3625,1.795127069,76.46286997,74.6677429
3626,1.704689394,76.29172192,74.58703253
3627,1.27469456,76.94428692,75.66959236
3628,1.407924682,75.78302128,74.3750966
3629,0.8724366209,76.77041443,75.8979778
3630,2.497372483,76.72944237,74.23206989
3631,1.172171571,77.57648664,76.40431506
3632,2.124924046,77.28002843,75.15510438
3633,2.446489108,76.48163324,74.03514413
3634,2.747725804,77.35005491,74.6023291
3635,1.711082777,76.6117908,74.90070802
3636,2.196773156,76.93375727,74.73698412
3637,1.077027647,76.89957263,75.82254499
3638,1.991974046,76.69041787,74.69844382
3639,2.028398813,77.59551375,75.56711494
3640,1.887324899,75.72540839,73.83808349
3641,1.374899581,76.60392877,75.22902919
3642,0.8628399852,77.31939319,76.45655321
3643,1.504828996,77.23428053,75.72945153
3644,2.729364071,77.62196078,74.89259671
3645,1.352567777,76.93066603,75.57809826
3646,1.238768486,76.83419275,75.59542427
3647,2.217727644,76.46719062,74.24946298
3648,2.229102151,75.82618547,73.59708332
3649,1.022353846,76.11557492,75.09322107
3650,3.490181964,77.49652837,74.0063464
3651,2.415425165,77.80934059,75.39391543
3652,2.439806981,75.66314119,73.22333421
3653,2.61202738,76.68052143,74.06849405
3654,2.305691158,76.51846025,74.2127691
3655,3.163962841,78.30290834,75.13894549
3656,1.524908896,76.85422988,75.32932099
3657,2.441258882,78.08045685,75.63919797
3658,1.293749579,75.48042356,74.18667398
3659,0.6548308097,76.39578932,75.74095851
3660,2.827119488,75.99135144,73.16423195
3661,2.043881115,76.6059611,74.56207999
3662,1.165791084,76.13258294,74.96679185
3663,2.299744821,76.2009648,73.90121998
3664,2.277664688,76.87482794,74.59716325
3665,1.872132912,75.44732788,73.57519497
3666,2.742864017,75.99666522,73.25380121
3667,1.629167811,77.18832565,75.55915784
3668,1.09106545,76.38371306,75.29264761
3669,1.656581252,77.47031354,75.81373229
3670,1.257973972,75.98280241,74.72482844
3671,0.9172074439,76.63103146,75.71382401
3672,0.9418085716,77.8316431,76.88983453
3673,0.9298030954,76.48793207,75.55812897
3674,1.254019567,76.20646294,74.95244337
3675,1.387580376,77.18090493,75.79332456
3676,1.681893707,75.77987231,74.0979786
3677,0.7824411796,77.4686245,76.68618332
3678,1.320673093,77.29243651,75.97176342
3679,2.671570771,76.42054106,73.74897029
3680,1.184016557,76.89405933,75.71004278
3681,2.688909578,75.82676949,73.13785991
3682,3.551540114,77.08036833,73.52882821
3683,1.487768643,76.63547971,75.14771106
3684,1.61849746,76.42318373,74.80468627
3685,2.756203159,76.77450935,74.01830619
3686,0.7442698175,77.0141568,76.26988698
3687,3.253324204,76.36500148,73.11167728
3688,1.974696784,76.90015586,74.92545908
3689,3.45553693,76.66469039,73.20915346
3690,0.8570185482,75.60193837,74.74491982
3691,1.842373915,75.96088732,74.1185134
3692,2.874446812,76.78114567,73.90669886
3693,2.331252191,77.12936134,74.79810915
3694,1.443675134,77.07697221,75.63329708
3695,3.039843512,77.35455623,74.31471272
3696,2.531329069,76.56408652,74.03275745
3697,0.8113888667,78.59059859,77.77920973
3698,2.230881163,77.49916199,75.26828082
3699,1.504195223,77.35328983,75.84909461
3700,2.066213999,76.83662733,74.77041333
3701,2.463009404,77.51689048,75.05388107
3702,2.364758358,75.99983221,73.63507385
3703,1.095280441,77.66975189,76.57447145
3704,2.491720219,77.83257882,75.3408586
3705,0.9364695025,78.07603506,77.13956556
3706,2.866398117,76.78152926,73.91513114
3707,1.018480951,76.65352197,75.63504102
3708,1.888238707,76.1195258,74.2312871
3709,1.575934447,77.27033232,75.69439787
3710,3.070073005,76.81416392,73.74409092
3711,1.384228517,76.11363158,74.72940306
3712,2.036234493,75.94242498,73.90619049
3713,0.7209014007,76.43929875,75.71839735
3714,1.673567057,77.43544275,75.76187569
3715,1.16059236,76.58399631,75.42340395
3716,2.253051127,76.47894165,74.22589052
3717,2.425823145,77.19624926,74.77042612
3718,2.354795848,76.92357478,74.56877893
3719,1.617156372,76.40065152,74.78349515
3720,2.285705464,76.39048434,74.10477888
3721,1.941260909,76.96299628,75.02173537
3722,1.900903084,76.0267059,74.12580282
3723,1.808323371,76.87282511,75.06450174
3724,3.095846967,77.48685445,74.39100749
3725,1.43498404,75.72730283,74.29231879
3726,2.035028263,76.61979477,74.5847665
3727,1.077148158,77.27892945,76.20178129
3728,1.802262213,76.25427018,74.45200796
3729,1.43894183,76.37425109,74.93530926
3730,2.269584716,77.43689891,75.1673142
3731,2.135034793,76.80851339,74.67347859
3732,2.992700966,77.93870961,74.94600865
3733,2.349256319,76.4638027,74.11454638
3734,1.967441428,76.2794723,74.31203087
3735,0.9595712615,76.6688738,75.70930254
3736,2.292101766,77.35803059,75.06592882
3737,3.185304326,76.30894704,73.12364272
3738,1.102754314,76.63569766,75.53294334
3739,1.065114237,75.89946453,74.83435029
3740,1.671707084,75.76972094,74.09801386
3741,2.565077736,77.78163371,75.21655597
3742,1.376080338,75.90746466,74.53138432
3743,1.75542572,76.14589417,74.39046845
3744,1.251923303,77.02269854,75.77077524
3745,1.985497221,76.76341269,74.77791547
3746,2.244399168,77.46346798,75.21906881
3747,1.918867807,76.29578046,74.37691265
3748,1.520622006,77.60223301,76.08161101
3749,1.773018901,77.14946959,75.37645069
3750,1.609116152,76.08882204,74.47970589
3751,1.042720085,76.33526257,75.29254248
3752,2.515040986,77.62236237,75.10732139
3753,1.943877883,77.54333986,75.59946198
3754,2.904523366,77.37789962,74.47337625
3755,2.612693918,76.7282089,74.11551498
3756,1.437360636,76.25290291,74.81554227
3757,2.136625018,77.10142661,74.96480159
3758,2.089170143,76.06304502,73.97387488
3759,2.958259834,77.21598574,74.2577259
3760,2.583490045,77.21203135,74.62854131
3761,3.590244529,77.66851673,74.0782722
3762,1.966075892,76.9443056,74.9782297
3763,1.340300528,76.33154985,74.99124932
3764,1.873277277,77.4071991,75.53392182
3765,2.149575194,76.38540912,74.23583393
3766,2.05753413,76.79971471,74.74218058
3767,2.447228069,77.18396715,74.73673908
3768,2.655923775,76.94725367,74.2913299
3769,3.505189916,76.3160245,72.81083458
3770,2.865865399,77.04053132,74.17466592
3771,2.538972956,77.47522507,74.93625212
3772,1.536206813,77.16180532,75.62559851
3773,2.280643764,76.39463539,74.11399163
3774,2.608619919,76.19288819,73.58426827
3775,1.106317762,75.36498909,74.25867133
3776,1.582672965,77.19502534,75.61235237
3777,2.328009168,77.08739681,74.75938765
3778,1.571820457,77.01080593,75.43898548
3779,1.781805624,77.34456747,75.56276184
3780,2.225019886,78.02115578,75.79613589
3781,0.9589918552,76.44214879,75.48315694
3782,3.146483429,76.37132891,73.22484549
3783,1.802035817,76.76490977,74.96287395
3784,1.549505442,77.20875454,75.6592491
3785,1.675880948,77.41805078,75.74216983
3786,2.266387653,77.90823285,75.6418452
3787,3.050233341,76.63924116,73.58900782
3788,2.518057831,75.99338096,73.47532313
3789,1.047864043,75.06836227,74.02049822
3790,2.419785404,76.453842,74.0340566
3791,1.990095385,75.46191758,73.47182219
3792,3.249027918,77.42729893,74.17827101
3793,2.761139918,77.97788622,75.2167463
3794,2.419193742,76.61635223,74.19715849
3795,1.421669316,76.71907323,75.29740391
3796,1.699896027,76.66325611,74.96336009
3797,0.8821049476,75.96658446,75.08447951
3798,1.820836709,77.80063978,75.97980307
3799,2.666596283,77.33510781,74.66851153
3800,2.025138613,76.93742452,74.91228591
3801,2.489144585,77.42854439,74.9393998
3802,0.8729774326,76.80051226,75.92753482
3803,2.292719472,76.88578073,74.59306125
3804,2.009739665,77.89010342,75.88036376
3805,1.792788168,76.20199948,74.40921131
3806,2.049994626,75.36301959,73.31302496
3807,2.536373318,77.75549261,75.21911929
3808,2.977827956,76.64318745,73.66535949
3809,2.062432122,77.20579952,75.14336739
3810,2.183283506,76.23464836,74.05136485
3811,0.8238642211,75.75088698,74.92702276
3812,2.743691523,77.3258082,74.58211667
3813,2.055344693,78.25161878,76.19627409
3814,1.11744313,76.3485231,75.23107997
3815,1.839519507,76.29131949,74.45179998
3816,2.146187425,77.55678362,75.41059619
3817,1.010292193,76.67522659,75.6649344
3818,1.972835598,76.18752898,74.21469338
3819,2.311481465,76.74720042,74.43571895
3820,2.168714499,76.61408401,74.44536951
3821,2.368753374,77.11900662,74.75025325
3822,2.231907303,77.04475608,74.81284878
3823,2.371145484,77.62445468,75.2533092
3824,1.004046938,77.71730784,76.71326091
3825,0.7053138453,76.93782103,76.23250719
3826,1.106458218,76.77780457,75.67134635
3827,1.135013663,75.48623783,74.35122417
3828,1.614268723,76.27869064,74.66442191
3829,1.086111571,77.34320229,76.25709072
3830,2.225356818,76.72300361,74.4976468
3831,1.372656317,75.81562891,74.44297259
3832,1.237542237,76.08765392,74.85011168
3833,0.8063672979,76.68388888,75.87752159
3834,2.700826845,76.29232189,73.59149505
3835,1.063651806,75.75370729,74.69005548
3836,2.751497604,76.94969961,74.198202
3837,2.616935479,77.41706667,74.80013119
3838,2.313111402,76.83292388,74.51981248
3839,2.556460325,76.18728547,73.63082515
3840,1.362950806,75.97164898,74.60869817
3841,2.574999337,76.51908182,73.94408248
3842,2.115935994,76.72059765,74.60466165
3843,2.013492508,75.95148321,73.9379907
3844,1.433652518,77.06448376,75.63083124
3845,2.722455363,76.3174885,73.59503314
3846,2.69442953,76.88678093,74.1923514
3847,0.9759156288,77.82761632,76.85170069
3848,2.970828627,76.5779728,73.60714417
3849,2.12920166,77.19490806,75.0657064
3850,1.181788479,76.90293991,75.72115143
3851,0.9258617986,77.17271374,76.24685194
3852,1.103393181,76.74545792,75.64206474
3853,0.8694812012,76.39938472,75.52990352
3854,1.851021953,75.82523955,73.97421759
3855,3.407167247,78.07912985,74.6719626
3856,2.144897978,76.36067718,74.2157792
3857,2.43798615,76.33491949,73.89693334
3858,1.576670817,77.42396533,75.84729451
3859,2.660405656,75.9575346,73.29712895
3860,2.789416168,76.52719957,73.7377834
3861,1.971745011,76.52439023,74.55264522
3862,2.855744879,78.11665665,75.26091177
3863,1.042909804,75.89705449,74.85414468
3864,3.303203791,76.20569208,72.90248829
3865,1.267980902,76.67884549,75.41086459
3866,2.408816908,77.02205446,74.61323755
3867,1.03031892,76.26684113,75.23652221
3868,2.060864894,75.95756725,73.89670236
3869,2.022530191,76.9733205,74.95079031
3870,2.708308061,77.66267268,74.95436461
3871,1.103758361,75.22336499,74.11960663
3872,2.368629179,76.24434535,73.87571617
3873,3.178848401,76.24557052,73.06672212
3874,0.7720027074,77.34335912,76.57135641
3875,1.727641507,76.4668787,74.7392372
3876,2.398714491,76.9408918,74.54217731
3877,3.543222168,75.91480226,72.37158009
3878,0.8717452815,76.08578965,75.21404437
3879,1.865270782,77.04863441,75.18336363
3880,1.047937545,76.67571078,75.62777324
3881,0.6430509184,76.50439908,75.86134817
3882,1.920959917,76.62544598,74.70448606
3883,1.891214545,75.62837986,73.73716532
3884,2.202889776,77.78558441,75.58269463
3885,2.041337255,76.77323447,74.73189722
3886,2.359784727,76.49173387,74.13194915
3887,1.869221095,76.63698712,74.76776603
3888,1.382299928,75.85732364,74.47502371
3889,2.617979264,76.73750218,74.11952292
3890,2.468466673,76.72926256,74.26079589
3891,1.786749564,76.26579364,74.47904407
3892,1.96800941,76.40734194,74.43933253
3893,1.505928881,76.08209626,74.57616738
3894,2.518429217,78.11342789,75.59499868
3895,2.454257706,76.95041165,74.49615395
3896,2.08096905,76.71499478,74.63402573
3897,1.465319515,76.28041553,74.81509601
3898,0.7636923237,75.49119856,74.72750624
3899,2.444166619,75.80575659,73.36158997
3900,1.693716047,76.03972396,74.34600791
3901,1.89103476,76.34962328,74.45858852
3902,1.837554866,76.07206213,74.23450726
3903,3.160809987,76.76255359,73.6017436
3904,2.511197357,76.51498998,74.00379262
3905,2.749105839,76.4123832,73.66327736
3906,3.217366711,77.80801191,74.5906452
3907,1.350802465,76.06450773,74.71370527
3908,2.441396116,76.62095807,74.17956196
3909,1.821037889,76.97943189,75.158394
3910,1.581387561,76.62148978,75.04010222
3911,2.775976082,76.44369242,73.66771633
3912,1.649290638,76.76875295,75.11946231
3913,0.9275880474,76.55101404,75.62342599
3914,0.8842850757,76.89785676,76.01357168
3915,2.779952297,76.01327795,73.23332565
3916,1.000626569,77.32832157,76.32769501
3917,1.775272187,76.20348424,74.42821205
3918,0.7263118143,76.58647237,75.86016055
3919,1.673139874,75.7698787,74.09673882
3920,2.388124646,77.57151578,75.18339113
3921,1.540132047,76.66691312,75.12678108
3922,1.649421145,77.74300173,76.09358059
3923,2.027087474,76.99933193,74.97224445
3924,2.992802689,77.3683892,74.37558651
3925,1.049677511,76.27726923,75.22759172
3926,1.806183358,76.65836519,74.85218184
3927,2.37820127,77.92805925,75.54985798
3928,1.00640654,77.75183386,76.74542732
3929,2.611178387,76.4961802,73.88500181
3930,2.274025375,76.49738139,74.22335602
3931,1.904443318,76.63439362,74.72995031
3932,1.612180775,76.12419045,74.51200967
3933,1.029744604,76.79459228,75.76484768
3934,1.849785385,77.20605667,75.35627129
3935,2.062493638,77.64495465,75.58246101
3936,0.9027733417,77.34455823,76.44178489
3937,1.981065884,76.73442876,74.75336287
3938,0.9539966206,77.10727135,76.15327473
3939,1.808336875,76.13096778,74.3226309
3940,2.442478678,76.81922032,74.37674164
3941,2.10885306,76.10242901,73.99357595
3942,1.746122703,75.86999079,74.12386808
3943,2.264016696,77.56670849,75.3026918
3944,2.695486466,77.87524784,75.17976137
3945,1.75076416,76.7969366,75.04617244
3946,2.308839652,77.75371077,75.44487112
3947,1.601747072,75.64950719,74.04776012
3948,2.563368604,75.7466361,73.18326749
3949,1.905348098,76.11697909,74.211631
3950,1.280451491,76.66735188,75.38690039
3951,1.672339444,75.57931842,73.90697898
3952,2.042933626,76.909053,74.86611938
3953,1.785527091,76.70173615,74.91620905
3954,1.693451787,76.3764522,74.68300041
3955,3.078217319,76.27094585,73.19272853
3956,2.233061021,77.29363733,75.06057631
3957,2.09052311,76.83255211,74.742029
3958,1.524005077,75.99440013,74.47039505
3959,1.870838973,76.16889002,74.29805105
3960,2.593095607,77.29507151,74.7019759
3961,1.750222338,77.22012217,75.46989983
3962,1.927380616,78.52608135,76.59870073
3963,1.239507239,75.90916014,74.6696529
3964,3.824736339,75.88397551,72.05923917
3965,1.882165956,76.7151712,74.83300524
3966,0.8632695782,76.72779909,75.86452951
3967,0.9517578795,76.38432151,75.43256363
3968,1.435704416,76.86806617,75.43236176
3969,2.751582574,76.92137946,74.16979689
3970,2.212925061,76.50923305,74.29630799
3971,2.242441544,76.59054607,74.34810453
3972,2.878253775,77.67319228,74.7949385
3973,2.290211725,75.73631363,73.4461019
3974,2.810855297,75.88106292,73.07020762
3975,1.387189117,76.88753653,75.50034741
3976,2.511021661,76.17043414,73.65941248
3977,1.832164142,76.56101459,74.72885045
3978,1.361307859,75.90681682,74.54550896
3979,2.418449697,76.77973067,74.36128098
3980,1.251083271,77.21010403,75.95902076
3981,1.731379043,77.19853491,75.46715587
3982,2.453748671,77.95593295,75.50218428
3983,2.520912214,76.25289574,73.73198352
3984,2.698936896,76.63298295,73.93404605
3985,3.559791338,75.98661251,72.42682118
3986,1.986592034,76.2979759,74.31138386
3987,1.933487828,77.14414242,75.21065459
3988,3.177010601,76.70384775,73.52683714
3989,1.216753435,76.38398828,75.16723485
3990,0.7454504133,76.42789246,75.68244205
3991,2.413266226,76.16934501,73.75607878
3992,2.38971274,76.47187706,74.08216432
3993,1.431583947,76.84904729,75.41746335
3994,1.885789483,77.04722148,75.161432
3995,2.84996296,76.76060526,73.9106423
3996,1.623497413,76.80963098,75.18613357
3997,1.776445211,76.05924185,74.28279664
3998,1.334555814,76.59083552,75.2562797
3999,2.604070138,77.40348459,74.79941445
4000,3.183952514,76.66405978,73.48010726
4001,1.611684084,76.49244763,74.88076355
4002,2.772017126,76.03709305,73.26507592
4003,1.905043995,77.38974264,75.48469865
4004,2.987579644,77.02523629,74.03765665
4005,2.289161769,76.70463666,74.41547489
4006,2.707141977,76.66518184,73.95803986
4007,2.856778366,76.3798593,73.52308094
4008,1.487436799,76.83984059,75.35240379
4009,0.9358316937,77.58335607,76.64752437
4010,1.470766009,76.82510396,75.35433795
4011,1.636678597,76.17689747,74.54021887
4012,1.743709372,77.18828615,75.44457678
4013,1.689378909,76.68518758,74.99580867
4014,2.406691231,77.02144296,74.61475173
4015,2.365641857,76.5784894,74.21284755
4016,1.20094849,75.91953143,74.71858294
4017,2.17080397,76.80641342,74.63560945
4018,2.209418688,76.41559496,74.20617627
4019,1.896711328,75.55888435,73.66217302
4020,3.188281416,77.97386967,74.78558825
4021,2.077602022,76.99722234,74.91962031
4022,1.622133924,75.78704101,74.16490709
4023,2.400493055,76.12802915,73.72753609
4024,1.113627518,75.92015151,74.80652399
4025,2.455143921,77.5674236,75.11227968
4026,3.194692682,76.91173723,73.71704455
4027,2.141468189,75.95224088,73.81077269
4028,1.212814262,77.51087849,76.29806422
4029,1.62328925,76.51182886,74.88853961
4030,1.853339382,77.21786442,75.36452504
4031,1.537334603,76.93738947,75.40005487
4032,2.068688394,76.3165563,74.24786791
4033,1.167313179,77.07586314,75.90854996
4034,2.005449138,76.32298508,74.31753594
4035,1.076604065,77.76827474,76.69167067
4036,0.4929846726,76.69702685,76.20404217
4037,1.522431152,75.07304259,73.55061144
4038,1.911110353,76.79908202,74.88797166
4039,1.521336035,77.22076267,75.69942663
4040,2.87387307,76.73541744,73.86154437
4041,2.199258213,75.65447705,73.45521884
4042,1.033331123,76.78217714,75.74884601
4043,1.981711204,76.58614994,74.60443874
4044,1.323355545,76.95586273,75.63250719
4045,1.967966126,77.20364803,75.2356819
4046,2.906144712,77.09113909,74.18499438
4047,1.87406712,76.33955501,74.46548789
4048,2.399859124,76.16017578,73.76031665
4049,2.052393549,76.21194009,74.15954654
4050,1.617104532,75.08461569,73.46751116
4051,1.863875526,76.44801727,74.58414174
4052,3.006726363,76.14381824,73.13709188
4053,1.056938841,76.62589299,75.56895415
4054,2.24473965,75.79752517,73.55278552
4055,2.359172863,77.15121431,74.79204145
4056,1.82960661,77.21559529,75.38598868
4057,2.820758635,76.79843496,73.97767633
4058,1.755776353,76.75087071,74.99509436
4059,3.160526851,76.48864054,73.32811369
4060,2.978788866,76.99555964,74.01677078
4061,2.586880223,77.37026449,74.78338427
4062,2.235514312,76.8982511,74.66273679
4063,1.399379647,76.47256025,75.07318061
4064,1.378780266,77.10249534,75.72371507
4065,1.896848259,76.95125689,75.05440863
4066,2.837529868,77.59447647,74.7569466
4067,1.651666104,75.70418491,74.0525188
4068,1.677152973,75.38582417,73.7086712
4069,1.694762214,77.26198274,75.56722053
4070,0.7923170611,76.11821199,75.32589492
4071,3.129939778,75.86672102,72.73678124
4072,3.211183575,76.17793952,72.96675595
4073,1.727126608,76.83118925,75.10406264
4074,2.793266612,76.15535844,73.36209183
4075,1.731330102,77.03399696,75.30266685
4076,2.542510568,76.81106159,74.26855102
4077,1.664945107,76.90369182,75.23874671
4078,1.739841922,77.37337015,75.63352823
4079,2.691163722,76.98174235,74.29057863
4080,1.626879684,76.10280935,74.47592967
4081,1.22065454,75.98779961,74.76714507
4082,2.033642923,77.39559572,75.3619528
4083,1.800516768,77.08833158,75.28781481
4084,2.293738671,76.60666872,74.31293005
4085,1.188097697,76.90659245,75.71849475
4086,2.708087425,76.73972404,74.03163661
4087,1.352450022,75.85518223,74.5027322
4088,2.437380815,77.5842909,75.14691009
4089,2.764451902,76.75261165,73.98815975
4090,2.114022497,76.33611172,74.22208922
4091,1.929751388,76.33599977,74.40624838
4092,2.37872264,77.36356578,74.98484314
4093,1.012663928,76.69273127,75.68006734
4094,1.755665701,76.51472648,74.75906078
4095,1.286827293,77.58602848,76.29920119
4096,0.9838593218,76.0659953,75.08213598
4097,2.519553773,76.54903674,74.02948297
4098,2.198827915,76.12219473,73.92336682
4099,2.254105897,75.98631116,73.73220526
4100,3.034515175,75.7552244,72.72070922
4101,2.12667276,77.32097447,75.1943017
4102,2.036444025,76.2391565,74.20271248
4103,1.638004279,77.66668594,76.02868166
4104,1.929687378,77.58105463,75.65136725
4105,2.772337295,77.30008662,74.52774932
4106,2.690041096,77.12187221,74.43183111
4107,1.810597766,76.45686452,74.64626675
4108,1.633741919,76.58455282,74.9508109
4109,1.256667651,76.51328526,75.25661761
4110,1.090632018,75.92832091,74.83768889
4111,1.86984262,76.57259104,74.70274842
4112,0.7769762113,76.36870715,75.59173094
4113,0.4359131741,76.48016486,76.04425168
4114,2.065864268,76.43582902,74.36996476
4115,2.66372439,76.75309699,74.0893726
4116,1.248400209,76.88932338,75.64092317
4117,0.7371280791,77.87811011,77.14098203
4118,2.102599224,76.55529011,74.45269089
4119,2.281037243,76.69995585,74.41891861
4120,3.567596051,77.21753607,73.64994001
4121,1.647545812,76.0492287,74.40168289
4122,2.898480329,76.95309424,74.05461391
4123,2.558924304,76.53863478,73.97971047
4124,1.741696385,76.14090283,74.39920645
4125,2.393654488,76.29363531,73.89998083
4126,2.265780718,76.4122252,74.14644448
4127,2.037943537,76.36350653,74.32556299
4128,1.634836724,77.76556356,76.13072684
4129,2.31520738,77.6646811,75.34947372
4130,2.331407049,75.93821387,73.60680682
4131,1.759922048,76.52074058,74.76081853
4132,1.885742335,76.60575856,74.72001623
4133,1.022513822,75.80500267,74.78248885
4134,3.084438735,76.58490875,73.50047002
4135,2.140153709,75.83367951,73.69352581
4136,1.61734237,76.83246842,75.21512605
4137,1.141538339,77.69164128,76.55010294
4138,1.097912519,76.66746212,75.5695496
4139,1.849548354,76.40479503,74.55524668
4140,1.964651567,77.65389092,75.68923935
4141,1.749238316,76.57477237,74.82553405
4142,3.479145236,77.01386898,73.53472374
4143,2.005864712,75.96299602,73.9571313
4144,1.410448813,75.93985479,74.52940597
4145,2.224397958,75.74676231,73.52236435
4146,1.546863238,75.80472875,74.25786551
4147,2.347799752,76.78578077,74.43798102
4148,2.878760335,77.25102591,74.37226558
4149,2.231217965,76.39240753,74.16118957
4150,2.458538332,75.4446515,72.98611316
4151,0.9385811679,75.93672411,74.99814294
4152,2.108804766,77.96327928,75.85447452
4153,2.134196462,75.74333196,73.6091355
4154,2.24268522,76.71300897,74.47032375
4155,2.125555228,77.13859591,75.01304068
4156,2.328847645,77.04794216,74.71909452
4157,2.153900057,76.21218424,74.05828418
4158,1.655853096,77.23068532,75.57483223
4159,1.967387817,76.58172986,74.61434204
4160,1.865899788,76.29298209,74.42708231
4161,2.943446752,76.86668651,73.92323976
4162,1.758607967,76.27919615,74.52058819
4163,1.903526761,76.28576785,74.38224109
4164,2.559407287,76.22171387,73.66230658
4165,1.599972263,76.94959383,75.34962157
4166,1.7191255,76.95122333,75.23209782
4167,0.932469376,77.15169833,76.21922895
4168,1.021442905,76.63428455,75.61284165
4169,2.214048665,76.33506613,74.12101747
4170,2.418910212,75.57661355,73.15770334
4171,3.104106478,76.89028671,73.78618024
4172,2.16030727,76.37093267,74.2106254
4173,2.560930824,77.20011325,74.63918243
4174,2.263149504,76.03487908,73.77172957
4175,1.607235319,76.53874449,74.93150917
4176,3.169519875,77.06988259,73.90036272
4177,1.743098903,77.98878817,76.24568927
4178,2.438358464,76.5289423,74.09058384
4179,2.243690669,76.33261604,74.08892537
4180,3.435877529,77.3611397,73.92526217
4181,1.421066275,77.33267118,75.9116049
4182,2.20942365,76.17577718,73.96635353
4183,2.018171598,76.30292812,74.28475652
4184,2.643187651,77.19091588,74.54772823
4185,2.653473176,76.96578289,74.31230971
4186,1.303769353,76.85119567,75.54742632
4187,2.527812291,76.19169392,73.66388163
4188,2.078296515,76.80172438,74.72342787
4189,2.282494145,76.75203755,74.4695434
4190,1.239479727,77.27222223,76.0327425
4191,1.962097463,77.08405444,75.12195697
4192,3.065725077,76.60541779,73.53969272
4193,2.360165187,76.88692839,74.5267632
4194,0.6584715124,76.30867614,75.65020463
4195,1.032694496,76.25296892,75.22027443
4196,1.751568196,77.16124824,75.40968004
4197,3.061552857,77.54282138,74.48126853
4198,2.298743869,75.31630089,73.01755702
4199,2.941486092,77.16899794,74.22751185
4200,2.037712162,76.11658117,74.07886901
4201,2.518650867,78.1772462,75.65859533
4202,2.408590094,76.97074635,74.56215626
4203,1.588460898,75.26872623,73.68026533
4204,1.711755386,76.6871063,74.97535091
4205,1.834418036,77.96549699,76.13107895
4206,2.143399588,76.50877864,74.36537906
4207,2.053847368,77.42406239,75.37021502
4208,1.715456637,76.76944208,75.05398544
4209,2.248260229,76.11211805,73.86385782
4210,2.865374662,76.62241701,73.75704235
4211,1.486905573,75.73621525,74.24930968
4212,2.041311469,76.95471235,74.91340088
4213,1.511451386,77.27585924,75.76440785
4214,2.657258182,77.2932617,74.63600351
4215,1.1011902,76.41813699,75.31694679
4216,2.722411842,77.41548054,74.6930687
4217,2.207880192,76.96557166,74.75769146
4218,1.649542025,77.63824189,75.98869987
4219,2.414108022,76.90962592,74.4955179
4220,2.475050059,75.70345128,73.22840122
4221,1.013087467,77.63058508,76.61749761
4222,1.452382416,76.65353491,75.20115249
4223,0.7847399332,77.6022663,76.81752636
4224,1.236167187,76.40132617,75.16515899
4225,2.445159934,75.73393431,73.28877438
4226,1.609792288,76.33256437,74.72277208
4227,2.941288714,76.69896254,73.75767382
4228,3.146629762,76.4949404,73.34831064
4229,1.574126041,75.7849131,74.21078706
4230,1.978691261,76.02677622,74.04808496
4231,1.997027392,76.99046639,74.993439
4232,0.845943305,76.44620088,75.60025757
4233,3.102964523,76.11621647,73.01325195
4234,2.08386138,77.52637241,75.44251103
4235,1.924373355,76.61701648,74.69264313
4236,2.189468089,76.60518701,74.41571892
4237,3.077488268,76.9604496,73.88296133
4238,2.222183494,77.20422681,74.98204331
4239,1.483739823,77.22290414,75.73916431
4240,2.342735963,75.90900333,73.56626737
4241,1.419124008,75.5543215,74.13519749
4242,2.167105497,75.11051792,72.94341243
4243,2.433161465,77.48976885,75.05660738
4244,2.156047336,77.21090646,75.05485913
4245,2.383969992,76.77354154,74.38957154
4246,0.8136070552,77.63002648,76.81641942
4247,1.06639749,76.54836228,75.48196479
4248,1.99143747,77.0116626,75.02022513
4249,1.682106947,77.12325559,75.44114864
4250,1.374521529,77.64266175,76.26814023
4251,2.169936311,76.2458712,74.07593489
4252,2.04523638,76.69351898,74.6482826
4253,1.74431449,76.03718355,74.29286906
4254,1.667903367,78.38041861,76.71251525
4255,2.743522598,76.56819225,73.82466966
4256,1.056555627,76.24562073,75.1890651
4257,2.326071547,77.04005682,74.71398527
4258,1.666539091,76.58320589,74.9166668
4259,2.545931524,75.61347045,73.06753893
4260,1.569964426,76.78265863,75.2126942
4261,2.669507075,76.1529314,73.48342433
4262,2.123797952,75.68868738,73.56488943
4263,1.252329298,76.69838352,75.44605423
4264,2.943607113,77.82442662,74.88081951
4265,2.447906469,76.7660797,74.31817323
4266,2.061819276,76.99206871,74.93024944
4267,2.418132581,78.45475954,76.03662695
4268,1.53267399,76.25040229,74.7177283
4269,1.585550601,77.01140447,75.42585387
4270,2.58469688,77.17028799,74.58559111
4271,3.07645682,76.08947347,73.01301665
4272,1.174822959,75.9692637,74.79444074
4273,0.6276444909,76.55749323,75.92984874
4274,1.126499192,77.32453722,76.19803802
4275,2.241702451,77.72154656,75.4798441
4276,1.578204982,76.75680661,75.17860163
4277,1.949306342,76.49647431,74.54716797
4278,1.735466218,75.8032348,74.06776859
4279,2.353744949,76.47122214,74.11747719
4280,1.735155827,76.86208117,75.12692534
4281,1.843631328,76.89305655,75.04942522
4282,0.6078915063,76.34251205,75.73462054
4283,2.816279973,77.50399809,74.68771812
4284,2.760156854,77.75733876,74.9971819
4285,1.75993222,77.1512016,75.39126938
4286,2.783426497,77.43912447,74.65569798
4287,1.337553351,77.45653583,76.11898248
4288,2.343018264,76.67152398,74.32850572
4289,2.918097238,76.21880197,73.30070474
4290,3.006825322,76.47710476,73.47027943
4291,1.181131243,76.47835484,75.2972236
4292,1.975894178,75.94425005,73.96835588
4293,1.891669118,76.56926902,74.6775999
4294,1.077906556,75.41980242,74.34189586
4295,2.796676439,76.52138652,73.72471008
4296,2.436563558,77.09129796,74.6547344
4297,2.652028415,76.25065487,73.59862646
4298,2.44588863,75.93394674,73.48805811
4299,1.126105295,76.43756906,75.31146376
4300,1.980246355,76.7008704,74.72062405
4301,2.099040081,76.21988158,74.1208415
4302,1.943974097,76.34539791,74.40142381
4303,1.44343194,76.67242229,75.22899035
4304,1.562200703,75.95882177,74.39662107
4305,0.968509782,77.28750649,76.31899671
4306,1.542287766,77.41562312,75.87333535
4307,1.877800636,76.59195252,74.71415188
4308,2.152105598,77.51468604,75.36258044
4309,2.380709893,76.91228073,74.53157084
4310,1.502891148,77.08416451,75.58127336
4311,2.414670901,76.87891939,74.46424849
4312,1.612640202,78.14599647,76.53335627
4313,2.869615796,77.01506277,74.14544698
4314,2.329528257,77.66076397,75.33123571
4315,1.219763855,76.22070371,75.00093985
4316,2.260232263,76.45773337,74.1975011
4317,3.269780919,77.60030124,74.33052032
4318,1.434697668,76.0836393,74.64894163
4319,1.3916156,77.02300536,75.63138976
4320,1.975123779,77.80692716,75.83180338
4321,2.392015394,76.74830534,74.35628995
4322,2.902635306,75.89052594,72.98789064
4323,2.114618821,76.71905893,74.60444011
4324,2.703700352,76.76374267,74.06004232
4325,2.00862959,77.17452718,75.1658976
4326,1.695758839,76.06188454,74.3661257
4327,2.466232816,77.57339626,75.10716344
4328,2.343164882,77.1005783,74.75741342
4329,1.430697045,76.85497705,75.42428
4330,1.530243635,76.20971881,74.67947517
4331,2.675268588,76.48608763,73.81081904
4332,3.249561632,76.17116924,72.92160761
4333,2.807948333,76.99887018,74.19092185
4334,2.564004641,77.24811363,74.68410899
4335,2.403080991,77.0601683,74.6570873
4336,2.176431238,76.95634153,74.77991029
4337,2.428405303,75.69625102,73.26784572
4338,1.46029444,76.0358673,74.57557286
4339,3.377571397,76.77730741,73.39973602
4340,2.098672335,77.11520548,75.01653314
4341,2.23820702,77.69274053,75.45453351
4342,1.927762234,76.26888846,74.34112623
4343,1.647430261,76.77314366,75.1257134
4344,2.629495294,77.67068622,75.04119093
4345,2.21709637,77.58878761,75.37169124
4346,1.594557439,76.16946542,74.57490798
4347,1.643102859,77.19003342,75.54693056
4348,1.034923108,76.72013603,75.68521292
4349,1.851164429,76.53750758,74.68634315
4350,1.146564715,76.66446821,75.5179035
4351,1.503708501,75.88574232,74.38203382
4352,2.034803102,76.91023726,74.87543416
4353,1.582697131,77.93229886,76.34960173
4354,1.276619383,75.95608929,74.67946991
4355,1.213513751,75.9540163,74.74050255
4356,2.144696183,77.44003674,75.29534056
4357,2.041483731,77.82492761,75.78344388
4358,3.19001919,76.79660931,73.60659012
4359,1.442408542,76.56817195,75.12576341
4360,1.639675042,77.4532929,75.81361786
4361,2.260866675,78.02659519,75.76572852
4362,1.027201302,76.62570021,75.5984989
4363,2.185417812,76.94229327,74.75687546
4364,1.42680665,75.18970902,73.76290237
4365,1.610989979,75.96981047,74.35882049
4366,2.083247197,75.85452673,73.77127953
4367,1.136411656,75.39949866,74.26308701
4368,1.91302784,76.71624398,74.80321614
4369,2.156851971,75.89325328,73.7364013
4370,1.711559595,77.33892114,75.62736154
4371,1.414732218,75.58711174,74.17237952
4372,1.925424915,77.05442774,75.12900283
4373,1.908161645,77.44473455,75.53657291
4374,2.102077087,76.92106256,74.81898547
4375,2.142865556,75.83661178,73.69374623
4376,2.234188709,76.76382572,74.52963701
4377,0.9838403475,77.40076414,76.4169238
4378,2.723985086,77.00255497,74.27856988
4379,1.929806531,76.73281634,74.80300981
4380,2.151827752,77.03611587,74.88428811
4381,1.589907238,76.91151249,75.32160525
4382,2.267241511,75.91538212,73.6481406
4383,2.673356042,76.2100209,73.53666485
4384,2.586063994,76.14144375,73.55537976
4385,1.69479558,76.08029408,74.3854985
4386,2.294240516,76.24928353,73.95504302
4387,1.458920436,75.71365946,74.25473903
4388,2.514286489,76.60792256,74.09363607
4389,1.301364853,76.74526315,75.4438983
4390,2.593974639,76.94282206,74.34884742
4391,1.820038121,75.75307195,73.93303383
4392,1.525046202,77.4481503,75.9231041
4393,1.127385495,76.05426188,74.92687638
4394,1.095778889,75.42979894,74.33402005
4395,1.394930923,77.4718735,76.07694258
4396,1.770884069,77.17648008,75.40559601
4397,2.154417471,77.35151304,75.19709557
4398,2.596443096,77.50942244,74.91297934
4399,2.752755972,76.86743414,74.11467817
4400,2.601668762,76.18536005,73.58369128
4401,2.528953425,76.67063847,74.14168504
4402,1.859661416,77.14648081,75.28681939
4403,3.359481154,76.2267529,72.86727175
4404,2.266895155,76.70771555,74.44082039
4405,1.247835657,76.5758725,75.32803684
4406,2.927826669,76.34582567,73.41799901
4407,1.983441202,77.81211676,75.82867556
4408,2.042442504,76.56709052,74.52464802
4409,2.493427586,76.7015987,74.20817111
4410,2.875537958,76.42428849,73.54875053
4411,1.188092426,76.62245875,75.43436633
4412,1.636269803,76.10472711,74.4684573
4413,2.55531562,76.33145072,73.7761351
4414,1.743966637,75.88100537,74.13703874
4415,2.070142282,76.60105296,74.53091068
4416,1.61965606,75.76390442,74.14424836
4417,1.825928755,77.47069309,75.64476434
4418,2.475360483,76.07240985,73.59704937
4419,2.102423113,76.48161255,74.37918944
4420,2.528885496,76.77387994,74.24499445
4421,2.402437206,78.28825097,75.88581376
4422,2.198557524,76.74820209,74.54964456
4423,2.095013473,77.14650768,75.0514942
4424,2.771345168,75.88167346,73.11032829
4425,1.652623377,75.48821556,73.83559218
4426,1.599751688,76.83449262,75.23474094
4427,2.20355554,77.14039883,74.93684329
4428,2.659094024,76.34389151,73.68479749
4429,2.165633604,76.28062608,74.11499247
4430,2.781829493,76.89950016,74.11767067
4431,2.570208485,76.80987297,74.23966448
4432,2.07526584,76.02301742,73.94775158
4433,1.23547399,78.30922555,77.07375156
4434,2.316837489,76.30677469,73.9899372
4435,2.272931989,76.56658999,74.29365801
4436,1.856383797,76.64587492,74.78949113
4437,1.366206075,77.38207124,76.01586516
4438,1.319465233,76.75472174,75.43525651
4439,1.954160988,76.61826741,74.66410642
4440,2.762384611,77.1299694,74.36758479
4441,1.1097978,75.94580704,74.83600924
4442,2.937982182,77.17940977,74.24142759
4443,1.40574628,76.12520339,74.71945711
4444,0.8659294254,77.1097374,76.24380797
4445,1.073325091,76.18961467,75.11628958
4446,3.079563668,76.76382176,73.68425809
4447,2.849023197,76.71084969,73.8618265
4448,0.9361663201,76.79299678,75.85683046
4449,1.381804102,76.29901134,74.91720724
4450,0.8093208267,76.75794207,75.94862124
4451,2.423740402,76.95377782,74.53003742
4452,3.65007355,76.95398244,73.30390889
4453,2.847966828,76.23924339,73.39127656
4454,2.604121025,77.04551032,74.4413893
4455,2.476117262,76.3196316,73.84351434
4456,1.198216886,76.60399431,75.40577743
4457,2.763054598,77.03583089,74.27277629
4458,2.35001609,76.3138094,73.9637933
4459,0.2282780655,77.69900792,77.47072985
4460,2.368439281,77.22088928,74.85245
4461,1.083105162,76.89303819,75.80993303
4462,1.678715459,78.02417027,76.34545481
4463,2.69330226,77.03704917,74.34374691
4464,2.469033213,75.75404788,73.28501466
4465,2.566779336,75.54729336,72.98051403
4466,2.858150087,77.12930958,74.27115949
4467,1.862371032,76.57180955,74.70943852
4468,1.911660362,77.09813505,75.18647468
4469,0.8446949824,76.18470737,75.34001238
4470,2.578381485,75.84133062,73.26294913
4471,2.563399764,75.93092245,73.36752269
4472,1.659205611,77.38501326,75.72580765
4473,1.696807604,76.63955258,74.94274498
4474,1.70320816,77.34760997,75.64440181
4475,0.6493627948,77.20447995,76.55511716
4476,1.976413098,76.87644052,74.90002742
4477,1.668147153,76.00538877,74.33724161
4478,1.897931801,78.03808064,76.14014883
4479,2.854216897,76.4796707,73.6254538
4480,0.8360505805,76.04217501,75.20612443
4481,2.505390986,76.15755546,73.65216448
4482,1.49627232,76.46408295,74.96781063
4483,2.021428986,76.3676219,74.34619292
4484,2.700763526,77.89367579,75.19291227
4485,1.949781086,76.8526014,74.90282032
4486,2.330479029,77.30633032,74.97585129
4487,1.322566741,76.43039221,75.10782546
4488,1.803872194,76.03185283,74.22798064
4489,0.8520363013,76.57746604,75.72542974
4490,2.021087705,76.78732329,74.76623559
4491,2.195978634,77.17953121,74.98355257
4492,2.733191527,77.1348312,74.40163968
4493,2.5271373,76.74673683,74.21959953
4494,1.015255314,76.83466164,75.81940633
4495,3.282511147,78.1339483,74.85143715
4496,1.473447885,76.18440568,74.7109578
4497,2.373035514,76.8259318,74.45289628
4498,2.149421111,75.62355172,73.47413061
4499,2.856266742,77.79024266,74.93397592
4500,2.437421233,75.69722539,73.25980416
4501,1.110917226,75.56040839,74.44949116
4502,1.036807802,75.70194177,74.66513397
4503,1.432118901,77.64175668,76.20963778
4504,2.329572579,76.74780973,74.41823716
4505,1.781688619,76.43895665,74.65726803
4506,2.330385234,76.18260889,73.85222366
4507,2.047166144,75.9917127,73.94454655
4508,1.695115994,75.9778869,74.2827709
4509,3.046297554,76.49926461,73.45296706
4510,1.868568668,76.03047535,74.16190668
4511,2.050318117,76.51746141,74.46714329
4512,2.649190856,76.96551593,74.31632508
4513,1.811433085,76.61089468,74.79946159
4514,2.516838887,76.04193527,73.52509638
4515,2.579760732,76.40570246,73.82594173
4516,1.932570065,77.46419216,75.53162209
4517,1.689315385,76.21409215,74.52477677
4518,1.606135657,77.21122479,75.60508913
4519,1.970246133,76.0308042,74.06055806
4520,2.193350545,77.48912857,75.29577803
4521,2.037864968,75.47755783,73.43969287
4522,1.600955222,75.97564725,74.37469203
4523,2.539009652,76.45870782,73.91969817
4524,1.661690695,75.76581925,74.10412855
4525,2.994787403,77.34933964,74.35455224
4526,3.154379303,76.59052544,73.43614613
4527,2.010397834,77.47904212,75.46864429
4528,2.753592829,76.81291001,74.05931718
4529,1.087265025,77.71200812,76.62474309
4530,2.403840214,76.30097551,73.89713529
4531,0.8658522384,75.85552915,74.98967691
4532,1.883223137,77.65597921,75.77275608
4533,1.051392351,75.24455314,74.19316079
4534,1.886993594,77.2387078,75.35171421
4535,2.545114236,76.95839727,74.41328304
4536,1.7148138,76.98621673,75.27140293
4537,2.260652458,76.85066414,74.59001169
4538,1.901938764,76.8309089,74.92897014
4539,2.225223542,75.44121846,73.21599492
4540,1.154341901,75.99534687,74.84100497
4541,2.110751366,76.99252573,74.88177437
4542,1.232921871,76.63717828,75.40425641
4543,2.342118155,77.39354695,75.05142879
4544,2.759268612,76.72516671,73.9658981
4545,2.575998711,77.30042478,74.72442607
4546,2.330680067,77.74424167,75.4135616
4547,2.440497328,76.40085306,73.96035573
4548,0.9170411654,77.11687738,76.19983621
4549,1.842524068,76.54379981,74.70127575
4550,2.511214704,76.39771106,73.88649636
4551,0.97971817,76.76176555,75.78204738
4552,1.02269147,76.41273431,75.39004284
4553,1.828873579,76.31668617,74.48781259
4554,1.031323248,76.64211607,75.61079283
4555,2.54732488,74.92435098,72.3770261
4556,1.147686506,76.52938297,75.38169646
4557,0.9677300947,77.23924351,76.27151342
4558,2.05393739,77.0756571,75.02171971
4559,1.717936113,75.14629128,73.42835517
4560,1.533327684,76.75629679,75.22296911
4561,1.392760134,78.24880161,76.85604148
4562,1.709923393,76.70415952,74.99423613
4563,2.268124474,76.65175799,74.38363351
4564,1.732059407,76.34810252,74.61604312
4565,2.640366506,76.79422984,74.15386333
4566,1.969702395,77.09420816,75.12450576
4567,2.613501984,77.6927336,75.07923161
4568,0.3821043748,76.00912962,75.62702525
4569,0.8262708874,77.54339917,76.71712829
4570,1.095603084,76.74912016,75.65351707
4571,0.9849435975,77.033166,76.0482224
4572,2.146588242,78.17298449,76.02639625
4573,3.05304372,76.46878845,73.41574473
4574,1.23960036,76.66639935,75.42679899
4575,1.226438614,76.77990167,75.55346306
4576,1.897753551,76.19326962,74.29551606
4577,2.539125761,77.27697178,74.73784602
4578,1.49769393,76.29713583,74.7994419
4579,1.5904608,76.79822241,75.20776161
4580,2.473969794,76.47853813,74.00456833
4581,2.697039577,76.11157668,73.41453711
4582,2.421077751,77.14127669,74.72019894
4583,1.873989374,76.97698746,75.10299808
4584,2.242356709,76.5842051,74.34184839
4585,2.076285246,75.64693843,73.57065319
4586,2.416938177,77.12243228,74.7054941
4587,1.011569957,77.12982572,76.11825576
4588,1.626060926,76.19246933,74.56640841
4589,2.491821394,76.56935575,74.07753436
4590,1.746700415,76.9864868,75.23978639
4591,2.575328405,76.24682641,73.671498
4592,1.750772302,76.49566463,74.74489232
4593,2.592123048,77.29213971,74.70001666
4594,1.285055087,75.93321198,74.6481569
4595,2.274819728,76.18992528,73.91510555
4596,2.577972893,76.28414163,73.70616874
4597,0.6809128448,76.25112305,75.57021021
4598,1.69139404,75.84891903,74.15752498
4599,1.800440073,76.34036932,74.53992924
4600,1.591056438,76.98071877,75.38966233
4601,1.771164606,77.51243157,75.74126696
4602,1.63665887,76.44500729,74.80834842
4603,2.070872602,76.86101016,74.79013756
4604,2.584886539,77.84311159,75.25822505
4605,1.979894049,77.68557701,75.70568296
4606,1.675049957,76.58059556,74.9055456
4607,1.708714414,77.09861662,75.38990221
4608,1.94456208,75.79034857,73.8457865
4609,2.095828003,75.99768397,73.90185596
4610,2.16107077,76.76979428,74.60872351
4611,1.976765404,76.3498929,74.37312749
4612,1.374253063,75.97863897,74.60438591
4613,2.141814663,76.43435466,74.29254
4614,2.515437219,76.19269337,73.67725615
4615,2.145314932,76.76855449,74.62323955
4616,3.284969136,76.13826808,72.85329894
4617,2.153622696,76.35141732,74.19779463
4618,2.176909455,76.92946417,74.75255472
4619,2.696921499,77.33814054,74.64121904
4620,1.607540367,76.81458865,75.20704828
4621,2.951582476,76.95899377,74.00741129
4622,1.127937285,76.25510438,75.12716709
4623,1.860734142,77.00181838,75.14108424
4624,2.433319285,77.12358781,74.69026853
4625,1.791938482,76.22068583,74.42874735
4626,2.32658934,77.87592766,75.54933832
4627,2.959494025,77.01213077,74.05263675
4628,2.003858208,76.95258627,74.94872806
4629,1.972708827,75.65641049,73.68370166
4630,1.828883793,76.12597109,74.29708729
4631,1.389276891,77.35486962,75.96559273
4632,1.038662027,77.22448696,76.18582493
4633,1.739688391,77.94363281,76.20394442
4634,1.769600178,78.35552974,76.58592956
4635,1.342538656,75.7325757,74.39003705
4636,1.786093157,75.75515526,73.9690621
4637,1.869504977,76.02607843,74.15657345
4638,2.713386495,77.12494951,74.41156302
4639,0.7304397933,75.79226183,75.06182203
4640,0.8589757886,76.45058722,75.59161143
4641,1.132584019,75.63268464,74.50010062
4642,1.721438897,76.12526803,74.40382914
4643,2.109981647,77.07489372,74.96491208
4644,2.049019013,75.85875575,73.80973674
4645,1.810516048,76.51961252,74.70909647
4646,0.9453366312,76.18962352,75.24428689
4647,2.586488198,77.19517115,74.60868296
4648,0.9806088819,76.78807924,75.80747036
4649,2.384403656,76.99471755,74.61031389
4650,0.6720637634,75.86263132,75.19056755
4651,2.520098436,77.87112401,75.35102558
4652,2.033806106,75.98867029,73.95486419
4653,1.968015284,77.60917048,75.6411552
4654,1.88481594,75.75982857,73.87501263
4655,1.947791071,76.23314506,74.28535399
4656,0.9227664601,76.72401659,75.80125013
4657,1.124725707,76.11589558,74.99116987
4658,1.146826881,76.80851813,75.66169125
4659,2.374524192,77.13242675,74.75790255
4660,2.322182249,77.30117899,74.97899674
4661,2.541677324,77.62646406,75.08478673
4662,2.616358874,76.64668087,74.03032199
4663,1.747950648,77.83074896,76.08279831
4664,1.020861673,75.71537073,74.69450906
4665,0.9721896617,75.8709686,74.89877894
4666,2.437124239,76.71638396,74.27925972
4667,2.871766032,76.70759295,73.83582692
4668,2.771269155,76.6062734,73.83500424
4669,2.502614754,76.75363496,74.25102021
4670,3.30659591,76.91341307,73.60681716
4671,2.385293938,76.56878839,74.18349446
4672,1.548114222,76.7176753,75.16956107
4673,0.4713335068,76.21642331,75.7450898
4674,1.961532986,76.1681237,74.20659071
4675,3.271184562,76.8051074,73.53392284
4676,1.340110418,77.02990038,75.68978996
4677,1.632067849,77.0289579,75.39689005
4678,2.472534315,75.81003198,73.33749767
4679,1.966247232,76.78437483,74.8181276
4680,1.958014098,76.942288,74.9842739
4681,1.657886635,77.60614244,75.9482558
4682,1.031880231,76.8611639,75.82928367
4683,1.76040371,77.31934914,75.55894543
4684,2.721310906,75.94590594,73.22459504
4685,1.607517946,76.80954174,75.2020238
4686,0.6456472954,75.81217512,75.16652783
4687,3.153065796,77.57638262,74.42331683
4688,2.802215667,76.67165671,73.86944104
4689,2.444057507,75.96542106,73.52136356
4690,2.788638658,76.49354276,73.70490411
4691,0.9373139368,76.24832364,75.3110097
4692,1.919919663,76.23314268,74.31322302
4693,1.731735392,75.76599249,74.03425709
4694,1.87182231,75.65734787,73.78552556
4695,1.413184261,76.20087943,74.78769517
4696,1.712945347,77.1739193,75.46097395
4697,1.106281867,75.43874124,74.33245937
4698,0.814847343,76.16903005,75.35418271
4699,1.360216064,77.01097928,75.65076322
4700,1.955878741,76.27323288,74.31735414
4701,0.9749014563,76.65357491,75.67867346
4702,2.083912886,75.97114787,73.88723498
4703,1.611883531,75.15210838,73.54022485
4704,2.363846192,77.1378228,74.7739766
4705,1.509794651,75.9025465,74.39275185
4706,0.6682418558,75.97059945,75.3023576
4707,2.014257693,76.47116591,74.45690822
4708,3.568450118,77.43129968,73.86284957
4709,2.208843125,77.00852321,74.79968009
4710,2.348145382,76.8998773,74.55173192
4711,2.696603035,75.56943784,72.8728348
4712,2.017361652,76.88884478,74.87148313
4713,2.250620495,76.49562841,74.24500791
4714,2.47361112,76.99658867,74.52297755
4715,3.428351665,77.16295508,73.73460341
4716,2.288251417,76.11985081,73.8315994
4717,1.484476508,75.42394077,73.93946427
4718,1.627052183,76.23275096,74.60569878
4719,0.7694199842,76.55479175,75.78537176
4720,1.647717685,76.51010925,74.86239156
4721,1.679508707,76.94004894,75.26054023
4722,1.271941416,75.77532102,74.5033796
4723,1.863536217,76.69412506,74.83058884
4724,0.6349108306,76.88919755,76.25428672
4725,2.015254371,77.25797628,75.24272191
4726,2.344191503,77.326619,74.9824275
4727,1.521978296,76.21021564,74.68823735
4728,2.356848497,76.19321669,73.83636819
4729,1.60192645,76.62372974,75.02180329
4730,2.549966713,76.53876073,73.98879402
4731,2.21490369,75.6208765,73.40597281
4732,2.243238504,76.57952616,74.33628765
4733,1.08838194,76.3821034,75.29372146
4734,1.995534915,76.45963285,74.46409793
4735,1.159981787,76.50035877,75.34037699
4736,1.559641618,76.5473278,74.98768618
4737,1.765055141,77.7462638,75.98120866
4738,2.175302115,76.20621643,74.03091432
4739,2.372364614,76.87797762,74.505613
4740,1.785996916,76.25778925,74.47179233
4741,2.033132166,77.63415947,75.6010273
4742,1.895089082,76.59023836,74.69514928
4743,2.325694664,76.6740534,74.34835873
4744,3.23726098,76.53987462,73.30261364
4745,1.414535911,76.15180063,74.73726471
4746,2.586130271,76.99772737,74.4115971
4747,3.00091356,76.07236727,73.07145371
4748,2.149296053,78.08007493,75.93077888
4749,2.630166544,76.60956523,73.97939869
4750,2.920684376,76.48363762,73.56295325
4751,1.06721661,77.48518707,76.41797046
4752,2.483742261,77.06094865,74.57720639
4753,2.267894393,76.88634589,74.61845149
4754,0.8174308858,76.74530208,75.92787119
4755,1.502553566,76.15175118,74.64919761
4756,3.513345102,76.36821306,72.85486796
4757,2.319584813,76.36859409,74.04900927
4758,2.079147154,75.87267172,73.79352457
4759,1.981130233,76.16089219,74.17976196
4760,0.7695190636,76.59739722,75.82787816
4761,2.291145837,76.82700275,74.53585691
4762,3.161168081,76.94193723,73.78076915
4763,0.8121157737,76.75761284,75.94549707
4764,2.655917428,77.38979824,74.73388082
4765,2.842724791,77.09220348,74.24947868
4766,2.123535869,76.66356423,74.54002836
4767,1.148890833,77.04718663,75.8982958
4768,1.559149349,76.63578492,75.07663557
4769,3.134779146,77.217192,74.08241286
4770,3.493807281,76.80519971,73.31139243
4771,2.114255906,76.58513612,74.47088021
4772,2.250906741,77.37694058,75.12603384
4773,1.295621784,77.09034497,75.79472319
4774,1.723160554,76.51829518,74.79513463
4775,3.731396379,76.83588412,73.10448774
4776,2.246648659,76.16766627,73.92101761
4777,2.503509381,77.20184318,74.6983338
4778,1.181187764,75.55797237,74.37678461
4779,2.709297551,77.68861113,74.97931358
4780,2.716334488,76.63072381,73.91438932
4781,2.434783477,76.4317764,73.99699292
4782,1.9763909,75.85567393,73.87928303
4783,2.181792999,77.49804353,75.31625053
4784,2.495191427,77.19001137,74.69481995
4785,1.346205972,76.90339281,75.55718684
4786,1.61094345,76.53068576,74.91974231
4787,1.857889517,76.98083199,75.12294247
4788,1.746117393,77.20488993,75.45877253
4789,3.116495786,76.34183345,73.22533767
4790,1.631103811,77.31885546,75.68775165
4791,1.942730485,77.11087325,75.16814276
4792,1.264753457,75.80418026,74.5394268
4793,2.691249585,77.28963569,74.59838611
4794,2.245869032,77.19413422,74.94826519
4795,1.868719745,76.60707577,74.73835602
4796,2.788864181,76.97303093,74.18416675
4797,1.651202101,76.4384376,74.7872355
4798,2.609913483,78.55658328,75.9466698
4799,1.871849816,77.01617059,75.14432077
4800,1.856042689,76.95932099,75.1032783
4801,2.649519071,76.62424984,73.97473077
4802,3.095420383,76.6461263,73.55070592
4803,1.660277215,75.96948005,74.30920283
4804,2.123969585,76.09636917,73.97239959
4805,2.352805219,77.04225478,74.68944956
4806,2.704707452,77.4906233,74.78591585
4807,1.695726828,76.56982951,74.87410268
4808,3.05343079,76.15201935,73.09858856
4809,1.923390637,76.38342351,74.46003287
4810,2.947948576,77.42338509,74.47543652
4811,2.674889187,76.51109694,73.83620775
4812,2.546854003,76.1358529,73.58899889
4813,2.918878765,76.29589063,73.37701186
4814,2.994696516,76.25007784,73.25538132
4815,0.9310703699,76.10585725,75.17478688
4816,2.262509202,76.20261237,73.94010317
4817,1.263402995,75.45779062,74.19438762
4818,1.958423532,77.86579409,75.90737056
4819,0.9376636647,75.60579619,74.66813253
4820,2.231176377,77.05554715,74.82437077
4821,1.233389704,77.6802795,76.4468898
4822,2.218043333,75.76931686,73.55127353
4823,1.996011609,77.39257651,75.3965649
4824,1.569269387,75.8998588,74.33058941
4825,1.965362092,76.33206256,74.36670046
4826,2.715291559,77.46304423,74.74775267
4827,2.486064112,78.07188635,75.58582223
4828,0.8847967556,76.81020051,75.92540376
4829,1.976065865,77.50299274,75.52692688
4830,2.593842435,76.66242129,74.06857886
4831,1.084487255,76.31186185,75.22737459
4832,1.384492506,75.72915089,74.34465838
4833,2.203191097,75.85623737,73.65304627
4834,0.8363264723,76.8462207,76.00989422
4835,1.659737647,75.89935965,74.239622
4836,2.055980471,75.99219881,73.93621834
4837,2.744643541,76.92388707,74.17924353
4838,2.605035049,77.20443166,74.59939661
4839,1.991999323,77.23856457,75.24656524
4840,2.571444295,76.71942647,74.14798217
4841,1.976042595,77.42930798,75.45326539
4842,3.531600477,77.21305401,73.68145353
4843,2.265172132,76.59844813,74.333276
4844,1.507872345,76.47775337,74.96988103
4845,1.76726219,77.3622895,75.59502731
4846,2.575677448,77.20839667,74.63271922
4847,1.102034723,77.21103273,76.108998
4848,2.363725393,76.93350777,74.56978238
4849,1.855508563,76.00645302,74.15094446
4850,2.351548387,77.52865828,75.17710989
4851,1.776538752,76.60136818,74.82482943
4852,2.078072966,76.65434946,74.57627649
4853,1.136969582,77.30488702,76.16791744
4854,1.35110438,76.94140743,75.59030305
4855,2.38787861,76.57402252,74.18614391
4856,2.069692931,78.2063429,76.13664997
4857,1.387738834,75.76723567,74.37949684
4858,1.07738283,77.84527122,76.76788839
4859,1.67182019,77.12120331,75.44938312
4860,2.736119777,76.52972576,73.79360599
4861,2.546479631,77.82565839,75.27917876
4862,1.982700056,76.77550407,74.79280401
4863,2.069475581,76.98190754,74.91243196
4864,1.327584147,76.14867684,74.8210927
4865,1.648638638,77.00917012,75.36053148
4866,2.217091638,76.03432112,73.81722948
4867,2.984720599,75.90400289,72.91928229
4868,2.006832545,76.23509391,74.22826137
4869,1.359508208,76.45903185,75.09952365
4870,1.727200875,77.28068552,75.55348464
4871,1.927209759,76.56897692,74.64176716
4872,2.407742934,76.45953677,74.05179383
4873,1.929368676,76.65599639,74.72662771
4874,2.500494255,76.21128752,73.71079327
4875,1.438128778,76.97589522,75.53776644
4876,1.90751717,76.00306167,74.0955445
4877,2.591725052,77.89505792,75.30333287
4878,1.628705682,77.68871096,76.06000528
4879,2.436267521,76.69340613,74.25713861
4880,2.252466894,76.27887068,74.02640378
4881,3.07436874,77.3156225,74.24125376
4882,1.943614144,76.19018863,74.24657448
4883,2.313971232,76.97227812,74.65830689
4884,2.809445655,77.04824887,74.23880322
4885,1.376189942,76.43189871,75.05570876
4886,1.499651289,76.30361428,74.80396299
4887,1.493326816,77.25288282,75.75955601
4888,1.68709029,76.31540685,74.62831656
4889,2.108450375,77.6635033,75.55505292
4890,2.884128767,77.33912124,74.45499248
4891,1.635651894,76.07451813,74.43886624
4892,2.25862412,76.30609137,74.04746725
4893,0.8489258407,77.70420446,76.85527862
4894,1.783376121,76.34974752,74.5663714
4895,1.179110282,76.8509698,75.67185952
4896,2.914632417,76.8499949,73.93536248
4897,0.8854124394,76.66575815,75.78034571
4898,1.980591135,76.61312899,74.63253785
4899,1.596937231,77.22153748,75.62460024
4900,1.307806823,77.28605951,75.97825269
4901,1.622606507,75.8837783,74.2611718
4902,1.052437389,76.22586343,75.17342604
4903,1.865349971,78.04121209,76.17586212
4904,1.264886041,76.13516176,74.87027572
4905,2.236858892,77.5097674,75.2729085
4906,2.158791993,76.2740929,74.1153009
4907,1.307198136,76.12692816,74.81973002
4908,3.061946529,77.78288172,74.72093519
4909,2.132279322,77.04988324,74.91760392
4910,3.243137908,76.411315,73.16817709
4911,2.168453015,76.21571467,74.04726165
4912,1.560045201,75.98050128,74.42045608
4913,3.366910427,75.99703877,72.63012834
4914,1.908969993,76.93834212,75.02937212
4915,3.333794874,76.42659885,73.09280398
4916,1.167982852,77.78993704,76.62195419
4917,2.171521764,78.56456066,76.39303889
4918,2.678543058,76.96981725,74.2912742
4919,1.650806418,76.02766912,74.3768627
4920,2.91826646,76.48166301,73.56339655
4921,2.343637906,77.10474209,74.76110419
4922,2.20212054,75.52598571,73.32386517
4923,1.377520093,75.30810489,73.93058479
4924,2.497395525,76.55812055,74.06072502
4925,2.722329436,76.20891216,73.48658273
4926,1.986232724,76.83794657,74.85171385
4927,2.608667423,77.96604132,75.3573739
4928,1.056724091,76.42048085,75.36375676
4929,1.932631779,75.25542815,73.32279637
4930,2.771963158,76.24730489,73.47534173
4931,1.424125204,76.22983941,74.80571421
4932,2.155609537,78.14378264,75.9881731
4933,1.6045027,77.2371965,75.6326938
4934,2.692520927,76.78313978,74.09061885
4935,2.202924449,76.14259229,73.93966784
4936,1.461750578,76.69684071,75.23509013
4937,1.856696467,76.59925205,74.74255558
4938,2.325993959,76.46867559,74.14268164
4939,2.751313212,77.98606691,75.2347537
4940,2.20034882,76.88378926,74.68344044
4941,2.048605224,77.33277777,75.28417255
4942,2.489210394,76.83899844,74.34978805
4943,1.654599502,76.52391124,74.86931173
4944,1.796761101,78.0664568,76.2696957
4945,2.268751115,77.02607169,74.75732057
4946,2.310772577,77.23079322,74.92002065
4947,1.419764436,77.27553722,75.85577278
4948,1.75587533,76.56146823,74.8055929
4949,0.6812887804,76.46371873,75.78242995
4950,2.008660938,76.53667901,74.52801807
4951,3.261676091,76.55928472,73.29760863
4952,2.85975257,76.76488601,73.90513344
4953,2.377123715,76.89535412,74.51823041
4954,1.880049936,76.56489968,74.68484975
4955,1.564024776,77.19968741,75.63566263
4956,2.805161756,76.51897082,73.71380906
4957,1.87984532,76.58176117,74.70191585
4958,2.277944515,75.78313546,73.50519095
4959,2.128577931,76.03066319,73.90208525
4960,1.096818767,77.29448537,76.1976666
4961,1.300391135,75.43021245,74.12982132
4962,2.373981371,77.22529503,74.85131365
4963,1.926343669,77.39238741,75.46604374
4964,2.109988537,77.92252904,75.8125405
4965,2.34499025,77.58388757,75.23889732
4966,2.974139747,76.95369988,73.97956014
4967,2.745671735,77.32408307,74.57841133
4968,1.799980246,76.4257876,74.62580736
4969,2.748731264,77.18249205,74.43376078
4970,2.698564097,76.36967127,73.67110718
4971,1.374306826,77.02156928,75.64726245
4972,2.085755783,76.50446501,74.41870923
4973,0.9970592974,77.04655951,76.04950022
4974,2.920838248,76.34647878,73.42564054
4975,1.000071029,76.47067286,75.47060183
4976,0.9296552513,76.29052253,75.36086728
4977,1.834574812,77.81454843,75.97997362
4978,2.047741202,76.73680803,74.68906682
4979,2.467401332,76.97913658,74.51173525
4980,2.231187565,76.920991,74.68980343
4981,1.997891781,76.34513881,74.34724703
4982,2.29210652,76.97871294,74.68660642
4983,1.756119963,76.79710421,75.04098425
4984,3.401719803,77.28782521,73.88610541
4985,2.300623549,76.16598157,73.86535802
4986,2.720958939,75.596982,72.87602306
4987,1.528087209,77.16660489,75.63851768
4988,2.784901628,76.6561941,73.87129247
4989,2.437671441,76.38678154,73.9491101
4990,2.76681294,75.62250166,72.85568872
4991,1.709972192,76.0686708,74.35869861
4992,1.341586028,76.40571602,75.06413
4993,2.773249169,76.88895645,74.11570728
4994,1.562212282,77.49339262,75.93118034
4995,1.72465526,77.61773703,75.89308177
4996,2.805855852,76.99616561,74.19030976
4997,1.655241519,76.82905176,75.17381024
4998,2.552082274,77.64265458,75.09057231
4999,1.654076167,76.21834779,74.56427163
5000,1.632407924,74.84752985,73.21512193
5001,2.491192705,76.50722885,74.01603615
5002,2.118447648,77.00249084,74.8840432
5003,1.854174684,77.18133973,75.32716504
5004,1.497512389,76.85882846,75.36131607
5005,1.867047605,75.61070189,73.74365428
5006,2.175594232,76.36542661,74.18983238
5007,1.125489051,76.29891154,75.17342249
5008,1.561592584,76.37035582,74.80876324
5009,2.277830598,76.59798492,74.32015433
5010,1.387945674,77.09722468,75.709279
5011,1.728504371,76.32123023,74.59272586
5012,2.28027836,77.05258772,74.77230936
5013,1.498298006,77.73028954,76.23199154
5014,2.22717596,76.86745569,74.64027973
5015,2.352807623,76.97213907,74.61933144
5016,2.195308818,76.30148325,74.10617443
5017,2.071190936,77.14092145,75.06973052
5018,1.594963199,76.06066394,74.46570074
5019,2.919415693,77.32605004,74.40663434
5020,2.537520386,77.11408011,74.57655973
5021,2.820412437,77.19563606,74.37522362
5022,3.26918419,76.68674368,73.41755949
5023,1.739861568,77.70865265,75.96879108
5024,2.141669796,76.06532261,73.92365281
5025,2.485076533,76.42367719,73.93860066
5026,1.717281851,76.98542387,75.26814201
5027,1.427677824,76.29501095,74.86733312
5028,1.115465585,76.61005171,75.49458613
5029,1.115448301,75.92968997,74.81424167
5030,2.366456493,78.45230383,76.08584734
5031,2.214512651,76.15804244,73.94352979
5032,0.2907540962,77.1015326,76.8107785
5033,2.231500793,76.67848452,74.44698373
5034,2.398964674,76.74796993,74.34900526
5035,2.5170698,76.43869194,73.92162214
5036,1.88412824,76.22174543,74.33761719
5037,1.488032127,76.7253153,75.23728317
5038,1.76616,76.65305519,74.88689519
5039,2.042774986,77.10143184,75.05865685
5040,2.298494311,76.86541993,74.56692562
5041,2.921502999,77.00571368,74.08421068
5042,1.20089188,76.68706266,75.48617078
5043,2.602430075,76.68537328,74.0829432
5044,1.852417237,76.25382843,74.40141119
5045,1.94933793,76.50313158,74.55379365
5046,1.660803624,76.79452206,75.13371844
5047,0.8817134952,76.38477715,75.50306365
5048,1.932747596,75.77989935,73.84715175
5049,0.9336404692,76.66193182,75.72829135
5050,1.240539639,76.34696945,75.10642981
5051,1.655821479,77.90008513,76.24426365
5052,3.4841338,76.94937468,73.46524088
5053,1.955884448,76.41460221,74.45871776
5054,1.103679243,76.95543956,75.85176032
5055,2.294888456,76.22264099,73.92775253
5056,1.050915652,76.65737344,75.60645779
5057,2.403363044,77.63793629,75.23457324
5058,1.54138215,77.70241305,76.1610309
5059,0.623582226,76.53467302,75.91109079
5060,2.126310168,76.22860497,74.1022948
5061,2.298335828,76.55211595,74.25378012
5062,1.00078728,76.78282779,75.78204051
5063,1.889440233,75.62701962,73.73757938
5064,1.949463964,76.43976122,74.49029725
5065,2.924798288,75.99321724,73.06841895
5066,3.565334009,76.79715735,73.23182334
5067,1.181768407,76.45436405,75.27259564
5068,1.058061347,77.80859148,76.75053013
5069,2.780461805,77.0361982,74.2557364
5070,2.042017688,76.19343978,74.15142209
5071,2.051620781,76.54954358,74.4979228
5072,1.976452602,77.67678801,75.70033541
5073,1.391428481,76.70454813,75.31311965
5074,2.161669932,76.87831769,74.71664776
5075,2.760033092,76.65464835,73.89461525
5076,1.890873039,76.61130247,74.72042943
5077,1.402658677,77.45444765,76.05178897
5078,2.539630324,77.22981494,74.69018461
5079,2.323979491,76.37996747,74.05598798
5080,1.274902064,75.61606997,74.3411679
5081,2.710107615,76.60077725,73.89066964
5082,0.8763044031,75.83986846,74.96356406
5083,2.998013805,76.32467716,73.32666335
5084,1.215534801,77.19667736,75.98114256
5085,1.951825388,76.42183883,74.47001344
5086,3.004596777,77.45132585,74.44672907
5087,0.6432416391,77.24316609,76.59992445
5088,2.385929184,76.77545619,74.38952701
5089,2.191316791,76.9345362,74.74321941
5090,1.39296267,76.12487116,74.73190849
5091,2.268044753,77.19067256,74.9226278
5092,2.760053523,76.18328085,73.42322733
5093,1.741198971,77.39983281,75.65863384
5094,1.335700251,76.57847088,75.24277063
5095,2.824795335,76.73522444,73.9104291
5096,1.214818059,77.50425836,76.2894403
5097,1.303691256,76.86495384,75.56126258
5098,2.345935195,76.80344482,74.45750963
5099,2.261698199,76.71004075,74.44834255
5100,2.043667814,76.85254653,74.80887872
5101,2.452680617,76.96654377,74.51386316
5102,3.021992357,77.44430249,74.42231013
5103,1.462774038,77.09261114,75.62983711
5104,2.106596787,76.55022214,74.44362536
5105,1.694899201,77.29487902,75.59997982
5106,2.309580495,77.0537064,74.74412591
5107,2.209997358,76.2385389,74.02854154
5108,0.990313063,76.07305634,75.08274328
5109,1.631960933,77.21541601,75.58345507
5110,2.530095817,76.11152459,73.58142877
5111,1.680006952,75.597895,73.91788804
5112,1.928668543,75.51565347,73.58698493
5113,1.023131588,77.50940469,76.4862731
5114,1.590781132,78.14271247,76.55193134
5115,1.674644579,77.29621148,75.6215669
5116,2.326895484,75.19493212,72.86803664
5117,2.07465694,76.27272448,74.19806754
5118,1.846149606,77.26880075,75.42265115
5119,1.994424151,76.60382666,74.60940251
5120,2.110613997,77.58458148,75.47396748
5121,1.716347814,76.30669619,74.59034838
5122,2.990331999,76.59307457,73.60274257
5123,1.030717344,76.18282451,75.15210717
5124,2.681418758,76.77355103,74.09213227
5125,0.9940735339,76.59019618,75.59612265
5126,2.507051462,77.4726533,74.96560184
5127,0.7424723928,75.76857638,75.02610398
5128,1.875462858,75.86287604,73.98741318
5129,2.524761175,75.90090135,73.37614018
5130,1.508842993,76.78458492,75.27574193
5131,2.110439381,76.64923237,74.53879299
5132,1.073165819,76.05323241,74.98006659
5133,2.436100181,77.00871621,74.57261602
5134,2.638380588,77.97220673,75.33382614
5135,2.169924927,76.86663002,74.6967051
5136,2.272669194,76.53978573,74.26711654
5137,2.598984073,76.03248599,73.43350192
5138,0.4576197068,76.14431646,75.68669675
5139,1.60915117,75.98347514,74.37432397
5140,2.726657097,76.98830151,74.26164442
5141,2.210131152,78.25973285,76.0496017
5142,1.578110375,76.90463964,75.32652927
5143,2.19940637,77.02476687,74.8253605
5144,1.264935733,76.42706496,75.16212923
5145,1.196707611,75.89341343,74.69670582
5146,1.459545131,76.97933548,75.51979035
5147,1.153280796,77.04834227,75.89506147
5148,2.915378694,76.43424051,73.51886182
5149,1.292114792,75.9981379,74.70602311
5150,1.81479092,76.58169423,74.76690331
5151,1.77262943,77.11310638,75.34047695
5152,1.328141677,76.17324172,74.84510004
5153,3.02228198,77.19198108,74.1696991
5154,2.967977516,76.50336865,73.53539113
5155,1.535492469,76.35226725,74.81677478
5156,2.281961518,77.1068767,74.82491518
5157,1.551591798,77.59759343,76.04600163
5158,0.8586380266,76.28445289,75.42581486
5159,2.132797817,76.75566215,74.62286433
5160,2.112651955,76.67407417,74.56142222
5161,1.424392113,76.90845287,75.48406076
5162,0.7168302067,75.68432555,74.96749534
5163,1.731068712,76.02805773,74.29698901
5164,2.717566965,76.5245826,73.80701564
5165,2.463327396,77.41179605,74.94846865
5166,2.568731357,76.26074034,73.69200898
5167,2.073369158,76.08820563,74.01483648
5168,0.8467560243,76.65950061,75.81274458
5169,2.197698366,77.0715971,74.87389874
5170,2.324956892,76.6343153,74.30935841
5171,1.616915667,76.95166517,75.3347495
5172,2.589603032,76.37289593,73.7832929
5173,2.335629527,77.50379015,75.16816062
5174,2.341062892,76.74573504,74.40467215
5175,1.882153973,76.55278438,74.6706304
5176,1.858068101,76.32508579,74.46701769
5177,2.242716858,77.29143721,75.04872035
5178,0.9107404339,77.28246565,76.37172521
5179,2.672198367,75.67610339,73.00390502
5180,3.175011449,76.81076195,73.63575051
5181,1.911950467,76.83057105,74.91862059
5182,2.446464198,77.10640654,74.65994235
5183,1.676223039,75.47075084,73.7945278
5184,2.562102271,76.39073421,73.82863194
5185,2.046422787,75.69107829,73.6446555
5186,1.557160816,77.49842046,75.94125964
5187,3.290948693,76.32150847,73.03055978
5188,1.371494833,77.17462695,75.80313212
5189,2.401519563,76.1618177,73.76029813
5190,2.991287952,77.8491409,74.85785295
5191,2.611134169,76.7044358,74.09330164
5192,0.8181603281,76.20456423,75.38640391
5193,2.378303289,77.25203514,74.87373185
5194,2.108281923,76.48168346,74.37340154
5195,2.711817538,76.85515677,74.14333923
5196,0.9154872974,76.74718772,75.83170042
5197,2.685090988,77.05624086,74.37114987
5198,2.427807524,76.46216364,74.03435611
5199,2.45936662,77.25323763,74.79387101
5200,2.984578991,76.7997242,73.81514521
5201,1.690740196,76.48096262,74.79022242
5202,1.920102489,77.21119324,75.29109075
5203,2.201001931,77.01925445,74.81825252
5204,2.070145756,76.62267122,74.55252547
5205,3.187456697,76.33540862,73.14795192
5206,2.43158951,77.61049756,75.17890805
5207,2.272961908,76.42156496,74.14860305
5208,2.165692736,76.01627049,73.85057776
5209,0.7383786943,78.43619248,77.69781379
5210,1.581395163,76.02864522,74.44725006
5211,2.855885001,76.91529055,74.05940555
5212,2.097497006,76.74424177,74.64674477
5213,2.53633494,77.78685234,75.2505174
5214,3.186524239,76.76812237,73.58159813
5215,1.93959875,75.90372158,73.96412283
5216,2.323807332,77.66105216,75.33724483
5217,2.884999997,76.96411125,74.07911126
5218,2.262818709,77.08140385,74.81858514
5219,1.071441522,76.94785962,75.8764181
5220,2.880283219,77.3165075,74.43622428
5221,1.71798376,77.98414628,76.26616252
5222,2.62817136,76.82775254,74.19958118
5223,2.674907118,77.41981315,74.74490603
5224,0.7967784732,76.23729934,75.44052086
5225,3.24985746,76.54231712,73.29245966
5226,2.458615752,77.04383379,74.58521804
5227,2.098421168,76.5746715,74.47625034
5228,1.190283748,76.69121944,75.5009357
5229,2.894490636,76.99141787,74.09692723
5230,1.381831937,76.08051217,74.69868023
5231,1.110722874,75.78605168,74.6753288
5232,1.972673952,76.24514359,74.27246964
5233,2.227815357,76.59527308,74.36745773
5234,2.78537489,77.04282724,74.25745235
5235,1.134822495,77.21365334,76.07883085
5236,2.520799204,76.46868105,73.94788185
5237,1.2900887,76.34928724,75.05919854
5238,2.335536008,76.14142312,73.80588711
5239,1.040654422,76.48410549,75.44345107
5240,2.664345644,76.5703373,73.90599165
5241,2.373738537,78.07987625,75.70613771
5242,2.348568563,76.64612355,74.29755499
5243,2.713811322,76.78154356,74.06773224
5244,2.595061941,76.49823642,73.90317448
5245,1.592873228,77.17963514,75.58676191
5246,1.507630093,76.63367918,75.12604908
5247,1.728559782,75.96099318,74.2324334
5248,1.932057341,76.64505493,74.71299759
5249,2.111256412,77.25349898,75.14224257
5250,1.772931665,76.16538588,74.39245422
5251,2.039812073,75.83895198,73.79913991
5252,2.404041232,76.9787143,74.57467307
5253,2.373769861,77.65516318,75.28139332
5254,2.905681389,76.29254248,73.38686109
5255,1.466909596,76.50151964,75.03461004
5256,2.755379826,76.42519809,73.66981827
5257,2.373210325,77.50465948,75.13144916
5258,2.271813725,76.92899152,74.65717779
5259,1.995632776,76.68190826,74.68627548
5260,2.062932282,77.09977536,75.03684308
5261,2.61731333,76.00089926,73.38358593
5262,1.434754036,76.56738435,75.13263031
5263,1.854955885,76.42246598,74.56751009
5264,1.5300046,75.73145883,74.20145423
5265,1.507780847,75.6568447,74.14906385
5266,2.645030856,77.55205283,74.90702197
5267,1.064400748,75.74200933,74.67760858
5268,1.149237091,76.96988672,75.82064963
5269,2.375338715,77.15850059,74.78316188
5270,1.847036063,77.72870884,75.88167277
5271,1.377519985,75.61320948,74.23568949
5272,2.267128744,76.99969894,74.73257019
5273,1.621989287,75.42915995,73.80717066
5274,2.080958506,76.19596619,74.11500769
5275,2.217876565,76.50011735,74.28224079
5276,0.6058441135,75.80904975,75.20320563
5277,1.065023719,76.85832354,75.79329982
5278,1.940537039,76.92337108,74.98283404
5279,2.253833035,76.98209454,74.7282615
5280,1.766652712,76.5452708,74.77861809
5281,1.330124129,76.49881024,75.16868612
5282,2.432573311,76.87341188,74.44083857
5283,1.509888058,77.02651665,75.5166286
5284,2.608983717,78.00578114,75.39679742
5285,1.206709321,75.56466697,74.35795765
5286,2.564458114,77.37295371,74.8084956
5287,1.720564558,77.16524302,75.44467846
5288,2.288687459,77.01810608,74.72941862
5289,1.352384242,77.8647213,76.51233705
5290,2.539195193,77.64896652,75.10977132
5291,2.383884761,76.93653618,74.55265142
5292,2.991857664,77.11131231,74.11945464
5293,2.479425282,76.98365443,74.50422915
5294,2.297548512,75.88999731,73.5924488
5295,1.019702112,76.35941737,75.33971526
5296,1.9910836,77.79363585,75.80255225
5297,1.543294081,76.15812599,74.61483191
5298,2.517637876,76.5153009,73.99766302
5299,1.344100327,76.71813552,75.37403519
5300,2.286798354,77.63699819,75.35019983
5301,1.484864754,76.76143281,75.27656806
5302,2.321242566,76.9844609,74.66321833
5303,2.609485272,76.35634988,73.7468646
5304,1.80660875,76.93409864,75.12748989
5305,2.089955616,77.02563611,74.93568049
5306,2.006956775,77.36955254,75.36259577
5307,2.313113311,76.9831473,74.67003399
5308,1.825917036,76.90693074,75.08101371
5309,2.121336816,77.27987565,75.15853883
5310,2.311968446,76.02542639,73.71345795
5311,1.642563037,76.41064602,74.76808298
5312,1.802857301,76.08211519,74.27925789
5313,1.881893697,76.77556312,74.89366942
5314,1.936132606,76.13431536,74.19818275
5315,1.92813953,77.36472746,75.43658793
5316,0.8307387881,76.54052514,75.70978635
5317,2.055250151,76.78094432,74.72569417
5318,0.3411717429,76.74583509,76.40466335
5319,0.7990094036,77.92287982,77.12387041
5320,2.034304991,75.96438149,73.9300765
5321,2.565229107,76.914799,74.34956989
5322,1.743202713,75.91387729,74.17067457
5323,1.819631465,76.81723927,74.99760781
5324,2.737109782,76.8353391,74.09822932
5325,1.921083042,77.60799706,75.68691402
5326,0.9087821882,75.60646967,74.69768748
5327,2.685902638,77.24125877,74.55535613
5328,2.352664521,76.6696095,74.31694498
5329,0.7940199647,75.08769883,74.29367887
5330,1.779122887,76.0140813,74.23495841
5331,2.410140415,77.14237589,74.73223548
5332,2.000929577,77.59194312,75.59101354
5333,1.87814054,76.98387723,75.10573669
5334,1.807596093,77.69345548,75.88585939
5335,1.146175502,76.8008744,75.6546989
5336,1.707089837,75.68609223,73.9790024
5337,2.587857044,76.97227366,74.38441662
5338,2.160533436,77.55105021,75.39051677
5339,2.193457897,76.82210466,74.62864676
5340,1.941003382,75.90754333,73.96653995
5341,1.281919907,76.42633977,75.14441986
5342,2.940827949,76.3466652,73.40583725
5343,2.99212119,77.59844085,74.60631966
5344,1.054570626,75.75585658,74.70128595
5345,2.483378786,76.23534605,73.75196726
5346,2.19993645,77.74930117,75.54936472
5347,2.499925942,75.88644253,73.38651659
5348,2.064183007,76.02666446,73.96248146
5349,2.963383251,77.35293456,74.38955131
5350,2.713705344,76.95182214,74.2381168
5351,1.032198637,75.9138823,74.88168366
5352,2.827408746,76.96455216,74.13714341
5353,1.988426624,75.60434841,73.61592179
5354,1.265024128,76.48341352,75.21838939
5355,2.85768086,77.78226202,74.92458116
5356,2.269355127,76.63138429,74.36202916
5357,0.9820860285,75.54246922,74.56038319
5358,2.387352953,77.06577233,74.67841938
5359,2.182125171,76.1621274,73.98000223
5360,2.651269911,76.44935648,73.79808657
5361,2.026271661,76.14841306,74.1221414
5362,2.579776871,76.36762233,73.78784546
5363,1.700585635,77.30917145,75.60858582
5364,1.437948566,77.02500688,75.58705832
5365,1.431957656,76.65637792,75.22442026
5366,2.46041644,76.11989081,73.65947437
5367,1.365772247,78.38066427,77.01489202
5368,1.782793212,75.17651275,73.39371954
5369,0.7777676682,76.47924177,75.7014741
5370,1.26960982,76.24932254,74.97971272
5371,1.626515038,76.65063995,75.02412491
5372,1.488697362,76.54351999,75.05482263
5373,1.87914343,76.78982645,74.91068302
5374,1.68198935,77.17057075,75.4885814
5375,1.991361192,76.6328873,74.6415261
5376,2.064331519,75.64433189,73.58000037
5377,2.475621685,76.40671838,73.9310967
5378,2.097842383,76.40853266,74.31069027
5379,1.850233405,76.87217061,75.02193721
5380,2.721499968,76.85811156,74.13661159
5381,1.538309586,77.03211517,75.49380558
5382,2.093999532,77.10955347,75.01555393
5383,2.544503809,76.10476558,73.56026177
5384,2.406975988,77.14839165,74.74141566
5385,2.268713335,77.43853982,75.16982649
5386,2.027287206,76.62975489,74.60246768
5387,1.228457206,78.01943604,76.79097884
5388,2.758810897,76.74190984,73.98309895
5389,0.4757013076,77.05391701,76.5782157
5390,2.324982199,76.65284065,74.32785845
5391,2.393714847,76.82140794,74.4276931
5392,1.484341592,76.74209658,75.25775499
5393,1.959705015,76.11251657,74.15281156
5394,2.662600203,76.55136481,73.88876461
5395,2.4987337,75.73308459,73.23435089
5396,1.149142115,75.93050562,74.78136351
5397,1.816012386,76.60636258,74.79035019
5398,2.47114878,75.91878836,73.44763958
5399,1.792527694,75.12808882,73.33556112
5400,0.8785010503,76.43773224,75.55923119
5401,1.664413094,76.16115764,74.49674454
5402,2.995114892,77.37775851,74.38264362
5403,2.069685604,76.46679075,74.39710515
5404,2.364647636,77.2622066,74.89755896
5405,2.287130669,76.97710974,74.68997907
5406,2.379109287,77.48048101,75.10137173
5407,2.484081471,77.1743002,74.69021873
5408,2.067125322,77.12297477,75.05584945
5409,0.8647571057,76.94774695,76.08298984
5410,2.222539667,76.16866732,73.94612765
5411,2.849418939,77.3413932,74.49197427
5412,1.814270761,76.27636165,74.46209088
5413,2.893312038,76.58606889,73.69275685
5414,2.557365568,77.04350905,74.48614349
5415,2.185471762,76.6535322,74.46806044
5416,2.094678194,76.80364856,74.70897037
5417,3.058731953,76.72658094,73.66784899
5418,1.409686005,76.45951897,75.04983296
5419,1.80018415,76.72780063,74.92761648
5420,2.445052452,76.46325078,74.01819832
5421,1.969620476,76.14054609,74.17092561
5422,1.54913864,76.07283976,74.52370112
5423,2.933810294,76.93484732,74.00103702
5424,1.939820291,75.27659136,73.33677106
5425,1.663211679,76.46001413,74.79680245
5426,1.85294121,76.6624958,74.80955459
5427,2.0346973,78.15253917,76.11784187
5428,2.742175935,76.81768299,74.07550706
5429,2.04398543,77.46137063,75.4173852
5430,2.50114711,76.2712262,73.77007909
5431,1.958132035,77.10344397,75.14531194
5432,1.286742771,76.1462105,74.85946773
5433,2.40223303,77.27677542,74.87454239
5434,2.609285177,77.88973994,75.28045476
5435,1.84005103,76.03579747,74.19574645
5436,2.998309735,76.61367917,73.61536943
5437,1.364008194,75.87630267,74.51229447
5438,2.594166592,77.67334956,75.07918297
5439,1.523573483,76.68614654,75.16257305
5440,2.380576133,76.48933824,74.10876211
5441,2.716328665,76.94137095,74.22504229
5442,1.649009242,77.79724584,76.14823659
5443,2.424228589,77.01031135,74.58608276
5444,1.992449953,76.9943483,75.00189835
5445,1.522765158,76.51732878,74.99456363
5446,1.042350481,75.91898155,74.87663107
5447,2.061625703,76.89414878,74.83252307
5448,2.3878044,76.67328941,74.28548501
5449,1.000486896,74.82553209,73.82504519
5450,2.117920362,75.97254532,73.85462496
5451,1.793058842,76.99554584,75.202487
5452,2.201612707,76.47921326,74.27760055
5453,3.105324263,77.05861412,73.95328986
5454,1.487607306,75.65903493,74.17142762
5455,1.023764635,77.27665172,76.25288709
5456,2.531763232,76.38623973,73.85447649
5457,2.418731674,78.61397334,76.19524167
5458,1.009916577,77.39779887,76.38788229
5459,1.789537998,76.52824783,74.73870983
5460,0.8548733316,77.34740704,76.4925337
5461,1.625504124,76.93050333,75.30499921
5462,1.454116995,76.29851124,74.84439425
5463,0.8017808192,77.65115445,76.84937363
5464,1.815124672,77.47260743,75.65748276
5465,2.98366856,76.52414049,73.54047193
5466,2.085512963,76.76540953,74.67989657
5467,2.353752799,76.52298877,74.16923597
5468,2.069265793,76.82505552,74.75578973
5469,1.708108913,76.94809086,75.23998195
5470,1.068245947,77.22078051,76.15253456
5471,1.643027647,76.60841047,74.96538282
5472,1.637051963,76.77038591,75.13333395
5473,2.702197534,76.74084731,74.03864978
5474,0.9260088206,75.96176611,75.03575729
5475,1.027977413,78.05264906,77.02467164
5476,0.9665990414,75.9219678,74.95536876
5477,1.53616937,76.09157614,74.55540677
5478,0.7267036199,76.42875445,75.70205083
5479,1.51790126,76.38594374,74.86804248
5480,2.87058766,76.48793241,73.61734475
5481,1.314535707,76.61420975,75.29967404
5482,1.61474074,77.03305713,75.41831639
5483,0.4774214214,75.42679963,74.9493782
5484,1.107681789,76.45899305,75.35131126
5485,1.833217199,76.80054446,74.96732726
5486,2.565813226,77.01774484,74.45193161
5487,2.095561946,76.34242272,74.24686078
5488,2.572262809,76.79320956,74.22094675
5489,1.533463142,76.80100794,75.2675448
5490,2.478686074,77.79058401,75.31189793
5491,2.690875415,77.0564391,74.36556369
5492,2.014547725,76.58601928,74.57147156
5493,1.649553376,76.84250658,75.19295321
5494,0.9734487753,75.42262839,74.44917962
5495,2.357229122,75.98552812,73.62829899
5496,2.007117158,77.1521731,75.14505595
5497,2.028248107,77.41743021,75.38918211
5498,2.644739008,76.66179068,74.01705167
5499,1.468725439,76.74501545,75.27629001
5500,1.699663665,76.3269577,74.62729404
5501,2.170493789,76.98654853,74.81605474
5502,3.001390945,77.73511603,74.73372509
5503,2.304328622,77.29949407,74.99516545
5504,1.685880551,76.67299801,74.98711746
5505,1.29223978,76.7370751,75.44483532
5506,2.585385978,77.58363253,74.99824655
5507,2.566312446,77.04927351,74.48296106
5508,1.075803876,75.44566244,74.36985856
5509,3.512066278,77.55098307,74.03891679
5510,3.123334797,76.87137628,73.74804148
5511,1.756832761,76.94054896,75.1837162
5512,2.261543964,76.90421801,74.64267404
5513,2.235055201,77.34105021,75.10599501
5514,1.708301551,76.39027097,74.68196942
5515,2.176622063,76.90095514,74.72433308
5516,1.593813166,76.26397885,74.67016568
5517,1.843700065,76.06989029,74.22619022
5518,2.743394986,76.80191832,74.05852333
5519,2.614385348,78.15392938,75.53954403
5520,2.1235642,75.9288726,73.8053084
5521,1.846564545,76.78847091,74.94190636
5522,1.078615576,76.19168165,75.11306607
5523,2.122772751,75.86070047,73.73792772
5524,1.854962986,76.6274145,74.77245152
5525,2.331773179,77.45377989,75.12200671
5526,1.461402931,77.23068848,75.76928555
5527,1.754893101,76.81616836,75.06127526
5528,2.278130165,76.20393103,73.92580087
5529,2.439983453,77.34801046,74.90802701
5530,2.744563202,76.88178777,74.13722457
5531,2.604236628,77.89701807,75.29278144
5532,3.365446953,76.41647103,73.05102407
5533,1.415531248,75.09708584,73.68155459
5534,2.004975341,76.32580908,74.32083374
5535,1.997504586,78.14569688,76.1481923
5536,0.791188783,75.78016752,74.98897873
5537,2.435646587,77.45629024,75.02064365
5538,1.256095652,76.25635512,75.00025947
5539,3.477884833,77.09039271,73.61250788
5540,2.56752959,77.48251112,74.91498153
5541,1.343412587,76.92318499,75.5797724
5542,3.075221733,77.57137253,74.4961508
5543,2.084252207,77.05554251,74.97129031
5544,2.434514794,77.03842095,74.60390616
5545,2.341923685,77.22365616,74.88173248
5546,1.559057442,75.7080627,74.14900526
5547,1.773064401,76.29872613,74.52566173
5548,0.8557311093,75.42501549,74.56928438
5549,2.60625904,77.39337543,74.78711639
5550,2.284087068,76.53001349,74.24592642
5551,2.728713743,77.26835365,74.53963991
5552,1.683761394,76.18628293,74.50252154
5553,1.542187922,77.56512777,76.02293985
5554,2.259369937,75.80438024,73.5450103
5555,2.590329925,77.23708109,74.64675117
5556,2.20913366,77.6533116,75.44417794
5557,1.784692256,76.9002138,75.11552154
5558,0.7903861271,76.51813805,75.72775193
5559,1.570153166,76.97908335,75.40893018
5560,2.250982696,77.70314071,75.45215801
5561,2.374190416,75.40320445,73.02901403
5562,2.1936197,77.03214572,74.83852601
5563,2.839734741,76.01503531,73.17530057
5564,2.094920057,76.13265863,74.03773857
5565,1.014623067,76.73153425,75.71691118
5566,2.132746155,76.13457551,74.00182935
5567,2.296763417,77.08530412,74.7885407
5568,1.583563904,77.22480853,75.64124462
5569,1.926318598,76.58278373,74.65646513
5570,2.531935127,76.31391178,73.78197666
5571,2.886441493,76.17042717,73.28398568
5572,1.555325306,77.40736586,75.85204056
5573,1.34405902,76.02525678,74.68119776
5574,3.103593414,77.82206867,74.71847526
5575,0.7484724799,75.60094301,74.85247053
5576,1.931063005,77.11944116,75.18837816
5577,2.116418879,76.93412597,74.81770709
5578,1.09017984,76.39394523,75.30376539
5579,1.58310911,76.89268464,75.30957553
5580,0.8339391627,78.01524206,77.1813029
5581,1.892428553,77.37920891,75.48678035
5582,1.621672117,76.18580086,74.56412874
5583,2.380474746,76.43106882,74.05059407
5584,1.8153216,76.53161231,74.71629071
5585,1.156541036,76.88838903,75.731848
5586,2.45838263,76.5410064,74.08262378
5587,2.192379975,76.43284723,74.24046725
5588,2.475674828,75.87453103,73.3988562
5589,2.071122714,76.60417318,74.53305047
5590,2.677246049,77.47659963,74.79935358
5591,1.774493506,76.4852921,74.71079859
5592,2.424952671,77.15121847,74.7262658
5593,2.44894016,76.30607536,73.8571352
5594,1.477775775,76.05509842,74.57732265
5595,2.391223868,78.30195036,75.9107265
5596,1.492766956,77.1479886,75.65522164
5597,2.558106751,76.78377332,74.22566657
5598,1.578463586,75.4720275,73.89356391
5599,2.554344769,76.63340495,74.07906018
5600,1.582347632,76.54661103,74.9642634
5601,2.699220244,76.31284327,73.61362302
5602,1.507051724,77.7671584,76.26010668
5603,1.915282159,77.24740979,75.33212763
5604,1.693512838,77.27388929,75.58037645
5605,1.718857479,77.04976231,75.33090483
5606,2.302398776,77.2978549,74.99545613
5607,2.152533395,77.76794414,75.61541074
5608,0.8212412866,77.31398632,76.49274503
5609,1.194133071,76.95791505,75.76378198
5610,1.583691484,77.16813755,75.58444606
5611,1.826484721,76.40462746,74.57814274
5612,0.5559273309,75.98773591,75.43180858
5613,1.679088624,76.39775137,74.71866275
5614,1.045292865,76.84240434,75.79711147
5615,1.987516612,77.25470444,75.26718782
5616,1.166461077,75.79063341,74.62417233
5617,2.023750031,76.93948435,74.91573432
5618,2.913003283,76.74791666,73.83491338
5619,1.459044382,76.88720007,75.42815569
5620,1.684440403,77.19012205,75.50568165
5621,1.986366536,76.84813076,74.86176423
5622,1.454789984,75.61514736,74.16035738
5623,1.346961061,76.20092426,74.8539632
5624,2.711524136,76.21422367,73.50269953
5625,1.657403677,77.10523312,75.44782944
5626,1.964300505,76.83423627,74.86993577
5627,2.232697902,75.87905943,73.64636152
5628,3.058342363,76.46276818,73.40442581
5629,2.425851291,76.50343289,74.0775816
5630,1.74356233,76.56131941,74.81775708
5631,0.9625455143,76.04445601,75.0819105
5632,1.278911133,76.94096954,75.6620584
5633,2.182658512,76.77975588,74.59709737
5634,1.999941361,76.69360383,74.69366247
5635,2.291148651,76.69615127,74.40500262
5636,2.142444566,75.97500936,73.83256479
5637,2.138027449,77.15661643,75.01858898
5638,2.259410541,76.88653603,74.62712549
5639,1.03693218,76.81869411,75.78176193
5640,2.477626973,76.68349502,74.20586805
5641,2.033798256,75.82402228,73.79022402
5642,2.02059719,75.80524941,73.78465222
5643,1.409882223,76.75414034,75.34425811
5644,2.37885865,75.72068804,73.34182939
5645,1.765553007,76.49008188,74.72452888
5646,2.180859379,77.30962112,75.12876174
5647,1.03970236,77.30090723,76.26120487
5648,1.679625867,77.53270776,75.85308189
5649,1.589411333,75.7017248,74.11231347
5650,1.984151779,75.98494006,74.00078828
5651,2.75694188,76.9016564,74.14471452
5652,2.046340916,76.74657932,74.7002384
5653,3.565775361,76.63624373,73.07046836
5654,1.644868971,76.79111576,75.14624679
5655,2.215935882,76.73930677,74.52337089
5656,0.661575062,76.6919007,76.03032564
5657,1.338161097,76.88967849,75.55151739
5658,1.147051214,75.43310898,74.28605776
5659,1.221529821,75.78837325,74.56684343
5660,2.388457603,76.47022867,74.08177107
5661,1.941721192,76.22966177,74.28794058
5662,1.968236004,75.85095989,73.88272388
5663,1.445191958,76.3759333,74.93074134
5664,2.968992325,77.4547681,74.48577578
5665,1.56939429,76.63304365,75.06364936
5666,1.548835195,76.07802942,74.52919422
5667,2.633595406,77.11905793,74.48546252
5668,1.592729655,75.9696421,74.37691244
5669,3.603388328,76.40584601,72.80245768
5670,1.995228415,77.37483144,75.37960303
5671,1.451708093,77.09837238,75.64666428
5672,1.502314715,76.53170812,75.0293934
5673,1.361333709,77.24321118,75.88187747
5674,1.192469827,76.62851424,75.43604442
5675,1.333433208,77.59180853,76.25837532
5676,2.063937853,76.13803136,74.07409351
5677,2.114468743,77.97798383,75.86351509
5678,2.182625209,78.06524627,75.88262106
5679,1.951437695,76.30592832,74.35449063
5680,2.065858418,77.30899233,75.24313391
5681,2.314281349,76.25819239,73.94391104
5682,2.618569385,77.59014213,74.97157275
5683,2.94606201,76.23666928,73.29060727
5684,2.674507183,77.02068683,74.34617964
5685,2.010539272,76.30435348,74.29381421
5686,1.120004779,76.70015408,75.58014931
5687,1.898326723,76.99874266,75.10041593
5688,2.263933328,76.14423526,73.88030193
5689,1.185144468,76.08644326,74.90129879
5690,1.46184305,76.81293229,75.35108924
5691,1.765789925,77.18791252,75.42212259
5692,2.598472573,77.1857885,74.58731592
5693,1.305378175,76.9558257,75.65044752
5694,1.961565178,77.98794786,76.02638268
5695,3.478764175,77.14618607,73.66742189
5696,2.026967367,76.45695393,74.42998656
5697,3.058540233,77.13025047,74.07171023
5698,2.524862751,77.29289161,74.76802886
5699,3.238120813,76.71760211,73.47948129
5700,2.682166053,76.95136742,74.26920137
5701,1.446963771,76.75851975,75.31155598
5702,1.953103898,75.67026755,73.71716365
5703,1.02919289,77.37068101,76.34148812
5704,2.607474303,76.41222814,73.80475383
5705,2.834409486,76.47081094,73.63640145
5706,2.500381308,76.4211433,73.92076199
5707,2.214105967,76.48358132,74.26947535
5708,2.046495082,77.92983213,75.88333705
5709,2.627495078,77.32376622,74.69627115
5710,1.135958099,76.77383738,75.63787928
5711,2.367716489,76.94449461,74.57677812
5712,2.742819467,76.91303727,74.17021781
5713,1.653977602,76.26713279,74.61315519
5714,1.679694929,78.02496414,76.34526921
5715,2.364488078,77.13545617,74.7709681
5716,2.804409489,77.31994705,74.51553756
5717,2.007015059,77.0730697,75.06605464
5718,2.222123009,77.27827452,75.05615151
5719,1.453380291,77.36536288,75.91198259
5720,1.641641832,76.68168647,75.04004464
5721,1.984008747,77.46105975,75.477051
5722,1.557031087,76.87123942,75.31420834
5723,2.108247432,76.23406518,74.12581774
5724,1.200163815,76.73077096,75.53060715
5725,1.458213668,76.77268195,75.31446828
5726,1.300237769,77.6958359,76.39559813
5727,3.117766476,76.88012133,73.76235485
5728,3.068892189,76.46975666,73.40086447
5729,1.765949591,76.20341498,74.43746538
5730,2.479254148,77.18961713,74.71036299
5731,2.36699795,77.87149509,75.50449715
5732,2.704483615,76.19938229,73.49489867
5733,2.928948304,76.31435497,73.38540667
5734,0.945421781,76.65408486,75.70866308
5735,3.490608756,77.96244647,74.47183772
5736,2.032665226,77.92371697,75.89105175
5737,1.154272905,76.9333243,75.7790514
5738,2.120160078,76.97810393,74.85794385
5739,2.175871583,76.08723784,73.91136626
5740,1.276897563,77.86953443,76.59263687
5741,1.749522213,77.12587798,75.37635577
5742,1.879887001,75.8558528,73.9759658
5743,2.313491504,76.92752464,74.61403314
5744,1.540398548,77.04866423,75.50826568
5745,1.896368266,75.6310154,73.73464713
5746,2.336299577,76.25665958,73.92036
5747,2.37728841,77.19283372,74.81554531
5748,0.882656895,76.51043969,75.62778279
5749,1.673071952,76.86790973,75.19483777
5750,1.337404138,75.75290917,74.41550503
5751,3.119585517,75.57260812,72.45302261
5752,2.858595776,77.38735713,74.52876135
5753,0.7723573759,76.86000325,76.08764587
5754,1.650480199,77.27716724,75.62668704
5755,1.835815488,75.5629131,73.72709761
5756,2.166400527,76.40631684,74.23991632
5757,2.109940339,76.69936467,74.58942433
5758,1.452247331,77.79115464,76.33890731
5759,1.478690906,77.05388711,75.5751962
5760,2.031560564,76.68178428,74.65022372
5761,1.85316363,77.28929414,75.43613051
5762,1.457504348,75.81426642,74.35676208
5763,1.179713368,77.00052386,75.82081049
5764,2.445162714,75.95104825,73.50588554
5765,2.255460911,77.93066359,75.67520268
5766,0.9095424392,77.06184777,76.15230533
5767,1.117909704,77.2678581,76.14994839
5768,2.427069821,75.56729734,73.14022752
5769,1.675315967,76.97703376,75.30171779
5770,1.494942845,75.24653049,73.75158765
5771,2.019492146,77.21170353,75.19221139
5772,1.815681016,76.81753718,75.00185616
5773,1.590473873,77.28031923,75.68984535
5774,2.672733154,76.24441946,73.5716863
5775,2.221353545,77.93166766,75.71031412
5776,1.591285245,76.77421419,75.18292894
5777,1.983374887,77.19515146,75.21177657
5778,2.465561032,77.1383938,74.67283277
5779,2.217006379,77.20088665,74.98388028
5780,0.9481598745,76.61972989,75.67157001
5781,2.233262049,76.46224071,74.22897866
5782,1.695141211,76.30683719,74.61169597
5783,2.48552188,76.44592259,73.96040071
5784,2.136820506,77.26802211,75.1312016
5785,3.01906104,77.10062339,74.08156235
5786,0.8610084291,77.08802956,76.22702113
5787,1.477338001,76.74256105,75.26522305
5788,2.115600257,77.68387372,75.56827346
5789,1.852133108,75.26804813,73.41591502
5790,2.210786193,76.18806329,73.97727709
5791,2.319105599,76.56578497,74.24667937
5792,1.396516386,77.08267755,75.68616117
5793,1.953070445,76.65968461,74.70661416
5794,0.3852811684,76.365672,75.98039083
5795,1.743166481,75.9435378,74.20037132
5796,2.373140549,77.29652222,74.92338168
5797,2.615189946,77.40445833,74.78926839
5798,3.133360366,75.83487603,72.70151566
5799,1.271786297,76.3897689,75.11798261
5800,1.86129631,75.79759704,73.93630073
5801,1.366402155,78.10830547,76.74190332
5802,3.093070031,77.67561239,74.58254236
5803,2.186491122,77.01196179,74.82547067
5804,1.867222828,76.37169879,74.50447596
5805,0.8237906057,76.58491837,75.76112777
5806,2.597836502,76.25119686,73.65336035
5807,2.136650553,76.43247977,74.29582921
5808,1.402222299,76.13216717,74.72994487
5809,2.589809831,76.67786105,74.08805122
5810,2.035360563,76.68255709,74.64719652
5811,2.307947336,77.03576487,74.72781754
5812,2.77883289,76.15137669,73.3725438
5813,2.791682374,76.10574476,73.31406239
5814,2.109193725,76.47220224,74.36300851
5815,1.253442654,76.6394798,75.38603715
5816,2.510137105,77.24221073,74.73207363
5817,3.60616223,77.09689147,73.49072924
5818,2.750549503,76.94129273,74.19074323
5819,1.056855595,75.96570136,74.90884577
5820,2.826032686,76.91923841,74.09320573
5821,2.794339475,77.37638396,74.58204449
5822,1.539427115,77.42299562,75.88356851
5823,0.5447553743,75.7759488,75.23119342
5824,1.821679985,77.68439629,75.8627163
5825,2.084819446,76.89909234,74.81427289
5826,1.664029021,76.39751385,74.73348483
5827,1.81993877,75.85315868,74.03321991
5828,3.193527994,75.41109522,72.21756723
5829,0.91339109,75.0968713,74.18348021
5830,1.93696498,74.93709842,73.00013344
5831,2.161687755,75.46730549,73.30561773
5832,1.703300585,77.79437821,76.09107763
5833,1.847228123,77.09397183,75.2467437
5834,2.338741659,76.83611762,74.49737597
5835,1.516116182,77.48637172,75.97025554
5836,3.006057003,76.65776654,73.65170954
5837,2.031876651,77.05537855,75.0235019
5838,1.906628456,77.24971769,75.34308924
5839,1.887887564,77.50424686,75.6163593
5840,1.829574377,77.56613325,75.73655887
5841,2.812852578,77.25434295,74.44149037
5842,1.632729881,76.8214558,75.18872592
5843,2.046867593,76.58030451,74.53343692
5844,1.784984599,76.5986318,74.8136472
5845,2.699848387,76.69183072,73.99198233
5846,1.465746973,77.0768147,75.61106772
5847,2.942140971,77.01143497,74.069294
5848,0.9706801127,75.47240479,74.50172468
5849,2.132154256,76.87046286,74.7383086
5850,1.958103557,77.08666845,75.12856489
5851,2.199207124,76.85574106,74.65653394
5852,2.075595814,77.26186345,75.18626764
5853,2.243819063,76.48574689,74.24192782
5854,1.54147294,77.99637978,76.45490684
5855,1.676215477,77.11522616,75.43901069
5856,1.01249259,77.16848904,76.15599645
5857,2.832721551,77.55586379,74.72314224
5858,1.215984946,76.14997974,74.93399479
5859,3.111556839,77.61123276,74.49967592
5860,1.074966073,76.17677282,75.10180674
5861,2.730059861,77.07094146,74.3408816
5862,0.7300047817,77.01941641,76.28941163
5863,2.026587667,77.02180966,74.99522199
5864,2.413164773,76.62747836,74.21431358
5865,2.507585358,77.07277576,74.5651904
5866,1.653867033,76.7953327,75.14146567
5867,2.911793999,76.84120172,73.92940772
5868,2.711877837,76.50458121,73.79270337
5869,2.059390075,76.00518063,73.94579056
5870,1.823795872,77.18696738,75.36317151
5871,1.963285308,77.02756884,75.06428353
5872,1.620267524,77.20496263,75.5846951
5873,2.194810243,77.08776974,74.89295949
5874,2.161783057,77.19600305,75.03421999
5875,1.979175615,76.2602489,74.28107329
5876,2.091016763,77.19186782,75.10085106
5877,1.719779666,76.78396771,75.06418804
5878,2.012879091,77.94006268,75.92718359
5879,1.263975894,77.53274871,76.26877281
5880,1.039083401,77.40769816,76.36861476
5881,2.328862332,76.28921625,73.96035392
5882,1.557191505,75.78665257,74.22946107
5883,2.908146967,76.72402995,73.81588298
5884,1.713363386,76.59640223,74.88303884
5885,1.744227768,75.66235829,73.91813052
5886,2.333858986,76.7167543,74.38289532
5887,2.269868912,76.60823574,74.33836682
5888,0.9679976823,77.52851553,76.56051785
5889,0.929997921,75.77092074,74.84092282
5890,2.545551672,76.7524427,74.20689103
5891,2.445293351,77.33282742,74.88753407
5892,1.833798912,76.85207533,75.01827641
5893,2.173082001,76.25938534,74.08630334
5894,2.374071466,75.80822409,73.43415262
5895,0.7559592292,77.99027351,77.23431428
5896,1.831704491,77.03082745,75.19912296
5897,3.573742015,77.05938775,73.48564574
5898,1.297223633,75.32476306,74.02753943
5899,1.010848449,76.48786976,75.47702131
5900,2.516624277,76.45593284,73.93930856
5901,1.737234319,76.9034922,75.16625788
5902,1.179791117,76.4766703,75.29687919
5903,2.152417073,76.85663523,74.70421816
5904,0.7912256786,76.98664383,76.19541815
5905,1.123631278,77.8559806,76.73234932
5906,2.637215415,76.54232439,73.90510897
5907,2.411161122,77.3688714,74.95771028
5908,0.9178109963,76.16929724,75.25148625
5909,1.260096471,76.44985325,75.18975678
5910,2.14919602,77.16041475,75.01121873
5911,3.313587941,76.3387262,73.02513826
5912,2.250461067,76.63890365,74.38844259
5913,0.4521284935,78.0198897,77.56776121
5914,2.679496478,76.31559083,73.63609435
5915,2.7442247,76.05983107,73.31560637
5916,2.184790046,76.9112647,74.72647465
5917,1.517367928,76.03295494,74.51558701
5918,2.226020402,77.95278071,75.72676031
5919,2.22437772,76.73457536,74.51019764
5920,2.529078294,76.60476075,74.07568246
5921,0.4935775291,77.3890659,76.89548837
5922,3.501827654,76.62554918,73.12372152
5923,2.851418641,76.76407585,73.91265721
5924,3.185293703,76.68722519,73.50193149
5925,1.646887053,77.74986748,76.10298043
5926,1.283824094,76.95553014,75.67170604
5927,1.67138729,76.72736177,75.05597448
5928,2.586473415,76.36873981,73.78226639
5929,2.513417535,76.67280447,74.15938693
5930,1.805763296,76.52481943,74.71905614
5931,2.764770669,76.94583142,74.18106076
5932,1.851236393,76.68100049,74.82976409
5933,1.359266399,77.4738493,76.1145829
5934,1.91031824,76.26659085,74.35627261
5935,1.20203446,75.79250955,74.59047509
5936,2.969028232,76.31737092,73.34834269
5937,1.168258269,76.73313791,75.56487964
5938,2.759796362,78.38165851,75.62186215
5939,2.613244275,77.01369239,74.40044812
5940,2.080854726,76.88653503,74.8056803
5941,1.667408532,77.07896476,75.41155623
5942,1.402205423,77.23732433,75.8351189
5943,2.245539014,77.11992841,74.8743894
5944,2.344993166,76.6952569,74.35026374
5945,2.055313993,77.5424828,75.48716881
5946,3.227959295,77.33669357,74.10873428
5947,1.071863121,76.71850647,75.64664335
5948,1.307862419,75.71515924,74.40729682
5949,0.6731738125,77.22412119,76.55094738
5950,2.737916713,76.5031111,73.76519439
5951,2.918852407,77.07603793,74.15718552
5952,3.403998023,77.06580484,73.66180682
5953,1.434028088,76.82529446,75.39126637
5954,2.080445235,77.30803432,75.22758909
5955,0.7198859818,76.15506078,75.43517479
5956,2.435843119,76.07508912,73.639246
5957,1.799191912,76.06492827,74.26573635
5958,2.376597844,77.09031706,74.71371921
5959,1.740214754,77.05905627,75.31884152
5960,2.248874271,76.98751876,74.73864449
5961,2.288748602,75.97769495,73.68894635
5962,1.331044059,76.61209287,75.28104881
5963,1.217496289,76.7533735,75.53587721
5964,1.629963654,76.50654698,74.87658333
5965,2.473481918,77.10817175,74.63468983
5966,2.346281457,76.79162985,74.44534839
5967,1.117177014,76.25244549,75.13526848
5968,1.872229265,77.5403021,75.66807284
5969,1.205728665,75.86998084,74.66425217
5970,1.209868273,77.4106053,76.20073703
5971,1.755229213,75.8727718,74.11754259
5972,1.745376128,76.20474711,74.45937098
5973,2.986517323,76.89888725,73.91236992
5974,1.643822337,76.98517344,75.34135111
5975,2.200061778,76.57194917,74.37188739
5976,2.216508125,76.98928123,74.77277311
5977,3.113094628,77.49448796,74.38139334
5978,3.028003982,77.81179543,74.78379144
5979,0.931827856,75.94702218,75.01519432
5980,1.859784978,76.25967915,74.39989417
5981,1.566634238,77.12173591,75.55510167
5982,1.599617802,75.88951284,74.28989503
5983,2.372727376,76.80847492,74.43574754
5984,1.836651825,76.20231545,74.36566363
5985,3.024466107,76.96342985,73.93896375
5986,2.274953785,76.13664397,73.86169018
5987,2.047767302,77.67210728,75.62433998
5988,2.927448569,76.09684227,73.1693937
5989,3.331370786,77.06891682,73.73754604
5990,0.9200106565,75.88462552,74.96461487
5991,0.9301659285,76.83223234,75.90206641
5992,1.855208009,75.94032579,74.08511778
5993,3.214582558,76.50336911,73.28878655
5994,3.229877088,77.42337082,74.19349373
5995,1.765629991,76.80245648,75.03682648
5996,0.6341317101,75.73615477,75.10202306
5997,1.956069269,77.36918285,75.41311358
5998,1.803497448,77.82961406,76.02611661
5999,2.076506447,76.30557588,74.22906944
6000,1.153656281,76.72908446,75.57542818
6001,2.37023687,76.65034018,74.28010331
6002,2.302319912,76.67169404,74.36937412
6003,1.878999149,77.31333434,75.43433519
6004,2.843831592,77.2512957,74.40746411
6005,2.201474081,77.35449767,75.15302359
6006,2.107451311,77.50673159,75.39928028
6007,1.829375534,77.57751225,75.74813672
6008,1.619234201,76.74577613,75.12654193
6009,2.732499664,76.79335536,74.06085569
6010,2.452638605,76.48502941,74.03239081
6011,2.027505315,76.83743561,74.80993029
6012,1.735457196,76.391348,74.6558908
6013,1.260960536,76.09932855,74.83836801
6014,1.4692126,75.78704831,74.31783571
6015,1.955276635,77.14733038,75.19205374
6016,1.780110505,76.03673046,74.25661995
6017,1.503455567,75.82905871,74.32560314
6018,2.059839356,78.07114479,76.01130543
6019,2.572915488,76.85977411,74.28685862
6020,2.047392644,76.61412986,74.56673722
6021,1.97846813,76.4616987,74.48323057
6022,0.861287643,76.26191353,75.40062589
6023,2.32606797,76.63541137,74.3093434
6024,2.335280577,75.65470564,73.31942506
6025,1.615200155,75.62014135,74.0049412
6026,1.10722353,76.5595232,75.45229967
6027,2.004976186,76.63796336,74.63298717
6028,1.70113012,76.10472741,74.40359729
6029,1.32105719,76.30442962,74.98337243
6030,1.9692569,76.19269177,74.22343487
6031,2.221112218,77.22282678,75.00171456
6032,2.588522897,75.73082113,73.14229823
6033,2.08134415,76.86204425,74.7807001
6034,2.931499343,76.91644016,73.98494082
6035,2.412776179,77.43709697,75.02432079
6036,1.084728427,75.79875073,74.7140223
6037,1.804914637,76.60780446,74.80288983
6038,1.882562297,76.51016129,74.62759899
6039,2.047560787,76.23158159,74.1840208
6040,1.535869199,75.38596817,73.85009897
6041,2.024349404,76.48903237,74.46468296
6042,1.798954062,76.92109051,75.12213645
6043,2.415251508,76.19712172,73.78187021
6044,1.208820849,76.70845639,75.49963554
6045,2.777144671,76.71013528,73.93299061
6046,2.077637173,76.48246921,74.40483204
6047,1.530071697,76.86296517,75.33289347
6048,2.111167455,76.90471155,74.79354409
6049,1.79105706,76.88361727,75.09256021
6050,1.760419972,75.95385863,74.19343866
6051,2.401436056,76.27123249,73.86979643
6052,3.284683062,75.97643424,72.69175117
6053,1.745104278,75.59200231,73.84689803
6054,2.180904831,75.98041165,73.79950682
6055,2.697271108,76.52753763,73.83026652
6056,2.584456052,76.42967499,73.84521894
6057,1.738747041,78.10836233,76.36961528
6058,3.026568738,76.66510258,73.63853384
6059,1.026823495,76.90157272,75.87474922
6060,2.649874935,76.97910283,74.3292279
6061,2.79083983,76.80086295,74.01002312
6062,1.208031725,76.50295813,75.2949264
6063,1.816465006,76.36015633,74.54369132
6064,2.958397055,77.8721228,74.91372575
6065,2.447865995,76.31656644,73.86870045
6066,1.702385151,76.5738177,74.87143255
6067,2.638977555,77.19375118,74.55477363
6068,2.26529218,76.32114555,74.05585337
6069,1.764927837,76.54325658,74.77832875
6070,1.383450199,76.34051607,74.95706587
6071,2.182727369,77.61669825,75.43397088
6072,1.250529703,75.13193249,73.88140279
6073,2.281100128,76.38282148,74.10172136
6074,2.096091061,76.86283272,74.76674166
6075,1.704960034,75.82679288,74.12183284
6076,1.371398311,77.02578735,75.65438904
6077,2.592334736,76.86251437,74.27017963
6078,2.80264773,76.31535945,73.51271172
6079,2.697329387,76.59003714,73.89270775
6080,1.649514573,75.77562141,74.12610683
6081,1.34325984,77.22897606,75.88571622
6082,3.097429918,76.97508119,73.87765127
6083,2.11802292,75.40843256,73.29040964
6084,2.430741323,77.17033028,74.73958895
6085,1.218086582,77.48237306,76.26428648
6086,3.179227303,76.66321686,73.48398955
6087,1.96756221,77.61912852,75.65156631
6088,2.518442747,77.37353917,74.85509642
6089,1.254929664,76.13641318,74.88148352
6090,2.618305884,76.05428803,73.43598215
6091,2.625280652,77.42356998,74.79828933
6092,2.265839956,76.12216628,73.85632632
6093,1.945253865,76.24270191,74.29744805
6094,2.377119817,77.09561492,74.7184951
6095,2.485004037,75.67579673,73.1907927
6096,2.000620169,77.38966989,75.38904972
6097,0.7011802479,78.09666786,77.39548761
6098,0.2389393359,77.39669841,77.15775908
6099,2.147669409,76.66860694,74.52093753
6100,1.924877775,76.64574322,74.72086544
6101,2.825596371,77.98807576,75.16247939
6102,2.026792636,76.49346874,74.46667611
6103,1.196147676,75.76339184,74.56724417
6104,1.847931637,76.90449562,75.05656399
6105,1.825347114,77.45783642,75.6324893
6106,2.54968496,77.8099792,75.26029424
6107,1.924724167,76.61723487,74.6925107
6108,2.032145306,76.40254467,74.37039936
6109,2.282078346,76.31586428,74.03378594
6110,2.179804939,76.26369378,74.08388884
6111,2.174732333,76.60059807,74.42586574
6112,2.383034538,75.98527432,73.60223978
6113,1.528882137,75.88273467,74.35385253
6114,1.196245374,77.67832545,76.48208008
6115,2.779381893,78.12408309,75.34470119
6116,1.306929042,76.43579583,75.12886679
6117,2.948032903,75.94442963,72.99639673
6118,0.8625973887,76.18565359,75.3230562
6119,2.099662926,78.64351713,76.54385421
6120,2.867084459,77.36776339,74.50067893
6121,1.998579082,76.4384122,74.43983312
6122,2.893589658,77.38669895,74.49310929
6123,1.654180768,76.13404747,74.4798667
6124,2.915568706,75.92147231,73.00590361
6125,1.218648708,76.05429189,74.83564318
6126,1.92995142,77.6729281,75.74297668
6127,0.6404955694,76.12072953,75.48023396
6128,1.501016212,77.16314397,75.66212776
6129,2.946014847,77.6583645,74.71234966
6130,0.6745216668,76.38977506,75.71525339
6131,1.01822229,77.32345822,76.30523593
6132,2.690918711,76.44446938,73.75355066
6133,2.721177096,76.65184388,73.93066679
6134,1.64371226,76.69874355,75.05503129
6135,1.228700231,77.09741891,75.86871868
6136,2.450664334,77.88938855,75.43872422
6137,2.05183568,76.35857479,74.30673911
6138,2.429564029,76.44766484,74.01810081
6139,1.949939452,76.09056466,74.1406252
6140,2.419715645,77.581224,75.16150836
6141,1.79930846,77.01078292,75.21147446
6142,2.075179844,76.78645129,74.71127145
6143,1.489402089,76.28462267,74.79522059
6144,1.592465223,76.1136507,74.52118548
6145,2.330147413,77.05605416,74.72590674
6146,0.8004662532,76.4789007,75.67843445
6147,2.145312008,76.0709692,73.92565719
6148,1.148449209,77.30707053,76.15862132
6149,2.057872375,77.22994221,75.17206984
6150,1.082746551,75.62845841,74.54571186
6151,1.253203714,77.33776342,76.08455971
6152,0.9545385404,75.24597018,74.29143164
6153,2.435264515,77.2204034,74.78513888
6154,2.242447016,77.19310373,74.95065671
6155,2.478899446,76.59354178,74.11464233
6156,1.899056319,77.81046821,75.91141189
6157,2.647305812,77.45468216,74.80737635
6158,1.068514068,76.38478095,75.31626688
6159,2.847748208,76.65846334,73.81071513
6160,2.417017887,75.86789738,73.4508795
6161,1.815673614,77.11001797,75.29434436
6162,1.581411459,76.69502437,75.11361291
6163,1.302998866,77.54625195,76.24325308
6164,3.639679643,76.38797451,72.74829487
6165,2.427244229,77.90471372,75.47746949
6166,0.90911361,76.27404978,75.36493617
6167,0.8864162426,78.04597902,77.15956278
6168,1.537187703,76.50089563,74.96370793
6169,1.979116146,76.76755671,74.78844056
6170,1.195857166,77.88056986,76.6847127
6171,1.739497467,76.69206564,74.95256818
6172,3.703024074,76.70515547,73.00213139
6173,1.655946303,75.70602438,74.05007808
6174,2.654562658,76.72598088,74.07141822
6175,1.050354348,76.25936644,75.20901209
6176,1.124903146,76.11038993,74.98548678
6177,2.678101957,77.13361168,74.45550973
6178,2.58473212,76.77400535,74.18927323
6179,3.164271355,77.15159463,73.98732327
6180,1.915265463,77.13017014,75.21490468
6181,2.276358547,76.60629707,74.32993853
6182,1.412287799,76.00326314,74.59097534
6183,2.278330472,78.25063782,75.97230734
6184,1.389238857,76.12852135,74.73928249
6185,1.693291435,77.08453125,75.39123982
6186,1.153384281,75.62448813,74.47110385
6187,1.560617552,76.60696972,75.04635217
6188,1.403783713,77.25132887,75.84754516
6189,1.893407409,78.07499433,76.18158693
6190,2.225213273,77.57280406,75.34759078
6191,2.603227938,76.36037753,73.75714959
6192,2.548900946,76.25566564,73.70676469
6193,2.17507162,76.55807297,74.38300135
6194,2.729413339,75.83681109,73.10739775
6195,2.762481658,76.82440814,74.06192648
6196,0.7843550258,76.88997568,76.10562065
6197,3.148407345,77.09402704,73.94561969
6198,1.507971157,76.016363,74.50839184
6199,3.02209697,77.32315358,74.30105661
6200,1.353473727,76.48897729,75.13550356
6201,2.581099049,76.37603393,73.79493488
6202,2.010435118,76.12478034,74.11434522
6203,1.982567911,76.12668434,74.14411643
6204,1.847282616,76.67567263,74.82839001
6205,1.026696399,76.55949635,75.53279995
6206,1.7728173,76.79756774,75.02475044
6207,1.548392421,76.07980927,74.53141685
6208,1.591853081,75.65935779,74.06750471
6209,1.398988684,76.30397596,74.90498728
6210,1.843628517,76.67673082,74.8331023
6211,1.1070757,77.01902694,75.91195124
6212,0.9628134593,75.97869021,75.01587675
6213,3.162418699,76.44670012,73.28428142
6214,1.636201922,76.25512012,74.61891819
6215,0.8400653569,75.23140353,74.39133817
6216,2.172019518,76.09704331,73.92502379
6217,1.455258375,76.74591835,75.29065997
6218,2.193516186,75.81519551,73.62167933
6219,3.16276963,75.9435427,72.78077307
6220,1.440853916,76.86340023,75.42254631
6221,0.474144226,77.37633066,76.90218644
6222,2.53403436,76.84952109,74.31548673
6223,1.389026528,77.48832128,76.09929476
6224,1.178190306,76.5023871,75.32419679
6225,0.8325503167,76.71390591,75.88135559
6226,2.103914005,76.84415814,74.74024414
6227,1.822223652,76.25536501,74.43314136
6228,2.169036243,77.28765467,75.11861843
6229,2.129117848,76.10672671,73.97760886
6230,2.220428857,77.50058707,75.28015821
6231,1.130723143,76.59701222,75.46628907
6232,2.170584374,77.71926359,75.54867922
6233,2.273181496,76.5342988,74.2611173
6234,1.817745172,76.46268112,74.64493595
6235,1.898813788,76.57289415,74.67408036
6236,1.917681251,76.39466016,74.47697891
6237,2.376300949,76.97629993,74.59999898
6238,2.07515236,75.3867376,73.31158524
6239,1.69091873,75.93202993,74.2411112
6240,1.916022198,75.61740469,73.70138249
6241,1.399760705,77.20197717,75.80221647
6242,2.525660148,76.74295666,74.21729652
6243,2.045481008,76.56777517,74.52229416
6244,0.9525524566,76.09257378,75.14002133
6245,2.855295179,77.44839414,74.59309896
6246,3.359331247,76.14220911,72.78287786
6247,1.864668423,76.41792702,74.5532586
6248,1.84754341,75.51810721,73.6705638
6249,1.827799485,75.4922443,73.66444481
6250,0.8105981332,76.49976684,75.6891687
6251,2.494995545,77.75893256,75.26393702
6252,1.915057898,75.88058418,73.96552629
6253,1.751741836,77.06434541,75.31260357
6254,1.171985925,76.54909172,75.3771058
6255,2.285797594,76.55209992,74.26630232
6256,2.633539289,76.79380209,74.1602628
6257,2.655226649,76.61655306,73.96132641
6258,1.268641092,76.67345805,75.40481696
6259,1.821182701,76.95711623,75.13593353
6260,1.097612258,76.11064241,75.01303015
6261,2.016760602,76.83683489,74.82007429
6262,1.280441831,76.79279248,75.51235065
6263,1.948084454,77.64698075,75.69889629
6264,1.961535671,76.19840334,74.23686767
6265,1.389950709,76.40855882,75.01860811
6266,2.36571506,76.03059175,73.66487669
6267,1.353761511,77.04662699,75.69286548
6268,2.69067674,77.35901785,74.66834111
6269,1.745812968,77.5704118,75.82459884
6270,0.8104949285,76.92255676,76.11206183
6271,2.178105753,77.27402163,75.09591588
6272,2.302777156,75.09338544,72.79060828
6273,2.719594303,76.65441534,73.93482103
6274,1.893325609,76.44658809,74.55326248
6275,1.215759976,75.43420497,74.21844499
6276,1.841468502,77.93872457,76.09725607
6277,1.247479089,75.89080194,74.64332285
6278,2.895863117,77.16037356,74.26451044
6279,2.297455772,76.22598483,73.92852906
6280,2.675617502,77.20574544,74.53012793
6281,3.15142632,76.73123698,73.57981066
6282,1.45623342,76.59247681,75.13624339
6283,0.7186946641,75.94981395,75.23111929
6284,1.962804031,77.26909279,75.30628876
6285,2.092423843,76.99681342,74.90438958
6286,2.741889682,77.08153712,74.33964744
6287,1.069377725,76.52406858,75.45469086
6288,3.214852884,76.47538018,73.2605273
6289,1.602416092,76.04801492,74.44559883
6290,0.7503217803,77.25960413,76.50928235
6291,2.619367435,76.35519558,73.73582815
6292,2.141095247,77.99581149,75.85471624
6293,2.19629424,76.50534721,74.30905297
6294,1.214970076,76.78848432,75.57351424
6295,1.25674053,76.87819841,75.62145788
6296,1.256322116,76.62917824,75.37285612
6297,2.201573073,75.27595551,73.07438243
6298,1.397349829,77.80324148,76.40589165
6299,1.339401209,76.44665192,75.10725071
6300,2.374961743,76.54944872,74.17448698
6301,1.790564369,77.13875648,75.34819211
6302,1.576224957,78.09627315,76.52004819
6303,1.534726869,76.36614866,74.8314218
6304,1.10144237,75.97607822,74.87463585
6305,1.209583436,76.40884304,75.19925961
6306,0.4543397723,77.23874664,76.78440687
6307,2.066375478,76.64335403,74.57697856
6308,2.450049811,77.80603379,75.35598398
6309,1.03646464,76.12803573,75.09157109
6310,3.151405303,76.53955505,73.38814975
6311,0.5814133211,76.88163288,76.30021956
6312,2.328643487,76.4650448,74.13640131
6313,2.546548278,77.20598519,74.65943691
6314,2.542130313,76.38785408,73.84572377
6315,1.032803254,77.34423928,76.31143603
6316,2.25638593,77.46860658,75.21222065
6317,1.987291403,77.20811065,75.22081924
6318,2.255645008,76.46292806,74.20728306
6319,2.455369865,77.0982804,74.64291054
6320,1.931731906,76.96641371,75.0346818
6321,2.037206647,76.0058069,73.96860025
6322,2.058073251,76.28777373,74.22970048
6323,1.550930225,76.49699721,74.94606699
6324,2.128953865,77.15863124,75.02967737
6325,1.491947967,77.4125854,75.92063743
6326,2.620116185,76.563644,73.94352782
6327,2.405428993,76.89133962,74.48591063
6328,1.254158987,76.14027972,74.88612073
6329,0.8680686294,77.5959939,76.72792527
6330,1.734014005,75.8020047,74.06799069
6331,1.292666083,76.94345446,75.65078837
6332,1.709026788,75.78721853,74.07819174
6333,1.222545633,76.12246347,74.89991784
6334,1.115445218,75.43585869,74.32041347
6335,0.9762517466,76.13060823,75.15435648
6336,1.055710804,77.98546511,76.9297543
6337,2.354109556,77.16214421,74.80803465
6338,1.418469174,75.94391116,74.52544198
6339,2.894750084,77.56420899,74.6694589
6340,3.092672802,76.19640332,73.10373051
6341,0.7547200339,75.84175775,75.08703772
6342,2.046387216,78.19228361,76.14589639
6343,2.170661646,77.20257917,75.03191752
6344,1.663932879,76.70305863,75.03912575
6345,1.946790807,75.66361772,73.71682691
6346,2.30179066,77.11626933,74.81447867
6347,1.217798169,76.70274413,75.48494596
6348,2.646170648,79.12673789,76.48056724
6349,2.806362293,77.12526462,74.31890233
6350,2.395829041,77.90229614,75.5064671
6351,2.414174787,76.67716528,74.26299049
6352,1.944811025,77.37797247,75.43316144
6353,2.204922736,76.77419379,74.56927106
6354,3.257734683,76.31289845,73.05516377
6355,2.343750779,77.07561852,74.73186774
6356,1.618886716,77.30758949,75.68870277
6357,2.161294632,76.63266806,74.47137343
6358,2.221773254,77.32173056,75.09995731
6359,2.230924171,77.18861218,74.95768801
6360,2.155306806,76.60571502,74.45040822
6361,2.606162453,76.89281634,74.28665388
6362,1.908406626,76.38559583,74.4771892
6363,1.493785639,76.06830033,74.57451469
6364,2.321858609,77.01288543,74.69102682
6365,2.331801979,76.00963358,73.6778316
6366,2.368047662,76.54804,74.17999234
6367,2.968400507,77.20653924,74.23813873
6368,2.303464463,77.34357411,75.04010964
6369,1.736506281,77.12070749,75.38420121
6370,2.327962992,76.66544565,74.33748266
6371,1.031683874,76.21051988,75.178836
6372,2.170107526,75.74335672,73.5732492
6373,1.694926489,76.27571258,74.58078609
6374,1.83855678,77.04760656,75.20904978
6375,0.9799423049,76.45166312,75.47172081
6376,1.33094355,76.81025326,75.47930971
6377,2.23662226,76.60300095,74.36637869
6378,3.492453762,77.29609003,73.80363627
6379,2.912306001,77.20967455,74.29736855
6380,1.886969318,77.16073903,75.27376971
6381,2.611144507,77.17950381,74.5683593
6382,1.320924928,77.50651501,76.18559008
6383,2.352028231,76.89057013,74.5385419
6384,2.469225901,75.342682,72.8734561
6385,1.33090389,76.19729816,74.86639427
6386,1.970505663,77.12801897,75.1575133
6387,2.076924789,77.2545511,75.17762631
6388,2.261284068,77.23978982,74.97850575
6389,2.381362225,77.38877261,75.00741038
6390,2.005519482,76.38356937,74.37804989
6391,1.719091145,77.72692412,76.00783297
6392,2.698699938,76.56693435,73.86823441
6393,1.747400514,76.38729353,74.63989301
6394,2.505904517,77.87844557,75.37254105
6395,1.600451678,76.5455626,74.94511092
6396,1.448164361,76.80711429,75.35894993
6397,2.56106156,77.06855177,74.50749021
6398,2.927060254,76.10790444,73.18084419
6399,2.45282778,76.92368498,74.4708572
6400,2.675875698,77.48681413,74.81093843
6401,2.442283902,76.77577081,74.33348691
6402,2.2772171,76.99948049,74.72226339
6403,2.280732282,76.94931094,74.66857865
6404,1.197081631,76.29745587,75.10037424
6405,1.527120051,77.19565707,75.66853702
6406,1.83485406,76.2587163,74.42386224
6407,1.780694618,75.20246781,73.42177319
6408,2.145355277,75.99526776,73.84991248
6409,2.48788811,75.58066063,73.09277252
6410,1.531618906,77.23419378,75.70257488
6411,1.54967705,77.50917024,75.95949319
6412,1.155607619,76.09811151,74.94250389
6413,0.9682924369,75.98303276,75.01474032
6414,1.723353628,77.19291905,75.46956543
6415,1.179054057,75.49246144,74.31340738
6416,2.67154945,77.17430518,74.50275574
6417,1.559168186,76.48232415,74.92315597
6418,0.448760923,76.2633679,75.81460697
6419,1.309538889,76.325845,75.01630612
6420,2.944950817,76.98873245,74.04378163
6421,2.085648414,75.84226413,73.75661572
6422,1.566454654,76.5871121,75.02065745
6423,2.981067155,77.21534037,74.23427322
6424,0.904963721,76.42261761,75.51765389
6425,3.606532952,77.23734519,73.63081224
6426,1.72779865,76.32996364,74.60216499
6427,2.623231528,75.84681418,73.22358265
6428,1.669769664,76.57580898,74.90603932
6429,0.855029025,76.23626786,75.38123883
6430,1.624524711,77.17023101,75.5457063
6431,1.975341122,76.05200545,74.07666433
6432,1.597923018,76.87067188,75.27274886
6433,1.277804989,76.50663785,75.22883286
6434,1.901897345,76.27437024,74.37247289
6435,1.211274924,76.34288777,75.13161284
6436,1.981206836,76.25428455,74.27307771
6437,2.03973727,76.91993857,74.8802013
6438,2.892444987,76.45194165,73.55949667
6439,1.471565081,76.15561092,74.68404584
6440,1.684241117,76.55508747,74.87084635
6441,2.227036728,77.33450777,75.10747104
6442,1.189757251,77.24942463,76.05966738
6443,1.926489842,75.35804263,73.43155279
6444,0.9961390607,76.55375811,75.55761904
6445,1.954480328,77.10539011,75.15090978
6446,1.192698609,77.481931,76.28923239
6447,1.661672871,77.20810195,75.54642908
6448,1.409196176,76.79886496,75.38966879
6449,0.4778782339,77.50479796,77.02691973
6450,2.708283914,77.17444084,74.46615692
6451,1.613043585,77.34495937,75.73191578
6452,1.085662445,76.40512315,75.31946071
6453,2.306066421,76.70127702,74.3952106
6454,0.679305793,75.27638336,74.59707757
6455,0.8204812066,76.89170978,76.07122858
6456,1.966571902,76.31976444,74.35319254
6457,2.289959259,76.88626605,74.59630679
6458,2.163343042,76.60705563,74.44371259
6459,2.477475217,77.59317613,75.11570091
6460,1.946993903,76.87780732,74.93081342
6461,1.624807476,76.54614558,74.92133811
6462,2.18511771,76.986389,74.80127129
6463,2.462422196,76.9835881,74.52116591
6464,1.801647151,76.87801727,75.07637011
6465,2.792075035,76.94422126,74.15214622
6466,2.214060169,77.20831344,74.99425327
6467,1.296393338,76.22530892,74.92891559
6468,2.65693316,76.32557008,73.66863692
6469,1.997673254,76.7750448,74.77737154
6470,1.533786772,77.01941041,75.48562364
6471,1.728599598,75.62135577,73.89275618
6472,0.996702836,76.74014825,75.74344542
6473,2.968743363,77.46272847,74.4939851
6474,2.677433876,77.66065717,74.98322329
6475,1.049181414,77.65261029,76.60342888
6476,1.630067064,75.42579167,73.79572461
6477,2.930135683,77.738627,74.80849131
6478,3.12200889,76.49211594,73.37010705
6479,0.5842606328,76.3574528,75.77319216
6480,1.461016591,77.33325605,75.87223946
6481,1.034334435,76.39784943,75.363515
6482,2.361481979,76.7929232,74.43144122
6483,2.25545455,76.20580872,73.95035417
6484,1.864106826,76.24540571,74.38129889
6485,1.782704077,76.89665919,75.11395511
6486,1.915408039,76.86335508,74.94794704
6487,2.412362217,77.07930745,74.66694523
6488,2.103460279,76.98328548,74.8798252
6489,2.025585455,77.10806677,75.08248132
6490,2.594769965,77.43904852,74.84427855
6491,1.772613153,76.14269038,74.37007723
6492,3.079387518,77.25045578,74.17106826
6493,2.058738632,76.22912027,74.17038164
6494,2.809732025,77.54870966,74.73897763
6495,1.016074912,76.72625462,75.71017971
6496,2.491522864,76.21470236,73.7231795
6497,3.089731121,76.82295865,73.73322753
6498,1.899482003,76.68599078,74.78650877
6499,2.453122579,77.49475094,75.04162836
6500,2.457635079,76.47204298,74.01440791
6501,2.305644141,76.36913672,74.06349258
6502,1.539444904,75.78275437,74.24330947
6503,1.888797156,77.89320298,76.00440582
6504,0.513080561,76.09255593,75.57947537
6505,2.166783681,77.84300937,75.67622569
6506,3.090441816,76.27962259,73.18918078
6507,2.390444618,76.66578654,74.27534192
6508,1.688152569,76.20820989,74.52005732
6509,2.663137621,76.93097289,74.26783527
6510,1.456755283,77.19425406,75.73749878
6511,1.600322585,77.54234207,75.94201948
6512,1.51111537,76.62203322,75.11091785
6513,1.695470224,77.62373892,75.9282687
6514,0.8807434608,77.73244377,76.85170031
6515,2.653769138,76.60455482,73.95078569
6516,1.112530185,77.90365732,76.79112714
6517,3.113503105,76.52255232,73.40904921
6518,2.363774464,76.11094181,73.74716735
6519,3.252910358,77.30778157,74.05487121
6520,2.238807642,77.07149818,74.83269054
6521,2.772957339,77.00353282,74.23057548
6522,2.630570529,77.32297887,74.69240835
6523,2.27682991,76.4292564,74.15242649
6524,1.844937653,77.45458457,75.60964691
6525,1.753619056,76.17455098,74.42093192
6526,1.829307717,76.78377076,74.95446305
6527,2.651349027,76.42641411,73.77506508
6528,1.594296442,76.03078303,74.43648658
6529,1.344025874,76.91219034,75.56816447
6530,2.490344751,76.76325849,74.27291374
6531,1.893353293,77.02839752,75.13504422
6532,1.655132516,76.29993845,74.64480594
6533,1.714374854,76.26211024,74.54773539
6534,2.476053672,76.87193364,74.39587997
6535,1.344604565,77.32472442,75.98011985
6536,2.378738835,77.54040077,75.16166193
6537,1.368339062,76.72825303,75.35991396
6538,2.304091581,75.94053909,73.63644751
6539,2.890114281,76.33026656,73.44015228
6540,2.145641944,76.28579276,74.14015082
6541,2.185281102,76.48003508,74.29475398
6542,2.44469504,77.14641884,74.7017238
6543,1.685261261,75.91121152,74.22595026
6544,1.792972933,75.44254534,73.64957241
6545,2.709954431,76.6329361,73.92298166
6546,2.345625591,77.14584586,74.80022027
6547,1.702012062,77.00820293,75.30619087
6548,2.969631563,76.75126545,73.78163389
6549,1.977848724,76.43594716,74.45809844
6550,2.066672759,77.06426685,74.99759409
6551,0.7197744933,75.80171497,75.08194048
6552,2.270022553,77.50652713,75.23650458
6553,1.242636767,77.10538641,75.86274964
6554,1.99182457,75.63411403,73.64228946
6555,2.899393244,77.22387153,74.32447829
6556,1.925648792,75.92407339,73.9984246
6557,2.383240481,75.85945897,73.47621849
6558,1.166029331,75.94315864,74.77712931
6559,1.985059606,76.29464563,74.30958602
6560,1.271479368,77.02952126,75.75804189
6561,2.818147013,76.96442877,74.14628176
6562,1.791218685,75.83639283,74.04517415
6563,2.605370824,76.18470591,73.57933509
6564,1.304055124,76.19542293,74.89136781
6565,1.276903815,77.85035083,76.57344702
6566,1.821016966,75.92026596,74.09924899
6567,2.718785288,75.91686002,73.19807473
6568,1.972767275,76.7759875,74.80322023
6569,1.644880479,76.95560602,75.31072554
6570,2.815544088,75.85232096,73.03677687
6571,0.6294099838,76.39578569,75.7663757
6572,2.847469949,76.69473178,73.84726183
6573,2.113519171,76.25983897,74.1463198
6574,2.795111637,77.57969366,74.78458203
6575,2.52280201,77.4185798,74.89577779
6576,2.494967092,76.23569455,73.74072746
6577,2.442638443,77.11595948,74.67332104
6578,1.371851124,77.05479275,75.68294163
6579,3.140726382,77.72354037,74.58281399
6580,2.346491848,76.30725137,73.96075952
6581,2.609986847,77.26661864,74.65663179
6582,1.739960721,76.60251163,74.86255091
6583,2.449338163,76.788695,74.33935684
6584,1.338361568,76.18769377,74.8493322
6585,1.308646167,77.0957162,75.78707003
6586,2.460199773,76.0567868,73.59658702
6587,2.661768894,77.22338357,74.56161467
6588,2.32933383,76.1809626,73.85162877
6589,1.29450639,75.59386132,74.29935493
6590,2.731162906,76.94949249,74.21832959
6591,1.892615725,76.1551012,74.26248548
6592,3.313800987,77.38761875,74.07381776
6593,2.13235468,77.33053155,75.19817687
6594,1.778794521,76.11004342,74.3312489
6595,1.918076768,77.32952598,75.41144921
6596,1.695986899,75.45159844,73.75561154
6597,2.065979486,77.50404875,75.43806926
6598,1.314835843,76.81816227,75.50332643
6599,1.525093058,75.34122549,73.81613244
6600,1.055210987,75.95869134,74.90348035
6601,2.062153617,76.65068626,74.58853264
6602,2.041459375,77.19461534,75.15315596
6603,3.343812807,77.20346676,73.85965395
6604,1.284621722,77.0481747,75.76355297
6605,2.726841866,76.9612222,74.23438033
6606,0.6441349103,75.82710157,75.18296666
6607,0.7230904196,76.45032796,75.72723754
6608,1.662585698,75.50812686,73.84554116
6609,2.058089577,77.42449061,75.36640103
6610,1.290369643,75.63133002,74.34096038
6611,2.230500294,76.22143059,73.9909303
6612,2.782971842,77.84421862,75.06124678
6613,1.660772349,77.50220067,75.84142832
6614,2.419600408,77.72337224,75.30377183
6615,1.657091012,76.33518684,74.67809583
6616,2.174349252,77.14282082,74.96847157
6617,1.088400296,75.76225319,74.67385289
6618,3.128741036,77.184402,74.05566096
6619,2.565210746,76.09163096,73.52642021
6620,1.708216394,77.32182036,75.61360396
6621,2.137769843,76.56410319,74.42633335
6622,2.78514028,76.81121708,74.0260768
6623,2.528104483,76.36558604,73.83748155
6624,1.597938314,77.42361638,75.82567807
6625,2.161208101,76.75734457,74.59613647
6626,1.927582193,77.04843573,75.12085354
6627,1.698218524,76.55170909,74.85349057
6628,2.255423097,76.77314453,74.51772143
6629,2.808292893,76.94047629,74.1321834
6630,1.946333463,76.18446132,74.23812786
6631,2.094836525,77.68916904,75.59433251
6632,2.166332131,77.65239603,75.4860639
6633,1.131900552,75.59286547,74.46096492
6634,0.8795805448,77.25306383,76.37348329
6635,2.849739362,76.58179592,73.73205656
6636,2.477431652,77.02337188,74.54594023
6637,2.85431205,76.59217355,73.7378615
6638,1.452221704,75.9600123,74.5077906
6639,2.491971482,77.03263809,74.54066661
6640,2.347719393,77.08196311,74.73424372
6641,3.137725598,76.66812281,73.53039721
6642,2.812376705,76.32044728,73.50807057
6643,0.9031002413,76.07460799,75.17150775
6644,2.471339501,77.16657511,74.69523561
6645,2.222197624,76.46117096,74.23897334
6646,1.595386779,77.5054531,75.91006632
6647,2.468237172,76.58059047,74.11235329
6648,2.39783483,76.67162777,74.27379294
6649,1.290676269,75.82681666,74.53614039
6650,2.709008921,76.5816328,73.87262388
6651,1.25709071,76.81890004,75.56180933
6652,2.235922966,76.87030801,74.63438504
6653,1.246646673,77.95687218,76.71022551
6654,0.9217431099,76.35688941,75.4351463
6655,3.479232447,77.01567652,73.53644407
6656,2.786447119,75.46493345,72.67848633
6657,1.816930419,76.23295265,74.41602224
6658,0.990466113,75.86403841,74.8735723
6659,2.353489212,76.69585994,74.34237073
6660,2.418776894,77.21766532,74.79888843
6661,1.338424229,75.14237534,73.80395111
6662,2.235116553,78.13982853,75.90471198
6663,1.437315701,76.79644466,75.35912895
6664,2.503783931,76.84222437,74.33844044
6665,1.274865578,76.57218723,75.29732165
6666,1.565787186,77.96703159,76.4012444
6667,3.095861296,75.89285648,72.79699519
6668,2.340318693,77.36058126,75.02026257
6669,2.272465608,77.31612986,75.04366426
6670,1.90798863,78.10399638,76.19600775
6671,1.614770413,76.0608644,74.44609398
6672,1.922485961,76.98101542,75.05852946
6673,3.282514683,75.74757709,72.46506241
6674,1.951424111,76.25062613,74.29920202
6675,2.263223137,76.0899777,73.82675456
6676,2.586921016,77.26354499,74.67662398
6677,3.13953894,77.16628648,74.02674754
6678,1.358091713,77.40282388,76.04473216
6679,1.70450527,75.7948536,74.09034833
6680,2.226496605,75.94124942,73.71475281
6681,1.752400759,76.0976063,74.34520554
6682,2.529068396,77.40050007,74.87143167
6683,2.012260972,76.03731136,74.02505039
6684,2.957491438,76.2738876,73.31639616
6685,2.853836229,76.15097654,73.29714031
6686,1.388282118,77.20384299,75.81556087
6687,2.335549793,76.50021245,74.16466265
6688,0.8263875241,76.01230483,75.18591731
6689,1.629199896,76.45708797,74.82788807
6690,1.773305847,76.27901558,74.50570973
6691,2.188962218,76.76161887,74.57265666
6692,2.386204943,77.5199154,75.13371046
6693,1.163447821,76.32962565,75.16617783
6694,1.540553863,76.92410007,75.3835462
6695,3.000053179,76.75312209,73.75306891
6696,2.712551608,76.82477918,74.11222757
6697,2.229834594,78.08867657,75.85884197
6698,2.730372032,77.05449837,74.32412633
6699,2.046605982,77.36054982,75.31394383
6700,1.534337555,77.55689393,76.02255637
6701,0.9395034716,77.2110177,76.27151422
6702,1.401563022,76.30959116,74.90802814
6703,2.24107201,76.57387461,74.3328026
6704,2.212840307,76.43890051,74.22606021
6705,2.682835897,77.53184766,74.84901176
6706,1.603718575,76.63678095,75.03306238
6707,1.112760986,76.23358237,75.12082138
6708,1.531197694,76.26809794,74.73690025
6709,2.280295459,76.71427795,74.43398249
6710,1.33516315,77.71060249,76.37543934
6711,1.77832201,77.3768984,75.59857639
6712,0.7224927485,76.97075622,76.24826347
6713,2.322912877,77.27556013,74.95264725
6714,2.007682092,77.60947315,75.60179106
6715,2.971948424,77.43073411,74.45878568
6716,2.328554896,76.14198872,73.81343382
6717,2.562470661,76.4030105,73.84053984
6718,2.190110338,76.48058861,74.29047828
6719,2.048041632,75.80687521,73.75883358
6720,2.407788443,77.81133026,75.40354182
6721,0.6673024477,75.92620833,75.25890589
6722,2.48361269,75.89521373,73.41160104
6723,1.354824794,77.6099129,76.25508811
6724,2.615117056,77.02984824,74.41473118
6725,2.528206479,75.96014673,73.43194025
6726,1.917755733,76.6913583,74.77360257
6727,2.53376436,75.9110864,73.37732204
6728,2.358561635,76.46403912,74.10547749
6729,2.259377614,77.00384296,74.74446535
6730,1.190938845,77.1283191,75.93738025
6731,0.804874385,76.10325314,75.29837875
6732,0.8726970102,77.16162837,76.28893136
6733,1.525198798,78.06061113,76.53541233
6734,2.55287296,75.78492285,73.23204989
6735,2.099910142,76.40477144,74.3048613
6736,2.267473546,77.00796623,74.74049269
6737,2.07185275,77.98115274,75.90929999
6738,2.141150549,76.45353379,74.31238324
6739,1.239337415,77.47053105,76.23119364
6740,1.657363636,77.73050794,76.0731443
6741,2.437565696,76.53427966,74.09671396
6742,1.536300685,76.72891437,75.19261368
6743,1.696565184,76.28179921,74.58523403
6744,2.281895004,76.53031919,74.24842419
6745,2.611887554,77.05151829,74.43963073
6746,1.648727934,76.18791192,74.53918399
6747,1.014385534,76.15034988,75.13596435
6748,1.498316972,76.98490499,75.48658802
6749,2.188799576,76.93068497,74.7418854
6750,2.472713204,76.60555243,74.13283922
6751,1.926101728,76.08778327,74.16168154
6752,1.715451617,75.6689483,73.95349669
6753,0.9539523155,76.50058453,75.54663221
6754,1.992975137,77.13319397,75.14021883
6755,2.06070358,76.06532662,74.00462304
6756,2.350680657,77.77302848,75.42234783
6757,2.038054924,76.55702701,74.51897208
6758,1.622582987,76.60386644,74.98128345
6759,2.149557926,76.914806,74.76524808
6760,1.940634505,76.43023818,74.48960367
6761,3.155394756,77.86333118,74.70793642
6762,1.413072629,76.27572562,74.862653
6763,2.6678844,76.49676809,73.82888369
6764,2.16934353,77.01717697,74.84783344
6765,2.250903428,76.28206087,74.03115744
6766,2.083723703,77.0958428,75.01211909
6767,1.573074091,77.11571893,75.54264484
6768,2.300018092,75.92896466,73.62894657
6769,1.410285814,76.18990475,74.77961893
6770,1.114158392,75.92856195,74.81440356
6771,1.840908569,75.98220579,74.14129722
6772,2.236431492,75.50991972,73.27348823
6773,1.691341273,76.2079544,74.51661313
6774,2.449497634,76.49871746,74.04921982
6775,2.103468003,75.88092387,73.77745587
6776,2.109990397,76.39545379,74.2854634
6777,2.229005219,77.30813992,75.0791347
6778,1.814668342,76.9085633,75.09389496
6779,1.807475949,76.2226525,74.41517655
6780,2.943724993,77.33542479,74.39169979
6781,2.25687207,77.99903741,75.74216534
6782,1.769445117,77.32183921,75.55239409
6783,1.644271442,76.85026325,75.20599181
6784,2.20289587,76.4139431,74.21104723
6785,1.59718645,77.57111488,75.97392843
6786,1.658842867,77.0589586,75.40011573
6787,1.584579559,78.81952303,77.23494347
6788,2.310717865,77.37237306,75.06165519
6789,1.184666494,76.01515747,74.83049097
6790,1.91112603,76.49424958,74.58312355
6791,0.8017153168,77.08154022,76.27982491
6792,2.792792895,76.81518325,74.02239035
6793,1.029798586,76.8079887,75.77819012
6794,1.511466562,77.13124776,75.6197812
6795,3.375388227,77.41529728,74.03990905
6796,2.832765658,76.39845258,73.56568692
6797,2.728410533,76.98848756,74.26007703
6798,2.238456,76.54688971,74.30843371
6799,2.655114618,76.88822772,74.23311311
6800,1.830415786,78.06992642,76.23951064
6801,2.989237612,77.37260571,74.3833681
6802,1.910745113,76.3689346,74.45818949
6803,2.703358149,75.98080305,73.2774449
6804,2.948247758,76.80042778,73.85218003
6805,2.706817369,76.6326999,73.92588253
6806,2.994961865,76.94916292,73.95420105
6807,2.185349725,76.83113587,74.64578615
6808,2.709049785,77.50696853,74.79791875
6809,1.999355481,75.92672991,73.92737443
6810,3.284269388,77.98730699,74.7030376
6811,1.900641647,76.29220822,74.39156657
6812,2.909091449,76.767516,73.85842455
6813,2.039953572,76.55988621,74.51993264
6814,0.756795356,76.36591012,75.60911477
6815,2.381322723,76.93664306,74.55532033
6816,2.400694437,76.18563037,73.78493593
6817,2.571235186,77.48880258,74.91756739
6818,3.082305262,77.47126671,74.38896145
6819,2.686288911,77.01889675,74.33260784
6820,1.18641311,76.02641969,74.84000658
6821,0.7572895932,77.29260798,76.53531838
6822,1.111131029,76.0675153,74.95638427
6823,1.50773684,75.98201023,74.47427339
6824,2.971930778,76.50125195,73.52932117
6825,0.8499168618,76.34226164,75.49234478
6826,2.50511906,75.98061273,73.47549367
6827,2.989289355,76.05012438,73.06083503
6828,2.028658223,76.92245279,74.89379457
6829,0.8629481195,76.02829449,75.16534637
6830,1.177953008,75.72335256,74.54539955
6831,2.808314964,76.31378325,73.50546829
6832,1.944425334,76.62244238,74.67801705
6833,2.008119083,77.41792655,75.40980746
6834,1.500116591,76.22217091,74.72205432
6835,1.853756706,76.6292136,74.77545689
6836,2.251591511,76.88009483,74.62850332
6837,2.783795141,76.97967891,74.19588377
6838,2.196754488,75.22557757,73.02882308
6839,0.8106125433,76.17537213,75.36475959
6840,2.054123367,76.78237467,74.7282513
6841,1.355692273,76.44779059,75.09209831
6842,2.582746304,77.66404836,75.08130206
6843,1.644269894,75.38185599,73.73758609
6844,1.336863852,76.49143202,75.15456817
6845,1.592105537,76.75378052,75.16167498
6846,1.878622002,76.48165505,74.60303305
6847,2.397210146,76.30064438,73.90343423
6848,2.448717605,76.66341884,74.21470123
6849,1.962127731,77.04619701,75.08406928
6850,1.893758641,76.45692252,74.56316388
6851,1.787910998,76.17514828,74.38723728
6852,2.593269478,76.24149171,73.64822223
6853,1.71080879,76.27106554,74.56025675
6854,2.686853596,76.06029475,73.37344116
6855,1.956366323,75.83512565,73.87875933
6856,1.841940416,75.28619513,73.44425471
6857,1.091253627,77.23254817,76.14129454
6858,1.869648015,77.14766246,75.27801445
6859,2.317217328,77.58543057,75.26821324
6860,2.730515662,76.61799289,73.88747722
6861,1.860406634,76.63733537,74.77692873
6862,2.364128971,76.00945822,73.64532925
6863,2.628538051,76.66704768,74.03850963
6864,2.931188699,77.27844686,74.34725816
6865,0.97033051,77.40243968,76.43210917
6866,2.660914059,77.10525432,74.44434026
6867,0.977225624,76.69262861,75.71540299
6868,0.9825686365,76.62388127,75.64131263
6869,2.584712438,76.58574551,74.00103307
6870,2.226063935,76.2180821,73.99201817
6871,2.166353901,77.14096794,74.97461404
6872,1.860873325,75.32969001,73.46881668
6873,2.36823279,76.80370328,74.43547049
6874,1.862603989,77.69919791,75.83659392
6875,2.136576692,76.99168899,74.8551123
6876,3.384119574,77.07782278,73.6937032
6877,1.895101609,77.22539238,75.33029077
6878,1.643307867,76.54099315,74.89768528
6879,0.7487913372,76.4478285,75.69903717
6880,2.215656462,76.28122766,74.0655712
6881,3.042140449,77.19212361,74.14998316
6882,1.469118581,76.9418836,75.47276502
6883,1.740890352,75.95438983,74.21349947
6884,1.794503085,77.80804494,76.01354185
6885,1.513725346,76.29250794,74.7787826
6886,2.609012763,76.64099514,74.03198237
6887,1.393570719,76.26208243,74.86851171
6888,1.657840919,77.07570314,75.41786222
6889,2.341298969,75.74174483,73.40044586
6890,2.619018266,76.71847116,74.09945289
6891,2.148929073,76.94053953,74.79161046
6892,2.604649287,76.82141353,74.21676424
6893,1.298531883,77.17316224,75.87463035
6894,1.727212992,75.63204288,73.90482989
6895,2.522740932,77.10663842,74.58389748
6896,1.255619193,77.24109496,75.98547577
6897,0.3743888301,76.4833008,76.10891197
6898,1.553136512,75.4981981,73.94506159
6899,1.061352189,76.04697325,74.98562106
6900,1.989084183,76.39089443,74.40181025
6901,1.697134303,78.10753711,76.41040281
6902,1.407065359,76.67319628,75.26613092
6903,1.422540631,77.06792377,75.64538314
6904,2.270531382,75.7638574,73.49332602
6905,3.039814359,77.68005256,74.6402382
6906,2.198718458,76.85293959,74.65422113
6907,1.267529573,77.32803224,76.06050267
6908,2.335308072,76.8117675,74.47645943
6909,2.938480564,75.75175695,72.81327638
6910,2.048860968,77.23607049,75.18720952
6911,1.893770574,76.31147829,74.41770771
6912,1.992106034,75.68713781,73.69503178
6913,1.50462599,75.29498734,73.79036135
6914,1.255874615,76.36943828,75.11356367
6915,1.551806883,76.41873937,74.86693249
6916,2.501981417,77.14302624,74.64104482
6917,2.320175947,76.84354838,74.52337244
6918,1.976091686,76.04128113,74.06518945
6919,1.441754727,76.4307399,74.98898517
6920,1.71544851,75.76283227,74.04738376
6921,1.767249361,76.8203983,75.05314893
6922,1.948229257,78.20923861,76.26100935
6923,1.243306682,77.48140865,76.23810196
6924,2.09013832,75.90393052,73.8137922
6925,1.332286885,77.68174169,76.3494548
6926,1.953591057,75.97077796,74.0171869
6927,1.504243612,76.72858742,75.22434381
6928,1.66059151,76.72878088,75.06818937
6929,1.622373325,76.43294676,74.81057343
6930,0.923350301,76.12334253,75.19999223
6931,1.858043567,77.42616142,75.56811785
6932,2.653711252,76.2479081,73.59419685
6933,2.860828706,76.63651719,73.77568849
6934,1.979136794,76.73252863,74.75339184
6935,1.248870544,77.47910182,76.23023127
6936,2.8046942,77.67183615,74.86714195
6937,3.040387922,76.60999863,73.56961071
6938,2.032100923,77.88173995,75.84963903
6939,1.017761171,75.63325545,74.61549428
6940,2.731849458,76.73828031,74.00643085
6941,1.151369944,76.03398098,74.88261104
6942,2.137806629,77.67723321,75.53942658
6943,2.691773034,77.10313453,74.41136149
6944,2.189189923,76.98822369,74.79903377
6945,1.248540106,77.45250659,76.20396649
6946,1.744693501,76.83283261,75.08813911
6947,0.450706823,76.25405075,75.80334393
6948,2.552659236,77.43153281,74.87887358
6949,1.288982607,76.13669926,74.84771665
6950,1.291964575,76.71286329,75.42089872
6951,2.52263237,77.13642188,74.61378951
6952,2.5914684,76.11312452,73.52165612
6953,0.5892089298,77.15425082,76.56504189
6954,3.157908689,76.5207432,73.36283451
6955,2.11558603,78.14328232,76.02769629
6956,2.474474342,77.57581454,75.1013402
6957,2.150300748,76.88642727,74.73612653
6958,1.104025327,77.71888583,76.61486051
6959,1.796346097,76.75229703,74.95595093
6960,1.798748471,77.14377662,75.34502815
6961,2.808719301,77.00200355,74.19328425
6962,2.69207248,75.61800218,72.9259297
6963,1.394775978,77.14105099,75.74627501
6964,2.79462493,76.9252032,74.13057827
6965,2.080672942,77.05812566,74.97745272
6966,1.339096392,77.08653054,75.74743415
6967,1.316458565,77.62651685,76.31005829
6968,1.973897696,75.3971671,73.42326941
6969,2.574839822,76.51678168,73.94194186
6970,2.725533572,76.50461231,73.77907874
6971,2.642017706,75.70941604,73.06739834
6972,2.210891531,77.86613395,75.65524242
6973,1.690339745,75.82228186,74.13194211
6974,2.21583345,77.81477461,75.59894116
6975,2.470156438,76.89992326,74.42976682
6976,3.329651668,78.18260904,74.85295737
6977,1.63655899,76.60871568,74.97215669
6978,2.768947113,76.18134834,73.41240123
6979,2.009402577,77.07287586,75.06347328
6980,2.57295854,77.03825781,74.46529927
6981,2.728843887,75.92037021,73.19152632
6982,1.96662478,75.67980473,73.71317995
6983,2.523629263,76.39213583,73.86850657
6984,1.535949988,76.02949345,74.49354347
6985,2.52323105,77.30462679,74.78139574
6986,3.084603433,76.9320669,73.84746347
6987,2.281469671,76.00857921,73.72710954
6988,1.983436988,76.35430086,74.37086387
6989,1.389048502,75.60978506,74.22073656
6990,3.45281415,78.40528706,74.95247291
6991,1.077321118,76.58409448,75.50677336
6992,3.329591374,76.53989663,73.21030525
6993,1.543007746,76.9673915,75.42438376
6994,1.679536622,76.60101173,74.92147511
6995,1.938543765,78.22011857,76.28157481
6996,1.089108914,77.1140042,76.02489528
6997,1.527732641,76.56882977,75.04109713
6998,1.543449759,76.0697412,74.52629144
6999,2.150014534,76.96210886,74.81209433
7000,2.870201293,76.41979348,73.54959218
7001,1.938536231,76.74958254,74.81104631
7002,1.96495011,77.84314078,75.87819067
7003,2.103146487,76.01813092,73.91498444
7004,1.989066886,76.5022417,74.51317482
7005,2.013297394,76.95758801,74.94429062
7006,3.203515706,77.95632557,74.75280986
7007,2.784470493,77.44588679,74.6614163
7008,1.071818958,76.96029359,75.88847463
7009,2.367723795,76.73524775,74.36752396
7010,1.832525185,75.33061429,73.4980891
7011,2.376540525,77.03180051,74.65525999
7012,2.379034521,76.15129453,73.77226001
7013,2.058666949,75.91949458,73.86082763
7014,1.032316357,77.1479147,76.11559834
7015,1.623093527,75.89477968,74.27168616
7016,2.183685206,78.03372783,75.85004263
7017,1.352028212,75.82107399,74.46904577
7018,2.371014952,76.79698603,74.42597107
7019,2.87748543,76.11324787,73.23576244
7020,2.289407115,76.63695514,74.34754802
7021,2.126365094,76.65102874,74.52466365
7022,1.996907485,77.50837,75.51146251
7023,1.349003107,75.57829186,74.22928875
7024,2.243311899,76.90267488,74.65936298
7025,2.650991203,76.04540626,73.39441506
7026,2.941727851,77.17810731,74.23637946
7027,2.703449525,76.34550226,73.64205274
7028,2.90541192,77.7946394,74.88922748
7029,1.02690237,76.33799802,75.31109565
7030,2.460694511,76.46484286,74.00414835
7031,1.250760852,75.72206315,74.4713023
7032,2.035579265,77.43487662,75.39929736
7033,1.782977495,76.54330129,74.7603238
7034,1.87052569,75.76667675,73.89615106
7035,0.7855432421,78.39779378,77.61225054
7036,2.577760158,76.49674017,73.91898001
7037,2.637648625,77.08450968,74.44686105
7038,1.964631867,75.92077349,73.95614162
7039,1.690180311,77.43236983,75.74218952
7040,1.138948732,75.77583926,74.63689053
7041,2.286878426,76.97025546,74.68337704
7042,1.791463937,76.03880169,74.24733776
7043,3.133158478,77.20903483,74.07587636
7044,1.743178203,76.7006373,74.95745909
7045,1.960955617,76.6515196,74.69056398
7046,0.9273587486,76.88270341,75.95534466
7047,1.095872382,78.07813871,76.98226633
7048,1.816232594,74.98147108,73.16523848
7049,2.648509951,76.61400715,73.9654972
7050,3.729446162,76.98859992,73.25915376
7051,1.914467076,76.86252841,74.94806133
7052,1.215635829,76.76643727,75.55080144
7053,2.020353449,76.72394526,74.70359181
7054,1.809837407,76.42790113,74.61806373
7055,0.6584239044,76.63569328,75.97726938
7056,1.280689216,75.48614842,74.2054592
7057,2.319386587,76.78458894,74.46520235
7058,1.784720717,77.02473505,75.24001433
7059,2.190595659,76.57209872,74.38150306
7060,1.565626682,76.06723519,74.50160851
7061,2.393875302,76.81605744,74.42218214
7062,1.166852442,75.80218152,74.63532908
7063,2.419909517,76.03549363,73.61558412
7064,1.480335425,76.95239604,75.47206061
7065,3.224763416,77.05678234,73.83201892
7066,2.195099818,77.68910061,75.4940008
7067,2.20936003,77.24837845,75.03901842
7068,1.491230516,76.9221995,75.43096898
7069,2.882082257,76.23933292,73.35725066
7070,1.618533066,76.68979474,75.07126168
7071,2.807401626,75.74302828,72.93562665
7072,0.7187376917,77.26269278,76.54395509
7073,2.352262467,76.67115514,74.31889268
7074,0.9186670196,77.14842985,76.22976283
7075,0.7999301917,76.78579513,75.98586494
7076,2.935363499,76.48420163,73.54883813
7077,2.792278102,77.00459214,74.21231403
7078,1.067223437,75.66054009,74.59331666
7079,2.048471857,76.00749248,73.95902062
7080,1.683829096,76.14332136,74.45949226
7081,2.264777297,76.71341134,74.44863404
7082,2.078113711,77.40144665,75.32333294
7083,1.931852957,75.5820042,73.65015124
7084,2.60405027,78.48865355,75.88460328
7085,2.259808261,77.1395578,74.87974954
7086,2.100370338,76.10599437,74.00562403
7087,1.778336254,77.47169208,75.69335583
7088,0.9061434986,77.08211541,76.17597191
7089,1.855218918,76.57718912,74.7219702
7090,1.18434075,76.32768701,75.14334626
7091,1.865048295,76.48770877,74.62266048
7092,3.199661786,77.77541433,74.57575254
7093,0.8690608549,76.01602271,75.14696186
7094,0.7375920377,76.72134056,75.98374852
7095,2.326566382,76.30300494,73.97643856
7096,1.646354107,76.79608322,75.14972911
7097,1.196154668,76.78258224,75.58642757
7098,1.682337645,76.2139291,74.53159145
7099,0.9470656576,75.30932923,74.36226357
7100,2.154540349,75.67650953,73.52196918
7101,2.233058287,77.30980114,75.07674285
7102,1.768411574,75.86721774,74.09880617
7103,0.9027672773,76.2185606,75.31579332
7104,2.603727064,77.54374542,74.94001836
7105,2.224615608,75.47658406,73.25196845
7106,2.447679081,76.87033913,74.42266005
7107,2.610359758,77.59989224,74.98953248
7108,1.966871039,76.96060735,74.99373631
7109,1.426397047,76.18943368,74.76303663
7110,1.99649416,76.02766978,74.03117562
7111,3.545876478,76.99762343,73.45174695
7112,2.216561996,76.47017052,74.25360852
7113,0.9915171131,76.94376573,75.95224862
7114,2.413067647,76.1524043,73.73933666
7115,2.14857236,76.33046936,74.181897
7116,3.447255776,76.41228508,72.96502931
7117,3.076731518,76.74043414,73.66370262
7118,0.5235062837,75.8994283,75.37592201
7119,2.772187673,78.33780993,75.56562225
7120,1.885127861,76.67373868,74.78861082
7121,1.96375945,76.84789845,74.884139
7122,2.175442342,75.96696312,73.79152078
7123,1.241323163,76.14186229,74.90053912
7124,0.6858768954,76.86032155,76.17444466
7125,1.592991598,75.97112356,74.37813196
7126,2.436966176,77.15287429,74.71590812
7127,2.211124145,76.10119101,73.89006687
7128,1.315245581,76.89959267,75.58434709
7129,1.38383262,77.60945571,76.22562309
7130,1.647028618,77.42415194,75.77712332
7131,1.303418646,77.08473235,75.78131371
7132,2.848965024,76.00120264,73.15223762
7133,2.124512952,76.62439357,74.49988062
7134,1.402141109,76.15162577,74.74948466
7135,1.827958417,76.75092139,74.92296297
7136,1.502725717,76.91535104,75.41262532
7137,2.651849707,76.48190311,73.83005341
7138,0.7503140111,76.28638603,75.53607202
7139,2.208028242,77.01776726,74.80973902
7140,1.20164041,75.88118773,74.67954732
7141,2.70226041,76.54302619,73.84076578
7142,2.602982387,77.01853639,74.41555401
7143,1.830911446,76.10160928,74.27069784
7144,1.585638765,77.60865974,76.02302097
7145,2.795378478,77.42314216,74.62776368
7146,2.136183047,77.37930684,75.2431238
7147,2.153557945,76.26424383,74.11068588
7148,1.966440825,75.45920769,73.49276687
7149,1.916753135,77.28654068,75.36978754
7150,2.010407302,76.84769215,74.83728484
7151,1.747317865,76.88493941,75.13762154
7152,2.260711196,77.31670771,75.05599651
7153,2.489855345,76.42361867,73.93376332
7154,1.664728047,76.45413478,74.78940673
7155,1.563147828,75.93680202,74.37365419
7156,1.033453621,77.52130193,76.48784831
7157,1.346457494,76.66910165,75.32264416
7158,2.52312496,75.6385037,73.11537874
7159,2.373715641,76.49702942,74.12331378
7160,1.759530823,75.79151917,74.03198835
7161,2.303264957,77.45614551,75.15288055
7162,1.515863324,76.18597487,74.67011155
7163,2.197096981,75.9587729,73.76167591
7164,2.054905786,76.83254034,74.77763455
7165,1.805750425,76.9491629,75.14341247
7166,1.15588061,77.64388392,76.48800331
7167,1.823507446,76.30412948,74.48062204
7168,2.110260333,77.58040529,75.47014496
7169,2.453761548,77.12749365,74.6737321
7170,1.012944155,76.29737071,75.28442655
7171,1.802437899,77.44860147,75.64616357
7172,2.140317162,76.5486824,74.40836524
7173,1.63207189,77.36055684,75.72848495
7174,2.25940811,77.23648739,74.97707928
7175,2.324594484,77.5444082,75.21981371
7176,0.7162675258,78.18354006,77.46727254
7177,1.989439639,76.53691874,74.5474791
7178,1.541199234,77.15670637,75.61550713
7179,2.159955847,76.07062319,73.91066735
7180,3.151080854,76.31651139,73.16543054
7181,1.745620765,76.39922048,74.65359972
7182,0.7634519999,75.8188901,75.0554381
7183,3.238254534,75.88271167,72.64445713
7184,1.556354131,77.33920456,75.78285042
7185,2.007872534,76.43516731,74.42729478
7186,1.197160626,77.25438385,76.05722323
7187,1.095733499,75.7205815,74.62484801
7188,2.613834056,76.47592802,73.86209396
7189,1.571720443,76.85845319,75.28673275
7190,1.965209027,76.73911739,74.77390836
7191,2.244434931,76.56896015,74.32452522
7192,1.544013337,76.13794168,74.59392834
7193,0.7050014242,75.70050993,74.9955085
7194,2.34304162,77.16551097,74.82246935
7195,2.947258305,75.78468002,72.83742171
7196,2.595554365,76.94746087,74.3519065
7197,2.11399202,76.59597224,74.48198022
7198,2.285382716,77.34725682,75.0618741
7199,2.008102186,76.51715505,74.50905286
7200,2.459702457,76.38406808,73.92436562
7201,0.7255697817,75.93694536,75.21137558
7202,1.044318979,76.58508112,75.54076214
7203,1.590455641,77.24779725,75.65734161
7204,1.919369833,76.98882839,75.06945856
7205,1.144214326,77.21236455,76.06815022
7206,2.396042821,77.1405876,74.74454478
7207,2.652396254,75.84859948,73.19620323
7208,2.384923357,76.79887611,74.41395275
7209,1.468306622,77.52773572,76.0594291
7210,1.390124394,77.25962479,75.8695004
7211,2.365979533,76.52279997,74.15682044
7212,1.940616693,76.89731664,74.95669995
7213,2.88905782,76.74501335,73.85595553
7214,1.35114719,76.87276652,75.52161933
7215,2.017123028,75.95900739,73.94188436
7216,1.408081527,76.32389097,74.91580944
7217,1.759830929,77.24613826,75.48630733
7218,1.830983926,77.50612969,75.67514577
7219,2.593776766,76.82075722,74.22698045
7220,2.85721965,76.43605214,73.57883249
7221,1.697387571,75.27210187,73.5747143
7222,2.030792735,76.17970791,74.14891518
7223,2.07307812,75.46531493,73.39223681
7224,1.422156569,77.0378931,75.61573653
7225,2.277621139,76.45641848,74.17879734
7226,1.455189559,76.9436031,75.48841354
7227,2.093629263,76.64884662,74.55521736
7228,2.703287235,75.37161872,72.66833148
7229,1.553871611,76.5508116,74.99693999
7230,0.8906929807,77.29761824,76.40692526
7231,1.745207266,77.27210498,75.52689771
7232,2.54186168,76.75603694,74.21417526
7233,1.120126193,75.92439206,74.80426587
7234,1.532499203,76.85183061,75.31933141
7235,1.379427461,77.21912238,75.83969492
7236,2.214480244,76.63971766,74.42523741
7237,1.749745089,75.87503384,74.12528875
7238,1.682766644,75.75257592,74.06980927
7239,2.421343104,76.26709884,73.84575574
7240,0.5240849902,77.56020757,77.03612258
7241,1.627465328,76.24231048,74.61484515
7242,2.405695158,76.73011,74.32441484
7243,2.905352456,76.29534459,73.38999213
7244,2.707171368,75.59427003,72.88709866
7245,1.319382864,77.25138778,75.93200492
7246,0.9257321737,77.36213667,76.43640449
7247,3.004287868,76.83953435,73.83524648
7248,2.349792027,76.45003613,74.10024411
7249,2.901291452,76.47312468,73.57183323
7250,1.96329604,76.47754835,74.51425231
7251,2.489146652,76.69598712,74.20684047
7252,1.831381849,77.7827177,75.95133585
7253,0.7788613688,75.35496759,74.57610622
7254,2.627060001,76.20100345,73.57394344
7255,1.973637223,76.32764578,74.35400856
7256,2.073940835,76.68753898,74.61359814
7257,1.765290229,76.81210956,75.04681933
7258,2.432552594,77.05261131,74.62005872
7259,2.257432213,76.93545454,74.67802232
7260,1.880734531,75.40328076,73.52254622
7261,1.412265456,77.02677527,75.61450981
7262,1.891789053,76.56662904,74.67483999
7263,0.9519542267,76.73710229,75.78514807
7264,1.434165867,76.19443726,74.7602714
7265,1.888203152,77.8515728,75.96336965
7266,1.691272795,77.28845609,75.59718329
7267,1.21247751,76.28045534,75.06797783
7268,2.388815293,78.00453855,75.61572326
7269,0.7489868438,76.340246,75.59125916
7270,1.85908886,76.29191617,74.43282731
7271,1.66956416,75.80840327,74.13883911
7272,2.303025159,76.50131711,74.19829195
7273,2.493294859,76.79953142,74.30623656
7274,2.036173798,76.9615118,74.925338
7275,1.449675617,75.90056135,74.45088573
7276,1.644247035,76.92671777,75.28247073
7277,2.35873715,77.04020446,74.68146731
7278,2.575573682,76.79307352,74.21749984
7279,2.082016864,76.4081387,74.32612184
7280,2.766462047,76.86020261,74.09374057
7281,2.262368586,76.57018858,74.30781999
7282,2.505983992,76.18553144,73.67954745
7283,2.175229715,77.55749397,75.38226425
7284,1.853212249,76.88394228,75.03073003
7285,1.550318872,76.01928638,74.46896751
7286,2.271208591,75.95439406,73.68318547
7287,0.9599348754,76.88200748,75.9220726
7288,1.337597223,76.43850827,75.10091105
7289,1.606036095,76.11030355,74.50426746
7290,1.483407581,76.78057057,75.29716299
7291,2.053271164,76.06861126,74.01534009
7292,2.076088859,77.94305639,75.86696753
7293,1.693251251,77.57421748,75.88096623
7294,3.037799563,77.0204922,73.98269264
7295,2.46401807,76.9614792,74.49746113
7296,1.889411795,76.96568225,75.07627046
7297,1.575439062,76.95991562,75.38447655
7298,1.884344191,76.72083197,74.83648778
7299,1.909417595,76.28896826,74.37955066
7300,2.626191549,75.93585332,73.30966177
7301,1.251860674,77.09404732,75.84218665
7302,1.342256917,75.34240129,74.00014437
7303,1.820783762,75.35664554,73.53586178
7304,1.599661122,76.48500364,74.88534252
7305,2.255545469,76.88513052,74.62958505
7306,2.515815598,76.9160016,74.400186
7307,2.830747151,75.48925723,72.65851008
7308,2.578370536,77.66516454,75.08679401
7309,2.174702434,76.87108453,74.6963821
7310,2.032049554,76.14436652,74.11231697
7311,1.562575949,76.91843434,75.35585839
7312,2.602685746,76.80691323,74.20422748
7313,1.387078893,76.71266478,75.32558589
7314,2.13134523,76.54423944,74.41289421
7315,1.778793277,77.10833208,75.3295388
7316,2.403525375,77.7569708,75.35344543
7317,1.810149291,75.73299427,73.92284498
7318,1.626511075,76.44254172,74.81603065
7319,2.414624243,76.88864137,74.47401712
7320,2.839938948,76.71805058,73.87811164
7321,2.645693479,75.71894005,73.07324657
7322,2.168809241,77.39349001,75.22468077
7323,2.015839264,77.55302155,75.53718229
7324,2.584618733,76.30287873,73.71826
7325,1.537538397,76.56572163,75.02818324
7326,2.084812827,76.71494548,74.63013265
7327,1.593567851,77.16585496,75.57228711
7328,2.095214288,76.56578088,74.4705666
7329,2.50253742,75.826212,73.32367458
7330,2.697485272,77.27738965,74.57990438
7331,1.824977323,75.60292973,73.77795241
7332,2.397343216,76.90892942,74.5115862
7333,1.592008436,75.9879598,74.39595136
7334,1.178045603,77.2035673,76.0255217
7335,1.800427905,77.35780113,75.55737322
7336,1.221457865,76.89939259,75.67793472
7337,2.274294455,76.48924667,74.21495222
7338,2.94557246,77.2291275,74.28355504
7339,0.4902684262,77.02733919,76.53707077
7340,2.306094431,77.13958992,74.83349549
7341,2.081599586,76.84146801,74.75986843
7342,2.204558822,76.60875439,74.40419556
7343,2.703991288,77.11981015,74.41581886
7344,2.382577448,76.59387508,74.21129763
7345,1.520240785,76.64146459,75.12122381
7346,2.189980092,76.11215255,73.92217246
7347,3.925972956,76.51343385,72.5874609
7348,2.033258812,75.69688597,73.66362715
7349,1.659277837,77.04384637,75.38456853
7350,2.623451293,77.25110633,74.62765504
7351,1.552533132,76.17005491,74.61752178
7352,1.683720467,75.83957176,74.15585129
7353,1.880198409,76.25682237,74.37662396
7354,1.863370733,77.14444292,75.28107219
7355,1.69920222,76.88067679,75.18147457
7356,2.4126668,77.54090032,75.12823352
7357,2.069325262,76.7734301,74.70410484
7358,3.029704221,76.72383192,73.6941277
7359,2.445962323,77.29884426,74.85288193
7360,2.484956484,76.56246371,74.07750723
7361,2.168813627,77.25762675,75.08881312
7362,1.176778493,76.87384995,75.69707146
7363,2.453822486,76.48359576,74.02977327
7364,2.861103483,76.46759574,73.60649226
7365,2.098031971,76.4757371,74.37770513
7366,2.361015819,76.45479785,74.09378203
7367,2.385267091,77.63726329,75.2519962
7368,1.889833776,76.52628368,74.63644991
7369,4.174920113,76.18925559,72.01433548
7370,2.572163817,77.10579407,74.53363025
7371,2.300587978,77.10134502,74.80075704
7372,1.386920144,77.28459207,75.89767193
7373,2.057975562,76.14275279,74.08477723
7374,2.547810603,76.78431824,74.23650764
7375,1.526207866,77.20858991,75.68238205
7376,1.825890955,77.68969195,75.863801
7377,2.569447802,75.32138588,72.75193808
7378,1.325440784,77.71814307,76.39270229
7379,1.917349855,76.45946239,74.54211254
7380,1.964011953,76.00446479,74.04045284
7381,1.132707693,76.4616719,75.32896421
7382,1.300912695,76.22480486,74.92389216
7383,2.698789644,77.49306324,74.7942736
7384,0.8933324669,75.53151579,74.63818333
7385,2.20011324,76.84576433,74.64565109
7386,1.16215327,75.9614524,74.79929913
7387,2.493504296,76.69127272,74.19776843
7388,1.073656432,76.56099757,75.48734114
7389,1.684124185,76.78266577,75.09854158
7390,2.504302221,76.69600473,74.19170251
7391,1.249908738,76.14411386,74.89420512
7392,1.705730036,76.81241754,75.10668751
7393,2.941004473,76.17671413,73.23570965
7394,2.333032987,77.40330059,75.07026761
7395,2.310168829,76.51558558,74.20541675
7396,1.133338552,77.8335306,76.70019205
7397,2.099336458,77.68553793,75.58620147
7398,2.4746873,77.73739716,75.26270986
7399,3.244895049,77.63444508,74.38955003
7400,2.164114111,77.11616701,74.9520529
7401,2.653225841,76.17801248,73.52478664
7402,1.691299538,76.66448644,74.9731869
7403,2.308898954,77.56877901,75.25988006
7404,1.762139038,75.99758178,74.23544274
7405,2.261201465,76.94917776,74.68797629
7406,2.361248746,76.62305807,74.26180932
7407,1.684434179,76.85687186,75.17243768
7408,2.872726117,77.63677162,74.7640455
7409,2.160449241,75.71573131,73.55528207
7410,2.119339521,76.20490649,74.08556697
7411,1.178774438,77.96455754,76.7857831
7412,0.8475561362,76.37889768,75.53134154
7413,1.321697129,77.12511407,75.80341694
7414,1.516086478,75.86787231,74.35178583
7415,1.545887811,76.84963632,75.30374851
7416,2.955876881,76.49120385,73.53532697
7417,2.693224603,76.40459963,73.71137503
7418,2.336892175,76.35611887,74.0192267
7419,2.634578309,75.93707409,73.30249578
7420,2.293042515,77.14145745,74.84841494
7421,1.11018057,76.33238602,75.22220545
7422,1.126355217,76.5165873,75.39023208
7423,2.092911819,77.49921633,75.40630451
7424,1.804032365,77.38602131,75.58198894
7425,2.991428085,76.85947595,73.86804787
7426,2.099864262,76.79765099,74.69778673
7427,3.005187013,76.80456208,73.79937507
7428,1.716714302,75.97612833,74.25941403
7429,1.681809317,76.51689453,74.83508521
7430,1.198080577,77.38016317,76.18208259
7431,2.426238314,76.64522005,74.21898174
7432,1.872157713,76.70393493,74.83177721
7433,1.975807032,75.90430577,73.92849874
7434,1.894495526,75.91255005,74.01805452
7435,3.11145675,77.040309,73.92885225
7436,2.059919128,77.19143085,75.13151173
7437,2.084753309,77.40095657,75.31620326
7438,1.761066651,76.7647719,75.00370525
7439,0.8552410682,75.97195233,75.11671126
7440,2.615363587,76.62763797,74.01227439
7441,1.389543609,77.87591087,76.48636726
7442,2.315206984,77.2295722,74.91436522
7443,2.508449077,75.62751926,73.11907018
7444,2.112338585,75.92027915,73.80794056
7445,0.9495735655,75.1445682,74.19499464
7446,2.198786902,76.89231643,74.69352953
7447,2.475201783,76.71595192,74.24075013
7448,1.50143131,76.37643278,74.87500147
7449,2.532532718,77.15419069,74.62165797
7450,3.095516238,76.73136907,73.63585283
7451,2.183459392,75.39204903,73.20858964
7452,1.362869265,76.19290421,74.83003494
7453,0.9235986487,76.31268712,75.38908847
7454,0.6274507928,76.67851695,76.05106616
7455,2.740843607,75.47194124,72.73109763
7456,1.418878,76.80973127,75.39085327
7457,1.208242157,77.15874051,75.95049836
7458,1.487194825,77.05607047,75.56887564
7459,2.06370703,77.77555344,75.71184641
7460,1.045836688,76.58797523,75.54213855
7461,1.001806848,77.45010605,76.44829921
7462,2.280346085,77.18881646,74.90847037
7463,1.76453062,76.15545501,74.39092439
7464,2.168040162,77.21546514,75.04742498
7465,1.377783676,76.14622379,74.76844011
7466,2.32021759,76.41369896,74.09348137
7467,0.898447317,78.10991616,77.21146884
7468,2.915083628,76.99080824,74.07572462
7469,2.511534322,75.98026527,73.46873095
7470,3.056147202,77.14681648,74.09066928
7471,2.608525926,77.18576913,74.5772432
7472,1.783277385,77.29083603,75.50755864
7473,1.893766591,76.35017396,74.45640737
7474,2.911311109,76.64911987,73.73780876
7475,1.371298141,76.36121083,74.98991269
7476,1.436697335,76.03418292,74.59748558
7477,1.748479862,75.7550261,74.00654624
7478,0.9980221038,76.87907357,75.88105147
7479,2.783528005,77.09214633,74.30861832
7480,1.742182471,76.05466906,74.31248659
7481,1.819072069,77.54149504,75.72242297
7482,0.8248978642,76.52964347,75.70474561
7483,2.281947655,76.38326678,74.10131913
7484,2.421552104,77.40665476,74.98510266
7485,2.114990276,76.49990873,74.38491845
7486,1.556227484,76.5947084,75.03848091
7487,1.50384057,77.0071421,75.50330153
7488,1.441901465,77.07568654,75.63378508
7489,2.340786572,76.13826247,73.79747589
7490,0.963378064,76.24402128,75.28064322
7491,1.716139773,77.51518583,75.79904606
7492,1.93620208,76.95763159,75.02142951
7493,3.263101438,76.83996093,73.57685949
7494,1.066022116,77.51219191,76.44616979
7495,1.445941831,76.47898976,75.03304793
7496,3.400151579,76.64456255,73.24441097
7497,3.575238842,76.83192882,73.25668998
7498,1.917357517,77.48837817,75.57102065
7499,1.034843261,75.65294553,74.61810227
7500,1.23898495,78.14563823,76.90665328
7501,1.98642288,76.89945027,74.91302739
7502,1.966044638,77.19691337,75.23086873
7503,2.084607663,77.29086156,75.2062539
7504,1.509065126,76.3961004,74.88703527
7505,1.018157176,77.05029984,76.03214266
7506,2.299508706,77.34074384,75.04123514
7507,1.642560402,75.75282103,74.11026063
7508,2.039250386,76.90069561,74.86144522
7509,2.037762042,76.9734843,74.93572226
7510,2.163784569,77.18824052,75.02445595
7511,0.684881847,77.23544667,76.55056482
7512,1.360091313,77.67423022,76.31413891
7513,2.522028956,77.54435317,75.02232421
7514,1.761420134,77.97492264,76.21350251
7515,1.578581495,76.46736433,74.88878284
7516,2.412922233,77.54365639,75.13073415
7517,2.409701847,76.05557919,73.64587734
7518,0.9680808181,77.45462082,76.48654
7519,2.142988358,75.97046842,73.82748006
7520,2.211898784,76.77020363,74.55830485
7521,2.238565961,76.54944145,74.31087549
7522,1.024366959,76.91790109,75.89353414
7523,1.502079405,76.95443935,75.45235995
7524,2.085789948,75.84398338,73.75819343
7525,1.624301487,76.40351296,74.77921147
7526,1.486409994,76.72191529,75.23550529
7527,3.05397952,76.94281586,73.88883634
7528,2.350619966,77.86465035,75.51403039
7529,3.029746662,76.76506781,73.73532115
7530,2.379408091,76.29136406,73.91195597
7531,2.571724097,76.81546706,74.24374297
7532,0.6976604929,76.81338071,76.11572022
7533,1.943197817,77.07750336,75.13430554
7534,2.362253312,77.67952793,75.31727462
7535,2.042762576,75.8625164,73.81975383
7536,2.6391597,76.92029398,74.28113428
7537,3.020881181,77.10804211,74.08716093
7538,2.116078657,76.81221909,74.69614043
7539,1.8131671,77.72642098,75.91325388
7540,1.395260191,77.03076506,75.63550487
7541,2.440874906,77.39485868,74.95398378
7542,1.132207772,76.68496802,75.55276025
7543,2.581536088,76.62478221,74.04324612
7544,1.681338761,76.65872905,74.97739029
7545,1.065695657,76.56694603,75.50125037
7546,1.899792675,77.1061712,75.20637853
7547,2.034768812,75.80621167,73.77144286
7548,1.979897079,75.18050622,73.20060915
7549,2.778758699,76.37357265,73.59481396
7550,1.762056864,76.1854765,74.42341963
7551,2.019108273,76.90407667,74.8849684
7552,1.968410565,77.67525052,75.70683996
7553,2.274474538,77.38881872,75.11434418
7554,1.886212651,77.62092609,75.73471344
7555,1.232548334,76.47773864,75.24519031
7556,1.321320895,77.20903645,75.88771555
7557,2.418492428,77.54739626,75.12890383
7558,2.771927062,77.31108123,74.53915417
7559,2.008206,76.38989293,74.38168693
7560,1.802431225,76.84445965,75.04202842
7561,1.606137009,76.09862395,74.49248694
7562,1.645562673,76.3508325,74.70526982
7563,2.004136787,76.85102166,74.84688488
7564,1.311574038,76.68319319,75.37161915
7565,1.712634983,76.07913145,74.36649646
7566,0.8317136082,75.3047802,74.47306659
7567,2.0590726,75.83966107,73.78058847
7568,2.048142676,76.7158639,74.66772122
7569,1.303152619,77.19206132,75.8889087
7570,1.551012145,77.01177408,75.46076194
7571,1.187336171,76.49822203,75.31088586
7572,1.70553578,76.55954152,74.85400574
7573,1.871119645,77.41001199,75.53889235
7574,0.9806793893,77.40454433,76.42386494
7575,2.574110479,78.05637496,75.48226448
7576,2.586711392,77.82066407,75.23395268
7577,2.786706948,77.99878918,75.21208223
7578,1.138595101,76.31134765,75.17275255
7579,1.939458063,76.74722112,74.80776306
7580,2.095486851,76.76383914,74.66835229
7581,0.8469253925,76.43579208,75.58886669
7582,2.006884336,77.05171397,75.04482963
7583,1.930781275,77.44343185,75.51265057
7584,2.365971932,75.89727085,73.53129891
7585,2.616740798,76.6989368,74.082196
7586,1.48359602,76.73672428,75.25312826
7587,2.615539884,77.30524079,74.68970091
7588,2.336723654,77.02087964,74.68415598
7589,3.328374416,75.8455362,72.51716179
7590,1.12827029,75.14085602,74.01258573
7591,1.289129044,76.41046669,75.12133764
7592,2.068615428,76.96372367,74.89510824
7593,1.549073014,76.60202299,75.05294998
7594,2.708696649,76.58671789,73.87802124
7595,1.947073955,78.27708133,76.33000738
7596,1.092924753,76.94269943,75.84977468
7597,0.5478479285,76.93122866,76.38338073
7598,1.897026052,77.07330981,75.17628376
7599,1.899105102,75.75564892,73.85654382
7600,1.962497158,76.61292357,74.65042642
7601,1.226322344,76.57789694,75.3515746
7602,2.407539213,77.41838266,75.01084344
7603,2.598786447,76.94234788,74.34356143
7604,3.249448137,76.24165985,72.99221172
7605,1.345588948,77.49025761,76.14466866
7606,1.893649781,76.1512903,74.25764052
7607,2.559230912,77.42676359,74.86753268
7608,1.068503656,76.39015757,75.32165391
7609,1.085403174,76.62869478,75.5432916
7610,2.158130889,76.60071523,74.44258434
7611,2.248673748,76.86709525,74.6184215
7612,0.9249885559,77.89109223,76.96610367
7613,2.875286335,77.59730889,74.72202255
7614,1.45801996,76.21810129,74.76008133
7615,2.134222983,76.39841825,74.26419527
7616,1.055665915,76.801314,75.74564808
7617,2.492560856,77.03829236,74.5457315
7618,2.006213299,76.11160238,74.10538908
7619,2.932156557,76.85696764,73.92481108
7620,2.157551674,76.33512532,74.17757364
7621,1.937433276,76.59453049,74.65709721
7622,2.923115036,76.68746395,73.76434891
7623,1.694125896,76.33721262,74.64308672
7624,0.9409584409,77.3762015,76.43524306
7625,1.660513496,76.40893885,74.74842536
7626,2.562820117,76.50138992,73.9385698
7627,1.585956279,76.79385979,75.20790351
7628,2.783147256,77.10092473,74.31777748
7629,0.9001097013,76.56224291,75.66213321
7630,2.034213672,77.43960639,75.40539272
7631,0.691840345,75.8866992,75.19485885
7632,1.399065666,76.69779416,75.29872849
7633,1.984723501,77.22067828,75.23595478
7634,2.725405451,76.42535816,73.69995271
7635,2.275232867,77.01925974,74.74402687
7636,2.446371862,76.21399243,73.76762057
7637,3.034523994,77.26232341,74.22779941
7638,2.606164307,78.29979371,75.6936294
7639,2.467213494,76.92367903,74.45646554
7640,2.675389691,76.61811054,73.94272085
7641,2.463584916,76.53670261,74.0731177
7642,2.402280119,75.69993526,73.29765514
7643,2.071032717,77.41801205,75.34697934
7644,2.493082187,77.08960297,74.59652078
7645,2.308770146,77.75375061,75.44498047
7646,2.588086619,76.34474003,73.75665342
7647,1.988698642,76.356859,74.36816036
7648,1.382003241,75.51159744,74.1295942
7649,2.721254062,77.28453881,74.56328475
7650,3.021700398,77.24166651,74.21996611
7651,2.541866931,76.75366057,74.21179364
7652,0.8075153276,75.71690629,74.90939097
7653,2.782573739,76.5640538,73.78148006
7654,2.708434306,77.71549528,75.00706097
7655,3.538777462,76.84997733,73.31119986
7656,1.341110487,77.18465427,75.84354378
7657,2.947665691,77.8703236,74.92265791
7658,1.999721882,76.71260073,74.71287885
7659,1.791676877,76.18248957,74.3908127
7660,2.473838458,76.00412996,73.5302915
7661,2.103838112,76.74694881,74.6431107
7662,0.8961408368,76.65243677,75.75629594
7663,1.851896445,77.67058122,75.81868477
7664,1.088184482,75.93166684,74.84348235
7665,1.191592572,76.15639385,74.96480127
7666,3.374546165,76.60125022,73.22670406
7667,3.323934841,76.55624517,73.23231033
7668,1.604773299,77.29502408,75.69025078
7669,1.38022514,76.437641,75.05741586
7670,1.349427258,76.94416704,75.59473978
7671,1.044406896,76.97895319,75.93454629
7672,2.215614982,76.08194253,73.86632754
7673,1.748525925,76.4616181,74.71309218
7674,1.046273444,77.531978,76.48570456
7675,2.116818627,75.96910407,73.85228544
7676,1.006277543,76.20611697,75.19983942
7677,2.314842646,75.75513833,73.44029569
7678,2.354700319,78.21738518,75.86268486
7679,1.64926078,76.42733364,74.77807286
7680,2.634641585,77.09281238,74.45817079
7681,0.2324222668,76.73211625,76.49969399
7682,1.41330461,76.89261999,75.47931537
7683,1.876052654,75.95813665,74.082084
7684,2.490043173,77.18794359,74.69790042
7685,1.853407671,76.11642121,74.26301354
7686,3.366127834,77.03700977,73.67088193
7687,1.805603407,76.2178395,74.41223609
7688,2.895799203,77.40916175,74.51336254
7689,2.383679641,76.57429205,74.19061241
7690,1.733873153,76.09036285,74.3564897
7691,2.478311329,76.10113684,73.62282551
7692,1.543542032,76.39564255,74.85210052
7693,1.904504582,75.97835988,74.0738553
7694,2.376943746,75.58681644,73.2098727
7695,1.917917349,76.37003708,74.45211974
7696,1.938151476,76.65623181,74.71808033
7697,1.634618483,76.09459265,74.45997416
7698,1.825589186,76.42960226,74.60401307
7699,2.13032139,76.5518009,74.42147951
7700,1.6762392,76.94043969,75.26420049
7701,2.334330618,76.49743325,74.16310263
7702,2.440433566,75.8812823,73.44084873
7703,2.114723737,76.84807182,74.73334808
7704,1.664371622,75.69713696,74.03276533
7705,2.328014506,77.5647809,75.2367664
7706,2.560524589,76.88892122,74.32839663
7707,2.694772822,75.99794787,73.30317504
7708,1.739272669,77.05480212,75.31552945
7709,1.928673734,77.13529479,75.20662105
7710,2.321047877,77.08202509,74.76097721
7711,1.81415659,76.87562881,75.06147222
7712,2.604714342,76.39187852,73.78716418
7713,0.8246166773,78.14125796,77.31664129
7714,1.877901017,76.26064471,74.38274369
7715,1.716728266,77.64277819,75.92604992
7716,2.649159448,76.68331609,74.03415665
7717,1.834422608,76.48434717,74.64992457
7718,1.066721486,77.55078422,76.48406273
7719,3.024156591,75.55649257,72.53233598
7720,2.767481544,76.10342066,73.33593911
7721,1.131839236,75.88874331,74.75690407
7722,2.650782252,76.68826412,74.03748187
7723,1.388622896,75.80637722,74.41775432
7724,1.784586607,77.65070131,75.86611471
7725,2.212901154,76.69399138,74.48109023
7726,3.064961572,76.9514985,73.88653693
7727,1.0982008,76.67232478,75.57412398
7728,1.78744334,75.74648912,73.95904578
7729,1.551720598,76.50413586,74.95241526
7730,1.672513403,76.79959653,75.12708312
7731,1.554514971,77.22588989,75.67137492
7732,1.26720438,75.94992688,74.6827225
7733,2.599333699,76.50337365,73.90403995
7734,2.350511314,76.96553971,74.6150284
7735,2.087172326,77.45999236,75.37282003
7736,2.432538498,77.39070003,74.95816154
7737,1.34844633,76.97879333,75.630347
7738,2.94992825,77.33372437,74.38379612
7739,1.977478173,77.29568955,75.31821138
7740,0.8900547902,76.23724261,75.34718782
7741,1.834048014,77.06013789,75.22608988
7742,2.512915543,75.45155052,72.93863497
7743,2.248883283,76.0334202,73.78453692
7744,1.433427558,76.80373618,75.37030863
7745,1.450684284,77.02450654,75.57382226
7746,1.714989011,76.08977252,74.37478351
7747,2.284722654,77.13155975,74.84683709
7748,1.783374145,77.46261515,75.67924101
7749,2.875197543,76.3227385,73.44754096
7750,1.581753918,76.44282769,74.86107377
7751,1.668475529,76.41621925,74.74774372
7752,1.82668456,77.36694811,75.54026355
7753,2.139501982,76.08887366,73.94937167
7754,2.721050709,75.57188438,72.85083367
7755,3.370235336,76.5334142,73.16317886
7756,2.349315318,77.42748049,75.07816517
7757,1.280314433,76.24450475,74.96419032
7758,2.281183007,75.75150913,73.47032612
7759,1.258493878,77.40044294,76.14194906
7760,2.254532312,76.5114568,74.25692449
7761,2.873944896,76.89282775,74.01888285
7762,2.087395801,77.15928528,75.07188948
7763,1.126124613,77.51836279,76.39223818
7764,1.489119824,76.94761973,75.4584999
7765,2.753246654,76.40891241,73.65566576
7766,1.803592815,76.38684015,74.58324734
7767,0.6012223739,76.88070773,76.27948536
7768,2.551223826,77.12351772,74.57229389
7769,2.690914817,76.69007515,73.99916033
7770,2.242508219,76.74211437,74.49960616
7771,2.881369741,76.13960523,73.25823549
7772,2.632178144,76.92112865,74.2889505
7773,2.893228487,77.87425589,74.9810274
7774,2.268380459,76.81913775,74.55075729
7775,1.707526049,76.48253359,74.77500754
7776,2.920400942,76.06036945,73.13996851
7777,2.782234817,76.36488081,73.58264599
7778,0.964140422,76.82168477,75.85754435
7779,0.9544478873,75.52261243,74.56816454
7780,2.734944183,76.59387527,73.85893109
7781,2.61963574,76.05641982,73.43678408
7782,1.563851726,77.04884758,75.48499585
7783,2.798764004,77.87481235,75.07604835
7784,0.6893878354,76.49144362,75.80205578
7785,2.179031864,76.65750271,74.47847085
7786,1.554035212,76.65606373,75.10202851
7787,3.046706634,76.43317709,73.38647046
7788,1.497674732,77.48625702,75.98858229
7789,2.248973882,76.2829973,74.03402342
7790,2.906240891,76.77180208,73.86556119
7791,2.217435016,75.81550733,73.59807232
7792,1.907143153,77.11462429,75.20748113
7793,1.90114038,77.57775239,75.67661201
7794,2.007524771,77.33137658,75.32385181
7795,2.091009421,76.60525316,74.51424374
7796,2.551877304,77.18013514,74.62825784
7797,2.056540758,76.66750708,74.61096633
7798,1.148538128,76.3141025,75.16556437
7799,3.713333232,76.90748038,73.19414715
7800,1.479622549,76.05758876,74.57796621
7801,2.006514188,76.83179731,74.82528312
7802,1.633523006,76.6414914,75.00796839
7803,1.841584762,77.60599113,75.76440637
7804,1.307821775,77.19936841,75.89154663
7805,2.496843363,77.45976733,74.96292396
7806,3.00209903,76.8824484,73.88034937
7807,2.273778082,76.71637457,74.44259649
7808,2.782688758,77.66962526,74.8869365
7809,1.687243515,76.79223828,75.10499476
7810,2.401509361,76.96681881,74.56530945
7811,2.198178831,77.63909612,75.44091729
7812,2.345614222,77.48267208,75.13705786
7813,2.63823243,77.3737468,74.73551437
7814,0.9212938207,75.76943883,74.84814501
7815,1.112145891,76.63346837,75.52132247
7816,1.344948581,77.03569434,75.69074576
7817,2.061995234,77.73187482,75.66987958
7818,2.272483335,77.34548576,75.07300243
7819,0.7956960656,76.31966395,75.52396788
7820,2.096704836,77.2362569,75.13955206
7821,2.118719355,77.23339568,75.11467633
7822,1.200199855,77.34888496,76.1486851
7823,2.105157281,76.41113469,74.30597741
7824,1.328638592,76.49453069,75.1658921
7825,1.804831867,76.5902338,74.78540193
7826,2.74212203,77.17696317,74.43484114
7827,3.106673553,76.89484891,73.78817535
7828,0.9988571614,77.96774566,76.9688885
7829,2.045878238,76.66019582,74.61431758
7830,1.982342175,76.60531323,74.62297105
7831,3.280063811,76.98817406,73.70811025
7832,0.7217642053,76.96649346,76.24472925
7833,2.949164873,77.10549823,74.15633336
7834,2.75863953,75.85140057,73.09276104
7835,1.217154064,75.94074613,74.72359206
7836,2.160775666,75.71467732,73.55390166
7837,1.265722974,77.28207949,76.01635651
7838,1.36971719,77.9048136,76.53509641
7839,2.018826515,76.91536704,74.89654053
7840,1.378342912,75.77140733,74.39306442
7841,2.741126819,77.28061967,74.53949285
7842,0.7035003254,76.92079883,76.2172985
7843,1.0959386,77.18639408,76.09045548
7844,1.989963614,76.28141938,74.29145576
7845,1.373200681,76.62932679,75.25612611
7846,2.746765026,76.71134339,73.96457836
7847,1.085334385,76.00801245,74.92267807
7848,2.370444824,75.52352083,73.15307601
7849,2.645131791,77.16498004,74.51984824
7850,1.759953904,76.83670112,75.07674722
7851,2.634919376,77.74090994,75.10599056
7852,2.633082992,76.82945097,74.19636798
7853,2.549304997,76.87845506,74.32915006
7854,1.937704068,77.2652614,75.32755733
7855,0.6228395346,75.94344949,75.32060996
7856,1.33374502,75.84800912,74.5142641
7857,1.254966107,76.45593126,75.20096516
7858,2.888110457,76.74134673,73.85323628
7859,1.503958661,77.61045093,76.10649227
7860,3.115627507,76.90505971,73.78943221
7861,1.658868526,75.80329886,74.14443034
7862,1.036412968,76.90659209,75.87017912
7863,2.409187925,76.49347753,74.08428961
7864,1.089500402,75.71770873,74.62820833
7865,0.5497566312,76.26681758,75.71706095
7866,2.976408652,76.31786727,73.34145862
7867,2.963386597,77.51772016,74.55433357
7868,1.212692284,77.20473646,75.99204417
7869,1.705751142,76.99059014,75.284839
7870,1.920803561,77.24903959,75.32823603
7871,0.9546019075,76.23781766,75.28321575
7872,1.446090676,77.07668646,75.63059578
7873,1.138433436,76.8338289,75.69539546
7874,2.538168546,76.70594021,74.16777166
7875,1.709573783,77.85457074,76.14499695
7876,1.151231356,76.98274338,75.83151202
7877,1.599545395,75.75610415,74.15655876
7878,2.104251379,75.86781717,73.76356579
7879,2.74139836,77.82629996,75.0849016
7880,1.784124787,76.37653762,74.59241284
7881,1.655327257,77.41084828,75.75552103
7882,1.460938697,75.84926698,74.38832828
7883,1.482285551,76.80582538,75.32353982
7884,2.317749036,75.92258334,73.60483431
7885,1.908291033,77.14729525,75.23900422
7886,2.6552193,76.90346271,74.24824341
7887,1.077253476,76.35256723,75.27531376
7888,1.251316304,77.21643509,75.96511878
7889,0.3210625917,76.4381085,76.11704591
7890,2.822282943,75.89681607,73.07453312
7891,2.399205188,76.81543735,74.41623216
7892,3.069517493,75.70065418,72.63113669
7893,2.00746771,76.42698922,74.41952151
7894,1.183466385,77.55506592,76.37159954
7895,2.189264783,76.51715899,74.32789421
7896,1.375464168,77.81833161,76.44286744
7897,2.510191554,76.06050624,73.55031469
7898,0.8355067331,77.65694208,76.82143535
7899,2.870673167,76.33382525,73.46315208
7900,1.912445754,76.72167047,74.80922471
7901,3.505517638,77.8173766,74.31185896
7902,1.206818899,77.15991093,75.95309203
7903,2.218006964,76.04160116,73.8235942
7904,2.118967936,76.61695852,74.49799058
7905,1.679087837,76.65380311,74.97471527
7906,2.287662979,76.27820217,73.99053919
7907,2.510046686,76.31666697,73.80662029
7908,0.7297033068,77.59742186,76.86771855
7909,0.5542889979,77.40468325,76.85039425
7910,2.644788105,76.45405123,73.80926313
7911,1.933527467,76.06593727,74.13240981
7912,2.431372425,76.34318051,73.91180808
7913,2.825755856,76.80389676,73.9781409
7914,2.34363367,76.57756738,74.23393371
7915,2.048754707,76.98576466,74.93700995
7916,1.429087295,76.40476313,74.97567584
7917,2.011950841,76.78979018,74.77783934
7918,1.789165112,75.95293611,74.163771
7919,2.835107219,76.68798565,73.85287843
7920,2.223505692,76.74316443,74.51965874
7921,2.426017569,76.11139609,73.68537852
7922,2.87894088,77.22984866,74.35090778
7923,2.291145993,77.83011425,75.53896825
7924,1.986378553,77.47759321,75.49121466
7925,1.363173687,75.75368312,74.39050943
7926,2.246240305,77.87489368,75.62865338
7927,0.645316874,75.92348584,75.27816896
7928,2.642576208,77.92057623,75.27800003
7929,1.883766873,76.69018888,74.80642201
7930,1.23238799,76.77511777,75.54272978
7931,1.665028699,76.23511063,74.57008193
7932,0.7793258004,76.35786978,75.57854398
7933,2.369386677,77.32140791,74.95202123
7934,1.884494668,76.22276522,74.33827056
7935,2.231226346,76.35396345,74.1227371
7936,2.895536879,76.34073303,73.44519615
7937,1.784880497,76.47681435,74.69193385
7938,2.247046667,77.02350901,74.77646234
7939,3.043225373,76.0806045,73.03737912
7940,2.370277471,77.81557386,75.44529639
7941,2.886774947,76.5476487,73.66087376
7942,1.360134904,75.94435898,74.58422408
7943,1.515627439,75.8400293,74.32440186
7944,1.69009584,77.72009337,76.02999753
7945,1.600707212,76.59959625,74.99888903
7946,2.78438616,77.18357498,74.39918882
7947,2.410057751,76.57734,74.16728224
7948,1.037028995,77.55746725,76.52043826
7949,1.999013874,75.79888853,73.79987466
7950,1.325293657,76.08892462,74.76363097
7951,2.686315808,77.07377311,74.3874573
7952,1.148775442,77.10483625,75.95606081
7953,2.078040049,76.21644185,74.1384018
7954,2.072671604,77.25505589,75.18238428
7955,1.735167863,77.7705331,76.03536524
7956,2.159292292,77.794361,75.63506871
7957,1.532639889,76.10339032,74.57075043
7958,1.18895439,77.19626624,76.00731185
7959,3.445204656,76.63357775,73.1883731
7960,2.001694683,76.055674,74.05397932
7961,1.037648939,76.73592424,75.6982753
7962,1.328925685,75.75523,74.42630431
7963,0.8657135951,77.94827544,77.08256184
7964,1.617051034,76.49735726,74.88030623
7965,1.758885845,78.09854827,76.33966243
7966,0.9275344981,77.79011733,76.86258284
7967,1.825030319,77.3406576,75.51562729
7968,2.846069331,77.43311017,74.58704084
7969,2.910979646,76.65909758,73.74811793
7970,1.862939948,76.79507837,74.93213842
7971,0.6783793486,76.20058887,75.52220953
7972,1.382765866,77.49867514,76.11590928
7973,2.647380293,76.24528894,73.59790864
7974,1.874533452,76.81124746,74.936714
7975,3.558456889,77.13870071,73.58024382
7976,1.808497168,76.89695199,75.08845482
7977,1.160529067,77.31210793,76.15157886
7978,1.578887751,76.96438588,75.38549813
7979,1.773232951,76.29552557,74.52229262
7980,0.6536863529,77.56077858,76.90709223
7981,1.700537381,76.36287465,74.66233727
7982,2.352665809,76.64758928,74.29492347
7983,2.239429068,77.53409465,75.29466558
7984,2.632009301,76.75676392,74.12475462
7985,2.294077538,76.3853985,74.09132097
7986,1.584533003,76.19166623,74.60713323
7987,0.7494240018,76.99770114,76.24827714
7988,2.87710503,77.09524077,74.21813574
7989,1.623098744,78.13748872,76.51438998
7990,2.751153772,77.38107425,74.62992048
7991,1.900829991,75.95778182,74.05695183
7992,2.196904488,76.70810941,74.51120493
7993,0.6461840832,77.7201717,77.07398761
7994,2.894795079,75.52946373,72.63466865
7995,2.662238148,76.79967487,74.13743672
7996,1.349933685,75.96164069,74.61170701
7997,2.332904139,76.86966494,74.5367608
7998,2.22828793,77.43947785,75.21118992
7999,2.437985913,76.48247404,74.04448813
8000,1.957909807,78.01203103,76.05412122
8001,3.265997979,77.17178386,73.90578589
8002,2.573417563,76.23912332,73.66570576
8003,1.678455523,76.13659782,74.4581423
8004,1.924541319,76.24613671,74.32159539
8005,1.609735459,75.9032313,74.29349584
8006,1.969100912,76.50746098,74.53836007
8007,1.810973353,76.8581621,75.04718875
8008,1.510848461,76.31151656,74.8006681
8009,1.980067575,76.69764189,74.71757431
8010,2.265514426,76.4232571,74.15774268
8011,2.781828605,76.76901285,73.98718424
8012,1.039421736,77.41487789,76.37545615
8013,2.84903622,76.56617891,73.71714269
8014,1.906068467,76.68045681,74.77438835
8015,1.012511224,75.4539661,74.44145487
8016,2.901133217,76.68064702,73.7795138
8017,2.233708378,76.29050485,74.05679647
8018,2.896196036,76.92482558,74.02862954
8019,2.084398313,76.45752244,74.37312412
8020,1.993438922,75.8273876,73.83394867
8021,2.145892464,76.51726004,74.37136758
8022,3.054040197,77.6716775,74.6176373
8023,2.235504931,77.01075895,74.77525402
8024,1.43594051,76.96558287,75.52964236
8025,1.720709479,77.10771369,75.38700421
8026,2.255493746,75.62540798,73.36991424
8027,2.271383431,76.4399028,74.16851937
8028,2.374377834,76.43563098,74.06125314
8029,1.266565643,76.99731827,75.73075263
8030,1.643996205,77.45531959,75.81132338
8031,1.368641535,76.7294216,75.36078007
8032,1.635325208,75.3416282,73.70630299
8033,1.515794807,77.18522436,75.66942956
8034,1.914466278,76.77182333,74.85735706
8035,1.918781257,76.73235553,74.81357427
8036,1.186947753,75.89170438,74.70475663
8037,0.7609368696,77.36602525,76.60508838
8038,2.708201877,76.1210473,73.41284543
8039,2.454125652,77.88198221,75.42785656
8040,3.130770461,76.1956868,73.06491634
8041,2.545553798,77.02774552,74.48219172
8042,1.622691921,76.4031498,74.78045787
8043,0.9917478871,77.04521803,76.05347014
8044,2.003780576,75.83474157,73.83096099
8045,3.590763997,76.41277026,72.82200626
8046,2.329965966,76.7079521,74.37798614
8047,1.418688707,75.8479553,74.42926659
8048,1.508123751,75.45824304,73.95011929
8049,2.050670746,77.50126029,75.45058954
8050,2.358081669,76.84741871,74.48933704
8051,1.783507229,76.21513093,74.4316237
8052,1.845999435,76.17995306,74.33395362
8053,1.604978731,75.65016961,74.04519088
8054,1.741032269,76.75625489,75.01522262
8055,2.006349055,76.72432231,74.71797325
8056,2.203749295,78.55261884,76.34886954
8057,2.607408073,76.06532166,73.45791359
8058,2.149945755,76.87948616,74.72954041
8059,1.980929901,77.34559276,75.36466285
8060,0.7685952716,76.30409872,75.53550345
8061,2.33491203,78.1768172,75.84190517
8062,1.395044079,76.42498766,75.02994358
8063,2.418910063,76.41058807,73.991678
8064,2.392422266,77.77527708,75.38285482
8065,1.675532085,76.1787213,74.50318922
8066,2.209844357,76.07007832,73.86023396
8067,0.9787566007,76.9605105,75.9817539
8068,1.217060835,75.6913733,74.47431246
8069,1.209597252,77.21555684,76.00595959
8070,1.9505692,76.53047928,74.57991008
8071,1.246767707,77.4766749,76.22990719
8072,2.220181034,76.35166643,74.13148539
8073,2.694853038,77.50593497,74.81108193
8074,2.959128068,77.00463865,74.04551058
8075,1.151821167,75.67630466,74.5244835
8076,1.66787872,76.91632221,75.24844349
8077,1.490071107,76.84941002,75.35933892
8078,1.383292469,75.77651447,74.393222
8079,2.016265266,77.64142973,75.62516446
8080,1.804872799,77.16457172,75.35969892
8081,1.512772429,76.82628285,75.31351042
8082,1.168714473,76.98541965,75.81670518
8083,1.694126556,77.07077421,75.37664766
8084,2.265470338,77.28088715,75.01541681
8085,1.728276223,76.33333673,74.60506051
8086,3.046792712,77.25299332,74.20620061
8087,1.262359262,78.18209877,76.91973951
8088,3.523322271,77.03096811,73.50764584
8089,1.440987396,77.58106247,76.14007508
8090,2.010775521,75.88334197,73.87256645
8091,1.578283878,77.00726552,75.42898164
8092,2.457560913,75.57259643,73.11503552
8093,2.487035355,76.29896468,73.81192932
8094,1.888344831,76.67920627,74.79086144
8095,2.936390342,77.41593527,74.47954493
8096,1.946211216,76.53586999,74.58965877
8097,2.324923416,76.53811417,74.21319075
8098,2.524840941,77.74398491,75.21914397
8099,2.070660099,77.02374505,74.95308496
8100,1.485578296,77.08682846,75.60125016
8101,3.605983732,76.20481659,72.59883286
8102,3.046754216,76.55626295,73.50950873
8103,0.8572960777,75.53799212,74.68069604
8104,2.34670978,76.58908264,74.24237286
8105,2.142617904,77.06922662,74.92660872
8106,2.382647407,76.26266049,73.88001309
8107,1.246686867,76.60267641,75.35598954
8108,2.732498368,76.52368419,73.79118582
8109,1.361599433,75.9808188,74.61921937
8110,3.059353602,76.931392,73.87203839
8111,2.164074253,77.14447591,74.98040166
8112,2.822338567,76.92041119,74.09807263
8113,1.925687116,76.21242695,74.28673983
8114,1.703828882,77.10546566,75.40163678
8115,0.7573484929,76.96719897,76.20985047
8116,2.627057845,77.57326861,74.94621076
8117,3.088861527,77.72385777,74.63499624
8118,1.193425916,75.59297009,74.39954418
8119,1.165543814,76.43294182,75.26739801
8120,1.857361206,76.33901287,74.48165167
8121,2.606405325,75.61783979,73.01143447
8122,2.296871281,76.35025306,74.05338178
8123,1.759719126,76.07652265,74.31680353
8124,2.013422453,76.20724619,74.19382374
8125,1.713959304,78.01089877,76.29693947
8126,2.800232478,76.57656865,73.77633618
8127,1.593372351,76.72238597,75.12901362
8128,1.075081327,76.29657813,75.22149681
8129,3.000211772,77.30297254,74.30276077
8130,1.575086934,77.85445381,76.27936687
8131,2.361444986,77.26680095,74.90535596
8132,2.084615535,76.37345689,74.28884135
8133,1.880725241,76.87166626,74.99094102
8134,2.627203171,76.28932358,73.66212041
8135,1.174680845,77.43817482,76.26349398
8136,1.749367729,77.20468101,75.45531328
8137,1.358229947,77.73021496,76.37198501
8138,1.898551784,77.48046593,75.58191415
8139,2.312434724,76.16292491,73.85049019
8140,2.732176699,76.22567113,73.49349443
8141,1.803387632,76.17897074,74.37558311
8142,1.736848792,76.32509602,74.58824723
8143,2.756397683,78.55699079,75.80059311
8144,3.110287934,77.10109989,73.99081196
8145,1.760220246,76.84901907,75.08879882
8146,2.157024394,77.34228899,75.1852646
8147,1.268628743,78.42543273,77.15680399
8148,3.030794385,76.50525082,73.47445644
8149,2.039979358,77.25208442,75.21210506
8150,1.968648987,77.3881301,75.41948112
8151,1.780286806,77.21923176,75.43894495
8152,2.055484413,76.33828295,74.28279853
8153,2.856548568,76.51563861,73.65909005
8154,2.684133355,78.01695896,75.33282561
8155,2.228858298,75.97771744,73.74885914
8156,2.779546047,76.36137359,73.58182755
8157,2.328080703,76.62022653,74.29214582
8158,0.8619101855,76.94673859,76.0848284
8159,2.397922949,77.23063374,74.83271079
8160,1.477034558,76.45573144,74.97869688
8161,2.779136885,76.10509802,73.32596114
8162,1.334901092,75.47146885,74.13656776
8163,1.52359971,76.40502669,74.88142698
8164,2.831799805,77.14130834,74.30950853
8165,1.480608027,76.68654382,75.20593579
8166,0.793577321,76.10546759,75.31189027
8167,1.818360471,76.49332193,74.67496146
8168,3.324954637,77.23538776,73.91043313
8169,1.395722639,76.95913532,75.56341268
8170,2.695392811,77.39440074,74.69900793
8171,2.390193016,76.73332446,74.34313145
8172,1.885785269,76.05493509,74.16914982
8173,1.022891622,76.04989165,75.02700003
8174,1.615679716,75.46336897,73.84768925
8175,2.218720695,76.55874079,74.3400201
8176,1.540339662,76.55757947,75.0172398
8177,1.991526655,77.0275735,75.03604685
8178,0.8451100734,76.88189871,76.03678864
8179,2.369835891,76.67045052,74.30061463
8180,2.210289122,76.52501464,74.31472552
8181,2.314495446,77.08375744,74.769262
8182,1.62553949,76.34383321,74.71829372
8183,1.77121577,76.32794322,74.55672745
8184,1.260444638,76.66641763,75.40597299
8185,2.986042125,76.14575664,73.15971452
8186,1.110874465,76.52858194,75.41770747
8187,1.970548659,77.04321151,75.07266285
8188,2.227622115,76.23658991,74.00896779
8189,2.757737456,77.23291407,74.47517661
8190,2.293531512,75.86191358,73.56838207
8191,1.617987946,77.15346617,75.53547823
8192,1.642014531,77.35737356,75.71535903
8193,2.50639547,75.55497518,73.04857971
8194,2.656983307,77.83356763,75.17658433
8195,3.527402031,77.05245247,73.52505044
8196,0.9243423396,77.00048716,76.07614482
8197,1.456261663,76.31560366,74.859342
8198,2.967733259,77.21631714,74.24858388
8199,2.212741548,76.69485567,74.48211413
8200,2.055193199,77.21300369,75.15781049
8201,2.03531516,76.19611606,74.1608009
8202,2.043559717,77.77341067,75.72985095
8203,1.095446943,75.01204706,73.91660011
8204,2.059479781,78.00474322,75.94526344
8205,2.491183651,77.88721846,75.39603481
8206,2.053330435,77.25270052,75.19937008
8207,1.050093869,77.16930435,76.11921048
8208,1.824507521,75.62187478,73.79736726
8209,2.130555336,76.53566723,74.40511189
8210,1.127554493,77.20855903,76.08100454
8211,0.3138145504,75.91018169,75.59636714
8212,2.547732799,77.38075878,74.83302598
8213,2.048762823,76.39505551,74.34629268
8214,2.224664881,78.13661662,75.91195174
8215,1.164916381,76.03198922,74.86707284
8216,1.227836192,75.68059395,74.45275775
8217,1.451764998,76.14655231,74.69478731
8218,1.416084132,77.61007036,76.19398623
8219,3.60623915,77.06844657,73.46220742
8220,2.764508992,77.43787896,74.67336997
8221,1.452126568,76.7621057,75.30997913
8222,2.119525257,77.08755684,74.96803158
8223,1.623752703,76.97985534,75.35610263
8224,2.705075041,77.39640554,74.6913305
8225,0.9997186251,75.89226032,74.89254169
8226,1.196339131,77.64631441,76.44997528
8227,1.683780328,75.6811191,73.99733878
8228,1.295981158,76.44451037,75.14852922
8229,1.84529023,76.20226554,74.35697531
8230,0.9698310048,76.3735464,75.4037154
8231,3.234114628,76.66299513,73.4288805
8232,1.091052983,76.43232742,75.34127444
8233,1.604554935,76.50168412,74.89712918
8234,1.701650609,76.88631982,75.18466921
8235,1.987080095,76.94280396,74.95572386
8236,0.8143650091,77.31230225,76.49793724
8237,2.620310348,76.06574945,73.4454391
8238,3.269943789,77.30126954,74.03132575
8239,1.767601752,77.49177656,75.7241748
8240,1.212679793,75.80141257,74.58873278
8241,2.382633714,77.65731016,75.27467645
8242,2.87863489,76.59416752,73.71553263
8243,2.651980759,76.1475298,73.49554904
8244,3.163223781,77.12893503,73.96571124
8245,2.002005208,77.31128486,75.30927965
8246,1.567251735,76.0713188,74.50406707
8247,0.4559308051,77.25068458,76.79475377
8248,2.253348354,76.14907344,73.89572508
8249,2.222181315,76.43248843,74.21030712
8250,2.171960906,76.34211722,74.17015631
8251,2.610915367,77.52611007,74.9151947
8252,0.9742100003,76.4865961,75.5123861
8253,0.9127170361,76.96568642,76.05296939
8254,2.12885284,75.87442068,73.74556784
8255,2.709873973,77.0197203,74.30984633
8256,1.936039586,76.76302748,74.82698789
8257,1.127392193,77.86045023,76.73305804
8258,2.036784852,76.412513,74.37572815
8259,1.231216848,76.58510419,75.35388734
8260,1.320385272,77.62888355,76.30849828
8261,1.641833683,75.62752467,73.98569099
8262,1.812170485,75.33897662,73.52680614
8263,1.622482041,77.559927,75.93744496
8264,2.089795838,76.36833703,74.2785412
8265,1.905673812,76.7463146,74.84064079
8266,2.109819333,75.51533921,73.40551987
8267,2.774670417,76.5712461,73.79657568
8268,2.291514398,78.10355443,75.81204003
8269,1.528784748,77.31338578,75.78460103
8270,2.218948393,76.489056,74.2701076
8271,3.351672987,77.37211676,74.02044377
8272,3.229344124,76.98845771,73.75911358
8273,2.186975254,76.77629359,74.58931833
8274,1.37584875,78.17517775,76.799329
8275,2.482518804,77.17446406,74.69194525
8276,1.246176924,76.50189669,75.25571976
8277,2.173631993,76.63205383,74.45842183
8278,2.266036755,77.29456711,75.02853035
8279,1.891375024,77.85351319,75.96213816
8280,1.712286265,76.71077809,74.99849182
8281,2.901388799,76.56997537,73.66858657
8282,2.319046489,76.36205755,74.04301106
8283,1.7493972,76.84755174,75.09815454
8284,2.117896327,78.15991747,76.04202114
8285,1.566514433,76.08434532,74.51783089
8286,2.177869892,77.3176375,75.13976761
8287,1.611335578,76.24556823,74.63423265
8288,2.129770063,76.48898578,74.35921572
8289,1.994047977,76.62040784,74.62635987
8290,1.820471129,77.98949968,76.16902856
8291,1.69829554,75.64463957,73.94634403
8292,1.630237001,76.4744195,74.8441825
8293,3.28805526,77.52022357,74.23216831
8294,2.349374924,76.10677517,73.75740024
8295,2.040347239,76.01978114,73.9794339
8296,1.281307528,77.17455152,75.89324399
8297,1.210240026,75.79480916,74.58456913
8298,1.722309421,76.78651247,75.06420305
8299,2.644346154,77.49845096,74.8541048
8300,2.815261549,76.19622203,73.38096048
8301,1.680334442,76.59727097,74.91693653
8302,2.180117477,76.64842743,74.46830995
8303,2.138202436,76.81109264,74.6728902
8304,1.990087083,76.29314149,74.30305441
8305,1.731917536,76.41810767,74.68619013
8306,2.463643583,77.55763078,75.09398719
8307,1.942753245,75.81380348,73.87105024
8308,2.855992116,76.86219666,74.00620455
8309,1.916658801,75.92809864,74.01143984
8310,2.485869813,76.43925541,73.9533856
8311,0.8638006101,76.38767054,75.52386993
8312,1.442475728,76.137019,74.69454327
8313,2.014756298,75.94505557,73.93029927
8314,1.344316631,76.81744672,75.47313009
8315,1.485899054,77.35680136,75.87090231
8316,2.059145086,76.71071133,74.65156624
8317,1.340345954,75.45963746,74.11929151
8318,2.147453685,76.07058792,73.92313424
8319,2.077216942,76.14254877,74.06533182
8320,3.094316976,78.62317015,75.52885317
8321,1.383859272,76.13209339,74.74823412
8322,2.042761514,75.41893787,73.37617635
8323,1.053142641,77.2048673,76.15172466
8324,0.693172068,76.92094772,76.22777565
8325,1.72582328,76.19928733,74.47346405
8326,1.057307107,76.4776123,75.42030519
8327,2.414806419,75.78886657,73.37406015
8328,1.490451838,76.70228273,75.21183089
8329,2.95639487,77.26492668,74.30853181
8330,1.141180922,77.46178063,76.32059971
8331,2.448451061,77.05847859,74.61002753
8332,2.490202891,78.02272033,75.53251744
8333,1.912890081,77.1230607,75.21017062
8334,1.394415441,75.49011363,74.09569819
8335,1.844977282,77.4314141,75.58643682
8336,1.197318295,77.00452194,75.80720364
8337,2.244185469,76.51917626,74.27499079
8338,1.540179622,75.15196231,73.61178268
8339,2.680665929,77.45282208,74.77215615
8340,1.720783221,77.40065252,75.67986929
8341,2.635329429,76.14435012,73.50902069
8342,2.368603908,77.49217192,75.12356801
8343,1.937831769,77.22779717,75.2899654
8344,1.701128505,75.49816288,73.79703438
8345,1.569369036,77.76898751,76.19961847
8346,1.379692885,77.08898474,75.70929185
8347,1.960619882,76.59377958,74.6331597
8348,1.745618066,75.78474517,74.0391271
8349,2.134496933,76.44003113,74.3055342
8350,1.201540026,77.28987647,76.08833644
8351,2.645398592,75.68792651,73.04252791
8352,1.728762154,76.63789221,74.90913005
8353,1.87334016,77.38154505,75.50820489
8354,2.569552783,76.99821034,74.42865755
8355,1.368318866,76.84038482,75.47206595
8356,1.075058779,78.30865109,77.23359231
8357,1.6005051,76.51023333,74.90972823
8358,2.190997355,76.65462099,74.46362363
8359,1.875111232,77.27701565,75.40190442
8360,1.55286752,76.31204178,74.75917426
8361,2.288420109,76.84166891,74.5532488
8362,2.858134085,76.71518141,73.85704732
8363,1.258966969,77.05244994,75.79348297
8364,2.732380208,76.98289217,74.25051196
8365,2.175654586,77.69637583,75.52072125
8366,2.146533515,76.44503468,74.29850116
8367,1.055983756,76.2223002,75.16631644
8368,3.71013887,76.73712218,73.02698331
8369,1.221057136,76.56504743,75.3439903
8370,2.861334857,77.24292003,74.38158518
8371,1.912609746,77.1589554,75.24634566
8372,1.148981984,76.35578716,75.20680518
8373,2.039208827,77.02282316,74.98361434
8374,1.411239466,75.96785714,74.55661768
8375,2.16238327,76.4663579,74.30397463
8376,0.6951678973,76.60358372,75.90841582
8377,2.161844602,77.49347096,75.33162636
8378,2.232338313,77.30277346,75.07043514
8379,2.403449048,76.34046703,73.93701798
8380,1.213297371,76.81724932,75.60395195
8381,3.073626377,76.74084704,73.66722066
8382,2.077696328,77.09580513,75.0181088
8383,0.9746509488,76.67592955,75.7012786
8384,1.763848586,76.80094246,75.03709387
8385,2.502818889,76.24638033,73.74356145
8386,2.093416303,78.76655227,76.67313597
8387,2.313679069,76.6027995,74.28912043
8388,1.051665545,76.33080872,75.27914318
8389,1.906582411,76.35501469,74.44843228
8390,2.226793803,76.82179701,74.59500321
8391,1.645154057,76.02930774,74.38415368
8392,2.343308549,77.26686127,74.92355272
8393,1.521455773,76.8385196,75.31706383
8394,1.756478754,76.68401174,74.92753299
8395,2.602776752,77.58108471,74.97830796
8396,1.853158641,76.730635,74.87747635
8397,2.122393439,76.76817992,74.64578648
8398,3.222011747,76.4619976,73.23998586
8399,1.78475961,75.72543155,73.94067194
8400,2.371453899,76.85512632,74.48367242
8401,1.344951318,76.74712708,75.40217576
8402,1.205748648,76.61061647,75.40486783
8403,1.700180939,76.91357681,75.21339587
8404,2.758137819,76.55837058,73.80023276
8405,1.76548525,76.16581458,74.40032933
8406,1.722618771,76.48421267,74.7615939
8407,1.138796155,76.40990544,75.27110929
8408,1.884188967,76.93007511,75.04588615
8409,2.887618891,78.32050493,75.43288604
8410,1.775222571,76.59652829,74.82130572
8411,1.07657484,77.03160298,75.95502814
8412,1.990923545,77.58862891,75.59770537
8413,2.188780732,76.65262877,74.46384804
8414,2.264178005,77.35028069,75.08610269
8415,1.593712992,76.87870819,75.2849952
8416,2.125306738,75.84854721,73.72324047
8417,1.301526445,77.29543971,75.99391327
8418,2.619463498,77.69510415,75.07564065
8419,1.545610389,78.11364672,76.56803633
8420,2.317608356,77.23622098,74.91861262
8421,2.704695222,77.80331958,75.09862436
8422,2.85237451,78.11673311,75.2643586
8423,1.27002211,76.57339286,75.30337075
8424,2.034295396,76.28012296,74.24582756
8425,1.796985593,76.21130609,74.4143205
8426,2.05632682,77.46626884,75.40994202
8427,2.447965241,75.8089195,73.36095426
8428,2.467301784,77.46370031,74.99639853
8429,3.434900235,77.22966325,73.79476301
8430,0.9368121611,76.0936259,75.15681374
8431,1.338309216,75.99317092,74.65486171
8432,3.160278027,77.04304095,73.88276293
8433,2.60349416,76.77464126,74.1711471
8434,1.823178409,77.06066619,75.23748778
8435,2.044957748,76.88644404,74.84148629
8436,2.051895562,77.40364877,75.35175321
8437,2.969867357,76.1036694,73.13380205
8438,2.923456593,75.6603535,72.73689691
8439,1.875171175,77.08803221,75.21286103
8440,2.612090694,77.03174304,74.41965235
8441,1.32250399,76.41211445,75.08961046
8442,1.386080414,76.56070327,75.17462286
8443,1.823532255,77.72925699,75.90572474
8444,1.416863537,77.12553925,75.70867572
8445,1.840046699,75.80825018,73.96820348
8446,1.934318318,76.07625098,74.14193266
8447,0.9499850603,76.47570838,75.52572332
8448,1.537216054,75.04212577,73.50490972
8449,2.765640578,76.28019199,73.51455141
8450,2.26065555,76.75438014,74.49372459
8451,2.737831102,76.49738263,73.75955153
8452,1.633680847,77.26486117,75.63118033
8453,1.485900886,76.23907303,74.75317214
8454,1.58691649,77.31106073,75.72414424
8455,1.843751148,77.44603101,75.60227986
8456,2.36156344,76.31115064,73.9495872
8457,2.205638617,75.92166651,73.71602789
8458,1.233882357,77.01766807,75.78378571
8459,1.168596212,76.93140042,75.76280421
8460,2.680642029,75.95479326,73.27415123
8461,2.277238084,77.06587746,74.78863938
8462,2.880424937,76.22091268,73.34048775
8463,1.625738207,75.83482684,74.20908863
8464,2.146780162,75.84719557,73.70041541
8465,1.763829091,77.04432723,75.28049814
8466,2.328889265,77.50781819,75.17892892
8467,2.135509478,76.49085625,74.35534677
8468,0.7529203382,76.42331273,75.67039239
8469,2.281056796,76.00368398,73.72262718
8470,2.632305126,76.40320602,73.77090089
8471,1.285087114,76.88950686,75.60441975
8472,3.059859831,77.32330762,74.26344779
8473,2.337483633,76.62769203,74.2902084
8474,1.877527476,77.33600722,75.45847975
8475,2.136029715,76.70114584,74.56511612
8476,1.91686791,75.88876268,73.97189477
8477,2.813256678,76.99693426,74.18367758
8478,2.384923794,77.01484173,74.62991793
8479,2.288405963,75.88067111,73.59226515
8480,1.073917628,76.02247019,74.94855256
8481,2.415968354,77.06498879,74.64902044
8482,3.42409994,77.09063973,73.6665398
8483,0.7624400224,76.08089301,75.31845299
8484,1.914828066,77.54098651,75.62615845
8485,0.8332241292,77.40206784,76.56884371
8486,3.036501464,77.32688251,74.29038105
8487,2.329945652,76.50930296,74.17935731
8488,1.268191881,76.31763667,75.04944479
8489,1.174291354,75.85965768,74.68536632
8490,1.790218082,75.69572977,73.90551169
8491,2.121582908,76.99428106,74.87269815
8492,0.9201032476,77.36009762,76.43999437
8493,1.000719805,75.97493304,74.97421324
8494,2.058009244,76.34117785,74.2831686
8495,2.041572718,77.70345677,75.66188405
8496,2.418864165,76.71658348,74.29771931
8497,1.967013083,76.55834536,74.59133228
8498,3.690096939,76.42920815,72.73911121
8499,2.46608415,77.69727394,75.23118979
8500,2.250411051,76.2821465,74.03173545
8501,2.124437709,76.37515967,74.25072196
8502,1.55527631,76.03257754,74.47730123
8503,0.8508611035,77.4809913,76.6301302
8504,1.376832263,76.48370728,75.10687502
8505,1.06064817,75.83301554,74.77236737
8506,2.76588526,77.0281153,74.26223004
8507,2.952453696,76.98296971,74.03051601
8508,2.497002223,76.94599229,74.44899006
8509,2.453861539,76.75824013,74.30437859
8510,1.773960737,76.41805957,74.64409883
8511,3.102155386,77.21826432,74.11610893
8512,2.535802273,77.40001067,74.86420839
8513,3.170804928,77.31950369,74.14869877
8514,1.711265839,76.61003566,74.89876982
8515,2.155797043,77.30659023,75.15079319
8516,2.18593196,76.70563898,74.51970702
8517,2.334426499,76.20854987,73.87412337
8518,1.737970019,76.39812679,74.66015677
8519,2.873995458,77.43901061,74.56501515
8520,2.690040843,76.53319393,73.84315309
8521,1.413559511,76.23096333,74.81740382
8522,2.32839212,77.20162623,74.87323411
8523,2.891422328,76.66088702,73.7694647
8524,3.048149106,76.32774966,73.27960055
8525,1.959086676,75.61740699,73.65832032
8526,1.930755599,76.97594663,75.04519103
8527,1.133985658,75.79728855,74.66330289
8528,2.978740071,76.39248508,73.41374501
8529,0.7967716912,77.99353822,77.19676653
8530,1.777461576,75.66311812,73.88565654
8531,1.941430235,77.5717216,75.63029137
8532,2.008806483,77.18876393,75.17995745
8533,1.769380338,76.52206819,74.75268785
8534,1.958427487,77.44332301,75.48489552
8535,1.820585953,77.08996147,75.26937551
8536,2.53828305,77.60985752,75.07157447
8537,2.192748166,76.6001737,74.40742553
8538,2.052897923,76.86041627,74.80751835
8539,2.121399139,75.89755715,73.77615801
8540,2.192458462,76.62369144,74.43123298
8541,2.681378306,76.44332777,73.76194947
8542,2.169220273,76.97243554,74.80321527
8543,2.088791622,76.86106479,74.77227317
8544,2.92387461,77.34064557,74.41677096
8545,2.373835059,77.4685978,75.09476274
8546,1.879140686,75.92383948,74.04469879
8547,2.091226571,76.11731328,74.0260867
8548,0.9318149825,77.8643615,76.93254652
8549,1.310860621,76.75203616,75.44117554
8550,2.689347224,75.4948549,72.80550768
8551,2.159426962,76.38150143,74.22207447
8552,1.273443619,76.53823299,75.26478937
8553,0.7022080294,77.55268898,76.85048095
8554,2.442306203,75.68720164,73.24489544
8555,0.3124184577,76.922197,76.60977855
8556,1.351960305,76.06647334,74.71451303
8557,1.837044439,77.94867836,76.11163392
8558,2.810554966,75.7661289,72.95557394
8559,1.70156205,76.19158179,74.49001974
8560,2.615012209,76.58545037,73.97043816
8561,2.906373682,75.93927886,73.03290518
8562,1.956133928,76.27471786,74.31858393
8563,2.438873067,77.58938104,75.15050797
8564,2.083625887,76.95559748,74.8719716
8565,2.806653371,76.94685834,74.14020497
8566,2.200161875,76.86445113,74.66428925
8567,1.840132576,77.43638432,75.59625174
8568,1.16337878,77.47109467,76.30771589
8569,1.810869593,76.21443796,74.40356837
8570,2.000025581,76.77574573,74.77572015
8571,2.893678913,76.09811313,73.20443422
8572,2.635091533,76.28439699,73.64930546
8573,1.560290195,76.26050176,74.70021157
8574,2.816193843,76.99690055,74.1807067
8575,2.001316302,76.51720254,74.51588623
8576,1.948538661,77.08632599,75.13778733
8577,2.708869323,77.21057056,74.50170124
8578,1.956887848,76.40152597,74.44463812
8579,1.678932183,75.80457357,74.12564138
8580,1.692958586,77.08422943,75.39127085
8581,2.42759006,76.88781112,74.46022106
8582,2.17116346,76.94564198,74.77447852
8583,1.560720596,76.4410312,74.88031061
8584,2.126667299,75.74813943,73.62147214
8585,0.957011741,75.86982855,74.9128168
8586,1.364904852,76.38415162,75.01924677
8587,2.430977524,75.35581069,72.92483316
8588,2.126377994,75.7874555,73.66107751
8589,2.280193833,76.22736212,73.94716829
8590,1.246218084,76.50500928,75.2587912
8591,1.682376363,77.67304687,75.99067051
8592,2.79888625,77.19231634,74.39343009
8593,0.6440449925,75.48703339,74.8429884
8594,2.722923351,77.38090895,74.6579856
8595,2.841014957,76.53800244,73.69698748
8596,2.828762128,76.31592193,73.4871598
8597,1.232475012,76.11604621,74.8835712
8598,0.8358224795,77.38105804,76.54523556
8599,2.156673855,76.48010152,74.32342766
8600,0.612424765,77.77117729,77.15875252
8601,1.335123916,77.76757968,76.43245576
8602,3.338887678,77.62833528,74.2894476
8603,1.223193616,76.38107419,75.15788058
8604,1.031901038,75.51806353,74.48616249
8605,2.824443248,76.89910125,74.07465801
8606,2.09210614,77.43425359,75.34214745
8607,2.715086184,77.84372908,75.12864289
8608,0.8002614265,77.06963198,76.26937055
8609,1.553657938,77.33139994,75.77774201
8610,2.030014766,76.16493951,74.13492474
8611,2.828564142,77.7387312,74.91016705
8612,2.561651426,77.79754791,75.23589648
8613,1.064349669,75.61038323,74.54603356
8614,1.621415449,76.12476759,74.50335214
8615,3.273462128,76.6781953,73.40473317
8616,2.167972865,77.30593345,75.13796059
8617,2.119527106,76.2198901,74.100363
8618,2.142180588,75.49272006,73.35053947
8619,1.830642425,75.46618072,73.6355383
8620,1.294870117,77.27059277,75.97572266
8621,2.189002142,77.89337947,75.70437733
8622,2.219179718,77.59584374,75.37666402
8623,2.088710178,76.38754648,74.2988363
8624,2.367669923,77.90155414,75.53388422
8625,2.509454578,76.99684327,74.48738869
8626,2.319558543,75.79690767,73.47734913
8627,0.84757436,77.75431376,76.9067394
8628,1.963821531,77.45923369,75.49541216
8629,2.087908334,76.95886382,74.87095549
8630,2.705473682,76.26467763,73.55920395
8631,1.729463463,76.66319695,74.93373349
8632,1.816670986,77.12089738,75.30422639
8633,3.305017873,77.1418705,73.83685263
8634,1.395167303,77.24712034,75.85195303
8635,3.366921693,77.20963156,73.84270987
8636,2.832869846,77.16495481,74.33208497
8637,2.379570489,76.17233669,73.7927662
8638,2.589338115,77.32553187,74.73619375
8639,2.099123518,76.54314033,74.44401681
8640,2.348339426,76.88543056,74.53709114
8641,1.388461418,75.33163005,73.94316863
8642,2.068829722,77.12403624,75.05520652
8643,1.022191345,76.10835117,75.08615983
8644,2.071537047,75.58006903,73.50853198
8645,1.605690451,76.00549291,74.39980246
8646,1.753407291,76.31992713,74.56651984
8647,0.4908780231,75.85831327,75.36743524
8648,1.432025017,76.55926501,75.12723999
8649,2.010041164,77.01556618,75.00552502
8650,1.025244809,78.00601724,76.98077243
8651,2.472054509,77.46916497,74.99711046
8652,2.450033422,76.79298556,74.34295214
8653,0.9128895619,76.3998431,75.48695354
8654,0.9640964461,77.53054886,76.56645241
8655,2.652857879,76.66872789,74.01587001
8656,1.578193359,76.16608481,74.58789145
8657,1.567925142,76.67905079,75.11112565
8658,2.387752512,77.19553289,74.80778037
8659,1.510931566,78.06454436,76.55361279
8660,1.548744655,77.22517882,75.67643416
8661,2.681369165,75.64491271,72.96354355
8662,3.199014342,76.55107489,73.35206054
8663,1.475501365,76.90823004,75.43272867
8664,1.903470713,76.5238326,74.62036189
8665,2.105386486,76.23092127,74.12553478
8666,1.501360391,76.41464683,74.91328644
8667,1.412013425,76.90995181,75.49793839
8668,1.807310042,77.23134273,75.42403268
8669,3.044041042,76.87891547,73.83487442
8670,2.289666262,76.31157263,74.02190636
8671,1.747401465,77.45893631,75.71153484
8672,2.787014026,76.33802414,73.55101012
8673,2.709686738,76.20674414,73.49705741
8674,2.219052981,76.80346592,74.58441293
8675,0.859461344,76.72534466,75.86588332
8676,2.965078036,77.09817461,74.13309657
8677,1.795463911,76.21293132,74.41746741
8678,0.6854566364,76.79187996,76.10642332
8679,2.648967204,75.66329075,73.01432354
8680,2.047162931,76.138662,74.09149907
8681,1.031330729,76.12468737,75.09335664
8682,1.576780392,76.11043838,74.53365799
8683,2.698280289,76.88950394,74.19122365
8684,2.020081181,76.54916693,74.52908575
8685,2.389791914,77.51828035,75.12848844
8686,1.838753137,76.14145129,74.30269815
8687,2.372066572,76.70297959,74.33091302
8688,1.803048358,76.05288624,74.24983788
8689,1.888911327,76.19057711,74.30166578
8690,0.8008175846,77.34774422,76.54692664
8691,2.819927849,77.50538748,74.68545963
8692,1.802713786,76.96531307,75.16259928
8693,3.132015812,76.53221569,73.40019988
8694,1.454220563,76.52620507,75.07198451
8695,2.590474575,76.84332801,74.25285343
8696,1.748702343,76.43920471,74.69050237
8697,2.014425042,76.08872887,74.07430383
8698,2.786667101,76.45699223,73.67032512
8699,2.204851697,76.09117845,73.88632675
8700,3.173845484,76.82490063,73.65105514
8701,1.991723249,77.63623474,75.64451149
8702,2.619829338,77.85891689,75.23908755
8703,0.8289131389,74.98895816,74.16004503
8704,2.290743932,76.66640082,74.37565689
8705,1.35664281,76.49389921,75.1372564
8706,1.085099903,75.76747594,74.68237604
8707,1.793853567,76.8478379,75.05398433
8708,2.52600612,76.75827319,74.23226707
8709,0.8864550887,76.01794348,75.1314884
8710,1.539668368,75.65927617,74.11960781
8711,1.366532716,76.62221646,75.25568374
8712,2.804051627,77.48234571,74.67829408
8713,1.708505111,76.5929399,74.88443478
8714,1.533560611,77.05136156,75.51780095
8715,3.624940984,76.95668667,73.33174569
8716,1.603931097,77.17591412,75.57198303
8717,2.853402773,75.92386442,73.07046165
8718,1.182630541,75.79758248,74.61495194
8719,1.001640453,76.25802975,75.25638929
8720,2.875061906,75.936776,73.0617141
8721,1.616228949,77.53306288,75.91683393
8722,2.331481332,77.4475902,75.11610887
8723,2.016436765,76.83150221,74.81506544
8724,1.847698965,76.68154322,74.83384426
8725,1.352980027,77.03002859,75.67704857
8726,2.024892293,77.09785347,75.07296118
8727,2.105380216,76.03989298,73.93451277
8728,1.453319334,75.99790306,74.54458373
8729,0.8250300401,76.10080687,75.27577683
8730,2.480915594,76.88107693,74.40016133
8731,2.132865663,76.70861382,74.57574816
8732,1.327620644,75.76172705,74.4341064
8733,2.145708666,77.16622842,75.02051975
8734,1.920804058,76.51910976,74.5983057
8735,1.574398334,77.43508605,75.86068772
8736,1.479066068,77.28893379,75.80986773
8737,1.564820022,76.35972584,74.79490581
8738,2.287833241,76.86841171,74.58057847
8739,2.564192255,75.47991182,72.91571956
8740,1.232478183,76.60493153,75.37245335
8741,2.93161048,77.3053467,74.37373622
8742,1.888866408,77.21389019,75.32502379
8743,1.560630115,77.11040003,75.54976991
8744,2.873699949,77.08142205,74.2077221
8745,1.656228052,76.28401532,74.62778727
8746,1.891981925,75.74197051,73.84998858
8747,3.162388122,77.44220952,74.2798214
8748,2.215631378,77.43993028,75.2242989
8749,1.456720448,76.67462271,75.21790226
8750,0.8887813794,77.43238527,76.54360389
8751,1.473143943,77.56115846,76.08801452
8752,2.18541088,76.66784019,74.48242931
8753,2.828612489,77.04352962,74.21491713
8754,1.637687227,76.6281153,74.99042807
8755,2.60507943,76.54533751,73.94025808
8756,2.186862888,77.31954251,75.13267962
8757,2.383705511,77.01562614,74.63192063
8758,4.133618552,76.34849641,72.21487786
8759,1.176263887,75.76427274,74.58800886
8760,2.265335303,77.09723595,74.83190065
8761,2.437008944,77.25335504,74.81634609
8762,0.9340392508,76.82532413,75.89128488
8763,2.121168438,77.78509989,75.66393145
8764,2.273769071,76.22800148,73.95423241
8765,0.7597128403,75.98626387,75.22655103
8766,2.615086896,75.97410547,73.35901857
8767,1.747222346,76.05000463,74.30278229
8768,1.506916738,75.82077318,74.31385644
8769,2.567888193,77.73050264,75.16261445
8770,1.909669719,76.68312737,74.77345765
8771,1.471642024,76.7132146,75.24157257
8772,2.27274615,76.778854,74.50610785
8773,1.653071196,76.46091095,74.80783976
8774,2.150466308,76.92313944,74.77267314
8775,0.9704884275,76.98759269,76.01710426
8776,1.041547249,76.96279321,75.92124596
8777,0.8961072154,77.30438055,76.40827334
8778,1.486598953,76.20799554,74.72139659
8779,2.103151996,76.49717966,74.39402767
8780,1.143645275,75.95071247,74.8070672
8781,2.644591092,76.4582726,73.81368151
8782,2.539656582,76.44899149,73.90933491
8783,2.317895326,77.08379516,74.76589983
8784,1.440623657,75.89160582,74.45098217
8785,1.993453409,78.47467077,76.48121736
8786,2.422211303,76.85999449,74.43778319
8787,1.942684594,75.64565081,73.70296622
8788,0.6660383073,76.33940993,75.67337163
8789,1.110884875,77.13756673,76.02668186
8790,1.930857185,77.35424771,75.42339053
8791,2.760066406,77.38865387,74.62858746
8792,2.964838599,77.19544638,74.23060778
8793,1.240217494,76.38999108,75.14977359
8794,1.686694082,77.0009302,75.31423612
8795,2.402901189,76.36591603,73.96301484
8796,1.712304926,77.43181643,75.7195115
8797,1.290603728,77.77036721,76.47976348
8798,2.3648659,75.69292623,73.32806033
8799,2.63818681,76.45918721,73.8210004
8800,2.586817218,77.51661872,74.9298015
8801,2.131650946,76.93400457,74.80235363
8802,2.137135363,75.72244724,73.58531187
8803,0.9789332754,77.35593156,76.37699829
8804,2.03965573,76.66723268,74.62757695
8805,2.77137399,77.28635571,74.51498172
8806,1.050361373,77.55777095,76.50740958
8807,0.5896917643,76.82082274,76.23113097
8808,1.438904182,76.1504629,74.71155872
8809,1.824367838,75.50359759,73.67922976
8810,1.493326061,76.79370131,75.30037525
8811,2.214025365,78.30189404,76.08786868
8812,3.22643768,77.70965867,74.48322099
8813,2.005117314,76.0477326,74.04261529
8814,2.455598651,77.46413889,75.00854024
8815,2.052218899,76.8436683,74.7914494
8816,1.053664468,76.32244817,75.26878371
8817,3.089011955,76.43755142,73.34853947
8818,2.213258042,76.72582201,74.51256397
8819,2.277226851,76.80635218,74.52912533
8820,3.633672909,76.66746108,73.03378817
8821,1.993639877,75.98573356,73.99209368
8822,1.486830529,77.28418788,75.79735735
8823,1.671376018,76.62720399,74.95582797
8824,2.657566842,76.35976098,73.70219414
8825,1.929978334,77.34394853,75.4139702
8826,1.899203778,77.08912108,75.1899173
8827,2.098901153,76.26170975,74.1628086
8828,0.4186967315,75.40263497,74.98393824
8829,1.948594138,78.20329332,76.25469918
8830,1.176865326,76.16929012,74.99242479
8831,2.300544769,76.03676284,73.73621807
8832,1.655694075,76.77579608,75.120102
8833,1.934391574,76.94481229,75.01042072
8834,3.403484313,77.28847974,73.88499543
8835,1.663368886,76.76708575,75.10371687
8836,2.869837959,76.78321622,73.91337826
8837,1.188282565,76.40749146,75.2192089
8838,2.406726131,77.23232817,74.82560203
8839,2.495715855,76.27668224,73.78096638
8840,1.473502473,76.30345137,74.82994889
8841,2.856334146,77.21897362,74.36263948
8842,1.674872542,76.20276206,74.52788951
8843,2.6735902,77.16169543,74.48810523
8844,0.5855440106,76.7931663,76.20762229
8845,2.234978243,75.55623863,73.32126038
8846,0.8928300835,76.65680708,75.76397699
8847,2.075014266,76.3036625,74.22864824
8848,2.703219683,76.66437589,73.96115621
8849,2.611248295,76.62640489,74.0151566
8850,2.093790136,76.8528053,74.75901516
8851,3.319624565,76.73910654,73.41948197
8852,1.639032627,75.53683266,73.89780004
8853,1.923540521,77.15276115,75.22922063
8854,2.531351303,76.37315879,73.84180749
8855,1.452606885,76.91067443,75.45806755
8856,3.013142549,76.22881549,73.21567294
8857,2.908896566,76.046385,73.13748844
8858,2.386443876,77.65158789,75.26514401
8859,1.573555424,76.07816375,74.50460833
8860,0.8303057021,76.51300108,75.68269538
8861,2.602428984,76.26332725,73.66089827
8862,1.819709981,76.97969901,75.15998903
8863,2.258367094,77.86910741,75.61074032
8864,1.694720422,77.036116,75.34139558
8865,1.890651608,77.50770796,75.61705635
8866,3.615472198,76.05180619,72.436334
8867,2.794234508,76.01999794,73.22576343
8868,2.113174208,76.52443546,74.41126125
8869,1.621451846,75.21133862,73.58988677
8870,2.81388999,77.04749126,74.23360127
8871,2.452320041,77.04773018,74.59541014
8872,1.882488519,77.04089953,75.15841101
8873,1.012178757,77.09320857,76.08102982
8874,1.471915729,75.92035712,74.44844139
8875,1.962452902,76.97196548,75.00951258
8876,0.697516897,76.34120826,75.64369136
8877,2.652934704,77.14375473,74.49082003
8878,2.060713386,75.94996995,73.88925656
8879,1.448631243,78.48194346,77.03331222
8880,1.923124567,78.40060021,76.47747564
8881,2.534890844,76.93451472,74.39962387
8882,1.041209817,76.81447873,75.77326891
8883,1.948103669,77.45232069,75.50421702
8884,0.7597352681,76.27420742,75.51447215
8885,2.151778872,77.63216755,75.48038867
8886,2.372150804,77.2162212,74.8440704
8887,1.731139568,76.39108267,74.65994311
8888,1.445032,77.00909305,75.56406105
8889,1.889621988,76.06213169,74.1725097
8890,2.91226725,77.11880021,74.20653296
8891,2.004377371,77.33844481,75.33406744
8892,1.860204265,76.53365357,74.6734493
8893,2.071587823,76.43488922,74.3633014
8894,1.138620275,76.82887675,75.69025648
8895,2.302641979,76.79873764,74.49609566
8896,1.923087855,77.20477848,75.28169062
8897,1.012781644,76.64847899,75.63569734
8898,2.004777919,76.54997805,74.54520013
8899,1.311788587,76.91938254,75.60759396
8900,1.860444962,77.13763043,75.27718546
8901,0.5266809522,76.27882154,75.75214058
8902,2.306213391,76.91311365,74.60690026
8903,1.993249871,77.4410951,75.44784523
8904,2.691758346,75.74386707,73.05210873
8905,1.530597134,77.74035653,76.2097594
8906,2.176662572,75.84856355,73.67190098
8907,2.171822271,76.20949381,74.03767154
8908,2.252640059,77.89108047,75.63844041
8909,2.753141252,76.69138606,73.93824481
8910,2.402831256,76.71508198,74.31225072
8911,3.158405541,77.34230522,74.18389968
8912,1.758586325,75.87204299,74.11345666
8913,0.5118405823,76.89309482,76.38125423
8914,2.290084161,76.78002232,74.48993816
8915,1.879861499,77.38270043,75.50283893
8916,2.930741774,78.4230651,75.49232333
8917,2.416080498,75.71196951,73.29588901
8918,0.9344057801,77.42614262,76.49173684
8919,1.859791092,76.37951672,74.51972563
8920,1.205591355,75.85168774,74.64609638
8921,1.183284215,75.5129827,74.32969848
8922,1.533667686,76.9911924,75.45752472
8923,0.5919155764,77.80690871,77.21499314
8924,2.390082132,75.59296439,73.20288226
8925,3.000046579,77.58994762,74.58990104
8926,2.132056797,78.22806468,76.09600789
8927,0.9031360554,76.7776688,75.87453274
8928,1.220886415,76.46427932,75.24339291
8929,1.981514197,76.81258006,74.83106586
8930,2.345964922,77.62505198,75.27908706
8931,2.462300414,76.41935867,73.95705826
8932,1.811844108,77.62335247,75.81150836
8933,2.022935921,76.42169583,74.39875991
8934,2.60052478,76.79024033,74.18971555
8935,2.264196494,76.51000791,74.24581142
8936,1.516258552,75.98479406,74.46853551
8937,2.422289923,76.47256485,74.05027493
8938,2.424761224,77.28111432,74.8563531
8939,2.477110678,77.19309773,74.71598706
8940,0.8736437376,77.35129759,76.47765385
8941,2.197666063,77.32319431,75.12552825
8942,2.100636257,77.41945774,75.31882148
8943,1.569048853,76.83332092,75.26427206
8944,2.397169092,78.01135092,75.61418183
8945,2.385515123,78.3864426,76.00092748
8946,1.106883362,77.39043576,76.2835524
8947,2.345741541,77.32395041,74.97820887
8948,2.624910359,77.45272128,74.82781092
8949,2.297611096,75.90585936,73.60824826
8950,1.11373868,77.08650696,75.97276828
8951,2.21073279,76.33086474,74.12013195
8952,1.361820792,76.77463981,75.41281902
8953,1.814713772,75.28349159,73.46877782
8954,0.9409697408,76.85101973,75.91004999
8955,2.174485228,76.6828608,74.50837557
8956,2.111260658,76.16399142,74.05273077
8957,1.693574349,75.66829736,73.97472301
8958,2.002501312,76.05643271,74.0539314
8959,2.435670487,77.03078031,74.59510982
8960,1.908814022,77.56102241,75.65220839
8961,1.856657073,75.96402542,74.10736835
8962,2.087733037,76.71885553,74.6311225
8963,0.7600994364,76.21081571,75.45071628
8964,2.041190785,77.17705948,75.1358687
8965,2.150373094,75.88480055,73.73442745
8966,2.463086042,77.07827792,74.61519188
8967,2.573991295,76.44812755,73.87413626
8968,1.8821765,77.67866346,75.79648696
8969,2.38008794,77.11645591,74.73636797
8970,1.583853658,76.27120438,74.68735072
8971,1.026347368,75.9209103,74.89456293
8972,2.050803405,76.55516367,74.50436026
8973,1.802543357,75.60913505,73.80659169
8974,1.907930388,77.05010772,75.14217733
8975,2.611592355,76.36878206,73.7571897
8976,1.386533963,76.706212,75.31967804
8977,2.654018964,75.95036059,73.29634163
8978,1.657274567,76.0467523,74.38947774
8979,2.504632012,78.19937495,75.69474294
8980,1.380009031,75.39054165,74.01053262
8981,1.279022756,76.20233124,74.92330848
8982,2.718408106,76.85504974,74.13664164
8983,3.403758645,77.19928197,73.79552333
8984,2.433277768,76.5062918,74.07301403
8985,1.737208235,76.15766173,74.42045349
8986,1.977235216,75.31077954,73.33354432
8987,1.740261596,76.19924186,74.45898026
8988,2.163082812,78.30897705,76.14589423
8989,3.22175211,77.29706267,74.07531056
8990,2.215404347,76.40500174,74.18959739
8991,1.610543365,76.83580998,75.22526662
8992,2.286178306,77.45604765,75.16986935
8993,1.72812317,77.04670315,75.31857998
8994,2.606736121,76.09099695,73.48426083
8995,1.767292267,76.88548127,75.118189
8996,1.416829972,75.99908277,74.5822528
8997,1.106889274,76.72244832,75.61555905
8998,1.897479995,76.79347485,74.89599485
8999,1.528813321,76.14878201,74.61996869
9000,2.330904271,76.69276737,74.3618631
9001,2.0096016,77.10567,75.0960684
9002,2.623242346,76.06850518,73.44526283
9003,2.176403695,77.31734643,75.14094274
9004,2.521264636,76.18801991,73.66675527
9005,3.4385336,76.89472699,73.45619339
9006,2.527877252,77.0491406,74.52126335
9007,0.8396965043,76.60128379,75.76158728
9008,1.586310873,76.63197723,75.04566635
9009,2.405710753,77.06635478,74.66064403
9010,0.8806601671,76.5859854,75.70532524
9011,2.455399686,77.10306287,74.64766318
9012,1.819158787,76.85846134,75.03930256
9013,2.286140873,77.1038545,74.81771363
9014,1.499847715,77.01164248,75.51179476
9015,0.4046500925,77.14210712,76.73745702
9016,2.755942909,75.77859208,73.02264917
9017,2.044687892,76.02080914,73.97612124
9018,1.705549587,76.68495544,74.97940586
9019,2.094305354,77.48497359,75.39066823
9020,1.90791126,76.47065997,74.56274871
9021,1.382501228,77.90954557,76.52704434
9022,1.524265194,76.03346034,74.50919515
9023,3.111574489,76.47058929,73.3590148
9024,2.502264721,76.2574352,73.75517048
9025,1.558196153,76.00600458,74.44780843
9026,1.810376696,78.12911095,76.31873425
9027,0.6877300372,76.99553038,76.30780034
9028,1.81355481,76.24872106,74.43516625
9029,1.767086848,75.89476629,74.12767944
9030,1.962003963,76.23547434,74.27347038
9031,3.212063393,77.58157279,74.3695094
9032,2.337430411,77.58942994,75.25199953
9033,0.7858596003,76.94272008,76.15686048
9034,1.053606751,75.12258608,74.06897933
9035,1.452206234,77.34937218,75.89716594
9036,1.202711855,76.93900285,75.73629099
9037,2.272462651,75.89012036,73.61765771
9038,2.559668547,77.61019504,75.0505265
9039,2.557163125,77.2699632,74.71280007
9040,1.245549181,76.41291995,75.16737077
9041,2.59545544,76.52577102,73.93031558
9042,1.052226161,75.86072189,74.80849573
9043,2.237744293,77.54686234,75.30911805
9044,0.9448260945,77.39071895,76.44589286
9045,0.9400889831,77.07972363,76.13963465
9046,1.35870457,76.21328539,74.85458082
9047,1.687959216,77.39247946,75.70452024
9048,1.472850855,77.02633029,75.55347943
9049,1.886564481,77.42346499,75.53690051
9050,2.151885181,76.62040024,74.46851506
9051,1.887088741,75.72747151,73.84038277
9052,2.945474357,77.00484544,74.05937108
9053,0.6955387048,77.03254171,76.337003
9054,1.251532578,77.12530696,75.87377438
9055,1.173032504,75.61636503,74.44333252
9056,1.395374139,76.80517913,75.40980499
9057,1.435046697,76.96218977,75.52714307
9058,1.458882577,76.37215045,74.91326788
9059,2.281043548,77.09701122,74.81596767
9060,3.559691541,76.97860214,73.4189106
9061,1.927882535,77.03311815,75.10523562
9062,2.048524723,76.4332013,74.38467658
9063,2.061968244,76.26615301,74.20418476
9064,1.794379994,75.75790282,73.96352282
9065,2.827224201,76.5119263,73.6847021
9066,2.403025182,76.42252632,74.01950114
9067,1.956898484,77.61051044,75.65361196
9068,2.722624299,77.3606754,74.6380511
9069,2.525033042,77.02284557,74.49781252
9070,1.522592958,77.96822265,76.44562969
9071,1.294879255,76.35181692,75.05693767
9072,0.7559526171,76.09238146,75.33642884
9073,2.686651292,76.22903304,73.54238175
9074,2.917116517,77.05028102,74.1331645
9075,1.987149654,76.45862154,74.47147188
9076,1.410530183,76.85876898,75.4482388
9077,2.819069129,77.57455771,74.75548858
9078,1.04664482,76.81097035,75.76432553
9079,1.494234088,76.16410625,74.66987216
9080,1.192330407,77.38411418,76.19178378
9081,0.862677373,75.83214567,74.9694683
9082,3.266417532,76.26675139,73.00033386
9083,2.803221975,76.75454948,73.95132751
9084,3.062717434,76.69309894,73.63038151
9085,2.184610765,76.32243943,74.13782867
9086,2.071485287,75.73505426,73.66356898
9087,2.092721951,76.36401665,74.2712947
9088,1.757557649,77.30403759,75.54647994
9089,1.42513997,76.62771911,75.20257914
9090,2.227302187,77.24572359,75.01842141
9091,2.90156209,76.22657242,73.32501033
9092,2.604193645,77.20267851,74.59848487
9093,1.933180535,77.05019216,75.11701162
9094,1.856047447,76.66582487,74.80977743
9095,2.400561453,77.06179344,74.66123199
9096,2.343688467,75.89170856,73.5480201
9097,1.832634467,76.43580471,74.60317024
9098,3.085371679,77.44330138,74.3579297
9099,2.490973418,76.80664115,74.31566773
9100,1.285164298,76.92627973,75.64111543
9101,1.474330493,77.5296847,76.0553542
9102,1.017590521,77.33240205,76.31481153
9103,0.7389625133,76.44021264,75.70125013
9104,1.654816854,75.80651522,74.15169837
9105,2.327367511,76.41852623,74.09115872
9106,1.308948132,76.44957358,75.14062545
9107,2.333520292,76.25527912,73.92175883
9108,1.142811306,75.7518869,74.60907559
9109,1.123308111,76.44748236,75.32417425
9110,1.315885187,76.94596247,75.63007729
9111,1.857155152,76.36783747,74.51068232
9112,2.501324012,76.84495841,74.34363439
9113,0.5641227751,76.75554791,76.19142513
9114,1.723092958,76.50148243,74.77838947
9115,2.325951336,76.11213936,73.78618803
9116,1.88314428,76.32499077,74.4418465
9117,3.091396391,76.23557203,73.14417564
9118,1.946207878,76.7881045,74.84189663
9119,3.268680439,78.91541113,75.64673069
9120,2.065165237,77.09733543,75.03217019
9121,2.085476644,77.62416824,75.53869159
9122,1.637873868,75.79891118,74.16103731
9123,2.342174621,76.42552252,74.0833479
9124,2.573959894,76.21249312,73.63853323
9125,1.263157418,76.76117433,75.49801691
9126,2.916411002,77.40914408,74.49273308
9127,2.861166018,76.48585407,73.62468805
9128,2.728287636,77.03741557,74.30912793
9129,1.755222936,76.40423248,74.64900955
9130,2.102363816,76.5430597,74.44069589
9131,2.284790119,77.37536425,75.09057413
9132,1.504635741,76.91057447,75.40593873
9133,1.006305901,77.10028573,76.09397983
9134,1.47415944,76.88577917,75.41161973
9135,1.836108835,76.70020564,74.86409681
9136,1.969620836,76.89085156,74.92123072
9137,1.911854448,76.35672641,74.44487196
9138,2.081906149,77.50540168,75.42349553
9139,1.117459376,76.23343247,75.1159731
9140,3.081202549,76.97439556,73.89319301
9141,1.315881007,75.77701855,74.46113754
9142,2.14186763,76.46528631,74.32341868
9143,1.7852477,75.81283604,74.02758834
9144,1.589872122,76.97044626,75.38057414
9145,2.209265061,75.69325741,73.48399235
9146,1.186710791,75.65720407,74.47049328
9147,1.671941828,76.04324471,74.37130289
9148,2.910943675,76.22983476,73.31889109
9149,2.083001674,76.41146809,74.32846641
9150,1.352632914,76.69327699,75.34064408
9151,2.509250614,76.3937349,73.88448428
9152,1.509335531,76.70978227,75.20044674
9153,1.512218139,77.13857759,75.62635945
9154,1.854621744,76.49002286,74.63540112
9155,2.672345094,76.95132724,74.27898215
9156,1.774574139,77.45109823,75.67652409
9157,1.504944759,76.56412362,75.05917886
9158,1.108684355,77.62414032,76.51545597
9159,0.8600808272,75.79491428,74.93483346
9160,2.363959634,75.57976343,73.21580379
9161,2.973154289,77.4187154,74.44556111
9162,1.891481407,77.10629565,75.21481424
9163,2.731631628,75.97670183,73.2450702
9164,2.91161911,77.32215262,74.41053351
9165,1.421296965,76.39192593,74.97062896
9166,2.14157206,77.13446159,74.99288953
9167,1.16855349,75.86114565,74.69259216
9168,2.563245393,76.89038829,74.3271429
9169,1.938155292,76.20359827,74.26544298
9170,2.352444098,76.26932064,73.91687655
9171,1.580994606,75.71239739,74.13140278
9172,1.70059609,76.78318771,75.08259162
9173,1.531227848,77.46795734,75.93672949
9174,1.43545178,77.39562971,75.96017793
9175,1.878152767,76.81452563,74.93637286
9176,0.9230036427,77.0192437,76.09624006
9177,2.849793736,76.36742149,73.51762775
9178,3.279372897,77.0536206,73.77424771
9179,3.074911314,76.372969,73.29805769
9180,1.559252699,77.13224977,75.57299707
9181,2.156718948,75.97278498,73.81606603
9182,0.8711839149,76.02668525,75.15550134
9183,1.809532578,76.68634959,74.87681701
9184,2.586016256,76.88701251,74.30099625
9185,2.469309398,77.08448886,74.61517946
9186,2.041612026,76.25791891,74.21630689
9187,2.535494782,75.39727781,72.86178303
9188,2.477509513,76.52860127,74.05109176
9189,2.940779651,77.04801583,74.10723617
9190,2.465681274,75.60969703,73.14401576
9191,2.693267877,77.07460887,74.38134099
9192,2.4845341,76.84430169,74.35976759
9193,2.964925641,76.37294606,73.40802042
9194,1.645543611,77.67930537,76.03376176
9195,1.137907337,77.10524025,75.96733291
9196,1.847457872,76.62928208,74.78182421
9197,2.311475293,75.85305402,73.54157872
9198,2.79213153,76.4769903,73.68485877
9199,1.132840829,77.48379681,76.35095599
9200,2.353889819,76.97273431,74.61884449
9201,2.375824317,77.12389074,74.74806642
9202,0.6745046805,77.67215888,76.9976542
9203,0.8069166926,76.67087075,75.86395405
9204,1.984673863,77.62528024,75.64060638
9205,2.683864265,76.44190131,73.75803704
9206,2.159581892,76.60251733,74.44293544
9207,3.136365483,78.21181039,75.07544491
9208,1.041319683,75.7889509,74.74763122
9209,2.58922104,76.02487058,73.43564954
9210,1.844132911,77.60978895,75.76565604
9211,1.970759766,77.30340011,75.33264034
9212,1.228539267,77.3316886,76.10314933
9213,1.313799028,76.54698125,75.23318223
9214,1.940141698,76.17894187,74.23880017
9215,0.8353342036,76.21064611,75.37531191
9216,2.236687736,76.44665731,74.20996958
9217,3.083425947,76.11728113,73.03385518
9218,1.293547128,77.27418293,75.9806358
9219,1.499423076,75.75121685,74.25179377
9220,2.189135166,77.38527517,75.19614
9221,2.139990186,76.46666201,74.32667183
9222,2.278902993,76.13385574,73.85495275
9223,2.11950026,76.25848436,74.1389841
9224,1.185239201,76.93519208,75.74995288
9225,1.907184193,77.58903736,75.68185316
9226,1.68384023,76.425009,74.74116877
9227,2.110809338,76.93572814,74.82491881
9228,1.545980688,76.79014635,75.24416567
9229,1.9667676,77.15132952,75.18456192
9230,1.55027498,76.92893382,75.37865884
9231,1.985555338,76.37141702,74.38586168
9232,1.548797817,77.043627,75.49482918
9233,2.747393857,77.22203117,74.47463732
9234,1.903985225,76.27016057,74.36617535
9235,1.998520098,77.75819191,75.75967181
9236,3.333250673,77.20770558,73.87445491
9237,2.071531933,76.81484537,74.74331344
9238,1.255426469,75.99238825,74.73696178
9239,2.520053642,76.18726474,73.66721109
9240,1.294307263,76.1119031,74.81759583
9241,2.151058481,77.71084421,75.55978573
9242,1.990691963,77.03420077,75.04350881
9243,1.853906826,76.98231748,75.12841066
9244,1.704846507,76.75693279,75.05208629
9245,1.486811977,75.60012793,74.11331595
9246,2.700041996,76.38631486,73.68627286
9247,2.1704231,76.3875313,74.2171082
9248,1.032882859,76.45218123,75.41929837
9249,1.348458568,75.95053323,74.60207466
9250,2.544984208,76.23625058,73.69126638
9251,1.943515137,77.92648329,75.98296816
9252,1.901679588,76.05871014,74.15703056
9253,2.494491047,77.26082102,74.76632998
9254,1.065443459,76.38057425,75.31513079
9255,1.677593108,76.08620004,74.40860693
9256,1.086156664,77.59384774,76.50769108
9257,1.044364073,76.64982872,75.60546465
9258,2.696882933,78.512772,75.81588907
9259,1.841174973,77.04159546,75.20042049
9260,2.544837543,76.18094632,73.63610877
9261,0.951528154,77.5055752,76.55404704
9262,3.054255894,76.0431478,72.98889191
9263,2.138983418,76.42616312,74.28717971
9264,2.443006162,76.11966971,73.67666355
9265,2.396786319,78.53436824,76.13758192
9266,1.872452264,76.40237893,74.52992667
9267,2.174751681,76.38335607,74.20860439
9268,2.573359139,76.07154157,73.49818243
9269,1.15684519,77.57172039,76.4148752
9270,1.650431672,75.69945038,74.04901871
9271,2.367336263,76.98108241,74.61374615
9272,1.275879868,76.58315124,75.30727137
9273,2.868365961,76.9788143,74.11044834
9274,3.602261231,77.55746742,73.95520619
9275,2.578612519,76.83937946,74.26076694
9276,1.005547569,77.24367791,76.23813034
9277,2.16938561,77.52451632,75.35513071
9278,2.066139015,76.29616689,74.23002788
9279,3.321085859,76.44884913,73.12776327
9280,2.112557764,75.68575728,73.57319951
9281,1.347930045,76.63667779,75.28874774
9282,1.24551828,76.13921797,74.89369969
9283,1.518135485,77.0206019,75.50246641
9284,1.796098934,76.71888972,74.92279078
9285,2.137425566,76.42100433,74.28357876
9286,2.426150964,76.17091774,73.74476678
9287,2.020082078,76.41112104,74.39103896
9288,1.886781646,77.15781121,75.27102957
9289,1.559721461,77.85223324,76.29251178
9290,2.372316176,76.30619476,73.93387858
9291,2.440883946,77.24469642,74.80381247
9292,1.898122967,77.05401641,75.15589344
9293,1.121193467,77.4158771,76.29468363
9294,2.254121878,76.42399441,74.16987253
9295,2.328351334,76.79046112,74.46210979
9296,1.702495039,76.97683795,75.27434291
9297,1.870761863,75.55953804,73.68877618
9298,1.474142834,77.0713379,75.59719507
9299,2.175137279,77.2459839,75.07084662
9300,1.586190113,76.70664989,75.12045978
9301,2.982394259,76.81185897,73.82946471
9302,1.874408197,76.07426388,74.19985568
9303,2.470719844,76.16602459,73.69530475
9304,2.820489108,77.97366542,75.15317631
9305,1.333515739,76.48352473,75.15000899
9306,2.604099549,76.36033817,73.75623862
9307,2.787062933,77.21089626,74.42383333
9308,2.666115368,76.80189171,74.13577634
9309,1.627924424,76.85329562,75.2253712
9310,1.480339398,76.81928487,75.33894547
9311,2.259142726,76.91529988,74.65615715
9312,1.96860753,77.59569279,75.62708526
9313,2.322388122,75.96753896,73.64515084
9314,1.351826235,76.3365625,74.98473626
9315,1.831046588,75.47486363,73.64381705
9316,2.012822706,76.81972887,74.80690617
9317,2.484501802,77.20292832,74.71842652
9318,1.156417826,77.03922261,75.88280479
9319,2.161171714,76.40230719,74.24113547
9320,2.179749622,76.35003634,74.17028672
9321,1.352132236,76.77258893,75.4204567
9322,1.153907493,76.6924791,75.53857161
9323,1.586497094,77.18329086,75.59679376
9324,1.973174057,76.1234715,74.15029745
9325,1.727882594,76.00793831,74.28005571
9326,1.248468139,76.7220092,75.47354106
9327,1.745201862,77.18752572,75.44232386
9328,3.003811566,77.66307112,74.65925955
9329,2.98728436,76.55562736,73.568343
9330,2.199063775,76.36561171,74.16654794
9331,2.055726419,77.42996849,75.37424207
9332,2.088008778,76.48213598,74.3941272
9333,2.302219933,76.93064428,74.62842434
9334,2.099493215,76.16477386,74.06528064
9335,1.275899276,76.54189322,75.26599395
9336,2.471471136,76.33186475,73.86039361
9337,2.141620832,76.38984638,74.24822555
9338,1.838543131,75.6353046,73.79676147
9339,0.8898330673,77.39401529,76.50418222
9340,2.306709195,76.056733,73.7500238
9341,3.225039926,77.61845657,74.39341664
9342,1.855054223,75.77522399,73.92016977
9343,2.511086498,76.52241843,74.01133193
9344,0.7197568333,77.50185658,76.78209975
9345,1.377903386,75.91464214,74.53673875
9346,1.3009437,76.19946145,74.89851775
9347,2.455596625,76.89152502,74.4359284
9348,2.463319578,77.55163854,75.08831896
9349,0.8799995133,76.46385876,75.58385925
9350,2.526416307,76.4550708,73.92865449
9351,1.811265278,76.75343604,74.94217077
9352,1.260642666,76.56176158,75.30111891
9353,1.397593445,76.58020533,75.18261189
9354,2.363250792,76.69133473,74.32808394
9355,2.418719698,77.3346115,74.9158918
9356,2.838391269,76.99699276,74.15860149
9357,2.157443571,77.16578014,75.00833657
9358,1.82927031,77.04576377,75.21649346
9359,2.750139601,76.35897623,73.60883663
9360,2.737233583,76.7409105,74.00367692
9361,2.409551199,76.35220925,73.94265805
9362,3.241856848,76.7502527,73.50839585
9363,0.9014035633,76.5839588,75.68255524
9364,2.291798274,76.02463572,73.73283745
9365,2.031092563,77.65651071,75.62541814
9366,2.24093627,76.15571912,73.91478285
9367,2.823738351,77.28291137,74.45917301
9368,1.999781755,75.81833061,73.81854885
9369,2.464590416,76.77513913,74.31054872
9370,2.594526491,78.14049611,75.54596962
9371,2.029598853,77.69933663,75.66973778
9372,1.456696665,78.17944173,76.72274507
9373,2.510875197,75.98275095,73.47187575
9374,2.456512523,76.21718971,73.76067718
9375,1.270415263,76.93764986,75.6672346
9376,2.418890279,76.15059253,73.73170225
9377,1.652975678,76.2302952,74.57731952
9378,1.752921403,77.66087892,75.90795752
9379,2.670816144,77.53361772,74.86280158
9380,2.130501289,76.62476616,74.49426487
9381,1.682426121,76.285003,74.60257688
9382,1.237948427,77.00174305,75.76379462
9383,1.257681985,76.96090846,75.70322647
9384,1.572060194,76.83024716,75.25818697
9385,1.970507382,76.8371947,74.86668731
9386,0.5363139666,76.86467234,76.32835838
9387,2.04523996,76.45751743,74.41227747
9388,1.015332306,76.64111287,75.62578056
9389,1.602490679,76.10865414,74.50616347
9390,2.570176613,77.35171288,74.78153626
9391,2.497901728,76.37874209,73.88084036
9392,1.265523054,76.58257867,75.31705562
9393,1.146680094,76.11408967,74.96740958
9394,2.402400955,76.3381888,73.93578784
9395,1.542612395,76.16147302,74.61886062
9396,1.564777535,75.98333979,74.41856226
9397,2.575755638,77.68142601,75.10567037
9398,2.790609908,76.54313955,73.75252964
9399,1.842095385,76.07841221,74.23631683
9400,1.883457379,76.46532411,74.58186673
9401,2.630586663,77.32248517,74.69189851
9402,2.653128317,76.76930154,74.11617323
9403,1.725896441,76.69531278,74.96941634
9404,2.821391891,77.26272543,74.44133354
9405,1.90007311,75.52663917,73.62656606
9406,1.243012188,77.08023106,75.83721887
9407,1.465317138,76.61613854,75.1508214
9408,2.048343069,76.39959443,74.35125136
9409,2.490048743,76.6719509,74.18190216
9410,1.594427639,76.76901771,75.17459007
9411,2.537304347,76.8033719,74.26606756
9412,1.61349952,76.5749235,74.96142398
9413,2.027475177,76.50123794,74.47376276
9414,2.46719112,75.95717581,73.48998469
9415,2.185335853,75.84906302,73.66372717
9416,2.543068931,77.18579598,74.64272705
9417,1.246323636,77.24165294,75.99532931
9418,2.968140954,77.27020492,74.30206397
9419,1.174265685,76.28611474,75.11184906
9420,1.825132868,76.65713928,74.83200641
9421,2.205924456,76.35228312,74.14635867
9422,1.271970792,78.01330806,76.74133727
9423,1.85389559,77.70507856,75.85118297
9424,2.342667715,77.00279856,74.66013085
9425,1.867845363,75.47921749,73.61137213
9426,2.279923262,76.50344701,74.22352375
9427,3.0440552,76.47996855,73.43591335
9428,2.662437185,76.57413141,73.91169423
9429,2.199658219,77.70221522,75.50255701
9430,1.972877026,76.72817239,74.75529536
9431,2.42971746,77.0648248,74.63510734
9432,1.416641993,75.96201537,74.54537338
9433,1.759469454,76.34173303,74.58226358
9434,1.439790478,76.59705071,75.15726023
9435,3.24458767,76.32519756,73.08060989
9436,1.667362427,77.04043594,75.37307351
9437,2.091194966,76.70408364,74.61288867
9438,1.50025908,75.81238036,74.31212128
9439,0.7344033021,76.98282072,76.24841742
9440,1.449833275,77.03259212,75.58275885
9441,3.330395118,76.80997815,73.47958303
9442,1.270157103,77.11847886,75.84832176
9443,2.625352602,78.33567472,75.71032212
9444,2.018061998,76.6503001,74.6322381
9445,2.646176443,76.51070628,73.86452984
9446,1.334994373,77.46323275,76.12823838
9447,2.087046107,77.26060931,75.1735632
9448,1.751181141,76.74155319,74.99037205
9449,2.653519445,77.60012919,74.94660974
9450,3.273728634,76.89069077,73.61696213
9451,1.34455153,76.46131942,75.11676789
9452,1.784831009,76.48374494,74.69891393
9453,2.712677681,77.02777114,74.31509346
9454,1.839551925,76.83792168,74.99836975
9455,3.559211872,76.46460547,72.9053936
9456,0.9204426092,76.426762,75.50631939
9457,2.130965828,77.64173022,75.51076439
9458,1.395225715,77.13229399,75.73706827
9459,1.688488615,77.65733249,75.96884387
9460,0.9653258435,77.68751554,76.7221897
9461,1.946785111,76.09664698,74.14986187
9462,2.914228853,76.47200892,73.55778007
9463,2.435431073,77.34584444,74.91041337
9464,2.119991706,76.00942497,73.88943326
9465,2.638458862,76.66096602,74.02250716
9466,1.564123492,77.15556896,75.59144547
9467,1.753252308,76.61873406,74.86548175
9468,2.904089986,76.62424417,73.72015418
9469,1.39271273,76.97016412,75.57745139
9470,0.8544722997,76.54812726,75.69365496
9471,0.836927851,75.88348074,75.04655288
9472,1.373461276,76.77141665,75.39795537
9473,2.30673506,76.984511,74.67777594
9474,1.342900775,77.1346569,75.79175612
9475,1.15585003,77.142725,75.98687497
9476,2.103177142,75.96717534,73.8639982
9477,2.446149444,76.47505826,74.02890881
9478,2.580785468,77.25155672,74.67077126
9479,1.979847676,76.56686065,74.58701297
9480,0.4990238968,77.0173933,76.5183694
9481,0.88317434,76.92977882,76.04660448
9482,1.414294842,77.67610294,76.2618081
9483,1.439765306,76.19331414,74.75354884
9484,3.051554691,76.60231681,73.55076212
9485,1.12157366,77.4201918,76.29861814
9486,0.7156965876,77.1337398,76.41804322
9487,1.739013214,75.86481178,74.12579856
9488,1.764223884,76.19384815,74.42962426
9489,2.653112039,75.95235093,73.29923889
9490,2.470854441,77.12322995,74.65237551
9491,3.046995356,75.76772031,72.72072495
9492,1.182753839,76.55269947,75.36994563
9493,0.8843522079,77.3487864,76.46443419
9494,1.634091784,77.37152485,75.73743307
9495,1.737549009,75.61309805,73.87554904
9496,1.391557814,76.73549416,75.34393635
9497,2.089968002,76.85081142,74.76084341
9498,0.8615141698,76.49653783,75.63502366
9499,1.609969842,76.69356904,75.0835992
9500,2.749231155,76.5546696,73.80543844
9501,1.588943994,76.43371588,74.84477189
9502,3.249627665,76.02837312,72.77874546
9503,1.363263793,76.75832038,75.39505659
9504,3.364976806,77.0078458,73.642869
9505,1.401150156,77.58892482,76.18777466
9506,1.524651939,76.3496616,74.82500966
9507,2.441239765,76.70195328,74.26071351
9508,2.757818841,77.12360782,74.36578898
9509,2.468707661,76.4685853,73.99987764
9510,2.440092187,76.97537421,74.53528202
9511,1.884543925,77.62996456,75.74542064
9512,2.5914429,76.62389933,74.03245643
9513,0.9836173466,75.16226951,74.17865216
9514,2.897589666,77.6127749,74.71518523
9515,2.106941591,76.66917609,74.5622345
9516,1.244316159,75.59503648,74.35072032
9517,2.131603233,75.80242878,73.67082555
9518,1.415682561,77.05559653,75.63991397
9519,1.500072335,75.90696431,74.40689197
9520,2.226715958,76.91381429,74.68709833
9521,2.726817777,77.61847311,74.89165534
9522,0.9896661814,76.25458498,75.2649188
9523,3.472212157,77.06970311,73.59749096
9524,1.765693486,76.28242134,74.51672785
9525,2.22250649,76.28738286,74.06487637
9526,2.339278935,76.5961107,74.25683177
9527,1.973356189,76.33751429,74.36415811
9528,1.473861218,75.89694404,74.42308282
9529,3.311698066,77.34439425,74.03269618
9530,1.945934736,76.00171011,74.05577538
9531,2.963259809,77.20859579,74.24533598
9532,1.286877848,76.34186314,75.05498529
9533,1.671737854,77.91457032,76.24283247
9534,1.145937465,77.25024535,76.10430788
9535,2.033541329,77.28334311,75.24980178
9536,1.671546621,75.88296228,74.21141566
9537,1.48399761,76.12780185,74.64380424
9538,2.295240567,77.14857601,74.85333545
9539,3.060763687,76.32463081,73.26386712
9540,2.802665466,76.61832365,73.81565819
9541,2.110388204,76.95496735,74.84457915
9542,1.922660146,76.33899035,74.4163302
9543,2.182663922,76.15656622,73.9739023
9544,1.321333314,77.34541923,76.02408592
9545,2.700265644,76.52743543,73.82716979
9546,2.316037355,75.64745655,73.33141919
9547,1.100346121,76.55309967,75.45275355
9548,2.096542522,75.53021957,73.43367704
9549,1.905850947,77.42791796,75.52206701
9550,2.531341725,76.5319346,74.00059287
9551,0.7822366978,75.50350068,74.72126399
9552,3.123463682,77.14900441,74.02554072
9553,1.389325353,76.44710948,75.05778413
9554,1.852980583,76.22058906,74.36760848
9555,2.034124762,76.27656228,74.24243752
9556,2.405278064,77.47788579,75.07260773
9557,1.643818622,76.31449907,74.67068045
9558,1.015469978,78.45971306,77.44424308
9559,1.869515796,76.85813156,74.98861576
9560,2.274929756,77.00620724,74.73127749
9561,1.339858804,77.38959726,76.04973845
9562,2.32645496,76.01335492,73.68689996
9563,1.079417091,77.44626524,76.36684814
9564,1.581626668,76.00739539,74.42576872
9565,1.667423833,77.28642213,75.6189983
9566,2.839391687,76.63357397,73.79418228
9567,1.677133404,77.40983061,75.7326972
9568,2.16983476,76.58708472,74.41724995
9569,1.585768966,77.01951752,75.43374855
9570,2.60917339,77.25701341,74.64784002
9571,1.217307237,76.58153073,75.36422349
9572,2.169148116,76.94410453,74.77495642
9573,2.425355326,76.46724775,74.04189243
9574,3.051056225,77.78573102,74.73467479
9575,2.204475595,76.48429678,74.27982119
9576,0.7860087734,75.81190946,75.02590068
9577,1.836376551,75.69045431,73.85407776
9578,2.473613697,76.0808166,73.6072029
9579,3.484936969,77.09329415,73.60835718
9580,3.157240891,77.14467576,73.98743487
9581,3.397888162,77.30642332,73.90853516
9582,1.7796308,76.12136152,74.34173072
9583,1.805249851,77.46029816,75.65504831
9584,2.668757144,76.17447708,73.50571993
9585,2.194591152,77.10222917,74.90763802
9586,2.142547251,77.27919676,75.13664951
9587,2.180550209,77.59081924,75.41026903
9588,1.588978701,76.73864701,75.14966831
9589,2.054346104,76.48230655,74.42796044
9590,2.189009514,75.9689164,73.77990689
9591,3.088896205,77.53729011,74.44839391
9592,2.69095877,76.64546558,73.95450681
9593,3.220917809,77.77963328,74.55871547
9594,2.280933453,75.97389258,73.69295913
9595,2.308918692,76.35009008,74.04117139
9596,0.6626398186,77.54181785,76.87917804
9597,2.313700846,76.66607594,74.3523751
9598,1.679540091,77.33148112,75.65194103
9599,2.375381451,77.17278598,74.79740453
9600,2.057148892,75.14040092,73.08325203
9601,2.909970274,75.51975862,72.60978835
9602,2.305559715,77.70615159,75.40059188
9603,1.054412531,75.83216668,74.77775414
9604,1.315816555,75.76047839,74.44466183
9605,2.799809213,76.67550321,73.87569399
9606,2.584378501,75.89898042,73.31460192
9607,1.308583908,76.50191154,75.19332764
9608,2.177374345,76.50957664,74.3322023
9609,2.212062785,77.04400772,74.83194494
9610,2.419216073,76.51944974,74.10023367
9611,2.679000877,78.14580718,75.46680631
9612,1.029229018,77.90922079,76.87999177
9613,1.94461396,75.47627554,73.53166158
9614,2.048889879,76.22909347,74.18020359
9615,1.608931516,77.27760793,75.66867641
9616,1.654997217,76.5873977,74.93240048
9617,0.9531613283,76.95648959,76.00332827
9618,1.533384225,76.60020506,75.06682083
9619,1.119934252,75.29764317,74.17770892
9620,2.6221958,76.22659949,73.60440369
9621,2.567020503,76.61960534,74.05258483
9622,2.728675563,76.52620625,73.79753069
9623,2.436716812,76.81704441,74.3803276
9624,2.337911447,75.77444485,73.4365334
9625,2.875168296,77.82299323,74.94782493
9626,3.068226929,76.50677673,73.43854981
9627,1.027128742,76.82826665,75.80113791
9628,0.5086988416,76.18729744,75.67859859
9629,2.30339424,75.73862739,73.43523315
9630,1.135072906,76.96089629,75.82582338
9631,1.036475237,76.52593876,75.48946353
9632,1.980516783,77.26258744,75.28207066
9633,1.164401532,76.36688962,75.20248809
9634,2.182453913,76.5473304,74.36487649
9635,2.013275999,77.32193058,75.30865458
9636,1.858869201,77.09517753,75.23630833
9637,2.012492959,76.69597678,74.68348383
9638,2.289750411,76.60115318,74.31140277
9639,1.176449221,76.00934176,74.83289254
9640,2.751522065,76.80863774,74.05711567
9641,2.526441981,76.2058328,73.67939082
9642,2.280536658,77.54971729,75.26918064
9643,2.696681144,77.01254468,74.31586354
9644,1.19347143,77.49614266,76.30267123
9645,0.9097483697,76.86139575,75.95164738
9646,2.88855872,76.01434771,73.12578898
9647,2.465601685,77.91471428,75.44911259
9648,0.6364821787,77.21738065,76.58089848
9649,2.630118157,77.19962543,74.56950727
9650,1.04733842,76.80909802,75.7617596
9651,1.935117437,76.93690234,75.0017849
9652,1.599946114,76.18920683,74.58926072
9653,1.747047065,76.98679717,75.23975011
9654,2.833231195,77.36150225,74.52827105
9655,2.48651553,76.74110435,74.25458882
9656,2.458132766,76.73266468,74.27453191
9657,1.516016717,76.1504271,74.63441039
9658,2.833553371,76.65299083,73.81943746
9659,2.340624542,76.51313734,74.17251279
9660,2.812221339,76.90549677,74.09327543
9661,2.235733585,76.14143286,73.90569927
9662,1.668282171,75.46411498,73.79583281
9663,2.252626609,77.33374083,75.08111422
9664,2.080657777,77.25798294,75.17732516
9665,2.413697227,77.27151236,74.85781513
9666,2.633189941,77.45135994,74.81817
9667,1.782495917,77.05186853,75.26937261
9668,2.312482695,75.93646758,73.62398489
9669,1.918109872,76.192215,74.27410513
9670,2.3314959,77.2527129,74.921217
9671,2.933502004,76.57982937,73.64632737
9672,2.652536737,77.37760264,74.7250659
9673,2.275849291,75.88045164,73.60460235
9674,2.558997285,76.46025264,73.90125536
9675,1.767351962,76.27941408,74.51206212
9676,2.177722715,77.68740895,75.50968623
9677,1.518837571,76.06194927,74.5431117
9678,1.746398505,76.1505214,74.40412289
9679,1.223989429,77.86025184,76.63626241
9680,2.347910503,76.14000238,73.79209188
9681,1.002897536,75.71892954,74.716032
9682,2.050597372,75.42977061,73.37917324
9683,2.277834704,77.25841549,74.98058078
9684,0.8737780779,77.06076759,76.18698951
9685,0.7612093584,76.65952081,75.89831146
9686,2.720929579,76.16067144,73.43974186
9687,3.090863211,75.9101587,72.81929548
9688,2.556794648,75.76323235,73.2064377
9689,2.131146034,76.85390731,74.72276128
9690,1.289789424,76.50996488,75.22017545
9691,2.567603922,75.82508621,73.25748229
9692,1.624977987,75.41055677,73.78557878
9693,1.750274469,76.85437062,75.10409615
9694,1.983384598,77.32859781,75.34521321
9695,1.99472324,76.04819991,74.05347667
9696,2.062400802,76.36264724,74.30024644
9697,3.71589782,77.27546853,73.55957071
9698,1.184995878,76.50857744,75.32358156
9699,1.080560707,76.87502546,75.79446475
9700,2.359059712,75.76381818,73.40475847
9701,1.452617884,75.32710213,73.87448425
9702,2.79519253,76.6221077,73.82691517
9703,2.551106516,76.39344907,73.84234256
9704,2.166437301,76.70175846,74.53532116
9705,1.0650411,76.36320858,75.29816748
9706,1.657729052,77.25062065,75.5928916
9707,1.52676879,76.28751433,74.76074554
9708,2.904219878,76.89469444,73.99047456
9709,3.113818656,77.67367524,74.55985659
9710,1.644463313,76.74853256,75.10406925
9711,2.347400189,78.13483501,75.78743482
9712,2.336006868,76.16049756,73.82449069
9713,1.445501747,75.96779664,74.52229489
9714,1.928224092,76.40026565,74.47204156
9715,2.650365111,76.03552842,73.3851633
9716,2.001599092,75.63270051,73.63110142
9717,2.34857593,76.06526166,73.71668573
9718,1.865799245,77.4770091,75.61120986
9719,1.378689658,77.43803171,76.05934205
9720,1.524867703,76.28729947,74.76243176
9721,2.21446813,75.86221951,73.64775138
9722,0.9009145939,76.09412468,75.19321009
9723,1.320087472,78.34960991,77.02952244
9724,2.340499494,77.52023837,75.17973887
9725,2.044835171,76.52638467,74.4815495
9726,2.514748641,76.5954845,74.08073586
9727,1.15712589,76.19333453,75.03620864
9728,1.493955608,75.63743194,74.14347633
9729,2.042853607,76.59834916,74.55549556
9730,1.607939284,76.91219284,75.30425355
9731,2.276433168,77.27483934,74.99840617
9732,2.09731527,76.66426133,74.56694606
9733,2.229388855,78.00515939,75.77577053
9734,2.009864981,75.56687227,73.55700729
9735,0.9961577581,76.76832565,75.77216789
9736,1.408988649,75.666389,74.25740035
9737,2.32568073,76.31383521,73.98815448
9738,2.759081259,76.34847263,73.58939137
9739,2.098771226,76.80169357,74.70292234
9740,3.550793893,76.13368377,72.58288988
9741,2.185478278,76.40164472,74.21616644
9742,0.9673888839,76.23158669,75.26419781
9743,1.565379349,75.84193156,74.27655221
9744,2.65502966,77.37376586,74.7187362
9745,1.941725254,76.56816023,74.62643498
9746,2.263335315,77.19324344,74.92990812
9747,1.624544256,76.32517837,74.70063412
9748,1.183088806,76.3354887,75.1523999
9749,2.967302664,77.72253396,74.7552313
9750,1.515896229,77.18591679,75.67002056
9751,2.881073778,76.83551982,73.95444604
9752,1.311285409,76.38568545,75.07440004
9753,3.251194033,76.68655457,73.43536053
9754,1.367293605,77.21387754,75.84658393
9755,1.360602772,76.70725462,75.34665185
9756,2.324743863,76.84504885,74.52030498
9757,1.548324858,76.73906484,75.19073999
9758,1.461730794,76.83932276,75.37759197
9759,1.711469348,77.77718646,76.06571711
9760,2.062313735,77.3562881,75.29397436
9761,2.52822215,76.59976171,74.07153956
9762,2.182611013,75.89229236,73.70968134
9763,1.874261345,76.75184424,74.87758289
9764,2.754918501,76.75675417,74.00183567
9765,2.548625444,77.25623799,74.70761255
9766,1.594240168,76.83818422,75.24394405
9767,1.965670596,75.46781024,73.50213964
9768,2.343680642,76.1973949,73.85371426
9769,1.611895084,76.75852709,75.14663201
9770,1.844950183,76.41694895,74.57199877
9771,1.349566037,76.9513617,75.60179566
9772,2.910953219,78.15094685,75.23999363
9773,2.05566501,75.88041585,73.82475084
9774,1.42405902,76.87811243,75.45405341
9775,0.9217756777,77.87251499,76.95073931
9776,2.817074976,76.40735839,73.59028342
9777,1.627901179,76.60528606,74.97738488
9778,3.30671868,75.85542533,72.54870665
9779,0.9706385682,77.1522648,76.18162623
9780,2.363567794,76.98175007,74.61818227
9781,2.208743638,76.03618,73.82743636
9782,1.716546987,75.81421718,74.09767019
9783,1.342630272,76.70673953,75.36410925
9784,3.264902367,76.89966819,73.63476583
9785,1.426473311,76.71820034,75.29172703
9786,1.963841583,76.82897236,74.86513078
9787,2.580008491,76.68975729,74.1097488
9788,1.922433893,77.8272142,75.9047803
9789,1.551119894,75.46371447,73.91259458
9790,1.107460467,76.55176546,75.444305
9791,1.762696926,76.68628707,74.92359014
9792,0.629605935,75.64200928,75.01240335
9793,2.188634784,76.65995638,74.4713216
9794,2.345534327,76.63056455,74.28503022
9795,0.7263254908,77.22065424,76.49432875
9796,3.369577309,76.61163956,73.24206225
9797,1.521470925,75.8910646,74.36959367
9798,2.157351457,76.36622325,74.20887179
9799,1.948801171,76.00791615,74.05911498
9800,2.374670646,77.89763441,75.52296376
9801,1.191889644,75.69638558,74.50449594
9802,2.1177437,76.87758424,74.75984054
9803,3.339803346,77.26558356,73.92578021
9804,1.594061696,76.05942667,74.46536497
9805,2.502117073,77.06115274,74.55903566
9806,0.912645539,77.03336235,76.12071681
9807,1.033965429,76.62897815,75.59501272
9808,1.378300453,76.10789414,74.72959369
9809,2.669492506,76.49696181,73.8274693
9810,3.194090095,76.96999922,73.77590912
9811,1.63512165,76.17298023,74.53785859
9812,0.7827518885,76.4026983,75.61994641
9813,1.675025535,76.45068781,74.77566228
9814,2.363995506,77.42448346,75.06048795
9815,1.869134266,77.2495894,75.38045513
9816,2.69475046,76.39807923,73.70332877
9817,1.846673606,77.51336018,75.66668657
9818,1.420281759,76.89650755,75.47622579
9819,2.504883074,76.39817285,73.89328978
9820,2.552618343,76.80835005,74.2557317
9821,2.39793006,75.99361424,73.59568418
9822,2.527921759,76.88949087,74.36156911
9823,2.648291462,77.30497435,74.65668289
9824,1.767516909,77.65161318,75.88409627
9825,1.000088106,76.47276931,75.4726812
9826,1.536974732,77.20639988,75.66942515
9827,2.528648621,77.36448199,74.83583337
9828,3.0511783,76.07230518,73.02112688
9829,0.9149236218,75.7799318,74.86500818
9830,2.049792109,77.95383424,75.90404213
9831,2.911458183,75.77685466,72.86539648
9832,1.656384981,76.53011972,74.87373474
9833,2.196547114,76.20942297,74.01287585
9834,2.431621736,76.58318016,74.15155843
9835,2.698641722,75.355977,72.65733527
9836,2.305376876,77.04603511,74.74065823
9837,1.291572377,75.827556,74.53598362
9838,2.742250476,76.62553844,73.88328797
9839,0.8663578435,76.84356998,75.97721214
9840,2.221125756,75.55858835,73.3374626
9841,2.063056032,77.61271825,75.54966221
9842,2.5223352,77.18408714,74.66175194
9843,2.622000368,78.0186036,75.39660323
9844,1.239959664,77.77391434,76.53395468
9845,1.746287356,76.41433269,74.66804533
9846,1.93231683,76.45040322,74.51808639
9847,1.975366767,78.39183503,76.41646826
9848,2.159695428,76.19469798,74.03500255
9849,1.377153281,76.99613386,75.61898058
9850,1.469046056,76.47890491,75.00985885
9851,1.264862448,76.29239753,75.02753508
9852,1.88147981,75.75320655,73.87172674
9853,1.967519821,77.47704591,75.50952609
9854,1.743299532,77.11036941,75.36706988
9855,0.6882111399,76.35874474,75.6705336
9856,2.297434902,76.93233539,74.63490048
9857,2.223581092,76.93084956,74.70726847
9858,2.099927819,77.82982256,75.72989475
9859,2.698276454,76.75499469,74.05671824
9860,1.91485436,75.90455302,73.98969866
9861,2.175194908,75.28831169,73.11311679
9862,2.002932677,76.49443404,74.49150137
9863,1.721211008,76.23870781,74.51749681
9864,1.961923992,76.58504139,74.6231174
9865,1.816639529,77.52974806,75.71310853
9866,1.375454415,77.57841446,76.20296004
9867,1.638588986,75.97543582,74.33684683
9868,2.435087901,78.17561913,75.74053123
9869,2.633626292,76.8780069,74.24438061
9870,2.3284178,76.1742002,73.8457824
9871,1.06215604,76.10163479,75.03947875
9872,2.620858241,76.93147469,74.31061645
9873,2.111702169,76.62935621,74.51765404
9874,3.359085056,76.33309216,72.9740071
9875,1.088325637,77.02881948,75.94049384
9876,2.205496345,77.17689378,74.97139744
9877,2.852253976,76.01929369,73.16703971
9878,2.841554347,77.47858074,74.6370264
9879,2.207024548,77.48396973,75.27694518
9880,0.9538111219,75.84963597,74.89582485
9881,2.849339622,77.53224955,74.68290993
9882,1.143343474,76.65982882,75.51648535
9883,0.7393050944,76.89474353,76.15543843
9884,2.216661978,77.805572,75.58891002
9885,1.621323975,76.61197398,74.99065001
9886,1.488723912,76.29414835,74.80542444
9887,1.436383266,75.93192189,74.49553862
9888,2.376566685,76.40159838,74.0250317
9889,2.24303708,76.74581887,74.50278179
9890,1.390503804,76.01763203,74.62712823
9891,1.877654508,76.22730835,74.34965385
9892,1.610174044,75.61033159,74.00015755
9893,2.241944469,76.96218842,74.72024395
9894,1.35374679,76.03322113,74.67947434
9895,3.143892541,76.69259369,73.54870115
9896,0.9297430054,75.46158262,74.53183961
9897,2.564377239,77.36810533,74.8037281
9898,2.135022065,76.69195482,74.55693276
9899,1.487511626,76.97708501,75.48957339
9900,3.007557454,76.75010773,73.74255027
9901,0.9149553413,76.7017942,75.78683886
9902,1.173382448,77.02824402,75.85486157
9903,2.237378703,76.27728221,74.03990351
9904,3.081229285,75.77775587,72.69652658
9905,2.236135425,75.89994477,73.66380934
9906,2.977869721,76.63086636,73.65299663
9907,2.390283451,77.27905633,74.88877288
9908,1.633983141,76.01193942,74.37795628
9909,1.448404383,76.24274139,74.79433701
9910,2.905255943,77.94649951,75.04124357
9911,1.14176934,75.84777978,74.70601044
9912,2.844008325,76.09456186,73.25055353
9913,2.111910429,75.93257305,73.82066262
9914,2.353510161,76.14950183,73.79599167
9915,1.883413535,76.68777463,74.80436109
9916,2.329175407,76.55062529,74.22144988
9917,2.136251465,76.45364527,74.31739381
9918,1.325913044,76.47351457,75.14760152
9919,3.304569834,77.13690219,73.83233235
9920,2.203918972,76.55838807,74.3544691
9921,0.9704566139,75.6855549,74.71509828
9922,3.109916901,78.04664171,74.93672481
9923,1.16649827,76.14294386,74.97644559
9924,2.633909813,76.72696569,74.09305588
9925,1.627018037,76.06240732,74.43538928
9926,1.083231581,77.09905597,76.01582439
9927,1.340750746,76.3646193,75.02386856
9928,2.507855836,75.9052067,73.39735087
9929,2.186704558,76.9245601,74.73785554
9930,1.558216934,75.58489963,74.02668269
9931,2.30502119,76.65467397,74.34965278
9932,2.434550205,78.20538269,75.77083248
9933,2.121629047,77.72503023,75.60340118
9934,2.011010986,75.68364252,73.67263154
9935,2.918923388,76.61460178,73.69567839
9936,2.640878337,76.19069088,73.54981254
9937,2.306832301,77.73050599,75.42367369
9938,1.273045807,77.37418375,76.10113794
9939,2.637573544,77.06097542,74.42340188
9940,1.22242851,76.87954486,75.65711635
9941,1.115752986,77.56492759,76.44917461
9942,1.06024596,75.71484521,74.65459925
9943,3.205667825,76.38872736,73.18305953
9944,1.257597855,77.8996409,76.64204304
9945,2.794980983,77.40533986,74.61035888
9946,1.749398728,76.89138949,75.14199077
9947,2.549616306,77.14371356,74.59409726
9948,1.957009301,76.64765985,74.69065054
9949,2.025671196,78.45625131,76.43058011
9950,2.638746681,76.49735686,73.85861018
9951,2.166445088,77.44679519,75.2803501
9952,3.10795609,75.94958467,72.84162858
9953,0.7556966758,75.85381204,75.09811537
9954,2.213568675,75.85944558,73.6458769
9955,0.7742918725,77.70240176,76.92810988
9956,2.4528205,76.17213832,73.71931782
9957,2.070659027,76.15060989,74.07995086
9958,2.953952657,77.02030585,74.0663532
9959,2.594935677,76.79256038,74.19762471
9960,2.625028263,76.26940538,73.64437712
9961,2.085169861,76.35369631,74.26852645
9962,2.04765368,76.35935063,74.31169695
9963,1.933748959,77.10399725,75.17024829
9964,2.355558201,76.87533399,74.51977579
9965,2.418682474,78.13087126,75.71218879
9966,1.603422611,76.94261941,75.3391968
9967,2.605511348,76.29135209,73.68584074
9968,1.231571149,76.30131321,75.06974206
9969,2.335854775,75.90395126,73.56809649
9970,1.917154709,76.5917375,74.67458279
9971,2.023915847,76.96470038,74.94078453
9972,2.586585492,76.34468939,73.7581039
9973,1.328586933,76.17736411,74.84877717
9974,1.813199127,75.65113161,73.83793248
9975,1.075034143,75.79640686,74.72137272
9976,1.528643844,75.84094742,74.31230358
9977,2.478032425,76.81414755,74.33611513
9978,1.093621632,75.73200162,74.63837999
9979,1.392253983,77.07389107,75.68163708
9980,1.691269372,75.88313874,74.19186937
9981,2.604566137,76.34712545,73.74255932
9982,2.013856418,77.1202168,75.10636038
9983,2.003170418,75.90037599,73.89720557
9984,2.418344135,76.39080568,73.97246154
9985,2.92346149,77.12262976,74.19916827
9986,2.485005291,76.41781811,73.93281282
9987,2.61473976,76.81721812,74.20247836
9988,1.97259603,77.3307208,75.35812477
9989,1.847716813,76.86654779,75.01883098
9990,2.374492852,78.05368624,75.67919338
9991,1.870478223,76.54437815,74.67389993
9992,2.022364218,77.02226073,74.99989652
9993,2.33003375,76.83333846,74.50330471
9994,2.807515783,76.74766815,73.94015237
9995,3.012278701,77.05481548,74.04253678
9996,1.231163571,76.69412433,75.46296076
9997,1.706325105,76.77292849,75.06660339
9998,2.278353286,77.50506696,75.22671367
9999,3.549671283,76.89389747,73.34422619
